datetime_utc,location_id,location_name,latitude,longitude,CO mass µg/m³,NO₂ mass µg/m³,O₃ mass µg/m³,PM2.5 µg/m³,SO₂ mass µg/m³
2024-01-29 07:00:00+00:00,2161309,Pháp Vân,20.9481,105.8493,1137.8,16.9,,48.8,
2024-01-29 08:00:00+00:00,2161309,Pháp Vân,20.9481,105.8493,1097.0,16.8,,55.4,
2024-01-29 22:00:00+00:00,2161309,Pháp Vân,20.9481,105.8493,699.8,14.6,,58.0,
2024-01-29 23:00:00+00:00,2161309,Pháp Vân,20.9481,105.8493,927.9,12.6,,64.4,
2024-01-30 00:00:00+00:00,2161309,Pháp Vân,20.9481,105.8493,1486.9,12.7,,61.5,
2024-01-30 01:00:00+00:00,2161309,Pháp Vân,20.9481,105.8493,1744.2,10.9,,57.9,
2024-01-30 02:00:00+00:00,2161309,Pháp Vân,20.9481,105.8493,2117.4,13.9,,59.1,
2024-01-30 03:00:00+00:00,2161309,Pháp Vân,20.9481,105.8493,1630.2,17.1,,62.1,
2024-01-30 04:00:00+00:00,2161309,Pháp Vân,20.9481,105.8493,1639.8,20.8,,67.0,
2024-01-30 05:00:00+00:00,2161309,Pháp Vân,20.9481,105.8493,1824.0,22.0,,71.7,
2024-01-30 06:00:00+00:00,2161309,Pháp Vân,20.9481,105.8493,1887.3,23.8,,88.8,
2024-01-30 07:00:00+00:00,2161309,Pháp Vân,20.9481,105.8493,2414.9,32.2,,85.2,
2024-01-30 08:00:00+00:00,2161309,Pháp Vân,20.9481,105.8493,1789.0,30.4,,83.2,
2024-01-30 09:00:00+00:00,2161309,Pháp Vân,20.9481,105.8493,1586.1,28.4,,84.7,
2024-01-30 10:00:00+00:00,2161309,Pháp Vân,20.9481,105.8493,1372.0,29.0,,85.9,
2024-01-30 11:00:00+00:00,2161309,Pháp Vân,20.9481,105.8493,2210.8,36.5,,93.3,
2024-01-30 12:00:00+00:00,2161309,Pháp Vân,20.9481,105.8493,2546.2,36.5,,96.9,
2024-01-30 13:00:00+00:00,2161309,Pháp Vân,20.9481,105.8493,2647.7,33.2,,101.7,
2024-01-30 14:00:00+00:00,2161309,Pháp Vân,20.9481,105.8493,2663.3,27.1,,104.4,
2024-01-30 15:00:00+00:00,2161309,Pháp Vân,20.9481,105.8493,2639.2,27.3,,101.0,
2024-01-30 16:00:00+00:00,2161309,Pháp Vân,20.9481,105.8493,1669.3,23.5,,86.0,
2024-01-30 17:00:00+00:00,2161309,Pháp Vân,20.9481,105.8493,1533.5,20.2,,89.5,
2024-01-30 18:00:00+00:00,2161309,Pháp Vân,20.9481,105.8493,1430.7,18.6,,89.0,
2024-01-30 19:00:00+00:00,2161309,Pháp Vân,20.9481,105.8493,1565.8,19.4,,85.7,
2024-01-30 20:00:00+00:00,2161309,Pháp Vân,20.9481,105.8493,1427.4,16.4,,80.7,
2024-01-30 21:00:00+00:00,2161309,Pháp Vân,20.9481,105.8493,1111.7,15.7,,82.3,
2024-01-30 22:00:00+00:00,2161309,Pháp Vân,20.9481,105.8493,1254.8,14.1,,85.4,
2024-01-30 23:00:00+00:00,2161309,Pháp Vân,20.9481,105.8493,1215.2,12.0,,74.5,
2024-01-31 00:00:00+00:00,2161309,Pháp Vân,20.9481,105.8493,1566.9,11.7,,51.7,
2024-01-31 01:00:00+00:00,2161309,Pháp Vân,20.9481,105.8493,3171.4,12.0,,48.3,
2024-01-31 02:00:00+00:00,2161309,Pháp Vân,20.9481,105.8493,2447.0,13.4,,42.4,
2024-01-31 03:00:00+00:00,2161309,Pháp Vân,20.9481,105.8493,1903.3,15.0,,42.2,
2024-01-31 04:00:00+00:00,2161309,Pháp Vân,20.9481,105.8493,1638.9,17.1,,41.9,
2024-01-31 05:00:00+00:00,2161309,Pháp Vân,20.9481,105.8493,1893.8,24.7,,49.6,
2024-01-31 06:00:00+00:00,2161309,Pháp Vân,20.9481,105.8493,1781.0,27.4,,61.2,
2024-01-31 07:00:00+00:00,2161309,Pháp Vân,20.9481,105.8493,1847.5,30.0,,67.2,
2024-01-31 08:00:00+00:00,2161309,Pháp Vân,20.9481,105.8493,1974.7,34.6,,72.6,
2024-01-31 09:00:00+00:00,2161309,Pháp Vân,20.9481,105.8493,1809.4,28.3,,80.5,
2024-01-31 10:00:00+00:00,2161309,Pháp Vân,20.9481,105.8493,1891.6,25.3,,88.6,
2024-01-31 11:00:00+00:00,2161309,Pháp Vân,20.9481,105.8493,2124.9,24.3,,99.0,
2024-01-31 12:00:00+00:00,2161309,Pháp Vân,20.9481,105.8493,2278.2,22.7,,111.6,
2024-01-31 13:00:00+00:00,2161309,Pháp Vân,20.9481,105.8493,2412.2,24.9,,120.6,
2024-01-31 14:00:00+00:00,2161309,Pháp Vân,20.9481,105.8493,2964.7,24.8,,126.1,
2024-01-31 15:00:00+00:00,2161309,Pháp Vân,20.9481,105.8493,3358.3,22.5,,132.7,
2024-01-31 16:00:00+00:00,2161309,Pháp Vân,20.9481,105.8493,2557.3,21.3,,129.1,
2024-01-31 17:00:00+00:00,2161309,Pháp Vân,20.9481,105.8493,1772.7,17.4,,122.4,
2024-01-31 18:00:00+00:00,2161309,Pháp Vân,20.9481,105.8493,1916.8,15.6,,124.6,
2024-01-31 19:00:00+00:00,2161309,Pháp Vân,20.9481,105.8493,2397.9,17.2,,129.1,
2024-01-31 20:00:00+00:00,2161309,Pháp Vân,20.9481,105.8493,4092.0,24.4,,127.9,
2024-01-31 21:00:00+00:00,2161309,Pháp Vân,20.9481,105.8493,2913.2,22.0,,118.6,
2024-01-31 22:00:00+00:00,2161309,Pháp Vân,20.9481,105.8493,2385.4,17.2,,128.3,
2024-01-31 23:00:00+00:00,2161309,Pháp Vân,20.9481,105.8493,2058.7,14.2,,125.4,
2024-02-02 15:00:00+00:00,2161309,Pháp Vân,20.9481,105.8493,3761.3,7.2,,26.1,
2024-02-02 16:00:00+00:00,2161309,Pháp Vân,20.9481,105.8493,532.2,10.7,,26.0,
2024-02-02 17:00:00+00:00,2161309,Pháp Vân,20.9481,105.8493,197.6,12.3,,28.2,
2024-02-02 18:00:00+00:00,2161309,Pháp Vân,20.9481,105.8493,82.6,10.9,,23.2,
2024-02-02 19:00:00+00:00,2161309,Pháp Vân,20.9481,105.8493,79.1,7.8,,23.2,
2024-02-02 20:00:00+00:00,2161309,Pháp Vân,20.9481,105.8493,67.8,9.2,,21.3,
2024-02-02 21:00:00+00:00,2161309,Pháp Vân,20.9481,105.8493,61.8,6.5,,18.3,
2024-02-02 22:00:00+00:00,2161309,Pháp Vân,20.9481,105.8493,47.8,7.5,,16.6,
2024-02-02 23:00:00+00:00,2161309,Pháp Vân,20.9481,105.8493,631.3,10.0,,22.0,
2024-02-03 00:00:00+00:00,2161309,Pháp Vân,20.9481,105.8493,1031.2,10.7,,26.0,
2024-02-03 01:00:00+00:00,2161309,Pháp Vân,20.9481,105.8493,898.3,9.6,,20.5,
2024-02-03 02:00:00+00:00,2161309,Pháp Vân,20.9481,105.8493,661.0,9.1,,22.9,
2024-02-03 03:00:00+00:00,2161309,Pháp Vân,20.9481,105.8493,1415.3,7.7,,19.7,
2024-02-03 04:00:00+00:00,2161309,Pháp Vân,20.9481,105.8493,4437.3,7.6,,19.7,
2024-02-03 05:00:00+00:00,2161309,Pháp Vân,20.9481,105.8493,2086.2,8.4,,26.2,
2024-02-03 06:00:00+00:00,2161309,Pháp Vân,20.9481,105.8493,1546.0,6.9,,29.7,
2024-02-03 07:00:00+00:00,2161309,Pháp Vân,20.9481,105.8493,1063.1,6.1,,23.8,
2024-02-03 08:00:00+00:00,2161309,Pháp Vân,20.9481,105.8493,3390.8,7.6,,22.1,
2024-02-03 09:00:00+00:00,2161309,Pháp Vân,20.9481,105.8493,5087.1,8.3,,25.5,
2024-02-03 10:00:00+00:00,2161309,Pháp Vân,20.9481,105.8493,4714.0,10.8,,29.8,
2024-02-03 11:00:00+00:00,2161309,Pháp Vân,20.9481,105.8493,4107.9,9.7,,31.4,
2024-02-03 12:00:00+00:00,2161309,Pháp Vân,20.9481,105.8493,4518.5,9.5,,34.7,
2024-02-03 13:00:00+00:00,2161309,Pháp Vân,20.9481,105.8493,3352.8,8.8,,29.8,
2024-02-03 14:00:00+00:00,2161309,Pháp Vân,20.9481,105.8493,3468.5,9.3,,30.7,
2024-02-03 15:00:00+00:00,2161309,Pháp Vân,20.9481,105.8493,,9.1,,24.0,
2024-02-03 16:00:00+00:00,2161309,Pháp Vân,20.9481,105.8493,239.8,8.6,,25.0,
2024-02-03 17:00:00+00:00,2161309,Pháp Vân,20.9481,105.8493,134.4,6.9,,23.7,
2024-02-03 18:00:00+00:00,2161309,Pháp Vân,20.9481,105.8493,278.4,5.2,,23.1,
2024-02-03 19:00:00+00:00,2161309,Pháp Vân,20.9481,105.8493,24.3,4.5,,20.2,
2024-02-03 20:00:00+00:00,2161309,Pháp Vân,20.9481,105.8493,89.5,12.1,,17.1,
2024-02-03 21:00:00+00:00,2161309,Pháp Vân,20.9481,105.8493,69.0,10.8,,16.8,
2024-02-03 22:00:00+00:00,2161309,Pháp Vân,20.9481,105.8493,62.6,6.5,,19.5,
2024-02-03 23:00:00+00:00,2161309,Pháp Vân,20.9481,105.8493,105.1,11.7,,24.9,
2024-02-04 00:00:00+00:00,2161309,Pháp Vân,20.9481,105.8493,178.5,8.3,,41.0,
2024-02-04 01:00:00+00:00,2161309,Pháp Vân,20.9481,105.8493,282.3,10.8,,39.4,
2024-02-04 02:00:00+00:00,2161309,Pháp Vân,20.9481,105.8493,899.7,8.1,,35.4,
2024-02-04 03:00:00+00:00,2161309,Pháp Vân,20.9481,105.8493,1112.2,7.5,,38.8,
2024-02-04 04:00:00+00:00,2161309,Pháp Vân,20.9481,105.8493,1492.6,7.5,,41.2,
2024-02-04 05:00:00+00:00,2161309,Pháp Vân,20.9481,105.8493,477.4,10.8,,36.9,
2024-02-04 06:00:00+00:00,2161309,Pháp Vân,20.9481,105.8493,487.3,11.7,,28.7,
2024-02-04 07:00:00+00:00,2161309,Pháp Vân,20.9481,105.8493,361.3,10.5,,21.6,
2024-02-04 08:00:00+00:00,2161309,Pháp Vân,20.9481,105.8493,428.2,11.6,,25.7,
2024-02-04 09:00:00+00:00,2161309,Pháp Vân,20.9481,105.8493,474.8,10.2,,30.5,
2024-02-04 10:00:00+00:00,2161309,Pháp Vân,20.9481,105.8493,458.1,9.9,,21.9,
2024-02-04 11:00:00+00:00,2161309,Pháp Vân,20.9481,105.8493,6168.2,8.4,,25.0,
2024-02-04 12:00:00+00:00,2161309,Pháp Vân,20.9481,105.8493,6790.2,6.5,,27.6,
2024-02-04 13:00:00+00:00,2161309,Pháp Vân,20.9481,105.8493,,6.2,,27.4,
2024-02-04 14:00:00+00:00,2161309,Pháp Vân,20.9481,105.8493,7335.8,5.7,,28.9,
2024-02-04 15:00:00+00:00,2161309,Pháp Vân,20.9481,105.8493,4051.3,6.3,,28.6,
2024-02-04 16:00:00+00:00,2161309,Pháp Vân,20.9481,105.8493,4398.5,5.7,,29.1,
2024-02-04 17:00:00+00:00,2161309,Pháp Vân,20.9481,105.8493,626.1,4.8,,24.1,
2024-02-04 18:00:00+00:00,2161309,Pháp Vân,20.9481,105.8493,491.0,4.9,,25.9,
2024-02-04 19:00:00+00:00,2161309,Pháp Vân,20.9481,105.8493,578.6,4.5,,29.6,
2024-02-04 20:00:00+00:00,2161309,Pháp Vân,20.9481,105.8493,85.5,4.9,,36.5,
2024-02-04 21:00:00+00:00,2161309,Pháp Vân,20.9481,105.8493,45.8,4.3,,27.2,
2024-02-04 22:00:00+00:00,2161309,Pháp Vân,20.9481,105.8493,260.7,4.4,,29.6,
2024-02-04 23:00:00+00:00,2161309,Pháp Vân,20.9481,105.8493,148.6,5.4,,33.8,
2024-02-05 00:00:00+00:00,2161309,Pháp Vân,20.9481,105.8493,300.8,6.6,,33.1,
2024-02-05 01:00:00+00:00,2161309,Pháp Vân,20.9481,105.8493,594.5,6.5,,27.4,
2024-02-05 02:00:00+00:00,2161309,Pháp Vân,20.9481,105.8493,2205.5,7.3,,28.5,
2024-02-05 03:00:00+00:00,2161309,Pháp Vân,20.9481,105.8493,1375.6,7.9,,28.5,
2024-02-05 04:00:00+00:00,2161309,Pháp Vân,20.9481,105.8493,1047.1,7.9,,39.4,
2024-02-05 05:00:00+00:00,2161309,Pháp Vân,20.9481,105.8493,714.1,8.7,,39.2,
2024-02-05 06:00:00+00:00,2161309,Pháp Vân,20.9481,105.8493,490.8,7.6,,33.1,
2024-02-05 07:00:00+00:00,2161309,Pháp Vân,20.9481,105.8493,543.9,7.9,,35.3,
2024-02-05 08:00:00+00:00,2161309,Pháp Vân,20.9481,105.8493,493.5,7.3,,34.6,
2024-02-05 09:00:00+00:00,2161309,Pháp Vân,20.9481,105.8493,522.8,9.9,,35.5,
2024-02-05 10:00:00+00:00,2161309,Pháp Vân,20.9481,105.8493,1429.8,9.6,,40.8,
2024-02-05 11:00:00+00:00,2161309,Pháp Vân,20.9481,105.8493,3686.1,6.6,,32.3,
2024-02-05 12:00:00+00:00,2161309,Pháp Vân,20.9481,105.8493,2489.6,5.7,,39.2,
2024-02-05 13:00:00+00:00,2161309,Pháp Vân,20.9481,105.8493,1662.2,5.8,,41.4,
2024-02-05 14:00:00+00:00,2161309,Pháp Vân,20.9481,105.8493,3467.1,8.1,,49.0,
2024-02-05 15:00:00+00:00,2161309,Pháp Vân,20.9481,105.8493,2169.0,8.6,,47.4,
2024-02-05 16:00:00+00:00,2161309,Pháp Vân,20.9481,105.8493,880.2,7.9,,44.1,
2024-02-05 17:00:00+00:00,2161309,Pháp Vân,20.9481,105.8493,945.7,6.7,,55.6,
2024-02-05 18:00:00+00:00,2161309,Pháp Vân,20.9481,105.8493,487.7,7.2,,49.4,
2024-02-05 19:00:00+00:00,2161309,Pháp Vân,20.9481,105.8493,485.1,7.1,,51.1,
2024-02-05 20:00:00+00:00,2161309,Pháp Vân,20.9481,105.8493,,7.0,,45.3,
2024-02-05 21:00:00+00:00,2161309,Pháp Vân,20.9481,105.8493,457.3,5.3,,31.9,
2024-02-05 23:00:00+00:00,2161309,Pháp Vân,20.9481,105.8493,413.2,5.2,,27.5,
2024-02-06 00:00:00+00:00,2161309,Pháp Vân,20.9481,105.8493,452.5,5.8,,30.7,
2024-02-06 01:00:00+00:00,2161309,Pháp Vân,20.9481,105.8493,828.9,6.6,,27.7,
2024-02-06 02:00:00+00:00,2161309,Pháp Vân,20.9481,105.8493,648.2,6.9,,28.7,
2024-02-06 03:00:00+00:00,2161309,Pháp Vân,20.9481,105.8493,839.3,7.1,,31.0,
2024-02-06 04:00:00+00:00,2161309,Pháp Vân,20.9481,105.8493,833.5,6.8,,32.6,
2024-02-06 05:00:00+00:00,2161309,Pháp Vân,20.9481,105.8493,863.1,7.5,,40.3,
2024-02-06 06:00:00+00:00,2161309,Pháp Vân,20.9481,105.8493,931.1,8.1,,36.7,
2024-02-06 07:00:00+00:00,2161309,Pháp Vân,20.9481,105.8493,683.5,8.6,,38.2,
2024-02-06 08:00:00+00:00,2161309,Pháp Vân,20.9481,105.8493,1028.9,9.8,,38.4,
2024-02-06 09:00:00+00:00,2161309,Pháp Vân,20.9481,105.8493,1467.0,8.9,,35.8,
2024-02-06 10:00:00+00:00,2161309,Pháp Vân,20.9481,105.8493,2990.0,7.9,,42.7,
2024-02-06 11:00:00+00:00,2161309,Pháp Vân,20.9481,105.8493,2306.0,8.4,,58.9,
2024-02-06 12:00:00+00:00,2161309,Pháp Vân,20.9481,105.8493,983.3,7.7,,54.3,
2024-02-06 13:00:00+00:00,2161309,Pháp Vân,20.9481,105.8493,694.5,8.6,,50.9,
2024-02-06 14:00:00+00:00,2161309,Pháp Vân,20.9481,105.8493,815.6,7.2,,52.3,
2024-02-06 15:00:00+00:00,2161309,Pháp Vân,20.9481,105.8493,563.5,6.6,,45.6,
2024-02-06 16:00:00+00:00,2161309,Pháp Vân,20.9481,105.8493,553.0,7.1,,48.5,
2024-02-06 17:00:00+00:00,2161309,Pháp Vân,20.9481,105.8493,537.2,7.3,,45.2,
2024-02-06 18:00:00+00:00,2161309,Pháp Vân,20.9481,105.8493,502.3,5.8,,45.7,
2024-02-06 19:00:00+00:00,2161309,Pháp Vân,20.9481,105.8493,487.2,5.6,,47.8,
2024-02-06 20:00:00+00:00,2161309,Pháp Vân,20.9481,105.8493,457.2,6.7,,44.6,
2024-02-06 21:00:00+00:00,2161309,Pháp Vân,20.9481,105.8493,706.0,7.8,,44.4,
2024-02-06 22:00:00+00:00,2161309,Pháp Vân,20.9481,105.8493,589.4,6.7,,36.9,
2024-02-06 23:00:00+00:00,2161309,Pháp Vân,20.9481,105.8493,555.7,6.1,,29.5,
2024-02-07 00:00:00+00:00,2161309,Pháp Vân,20.9481,105.8493,573.8,6.0,,32.0,
2024-02-07 01:00:00+00:00,2161309,Pháp Vân,20.9481,105.8493,605.0,5.4,,29.4,
2024-02-07 02:00:00+00:00,2161309,Pháp Vân,20.9481,105.8493,677.9,5.3,,26.6,
2024-02-07 03:00:00+00:00,2161309,Pháp Vân,20.9481,105.8493,791.5,6.6,,30.3,
2024-02-07 04:00:00+00:00,2161309,Pháp Vân,20.9481,105.8493,823.3,7.1,,33.9,
2024-02-07 05:00:00+00:00,2161309,Pháp Vân,20.9481,105.8493,771.2,6.7,,31.4,
2024-02-07 06:00:00+00:00,2161309,Pháp Vân,20.9481,105.8493,744.5,7.2,,32.5,
2024-02-07 07:00:00+00:00,2161309,Pháp Vân,20.9481,105.8493,728.4,6.5,,33.1,
2024-02-07 08:00:00+00:00,2161309,Pháp Vân,20.9481,105.8493,644.5,6.9,,29.2,
2024-02-07 09:00:00+00:00,2161309,Pháp Vân,20.9481,105.8493,749.2,7.8,,39.0,
2024-02-07 10:00:00+00:00,2161309,Pháp Vân,20.9481,105.8493,812.5,9.5,,37.7,
2024-02-07 11:00:00+00:00,2161309,Pháp Vân,20.9481,105.8493,821.4,10.3,,36.2,
2024-02-07 12:00:00+00:00,2161309,Pháp Vân,20.9481,105.8493,775.3,7.7,,34.3,
2024-02-07 13:00:00+00:00,2161309,Pháp Vân,20.9481,105.8493,627.1,5.9,,30.4,
2024-02-07 14:00:00+00:00,2161309,Pháp Vân,20.9481,105.8493,553.0,4.8,,31.2,
2024-02-07 15:00:00+00:00,2161309,Pháp Vân,20.9481,105.8493,465.8,4.3,,27.3,
2024-02-07 16:00:00+00:00,2161309,Pháp Vân,20.9481,105.8493,410.2,3.9,,24.7,
2024-02-07 17:00:00+00:00,2161309,Pháp Vân,20.9481,105.8493,364.6,3.7,,20.4,
2024-02-07 18:00:00+00:00,2161309,Pháp Vân,20.9481,105.8493,379.8,10.2,,16.7,
2024-02-07 19:00:00+00:00,2161309,Pháp Vân,20.9481,105.8493,331.5,3.1,,16.8,
2024-02-07 20:00:00+00:00,2161309,Pháp Vân,20.9481,105.8493,422.3,7.9,,13.8,
2024-02-07 21:00:00+00:00,2161309,Pháp Vân,20.9481,105.8493,412.8,10.5,,10.5,
2024-02-07 22:00:00+00:00,2161309,Pháp Vân,20.9481,105.8493,341.5,6.7,,10.2,
2024-02-07 23:00:00+00:00,2161309,Pháp Vân,20.9481,105.8493,410.4,5.2,,9.6,
2024-02-08 00:00:00+00:00,2161309,Pháp Vân,20.9481,105.8493,346.2,5.2,,8.2,
2024-02-08 01:00:00+00:00,2161309,Pháp Vân,20.9481,105.8493,389.7,5.4,,7.5,
2024-02-08 02:00:00+00:00,2161309,Pháp Vân,20.9481,105.8493,481.8,11.7,,7.9,
2024-02-08 03:00:00+00:00,2161309,Pháp Vân,20.9481,105.8493,502.1,15.4,,9.9,
2024-02-08 04:00:00+00:00,2161309,Pháp Vân,20.9481,105.8493,482.5,3.0,,11.9,
2024-02-08 05:00:00+00:00,2161309,Pháp Vân,20.9481,105.8493,510.8,3.3,,14.1,
2024-02-08 06:00:00+00:00,2161309,Pháp Vân,20.9481,105.8493,523.5,3.5,,16.4,
2024-02-08 07:00:00+00:00,2161309,Pháp Vân,20.9481,105.8493,518.8,3.7,,17.5,
2024-02-08 08:00:00+00:00,2161309,Pháp Vân,20.9481,105.8493,490.6,4.2,,15.7,
2024-02-08 09:00:00+00:00,2161309,Pháp Vân,20.9481,105.8493,491.1,4.7,,18.3,
2024-02-08 10:00:00+00:00,2161309,Pháp Vân,20.9481,105.8493,510.2,5.4,,21.9,
2024-02-08 11:00:00+00:00,2161309,Pháp Vân,20.9481,105.8493,499.8,4.7,,26.9,
2024-02-08 12:00:00+00:00,2161309,Pháp Vân,20.9481,105.8493,445.3,4.3,,24.7,
2024-02-08 13:00:00+00:00,2161309,Pháp Vân,20.9481,105.8493,418.9,3.8,,24.9,
2024-02-08 14:00:00+00:00,2161309,Pháp Vân,20.9481,105.8493,436.8,3.5,,27.0,
2024-02-08 15:00:00+00:00,2161309,Pháp Vân,20.9481,105.8493,438.3,3.6,,28.0,
2024-02-08 16:00:00+00:00,2161309,Pháp Vân,20.9481,105.8493,348.8,2.8,,20.9,
2024-02-08 17:00:00+00:00,2161309,Pháp Vân,20.9481,105.8493,316.5,2.7,,18.7,
2024-02-08 18:00:00+00:00,2161309,Pháp Vân,20.9481,105.8493,326.1,2.5,,19.5,
2024-02-08 19:00:00+00:00,2161309,Pháp Vân,20.9481,105.8493,302.2,2.4,,19.4,
2024-02-08 20:00:00+00:00,2161309,Pháp Vân,20.9481,105.8493,267.9,2.2,,18.1,
2024-02-08 21:00:00+00:00,2161309,Pháp Vân,20.9481,105.8493,265.4,9.9,,17.1,
2024-02-08 22:00:00+00:00,2161309,Pháp Vân,20.9481,105.8493,240.8,2.3,,14.1,
2024-02-08 23:00:00+00:00,2161309,Pháp Vân,20.9481,105.8493,246.9,2.3,,12.5,
2024-02-09 00:00:00+00:00,2161309,Pháp Vân,20.9481,105.8493,367.9,12.5,,13.0,
2024-02-09 01:00:00+00:00,2161309,Pháp Vân,20.9481,105.8493,390.1,7.8,,46.3,
2024-02-09 02:00:00+00:00,2161309,Pháp Vân,20.9481,105.8493,502.0,5.8,,23.4,
2024-02-09 03:00:00+00:00,2161309,Pháp Vân,20.9481,105.8493,436.2,3.0,,19.7,
2024-02-09 04:00:00+00:00,2161309,Pháp Vân,20.9481,105.8493,381.1,2.7,,17.8,
2024-02-09 05:00:00+00:00,2161309,Pháp Vân,20.9481,105.8493,433.4,3.5,,23.7,
2024-02-09 06:00:00+00:00,2161309,Pháp Vân,20.9481,105.8493,516.7,4.4,,23.1,
2024-02-09 07:00:00+00:00,2161309,Pháp Vân,20.9481,105.8493,650.8,4.4,,21.4,
2024-02-09 08:00:00+00:00,2161309,Pháp Vân,20.9481,105.8493,545.2,4.4,,20.9,
2024-02-09 09:00:00+00:00,2161309,Pháp Vân,20.9481,105.8493,675.9,5.2,,21.3,
2024-02-09 10:00:00+00:00,2161309,Pháp Vân,20.9481,105.8493,922.1,6.5,,35.4,
2024-02-09 11:00:00+00:00,2161309,Pháp Vân,20.9481,105.8493,852.3,7.4,,33.2,
2024-02-09 12:00:00+00:00,2161309,Pháp Vân,20.9481,105.8493,1019.3,7.8,,37.5,
2024-02-09 13:00:00+00:00,2161309,Pháp Vân,20.9481,105.8493,810.0,6.2,,34.6,
2024-02-09 14:00:00+00:00,2161309,Pháp Vân,20.9481,105.8493,956.1,8.4,,39.3,
2024-02-09 15:00:00+00:00,2161309,Pháp Vân,20.9481,105.8493,1103.9,9.5,,46.9,
2024-02-09 16:00:00+00:00,2161309,Pháp Vân,20.9481,105.8493,1568.2,10.9,,49.5,
2024-02-09 17:00:00+00:00,2161309,Pháp Vân,20.9481,105.8493,1337.0,9.7,,46.5,
2024-02-09 18:00:00+00:00,2161309,Pháp Vân,20.9481,105.8493,1557.6,10.7,,72.0,
2024-02-09 19:00:00+00:00,2161309,Pháp Vân,20.9481,105.8493,1423.6,11.2,,102.9,
2024-02-09 20:00:00+00:00,2161309,Pháp Vân,20.9481,105.8493,1399.6,9.5,,110.1,
2024-02-09 21:00:00+00:00,2161309,Pháp Vân,20.9481,105.8493,1567.7,8.8,,99.3,
2024-02-09 22:00:00+00:00,2161309,Pháp Vân,20.9481,105.8493,748.3,5.6,,56.1,
2024-02-09 23:00:00+00:00,2161309,Pháp Vân,20.9481,105.8493,472.9,3.9,,42.2,
2024-02-10 00:00:00+00:00,2161309,Pháp Vân,20.9481,105.8493,518.0,4.0,,46.9,
2024-02-10 01:00:00+00:00,2161309,Pháp Vân,20.9481,105.8493,528.6,4.1,,52.1,
2024-02-10 02:00:00+00:00,2161309,Pháp Vân,20.9481,105.8493,472.5,3.7,,43.0,
2024-02-10 03:00:00+00:00,2161309,Pháp Vân,20.9481,105.8493,453.5,3.2,,36.7,
2024-02-10 04:00:00+00:00,2161309,Pháp Vân,20.9481,105.8493,434.0,3.6,,27.4,
2024-02-10 05:00:00+00:00,2161309,Pháp Vân,20.9481,105.8493,453.6,4.6,,22.3,
2024-02-10 06:00:00+00:00,2161309,Pháp Vân,20.9481,105.8493,569.9,5.4,,25.5,
2024-02-10 07:00:00+00:00,2161309,Pháp Vân,20.9481,105.8493,620.5,5.6,,20.6,
2024-02-10 08:00:00+00:00,2161309,Pháp Vân,20.9481,105.8493,604.1,5.5,,19.6,
2024-02-10 09:00:00+00:00,2161309,Pháp Vân,20.9481,105.8493,685.7,5.8,,27.5,
2024-02-10 10:00:00+00:00,2161309,Pháp Vân,20.9481,105.8493,728.9,5.5,,32.5,
2024-02-10 11:00:00+00:00,2161309,Pháp Vân,20.9481,105.8493,857.7,6.4,,30.8,
2024-02-10 12:00:00+00:00,2161309,Pháp Vân,20.9481,105.8493,1271.0,11.1,,33.9,
2024-02-10 13:00:00+00:00,2161309,Pháp Vân,20.9481,105.8493,1485.1,13.7,,36.2,
2024-02-10 14:00:00+00:00,2161309,Pháp Vân,20.9481,105.8493,1026.5,10.0,,28.8,
2024-02-10 15:00:00+00:00,2161309,Pháp Vân,20.9481,105.8493,928.6,9.5,,28.2,
2024-02-10 16:00:00+00:00,2161309,Pháp Vân,20.9481,105.8493,909.0,10.0,,30.0,
2024-02-10 17:00:00+00:00,2161309,Pháp Vân,20.9481,105.8493,948.2,10.9,,31.9,
2024-02-10 18:00:00+00:00,2161309,Pháp Vân,20.9481,105.8493,843.9,9.6,,31.9,
2024-02-10 19:00:00+00:00,2161309,Pháp Vân,20.9481,105.8493,635.1,6.8,,29.6,
2024-02-10 20:00:00+00:00,2161309,Pháp Vân,20.9481,105.8493,445.1,4.2,,24.4,
2024-02-10 21:00:00+00:00,2161309,Pháp Vân,20.9481,105.8493,432.5,3.4,,26.3,
2024-02-10 22:00:00+00:00,2161309,Pháp Vân,20.9481,105.8493,568.7,3.4,,27.7,
2024-02-10 23:00:00+00:00,2161309,Pháp Vân,20.9481,105.8493,911.1,4.1,,25.7,
2024-02-11 00:00:00+00:00,2161309,Pháp Vân,20.9481,105.8493,1143.8,5.9,,28.8,
2024-02-11 01:00:00+00:00,2161309,Pháp Vân,20.9481,105.8493,1178.3,6.1,,39.1,
2024-02-11 02:00:00+00:00,2161309,Pháp Vân,20.9481,105.8493,933.4,5.6,,36.9,
2024-02-11 03:00:00+00:00,2161309,Pháp Vân,20.9481,105.8493,788.6,5.6,,32.1,
2024-02-11 04:00:00+00:00,2161309,Pháp Vân,20.9481,105.8493,664.4,5.8,,26.0,
2024-02-11 05:00:00+00:00,2161309,Pháp Vân,20.9481,105.8493,676.4,5.9,,25.0,
2024-02-11 06:00:00+00:00,2161309,Pháp Vân,20.9481,105.8493,688.8,6.4,,23.3,
2024-02-11 07:00:00+00:00,2161309,Pháp Vân,20.9481,105.8493,555.4,5.9,,19.2,
2024-02-11 08:00:00+00:00,2161309,Pháp Vân,20.9481,105.8493,501.9,5.7,,17.1,
2024-02-11 09:00:00+00:00,2161309,Pháp Vân,20.9481,105.8493,479.4,5.8,,16.6,
2024-02-11 10:00:00+00:00,2161309,Pháp Vân,20.9481,105.8493,452.7,6.7,,16.4,
2024-02-11 11:00:00+00:00,2161309,Pháp Vân,20.9481,105.8493,498.2,7.9,,17.7,
2024-02-11 12:00:00+00:00,2161309,Pháp Vân,20.9481,105.8493,737.2,13.4,,29.4,
2024-02-11 13:00:00+00:00,2161309,Pháp Vân,20.9481,105.8493,713.9,10.7,,38.4,
2024-02-11 14:00:00+00:00,2161309,Pháp Vân,20.9481,105.8493,798.8,11.9,,51.1,
2024-02-11 15:00:00+00:00,2161309,Pháp Vân,20.9481,105.8493,831.1,14.4,,54.8,
2024-02-11 16:00:00+00:00,2161309,Pháp Vân,20.9481,105.8493,699.7,10.3,,54.5,
2024-02-11 17:00:00+00:00,2161309,Pháp Vân,20.9481,105.8493,585.8,8.5,,43.9,
2024-02-11 18:00:00+00:00,2161309,Pháp Vân,20.9481,105.8493,501.6,8.9,,42.9,
2024-02-11 19:00:00+00:00,2161309,Pháp Vân,20.9481,105.8493,491.3,9.3,,44.7,
2024-02-11 20:00:00+00:00,2161309,Pháp Vân,20.9481,105.8493,480.1,7.9,,47.0,
2024-02-11 21:00:00+00:00,2161309,Pháp Vân,20.9481,105.8493,432.8,6.5,,43.0,
2024-02-11 22:00:00+00:00,2161309,Pháp Vân,20.9481,105.8493,459.3,7.5,,49.0,
2024-02-11 23:00:00+00:00,2161309,Pháp Vân,20.9481,105.8493,465.0,11.4,,48.8,
2024-02-12 00:00:00+00:00,2161309,Pháp Vân,20.9481,105.8493,583.3,10.4,,48.6,
2024-02-12 01:00:00+00:00,2161309,Pháp Vân,20.9481,105.8493,630.7,8.7,,53.7,
2024-02-12 02:00:00+00:00,2161309,Pháp Vân,20.9481,105.8493,770.9,8.5,,55.8,
2024-02-12 03:00:00+00:00,2161309,Pháp Vân,20.9481,105.8493,670.7,13.5,,48.1,
2024-02-12 04:00:00+00:00,2161309,Pháp Vân,20.9481,105.8493,373.5,11.1,,27.0,
2024-02-12 05:00:00+00:00,2161309,Pháp Vân,20.9481,105.8493,326.4,7.9,,21.5,
2024-02-12 06:00:00+00:00,2161309,Pháp Vân,20.9481,105.8493,308.9,6.2,,20.7,
2024-02-12 07:00:00+00:00,2161309,Pháp Vân,20.9481,105.8493,333.2,6.2,,23.8,
2024-02-12 08:00:00+00:00,2161309,Pháp Vân,20.9481,105.8493,330.4,6.1,,24.2,
2024-02-12 09:00:00+00:00,2161309,Pháp Vân,20.9481,105.8493,336.4,6.4,,25.8,
2024-02-12 10:00:00+00:00,2161309,Pháp Vân,20.9481,105.8493,319.1,6.0,,27.9,
2024-02-12 11:00:00+00:00,2161309,Pháp Vân,20.9481,105.8493,307.8,6.7,,27.5,
2024-02-12 12:00:00+00:00,2161309,Pháp Vân,20.9481,105.8493,290.5,6.4,,35.5,
2024-02-12 13:00:00+00:00,2161309,Pháp Vân,20.9481,105.8493,291.7,5.9,,35.8,
2024-02-12 14:00:00+00:00,2161309,Pháp Vân,20.9481,105.8493,211.5,6.9,,28.7,
2024-02-12 15:00:00+00:00,2161309,Pháp Vân,20.9481,105.8493,124.2,6.0,,25.4,
2024-02-12 16:00:00+00:00,2161309,Pháp Vân,20.9481,105.8493,103.8,6.4,,25.9,
2024-02-12 17:00:00+00:00,2161309,Pháp Vân,20.9481,105.8493,118.0,4.3,,26.7,
2024-02-12 18:00:00+00:00,2161309,Pháp Vân,20.9481,105.8493,117.5,4.1,,24.5,
2024-02-12 19:00:00+00:00,2161309,Pháp Vân,20.9481,105.8493,105.9,6.9,,26.9,
2024-02-12 20:00:00+00:00,2161309,Pháp Vân,20.9481,105.8493,108.1,4.1,,29.0,
2024-02-12 21:00:00+00:00,2161309,Pháp Vân,20.9481,105.8493,95.4,4.3,,28.9,
2024-02-12 22:00:00+00:00,2161309,Pháp Vân,20.9481,105.8493,108.0,4.8,,30.0,
2024-02-12 23:00:00+00:00,2161309,Pháp Vân,20.9481,105.8493,145.4,4.8,,34.5,
2024-02-13 00:00:00+00:00,2161309,Pháp Vân,20.9481,105.8493,177.0,5.4,,37.3,
2024-02-13 01:00:00+00:00,2161309,Pháp Vân,20.9481,105.8493,195.9,5.1,,38.5,
2024-02-13 02:00:00+00:00,2161309,Pháp Vân,20.9481,105.8493,241.4,5.3,,34.9,
2024-02-13 03:00:00+00:00,2161309,Pháp Vân,20.9481,105.8493,287.5,6.4,,39.2,
2024-02-13 04:00:00+00:00,2161309,Pháp Vân,20.9481,105.8493,331.8,7.3,,35.8,
2024-02-13 05:00:00+00:00,2161309,Pháp Vân,20.9481,105.8493,341.4,7.3,,29.1,
2024-02-13 06:00:00+00:00,2161309,Pháp Vân,20.9481,105.8493,293.7,7.9,,26.1,
2024-02-13 07:00:00+00:00,2161309,Pháp Vân,20.9481,105.8493,276.6,9.8,,24.6,
2024-02-13 08:00:00+00:00,2161309,Pháp Vân,20.9481,105.8493,299.9,9.9,,25.8,
2024-02-13 09:00:00+00:00,2161309,Pháp Vân,20.9481,105.8493,284.6,7.7,,27.2,
2024-02-13 10:00:00+00:00,2161309,Pháp Vân,20.9481,105.8493,292.7,7.2,,28.5,
2024-02-13 11:00:00+00:00,2161309,Pháp Vân,20.9481,105.8493,257.7,5.6,,26.0,
2024-02-13 12:00:00+00:00,2161309,Pháp Vân,20.9481,105.8493,304.2,5.8,,27.5,
2024-02-13 13:00:00+00:00,2161309,Pháp Vân,20.9481,105.8493,299.8,5.6,,26.4,
2024-02-13 14:00:00+00:00,2161309,Pháp Vân,20.9481,105.8493,295.1,5.9,,26.9,
2024-02-13 15:00:00+00:00,2161309,Pháp Vân,20.9481,105.8493,307.9,6.5,,27.2,
2024-02-13 16:00:00+00:00,2161309,Pháp Vân,20.9481,105.8493,290.6,6.9,,27.0,
2024-02-13 17:00:00+00:00,2161309,Pháp Vân,20.9481,105.8493,250.4,5.5,,28.3,
2024-02-13 18:00:00+00:00,2161309,Pháp Vân,20.9481,105.8493,230.5,5.4,,29.3,
2024-02-13 19:00:00+00:00,2161309,Pháp Vân,20.9481,105.8493,282.0,4.7,,25.3,
2024-02-13 20:00:00+00:00,2161309,Pháp Vân,20.9481,105.8493,146.5,4.4,,23.5,
2024-02-13 21:00:00+00:00,2161309,Pháp Vân,20.9481,105.8493,128.2,4.3,,23.8,
2024-02-13 22:00:00+00:00,2161309,Pháp Vân,20.9481,105.8493,213.5,4.2,,23.0,
2024-02-13 23:00:00+00:00,2161309,Pháp Vân,20.9481,105.8493,109.7,4.3,,22.2,
2024-02-14 00:00:00+00:00,2161309,Pháp Vân,20.9481,105.8493,160.5,4.3,,35.2,
2024-02-14 01:00:00+00:00,2161309,Pháp Vân,20.9481,105.8493,161.1,4.3,,26.7,
2024-02-14 02:00:00+00:00,2161309,Pháp Vân,20.9481,105.8493,167.2,5.5,,24.9,
2024-02-14 03:00:00+00:00,2161309,Pháp Vân,20.9481,105.8493,183.5,7.5,,26.6,
2024-02-14 04:00:00+00:00,2161309,Pháp Vân,20.9481,105.8493,240.0,9.1,,43.0,
2024-02-14 05:00:00+00:00,2161309,Pháp Vân,20.9481,105.8493,239.5,9.1,,27.9,
2024-02-14 06:00:00+00:00,2161309,Pháp Vân,20.9481,105.8493,208.2,9.5,,23.6,
2024-02-14 07:00:00+00:00,2161309,Pháp Vân,20.9481,105.8493,164.8,8.1,,25.2,
2024-02-14 08:00:00+00:00,2161309,Pháp Vân,20.9481,105.8493,150.8,6.1,,21.4,
2024-02-14 09:00:00+00:00,2161309,Pháp Vân,20.9481,105.8493,185.4,6.2,,24.3,
2024-02-14 10:00:00+00:00,2161309,Pháp Vân,20.9481,105.8493,275.3,7.9,,28.1,
2024-02-14 11:00:00+00:00,2161309,Pháp Vân,20.9481,105.8493,286.7,11.4,,30.0,
2024-02-14 12:00:00+00:00,2161309,Pháp Vân,20.9481,105.8493,267.2,11.2,,32.1,
2024-02-14 13:00:00+00:00,2161309,Pháp Vân,20.9481,105.8493,220.7,6.9,,28.4,
2024-02-14 14:00:00+00:00,2161309,Pháp Vân,20.9481,105.8493,298.7,5.7,,28.0,
2024-02-14 15:00:00+00:00,2161309,Pháp Vân,20.9481,105.8493,161.0,4.8,,27.9,
2024-02-14 16:00:00+00:00,2161309,Pháp Vân,20.9481,105.8493,131.6,4.6,,24.8,
2024-02-14 17:00:00+00:00,2161309,Pháp Vân,20.9481,105.8493,121.4,4.6,,24.6,
2024-02-14 18:00:00+00:00,2161309,Pháp Vân,20.9481,105.8493,97.8,4.7,,24.5,
2024-02-14 19:00:00+00:00,2161309,Pháp Vân,20.9481,105.8493,81.9,4.9,,25.8,
2024-02-14 20:00:00+00:00,2161309,Pháp Vân,20.9481,105.8493,70.0,5.6,,25.2,
2024-02-14 21:00:00+00:00,2161309,Pháp Vân,20.9481,105.8493,59.6,5.9,,22.4,
2024-02-14 22:00:00+00:00,2161309,Pháp Vân,20.9481,105.8493,54.9,7.3,,21.5,
2024-02-14 23:00:00+00:00,2161309,Pháp Vân,20.9481,105.8493,73.0,6.7,,21.2,
2024-02-15 00:00:00+00:00,2161309,Pháp Vân,20.9481,105.8493,149.9,7.1,,22.2,
2024-02-15 01:00:00+00:00,2161309,Pháp Vân,20.9481,105.8493,676.5,9.5,,25.8,
2024-02-15 02:00:00+00:00,2161309,Pháp Vân,20.9481,105.8493,345.1,9.2,,28.3,
2024-02-15 03:00:00+00:00,2161309,Pháp Vân,20.9481,105.8493,390.4,9.8,,28.8,
2024-02-15 04:00:00+00:00,2161309,Pháp Vân,20.9481,105.8493,286.8,9.2,,22.9,
2024-02-15 05:00:00+00:00,2161309,Pháp Vân,20.9481,105.8493,369.5,9.5,,26.5,
2024-02-15 06:00:00+00:00,2161309,Pháp Vân,20.9481,105.8493,320.8,9.6,,26.8,
2024-02-15 07:00:00+00:00,2161309,Pháp Vân,20.9481,105.8493,405.6,10.4,,30.1,
2024-02-15 08:00:00+00:00,2161309,Pháp Vân,20.9481,105.8493,428.1,11.2,,34.1,
2024-02-15 09:00:00+00:00,2161309,Pháp Vân,20.9481,105.8493,418.7,9.5,,36.9,
2024-02-15 10:00:00+00:00,2161309,Pháp Vân,20.9481,105.8493,600.4,11.6,,37.3,
2024-02-15 11:00:00+00:00,2161309,Pháp Vân,20.9481,105.8493,933.7,15.1,,46.9,
2024-02-15 12:00:00+00:00,2161309,Pháp Vân,20.9481,105.8493,1487.6,24.0,,62.6,
2024-02-15 13:00:00+00:00,2161309,Pháp Vân,20.9481,105.8493,1223.0,16.4,,69.4,
2024-02-15 14:00:00+00:00,2161309,Pháp Vân,20.9481,105.8493,2376.9,16.6,,61.3,
2024-02-15 15:00:00+00:00,2161309,Pháp Vân,20.9481,105.8493,2441.5,14.2,,62.4,
2024-02-15 16:00:00+00:00,2161309,Pháp Vân,20.9481,105.8493,1291.5,14.5,,71.5,
2024-02-15 17:00:00+00:00,2161309,Pháp Vân,20.9481,105.8493,830.0,15.2,,73.8,
2024-02-15 18:00:00+00:00,2161309,Pháp Vân,20.9481,105.8493,2142.1,11.9,,65.2,
2024-02-15 19:00:00+00:00,2161309,Pháp Vân,20.9481,105.8493,7664.9,10.3,,60.6,
2024-02-15 20:00:00+00:00,2161309,Pháp Vân,20.9481,105.8493,5283.5,11.4,,57.2,
2024-02-15 21:00:00+00:00,2161309,Pháp Vân,20.9481,105.8493,522.4,11.7,,53.4,
2024-02-15 22:00:00+00:00,2161309,Pháp Vân,20.9481,105.8493,492.5,9.6,,49.4,
2024-02-15 23:00:00+00:00,2161309,Pháp Vân,20.9481,105.8493,497.5,10.2,,49.5,
2024-02-16 00:00:00+00:00,2161309,Pháp Vân,20.9481,105.8493,884.2,9.1,,56.7,
2024-02-16 01:00:00+00:00,2161309,Pháp Vân,20.9481,105.8493,1586.0,11.3,,64.8,
2024-02-16 02:00:00+00:00,2161309,Pháp Vân,20.9481,105.8493,771.4,12.3,,56.7,
2024-02-16 03:00:00+00:00,2161309,Pháp Vân,20.9481,105.8493,604.7,11.6,,51.4,
2024-02-16 04:00:00+00:00,2161309,Pháp Vân,20.9481,105.8493,552.3,11.1,,54.5,
2024-02-16 05:00:00+00:00,2161309,Pháp Vân,20.9481,105.8493,538.1,8.8,,42.8,
2024-02-16 06:00:00+00:00,2161309,Pháp Vân,20.9481,105.8493,528.6,10.3,,36.5,
2024-02-16 07:00:00+00:00,2161309,Pháp Vân,20.9481,105.8493,520.9,10.6,,30.0,
2024-02-16 08:00:00+00:00,2161309,Pháp Vân,20.9481,105.8493,443.3,8.3,,27.2,
2024-02-16 09:00:00+00:00,2161309,Pháp Vân,20.9481,105.8493,417.4,8.3,,23.0,
2024-02-16 10:00:00+00:00,2161309,Pháp Vân,20.9481,105.8493,450.2,8.9,,24.7,
2024-02-16 11:00:00+00:00,2161309,Pháp Vân,20.9481,105.8493,571.3,10.0,,30.0,
2024-02-16 12:00:00+00:00,2161309,Pháp Vân,20.9481,105.8493,632.0,8.8,,35.8,
2024-02-16 13:00:00+00:00,2161309,Pháp Vân,20.9481,105.8493,686.4,8.2,,32.4,
2024-02-16 14:00:00+00:00,2161309,Pháp Vân,20.9481,105.8493,844.0,6.5,,28.7,
2024-02-16 15:00:00+00:00,2161309,Pháp Vân,20.9481,105.8493,650.4,7.2,,32.2,
2024-02-16 16:00:00+00:00,2161309,Pháp Vân,20.9481,105.8493,843.6,5.9,,32.9,
2024-02-16 17:00:00+00:00,2161309,Pháp Vân,20.9481,105.8493,621.9,5.4,,31.9,
2024-02-16 18:00:00+00:00,2161309,Pháp Vân,20.9481,105.8493,544.1,4.6,,34.0,
2024-02-16 19:00:00+00:00,2161309,Pháp Vân,20.9481,105.8493,380.2,4.4,,35.1,
2024-02-16 20:00:00+00:00,2161309,Pháp Vân,20.9481,105.8493,301.5,4.8,,40.3,
2024-02-16 21:00:00+00:00,2161309,Pháp Vân,20.9481,105.8493,310.0,4.8,,49.8,
2024-02-16 22:00:00+00:00,2161309,Pháp Vân,20.9481,105.8493,298.3,6.4,,42.2,
2024-02-16 23:00:00+00:00,2161309,Pháp Vân,20.9481,105.8493,299.2,10.8,,33.3,
2024-02-17 00:00:00+00:00,2161309,Pháp Vân,20.9481,105.8493,328.6,9.3,,28.2,
2024-02-17 01:00:00+00:00,2161309,Pháp Vân,20.9481,105.8493,577.8,10.5,,51.5,
2024-02-17 02:00:00+00:00,2161309,Pháp Vân,20.9481,105.8493,571.4,12.4,,34.5,
2024-02-17 03:00:00+00:00,2161309,Pháp Vân,20.9481,105.8493,392.0,12.8,,34.6,
2024-02-17 04:00:00+00:00,2161309,Pháp Vân,20.9481,105.8493,499.4,11.8,,37.4,
2024-02-17 05:00:00+00:00,2161309,Pháp Vân,20.9481,105.8493,442.3,13.5,,37.4,
2024-02-17 06:00:00+00:00,2161309,Pháp Vân,20.9481,105.8493,345.8,12.2,,35.8,
2024-02-17 07:00:00+00:00,2161309,Pháp Vân,20.9481,105.8493,274.6,9.6,,32.8,
2024-02-17 08:00:00+00:00,2161309,Pháp Vân,20.9481,105.8493,192.6,8.8,,24.5,
2024-02-17 09:00:00+00:00,2161309,Pháp Vân,20.9481,105.8493,180.9,6.8,,24.4,
2024-02-17 10:00:00+00:00,2161309,Pháp Vân,20.9481,105.8493,182.3,5.9,,21.8,
2024-02-17 11:00:00+00:00,2161309,Pháp Vân,20.9481,105.8493,418.6,7.1,,18.8,
2024-02-17 12:00:00+00:00,2161309,Pháp Vân,20.9481,105.8493,931.3,7.9,,22.7,
2024-02-17 13:00:00+00:00,2161309,Pháp Vân,20.9481,105.8493,457.4,5.6,,21.3,
2024-02-17 14:00:00+00:00,2161309,Pháp Vân,20.9481,105.8493,500.0,6.5,,28.1,
2024-02-17 15:00:00+00:00,2161309,Pháp Vân,20.9481,105.8493,340.2,6.4,,31.7,
2024-02-17 16:00:00+00:00,2161309,Pháp Vân,20.9481,105.8493,300.5,6.1,,30.6,
2024-02-17 17:00:00+00:00,2161309,Pháp Vân,20.9481,105.8493,239.6,5.0,,29.9,
2024-02-17 18:00:00+00:00,2161309,Pháp Vân,20.9481,105.8493,198.4,5.2,,29.7,
2024-02-17 19:00:00+00:00,2161309,Pháp Vân,20.9481,105.8493,159.8,4.8,,27.7,
2024-02-17 20:00:00+00:00,2161309,Pháp Vân,20.9481,105.8493,130.7,4.5,,27.2,
2024-02-17 21:00:00+00:00,2161309,Pháp Vân,20.9481,105.8493,114.4,4.3,,27.6,
2024-02-17 22:00:00+00:00,2161309,Pháp Vân,20.9481,105.8493,133.3,4.8,,27.7,
2024-02-17 23:00:00+00:00,2161309,Pháp Vân,20.9481,105.8493,164.8,5.4,,30.1,
2024-02-18 00:00:00+00:00,2161309,Pháp Vân,20.9481,105.8493,252.7,6.1,,42.0,
2024-02-18 01:00:00+00:00,2161309,Pháp Vân,20.9481,105.8493,364.0,6.6,,33.5,
2024-02-18 02:00:00+00:00,2161309,Pháp Vân,20.9481,105.8493,357.2,6.6,,30.7,
2024-02-18 03:00:00+00:00,2161309,Pháp Vân,20.9481,105.8493,333.5,7.0,,30.3,
2024-02-18 04:00:00+00:00,2161309,Pháp Vân,20.9481,105.8493,295.2,9.1,,29.6,
2024-02-18 05:00:00+00:00,2161309,Pháp Vân,20.9481,105.8493,283.9,11.0,,37.9,
2024-02-18 06:00:00+00:00,2161309,Pháp Vân,20.9481,105.8493,274.8,10.4,,39.2,
2024-02-18 07:00:00+00:00,2161309,Pháp Vân,20.9481,105.8493,303.9,10.6,,44.0,
2024-02-18 08:00:00+00:00,2161309,Pháp Vân,20.9481,105.8493,318.8,9.9,,44.9,
2024-02-18 09:00:00+00:00,2161309,Pháp Vân,20.9481,105.8493,312.4,9.0,,37.2,
2024-02-18 10:00:00+00:00,2161309,Pháp Vân,20.9481,105.8493,270.4,7.6,,31.3,
2024-02-18 11:00:00+00:00,2161309,Pháp Vân,20.9481,105.8493,385.9,6.1,,26.4,
2024-02-18 12:00:00+00:00,2161309,Pháp Vân,20.9481,105.8493,265.3,5.6,,24.8,
2024-02-18 13:00:00+00:00,2161309,Pháp Vân,20.9481,105.8493,277.9,6.2,,23.0,
2024-02-18 14:00:00+00:00,2161309,Pháp Vân,20.9481,105.8493,301.3,5.8,,21.0,
2024-02-18 15:00:00+00:00,2161309,Pháp Vân,20.9481,105.8493,139.4,5.0,,20.0,
2024-02-18 16:00:00+00:00,2161309,Pháp Vân,20.9481,105.8493,125.4,5.3,,20.4,
2024-02-18 17:00:00+00:00,2161309,Pháp Vân,20.9481,105.8493,190.9,5.3,,18.8,
2024-02-18 18:00:00+00:00,2161309,Pháp Vân,20.9481,105.8493,48.4,4.6,,17.5,
2024-02-18 19:00:00+00:00,2161309,Pháp Vân,20.9481,105.8493,24.5,4.5,,19.4,
2024-02-18 20:00:00+00:00,2161309,Pháp Vân,20.9481,105.8493,41.0,5.0,,20.5,
2024-02-18 21:00:00+00:00,2161309,Pháp Vân,20.9481,105.8493,72.3,6.3,,25.0,
2024-02-18 22:00:00+00:00,2161309,Pháp Vân,20.9481,105.8493,96.4,7.4,,32.3,
2024-02-18 23:00:00+00:00,2161309,Pháp Vân,20.9481,105.8493,150.0,6.5,,29.4,
2024-02-19 00:00:00+00:00,2161309,Pháp Vân,20.9481,105.8493,319.4,8.3,,27.6,
2024-02-19 01:00:00+00:00,2161309,Pháp Vân,20.9481,105.8493,1002.4,8.6,,27.4,
2024-02-19 02:00:00+00:00,2161309,Pháp Vân,20.9481,105.8493,463.2,6.4,,27.8,
2024-02-19 03:00:00+00:00,2161309,Pháp Vân,20.9481,105.8493,310.5,6.0,,21.3,
2024-02-19 04:00:00+00:00,2161309,Pháp Vân,20.9481,105.8493,287.2,6.5,,17.3,
2024-02-19 05:00:00+00:00,2161309,Pháp Vân,20.9481,105.8493,349.2,7.4,,18.1,
2024-02-19 06:00:00+00:00,2161309,Pháp Vân,20.9481,105.8493,288.8,6.2,,21.2,
2024-02-19 07:00:00+00:00,2161309,Pháp Vân,20.9481,105.8493,286.2,7.5,,29.4,
2024-02-19 08:00:00+00:00,2161309,Pháp Vân,20.9481,105.8493,,6.6,,32.8,
2024-02-19 09:00:00+00:00,2161309,Pháp Vân,20.9481,105.8493,290.0,7.0,,24.3,
2024-02-19 10:00:00+00:00,2161309,Pháp Vân,20.9481,105.8493,369.1,6.6,,23.7,
2024-02-19 11:00:00+00:00,2161309,Pháp Vân,20.9481,105.8493,694.7,7.7,,27.4,
2024-02-19 12:00:00+00:00,2161309,Pháp Vân,20.9481,105.8493,493.1,6.9,,28.6,
2024-02-19 13:00:00+00:00,2161309,Pháp Vân,20.9481,105.8493,335.6,6.3,,27.6,
2024-02-19 14:00:00+00:00,2161309,Pháp Vân,20.9481,105.8493,386.3,5.7,,25.7,
2024-02-19 15:00:00+00:00,2161309,Pháp Vân,20.9481,105.8493,276.7,7.2,,28.6,
2024-02-19 16:00:00+00:00,2161309,Pháp Vân,20.9481,105.8493,170.1,7.2,,26.1,
2024-02-19 17:00:00+00:00,2161309,Pháp Vân,20.9481,105.8493,107.6,6.1,,24.1,
2024-02-19 18:00:00+00:00,2161309,Pháp Vân,20.9481,105.8493,75.5,5.2,,25.0,
2024-02-19 19:00:00+00:00,2161309,Pháp Vân,20.9481,105.8493,65.2,5.1,,25.0,
2024-02-19 20:00:00+00:00,2161309,Pháp Vân,20.9481,105.8493,54.8,5.1,,27.2,
2024-02-19 21:00:00+00:00,2161309,Pháp Vân,20.9481,105.8493,86.6,5.4,,31.2,
2024-02-19 22:00:00+00:00,2161309,Pháp Vân,20.9481,105.8493,89.6,6.0,,38.4,
2024-02-19 23:00:00+00:00,2161309,Pháp Vân,20.9481,105.8493,233.2,7.2,,45.5,
2024-02-20 00:00:00+00:00,2161309,Pháp Vân,20.9481,105.8493,226.5,8.1,,46.9,
2024-02-20 01:00:00+00:00,2161309,Pháp Vân,20.9481,105.8493,558.5,7.2,,48.9,
2024-02-20 02:00:00+00:00,2161309,Pháp Vân,20.9481,105.8493,554.0,6.1,,57.2,
2024-02-20 03:00:00+00:00,2161309,Pháp Vân,20.9481,105.8493,274.5,6.1,,49.3,
2024-02-20 04:00:00+00:00,2161309,Pháp Vân,20.9481,105.8493,299.4,7.4,,48.4,
2024-02-20 05:00:00+00:00,2161309,Pháp Vân,20.9481,105.8493,371.3,8.9,,52.4,
2024-02-20 06:00:00+00:00,2161309,Pháp Vân,20.9481,105.8493,,7.3,,60.0,
2024-02-20 07:00:00+00:00,2161309,Pháp Vân,20.9481,105.8493,243.9,7.0,,51.5,
2024-02-20 08:00:00+00:00,2161309,Pháp Vân,20.9481,105.8493,250.5,5.8,,42.8,
2024-02-20 09:00:00+00:00,2161309,Pháp Vân,20.9481,105.8493,240.2,5.3,,38.2,
2024-02-20 10:00:00+00:00,2161309,Pháp Vân,20.9481,105.8493,598.2,5.8,,38.5,
2024-02-20 11:00:00+00:00,2161309,Pháp Vân,20.9481,105.8493,1242.7,6.5,,45.0,
2024-02-20 12:00:00+00:00,2161309,Pháp Vân,20.9481,105.8493,757.5,6.5,,43.2,
2024-02-20 13:00:00+00:00,2161309,Pháp Vân,20.9481,105.8493,565.4,5.2,,35.7,
2024-02-20 14:00:00+00:00,2161309,Pháp Vân,20.9481,105.8493,269.3,5.9,,33.6,
2024-02-20 15:00:00+00:00,2161309,Pháp Vân,20.9481,105.8493,260.4,5.6,,30.0,
2024-02-20 16:00:00+00:00,2161309,Pháp Vân,20.9481,105.8493,453.3,5.5,,28.4,
2024-02-20 17:00:00+00:00,2161309,Pháp Vân,20.9481,105.8493,249.3,5.4,,29.2,
2024-02-20 18:00:00+00:00,2161309,Pháp Vân,20.9481,105.8493,89.5,4.9,,27.4,
2024-02-20 19:00:00+00:00,2161309,Pháp Vân,20.9481,105.8493,62.3,4.8,,24.5,
2024-02-20 20:00:00+00:00,2161309,Pháp Vân,20.9481,105.8493,52.7,4.9,,21.7,
2024-02-20 21:00:00+00:00,2161309,Pháp Vân,20.9481,105.8493,47.5,5.5,,20.1,
2024-02-20 22:00:00+00:00,2161309,Pháp Vân,20.9481,105.8493,91.4,5.6,,24.1,
2024-02-20 23:00:00+00:00,2161309,Pháp Vân,20.9481,105.8493,239.6,6.9,,23.7,
2024-02-21 00:00:00+00:00,2161309,Pháp Vân,20.9481,105.8493,240.8,8.2,,27.1,
2024-02-21 01:00:00+00:00,2161309,Pháp Vân,20.9481,105.8493,1046.0,9.5,,31.5,
2024-02-21 02:00:00+00:00,2161309,Pháp Vân,20.9481,105.8493,524.2,9.1,,33.4,
2024-02-21 03:00:00+00:00,2161309,Pháp Vân,20.9481,105.8493,,11.4,,34.0,
2024-02-21 04:00:00+00:00,2161309,Pháp Vân,20.9481,105.8493,431.2,12.2,,37.3,
2024-02-21 05:00:00+00:00,2161309,Pháp Vân,20.9481,105.8493,,11.9,,49.4,
2024-02-21 06:00:00+00:00,2161309,Pháp Vân,20.9481,105.8493,422.0,10.3,,54.8,
2024-02-21 07:00:00+00:00,2161309,Pháp Vân,20.9481,105.8493,295.7,8.1,,48.1,
2024-02-21 08:00:00+00:00,2161309,Pháp Vân,20.9481,105.8493,273.4,8.5,,37.4,
2024-02-21 09:00:00+00:00,2161309,Pháp Vân,20.9481,105.8493,293.1,9.3,,32.8,
2024-02-21 10:00:00+00:00,2161309,Pháp Vân,20.9481,105.8493,362.9,8.6,,27.6,
2024-02-21 11:00:00+00:00,2161309,Pháp Vân,20.9481,105.8493,626.1,9.1,,30.5,
2024-02-21 12:00:00+00:00,2161309,Pháp Vân,20.9481,105.8493,499.3,8.3,,32.5,
2024-02-21 13:00:00+00:00,2161309,Pháp Vân,20.9481,105.8493,354.4,6.3,,26.8,
2024-02-21 14:00:00+00:00,2161309,Pháp Vân,20.9481,105.8493,274.7,5.8,,27.3,
2024-02-21 15:00:00+00:00,2161309,Pháp Vân,20.9481,105.8493,263.3,5.9,,24.6,
2024-02-21 16:00:00+00:00,2161309,Pháp Vân,20.9481,105.8493,160.2,5.2,,22.7,
2024-02-21 17:00:00+00:00,2161309,Pháp Vân,20.9481,105.8493,119.7,5.1,,22.5,
2024-02-21 18:00:00+00:00,2161309,Pháp Vân,20.9481,105.8493,78.5,5.4,,24.2,
2024-02-21 19:00:00+00:00,2161309,Pháp Vân,20.9481,105.8493,75.3,5.6,,27.8,
2024-02-21 20:00:00+00:00,2161309,Pháp Vân,20.9481,105.8493,50.8,5.5,,23.0,
2024-02-21 21:00:00+00:00,2161309,Pháp Vân,20.9481,105.8493,59.5,5.7,,23.1,
2024-02-21 22:00:00+00:00,2161309,Pháp Vân,20.9481,105.8493,46.1,5.6,,22.8,
2024-02-21 23:00:00+00:00,2161309,Pháp Vân,20.9481,105.8493,247.4,6.8,,31.5,
2024-02-22 00:00:00+00:00,2161309,Pháp Vân,20.9481,105.8493,602.6,7.2,,20.8,
2024-02-22 01:00:00+00:00,2161309,Pháp Vân,20.9481,105.8493,829.1,7.5,,20.0,
2024-02-22 02:00:00+00:00,2161309,Pháp Vân,20.9481,105.8493,451.4,7.3,,21.4,
2024-02-22 03:00:00+00:00,2161309,Pháp Vân,20.9481,105.8493,364.8,7.2,,23.2,
2024-02-22 04:00:00+00:00,2161309,Pháp Vân,20.9481,105.8493,255.6,8.1,,25.4,
2024-02-22 05:00:00+00:00,2161309,Pháp Vân,20.9481,105.8493,340.1,7.9,,26.6,
2024-02-22 06:00:00+00:00,2161309,Pháp Vân,20.9481,105.8493,301.8,8.7,,25.7,
2024-02-22 07:00:00+00:00,2161309,Pháp Vân,20.9481,105.8493,209.2,6.7,,22.2,
2024-02-22 08:00:00+00:00,2161309,Pháp Vân,20.9481,105.8493,271.7,7.9,,25.1,
2024-02-22 09:00:00+00:00,2161309,Pháp Vân,20.9481,105.8493,301.3,7.0,,24.9,
2024-02-22 10:00:00+00:00,2161309,Pháp Vân,20.9481,105.8493,383.0,8.9,,21.6,
2024-02-22 11:00:00+00:00,2161309,Pháp Vân,20.9481,105.8493,831.0,8.6,,15.4,
2024-02-22 12:00:00+00:00,2161309,Pháp Vân,20.9481,105.8493,383.7,6.8,,23.1,
2024-02-22 13:00:00+00:00,2161309,Pháp Vân,20.9481,105.8493,276.6,8.6,,31.9,
2024-02-22 14:00:00+00:00,2161309,Pháp Vân,20.9481,105.8493,186.5,7.2,,36.6,
2024-02-22 15:00:00+00:00,2161309,Pháp Vân,20.9481,105.8493,179.5,5.6,,35.0,
2024-02-22 16:00:00+00:00,2161309,Pháp Vân,20.9481,105.8493,119.5,5.2,,32.6,
2024-02-22 17:00:00+00:00,2161309,Pháp Vân,20.9481,105.8493,84.0,5.4,,41.8,
2024-02-22 18:00:00+00:00,2161309,Pháp Vân,20.9481,105.8493,84.5,5.0,,39.0,
2024-02-22 19:00:00+00:00,2161309,Pháp Vân,20.9481,105.8493,83.6,4.9,,38.2,
2024-02-22 20:00:00+00:00,2161309,Pháp Vân,20.9481,105.8493,154.3,5.3,,39.0,
2024-02-22 21:00:00+00:00,2161309,Pháp Vân,20.9481,105.8493,165.7,5.2,,40.1,
2024-02-22 22:00:00+00:00,2161309,Pháp Vân,20.9481,105.8493,175.5,6.4,,44.6,
2024-02-22 23:00:00+00:00,2161309,Pháp Vân,20.9481,105.8493,339.6,7.2,,50.2,
2024-02-23 00:00:00+00:00,2161309,Pháp Vân,20.9481,105.8493,735.9,10.3,,52.6,
2024-02-23 01:00:00+00:00,2161309,Pháp Vân,20.9481,105.8493,1189.1,12.2,,51.2,
2024-02-23 02:00:00+00:00,2161309,Pháp Vân,20.9481,105.8493,969.4,9.7,,49.3,
2024-02-23 03:00:00+00:00,2161309,Pháp Vân,20.9481,105.8493,615.3,10.1,,46.9,
2024-02-23 04:00:00+00:00,2161309,Pháp Vân,20.9481,105.8493,653.1,9.7,,39.9,
2024-02-23 05:00:00+00:00,2161309,Pháp Vân,20.9481,105.8493,979.1,10.2,,55.7,
2024-02-23 06:00:00+00:00,2161309,Pháp Vân,20.9481,105.8493,715.0,8.3,,38.9,
2024-02-23 07:00:00+00:00,2161309,Pháp Vân,20.9481,105.8493,608.6,7.2,,32.3,
2024-02-23 08:00:00+00:00,2161309,Pháp Vân,20.9481,105.8493,504.3,6.9,,26.8,
2024-02-23 09:00:00+00:00,2161309,Pháp Vân,20.9481,105.8493,550.7,9.2,,33.3,
2024-02-23 10:00:00+00:00,2161309,Pháp Vân,20.9481,105.8493,701.0,10.8,,30.8,
2024-02-23 11:00:00+00:00,2161309,Pháp Vân,20.9481,105.8493,901.5,11.3,,29.9,
2024-02-23 12:00:00+00:00,2161309,Pháp Vân,20.9481,105.8493,1038.2,24.7,,40.5,
2024-02-23 13:00:00+00:00,2161309,Pháp Vân,20.9481,105.8493,677.4,17.9,,30.5,
2024-02-23 14:00:00+00:00,2161309,Pháp Vân,20.9481,105.8493,515.4,19.2,,27.1,
2024-02-23 15:00:00+00:00,2161309,Pháp Vân,20.9481,105.8493,539.5,20.2,,25.5,
2024-02-23 16:00:00+00:00,2161309,Pháp Vân,20.9481,105.8493,363.5,6.1,,18.2,
2024-02-23 17:00:00+00:00,2161309,Pháp Vân,20.9481,105.8493,339.3,5.1,,14.9,
2024-02-23 20:00:00+00:00,2161309,Pháp Vân,20.9481,105.8493,289.6,7.4,,14.8,
2024-02-23 21:00:00+00:00,2161309,Pháp Vân,20.9481,105.8493,283.7,7.8,,11.0,
2024-02-23 22:00:00+00:00,2161309,Pháp Vân,20.9481,105.8493,286.4,9.1,,10.5,
2024-02-23 23:00:00+00:00,2161309,Pháp Vân,20.9481,105.8493,293.3,8.3,,9.1,
2024-02-24 00:00:00+00:00,2161309,Pháp Vân,20.9481,105.8493,317.0,10.8,,8.4,
2024-02-24 01:00:00+00:00,2161309,Pháp Vân,20.9481,105.8493,346.9,14.1,,12.3,
2024-02-25 00:00:00+00:00,2161309,Pháp Vân,20.9481,105.8493,291.0,21.8,,8.1,
2024-02-25 01:00:00+00:00,2161309,Pháp Vân,20.9481,105.8493,303.0,24.6,,10.0,
2024-02-25 02:00:00+00:00,2161309,Pháp Vân,20.9481,105.8493,295.0,22.7,,9.0,
2024-02-25 03:00:00+00:00,2161309,Pháp Vân,20.9481,105.8493,299.4,20.7,,10.2,
2024-02-25 04:00:00+00:00,2161309,Pháp Vân,20.9481,105.8493,295.4,29.9,,12.2,
2024-02-25 05:00:00+00:00,2161309,Pháp Vân,20.9481,105.8493,341.8,28.4,,19.3,
2024-02-25 06:00:00+00:00,2161309,Pháp Vân,20.9481,105.8493,311.2,44.3,,20.6,
2024-02-25 07:00:00+00:00,2161309,Pháp Vân,20.9481,105.8493,305.7,57.0,,21.0,
2024-02-25 08:00:00+00:00,2161309,Pháp Vân,20.9481,105.8493,299.8,43.4,,19.2,
2024-02-25 09:00:00+00:00,2161309,Pháp Vân,20.9481,105.8493,296.9,39.0,,20.4,
2024-02-25 10:00:00+00:00,2161309,Pháp Vân,20.9481,105.8493,309.7,36.5,,22.3,
2024-02-25 11:00:00+00:00,2161309,Pháp Vân,20.9481,105.8493,357.8,32.0,,32.3,
2024-02-25 13:00:00+00:00,2161309,Pháp Vân,20.9481,105.8493,431.0,28.2,,25.5,
2024-02-25 14:00:00+00:00,2161309,Pháp Vân,20.9481,105.8493,419.2,32.4,,29.1,
2024-02-25 15:00:00+00:00,2161309,Pháp Vân,20.9481,105.8493,448.2,37.2,,30.6,
2024-02-25 16:00:00+00:00,2161309,Pháp Vân,20.9481,105.8493,404.3,36.0,,24.2,
2024-02-25 17:00:00+00:00,2161309,Pháp Vân,20.9481,105.8493,399.2,36.6,,24.9,
2024-02-25 18:00:00+00:00,2161309,Pháp Vân,20.9481,105.8493,328.1,37.2,,31.2,
2024-02-25 19:00:00+00:00,2161309,Pháp Vân,20.9481,105.8493,291.6,31.8,,36.8,
2024-02-25 20:00:00+00:00,2161309,Pháp Vân,20.9481,105.8493,320.0,32.4,,48.5,
2024-02-25 21:00:00+00:00,2161309,Pháp Vân,20.9481,105.8493,304.1,33.0,,51.6,
2024-02-25 22:00:00+00:00,2161309,Pháp Vân,20.9481,105.8493,259.6,28.8,,41.6,
2024-02-25 23:00:00+00:00,2161309,Pháp Vân,20.9481,105.8493,501.2,35.4,,27.8,
2024-02-26 00:00:00+00:00,2161309,Pháp Vân,20.9481,105.8493,515.9,36.0,,22.3,
2024-02-26 01:00:00+00:00,2161309,Pháp Vân,20.9481,105.8493,621.5,33.2,,25.6,
2024-02-26 02:00:00+00:00,2161309,Pháp Vân,20.9481,105.8493,600.4,30.1,,26.0,
2024-02-26 03:00:00+00:00,2161309,Pháp Vân,20.9481,105.8493,428.0,24.0,,24.1,
2024-02-26 04:00:00+00:00,2161309,Pháp Vân,20.9481,105.8493,352.6,21.8,,18.3,
2024-02-26 05:00:00+00:00,2161309,Pháp Vân,20.9481,105.8493,421.6,20.0,,17.2,
2024-02-26 06:00:00+00:00,2161309,Pháp Vân,20.9481,105.8493,400.5,22.5,,19.9,
2024-02-26 07:00:00+00:00,2161309,Pháp Vân,20.9481,105.8493,568.9,17.6,,24.1,
2024-02-26 08:00:00+00:00,2161309,Pháp Vân,20.9481,105.8493,612.3,18.9,,26.8,
2024-02-26 09:00:00+00:00,2161309,Pháp Vân,20.9481,105.8493,744.6,30.3,,30.5,
2024-02-26 13:00:00+00:00,2161309,Pháp Vân,20.9481,105.8493,592.4,27.4,,52.4,
2024-02-26 14:00:00+00:00,2161309,Pháp Vân,20.9481,105.8493,629.2,22.4,,45.3,
2024-02-26 15:00:00+00:00,2161309,Pháp Vân,20.9481,105.8493,715.1,20.0,,30.8,
2024-02-26 16:00:00+00:00,2161309,Pháp Vân,20.9481,105.8493,696.2,19.8,,44.5,
2024-02-26 17:00:00+00:00,2161309,Pháp Vân,20.9481,105.8493,555.7,23.8,,39.1,
2024-02-26 18:00:00+00:00,2161309,Pháp Vân,20.9481,105.8493,544.3,22.2,,35.6,
2024-02-26 19:00:00+00:00,2161309,Pháp Vân,20.9481,105.8493,539.0,23.2,,27.3,
2024-02-26 20:00:00+00:00,2161309,Pháp Vân,20.9481,105.8493,540.5,22.4,,20.3,
2024-02-26 21:00:00+00:00,2161309,Pháp Vân,20.9481,105.8493,538.0,19.8,,15.8,
2024-02-26 22:00:00+00:00,2161309,Pháp Vân,20.9481,105.8493,421.0,19.4,,12.6,
2024-02-26 23:00:00+00:00,2161309,Pháp Vân,20.9481,105.8493,578.3,21.0,,13.4,
2024-02-27 00:00:00+00:00,2161309,Pháp Vân,20.9481,105.8493,627.8,22.2,,15.2,
2024-02-27 01:00:00+00:00,2161309,Pháp Vân,20.9481,105.8493,532.1,28.6,,13.2,
2024-02-27 02:00:00+00:00,2161309,Pháp Vân,20.9481,105.8493,410.8,24.1,,10.0,
2024-02-27 03:00:00+00:00,2161309,Pháp Vân,20.9481,105.8493,362.9,20.0,,8.9,
2024-02-27 04:00:00+00:00,2161309,Pháp Vân,20.9481,105.8493,299.4,17.6,,6.5,
2024-02-27 05:00:00+00:00,2161309,Pháp Vân,20.9481,105.8493,240.0,17.1,,8.6,
2024-02-27 06:00:00+00:00,2161309,Pháp Vân,20.9481,105.8493,246.9,14.2,,12.2,
2024-02-27 07:00:00+00:00,2161309,Pháp Vân,20.9481,105.8493,203.6,10.3,,15.1,
2024-02-27 08:00:00+00:00,2161309,Pháp Vân,20.9481,105.8493,175.6,8.9,,11.6,
2024-02-27 13:00:00+00:00,2161309,Pháp Vân,20.9481,105.8493,225.9,14.0,,14.3,
2024-02-27 14:00:00+00:00,2161309,Pháp Vân,20.9481,105.8493,210.4,15.7,,17.1,
2024-02-27 15:00:00+00:00,2161309,Pháp Vân,20.9481,105.8493,217.9,14.3,,23.4,
2024-02-27 16:00:00+00:00,2161309,Pháp Vân,20.9481,105.8493,194.0,16.7,,25.2,
2024-02-27 17:00:00+00:00,2161309,Pháp Vân,20.9481,105.8493,184.7,16.7,,29.7,
2024-02-27 18:00:00+00:00,2161309,Pháp Vân,20.9481,105.8493,174.4,17.2,,31.1,
2024-02-27 19:00:00+00:00,2161309,Pháp Vân,20.9481,105.8493,166.3,16.3,,30.8,
2024-02-27 20:00:00+00:00,2161309,Pháp Vân,20.9481,105.8493,171.4,14.5,,36.3,
2024-02-27 21:00:00+00:00,2161309,Pháp Vân,20.9481,105.8493,169.0,14.8,,53.9,
2024-02-27 22:00:00+00:00,2161309,Pháp Vân,20.9481,105.8493,177.1,13.4,,49.2,
2024-02-27 23:00:00+00:00,2161309,Pháp Vân,20.9481,105.8493,217.6,13.3,,41.4,
2024-02-28 00:00:00+00:00,2161309,Pháp Vân,20.9481,105.8493,252.1,13.0,,41.3,
2024-02-28 01:00:00+00:00,2161309,Pháp Vân,20.9481,105.8493,356.2,15.4,,38.6,
2024-02-28 02:00:00+00:00,2161309,Pháp Vân,20.9481,105.8493,548.6,26.1,,32.2,
2024-02-28 03:00:00+00:00,2161309,Pháp Vân,20.9481,105.8493,201.3,24.2,,26.1,
2024-02-28 04:00:00+00:00,2161309,Pháp Vân,20.9481,105.8493,244.6,13.9,,25.9,
2024-02-28 05:00:00+00:00,2161309,Pháp Vân,20.9481,105.8493,321.4,15.0,,21.6,
2024-02-28 06:00:00+00:00,2161309,Pháp Vân,20.9481,105.8493,145.6,14.2,,20.5,
2024-02-28 07:00:00+00:00,2161309,Pháp Vân,20.9481,105.8493,178.3,20.1,,26.7,
2024-02-28 08:00:00+00:00,2161309,Pháp Vân,20.9481,105.8493,331.7,25.6,,30.1,
2024-02-28 09:00:00+00:00,2161309,Pháp Vân,20.9481,105.8493,589.6,33.8,,32.4,
2024-02-28 13:00:00+00:00,2161309,Pháp Vân,20.9481,105.8493,704.3,21.5,,38.0,
2024-02-28 14:00:00+00:00,2161309,Pháp Vân,20.9481,105.8493,611.6,22.0,,38.4,
2024-02-28 15:00:00+00:00,2161309,Pháp Vân,20.9481,105.8493,638.6,21.0,,34.2,
2024-02-28 16:00:00+00:00,2161309,Pháp Vân,20.9481,105.8493,365.4,18.1,,23.1,
2024-02-28 17:00:00+00:00,2161309,Pháp Vân,20.9481,105.8493,291.4,16.8,,23.3,
2024-02-28 18:00:00+00:00,2161309,Pháp Vân,20.9481,105.8493,269.2,15.4,,26.7,
2024-02-28 19:00:00+00:00,2161309,Pháp Vân,20.9481,105.8493,248.2,14.9,,26.6,
2024-02-28 20:00:00+00:00,2161309,Pháp Vân,20.9481,105.8493,229.8,13.4,,22.0,
2024-02-28 21:00:00+00:00,2161309,Pháp Vân,20.9481,105.8493,221.6,11.9,,18.3,
2024-02-28 22:00:00+00:00,2161309,Pháp Vân,20.9481,105.8493,292.7,12.2,,14.0,
2024-02-28 23:00:00+00:00,2161309,Pháp Vân,20.9481,105.8493,413.2,13.7,,11.0,
2024-02-29 00:00:00+00:00,2161309,Pháp Vân,20.9481,105.8493,453.1,14.6,,11.3,
2024-02-29 01:00:00+00:00,2161309,Pháp Vân,20.9481,105.8493,845.2,26.4,,15.6,
2024-02-29 02:00:00+00:00,2161309,Pháp Vân,20.9481,105.8493,621.4,18.5,,19.3,
2024-02-29 03:00:00+00:00,2161309,Pháp Vân,20.9481,105.8493,600.5,12.3,,14.1,
2024-02-29 04:00:00+00:00,2161309,Pháp Vân,20.9481,105.8493,418.9,11.8,,17.0,
2024-02-29 07:00:00+00:00,2161309,Pháp Vân,20.9481,105.8493,963.2,19.6,,16.4,
2024-02-29 08:00:00+00:00,2161309,Pháp Vân,20.9481,105.8493,541.1,15.6,,20.1,
2024-02-29 13:00:00+00:00,2161309,Pháp Vân,20.9481,105.8493,399.8,14.4,,27.0,
2024-02-29 14:00:00+00:00,2161309,Pháp Vân,20.9481,105.8493,382.5,14.4,,23.6,
2024-02-29 15:00:00+00:00,2161309,Pháp Vân,20.9481,105.8493,410.2,14.7,,24.6,
2024-02-29 16:00:00+00:00,2161309,Pháp Vân,20.9481,105.8493,349.6,15.6,,20.6,
2024-02-29 17:00:00+00:00,2161309,Pháp Vân,20.9481,105.8493,287.3,13.5,,14.2,
2024-02-29 18:00:00+00:00,2161309,Pháp Vân,20.9481,105.8493,331.0,9.3,,15.4,
2024-02-29 19:00:00+00:00,2161309,Pháp Vân,20.9481,105.8493,271.1,9.6,,17.6,
2024-02-29 20:00:00+00:00,2161309,Pháp Vân,20.9481,105.8493,236.6,11.4,,14.4,
2024-02-29 21:00:00+00:00,2161309,Pháp Vân,20.9481,105.8493,253.0,12.6,,18.0,
2024-02-29 22:00:00+00:00,2161309,Pháp Vân,20.9481,105.8493,230.5,11.4,,12.4,
2024-02-29 23:00:00+00:00,2161309,Pháp Vân,20.9481,105.8493,291.2,13.5,,18.6,
2024-03-01 00:00:00+00:00,2161309,Pháp Vân,20.9481,105.8493,327.9,11.1,,19.0,
2024-03-01 01:00:00+00:00,2161309,Pháp Vân,20.9481,105.8493,392.1,15.6,,16.3,
2024-03-01 02:00:00+00:00,2161309,Pháp Vân,20.9481,105.8493,320.2,14.1,,13.2,
2024-03-01 03:00:00+00:00,2161309,Pháp Vân,20.9481,105.8493,256.4,10.3,,22.1,
2024-03-01 04:00:00+00:00,2161309,Pháp Vân,20.9481,105.8493,145.8,7.9,,11.4,
2024-03-01 05:00:00+00:00,2161309,Pháp Vân,20.9481,105.8493,124.5,7.0,,10.6,
2024-03-01 06:00:00+00:00,2161309,Pháp Vân,20.9481,105.8493,222.4,4.5,,7.3,
2024-03-01 07:00:00+00:00,2161309,Pháp Vân,20.9481,105.8493,203.1,6.3,,8.1,
2024-03-01 08:00:00+00:00,2161309,Pháp Vân,20.9481,105.8493,163.5,5.5,,5.9,
2024-03-01 13:00:00+00:00,2161309,Pháp Vân,20.9481,105.8493,506.2,10.9,,22.3,
2024-03-01 14:00:00+00:00,2161309,Pháp Vân,20.9481,105.8493,402.8,9.5,,21.2,
2024-03-01 15:00:00+00:00,2161309,Pháp Vân,20.9481,105.8493,350.3,7.2,,27.9,
2024-03-01 16:00:00+00:00,2161309,Pháp Vân,20.9481,105.8493,376.0,9.5,,29.5,
2024-03-01 17:00:00+00:00,2161309,Pháp Vân,20.9481,105.8493,348.4,9.1,,26.2,
2024-03-01 18:00:00+00:00,2161309,Pháp Vân,20.9481,105.8493,338.0,9.9,,27.6,
2024-03-01 19:00:00+00:00,2161309,Pháp Vân,20.9481,105.8493,272.8,8.3,,25.3,
2024-03-01 20:00:00+00:00,2161309,Pháp Vân,20.9481,105.8493,250.2,8.6,,26.8,
2024-03-01 21:00:00+00:00,2161309,Pháp Vân,20.9481,105.8493,191.8,5.9,,23.7,
2024-03-01 22:00:00+00:00,2161309,Pháp Vân,20.9481,105.8493,259.8,8.8,,27.7,
2024-03-01 23:00:00+00:00,2161309,Pháp Vân,20.9481,105.8493,243.8,7.7,,29.4,
2024-03-02 00:00:00+00:00,2161309,Pháp Vân,20.9481,105.8493,231.3,8.2,,24.7,
2024-03-02 01:00:00+00:00,2161309,Pháp Vân,20.9481,105.8493,541.2,15.0,,28.8,
2024-03-02 02:00:00+00:00,2161309,Pháp Vân,20.9481,105.8493,220.6,20.1,,26.3,
2024-03-02 03:00:00+00:00,2161309,Pháp Vân,20.9481,105.8493,168.9,14.8,,22.4,
2024-03-02 04:00:00+00:00,2161309,Pháp Vân,20.9481,105.8493,240.6,16.1,,24.6,
2024-03-02 05:00:00+00:00,2161309,Pháp Vân,20.9481,105.8493,245.8,15.4,,27.8,
2024-03-02 06:00:00+00:00,2161309,Pháp Vân,20.9481,105.8493,235.1,12.6,,30.0,
2024-03-02 07:00:00+00:00,2161309,Pháp Vân,20.9481,105.8493,256.6,13.1,,38.3,
2024-03-02 08:00:00+00:00,2161309,Pháp Vân,20.9481,105.8493,237.3,12.6,,40.1,
2024-03-02 09:00:00+00:00,2161309,Pháp Vân,20.9481,105.8493,248.9,14.9,,38.6,
2024-03-03 02:00:00+00:00,2161309,Pháp Vân,20.9481,105.8493,435.6,33.8,,38.1,
2024-03-03 03:00:00+00:00,2161309,Pháp Vân,20.9481,105.8493,449.3,38.0,,42.5,
2024-03-03 04:00:00+00:00,2161309,Pháp Vân,20.9481,105.8493,419.0,34.7,,42.1,
2024-03-03 05:00:00+00:00,2161309,Pháp Vân,20.9481,105.8493,352.1,27.3,,32.2,
2024-03-03 06:00:00+00:00,2161309,Pháp Vân,20.9481,105.8493,335.6,26.5,,29.2,
2024-03-03 07:00:00+00:00,2161309,Pháp Vân,20.9481,105.8493,364.4,30.7,,33.3,
2024-03-03 08:00:00+00:00,2161309,Pháp Vân,20.9481,105.8493,359.8,34.5,,32.3,
2024-03-03 09:00:00+00:00,2161309,Pháp Vân,20.9481,105.8493,365.8,37.7,,36.8,
2024-03-03 10:00:00+00:00,2161309,Pháp Vân,20.9481,105.8493,398.6,30.1,,41.0,
2024-03-03 11:00:00+00:00,2161309,Pháp Vân,20.9481,105.8493,433.5,30.0,,55.1,
2024-03-03 12:00:00+00:00,2161309,Pháp Vân,20.9481,105.8493,479.1,42.6,,50.4,
2024-03-03 13:00:00+00:00,2161309,Pháp Vân,20.9481,105.8493,467.3,35.3,,40.0,
2024-03-03 14:00:00+00:00,2161309,Pháp Vân,20.9481,105.8493,528.6,37.4,,37.8,
2024-03-03 15:00:00+00:00,2161309,Pháp Vân,20.9481,105.8493,584.0,37.4,,43.3,
2024-03-03 16:00:00+00:00,2161309,Pháp Vân,20.9481,105.8493,661.3,28.8,,33.6,
2024-03-03 17:00:00+00:00,2161309,Pháp Vân,20.9481,105.8493,463.0,36.0,,56.7,
2024-03-03 18:00:00+00:00,2161309,Pháp Vân,20.9481,105.8493,422.9,35.0,,53.8,
2024-03-03 19:00:00+00:00,2161309,Pháp Vân,20.9481,105.8493,425.7,28.8,,46.1,
2024-03-03 20:00:00+00:00,2161309,Pháp Vân,20.9481,105.8493,448.4,21.8,,43.2,
2024-03-03 21:00:00+00:00,2161309,Pháp Vân,20.9481,105.8493,391.9,22.2,,38.5,
2024-03-03 22:00:00+00:00,2161309,Pháp Vân,20.9481,105.8493,420.3,23.4,,38.7,
2024-03-03 23:00:00+00:00,2161309,Pháp Vân,20.9481,105.8493,643.4,38.4,,28.3,
2024-03-04 00:00:00+00:00,2161309,Pháp Vân,20.9481,105.8493,702.6,37.0,,25.9,
2024-03-04 01:00:00+00:00,2161309,Pháp Vân,20.9481,105.8493,1204.6,51.0,,43.3,
2024-03-04 02:00:00+00:00,2161309,Pháp Vân,20.9481,105.8493,1108.6,50.2,,35.6,
2024-03-04 03:00:00+00:00,2161309,Pháp Vân,20.9481,105.8493,845.6,41.8,,27.9,
2024-03-04 04:00:00+00:00,2161309,Pháp Vân,20.9481,105.8493,724.4,45.2,,30.1,
2024-03-04 05:00:00+00:00,2161309,Pháp Vân,20.9481,105.8493,663.2,40.1,,35.6,
2024-03-04 06:00:00+00:00,2161309,Pháp Vân,20.9481,105.8493,521.8,36.5,,33.2,
2024-03-04 07:00:00+00:00,2161309,Pháp Vân,20.9481,105.8493,500.1,39.8,,40.1,
2024-03-04 08:00:00+00:00,2161309,Pháp Vân,20.9481,105.8493,418.6,51.2,,45.8,
2024-03-04 09:00:00+00:00,2161309,Pháp Vân,20.9481,105.8493,488.9,55.6,,42.6,
2024-03-04 13:00:00+00:00,2161309,Pháp Vân,20.9481,105.8493,600.3,98.8,,53.3,
2024-03-04 14:00:00+00:00,2161309,Pháp Vân,20.9481,105.8493,712.1,113.5,,86.9,
2024-03-04 15:00:00+00:00,2161309,Pháp Vân,20.9481,105.8493,717.8,99.0,,78.1,
2024-03-04 16:00:00+00:00,2161309,Pháp Vân,20.9481,105.8493,566.5,91.5,,62.6,
2024-03-04 17:00:00+00:00,2161309,Pháp Vân,20.9481,105.8493,550.6,76.4,,63.1,
2024-03-04 18:00:00+00:00,2161309,Pháp Vân,20.9481,105.8493,502.9,56.1,,61.0,
2024-03-04 19:00:00+00:00,2161309,Pháp Vân,20.9481,105.8493,562.9,71.9,,68.1,
2024-03-04 20:00:00+00:00,2161309,Pháp Vân,20.9481,105.8493,620.4,67.4,,78.1,
2024-03-04 21:00:00+00:00,2161309,Pháp Vân,20.9481,105.8493,582.8,59.6,,90.9,
2024-03-04 22:00:00+00:00,2161309,Pháp Vân,20.9481,105.8493,637.0,58.8,,85.6,
2024-03-04 23:00:00+00:00,2161309,Pháp Vân,20.9481,105.8493,704.9,55.1,,92.2,
2024-03-05 00:00:00+00:00,2161309,Pháp Vân,20.9481,105.8493,821.5,57.2,,92.5,
2024-03-05 02:00:00+00:00,2161309,Pháp Vân,20.9481,105.8493,524.6,40.2,,56.8,
2024-03-05 03:00:00+00:00,2161309,Pháp Vân,20.9481,105.8493,452.1,45.1,,50.4,
2024-03-05 04:00:00+00:00,2161309,Pháp Vân,20.9481,105.8493,224.7,30.2,,46.2,
2024-03-05 05:00:00+00:00,2161309,Pháp Vân,20.9481,105.8493,321.4,25.6,,40.1,
2024-03-05 06:00:00+00:00,2161309,Pháp Vân,20.9481,105.8493,300.6,22.1,,52.6,
2024-03-05 07:00:00+00:00,2161309,Pháp Vân,20.9481,105.8493,256.8,24.1,,48.3,
2024-03-05 08:00:00+00:00,2161309,Pháp Vân,20.9481,105.8493,211.9,18.9,,39.6,
2024-03-05 13:00:00+00:00,2161309,Pháp Vân,20.9481,105.8493,1180.3,33.6,,70.1,
2024-03-05 14:00:00+00:00,2161309,Pháp Vân,20.9481,105.8493,639.5,27.8,,57.5,
2024-03-05 15:00:00+00:00,2161309,Pháp Vân,20.9481,105.8493,413.0,19.8,,52.4,
2024-03-05 16:00:00+00:00,2161309,Pháp Vân,20.9481,105.8493,340.6,21.6,,51.6,
2024-03-05 17:00:00+00:00,2161309,Pháp Vân,20.9481,105.8493,306.0,20.8,,41.0,
2024-03-05 18:00:00+00:00,2161309,Pháp Vân,20.9481,105.8493,255.1,18.8,,33.5,
2024-03-05 19:00:00+00:00,2161309,Pháp Vân,20.9481,105.8493,302.8,18.2,,44.8,
2024-03-05 20:00:00+00:00,2161309,Pháp Vân,20.9481,105.8493,377.9,19.4,,47.3,
2024-03-05 21:00:00+00:00,2161309,Pháp Vân,20.9481,105.8493,352.8,18.2,,48.8,
2024-03-05 22:00:00+00:00,2161309,Pháp Vân,20.9481,105.8493,362.9,20.4,,47.2,
2024-03-05 23:00:00+00:00,2161309,Pháp Vân,20.9481,105.8493,408.4,21.8,,50.5,
2024-03-06 00:00:00+00:00,2161309,Pháp Vân,20.9481,105.8493,481.7,22.6,,57.8,
2024-03-06 01:00:00+00:00,2161309,Pháp Vân,20.9481,105.8493,1062.3,30.2,,80.3,
2024-03-06 02:00:00+00:00,2161309,Pháp Vân,20.9481,105.8493,767.1,15.4,,58.6,
2024-03-06 03:00:00+00:00,2161309,Pháp Vân,20.9481,105.8493,544.5,22.1,,50.1,
2024-03-06 04:00:00+00:00,2161309,Pháp Vân,20.9481,105.8493,369.1,12.2,,43.2,
2024-03-06 05:00:00+00:00,2161309,Pháp Vân,20.9481,105.8493,478.6,19.0,,57.9,
2024-03-06 06:00:00+00:00,2161309,Pháp Vân,20.9481,105.8493,412.5,17.8,,44.6,
2024-03-06 07:00:00+00:00,2161309,Pháp Vân,20.9481,105.8493,377.6,19.0,,38.3,
2024-03-06 08:00:00+00:00,2161309,Pháp Vân,20.9481,105.8493,371.4,25.6,,35.4,
2024-03-06 09:00:00+00:00,2161309,Pháp Vân,20.9481,105.8493,383.3,19.8,,33.3,
2024-03-06 13:00:00+00:00,2161309,Pháp Vân,20.9481,105.8493,493.5,25.1,,54.1,
2024-03-06 14:00:00+00:00,2161309,Pháp Vân,20.9481,105.8493,445.7,25.4,,38.6,
2024-03-06 15:00:00+00:00,2161309,Pháp Vân,20.9481,105.8493,435.5,26.2,,33.4,
2024-03-06 16:00:00+00:00,2161309,Pháp Vân,20.9481,105.8493,427.8,25.4,,29.0,
2024-03-06 17:00:00+00:00,2161309,Pháp Vân,20.9481,105.8493,410.5,25.5,,27.6,
2024-03-06 18:00:00+00:00,2161309,Pháp Vân,20.9481,105.8493,403.6,25.0,,26.0,
2024-03-06 19:00:00+00:00,2161309,Pháp Vân,20.9481,105.8493,402.7,25.2,,25.6,
2024-03-06 20:00:00+00:00,2161309,Pháp Vân,20.9481,105.8493,437.4,26.5,,31.8,
2024-03-06 21:00:00+00:00,2161309,Pháp Vân,20.9481,105.8493,437.5,25.6,,41.6,
2024-03-06 22:00:00+00:00,2161309,Pháp Vân,20.9481,105.8493,392.1,25.9,,35.1,
2024-03-06 23:00:00+00:00,2161309,Pháp Vân,20.9481,105.8493,378.3,25.3,,33.0,
2024-03-07 00:00:00+00:00,2161309,Pháp Vân,20.9481,105.8493,382.7,24.9,,33.3,
2024-03-07 01:00:00+00:00,2161309,Pháp Vân,20.9481,105.8493,641.5,30.5,,30.0,
2024-03-07 02:00:00+00:00,2161309,Pháp Vân,20.9481,105.8493,600.2,35.1,,39.6,
2024-03-07 03:00:00+00:00,2161309,Pháp Vân,20.9481,105.8493,482.1,26.4,,42.2,
2024-03-07 04:00:00+00:00,2161309,Pháp Vân,20.9481,105.8493,492.4,22.0,,40.8,
2024-03-07 05:00:00+00:00,2161309,Pháp Vân,20.9481,105.8493,514.6,18.5,,42.1,
2024-03-07 06:00:00+00:00,2161309,Pháp Vân,20.9481,105.8493,622.4,24.3,,36.5,
2024-03-07 07:00:00+00:00,2161309,Pháp Vân,20.9481,105.8493,725.9,26.3,,38.9,
2024-03-07 08:00:00+00:00,2161309,Pháp Vân,20.9481,105.8493,1024.6,30.1,,48.8,
2024-03-07 09:00:00+00:00,2161309,Pháp Vân,20.9481,105.8493,1222.5,35.8,,49.6,
2024-03-07 13:00:00+00:00,2161309,Pháp Vân,20.9481,105.8493,1315.6,38.1,,59.1,
2024-03-07 14:00:00+00:00,2161309,Pháp Vân,20.9481,105.8493,1173.5,39.6,,45.6,
2024-03-07 15:00:00+00:00,2161309,Pháp Vân,20.9481,105.8493,1135.4,38.4,,43.9,
2024-03-07 16:00:00+00:00,2161309,Pháp Vân,20.9481,105.8493,1075.7,38.1,,35.6,
2024-03-07 17:00:00+00:00,2161309,Pháp Vân,20.9481,105.8493,1063.5,37.7,,27.1,
2024-03-07 18:00:00+00:00,2161309,Pháp Vân,20.9481,105.8493,1142.7,37.0,,30.9,
2024-03-07 19:00:00+00:00,2161309,Pháp Vân,20.9481,105.8493,1217.0,38.6,,33.1,
2024-03-07 20:00:00+00:00,2161309,Pháp Vân,20.9481,105.8493,1153.9,36.5,,32.2,
2024-03-07 21:00:00+00:00,2161309,Pháp Vân,20.9481,105.8493,1418.2,37.0,,36.6,
2024-03-07 22:00:00+00:00,2161309,Pháp Vân,20.9481,105.8493,1887.7,37.8,,60.0,
2024-03-07 23:00:00+00:00,2161309,Pháp Vân,20.9481,105.8493,1595.5,37.9,,52.8,
2024-03-08 00:00:00+00:00,2161309,Pháp Vân,20.9481,105.8493,1496.7,38.0,,38.2,
2024-03-08 01:00:00+00:00,2161309,Pháp Vân,20.9481,105.8493,1854.7,42.6,,42.2,
2024-03-08 02:00:00+00:00,2161309,Pháp Vân,20.9481,105.8493,1554.0,40.1,,44.6,
2024-03-08 03:00:00+00:00,2161309,Pháp Vân,20.9481,105.8493,954.7,35.6,,50.9,
2024-03-08 04:00:00+00:00,2161309,Pháp Vân,20.9481,105.8493,2145.5,41.9,,38.9,
2024-03-08 05:00:00+00:00,2161309,Pháp Vân,20.9481,105.8493,2361.1,35.7,,42.5,
2024-03-08 06:00:00+00:00,2161309,Pháp Vân,20.9481,105.8493,1086.5,14.8,,46.7,
2024-03-08 07:00:00+00:00,2161309,Pháp Vân,20.9481,105.8493,1238.6,20.1,,52.4,
2024-03-08 08:00:00+00:00,2161309,Pháp Vân,20.9481,105.8493,1272.8,18.0,,58.9,
2024-03-08 09:00:00+00:00,2161309,Pháp Vân,20.9481,105.8493,1592.6,27.9,,56.7,
2024-03-08 10:00:00+00:00,2161309,Pháp Vân,20.9481,105.8493,1669.7,29.0,,57.8,
2024-03-10 16:00:00+00:00,2161309,Pháp Vân,20.9481,105.8493,426.0,19.1,,13.5,
2024-03-10 17:00:00+00:00,2161309,Pháp Vân,20.9481,105.8493,417.1,16.8,,17.2,
2024-03-10 18:00:00+00:00,2161309,Pháp Vân,20.9481,105.8493,305.9,12.8,,19.5,
2024-03-10 19:00:00+00:00,2161309,Pháp Vân,20.9481,105.8493,208.6,3.2,,18.6,
2024-03-10 20:00:00+00:00,2161309,Pháp Vân,20.9481,105.8493,241.7,2.9,,18.1,
2024-03-10 21:00:00+00:00,2161309,Pháp Vân,20.9481,105.8493,200.4,2.9,,12.2,
2024-03-10 22:00:00+00:00,2161309,Pháp Vân,20.9481,105.8493,229.7,3.5,,11.1,
2024-03-10 23:00:00+00:00,2161309,Pháp Vân,20.9481,105.8493,306.8,5.3,,12.8,
2024-03-11 00:00:00+00:00,2161309,Pháp Vân,20.9481,105.8493,638.9,16.3,,13.5,
2024-03-11 01:00:00+00:00,2161309,Pháp Vân,20.9481,105.8493,419.9,14.3,,16.1,
2024-03-11 02:00:00+00:00,2161309,Pháp Vân,20.9481,105.8493,286.3,8.4,,17.5,
2024-03-11 03:00:00+00:00,2161309,Pháp Vân,20.9481,105.8493,325.6,8.5,,16.2,
2024-03-11 04:00:00+00:00,2161309,Pháp Vân,20.9481,105.8493,469.6,14.9,,23.2,
2024-03-11 05:00:00+00:00,2161309,Pháp Vân,20.9481,105.8493,437.8,14.8,,20.8,
2024-03-11 06:00:00+00:00,2161309,Pháp Vân,20.9481,105.8493,401.5,14.8,,12.8,
2024-03-11 07:00:00+00:00,2161309,Pháp Vân,20.9481,105.8493,370.4,16.0,,12.8,
2024-03-11 08:00:00+00:00,2161309,Pháp Vân,20.9481,105.8493,391.0,17.7,,14.8,
2024-03-11 09:00:00+00:00,2161309,Pháp Vân,20.9481,105.8493,391.6,12.5,,15.1,
2024-03-14 22:00:00+00:00,2161309,Pháp Vân,20.9481,105.8493,535.3,13.5,,15.2,
2024-03-14 23:00:00+00:00,2161309,Pháp Vân,20.9481,105.8493,908.6,17.2,,19.6,
2024-03-15 00:00:00+00:00,2161309,Pháp Vân,20.9481,105.8493,959.4,20.7,,23.0,
2024-03-15 01:00:00+00:00,2161309,Pháp Vân,20.9481,105.8493,547.6,28.0,,26.5,
2024-03-15 02:00:00+00:00,2161309,Pháp Vân,20.9481,105.8493,114.2,35.2,,27.1,
2024-03-15 03:00:00+00:00,2161309,Pháp Vân,20.9481,105.8493,324.1,30.4,,23.4,
2024-03-15 08:00:00+00:00,2161309,Pháp Vân,20.9481,105.8493,862.4,26.2,,30.5,
2024-03-15 09:00:00+00:00,2161309,Pháp Vân,20.9481,105.8493,1198.8,24.4,,39.9,
2024-03-15 13:00:00+00:00,2161309,Pháp Vân,20.9481,105.8493,606.4,10.1,,27.9,
2024-03-15 14:00:00+00:00,2161309,Pháp Vân,20.9481,105.8493,442.1,8.9,,30.8,
2024-03-15 15:00:00+00:00,2161309,Pháp Vân,20.9481,105.8493,425.9,8.4,,28.5,
2024-03-15 16:00:00+00:00,2161309,Pháp Vân,20.9481,105.8493,329.6,8.5,,31.8,
2024-03-15 17:00:00+00:00,2161309,Pháp Vân,20.9481,105.8493,275.2,7.7,,38.3,
2024-03-15 18:00:00+00:00,2161309,Pháp Vân,20.9481,105.8493,244.1,7.4,,41.9,
2024-03-15 19:00:00+00:00,2161309,Pháp Vân,20.9481,105.8493,204.4,6.9,,37.4,
2024-03-15 20:00:00+00:00,2161309,Pháp Vân,20.9481,105.8493,193.1,5.9,,34.1,
2024-03-15 21:00:00+00:00,2161309,Pháp Vân,20.9481,105.8493,203.7,6.4,,34.4,
2024-03-15 22:00:00+00:00,2161309,Pháp Vân,20.9481,105.8493,219.2,6.8,,35.5,
2024-03-15 23:00:00+00:00,2161309,Pháp Vân,20.9481,105.8493,502.6,8.9,,33.9,
2024-03-16 00:00:00+00:00,2161309,Pháp Vân,20.9481,105.8493,1238.9,9.9,,29.6,
2024-03-16 01:00:00+00:00,2161309,Pháp Vân,20.9481,105.8493,733.4,10.0,,29.2,
2024-03-16 02:00:00+00:00,2161309,Pháp Vân,20.9481,105.8493,1113.0,10.4,,34.2,
2024-03-16 03:00:00+00:00,2161309,Pháp Vân,20.9481,105.8493,762.0,10.9,,37.3,
2024-03-16 04:00:00+00:00,2161309,Pháp Vân,20.9481,105.8493,532.2,10.6,,39.0,
2024-03-16 05:00:00+00:00,2161309,Pháp Vân,20.9481,105.8493,470.0,11.3,,41.3,
2024-03-16 06:00:00+00:00,2161309,Pháp Vân,20.9481,105.8493,278.3,8.8,,34.3,
2024-03-16 07:00:00+00:00,2161309,Pháp Vân,20.9481,105.8493,274.8,8.5,,45.8,
2024-03-16 08:00:00+00:00,2161309,Pháp Vân,20.9481,105.8493,262.4,8.2,,36.8,
2024-03-16 09:00:00+00:00,2161309,Pháp Vân,20.9481,105.8493,272.6,8.7,,36.6,
2024-03-16 10:00:00+00:00,2161309,Pháp Vân,20.9481,105.8493,1396.1,10.0,,21.8,
2024-03-16 11:00:00+00:00,2161309,Pháp Vân,20.9481,105.8493,487.3,11.9,,28.9,
2024-03-16 12:00:00+00:00,2161309,Pháp Vân,20.9481,105.8493,594.9,10.9,,33.8,
2024-03-16 13:00:00+00:00,2161309,Pháp Vân,20.9481,105.8493,532.3,9.7,,32.8,
2024-03-16 14:00:00+00:00,2161309,Pháp Vân,20.9481,105.8493,480.3,9.7,,35.5,
2024-03-16 15:00:00+00:00,2161309,Pháp Vân,20.9481,105.8493,553.1,10.9,,35.2,
2024-03-16 16:00:00+00:00,2161309,Pháp Vân,20.9481,105.8493,404.4,11.3,,33.0,
2024-03-16 17:00:00+00:00,2161309,Pháp Vân,20.9481,105.8493,301.2,9.3,,33.2,
2024-03-16 18:00:00+00:00,2161309,Pháp Vân,20.9481,105.8493,206.7,8.6,,31.9,
2024-03-16 19:00:00+00:00,2161309,Pháp Vân,20.9481,105.8493,143.1,7.5,,41.0,
2024-03-16 20:00:00+00:00,2161309,Pháp Vân,20.9481,105.8493,394.0,7.7,,65.3,
2024-03-16 21:00:00+00:00,2161309,Pháp Vân,20.9481,105.8493,196.3,7.5,,68.3,
2024-03-16 22:00:00+00:00,2161309,Pháp Vân,20.9481,105.8493,220.3,9.0,,65.3,
2024-03-16 23:00:00+00:00,2161309,Pháp Vân,20.9481,105.8493,279.2,9.2,,67.1,
2024-03-17 00:00:00+00:00,2161309,Pháp Vân,20.9481,105.8493,313.7,9.3,,56.3,
2024-03-17 01:00:00+00:00,2161309,Pháp Vân,20.9481,105.8493,416.3,9.3,,47.5,
2024-03-17 02:00:00+00:00,2161309,Pháp Vân,20.9481,105.8493,602.6,9.4,,30.7,
2024-03-17 03:00:00+00:00,2161309,Pháp Vân,20.9481,105.8493,3691.4,10.1,,31.6,
2024-03-17 04:00:00+00:00,2161309,Pháp Vân,20.9481,105.8493,2592.5,8.8,,37.2,
2024-03-17 05:00:00+00:00,2161309,Pháp Vân,20.9481,105.8493,1744.9,9.0,,38.2,
2024-03-17 06:00:00+00:00,2161309,Pháp Vân,20.9481,105.8493,2514.6,9.7,,61.9,
2024-03-17 07:00:00+00:00,2161309,Pháp Vân,20.9481,105.8493,3887.0,8.5,,58.2,
2024-03-17 08:00:00+00:00,2161309,Pháp Vân,20.9481,105.8493,3860.2,8.5,,38.5,
2024-03-17 09:00:00+00:00,2161309,Pháp Vân,20.9481,105.8493,6732.5,10.4,,26.6,
2024-03-17 10:00:00+00:00,2161309,Pháp Vân,20.9481,105.8493,6055.1,9.2,,37.0,
2024-03-17 11:00:00+00:00,2161309,Pháp Vân,20.9481,105.8493,3779.5,10.9,,40.8,
2024-03-17 12:00:00+00:00,2161309,Pháp Vân,20.9481,105.8493,1477.6,11.6,,50.0,
2024-03-17 13:00:00+00:00,2161309,Pháp Vân,20.9481,105.8493,509.5,9.5,,44.3,
2024-03-17 14:00:00+00:00,2161309,Pháp Vân,20.9481,105.8493,579.2,8.4,,31.2,
2024-03-17 15:00:00+00:00,2161309,Pháp Vân,20.9481,105.8493,332.1,11.9,,32.9,
2024-03-17 16:00:00+00:00,2161309,Pháp Vân,20.9481,105.8493,1003.0,13.0,,40.4,
2024-03-17 17:00:00+00:00,2161309,Pháp Vân,20.9481,105.8493,1280.9,9.8,,42.4,
2024-03-17 18:00:00+00:00,2161309,Pháp Vân,20.9481,105.8493,448.2,12.6,,43.1,
2024-03-17 19:00:00+00:00,2161309,Pháp Vân,20.9481,105.8493,93.3,6.6,,42.0,
2024-03-17 20:00:00+00:00,2161309,Pháp Vân,20.9481,105.8493,118.5,9.0,,32.6,
2024-03-17 21:00:00+00:00,2161309,Pháp Vân,20.9481,105.8493,163.7,11.4,,33.7,
2024-03-17 22:00:00+00:00,2161309,Pháp Vân,20.9481,105.8493,244.5,12.0,,34.4,
2024-03-17 23:00:00+00:00,2161309,Pháp Vân,20.9481,105.8493,121.9,7.7,,32.0,
2024-03-18 03:00:00+00:00,2161309,Pháp Vân,20.9481,105.8493,351.4,40.5,,35.6,
2024-03-18 04:00:00+00:00,2161309,Pháp Vân,20.9481,105.8493,660.3,42.1,,31.2,
2024-03-18 05:00:00+00:00,2161309,Pháp Vân,20.9481,105.8493,661.2,32.7,,33.6,
2024-03-18 06:00:00+00:00,2161309,Pháp Vân,20.9481,105.8493,803.4,28.4,,33.0,
2024-03-18 07:00:00+00:00,2161309,Pháp Vân,20.9481,105.8493,747.3,26.7,,26.0,
2024-03-18 08:00:00+00:00,2161309,Pháp Vân,20.9481,105.8493,586.2,28.2,,28.6,
2024-03-18 13:00:00+00:00,2161309,Pháp Vân,20.9481,105.8493,1031.0,20.2,,42.1,
2024-03-18 14:00:00+00:00,2161309,Pháp Vân,20.9481,105.8493,1032.3,19.0,,37.9,
2024-03-18 15:00:00+00:00,2161309,Pháp Vân,20.9481,105.8493,1014.6,16.6,,39.2,
2024-03-18 16:00:00+00:00,2161309,Pháp Vân,20.9481,105.8493,1266.8,17.5,,44.9,
2024-03-18 17:00:00+00:00,2161309,Pháp Vân,20.9481,105.8493,1396.2,24.0,,50.6,
2024-03-18 18:00:00+00:00,2161309,Pháp Vân,20.9481,105.8493,1359.4,27.7,,48.2,
2024-03-18 19:00:00+00:00,2161309,Pháp Vân,20.9481,105.8493,1346.7,27.5,,45.0,
2024-03-18 20:00:00+00:00,2161309,Pháp Vân,20.9481,105.8493,1224.5,27.1,,49.3,
2024-03-18 21:00:00+00:00,2161309,Pháp Vân,20.9481,105.8493,1088.9,19.6,,51.6,
2024-03-18 22:00:00+00:00,2161309,Pháp Vân,20.9481,105.8493,1074.0,18.4,,66.2,
2024-03-18 23:00:00+00:00,2161309,Pháp Vân,20.9481,105.8493,905.1,18.4,,42.4,
2024-03-19 00:00:00+00:00,2161309,Pháp Vân,20.9481,105.8493,982.1,11.8,,14.1,
2024-03-19 01:00:00+00:00,2161309,Pháp Vân,20.9481,105.8493,856.0,18.6,,11.2,
2024-03-19 02:00:00+00:00,2161309,Pháp Vân,20.9481,105.8493,775.6,20.2,,9.3,
2024-03-19 03:00:00+00:00,2161309,Pháp Vân,20.9481,105.8493,632.9,15.3,,13.8,
2024-03-19 05:00:00+00:00,2161309,Pháp Vân,20.9481,105.8493,654.2,20.6,,18.6,
2024-03-19 06:00:00+00:00,2161309,Pháp Vân,20.9481,105.8493,552.9,25.9,,14.2,
2024-03-19 07:00:00+00:00,2161309,Pháp Vân,20.9481,105.8493,508.4,21.4,,21.4,
2024-03-19 08:00:00+00:00,2161309,Pháp Vân,20.9481,105.8493,328.4,13.8,,26.4,
2024-03-19 14:00:00+00:00,2161309,Pháp Vân,20.9481,105.8493,552.8,19.0,,34.7,
2024-03-19 15:00:00+00:00,2161309,Pháp Vân,20.9481,105.8493,491.4,18.6,,32.3,
2024-03-19 16:00:00+00:00,2161309,Pháp Vân,20.9481,105.8493,448.2,19.7,,28.2,
2024-03-19 17:00:00+00:00,2161309,Pháp Vân,20.9481,105.8493,390.5,18.8,,16.2,
2024-03-19 18:00:00+00:00,2161309,Pháp Vân,20.9481,105.8493,401.2,18.2,,16.6,
2024-03-19 19:00:00+00:00,2161309,Pháp Vân,20.9481,105.8493,412.1,19.6,,18.4,
2024-03-19 20:00:00+00:00,2161309,Pháp Vân,20.9481,105.8493,413.1,20.3,,19.5,
2024-03-19 21:00:00+00:00,2161309,Pháp Vân,20.9481,105.8493,435.8,19.3,,27.5,
2024-03-19 22:00:00+00:00,2161309,Pháp Vân,20.9481,105.8493,434.6,18.9,,30.3,
2024-03-19 23:00:00+00:00,2161309,Pháp Vân,20.9481,105.8493,493.5,18.5,,31.5,
2024-03-20 00:00:00+00:00,2161309,Pháp Vân,20.9481,105.8493,655.8,19.0,,28.2,
2024-03-20 01:00:00+00:00,2161309,Pháp Vân,20.9481,105.8493,993.9,18.6,,37.6,
2024-03-20 02:00:00+00:00,2161309,Pháp Vân,20.9481,105.8493,741.0,25.6,,39.2,
2024-03-20 03:00:00+00:00,2161309,Pháp Vân,20.9481,105.8493,632.8,20.3,,34.1,
2024-03-20 04:00:00+00:00,2161309,Pháp Vân,20.9481,105.8493,600.8,14.0,,26.0,
2024-03-20 05:00:00+00:00,2161309,Pháp Vân,20.9481,105.8493,524.8,21.6,,25.1,
2024-03-20 06:00:00+00:00,2161309,Pháp Vân,20.9481,105.8493,500.6,13.0,,24.3,
2024-03-20 07:00:00+00:00,2161309,Pháp Vân,20.9481,105.8493,421.3,14.6,,18.6,
2024-03-20 08:00:00+00:00,2161309,Pháp Vân,20.9481,105.8493,128.9,11.8,,20.4,
2024-03-21 13:00:00+00:00,2161309,Pháp Vân,20.9481,105.8493,327.2,21.7,,24.5,
2024-03-21 14:00:00+00:00,2161309,Pháp Vân,20.9481,105.8493,306.8,19.8,,22.4,
2024-03-21 15:00:00+00:00,2161309,Pháp Vân,20.9481,105.8493,308.3,16.9,,22.4,
2024-03-21 16:00:00+00:00,2161309,Pháp Vân,20.9481,105.8493,286.9,13.7,,23.3,
2024-03-21 17:00:00+00:00,2161309,Pháp Vân,20.9481,105.8493,277.3,14.6,,25.4,
2024-03-21 18:00:00+00:00,2161309,Pháp Vân,20.9481,105.8493,294.6,15.3,,27.8,
2024-03-21 19:00:00+00:00,2161309,Pháp Vân,20.9481,105.8493,287.5,15.1,,36.6,
2024-03-21 20:00:00+00:00,2161309,Pháp Vân,20.9481,105.8493,284.1,14.4,,36.1,
2024-03-21 21:00:00+00:00,2161309,Pháp Vân,20.9481,105.8493,290.0,15.1,,36.0,
2024-03-21 22:00:00+00:00,2161309,Pháp Vân,20.9481,105.8493,269.3,14.4,,32.1,
2024-03-21 23:00:00+00:00,2161309,Pháp Vân,20.9481,105.8493,289.7,16.1,,38.2,
2024-03-22 00:00:00+00:00,2161309,Pháp Vân,20.9481,105.8493,352.0,17.9,,39.2,
2024-03-22 01:00:00+00:00,2161309,Pháp Vân,20.9481,105.8493,657.8,45.6,,42.1,
2024-03-22 02:00:00+00:00,2161309,Pháp Vân,20.9481,105.8493,711.5,60.2,,36.5,
2024-03-22 03:00:00+00:00,2161309,Pháp Vân,20.9481,105.8493,415.6,33.5,,33.9,
2024-03-22 04:00:00+00:00,2161309,Pháp Vân,20.9481,105.8493,511.8,39.1,,27.8,
2024-03-22 05:00:00+00:00,2161309,Pháp Vân,20.9481,105.8493,624.5,31.4,,25.1,
2024-03-22 06:00:00+00:00,2161309,Pháp Vân,20.9481,105.8493,325.6,33.2,,29.6,
2024-03-22 07:00:00+00:00,2161309,Pháp Vân,20.9481,105.8493,400.8,25.6,,32.2,
2024-03-22 08:00:00+00:00,2161309,Pháp Vân,20.9481,105.8493,548.9,29.0,,35.0,
2024-03-22 09:00:00+00:00,2161309,Pháp Vân,20.9481,105.8493,912.6,44.5,,40.1,
2024-03-24 13:00:00+00:00,2161309,Pháp Vân,20.9481,105.8493,895.2,13.7,,30.0,
2024-03-24 14:00:00+00:00,2161309,Pháp Vân,20.9481,105.8493,720.0,13.6,,35.8,
2024-03-24 15:00:00+00:00,2161309,Pháp Vân,20.9481,105.8493,494.8,15.4,,56.8,
2024-03-24 16:00:00+00:00,2161309,Pháp Vân,20.9481,105.8493,388.0,13.8,,75.0,
2024-03-24 17:00:00+00:00,2161309,Pháp Vân,20.9481,105.8493,467.6,12.1,,60.0,
2024-03-24 18:00:00+00:00,2161309,Pháp Vân,20.9481,105.8493,240.3,9.3,,55.2,
2024-03-24 19:00:00+00:00,2161309,Pháp Vân,20.9481,105.8493,180.2,8.8,,69.0,
2024-03-24 20:00:00+00:00,2161309,Pháp Vân,20.9481,105.8493,179.1,8.4,,59.4,
2024-03-24 21:00:00+00:00,2161309,Pháp Vân,20.9481,105.8493,124.6,8.0,,49.6,
2024-03-24 22:00:00+00:00,2161309,Pháp Vân,20.9481,105.8493,147.6,8.7,,53.4,
2024-03-24 23:00:00+00:00,2161309,Pháp Vân,20.9481,105.8493,266.3,11.5,,47.2,
2024-03-25 00:00:00+00:00,2161309,Pháp Vân,20.9481,105.8493,498.4,12.1,,49.6,
2024-03-25 01:00:00+00:00,2161309,Pháp Vân,20.9481,105.8493,1589.5,20.6,,42.0,
2024-03-25 02:00:00+00:00,2161309,Pháp Vân,20.9481,105.8493,1091.4,20.3,,45.1,
2024-03-25 03:00:00+00:00,2161309,Pháp Vân,20.9481,105.8493,771.8,20.4,,26.8,
2024-03-25 04:00:00+00:00,2161309,Pháp Vân,20.9481,105.8493,580.9,17.8,,27.3,
2024-03-25 05:00:00+00:00,2161309,Pháp Vân,20.9481,105.8493,514.1,22.4,,25.0,
2024-03-25 06:00:00+00:00,2161309,Pháp Vân,20.9481,105.8493,324.8,26.9,,24.3,
2024-03-25 07:00:00+00:00,2161309,Pháp Vân,20.9481,105.8493,458.6,12.3,,18.9,
2024-03-25 08:00:00+00:00,2161309,Pháp Vân,20.9481,105.8493,221.8,17.1,,20.3,
2024-03-26 13:00:00+00:00,2161309,Pháp Vân,20.9481,105.8493,490.9,95.0,,41.6,
2024-03-26 14:00:00+00:00,2161309,Pháp Vân,20.9481,105.8493,463.0,76.6,,41.8,
2024-03-26 15:00:00+00:00,2161309,Pháp Vân,20.9481,105.8493,480.1,50.9,,48.1,
2024-03-26 16:00:00+00:00,2161309,Pháp Vân,20.9481,105.8493,479.5,37.6,,45.8,
2024-03-26 17:00:00+00:00,2161309,Pháp Vân,20.9481,105.8493,401.3,34.8,,45.3,
2024-03-26 18:00:00+00:00,2161309,Pháp Vân,20.9481,105.8493,299.4,32.5,,40.7,
2024-03-26 19:00:00+00:00,2161309,Pháp Vân,20.9481,105.8493,205.0,22.5,,36.4,
2024-03-26 20:00:00+00:00,2161309,Pháp Vân,20.9481,105.8493,207.1,22.4,,37.4,
2024-03-26 21:00:00+00:00,2161309,Pháp Vân,20.9481,105.8493,191.3,15.3,,37.0,
2024-03-26 22:00:00+00:00,2161309,Pháp Vân,20.9481,105.8493,179.7,12.0,,33.3,
2024-03-26 23:00:00+00:00,2161309,Pháp Vân,20.9481,105.8493,179.6,14.5,,30.4,
2024-03-27 00:00:00+00:00,2161309,Pháp Vân,20.9481,105.8493,282.0,19.5,,31.2,
2024-03-27 01:00:00+00:00,2161309,Pháp Vân,20.9481,105.8493,547.1,35.1,,35.2,
2024-03-27 02:00:00+00:00,2161309,Pháp Vân,20.9481,105.8493,452.6,30.0,,26.5,
2024-03-27 03:00:00+00:00,2161309,Pháp Vân,20.9481,105.8493,328.5,22.8,,27.3,
2024-03-27 05:00:00+00:00,2161309,Pháp Vân,20.9481,105.8493,572.0,31.7,,26.1,
2024-03-27 06:00:00+00:00,2161309,Pháp Vân,20.9481,105.8493,490.0,26.5,,22.2,
2024-03-27 07:00:00+00:00,2161309,Pháp Vân,20.9481,105.8493,511.4,27.2,,20.6,
2024-03-27 08:00:00+00:00,2161309,Pháp Vân,20.9481,105.8493,473.0,26.7,,24.0,
2024-03-27 09:00:00+00:00,2161309,Pháp Vân,20.9481,105.8493,469.4,27.4,,29.6,
2024-03-27 13:00:00+00:00,2161309,Pháp Vân,20.9481,105.8493,292.8,25.7,,22.7,
2024-03-27 14:00:00+00:00,2161309,Pháp Vân,20.9481,105.8493,232.6,24.8,,29.4,
2024-03-27 15:00:00+00:00,2161309,Pháp Vân,20.9481,105.8493,254.2,24.3,,25.4,
2024-03-27 16:00:00+00:00,2161309,Pháp Vân,20.9481,105.8493,210.1,20.6,,31.5,
2024-03-27 17:00:00+00:00,2161309,Pháp Vân,20.9481,105.8493,162.8,23.3,,33.3,
2024-03-27 18:00:00+00:00,2161309,Pháp Vân,20.9481,105.8493,96.4,20.7,,29.9,
2024-03-27 19:00:00+00:00,2161309,Pháp Vân,20.9481,105.8493,68.0,17.0,,28.5,
2024-03-27 20:00:00+00:00,2161309,Pháp Vân,20.9481,105.8493,40.6,14.6,,24.8,
2024-03-27 21:00:00+00:00,2161309,Pháp Vân,20.9481,105.8493,79.0,16.7,,26.6,
2024-03-27 22:00:00+00:00,2161309,Pháp Vân,20.9481,105.8493,120.4,18.3,,28.1,
2024-03-27 23:00:00+00:00,2161309,Pháp Vân,20.9481,105.8493,203.9,13.2,,32.9,
2024-03-28 00:00:00+00:00,2161309,Pháp Vân,20.9481,105.8493,507.0,15.9,,44.6,
2024-03-28 01:00:00+00:00,2161309,Pháp Vân,20.9481,105.8493,486.8,11.2,,42.2,
2024-03-28 02:00:00+00:00,2161309,Pháp Vân,20.9481,105.8493,497.6,13.6,,39.5,
2024-03-28 03:00:00+00:00,2161309,Pháp Vân,20.9481,105.8493,712.0,37.6,,39.7,
2024-03-28 04:00:00+00:00,2161309,Pháp Vân,20.9481,105.8493,575.8,31.0,,28.6,
2024-03-28 05:00:00+00:00,2161309,Pháp Vân,20.9481,105.8493,510.0,26.5,,32.1,
2024-03-28 06:00:00+00:00,2161309,Pháp Vân,20.9481,105.8493,425.8,24.0,,30.6,
2024-03-28 07:00:00+00:00,2161309,Pháp Vân,20.9481,105.8493,482.1,25.1,,24.2,
2024-03-28 08:00:00+00:00,2161309,Pháp Vân,20.9481,105.8493,222.6,20.8,,22.8,
2024-03-28 13:00:00+00:00,2161309,Pháp Vân,20.9481,105.8493,854.7,34.4,,32.9,
2024-03-28 14:00:00+00:00,2161309,Pháp Vân,20.9481,105.8493,389.0,28.3,,20.7,
2024-03-28 15:00:00+00:00,2161309,Pháp Vân,20.9481,105.8493,479.6,27.7,,21.2,
2024-03-28 16:00:00+00:00,2161309,Pháp Vân,20.9481,105.8493,444.8,20.9,,22.4,
2024-03-28 17:00:00+00:00,2161309,Pháp Vân,20.9481,105.8493,293.7,18.1,,15.8,
2024-03-28 18:00:00+00:00,2161309,Pháp Vân,20.9481,105.8493,283.7,18.0,,18.0,
2024-03-28 19:00:00+00:00,2161309,Pháp Vân,20.9481,105.8493,316.0,16.2,,18.7,
2024-03-28 20:00:00+00:00,2161309,Pháp Vân,20.9481,105.8493,306.5,19.2,,23.5,
2024-03-28 21:00:00+00:00,2161309,Pháp Vân,20.9481,105.8493,334.1,19.7,,32.1,
2024-03-28 22:00:00+00:00,2161309,Pháp Vân,20.9481,105.8493,337.0,17.1,,25.8,
2024-03-28 23:00:00+00:00,2161309,Pháp Vân,20.9481,105.8493,383.7,16.1,,32.7,
2024-03-29 00:00:00+00:00,2161309,Pháp Vân,20.9481,105.8493,472.4,16.0,,36.8,
2024-03-29 01:00:00+00:00,2161309,Pháp Vân,20.9481,105.8493,1768.8,21.7,,32.1,
2024-03-29 02:00:00+00:00,2161309,Pháp Vân,20.9481,105.8493,1712.6,22.9,,40.2,
2024-03-29 03:00:00+00:00,2161309,Pháp Vân,20.9481,105.8493,1376.6,23.7,,45.6,
2024-03-29 04:00:00+00:00,2161309,Pháp Vân,20.9481,105.8493,859.0,21.7,,51.3,
2024-03-29 05:00:00+00:00,2161309,Pháp Vân,20.9481,105.8493,818.6,21.5,,40.3,
2024-03-29 06:00:00+00:00,2161309,Pháp Vân,20.9481,105.8493,1188.2,16.7,,37.1,
2024-03-29 07:00:00+00:00,2161309,Pháp Vân,20.9481,105.8493,756.0,23.6,,25.6,
2024-03-29 08:00:00+00:00,2161309,Pháp Vân,20.9481,105.8493,746.6,19.3,,22.3,
2024-03-29 13:00:00+00:00,2161309,Pháp Vân,20.9481,105.8493,894.7,24.6,,25.9,
2024-03-29 14:00:00+00:00,2161309,Pháp Vân,20.9481,105.8493,1256.4,27.4,,28.8,
2024-03-29 15:00:00+00:00,2161309,Pháp Vân,20.9481,105.8493,1474.6,34.2,,32.6,
2024-03-29 16:00:00+00:00,2161309,Pháp Vân,20.9481,105.8493,1328.6,36.8,,39.0,
2024-03-29 17:00:00+00:00,2161309,Pháp Vân,20.9481,105.8493,1568.1,30.7,,47.7,
2024-03-29 18:00:00+00:00,2161309,Pháp Vân,20.9481,105.8493,1572.0,27.0,,48.8,
2024-03-29 19:00:00+00:00,2161309,Pháp Vân,20.9481,105.8493,1440.6,26.8,,51.7,
2024-03-29 20:00:00+00:00,2161309,Pháp Vân,20.9481,105.8493,1445.1,26.8,,67.9,
2024-03-29 21:00:00+00:00,2161309,Pháp Vân,20.9481,105.8493,1075.7,17.0,,52.3,
2024-03-29 22:00:00+00:00,2161309,Pháp Vân,20.9481,105.8493,995.3,13.5,,46.7,
2024-03-29 23:00:00+00:00,2161309,Pháp Vân,20.9481,105.8493,1363.3,24.0,,69.2,
2024-03-30 00:00:00+00:00,2161309,Pháp Vân,20.9481,105.8493,1869.9,29.1,,50.2,
2024-03-30 01:00:00+00:00,2161309,Pháp Vân,20.9481,105.8493,2145.1,36.5,,45.6,
2024-03-30 02:00:00+00:00,2161309,Pháp Vân,20.9481,105.8493,1200.3,51.2,,40.1,
2024-03-30 03:00:00+00:00,2161309,Pháp Vân,20.9481,105.8493,854.6,44.1,,38.0,
2024-03-30 04:00:00+00:00,2161309,Pháp Vân,20.9481,105.8493,762.4,50.8,,35.0,
2024-03-30 05:00:00+00:00,2161309,Pháp Vân,20.9481,105.8493,770.9,42.7,,33.3,
2024-03-30 06:00:00+00:00,2161309,Pháp Vân,20.9481,105.8493,757.6,33.1,,26.8,
2024-03-30 07:00:00+00:00,2161309,Pháp Vân,20.9481,105.8493,726.2,53.7,,24.1,
2024-03-30 08:00:00+00:00,2161309,Pháp Vân,20.9481,105.8493,809.6,29.6,,20.0,
2024-03-31 13:00:00+00:00,2161309,Pháp Vân,20.9481,105.8493,1141.0,17.6,,58.2,
2024-03-31 14:00:00+00:00,2161309,Pháp Vân,20.9481,105.8493,896.2,20.8,,35.4,
2024-03-31 15:00:00+00:00,2161309,Pháp Vân,20.9481,105.8493,798.2,22.6,,34.3,
2024-03-31 16:00:00+00:00,2161309,Pháp Vân,20.9481,105.8493,803.1,25.2,,34.4,
2024-03-31 17:00:00+00:00,2161309,Pháp Vân,20.9481,105.8493,742.8,25.2,,28.3,
2024-03-31 18:00:00+00:00,2161309,Pháp Vân,20.9481,105.8493,821.8,18.4,,30.0,
2024-03-31 19:00:00+00:00,2161309,Pháp Vân,20.9481,105.8493,731.8,23.0,,31.5,
2024-03-31 20:00:00+00:00,2161309,Pháp Vân,20.9481,105.8493,624.9,26.0,,40.6,
2024-03-31 21:00:00+00:00,2161309,Pháp Vân,20.9481,105.8493,581.2,27.2,,40.2,
2024-03-31 22:00:00+00:00,2161309,Pháp Vân,20.9481,105.8493,629.5,23.4,,31.4,
2024-03-31 23:00:00+00:00,2161309,Pháp Vân,20.9481,105.8493,651.5,21.6,,28.8,
2024-04-01 00:00:00+00:00,2161309,Pháp Vân,20.9481,105.8493,802.7,17.4,,31.9,
2024-04-01 01:00:00+00:00,2161309,Pháp Vân,20.9481,105.8493,1005.8,17.3,,35.1,
2024-04-01 02:00:00+00:00,2161309,Pháp Vân,20.9481,105.8493,846.5,16.5,,47.8,
2024-04-01 03:00:00+00:00,2161309,Pháp Vân,20.9481,105.8493,1097.8,18.3,,52.5,
2024-04-01 04:00:00+00:00,2161309,Pháp Vân,20.9481,105.8493,967.2,17.0,,48.6,
2024-04-01 05:00:00+00:00,2161309,Pháp Vân,20.9481,105.8493,817.8,16.0,,44.1,
2024-04-01 06:00:00+00:00,2161309,Pháp Vân,20.9481,105.8493,758.3,14.1,,54.5,
2024-04-01 07:00:00+00:00,2161309,Pháp Vân,20.9481,105.8493,820.8,12.2,,50.1,
2024-04-01 08:00:00+00:00,2161309,Pháp Vân,20.9481,105.8493,822.3,12.1,,42.3,
2024-04-01 09:00:00+00:00,2161309,Pháp Vân,20.9481,105.8493,954.5,13.8,,39.5,
2024-04-01 13:00:00+00:00,2161309,Pháp Vân,20.9481,105.8493,837.3,15.0,,35.3,
2024-04-01 14:00:00+00:00,2161309,Pháp Vân,20.9481,105.8493,666.1,12.9,,30.7,
2024-04-01 15:00:00+00:00,2161309,Pháp Vân,20.9481,105.8493,533.1,11.5,,25.2,
2024-04-01 16:00:00+00:00,2161309,Pháp Vân,20.9481,105.8493,390.2,10.6,,22.5,
2024-04-01 17:00:00+00:00,2161309,Pháp Vân,20.9481,105.8493,297.2,9.1,,20.3,
2024-04-01 18:00:00+00:00,2161309,Pháp Vân,20.9481,105.8493,229.6,8.8,,17.6,
2024-04-01 19:00:00+00:00,2161309,Pháp Vân,20.9481,105.8493,200.0,8.0,,18.0,
2024-04-01 20:00:00+00:00,2161309,Pháp Vân,20.9481,105.8493,182.1,8.8,,24.9,
2024-04-01 21:00:00+00:00,2161309,Pháp Vân,20.9481,105.8493,234.0,10.5,,26.7,
2024-04-01 22:00:00+00:00,2161309,Pháp Vân,20.9481,105.8493,247.3,11.7,,20.2,
2024-04-01 23:00:00+00:00,2161309,Pháp Vân,20.9481,105.8493,267.3,12.9,,29.8,
2024-04-02 00:00:00+00:00,2161309,Pháp Vân,20.9481,105.8493,426.5,13.2,,27.9,
2024-04-02 01:00:00+00:00,2161309,Pháp Vân,20.9481,105.8493,1780.1,17.5,,32.0,
2024-04-02 02:00:00+00:00,2161309,Pháp Vân,20.9481,105.8493,1253.5,21.6,,40.1,
2024-04-02 03:00:00+00:00,2161309,Pháp Vân,20.9481,105.8493,808.3,19.8,,45.6,
2024-04-02 04:00:00+00:00,2161309,Pháp Vân,20.9481,105.8493,1052.6,21.6,,54.8,
2024-04-02 05:00:00+00:00,2161309,Pháp Vân,20.9481,105.8493,947.1,20.4,,50.1,
2024-04-02 06:00:00+00:00,2161309,Pháp Vân,20.9481,105.8493,937.9,19.7,,44.0,
2024-04-02 07:00:00+00:00,2161309,Pháp Vân,20.9481,105.8493,970.7,17.0,,38.0,
2024-04-02 08:00:00+00:00,2161309,Pháp Vân,20.9481,105.8493,743.2,14.6,,32.5,
2024-04-02 13:00:00+00:00,2161309,Pháp Vân,20.9481,105.8493,859.1,15.9,,20.3,
2024-04-02 14:00:00+00:00,2161309,Pháp Vân,20.9481,105.8493,724.1,15.1,,21.0,
2024-04-02 15:00:00+00:00,2161309,Pháp Vân,20.9481,105.8493,640.0,20.6,,20.2,
2024-04-02 16:00:00+00:00,2161309,Pháp Vân,20.9481,105.8493,522.0,15.7,,23.0,
2024-04-02 17:00:00+00:00,2161309,Pháp Vân,20.9481,105.8493,393.1,11.5,,23.7,
2024-04-02 18:00:00+00:00,2161309,Pháp Vân,20.9481,105.8493,242.5,9.4,,22.0,
2024-04-02 19:00:00+00:00,2161309,Pháp Vân,20.9481,105.8493,151.5,8.0,,19.8,
2024-04-02 20:00:00+00:00,2161309,Pháp Vân,20.9481,105.8493,139.3,10.4,,21.5,
2024-04-02 21:00:00+00:00,2161309,Pháp Vân,20.9481,105.8493,146.2,11.1,,28.2,
2024-04-02 22:00:00+00:00,2161309,Pháp Vân,20.9481,105.8493,166.6,12.5,,32.8,
2024-04-02 23:00:00+00:00,2161309,Pháp Vân,20.9481,105.8493,262.4,12.8,,45.6,
2024-04-03 00:00:00+00:00,2161309,Pháp Vân,20.9481,105.8493,463.0,17.0,,38.6,
2024-04-03 02:00:00+00:00,2161309,Pháp Vân,20.9481,105.8493,,19.3,,,
2024-04-03 03:00:00+00:00,2161309,Pháp Vân,20.9481,105.8493,247.5,10.4,,123.3,
2024-04-03 04:00:00+00:00,2161309,Pháp Vân,20.9481,105.8493,520.7,29.4,,93.3,
2024-04-03 13:00:00+00:00,2161309,Pháp Vân,20.9481,105.8493,528.2,11.6,,33.8,
2024-04-03 14:00:00+00:00,2161309,Pháp Vân,20.9481,105.8493,403.1,10.7,,39.3,
2024-04-03 15:00:00+00:00,2161309,Pháp Vân,20.9481,105.8493,265.2,17.3,,33.6,
2024-04-03 16:00:00+00:00,2161309,Pháp Vân,20.9481,105.8493,179.0,16.3,,32.3,
2024-04-03 17:00:00+00:00,2161309,Pháp Vân,20.9481,105.8493,145.1,11.8,,29.9,
2024-04-03 18:00:00+00:00,2161309,Pháp Vân,20.9481,105.8493,111.3,9.6,,27.7,
2024-04-03 19:00:00+00:00,2161309,Pháp Vân,20.9481,105.8493,127.2,7.2,,30.2,
2024-04-03 20:00:00+00:00,2161309,Pháp Vân,20.9481,105.8493,114.9,7.6,,34.6,
2024-04-03 21:00:00+00:00,2161309,Pháp Vân,20.9481,105.8493,104.0,7.2,,30.0,
2024-04-03 22:00:00+00:00,2161309,Pháp Vân,20.9481,105.8493,166.1,8.0,,31.3,
2024-04-03 23:00:00+00:00,2161309,Pháp Vân,20.9481,105.8493,1123.6,9.1,,41.8,
2024-04-04 00:00:00+00:00,2161309,Pháp Vân,20.9481,105.8493,518.7,10.3,,49.2,
2024-04-04 01:00:00+00:00,2161309,Pháp Vân,20.9481,105.8493,942.0,11.1,,41.5,
2024-04-04 02:00:00+00:00,2161309,Pháp Vân,20.9481,105.8493,372.4,10.5,,42.2,
2024-04-04 03:00:00+00:00,2161309,Pháp Vân,20.9481,105.8493,375.9,10.3,,45.1,
2024-04-04 04:00:00+00:00,2161309,Pháp Vân,20.9481,105.8493,423.3,10.7,,48.5,
2024-04-04 05:00:00+00:00,2161309,Pháp Vân,20.9481,105.8493,551.6,10.9,,64.9,
2024-04-04 06:00:00+00:00,2161309,Pháp Vân,20.9481,105.8493,572.5,12.9,,64.6,
2024-04-04 07:00:00+00:00,2161309,Pháp Vân,20.9481,105.8493,577.9,13.2,,60.5,
2024-04-04 08:00:00+00:00,2161309,Pháp Vân,20.9481,105.8493,443.1,11.5,,47.4,
2024-04-04 09:00:00+00:00,2161309,Pháp Vân,20.9481,105.8493,372.0,10.7,,36.8,
2024-04-04 10:00:00+00:00,2161309,Pháp Vân,20.9481,105.8493,449.1,11.7,,34.4,
2024-04-04 11:00:00+00:00,2161309,Pháp Vân,20.9481,105.8493,819.5,13.1,,35.4,
2024-04-04 12:00:00+00:00,2161309,Pháp Vân,20.9481,105.8493,641.8,10.7,,39.0,
2024-04-04 13:00:00+00:00,2161309,Pháp Vân,20.9481,105.8493,511.6,11.3,,37.2,
2024-04-04 14:00:00+00:00,2161309,Pháp Vân,20.9481,105.8493,393.9,9.8,,34.7,
2024-04-04 15:00:00+00:00,2161309,Pháp Vân,20.9481,105.8493,240.1,9.7,,33.6,
2024-04-04 16:00:00+00:00,2161309,Pháp Vân,20.9481,105.8493,190.0,9.6,,28.6,
2024-04-04 17:00:00+00:00,2161309,Pháp Vân,20.9481,105.8493,113.8,11.6,,29.2,
2024-04-04 18:00:00+00:00,2161309,Pháp Vân,20.9481,105.8493,80.0,9.5,,26.0,
2024-04-04 19:00:00+00:00,2161309,Pháp Vân,20.9481,105.8493,34.1,8.0,,22.8,
2024-04-04 20:00:00+00:00,2161309,Pháp Vân,20.9481,105.8493,17.3,6.8,,21.1,
2024-04-04 21:00:00+00:00,2161309,Pháp Vân,20.9481,105.8493,8.1,6.8,,20.2,
2024-04-04 22:00:00+00:00,2161309,Pháp Vân,20.9481,105.8493,5.8,7.8,,21.7,
2024-04-04 23:00:00+00:00,2161309,Pháp Vân,20.9481,105.8493,461.2,9.4,,28.4,
2024-04-05 00:00:00+00:00,2161309,Pháp Vân,20.9481,105.8493,299.2,8.4,,21.4,
2024-04-05 01:00:00+00:00,2161309,Pháp Vân,20.9481,105.8493,694.3,8.2,,20.3,
2024-04-05 02:00:00+00:00,2161309,Pháp Vân,20.9481,105.8493,257.4,7.2,,21.9,
2024-04-05 03:00:00+00:00,2161309,Pháp Vân,20.9481,105.8493,239.9,6.8,,23.0,
2024-04-05 04:00:00+00:00,2161309,Pháp Vân,20.9481,105.8493,215.5,8.8,,20.0,
2024-04-05 05:00:00+00:00,2161309,Pháp Vân,20.9481,105.8493,234.1,8.4,,20.8,
2024-04-05 08:00:00+00:00,2161309,Pháp Vân,20.9481,105.8493,,7.7,,26.9,
2024-04-05 09:00:00+00:00,2161309,Pháp Vân,20.9481,105.8493,475.6,9.8,,34.8,
2024-04-05 10:00:00+00:00,2161309,Pháp Vân,20.9481,105.8493,480.0,12.0,,32.5,
2024-04-05 11:00:00+00:00,2161309,Pháp Vân,20.9481,105.8493,609.1,17.2,,30.2,
2024-04-05 12:00:00+00:00,2161309,Pháp Vân,20.9481,105.8493,384.3,16.5,,23.2,
2024-04-05 13:00:00+00:00,2161309,Pháp Vân,20.9481,105.8493,444.5,10.8,,23.1,
2024-04-05 14:00:00+00:00,2161309,Pháp Vân,20.9481,105.8493,312.4,11.3,,24.4,
2024-04-05 15:00:00+00:00,2161309,Pháp Vân,20.9481,105.8493,337.8,9.0,,22.2,
2024-04-05 16:00:00+00:00,2161309,Pháp Vân,20.9481,105.8493,634.9,11.1,,23.5,
2024-04-05 17:00:00+00:00,2161309,Pháp Vân,20.9481,105.8493,957.4,10.0,,23.3,
2024-04-05 18:00:00+00:00,2161309,Pháp Vân,20.9481,105.8493,2121.3,8.5,,24.2,
2024-04-05 19:00:00+00:00,2161309,Pháp Vân,20.9481,105.8493,3483.3,7.2,,21.5,
2024-04-05 20:00:00+00:00,2161309,Pháp Vân,20.9481,105.8493,2454.0,6.7,,21.1,
2024-04-05 21:00:00+00:00,2161309,Pháp Vân,20.9481,105.8493,205.4,7.4,,24.8,
2024-04-05 22:00:00+00:00,2161309,Pháp Vân,20.9481,105.8493,229.9,7.4,,27.5,
2024-04-05 23:00:00+00:00,2161309,Pháp Vân,20.9481,105.8493,449.2,9.1,,30.1,
2024-04-06 00:00:00+00:00,2161309,Pháp Vân,20.9481,105.8493,395.4,10.8,,28.9,
2024-04-06 01:00:00+00:00,2161309,Pháp Vân,20.9481,105.8493,903.9,9.2,,29.3,
2024-04-06 02:00:00+00:00,2161309,Pháp Vân,20.9481,105.8493,1050.5,10.4,,30.3,
2024-04-06 03:00:00+00:00,2161309,Pháp Vân,20.9481,105.8493,1052.3,13.2,,34.2,
2024-04-06 04:00:00+00:00,2161309,Pháp Vân,20.9481,105.8493,558.7,11.1,,29.8,
2024-04-06 05:00:00+00:00,2161309,Pháp Vân,20.9481,105.8493,568.6,10.0,,29.8,
2024-04-06 06:00:00+00:00,2161309,Pháp Vân,20.9481,105.8493,536.9,9.6,,26.7,
2024-04-06 07:00:00+00:00,2161309,Pháp Vân,20.9481,105.8493,1545.5,8.5,,30.5,
2024-04-06 08:00:00+00:00,2161309,Pháp Vân,20.9481,105.8493,2514.0,8.3,,29.0,
2024-04-06 09:00:00+00:00,2161309,Pháp Vân,20.9481,105.8493,1300.9,7.5,,21.2,
2024-04-06 10:00:00+00:00,2161309,Pháp Vân,20.9481,105.8493,3903.2,8.4,,24.3,
2024-04-06 11:00:00+00:00,2161309,Pháp Vân,20.9481,105.8493,8158.4,9.7,,28.1,
2024-04-06 12:00:00+00:00,2161309,Pháp Vân,20.9481,105.8493,5442.0,8.5,,29.1,
2024-04-06 13:00:00+00:00,2161309,Pháp Vân,20.9481,105.8493,7161.0,7.4,,27.6,
2024-04-06 14:00:00+00:00,2161309,Pháp Vân,20.9481,105.8493,3813.4,8.0,,49.3,
2024-04-06 15:00:00+00:00,2161309,Pháp Vân,20.9481,105.8493,1593.7,8.4,,30.0,
2024-04-06 16:00:00+00:00,2161309,Pháp Vân,20.9481,105.8493,379.2,7.6,,23.8,
2024-04-06 17:00:00+00:00,2161309,Pháp Vân,20.9481,105.8493,551.5,7.0,,18.1,
2024-04-06 18:00:00+00:00,2161309,Pháp Vân,20.9481,105.8493,266.3,6.9,,19.6,
2024-04-06 19:00:00+00:00,2161309,Pháp Vân,20.9481,105.8493,207.6,6.4,,22.9,
2024-04-06 20:00:00+00:00,2161309,Pháp Vân,20.9481,105.8493,228.8,5.9,,20.8,
2024-04-06 21:00:00+00:00,2161309,Pháp Vân,20.9481,105.8493,227.6,5.9,,21.6,
2024-04-06 22:00:00+00:00,2161309,Pháp Vân,20.9481,105.8493,324.8,6.4,,24.2,
2024-04-06 23:00:00+00:00,2161309,Pháp Vân,20.9481,105.8493,352.6,6.8,,24.9,
2024-04-07 00:00:00+00:00,2161309,Pháp Vân,20.9481,105.8493,411.6,8.4,,26.6,
2024-04-07 01:00:00+00:00,2161309,Pháp Vân,20.9481,105.8493,481.1,9.6,,27.0,
2024-04-07 02:00:00+00:00,2161309,Pháp Vân,20.9481,105.8493,556.2,9.3,,27.1,
2024-04-07 03:00:00+00:00,2161309,Pháp Vân,20.9481,105.8493,588.9,9.1,,31.3,
2024-04-07 04:00:00+00:00,2161309,Pháp Vân,20.9481,105.8493,635.0,9.2,,44.0,
2024-04-07 05:00:00+00:00,2161309,Pháp Vân,20.9481,105.8493,1819.5,8.9,,41.6,
2024-04-07 06:00:00+00:00,2161309,Pháp Vân,20.9481,105.8493,5160.6,8.2,,39.1,
2024-04-07 07:00:00+00:00,2161309,Pháp Vân,20.9481,105.8493,4623.1,8.4,,45.4,
2024-04-07 08:00:00+00:00,2161309,Pháp Vân,20.9481,105.8493,7417.6,7.4,,37.3,
2024-04-07 09:00:00+00:00,2161309,Pháp Vân,20.9481,105.8493,8320.0,7.6,,33.8,
2024-04-07 10:00:00+00:00,2161309,Pháp Vân,20.9481,105.8493,8628.7,24.8,,33.8,
2024-04-07 11:00:00+00:00,2161309,Pháp Vân,20.9481,105.8493,8068.0,13.2,,34.6,
2024-04-07 12:00:00+00:00,2161309,Pháp Vân,20.9481,105.8493,7981.5,26.9,,35.5,
2024-04-07 13:00:00+00:00,2161309,Pháp Vân,20.9481,105.8493,1006.6,31.8,,37.0,
2024-04-07 14:00:00+00:00,2161309,Pháp Vân,20.9481,105.8493,415.0,15.9,,39.4,
2024-04-07 15:00:00+00:00,2161309,Pháp Vân,20.9481,105.8493,357.6,8.4,,40.9,
2024-04-07 16:00:00+00:00,2161309,Pháp Vân,20.9481,105.8493,318.0,9.6,,33.2,
2024-04-07 22:00:00+00:00,2161309,Pháp Vân,20.9481,105.8493,512.4,8.6,,20.6,
2024-04-07 23:00:00+00:00,2161309,Pháp Vân,20.9481,105.8493,200.6,12.0,,11.2,
2024-04-08 00:00:00+00:00,2161309,Pháp Vân,20.9481,105.8493,812.8,14.5,,8.6,
2024-04-08 01:00:00+00:00,2161309,Pháp Vân,20.9481,105.8493,568.9,20.0,,12.6,
2024-04-08 02:00:00+00:00,2161309,Pháp Vân,20.9481,105.8493,444.2,22.6,,15.5,
2024-04-08 03:00:00+00:00,2161309,Pháp Vân,20.9481,105.8493,403.6,18.5,,20.3,
2024-04-08 04:00:00+00:00,2161309,Pháp Vân,20.9481,105.8493,401.3,18.2,,15.2,
2024-04-08 05:00:00+00:00,2161309,Pháp Vân,20.9481,105.8493,417.8,20.4,,12.0,
2024-04-08 06:00:00+00:00,2161309,Pháp Vân,20.9481,105.8493,285.4,21.4,,14.2,
2024-04-08 07:00:00+00:00,2161309,Pháp Vân,20.9481,105.8493,156.3,22.2,,10.6,
2024-04-08 08:00:00+00:00,2161309,Pháp Vân,20.9481,105.8493,493.2,28.2,,16.8,
2024-04-08 09:00:00+00:00,2161309,Pháp Vân,20.9481,105.8493,526.2,23.6,,18.4,
2024-04-08 13:00:00+00:00,2161309,Pháp Vân,20.9481,105.8493,1843.8,14.0,,24.8,
2024-04-08 14:00:00+00:00,2161309,Pháp Vân,20.9481,105.8493,1075.7,13.7,,36.1,
2024-04-08 15:00:00+00:00,2161309,Pháp Vân,20.9481,105.8493,1064.2,13.7,,58.7,
2024-04-08 16:00:00+00:00,2161309,Pháp Vân,20.9481,105.8493,748.6,13.0,,33.5,
2024-04-08 17:00:00+00:00,2161309,Pháp Vân,20.9481,105.8493,725.0,12.0,,46.8,
2024-04-08 18:00:00+00:00,2161309,Pháp Vân,20.9481,105.8493,664.0,11.9,,54.3,
2024-04-08 19:00:00+00:00,2161309,Pháp Vân,20.9481,105.8493,611.1,12.9,,34.7,
2024-04-08 20:00:00+00:00,2161309,Pháp Vân,20.9481,105.8493,472.2,13.6,,29.4,
2024-04-08 21:00:00+00:00,2161309,Pháp Vân,20.9481,105.8493,414.2,13.4,,22.3,
2024-04-08 22:00:00+00:00,2161309,Pháp Vân,20.9481,105.8493,395.5,13.9,,22.9,
2024-04-08 23:00:00+00:00,2161309,Pháp Vân,20.9481,105.8493,435.3,15.2,,36.0,
2024-04-09 00:00:00+00:00,2161309,Pháp Vân,20.9481,105.8493,716.5,24.0,,30.1,
2024-04-09 01:00:00+00:00,2161309,Pháp Vân,20.9481,105.8493,1421.7,25.6,,32.1,
2024-04-09 02:00:00+00:00,2161309,Pháp Vân,20.9481,105.8493,1305.5,56.6,,26.0,
2024-04-09 03:00:00+00:00,2161309,Pháp Vân,20.9481,105.8493,1212.1,34.1,,25.4,
2024-04-09 04:00:00+00:00,2161309,Pháp Vân,20.9481,105.8493,1210.6,18.8,,21.1,
2024-04-09 05:00:00+00:00,2161309,Pháp Vân,20.9481,105.8493,1268.3,12.2,,20.6,
2024-04-09 06:00:00+00:00,2161309,Pháp Vân,20.9481,105.8493,1076.5,11.3,,15.8,
2024-04-09 07:00:00+00:00,2161309,Pháp Vân,20.9481,105.8493,1103.1,11.7,,24.6,
2024-04-09 08:00:00+00:00,2161309,Pháp Vân,20.9481,105.8493,1189.9,16.0,,29.1,
2024-04-09 09:00:00+00:00,2161309,Pháp Vân,20.9481,105.8493,1273.0,17.5,,27.3,
2024-04-09 13:00:00+00:00,2161309,Pháp Vân,20.9481,105.8493,1888.3,74.4,,25.7,
2024-04-09 14:00:00+00:00,2161309,Pháp Vân,20.9481,105.8493,1487.7,69.6,,38.1,
2024-04-09 15:00:00+00:00,2161309,Pháp Vân,20.9481,105.8493,1361.5,67.5,,50.9,
2024-04-09 16:00:00+00:00,2161309,Pháp Vân,20.9481,105.8493,1268.7,62.5,,58.4,
2024-04-09 17:00:00+00:00,2161309,Pháp Vân,20.9481,105.8493,971.1,59.6,,45.9,
2024-04-09 18:00:00+00:00,2161309,Pháp Vân,20.9481,105.8493,773.1,59.5,,46.5,
2024-04-09 19:00:00+00:00,2161309,Pháp Vân,20.9481,105.8493,593.4,64.1,,48.0,
2024-04-09 20:00:00+00:00,2161309,Pháp Vân,20.9481,105.8493,539.8,60.2,,41.4,
2024-04-09 21:00:00+00:00,2161309,Pháp Vân,20.9481,105.8493,502.6,58.9,,43.5,
2024-04-09 22:00:00+00:00,2161309,Pháp Vân,20.9481,105.8493,504.2,56.7,,67.4,
2024-04-09 23:00:00+00:00,2161309,Pháp Vân,20.9481,105.8493,605.8,56.3,,56.4,
2024-04-10 00:00:00+00:00,2161309,Pháp Vân,20.9481,105.8493,911.0,58.4,,51.4,
2024-04-10 01:00:00+00:00,2161309,Pháp Vân,20.9481,105.8493,1250.0,60.1,,38.6,
2024-04-10 02:00:00+00:00,2161309,Pháp Vân,20.9481,105.8493,1226.8,45.6,,52.1,
2024-04-10 03:00:00+00:00,2161309,Pháp Vân,20.9481,105.8493,459.6,40.3,,40.6,
2024-04-10 04:00:00+00:00,2161309,Pháp Vân,20.9481,105.8493,612.5,25.6,,28.9,
2024-04-10 05:00:00+00:00,2161309,Pháp Vân,20.9481,105.8493,957.9,30.0,,30.1,
2024-04-10 06:00:00+00:00,2161309,Pháp Vân,20.9481,105.8493,917.9,19.5,,25.6,
2024-04-10 07:00:00+00:00,2161309,Pháp Vân,20.9481,105.8493,770.5,18.1,,22.4,
2024-04-10 08:00:00+00:00,2161309,Pháp Vân,20.9481,105.8493,787.7,30.8,,18.6,
2024-04-10 09:00:00+00:00,2161309,Pháp Vân,20.9481,105.8493,1053.4,26.4,,23.8,
2024-04-10 13:00:00+00:00,2161309,Pháp Vân,20.9481,105.8493,1450.8,16.8,,39.1,
2024-04-10 14:00:00+00:00,2161309,Pháp Vân,20.9481,105.8493,1097.1,18.2,,44.0,
2024-04-10 15:00:00+00:00,2161309,Pháp Vân,20.9481,105.8493,1099.4,17.3,,44.5,
2024-04-10 16:00:00+00:00,2161309,Pháp Vân,20.9481,105.8493,919.7,15.4,,41.9,
2024-04-10 17:00:00+00:00,2161309,Pháp Vân,20.9481,105.8493,745.2,14.4,,43.8,
2024-04-10 18:00:00+00:00,2161309,Pháp Vân,20.9481,105.8493,643.4,15.3,,48.2,
2024-04-10 19:00:00+00:00,2161309,Pháp Vân,20.9481,105.8493,584.9,14.9,,48.8,
2024-04-10 20:00:00+00:00,2161309,Pháp Vân,20.9481,105.8493,532.4,16.0,,52.6,
2024-04-10 21:00:00+00:00,2161309,Pháp Vân,20.9481,105.8493,516.3,14.0,,61.2,
2024-04-10 22:00:00+00:00,2161309,Pháp Vân,20.9481,105.8493,559.9,12.9,,52.6,
2024-04-10 23:00:00+00:00,2161309,Pháp Vân,20.9481,105.8493,665.2,17.8,,53.6,
2024-04-11 00:00:00+00:00,2161309,Pháp Vân,20.9481,105.8493,975.0,28.1,,52.5,
2024-04-15 02:00:00+00:00,2161309,Pháp Vân,20.9481,105.8493,,9.0,,,
2024-04-15 03:00:00+00:00,2161309,Pháp Vân,20.9481,105.8493,316.7,9.4,,35.9,
2024-04-15 04:00:00+00:00,2161309,Pháp Vân,20.9481,105.8493,907.3,43.1,,29.1,
2024-04-15 13:00:00+00:00,2161309,Pháp Vân,20.9481,105.8493,804.5,7.4,,25.3,
2024-04-15 14:00:00+00:00,2161309,Pháp Vân,20.9481,105.8493,576.9,7.6,,28.0,
2024-04-15 15:00:00+00:00,2161309,Pháp Vân,20.9481,105.8493,603.9,12.2,,147.4,
2024-04-15 16:00:00+00:00,2161309,Pháp Vân,20.9481,105.8493,488.9,11.1,,58.1,
2024-04-15 17:00:00+00:00,2161309,Pháp Vân,20.9481,105.8493,375.8,10.1,,38.6,
2024-04-15 18:00:00+00:00,2161309,Pháp Vân,20.9481,105.8493,264.0,10.7,,37.9,
2024-04-15 19:00:00+00:00,2161309,Pháp Vân,20.9481,105.8493,195.0,9.3,,35.2,
2024-04-15 20:00:00+00:00,2161309,Pháp Vân,20.9481,105.8493,201.9,11.7,,42.8,
2024-04-15 21:00:00+00:00,2161309,Pháp Vân,20.9481,105.8493,182.3,11.0,,33.9,
2024-04-15 22:00:00+00:00,2161309,Pháp Vân,20.9481,105.8493,227.5,13.9,,35.7,
2024-04-15 23:00:00+00:00,2161309,Pháp Vân,20.9481,105.8493,807.5,14.9,,38.2,
2024-04-16 00:00:00+00:00,2161309,Pháp Vân,20.9481,105.8493,969.1,18.3,,37.7,
2024-04-16 01:00:00+00:00,2161309,Pháp Vân,20.9481,105.8493,1852.6,14.2,,32.2,
2024-04-16 02:00:00+00:00,2161309,Pháp Vân,20.9481,105.8493,1044.0,20.5,,25.7,
2024-04-16 03:00:00+00:00,2161309,Pháp Vân,20.9481,105.8493,508.4,22.6,,26.1,
2024-04-16 04:00:00+00:00,2161309,Pháp Vân,20.9481,105.8493,463.7,13.8,,19.8,
2024-04-18 13:00:00+00:00,2161309,Pháp Vân,20.9481,105.8493,477.8,6.8,,24.1,
2024-04-18 14:00:00+00:00,2161309,Pháp Vân,20.9481,105.8493,1496.8,6.8,,27.4,
2024-04-18 15:00:00+00:00,2161309,Pháp Vân,20.9481,105.8493,1679.9,5.9,,29.6,
2024-04-18 16:00:00+00:00,2161309,Pháp Vân,20.9481,105.8493,941.9,5.9,,35.0,
2024-04-18 17:00:00+00:00,2161309,Pháp Vân,20.9481,105.8493,864.6,5.8,,30.1,
2024-04-18 18:00:00+00:00,2161309,Pháp Vân,20.9481,105.8493,973.3,6.0,,30.5,
2024-04-18 19:00:00+00:00,2161309,Pháp Vân,20.9481,105.8493,1086.0,6.0,,27.9,
2024-04-18 20:00:00+00:00,2161309,Pháp Vân,20.9481,105.8493,,5.8,,22.1,
2024-04-18 21:00:00+00:00,2161309,Pháp Vân,20.9481,105.8493,670.2,5.4,,20.3,
2024-04-18 22:00:00+00:00,2161309,Pháp Vân,20.9481,105.8493,1772.1,6.0,,20.2,
2024-04-18 23:00:00+00:00,2161309,Pháp Vân,20.9481,105.8493,4253.0,6.2,,20.4,
2024-04-19 00:00:00+00:00,2161309,Pháp Vân,20.9481,105.8493,1770.3,7.4,,25.2,
2024-04-19 12:00:00+00:00,2161309,Pháp Vân,20.9481,105.8493,605.8,13.3,,33.3,
2024-04-19 13:00:00+00:00,2161309,Pháp Vân,20.9481,105.8493,,10.6,,29.6,
2024-04-19 14:00:00+00:00,2161309,Pháp Vân,20.9481,105.8493,1008.5,9.6,,32.6,
2024-04-19 15:00:00+00:00,2161309,Pháp Vân,20.9481,105.8493,2492.1,9.1,,75.5,
2024-04-19 16:00:00+00:00,2161309,Pháp Vân,20.9481,105.8493,2776.8,7.2,,35.4,
2024-04-19 17:00:00+00:00,2161309,Pháp Vân,20.9481,105.8493,2314.1,6.6,,29.3,
2024-04-19 18:00:00+00:00,2161309,Pháp Vân,20.9481,105.8493,2104.4,7.0,,26.0,
2024-04-19 19:00:00+00:00,2161309,Pháp Vân,20.9481,105.8493,1257.4,8.3,,24.5,
2024-04-19 20:00:00+00:00,2161309,Pháp Vân,20.9481,105.8493,3552.8,9.2,,22.7,
2024-04-19 21:00:00+00:00,2161309,Pháp Vân,20.9481,105.8493,637.3,9.3,,24.3,
2024-04-19 22:00:00+00:00,2161309,Pháp Vân,20.9481,105.8493,1237.5,11.8,,28.1,
2024-04-19 23:00:00+00:00,2161309,Pháp Vân,20.9481,105.8493,601.9,13.4,,32.8,
2024-04-26 11:00:00+00:00,2161309,Pháp Vân,20.9481,105.8493,1050.8,16.2,,51.9,
2024-04-26 12:00:00+00:00,2161309,Pháp Vân,20.9481,105.8493,898.6,18.1,,43.6,
2024-04-26 13:00:00+00:00,2161309,Pháp Vân,20.9481,105.8493,895.2,15.8,,47.2,
2024-04-26 14:00:00+00:00,2161309,Pháp Vân,20.9481,105.8493,720.4,15.5,,45.2,
2024-04-26 15:00:00+00:00,2161309,Pháp Vân,20.9481,105.8493,740.8,18.7,,54.6,
2024-04-26 16:00:00+00:00,2161309,Pháp Vân,20.9481,105.8493,703.0,15.7,,57.7,
2024-04-26 17:00:00+00:00,2161309,Pháp Vân,20.9481,105.8493,645.5,15.4,,55.3,
2024-04-26 18:00:00+00:00,2161309,Pháp Vân,20.9481,105.8493,1021.3,14.0,,51.7,
2024-04-26 19:00:00+00:00,2161309,Pháp Vân,20.9481,105.8493,1016.8,11.9,,47.1,
2024-04-26 20:00:00+00:00,2161309,Pháp Vân,20.9481,105.8493,988.2,11.2,,40.4,
2024-04-26 21:00:00+00:00,2161309,Pháp Vân,20.9481,105.8493,701.4,10.1,,39.1,
2024-04-26 22:00:00+00:00,2161309,Pháp Vân,20.9481,105.8493,414.1,10.9,,39.8,
2024-04-26 23:00:00+00:00,2161309,Pháp Vân,20.9481,105.8493,457.7,12.1,,39.6,
2024-04-27 00:00:00+00:00,2161309,Pháp Vân,20.9481,105.8493,680.5,20.8,,43.4,
2024-04-27 01:00:00+00:00,2161309,Pháp Vân,20.9481,105.8493,746.0,15.5,,42.2,
2024-04-27 02:00:00+00:00,2161309,Pháp Vân,20.9481,105.8493,840.0,17.1,,44.0,
2024-04-27 03:00:00+00:00,2161309,Pháp Vân,20.9481,105.8493,754.8,14.9,,43.0,
2024-04-27 04:00:00+00:00,2161309,Pháp Vân,20.9481,105.8493,863.3,13.7,,43.6,
2024-04-27 05:00:00+00:00,2161309,Pháp Vân,20.9481,105.8493,853.2,12.7,,36.6,
2024-04-27 06:00:00+00:00,2161309,Pháp Vân,20.9481,105.8493,757.6,14.4,,28.8,
2024-04-27 07:00:00+00:00,2161309,Pháp Vân,20.9481,105.8493,630.2,10.9,,24.5,
2024-04-27 08:00:00+00:00,2161309,Pháp Vân,20.9481,105.8493,475.6,12.1,,20.9,
2024-04-27 09:00:00+00:00,2161309,Pháp Vân,20.9481,105.8493,545.2,11.1,,21.6,
2024-04-27 10:00:00+00:00,2161309,Pháp Vân,20.9481,105.8493,985.3,17.4,,26.2,
2024-04-27 11:00:00+00:00,2161309,Pháp Vân,20.9481,105.8493,1853.2,29.6,,43.2,
2024-04-27 12:00:00+00:00,2161309,Pháp Vân,20.9481,105.8493,1474.0,36.2,,69.9,
2024-04-27 13:00:00+00:00,2161309,Pháp Vân,20.9481,105.8493,1348.6,42.5,,111.9,
2024-04-27 14:00:00+00:00,2161309,Pháp Vân,20.9481,105.8493,1023.0,28.5,,46.5,
2024-04-27 15:00:00+00:00,2161309,Pháp Vân,20.9481,105.8493,1188.0,32.0,,62.3,
2024-04-27 16:00:00+00:00,2161309,Pháp Vân,20.9481,105.8493,1070.3,33.2,,61.8,
2024-04-27 17:00:00+00:00,2161309,Pháp Vân,20.9481,105.8493,1022.3,36.8,,61.6,
2024-04-27 18:00:00+00:00,2161309,Pháp Vân,20.9481,105.8493,798.2,30.1,,52.4,
2024-04-27 19:00:00+00:00,2161309,Pháp Vân,20.9481,105.8493,427.2,13.5,,33.8,
2024-04-27 20:00:00+00:00,2161309,Pháp Vân,20.9481,105.8493,514.0,10.4,,32.1,
2024-04-27 21:00:00+00:00,2161309,Pháp Vân,20.9481,105.8493,469.6,8.9,,29.4,
2024-04-27 22:00:00+00:00,2161309,Pháp Vân,20.9481,105.8493,860.6,9.6,,29.2,
2024-04-27 23:00:00+00:00,2161309,Pháp Vân,20.9481,105.8493,961.4,9.0,,28.2,
2024-04-28 00:00:00+00:00,2161309,Pháp Vân,20.9481,105.8493,973.5,9.9,,28.1,
2024-04-28 01:00:00+00:00,2161309,Pháp Vân,20.9481,105.8493,404.8,10.2,,27.1,
2024-04-28 02:00:00+00:00,2161309,Pháp Vân,20.9481,105.8493,447.8,12.3,,27.7,
2024-04-28 03:00:00+00:00,2161309,Pháp Vân,20.9481,105.8493,720.7,10.2,,60.2,
2024-04-28 04:00:00+00:00,2161309,Pháp Vân,20.9481,105.8493,717.7,10.1,,54.6,
2024-04-28 05:00:00+00:00,2161309,Pháp Vân,20.9481,105.8493,677.7,10.0,,38.3,
2024-04-28 06:00:00+00:00,2161309,Pháp Vân,20.9481,105.8493,626.4,9.5,,34.3,
2024-04-28 07:00:00+00:00,2161309,Pháp Vân,20.9481,105.8493,592.7,9.2,,33.5,
2024-04-28 08:00:00+00:00,2161309,Pháp Vân,20.9481,105.8493,526.0,9.4,,29.5,
2024-04-28 09:00:00+00:00,2161309,Pháp Vân,20.9481,105.8493,343.8,10.5,,28.1,
2024-04-28 10:00:00+00:00,2161309,Pháp Vân,20.9481,105.8493,295.2,12.8,,29.5,
2024-04-28 11:00:00+00:00,2161309,Pháp Vân,20.9481,105.8493,317.9,11.2,,31.6,
2024-04-28 12:00:00+00:00,2161309,Pháp Vân,20.9481,105.8493,363.4,11.9,,31.0,
2024-04-28 13:00:00+00:00,2161309,Pháp Vân,20.9481,105.8493,341.1,10.5,,28.0,
2024-04-28 14:00:00+00:00,2161309,Pháp Vân,20.9481,105.8493,345.5,11.5,,28.4,
2024-04-28 15:00:00+00:00,2161309,Pháp Vân,20.9481,105.8493,268.4,13.1,,40.0,
2024-04-28 16:00:00+00:00,2161309,Pháp Vân,20.9481,105.8493,367.1,11.2,,29.1,
2024-04-28 17:00:00+00:00,2161309,Pháp Vân,20.9481,105.8493,463.1,8.1,,27.2,
2024-04-28 18:00:00+00:00,2161309,Pháp Vân,20.9481,105.8493,237.9,8.1,,25.3,
2024-04-28 19:00:00+00:00,2161309,Pháp Vân,20.9481,105.8493,949.0,7.1,,24.6,
2024-04-28 20:00:00+00:00,2161309,Pháp Vân,20.9481,105.8493,1443.7,6.7,,24.8,
2024-04-28 21:00:00+00:00,2161309,Pháp Vân,20.9481,105.8493,1920.7,8.7,,25.5,
2024-04-28 22:00:00+00:00,2161309,Pháp Vân,20.9481,105.8493,1264.3,9.2,,25.6,
2024-04-28 23:00:00+00:00,2161309,Pháp Vân,20.9481,105.8493,2609.5,8.3,,34.5,
2024-04-29 00:00:00+00:00,2161309,Pháp Vân,20.9481,105.8493,325.9,9.8,,28.4,
2024-04-29 01:00:00+00:00,2161309,Pháp Vân,20.9481,105.8493,274.2,7.8,,28.1,
2024-04-29 02:00:00+00:00,2161309,Pháp Vân,20.9481,105.8493,255.8,7.7,,29.1,
2024-04-29 03:00:00+00:00,2161309,Pháp Vân,20.9481,105.8493,317.1,9.0,,34.6,
2024-04-29 04:00:00+00:00,2161309,Pháp Vân,20.9481,105.8493,440.3,12.5,,45.0,
2024-04-29 05:00:00+00:00,2161309,Pháp Vân,20.9481,105.8493,464.2,11.7,,47.3,
2024-04-29 06:00:00+00:00,2161309,Pháp Vân,20.9481,105.8493,453.3,9.8,,40.6,
2024-04-29 07:00:00+00:00,2161309,Pháp Vân,20.9481,105.8493,478.0,9.7,,35.8,
2024-04-29 08:00:00+00:00,2161309,Pháp Vân,20.9481,105.8493,432.8,9.5,,30.6,
2024-04-29 09:00:00+00:00,2161309,Pháp Vân,20.9481,105.8493,,9.4,,31.4,
2024-04-29 10:00:00+00:00,2161309,Pháp Vân,20.9481,105.8493,617.7,15.0,,47.4,
2024-04-29 11:00:00+00:00,2161309,Pháp Vân,20.9481,105.8493,777.4,17.4,,48.5,
2024-04-29 12:00:00+00:00,2161309,Pháp Vân,20.9481,105.8493,768.8,15.6,,44.6,
2024-04-29 13:00:00+00:00,2161309,Pháp Vân,20.9481,105.8493,700.3,11.3,,41.5,
2024-04-29 14:00:00+00:00,2161309,Pháp Vân,20.9481,105.8493,628.0,11.8,,36.8,
2024-04-29 15:00:00+00:00,2161309,Pháp Vân,20.9481,105.8493,,11.6,,33.4,
2024-04-29 16:00:00+00:00,2161309,Pháp Vân,20.9481,105.8493,458.6,10.0,,28.5,
2024-04-29 17:00:00+00:00,2161309,Pháp Vân,20.9481,105.8493,,8.3,,23.8,
2024-04-29 18:00:00+00:00,2161309,Pháp Vân,20.9481,105.8493,318.0,9.7,,24.2,
2024-04-29 19:00:00+00:00,2161309,Pháp Vân,20.9481,105.8493,,12.1,,25.4,
2024-04-29 20:00:00+00:00,2161309,Pháp Vân,20.9481,105.8493,217.6,14.7,,27.5,
2024-04-29 21:00:00+00:00,2161309,Pháp Vân,20.9481,105.8493,1817.7,15.3,,30.0,
2024-04-29 22:00:00+00:00,2161309,Pháp Vân,20.9481,105.8493,4555.8,14.9,,33.4,
2024-04-29 23:00:00+00:00,2161309,Pháp Vân,20.9481,105.8493,4359.5,14.2,,42.9,
2024-04-30 00:00:00+00:00,2161309,Pháp Vân,20.9481,105.8493,3803.6,13.4,,37.1,
2024-04-30 01:00:00+00:00,2161309,Pháp Vân,20.9481,105.8493,501.8,11.7,,35.2,
2024-04-30 02:00:00+00:00,2161309,Pháp Vân,20.9481,105.8493,810.5,17.0,,36.3,
2024-04-30 03:00:00+00:00,2161309,Pháp Vân,20.9481,105.8493,1267.7,18.6,,45.9,
2024-04-30 04:00:00+00:00,2161309,Pháp Vân,20.9481,105.8493,1119.9,14.4,,42.7,
2024-04-30 05:00:00+00:00,2161309,Pháp Vân,20.9481,105.8493,961.6,13.1,,41.3,
2024-04-30 06:00:00+00:00,2161309,Pháp Vân,20.9481,105.8493,944.7,12.1,,41.5,
2024-04-30 07:00:00+00:00,2161309,Pháp Vân,20.9481,105.8493,1011.6,13.6,,41.7,
2024-04-30 08:00:00+00:00,2161309,Pháp Vân,20.9481,105.8493,977.4,13.0,,41.0,
2024-04-30 09:00:00+00:00,2161309,Pháp Vân,20.9481,105.8493,942.4,12.0,,42.0,
2024-04-30 10:00:00+00:00,2161309,Pháp Vân,20.9481,105.8493,918.3,13.4,,45.0,
2024-04-30 11:00:00+00:00,2161309,Pháp Vân,20.9481,105.8493,864.6,14.4,,51.9,
2024-04-30 12:00:00+00:00,2161309,Pháp Vân,20.9481,105.8493,645.9,13.9,,50.2,
2024-04-30 13:00:00+00:00,2161309,Pháp Vân,20.9481,105.8493,646.5,12.8,,39.8,
2024-04-30 14:00:00+00:00,2161309,Pháp Vân,20.9481,105.8493,606.8,9.8,,34.6,
2024-04-30 15:00:00+00:00,2161309,Pháp Vân,20.9481,105.8493,435.3,9.5,,28.2,
2024-04-30 16:00:00+00:00,2161309,Pháp Vân,20.9481,105.8493,401.6,9.3,,27.6,
2024-04-30 17:00:00+00:00,2161309,Pháp Vân,20.9481,105.8493,312.3,9.0,,27.1,
2024-04-30 18:00:00+00:00,2161309,Pháp Vân,20.9481,105.8493,363.5,9.3,,25.9,
2024-04-30 19:00:00+00:00,2161309,Pháp Vân,20.9481,105.8493,403.1,10.7,,20.6,
2024-04-30 20:00:00+00:00,2161309,Pháp Vân,20.9481,105.8493,471.9,8.3,,13.3,
2024-04-30 21:00:00+00:00,2161309,Pháp Vân,20.9481,105.8493,276.2,8.8,,19.6,
2024-04-30 22:00:00+00:00,2161309,Pháp Vân,20.9481,105.8493,342.0,8.9,,21.9,
2024-04-30 23:00:00+00:00,2161309,Pháp Vân,20.9481,105.8493,352.0,7.2,,17.4,
2024-05-01 00:00:00+00:00,2161309,Pháp Vân,20.9481,105.8493,677.1,7.3,,19.2,
2024-05-01 01:00:00+00:00,2161309,Pháp Vân,20.9481,105.8493,571.5,8.0,,15.6,
2024-05-01 02:00:00+00:00,2161309,Pháp Vân,20.9481,105.8493,492.0,9.3,,16.2,
2024-05-01 03:00:00+00:00,2161309,Pháp Vân,20.9481,105.8493,,8.3,,13.7,
2024-05-01 04:00:00+00:00,2161309,Pháp Vân,20.9481,105.8493,483.8,9.3,,15.2,
2024-05-01 05:00:00+00:00,2161309,Pháp Vân,20.9481,105.8493,527.5,9.7,,14.8,
2024-05-01 06:00:00+00:00,2161309,Pháp Vân,20.9481,105.8493,374.5,8.6,,13.2,
2024-05-01 07:00:00+00:00,2161309,Pháp Vân,20.9481,105.8493,386.9,7.9,,15.9,
2024-05-01 08:00:00+00:00,2161309,Pháp Vân,20.9481,105.8493,,8.5,,14.3,
2024-05-01 09:00:00+00:00,2161309,Pháp Vân,20.9481,105.8493,427.4,10.3,,15.1,
2024-05-01 10:00:00+00:00,2161309,Pháp Vân,20.9481,105.8493,477.3,11.6,,17.4,
2024-05-01 11:00:00+00:00,2161309,Pháp Vân,20.9481,105.8493,598.5,13.2,,28.1,
2024-05-01 12:00:00+00:00,2161309,Pháp Vân,20.9481,105.8493,646.8,9.9,,29.7,
2024-05-01 13:00:00+00:00,2161309,Pháp Vân,20.9481,105.8493,685.9,9.1,,38.5,
2024-05-01 14:00:00+00:00,2161309,Pháp Vân,20.9481,105.8493,450.0,10.2,,25.3,
2024-05-01 15:00:00+00:00,2161309,Pháp Vân,20.9481,105.8493,515.3,8.4,,27.1,
2024-05-01 16:00:00+00:00,2161309,Pháp Vân,20.9481,105.8493,416.8,8.5,,28.5,
2024-05-01 17:00:00+00:00,2161309,Pháp Vân,20.9481,105.8493,424.4,11.8,,32.2,
2024-05-01 18:00:00+00:00,2161309,Pháp Vân,20.9481,105.8493,857.1,13.0,,37.6,
2024-05-01 19:00:00+00:00,2161309,Pháp Vân,20.9481,105.8493,461.2,9.2,,49.1,
2024-05-01 20:00:00+00:00,2161309,Pháp Vân,20.9481,105.8493,7279.8,11.0,,27.6,
2024-05-01 21:00:00+00:00,2161309,Pháp Vân,20.9481,105.8493,2761.2,6.3,,4.7,
2024-05-01 22:00:00+00:00,2161309,Pháp Vân,20.9481,105.8493,272.5,7.9,,6.9,
2024-05-01 23:00:00+00:00,2161309,Pháp Vân,20.9481,105.8493,258.9,7.9,,6.9,
2024-05-02 00:00:00+00:00,2161309,Pháp Vân,20.9481,105.8493,372.2,8.8,,17.1,
2024-05-02 01:00:00+00:00,2161309,Pháp Vân,20.9481,105.8493,826.1,10.4,,15.1,
2024-05-02 02:00:00+00:00,2161309,Pháp Vân,20.9481,105.8493,1049.6,12.3,,15.0,
2024-05-02 03:00:00+00:00,2161309,Pháp Vân,20.9481,105.8493,709.3,13.1,,13.6,
2024-05-02 04:00:00+00:00,2161309,Pháp Vân,20.9481,105.8493,3142.3,15.0,,12.9,
2024-05-02 05:00:00+00:00,2161309,Pháp Vân,20.9481,105.8493,573.2,14.3,,11.6,
2024-05-02 06:00:00+00:00,2161309,Pháp Vân,20.9481,105.8493,556.3,11.6,,10.1,
2024-05-02 07:00:00+00:00,2161309,Pháp Vân,20.9481,105.8493,545.3,16.5,,14.5,
2024-05-02 08:00:00+00:00,2161309,Pháp Vân,20.9481,105.8493,549.4,19.6,,24.4,
2024-05-02 09:00:00+00:00,2161309,Pháp Vân,20.9481,105.8493,3196.0,18.4,,23.6,
2024-05-02 10:00:00+00:00,2161309,Pháp Vân,20.9481,105.8493,6942.1,15.7,,21.7,
2024-05-02 11:00:00+00:00,2161309,Pháp Vân,20.9481,105.8493,10438.8,17.9,,18.8,
2024-05-02 12:00:00+00:00,2161309,Pháp Vân,20.9481,105.8493,10064.4,19.4,,14.6,
2024-05-02 13:00:00+00:00,2161309,Pháp Vân,20.9481,105.8493,9222.2,18.5,,18.2,
2024-05-02 14:00:00+00:00,2161309,Pháp Vân,20.9481,105.8493,6670.8,20.9,,30.1,
2024-05-02 15:00:00+00:00,2161309,Pháp Vân,20.9481,105.8493,4624.1,23.0,,31.3,
2024-05-02 16:00:00+00:00,2161309,Pháp Vân,20.9481,105.8493,5326.9,19.1,,32.4,
2024-05-02 17:00:00+00:00,2161309,Pháp Vân,20.9481,105.8493,,21.7,,21.8,
2024-05-02 18:00:00+00:00,2161309,Pháp Vân,20.9481,105.8493,7572.3,14.0,,13.4,
2024-05-02 19:00:00+00:00,2161309,Pháp Vân,20.9481,105.8493,4246.1,8.5,,9.8,
2024-05-02 20:00:00+00:00,2161309,Pháp Vân,20.9481,105.8493,1379.8,6.4,,17.4,
2024-05-02 21:00:00+00:00,2161309,Pháp Vân,20.9481,105.8493,1467.7,9.6,,19.1,
2024-05-02 22:00:00+00:00,2161309,Pháp Vân,20.9481,105.8493,3189.5,10.2,,22.7,
2024-05-02 23:00:00+00:00,2161309,Pháp Vân,20.9481,105.8493,4706.4,10.7,,26.2,
2024-05-03 00:00:00+00:00,2161309,Pháp Vân,20.9481,105.8493,6906.7,12.1,,28.2,
2024-05-03 01:00:00+00:00,2161309,Pháp Vân,20.9481,105.8493,3199.1,10.7,,18.9,
2024-05-03 02:00:00+00:00,2161309,Pháp Vân,20.9481,105.8493,3143.1,11.3,,16.3,
2024-05-03 03:00:00+00:00,2161309,Pháp Vân,20.9481,105.8493,12507.8,10.7,,22.7,
2024-05-03 04:00:00+00:00,2161309,Pháp Vân,20.9481,105.8493,4879.5,11.9,,22.1,
2024-05-03 05:00:00+00:00,2161309,Pháp Vân,20.9481,105.8493,5342.6,17.5,,24.5,
2024-05-03 06:00:00+00:00,2161309,Pháp Vân,20.9481,105.8493,2711.1,15.7,,22.3,
2024-05-03 07:00:00+00:00,2161309,Pháp Vân,20.9481,105.8493,339.3,8.7,,11.5,
2024-05-03 08:00:00+00:00,2161309,Pháp Vân,20.9481,105.8493,340.2,15.8,,11.8,
2024-05-03 09:00:00+00:00,2161309,Pháp Vân,20.9481,105.8493,308.0,9.1,,10.4,
2024-05-03 10:00:00+00:00,2161309,Pháp Vân,20.9481,105.8493,569.9,9.7,,9.6,
2024-05-03 11:00:00+00:00,2161309,Pháp Vân,20.9481,105.8493,2798.4,10.7,,11.2,
2024-05-03 12:00:00+00:00,2161309,Pháp Vân,20.9481,105.8493,1933.1,10.2,,13.5,
2024-05-03 13:00:00+00:00,2161309,Pháp Vân,20.9481,105.8493,2475.9,10.5,,16.5,
2024-05-03 14:00:00+00:00,2161309,Pháp Vân,20.9481,105.8493,1747.4,10.7,,13.1,
2024-05-03 15:00:00+00:00,2161309,Pháp Vân,20.9481,105.8493,2406.6,8.8,,11.4,
2024-05-03 16:00:00+00:00,2161309,Pháp Vân,20.9481,105.8493,2649.9,8.3,,10.5,
2024-05-03 17:00:00+00:00,2161309,Pháp Vân,20.9481,105.8493,3319.1,6.8,,9.0,
2024-05-03 18:00:00+00:00,2161309,Pháp Vân,20.9481,105.8493,3642.0,6.6,,8.8,
2024-05-03 19:00:00+00:00,2161309,Pháp Vân,20.9481,105.8493,1902.5,7.0,,10.6,
2024-05-03 20:00:00+00:00,2161309,Pháp Vân,20.9481,105.8493,3717.0,7.0,,13.0,
2024-05-03 21:00:00+00:00,2161309,Pháp Vân,20.9481,105.8493,555.9,6.3,,13.5,
2024-05-03 22:00:00+00:00,2161309,Pháp Vân,20.9481,105.8493,1176.7,8.8,,13.5,
2024-05-03 23:00:00+00:00,2161309,Pháp Vân,20.9481,105.8493,460.9,9.4,,16.7,
2024-05-04 00:00:00+00:00,2161309,Pháp Vân,20.9481,105.8493,509.1,9.5,,17.9,
2024-05-04 01:00:00+00:00,2161309,Pháp Vân,20.9481,105.8493,692.1,9.6,,21.9,
2024-05-04 02:00:00+00:00,2161309,Pháp Vân,20.9481,105.8493,2763.9,13.3,,30.0,
2024-05-04 03:00:00+00:00,2161309,Pháp Vân,20.9481,105.8493,570.3,18.5,,30.3,
2024-05-04 04:00:00+00:00,2161309,Pháp Vân,20.9481,105.8493,435.3,22.1,,24.5,
2024-05-04 05:00:00+00:00,2161309,Pháp Vân,20.9481,105.8493,434.5,17.5,,22.0,
2024-05-04 06:00:00+00:00,2161309,Pháp Vân,20.9481,105.8493,417.8,14.1,,21.3,
2024-05-04 07:00:00+00:00,2161309,Pháp Vân,20.9481,105.8493,404.4,12.5,,20.5,
2024-05-04 08:00:00+00:00,2161309,Pháp Vân,20.9481,105.8493,770.8,10.2,,22.5,
2024-05-04 09:00:00+00:00,2161309,Pháp Vân,20.9481,105.8493,429.3,11.4,,20.2,
2024-05-04 10:00:00+00:00,2161309,Pháp Vân,20.9481,105.8493,472.8,11.0,,21.8,
2024-05-04 11:00:00+00:00,2161309,Pháp Vân,20.9481,105.8493,656.5,11.2,,20.9,
2024-05-04 12:00:00+00:00,2161309,Pháp Vân,20.9481,105.8493,1454.8,10.1,,18.2,
2024-05-04 13:00:00+00:00,2161309,Pháp Vân,20.9481,105.8493,1342.6,10.0,,21.6,
2024-05-04 14:00:00+00:00,2161309,Pháp Vân,20.9481,105.8493,1964.7,12.0,,20.4,
2024-05-04 15:00:00+00:00,2161309,Pháp Vân,20.9481,105.8493,1789.5,11.7,,18.7,
2024-05-04 16:00:00+00:00,2161309,Pháp Vân,20.9481,105.8493,1260.9,10.6,,16.7,
2024-05-04 17:00:00+00:00,2161309,Pháp Vân,20.9481,105.8493,3741.9,10.8,,22.2,
2024-05-04 18:00:00+00:00,2161309,Pháp Vân,20.9481,105.8493,4907.5,13.5,,19.6,
2024-05-04 19:00:00+00:00,2161309,Pháp Vân,20.9481,105.8493,3551.6,11.2,,22.3,
2024-05-04 20:00:00+00:00,2161309,Pháp Vân,20.9481,105.8493,8285.9,8.4,,27.8,
2024-05-04 21:00:00+00:00,2161309,Pháp Vân,20.9481,105.8493,12330.2,7.1,,27.0,
2024-05-04 22:00:00+00:00,2161309,Pháp Vân,20.9481,105.8493,4251.5,7.7,,19.1,
2024-05-04 23:00:00+00:00,2161309,Pháp Vân,20.9481,105.8493,358.3,11.7,,11.7,
2024-05-05 00:00:00+00:00,2161309,Pháp Vân,20.9481,105.8493,968.4,15.5,,13.5,
2024-05-05 01:00:00+00:00,2161309,Pháp Vân,20.9481,105.8493,476.9,12.5,,16.0,
2024-05-05 02:00:00+00:00,2161309,Pháp Vân,20.9481,105.8493,736.4,11.9,,15.6,
2024-05-05 03:00:00+00:00,2161309,Pháp Vân,20.9481,105.8493,487.9,12.3,,15.6,
2024-05-05 04:00:00+00:00,2161309,Pháp Vân,20.9481,105.8493,496.9,11.7,,16.0,
2024-05-05 05:00:00+00:00,2161309,Pháp Vân,20.9481,105.8493,515.1,11.9,,16.2,
2024-05-05 06:00:00+00:00,2161309,Pháp Vân,20.9481,105.8493,448.4,11.5,,16.1,
2024-05-05 07:00:00+00:00,2161309,Pháp Vân,20.9481,105.8493,345.5,11.8,,16.5,
2024-05-05 08:00:00+00:00,2161309,Pháp Vân,20.9481,105.8493,389.6,11.6,,22.9,
2024-05-05 09:00:00+00:00,2161309,Pháp Vân,20.9481,105.8493,463.7,12.5,,33.3,
2024-05-05 10:00:00+00:00,2161309,Pháp Vân,20.9481,105.8493,866.8,13.2,,53.6,
2024-05-05 11:00:00+00:00,2161309,Pháp Vân,20.9481,105.8493,941.2,18.4,,27.7,
2024-05-05 12:00:00+00:00,2161309,Pháp Vân,20.9481,105.8493,895.0,18.8,,26.1,
2024-05-05 13:00:00+00:00,2161309,Pháp Vân,20.9481,105.8493,1105.8,15.5,,37.3,
2024-05-05 14:00:00+00:00,2161309,Pháp Vân,20.9481,105.8493,500.1,17.2,,18.9,
2024-05-05 15:00:00+00:00,2161309,Pháp Vân,20.9481,105.8493,470.1,26.4,,15.5,
2024-05-05 16:00:00+00:00,2161309,Pháp Vân,20.9481,105.8493,515.7,25.9,,18.8,
2024-05-05 17:00:00+00:00,2161309,Pháp Vân,20.9481,105.8493,481.3,21.7,,19.5,
2024-05-05 18:00:00+00:00,2161309,Pháp Vân,20.9481,105.8493,346.1,19.3,,16.0,
2024-05-05 19:00:00+00:00,2161309,Pháp Vân,20.9481,105.8493,342.7,17.8,,15.8,
2024-05-05 20:00:00+00:00,2161309,Pháp Vân,20.9481,105.8493,,15.7,,18.3,
2024-05-05 21:00:00+00:00,2161309,Pháp Vân,20.9481,105.8493,448.3,14.9,,19.6,
2024-05-05 22:00:00+00:00,2161309,Pháp Vân,20.9481,105.8493,558.7,12.9,,22.0,
2024-05-05 23:00:00+00:00,2161309,Pháp Vân,20.9481,105.8493,994.2,14.1,,23.1,
2024-05-06 00:00:00+00:00,2161309,Pháp Vân,20.9481,105.8493,1416.1,13.5,,29.0,
2024-05-06 01:00:00+00:00,2161309,Pháp Vân,20.9481,105.8493,1595.5,23.0,,31.6,
2024-05-06 02:00:00+00:00,2161309,Pháp Vân,20.9481,105.8493,2022.1,23.9,,46.5,
2024-05-06 03:00:00+00:00,2161309,Pháp Vân,20.9481,105.8493,2593.4,21.8,,31.1,
2024-05-06 04:00:00+00:00,2161309,Pháp Vân,20.9481,105.8493,1000.6,16.9,,22.1,
2024-05-06 05:00:00+00:00,2161309,Pháp Vân,20.9481,105.8493,810.6,16.1,,14.8,
2024-05-06 06:00:00+00:00,2161309,Pháp Vân,20.9481,105.8493,594.8,13.4,,14.9,
2024-05-06 07:00:00+00:00,2161309,Pháp Vân,20.9481,105.8493,378.3,12.5,,13.0,
2024-05-06 08:00:00+00:00,2161309,Pháp Vân,20.9481,105.8493,343.8,11.4,,10.4,
2024-05-06 09:00:00+00:00,2161309,Pháp Vân,20.9481,105.8493,508.5,15.1,,10.0,
2024-05-06 10:00:00+00:00,2161309,Pháp Vân,20.9481,105.8493,622.9,12.0,,9.2,
2024-05-06 11:00:00+00:00,2161309,Pháp Vân,20.9481,105.8493,1030.6,15.0,,14.4,
2024-05-06 12:00:00+00:00,2161309,Pháp Vân,20.9481,105.8493,726.1,18.1,,16.5,
2024-05-06 13:00:00+00:00,2161309,Pháp Vân,20.9481,105.8493,1072.1,19.5,,22.5,
2024-05-06 14:00:00+00:00,2161309,Pháp Vân,20.9481,105.8493,1005.6,21.9,,22.4,
2024-05-06 15:00:00+00:00,2161309,Pháp Vân,20.9481,105.8493,713.8,21.4,,22.0,
2024-05-06 16:00:00+00:00,2161309,Pháp Vân,20.9481,105.8493,772.2,33.4,,15.1,
2024-05-06 17:00:00+00:00,2161309,Pháp Vân,20.9481,105.8493,761.9,28.1,,21.8,
2024-05-06 18:00:00+00:00,2161309,Pháp Vân,20.9481,105.8493,2248.1,16.4,,27.6,
2024-05-06 19:00:00+00:00,2161309,Pháp Vân,20.9481,105.8493,,12.4,,29.1,
2024-05-06 20:00:00+00:00,2161309,Pháp Vân,20.9481,105.8493,239.4,9.1,,24.8,
2024-05-06 21:00:00+00:00,2161309,Pháp Vân,20.9481,105.8493,212.2,9.1,,26.0,
2024-05-06 22:00:00+00:00,2161309,Pháp Vân,20.9481,105.8493,468.5,10.6,,31.9,
2024-05-06 23:00:00+00:00,2161309,Pháp Vân,20.9481,105.8493,2025.6,15.3,,37.9,
2024-05-07 00:00:00+00:00,2161309,Pháp Vân,20.9481,105.8493,1216.6,15.0,,30.7,
2024-05-07 01:00:00+00:00,2161309,Pháp Vân,20.9481,105.8493,1452.8,16.1,,29.9,
2024-05-07 02:00:00+00:00,2161309,Pháp Vân,20.9481,105.8493,441.5,12.7,,19.4,
2024-05-07 03:00:00+00:00,2161309,Pháp Vân,20.9481,105.8493,699.9,16.5,,22.0,
2024-05-07 04:00:00+00:00,2161309,Pháp Vân,20.9481,105.8493,861.4,22.6,,30.1,
2024-05-07 05:00:00+00:00,2161309,Pháp Vân,20.9481,105.8493,606.4,15.4,,27.4,
2024-05-07 06:00:00+00:00,2161309,Pháp Vân,20.9481,105.8493,,10.9,,25.0,
2024-05-07 07:00:00+00:00,2161309,Pháp Vân,20.9481,105.8493,369.9,9.8,,20.3,
2024-05-07 08:00:00+00:00,2161309,Pháp Vân,20.9481,105.8493,370.7,10.7,,20.1,
2024-05-07 09:00:00+00:00,2161309,Pháp Vân,20.9481,105.8493,645.0,17.0,,33.4,
2024-05-07 10:00:00+00:00,2161309,Pháp Vân,20.9481,105.8493,1073.0,16.7,,34.1,
2024-05-07 11:00:00+00:00,2161309,Pháp Vân,20.9481,105.8493,1840.2,27.2,,35.8,
2024-05-07 12:00:00+00:00,2161309,Pháp Vân,20.9481,105.8493,8851.6,21.7,,33.7,
2024-05-07 13:00:00+00:00,2161309,Pháp Vân,20.9481,105.8493,13713.7,19.5,,38.9,
2024-05-07 14:00:00+00:00,2161309,Pháp Vân,20.9481,105.8493,12075.5,14.1,,32.2,
2024-05-07 15:00:00+00:00,2161309,Pháp Vân,20.9481,105.8493,12098.1,12.3,,30.4,
2024-05-07 16:00:00+00:00,2161309,Pháp Vân,20.9481,105.8493,10954.1,11.1,,32.6,
2024-05-07 17:00:00+00:00,2161309,Pháp Vân,20.9481,105.8493,9762.4,11.0,,25.8,
2024-05-07 18:00:00+00:00,2161309,Pháp Vân,20.9481,105.8493,9641.0,10.3,,29.9,
2024-05-07 19:00:00+00:00,2161309,Pháp Vân,20.9481,105.8493,13835.7,7.5,,40.1,
2024-05-07 20:00:00+00:00,2161309,Pháp Vân,20.9481,105.8493,5777.8,6.8,,43.9,
2024-05-07 21:00:00+00:00,2161309,Pháp Vân,20.9481,105.8493,14527.4,8.3,,48.8,
2024-05-07 22:00:00+00:00,2161309,Pháp Vân,20.9481,105.8493,10177.7,8.6,,62.5,
2024-05-07 23:00:00+00:00,2161309,Pháp Vân,20.9481,105.8493,14233.2,8.7,,54.8,
2024-05-08 00:00:00+00:00,2161309,Pháp Vân,20.9481,105.8493,12465.7,8.5,,31.9,
2024-05-08 01:00:00+00:00,2161309,Pháp Vân,20.9481,105.8493,10830.3,9.8,,36.9,
2024-05-08 02:00:00+00:00,2161309,Pháp Vân,20.9481,105.8493,10385.5,10.1,,31.5,
2024-05-08 03:00:00+00:00,2161309,Pháp Vân,20.9481,105.8493,5739.4,10.4,,20.3,
2024-05-08 04:00:00+00:00,2161309,Pháp Vân,20.9481,105.8493,,10.4,,17.7,
2024-05-08 05:00:00+00:00,2161309,Pháp Vân,20.9481,105.8493,310.7,10.8,,16.4,
2024-05-08 06:00:00+00:00,2161309,Pháp Vân,20.9481,105.8493,110.3,7.3,,7.7,
2024-05-08 07:00:00+00:00,2161309,Pháp Vân,20.9481,105.8493,65.3,7.0,,8.0,
2024-05-08 08:00:00+00:00,2161309,Pháp Vân,20.9481,105.8493,84.8,7.8,,10.1,
2024-05-08 09:00:00+00:00,2161309,Pháp Vân,20.9481,105.8493,75.2,7.9,,10.2,
2024-05-08 10:00:00+00:00,2161309,Pháp Vân,20.9481,105.8493,235.7,9.2,,13.0,
2024-05-08 11:00:00+00:00,2161309,Pháp Vân,20.9481,105.8493,921.8,12.0,,16.2,
2024-05-08 12:00:00+00:00,2161309,Pháp Vân,20.9481,105.8493,1394.9,15.3,,17.5,
2024-05-08 13:00:00+00:00,2161309,Pháp Vân,20.9481,105.8493,1666.5,16.8,,21.7,
2024-05-08 14:00:00+00:00,2161309,Pháp Vân,20.9481,105.8493,1479.1,14.2,,23.5,
2024-05-08 15:00:00+00:00,2161309,Pháp Vân,20.9481,105.8493,773.3,12.9,,21.6,
2024-05-08 16:00:00+00:00,2161309,Pháp Vân,20.9481,105.8493,,14.2,,20.4,
2024-05-08 17:00:00+00:00,2161309,Pháp Vân,20.9481,105.8493,3539.8,12.8,,16.4,
2024-05-08 18:00:00+00:00,2161309,Pháp Vân,20.9481,105.8493,2350.9,8.5,,19.0,
2024-05-08 19:00:00+00:00,2161309,Pháp Vân,20.9481,105.8493,2872.4,8.6,,27.8,
2024-05-08 20:00:00+00:00,2161309,Pháp Vân,20.9481,105.8493,3430.8,7.8,,25.2,
2024-05-08 21:00:00+00:00,2161309,Pháp Vân,20.9481,105.8493,793.0,8.1,,14.6,
2024-05-08 22:00:00+00:00,2161309,Pháp Vân,20.9481,105.8493,2876.8,9.8,,14.9,
2024-05-08 23:00:00+00:00,2161309,Pháp Vân,20.9481,105.8493,9539.3,7.7,,14.8,
2024-05-09 00:00:00+00:00,2161309,Pháp Vân,20.9481,105.8493,3999.7,6.7,,9.2,
2024-05-09 01:00:00+00:00,2161309,Pháp Vân,20.9481,105.8493,2924.2,9.9,,7.8,
2024-05-09 02:00:00+00:00,2161309,Pháp Vân,20.9481,105.8493,824.4,10.8,,15.3,
2024-05-09 03:00:00+00:00,2161309,Pháp Vân,20.9481,105.8493,1002.9,15.3,,18.3,
2024-05-09 04:00:00+00:00,2161309,Pháp Vân,20.9481,105.8493,871.9,17.4,,13.5,
2024-05-09 05:00:00+00:00,2161309,Pháp Vân,20.9481,105.8493,1643.3,19.4,,19.2,
2024-05-09 06:00:00+00:00,2161309,Pháp Vân,20.9481,105.8493,1027.4,16.3,,21.3,
2024-05-09 07:00:00+00:00,2161309,Pháp Vân,20.9481,105.8493,708.2,13.9,,21.2,
2024-05-09 08:00:00+00:00,2161309,Pháp Vân,20.9481,105.8493,464.4,12.7,,20.4,
2024-05-09 09:00:00+00:00,2161309,Pháp Vân,20.9481,105.8493,230.8,10.3,,10.1,
2024-05-09 10:00:00+00:00,2161309,Pháp Vân,20.9481,105.8493,167.1,10.8,,9.6,
2024-05-09 11:00:00+00:00,2161309,Pháp Vân,20.9481,105.8493,1348.1,19.8,,12.5,
2024-05-09 12:00:00+00:00,2161309,Pháp Vân,20.9481,105.8493,2796.5,24.9,,17.0,
2024-05-09 13:00:00+00:00,2161309,Pháp Vân,20.9481,105.8493,3251.8,25.9,,23.3,
2024-05-09 14:00:00+00:00,2161309,Pháp Vân,20.9481,105.8493,5597.1,26.1,,27.7,
2024-05-09 15:00:00+00:00,2161309,Pháp Vân,20.9481,105.8493,4473.5,14.6,,19.5,
2024-05-09 16:00:00+00:00,2161309,Pháp Vân,20.9481,105.8493,3691.6,8.7,,12.3,
2024-05-09 17:00:00+00:00,2161309,Pháp Vân,20.9481,105.8493,2640.7,7.6,,12.7,
2024-05-09 18:00:00+00:00,2161309,Pháp Vân,20.9481,105.8493,1861.1,6.0,,13.9,
2024-05-09 19:00:00+00:00,2161309,Pháp Vân,20.9481,105.8493,618.0,7.3,,16.9,
2024-05-09 20:00:00+00:00,2161309,Pháp Vân,20.9481,105.8493,189.0,6.5,,16.4,
2024-05-09 21:00:00+00:00,2161309,Pháp Vân,20.9481,105.8493,309.8,6.8,,16.8,
2024-05-09 22:00:00+00:00,2161309,Pháp Vân,20.9481,105.8493,607.4,9.9,,18.9,
2024-05-09 23:00:00+00:00,2161309,Pháp Vân,20.9481,105.8493,763.6,17.2,,44.5,
2024-05-10 00:00:00+00:00,2161309,Pháp Vân,20.9481,105.8493,2958.4,18.5,,46.4,
2024-05-10 01:00:00+00:00,2161309,Pháp Vân,20.9481,105.8493,3687.0,25.2,,32.7,
2024-05-10 02:00:00+00:00,2161309,Pháp Vân,20.9481,105.8493,2794.9,25.8,,31.9,
2024-05-10 03:00:00+00:00,2161309,Pháp Vân,20.9481,105.8493,869.6,18.7,,31.4,
2024-05-10 04:00:00+00:00,2161309,Pháp Vân,20.9481,105.8493,442.2,13.4,,28.4,
2024-05-10 05:00:00+00:00,2161309,Pháp Vân,20.9481,105.8493,430.6,10.7,,25.8,
2024-05-10 06:00:00+00:00,2161309,Pháp Vân,20.9481,105.8493,348.9,10.7,,21.0,
2024-05-10 07:00:00+00:00,2161309,Pháp Vân,20.9481,105.8493,,9.6,,15.2,
2024-05-10 08:00:00+00:00,2161309,Pháp Vân,20.9481,105.8493,281.6,10.4,,24.0,
2024-05-10 09:00:00+00:00,2161309,Pháp Vân,20.9481,105.8493,333.3,10.0,,29.2,
2024-05-10 10:00:00+00:00,2161309,Pháp Vân,20.9481,105.8493,341.4,10.0,,28.8,
2024-05-10 11:00:00+00:00,2161309,Pháp Vân,20.9481,105.8493,313.7,8.9,,16.9,
2024-05-10 12:00:00+00:00,2161309,Pháp Vân,20.9481,105.8493,450.1,8.1,,14.3,
2024-05-10 13:00:00+00:00,2161309,Pháp Vân,20.9481,105.8493,562.9,7.9,,17.0,
2024-05-10 14:00:00+00:00,2161309,Pháp Vân,20.9481,105.8493,1022.4,8.0,,18.8,
2024-05-10 15:00:00+00:00,2161309,Pháp Vân,20.9481,105.8493,683.2,9.8,,22.3,
2024-05-10 16:00:00+00:00,2161309,Pháp Vân,20.9481,105.8493,497.8,8.5,,19.2,
2024-05-10 17:00:00+00:00,2161309,Pháp Vân,20.9481,105.8493,652.8,8.9,,18.7,
2024-05-10 18:00:00+00:00,2161309,Pháp Vân,20.9481,105.8493,2121.2,11.5,,26.7,
2024-05-10 19:00:00+00:00,2161309,Pháp Vân,20.9481,105.8493,,10.6,,20.4,
2024-05-10 20:00:00+00:00,2161309,Pháp Vân,20.9481,105.8493,3062.8,8.9,,24.5,
2024-05-10 21:00:00+00:00,2161309,Pháp Vân,20.9481,105.8493,887.3,11.1,,27.8,
2024-05-10 22:00:00+00:00,2161309,Pháp Vân,20.9481,105.8493,185.8,12.3,,26.1,
2024-05-10 23:00:00+00:00,2161309,Pháp Vân,20.9481,105.8493,483.2,10.9,,24.6,
2024-05-11 00:00:00+00:00,2161309,Pháp Vân,20.9481,105.8493,215.0,10.1,,20.7,
2024-05-11 01:00:00+00:00,2161309,Pháp Vân,20.9481,105.8493,674.0,9.9,,19.1,
2024-05-11 02:00:00+00:00,2161309,Pháp Vân,20.9481,105.8493,325.3,11.3,,20.6,
2024-05-11 03:00:00+00:00,2161309,Pháp Vân,20.9481,105.8493,321.8,13.7,,19.3,
2024-05-11 04:00:00+00:00,2161309,Pháp Vân,20.9481,105.8493,320.1,12.9,,26.9,
2024-05-11 05:00:00+00:00,2161309,Pháp Vân,20.9481,105.8493,363.2,12.2,,20.8,
2024-05-11 06:00:00+00:00,2161309,Pháp Vân,20.9481,105.8493,240.5,9.5,,19.2,
2024-05-11 07:00:00+00:00,2161309,Pháp Vân,20.9481,105.8493,188.6,10.1,,19.0,
2024-05-11 08:00:00+00:00,2161309,Pháp Vân,20.9481,105.8493,,9.3,,17.7,
2024-05-11 09:00:00+00:00,2161309,Pháp Vân,20.9481,105.8493,181.1,9.1,,17.2,
2024-05-11 10:00:00+00:00,2161309,Pháp Vân,20.9481,105.8493,181.3,8.9,,18.0,
2024-05-11 11:00:00+00:00,2161309,Pháp Vân,20.9481,105.8493,208.0,8.0,,14.9,
2024-05-11 12:00:00+00:00,2161309,Pháp Vân,20.9481,105.8493,206.5,7.7,,19.0,
2024-05-11 13:00:00+00:00,2161309,Pháp Vân,20.9481,105.8493,233.8,8.0,,15.1,
2024-05-11 14:00:00+00:00,2161309,Pháp Vân,20.9481,105.8493,177.5,11.2,,14.3,
2024-05-11 15:00:00+00:00,2161309,Pháp Vân,20.9481,105.8493,486.8,13.6,,15.1,
2024-05-11 16:00:00+00:00,2161309,Pháp Vân,20.9481,105.8493,188.9,10.7,,18.6,
2024-05-11 17:00:00+00:00,2161309,Pháp Vân,20.9481,105.8493,225.1,12.2,,20.0,
2024-05-11 18:00:00+00:00,2161309,Pháp Vân,20.9481,105.8493,221.3,10.9,,23.8,
2024-05-11 19:00:00+00:00,2161309,Pháp Vân,20.9481,105.8493,198.5,9.8,,26.0,
2024-05-11 20:00:00+00:00,2161309,Pháp Vân,20.9481,105.8493,162.7,10.0,,23.6,
2024-05-11 21:00:00+00:00,2161309,Pháp Vân,20.9481,105.8493,166.6,9.8,,23.4,
2024-05-11 22:00:00+00:00,2161309,Pháp Vân,20.9481,105.8493,186.9,9.4,,22.1,
2024-05-11 23:00:00+00:00,2161309,Pháp Vân,20.9481,105.8493,213.4,9.2,,24.3,
2024-05-12 00:00:00+00:00,2161309,Pháp Vân,20.9481,105.8493,239.3,9.8,,27.7,
2024-05-12 01:00:00+00:00,2161309,Pháp Vân,20.9481,105.8493,322.6,12.5,,24.6,
2024-05-12 02:00:00+00:00,2161309,Pháp Vân,20.9481,105.8493,309.2,14.8,,24.1,
2024-05-12 03:00:00+00:00,2161309,Pháp Vân,20.9481,105.8493,314.3,12.7,,22.9,
2024-05-12 04:00:00+00:00,2161309,Pháp Vân,20.9481,105.8493,,14.7,,29.2,
2024-05-12 05:00:00+00:00,2161309,Pháp Vân,20.9481,105.8493,365.5,12.9,,24.6,
2024-05-12 06:00:00+00:00,2161309,Pháp Vân,20.9481,105.8493,311.0,12.5,,22.4,
2024-05-12 07:00:00+00:00,2161309,Pháp Vân,20.9481,105.8493,251.3,11.0,,20.8,
2024-05-12 08:00:00+00:00,2161309,Pháp Vân,20.9481,105.8493,233.2,9.6,,20.7,
2024-05-12 09:00:00+00:00,2161309,Pháp Vân,20.9481,105.8493,275.8,9.8,,19.1,
2024-05-12 10:00:00+00:00,2161309,Pháp Vân,20.9481,105.8493,280.0,9.2,,19.3,
2024-05-12 11:00:00+00:00,2161309,Pháp Vân,20.9481,105.8493,341.5,8.6,,17.6,
2024-05-12 12:00:00+00:00,2161309,Pháp Vân,20.9481,105.8493,369.1,9.9,,13.9,
2024-05-12 13:00:00+00:00,2161309,Pháp Vân,20.9481,105.8493,123.7,6.9,,8.1,
2024-05-12 14:00:00+00:00,2161309,Pháp Vân,20.9481,105.8493,860.8,8.1,,13.3,
2024-05-12 15:00:00+00:00,2161309,Pháp Vân,20.9481,105.8493,929.5,7.5,,11.9,
2024-05-12 16:00:00+00:00,2161309,Pháp Vân,20.9481,105.8493,,10.6,,11.0,
2024-05-12 17:00:00+00:00,2161309,Pháp Vân,20.9481,105.8493,255.6,13.4,,23.4,
2024-05-12 18:00:00+00:00,2161309,Pháp Vân,20.9481,105.8493,249.6,9.2,,19.9,
2024-05-12 19:00:00+00:00,2161309,Pháp Vân,20.9481,105.8493,1564.7,4.6,,6.2,
2024-05-12 20:00:00+00:00,2161309,Pháp Vân,20.9481,105.8493,65.4,5.9,,8.8,
2024-05-12 21:00:00+00:00,2161309,Pháp Vân,20.9481,105.8493,71.5,5.4,,8.1,
2024-05-12 22:00:00+00:00,2161309,Pháp Vân,20.9481,105.8493,135.5,6.9,,10.0,
2024-05-12 23:00:00+00:00,2161309,Pháp Vân,20.9481,105.8493,333.9,9.8,,15.0,
2024-05-13 00:00:00+00:00,2161309,Pháp Vân,20.9481,105.8493,809.3,14.2,,17.6,
2024-05-13 01:00:00+00:00,2161309,Pháp Vân,20.9481,105.8493,2247.8,20.9,,16.2,
2024-05-13 02:00:00+00:00,2161309,Pháp Vân,20.9481,105.8493,1543.3,20.3,,12.0,
2024-05-13 03:00:00+00:00,2161309,Pháp Vân,20.9481,105.8493,722.9,13.5,,12.2,
2024-05-13 04:00:00+00:00,2161309,Pháp Vân,20.9481,105.8493,601.4,13.0,,13.7,
2024-05-13 05:00:00+00:00,2161309,Pháp Vân,20.9481,105.8493,643.8,12.1,,13.4,
2024-05-13 06:00:00+00:00,2161309,Pháp Vân,20.9481,105.8493,670.9,14.9,,11.1,
2024-05-13 07:00:00+00:00,2161309,Pháp Vân,20.9481,105.8493,646.6,14.9,,10.8,
2024-05-13 08:00:00+00:00,2161309,Pháp Vân,20.9481,105.8493,708.3,14.0,,11.7,
2024-05-13 09:00:00+00:00,2161309,Pháp Vân,20.9481,105.8493,766.7,15.3,,11.7,
2024-05-13 10:00:00+00:00,2161309,Pháp Vân,20.9481,105.8493,974.1,15.1,,12.0,
2024-05-13 11:00:00+00:00,2161309,Pháp Vân,20.9481,105.8493,1066.0,17.1,,13.0,
2024-05-13 12:00:00+00:00,2161309,Pháp Vân,20.9481,105.8493,958.5,18.3,,13.2,
2024-05-13 13:00:00+00:00,2161309,Pháp Vân,20.9481,105.8493,1597.7,26.2,,16.9,
2024-05-13 14:00:00+00:00,2161309,Pháp Vân,20.9481,105.8493,2693.0,30.3,,19.6,
2024-05-13 15:00:00+00:00,2161309,Pháp Vân,20.9481,105.8493,2019.6,25.3,,21.4,
2024-05-13 16:00:00+00:00,2161309,Pháp Vân,20.9481,105.8493,1657.8,30.7,,29.8,
2024-05-13 17:00:00+00:00,2161309,Pháp Vân,20.9481,105.8493,1948.8,25.0,,34.2,
2024-05-13 18:00:00+00:00,2161309,Pháp Vân,20.9481,105.8493,1698.2,22.8,,27.9,
2024-05-13 19:00:00+00:00,2161309,Pháp Vân,20.9481,105.8493,1452.4,19.7,,25.2,
2024-05-13 20:00:00+00:00,2161309,Pháp Vân,20.9481,105.8493,1020.3,14.3,,24.4,
2024-05-13 21:00:00+00:00,2161309,Pháp Vân,20.9481,105.8493,914.0,14.2,,24.3,
2024-05-13 22:00:00+00:00,2161309,Pháp Vân,20.9481,105.8493,786.1,16.3,,25.4,
2024-05-13 23:00:00+00:00,2161309,Pháp Vân,20.9481,105.8493,868.3,18.0,,26.1,
2024-05-14 00:00:00+00:00,2161309,Pháp Vân,20.9481,105.8493,783.4,16.7,,19.7,
2024-05-14 01:00:00+00:00,2161309,Pháp Vân,20.9481,105.8493,1900.0,20.7,,22.9,
2024-05-14 02:00:00+00:00,2161309,Pháp Vân,20.9481,105.8493,1255.3,18.6,,23.7,
2024-05-14 03:00:00+00:00,2161309,Pháp Vân,20.9481,105.8493,1019.1,17.4,,24.5,
2024-05-14 04:00:00+00:00,2161309,Pháp Vân,20.9481,105.8493,966.9,15.8,,26.1,
2024-05-14 05:00:00+00:00,2161309,Pháp Vân,20.9481,105.8493,1129.2,16.0,,25.5,
2024-05-14 06:00:00+00:00,2161309,Pháp Vân,20.9481,105.8493,991.3,12.1,,29.6,
2024-05-14 07:00:00+00:00,2161309,Pháp Vân,20.9481,105.8493,669.4,10.3,,24.9,
2024-05-14 08:00:00+00:00,2161309,Pháp Vân,20.9481,105.8493,566.1,10.0,,22.9,
2024-05-14 09:00:00+00:00,2161309,Pháp Vân,20.9481,105.8493,566.7,10.7,,26.9,
2024-05-14 10:00:00+00:00,2161309,Pháp Vân,20.9481,105.8493,577.1,13.2,,29.3,
2024-05-14 11:00:00+00:00,2161309,Pháp Vân,20.9481,105.8493,753.5,13.4,,47.9,
2024-05-14 12:00:00+00:00,2161309,Pháp Vân,20.9481,105.8493,473.2,9.9,,20.6,
2024-05-14 13:00:00+00:00,2161309,Pháp Vân,20.9481,105.8493,357.7,8.5,,14.6,
2024-05-14 14:00:00+00:00,2161309,Pháp Vân,20.9481,105.8493,400.6,9.4,,18.1,
2024-05-14 15:00:00+00:00,2161309,Pháp Vân,20.9481,105.8493,402.2,10.5,,21.9,
2024-05-14 16:00:00+00:00,2161309,Pháp Vân,20.9481,105.8493,513.6,9.7,,19.9,
2024-05-14 17:00:00+00:00,2161309,Pháp Vân,20.9481,105.8493,673.9,7.6,,15.1,
2024-05-14 18:00:00+00:00,2161309,Pháp Vân,20.9481,105.8493,1166.2,7.9,,13.6,
2024-05-14 19:00:00+00:00,2161309,Pháp Vân,20.9481,105.8493,,7.5,,15.6,
2024-05-14 20:00:00+00:00,2161309,Pháp Vân,20.9481,105.8493,2435.9,8.8,,17.5,
2024-05-14 21:00:00+00:00,2161309,Pháp Vân,20.9481,105.8493,2614.6,9.9,,19.1,
2024-05-14 22:00:00+00:00,2161309,Pháp Vân,20.9481,105.8493,2658.3,9.5,,23.1,
2024-05-14 23:00:00+00:00,2161309,Pháp Vân,20.9481,105.8493,4277.8,11.7,,25.9,
2024-05-15 00:00:00+00:00,2161309,Pháp Vân,20.9481,105.8493,567.0,12.6,,29.3,
2024-05-15 01:00:00+00:00,2161309,Pháp Vân,20.9481,105.8493,680.2,11.7,,22.7,
2024-05-15 02:00:00+00:00,2161309,Pháp Vân,20.9481,105.8493,361.7,9.2,,15.8,
2024-05-15 03:00:00+00:00,2161309,Pháp Vân,20.9481,105.8493,410.5,11.8,,15.1,
2024-05-15 04:00:00+00:00,2161309,Pháp Vân,20.9481,105.8493,326.0,10.4,,16.2,
2024-05-15 05:00:00+00:00,2161309,Pháp Vân,20.9481,105.8493,488.6,10.9,,16.0,
2024-05-15 06:00:00+00:00,2161309,Pháp Vân,20.9481,105.8493,325.5,10.8,,13.4,
2024-05-15 07:00:00+00:00,2161309,Pháp Vân,20.9481,105.8493,206.7,9.6,,12.0,
2024-05-15 16:00:00+00:00,2161309,Pháp Vân,20.9481,105.8493,463.6,15.9,,31.7,
2024-05-15 17:00:00+00:00,2161309,Pháp Vân,20.9481,105.8493,410.5,20.5,,36.3,
2024-05-15 18:00:00+00:00,2161309,Pháp Vân,20.9481,105.8493,404.0,18.7,,31.7,
2024-05-15 19:00:00+00:00,2161309,Pháp Vân,20.9481,105.8493,387.5,18.1,,31.1,
2024-05-15 20:00:00+00:00,2161309,Pháp Vân,20.9481,105.8493,1019.3,16.8,,35.9,
2024-05-15 21:00:00+00:00,2161309,Pháp Vân,20.9481,105.8493,,13.4,,40.4,
2024-05-15 22:00:00+00:00,2161309,Pháp Vân,20.9481,105.8493,,11.6,,48.2,
2024-05-15 23:00:00+00:00,2161309,Pháp Vân,20.9481,105.8493,683.9,11.8,,34.1,
2024-05-16 00:00:00+00:00,2161309,Pháp Vân,20.9481,105.8493,1627.0,13.3,,30.2,
2024-05-16 01:00:00+00:00,2161309,Pháp Vân,20.9481,105.8493,1270.9,15.3,,26.3,
2024-05-16 02:00:00+00:00,2161309,Pháp Vân,20.9481,105.8493,696.4,19.3,,20.3,
2024-05-16 03:00:00+00:00,2161309,Pháp Vân,20.9481,105.8493,560.7,17.2,,16.7,
2024-05-16 04:00:00+00:00,2161309,Pháp Vân,20.9481,105.8493,,14.8,,15.2,
2024-05-16 05:00:00+00:00,2161309,Pháp Vân,20.9481,105.8493,466.9,13.4,,15.1,
2024-05-16 06:00:00+00:00,2161309,Pháp Vân,20.9481,105.8493,350.6,13.6,,13.6,
2024-05-16 07:00:00+00:00,2161309,Pháp Vân,20.9481,105.8493,299.7,12.4,,10.6,
2024-05-16 08:00:00+00:00,2161309,Pháp Vân,20.9481,105.8493,297.2,12.2,,11.6,
2024-05-16 09:00:00+00:00,2161309,Pháp Vân,20.9481,105.8493,259.3,12.1,,11.1,
2024-05-16 10:00:00+00:00,2161309,Pháp Vân,20.9481,105.8493,320.3,11.7,,10.5,
2024-05-16 11:00:00+00:00,2161309,Pháp Vân,20.9481,105.8493,1517.9,17.8,,25.3,
2024-05-16 12:00:00+00:00,2161309,Pháp Vân,20.9481,105.8493,2358.7,25.7,,33.4,
2024-05-16 13:00:00+00:00,2161309,Pháp Vân,20.9481,105.8493,1921.7,21.2,,29.5,
2024-05-16 14:00:00+00:00,2161309,Pháp Vân,20.9481,105.8493,1429.7,17.2,,21.6,
2024-05-16 15:00:00+00:00,2161309,Pháp Vân,20.9481,105.8493,1227.1,17.7,,18.2,
2024-05-16 16:00:00+00:00,2161309,Pháp Vân,20.9481,105.8493,1580.8,25.8,,22.3,
2024-05-16 17:00:00+00:00,2161309,Pháp Vân,20.9481,105.8493,1196.2,20.5,,28.0,
2024-05-16 18:00:00+00:00,2161309,Pháp Vân,20.9481,105.8493,689.2,17.2,,21.7,
2024-05-16 19:00:00+00:00,2161309,Pháp Vân,20.9481,105.8493,556.9,17.1,,21.6,
2024-05-16 20:00:00+00:00,2161309,Pháp Vân,20.9481,105.8493,456.6,15.5,,20.7,
2024-05-16 21:00:00+00:00,2161309,Pháp Vân,20.9481,105.8493,554.4,14.3,,29.2,
2024-05-16 22:00:00+00:00,2161309,Pháp Vân,20.9481,105.8493,692.6,17.2,,35.4,
2024-05-16 23:00:00+00:00,2161309,Pháp Vân,20.9481,105.8493,1103.1,16.8,,33.4,
2024-05-17 00:00:00+00:00,2161309,Pháp Vân,20.9481,105.8493,1201.8,25.4,,37.4,
2024-05-17 01:00:00+00:00,2161309,Pháp Vân,20.9481,105.8493,1449.4,24.0,,31.7,
2024-05-17 02:00:00+00:00,2161309,Pháp Vân,20.9481,105.8493,528.4,15.6,,22.6,
2024-05-17 03:00:00+00:00,2161309,Pháp Vân,20.9481,105.8493,542.8,13.4,,24.0,
2024-05-17 04:00:00+00:00,2161309,Pháp Vân,20.9481,105.8493,403.3,11.0,,21.8,
2024-05-17 05:00:00+00:00,2161309,Pháp Vân,20.9481,105.8493,368.0,11.0,,20.8,
2024-05-17 06:00:00+00:00,2161309,Pháp Vân,20.9481,105.8493,180.3,8.9,,12.4,
2024-05-17 07:00:00+00:00,2161309,Pháp Vân,20.9481,105.8493,165.2,8.8,,12.9,
2024-05-17 08:00:00+00:00,2161309,Pháp Vân,20.9481,105.8493,100.3,7.8,,11.7,
2024-05-17 09:00:00+00:00,2161309,Pháp Vân,20.9481,105.8493,138.5,12.6,,13.7,
2024-05-17 10:00:00+00:00,2161309,Pháp Vân,20.9481,105.8493,168.0,13.5,,14.5,
2024-05-17 11:00:00+00:00,2161309,Pháp Vân,20.9481,105.8493,399.7,11.1,,23.1,
2024-05-17 12:00:00+00:00,2161309,Pháp Vân,20.9481,105.8493,288.2,10.1,,18.8,
2024-05-17 13:00:00+00:00,2161309,Pháp Vân,20.9481,105.8493,213.7,8.5,,19.9,
2024-05-17 14:00:00+00:00,2161309,Pháp Vân,20.9481,105.8493,244.7,9.4,,17.6,
2024-05-17 15:00:00+00:00,2161309,Pháp Vân,20.9481,105.8493,122.6,13.0,,19.1,
2024-05-17 16:00:00+00:00,2161309,Pháp Vân,20.9481,105.8493,206.4,13.3,,18.9,
2024-05-17 17:00:00+00:00,2161309,Pháp Vân,20.9481,105.8493,789.5,10.5,,17.8,
2024-05-17 18:00:00+00:00,2161309,Pháp Vân,20.9481,105.8493,665.0,7.1,,17.8,
2024-05-17 19:00:00+00:00,2161309,Pháp Vân,20.9481,105.8493,1173.5,7.8,,18.4,
2024-05-17 20:00:00+00:00,2161309,Pháp Vân,20.9481,105.8493,1300.9,7.8,,16.3,
2024-05-17 21:00:00+00:00,2161309,Pháp Vân,20.9481,105.8493,1841.9,7.3,,16.4,
2024-05-17 22:00:00+00:00,2161309,Pháp Vân,20.9481,105.8493,3023.0,9.6,,17.7,
2024-05-17 23:00:00+00:00,2161309,Pháp Vân,20.9481,105.8493,4752.1,10.6,,18.1,
2024-05-18 00:00:00+00:00,2161309,Pháp Vân,20.9481,105.8493,590.5,9.9,,17.4,
2024-05-18 01:00:00+00:00,2161309,Pháp Vân,20.9481,105.8493,305.8,14.9,,16.2,
2024-05-18 02:00:00+00:00,2161309,Pháp Vân,20.9481,105.8493,269.6,16.0,,15.5,
2024-05-18 03:00:00+00:00,2161309,Pháp Vân,20.9481,105.8493,293.0,18.0,,15.8,
2024-05-18 04:00:00+00:00,2161309,Pháp Vân,20.9481,105.8493,315.9,17.9,,20.4,
2024-05-18 05:00:00+00:00,2161309,Pháp Vân,20.9481,105.8493,275.7,11.7,,22.4,
2024-05-18 06:00:00+00:00,2161309,Pháp Vân,20.9481,105.8493,236.2,15.0,,15.7,
2024-05-18 07:00:00+00:00,2161309,Pháp Vân,20.9481,105.8493,182.9,10.3,,13.9,
2024-05-18 08:00:00+00:00,2161309,Pháp Vân,20.9481,105.8493,139.0,7.1,,13.4,
2024-05-18 09:00:00+00:00,2161309,Pháp Vân,20.9481,105.8493,148.6,8.5,,13.8,
2024-05-18 10:00:00+00:00,2161309,Pháp Vân,20.9481,105.8493,214.3,11.0,,15.0,
2024-05-18 11:00:00+00:00,2161309,Pháp Vân,20.9481,105.8493,309.0,9.4,,12.9,
2024-05-18 12:00:00+00:00,2161309,Pháp Vân,20.9481,105.8493,276.8,9.3,,12.6,
2024-05-18 13:00:00+00:00,2161309,Pháp Vân,20.9481,105.8493,200.2,9.1,,11.0,
2024-05-18 14:00:00+00:00,2161309,Pháp Vân,20.9481,105.8493,140.6,7.6,,11.0,
2024-05-18 15:00:00+00:00,2161309,Pháp Vân,20.9481,105.8493,143.6,7.8,,10.0,
2024-05-18 16:00:00+00:00,2161309,Pháp Vân,20.9481,105.8493,,7.8,,10.4,
2024-05-18 17:00:00+00:00,2161309,Pháp Vân,20.9481,105.8493,,6.7,,9.2,
2024-05-18 18:00:00+00:00,2161309,Pháp Vân,20.9481,105.8493,610.8,6.9,,10.7,
2024-05-18 19:00:00+00:00,2161309,Pháp Vân,20.9481,105.8493,1000.7,6.3,,11.4,
2024-05-18 20:00:00+00:00,2161309,Pháp Vân,20.9481,105.8493,1171.8,7.1,,12.8,
2024-05-18 21:00:00+00:00,2161309,Pháp Vân,20.9481,105.8493,2055.2,8.3,,12.7,
2024-05-18 22:00:00+00:00,2161309,Pháp Vân,20.9481,105.8493,2583.9,9.0,,11.6,
2024-05-18 23:00:00+00:00,2161309,Pháp Vân,20.9481,105.8493,3464.5,8.4,,13.5,
2024-05-19 00:00:00+00:00,2161309,Pháp Vân,20.9481,105.8493,3141.7,9.7,,15.9,
2024-05-19 01:00:00+00:00,2161309,Pháp Vân,20.9481,105.8493,237.0,9.1,,12.5,
2024-05-19 02:00:00+00:00,2161309,Pháp Vân,20.9481,105.8493,274.8,10.1,,16.4,
2024-05-19 03:00:00+00:00,2161309,Pháp Vân,20.9481,105.8493,439.4,12.5,,18.6,
2024-05-19 04:00:00+00:00,2161309,Pháp Vân,20.9481,105.8493,420.1,12.7,,19.6,
2024-05-19 05:00:00+00:00,2161309,Pháp Vân,20.9481,105.8493,529.9,13.1,,21.7,
2024-05-19 06:00:00+00:00,2161309,Pháp Vân,20.9481,105.8493,351.6,10.8,,18.8,
2024-05-19 07:00:00+00:00,2161309,Pháp Vân,20.9481,105.8493,364.5,12.2,,21.0,
2024-05-19 08:00:00+00:00,2161309,Pháp Vân,20.9481,105.8493,422.4,12.9,,19.6,
2024-05-19 09:00:00+00:00,2161309,Pháp Vân,20.9481,105.8493,527.0,16.4,,22.0,
2024-05-19 10:00:00+00:00,2161309,Pháp Vân,20.9481,105.8493,553.8,17.3,,25.2,
2024-05-19 11:00:00+00:00,2161309,Pháp Vân,20.9481,105.8493,698.6,12.6,,13.5,
2024-05-19 12:00:00+00:00,2161309,Pháp Vân,20.9481,105.8493,2262.7,9.3,,7.3,
2024-05-19 13:00:00+00:00,2161309,Pháp Vân,20.9481,105.8493,3475.8,13.9,,9.0,
2024-05-19 14:00:00+00:00,2161309,Pháp Vân,20.9481,105.8493,1473.1,16.1,,11.5,
2024-05-19 15:00:00+00:00,2161309,Pháp Vân,20.9481,105.8493,699.9,12.2,,16.5,
2024-05-19 16:00:00+00:00,2161309,Pháp Vân,20.9481,105.8493,280.9,10.1,,20.6,
2024-05-19 17:00:00+00:00,2161309,Pháp Vân,20.9481,105.8493,299.9,8.9,,24.2,
2024-05-19 18:00:00+00:00,2161309,Pháp Vân,20.9481,105.8493,694.7,10.6,,17.6,
2024-05-19 19:00:00+00:00,2161309,Pháp Vân,20.9481,105.8493,1023.6,8.2,,17.0,
2024-05-19 20:00:00+00:00,2161309,Pháp Vân,20.9481,105.8493,235.7,8.5,,15.6,
2024-05-19 21:00:00+00:00,2161309,Pháp Vân,20.9481,105.8493,310.5,9.3,,14.1,
2024-05-19 22:00:00+00:00,2161309,Pháp Vân,20.9481,105.8493,647.8,11.5,,15.1,
2024-05-19 23:00:00+00:00,2161309,Pháp Vân,20.9481,105.8493,829.1,12.4,,24.6,
2024-05-20 00:00:00+00:00,2161309,Pháp Vân,20.9481,105.8493,2329.0,14.2,,21.9,
2024-05-20 01:00:00+00:00,2161309,Pháp Vân,20.9481,105.8493,2787.1,17.6,,25.5,
2024-05-20 02:00:00+00:00,2161309,Pháp Vân,20.9481,105.8493,2201.2,16.3,,28.6,
2024-05-20 03:00:00+00:00,2161309,Pháp Vân,20.9481,105.8493,1798.1,17.6,,24.1,
2024-05-20 04:00:00+00:00,2161309,Pháp Vân,20.9481,105.8493,1324.8,17.4,,16.7,
2024-05-20 05:00:00+00:00,2161309,Pháp Vân,20.9481,105.8493,1096.4,14.5,,13.8,
2024-05-20 06:00:00+00:00,2161309,Pháp Vân,20.9481,105.8493,867.2,13.1,,11.9,
2024-05-20 07:00:00+00:00,2161309,Pháp Vân,20.9481,105.8493,897.8,15.2,,10.9,
2024-05-20 08:00:00+00:00,2161309,Pháp Vân,20.9481,105.8493,709.2,14.5,,10.0,
2024-05-20 09:00:00+00:00,2161309,Pháp Vân,20.9481,105.8493,1197.7,16.8,,11.9,
2024-05-20 10:00:00+00:00,2161309,Pháp Vân,20.9481,105.8493,1531.1,18.7,,15.3,
2024-05-20 11:00:00+00:00,2161309,Pháp Vân,20.9481,105.8493,3195.3,29.4,,23.1,
2024-05-20 12:00:00+00:00,2161309,Pháp Vân,20.9481,105.8493,3104.1,34.1,,20.5,
2024-05-20 13:00:00+00:00,2161309,Pháp Vân,20.9481,105.8493,3090.2,31.0,,20.5,
2024-05-20 14:00:00+00:00,2161309,Pháp Vân,20.9481,105.8493,3043.8,31.3,,23.8,
2024-05-20 15:00:00+00:00,2161309,Pháp Vân,20.9481,105.8493,3067.4,28.0,,22.6,
2024-05-20 16:00:00+00:00,2161309,Pháp Vân,20.9481,105.8493,1712.9,25.1,,21.7,
2024-05-20 17:00:00+00:00,2161309,Pháp Vân,20.9481,105.8493,816.2,21.3,,27.7,
2024-05-20 18:00:00+00:00,2161309,Pháp Vân,20.9481,105.8493,351.7,11.2,,16.9,
2024-05-20 19:00:00+00:00,2161309,Pháp Vân,20.9481,105.8493,413.9,8.6,,20.7,
2024-05-20 20:00:00+00:00,2161309,Pháp Vân,20.9481,105.8493,420.0,8.7,,32.5,
2024-05-20 21:00:00+00:00,2161309,Pháp Vân,20.9481,105.8493,622.6,8.3,,35.4,
2024-05-20 22:00:00+00:00,2161309,Pháp Vân,20.9481,105.8493,518.6,7.7,,32.9,
2024-05-20 23:00:00+00:00,2161309,Pháp Vân,20.9481,105.8493,894.6,10.7,,32.1,
2024-05-21 00:00:00+00:00,2161309,Pháp Vân,20.9481,105.8493,1505.9,19.4,,26.6,
2024-05-21 01:00:00+00:00,2161309,Pháp Vân,20.9481,105.8493,2596.2,25.5,,31.6,
2024-05-21 02:00:00+00:00,2161309,Pháp Vân,20.9481,105.8493,2636.4,28.2,,43.2,
2024-05-21 03:00:00+00:00,2161309,Pháp Vân,20.9481,105.8493,2485.3,27.7,,58.2,
2024-05-21 04:00:00+00:00,2161309,Pháp Vân,20.9481,105.8493,1127.5,16.1,,49.5,
2024-05-21 05:00:00+00:00,2161309,Pháp Vân,20.9481,105.8493,1461.2,15.8,,50.0,
2024-05-21 06:00:00+00:00,2161309,Pháp Vân,20.9481,105.8493,1185.1,12.6,,39.9,
2024-05-21 07:00:00+00:00,2161309,Pháp Vân,20.9481,105.8493,985.8,13.2,,29.4,
2024-05-21 08:00:00+00:00,2161309,Pháp Vân,20.9481,105.8493,494.2,9.6,,20.9,
2024-05-21 09:00:00+00:00,2161309,Pháp Vân,20.9481,105.8493,460.3,12.4,,14.6,
2024-05-21 10:00:00+00:00,2161309,Pháp Vân,20.9481,105.8493,644.9,16.4,,18.1,
2024-05-21 11:00:00+00:00,2161309,Pháp Vân,20.9481,105.8493,1795.9,22.7,,20.6,
2024-05-21 12:00:00+00:00,2161309,Pháp Vân,20.9481,105.8493,1847.6,32.8,,23.0,
2024-05-21 13:00:00+00:00,2161309,Pháp Vân,20.9481,105.8493,1170.1,27.4,,23.5,
2024-05-21 14:00:00+00:00,2161309,Pháp Vân,20.9481,105.8493,450.3,10.4,,13.8,
2024-05-21 15:00:00+00:00,2161309,Pháp Vân,20.9481,105.8493,348.0,10.2,,17.4,
2024-05-21 16:00:00+00:00,2161309,Pháp Vân,20.9481,105.8493,384.9,9.1,,25.4,
2024-05-21 17:00:00+00:00,2161309,Pháp Vân,20.9481,105.8493,,12.7,,30.6,
2024-05-21 18:00:00+00:00,2161309,Pháp Vân,20.9481,105.8493,1310.3,11.8,,35.5,
2024-05-21 19:00:00+00:00,2161309,Pháp Vân,20.9481,105.8493,500.9,8.6,,28.3,
2024-05-21 20:00:00+00:00,2161309,Pháp Vân,20.9481,105.8493,289.1,8.2,,28.0,
2024-05-21 21:00:00+00:00,2161309,Pháp Vân,20.9481,105.8493,702.5,13.8,,31.7,
2024-05-21 22:00:00+00:00,2161309,Pháp Vân,20.9481,105.8493,1569.1,17.6,,52.2,
2024-05-21 23:00:00+00:00,2161309,Pháp Vân,20.9481,105.8493,1085.5,16.9,,46.6,
2024-05-22 00:00:00+00:00,2161309,Pháp Vân,20.9481,105.8493,1572.7,18.4,,55.8,
2024-05-22 01:00:00+00:00,2161309,Pháp Vân,20.9481,105.8493,1390.0,16.5,,36.3,
2024-05-22 02:00:00+00:00,2161309,Pháp Vân,20.9481,105.8493,1749.0,22.0,,35.8,
2024-05-22 03:00:00+00:00,2161309,Pháp Vân,20.9481,105.8493,1191.9,18.5,,24.0,
2024-05-22 04:00:00+00:00,2161309,Pháp Vân,20.9481,105.8493,794.8,13.1,,16.6,
2024-05-22 05:00:00+00:00,2161309,Pháp Vân,20.9481,105.8493,901.7,18.0,,20.3,
2024-05-22 06:00:00+00:00,2161309,Pháp Vân,20.9481,105.8493,855.8,13.1,,18.9,
2024-05-22 07:00:00+00:00,2161309,Pháp Vân,20.9481,105.8493,843.1,14.8,,19.6,
2024-05-22 08:00:00+00:00,2161309,Pháp Vân,20.9481,105.8493,1071.2,11.8,,23.3,
2024-05-22 09:00:00+00:00,2161309,Pháp Vân,20.9481,105.8493,907.7,14.0,,22.5,
2024-05-22 10:00:00+00:00,2161309,Pháp Vân,20.9481,105.8493,791.2,13.0,,22.3,
2024-05-22 11:00:00+00:00,2161309,Pháp Vân,20.9481,105.8493,1437.3,17.2,,24.5,
2024-05-22 12:00:00+00:00,2161309,Pháp Vân,20.9481,105.8493,2466.7,26.1,,25.7,
2024-05-22 13:00:00+00:00,2161309,Pháp Vân,20.9481,105.8493,2007.9,31.1,,23.1,
2024-05-22 14:00:00+00:00,2161309,Pháp Vân,20.9481,105.8493,460.5,24.5,,19.5,
2024-05-22 15:00:00+00:00,2161309,Pháp Vân,20.9481,105.8493,388.5,10.8,,11.3,
2024-05-22 16:00:00+00:00,2161309,Pháp Vân,20.9481,105.8493,279.7,8.0,,7.7,
2024-05-22 17:00:00+00:00,2161309,Pháp Vân,20.9481,105.8493,493.1,8.5,,11.8,
2024-05-22 18:00:00+00:00,2161309,Pháp Vân,20.9481,105.8493,603.6,6.4,,9.7,
2024-05-22 19:00:00+00:00,2161309,Pháp Vân,20.9481,105.8493,433.0,5.9,,10.3,
2024-05-22 20:00:00+00:00,2161309,Pháp Vân,20.9481,105.8493,152.2,6.6,,9.9,
2024-05-22 21:00:00+00:00,2161309,Pháp Vân,20.9481,105.8493,160.7,8.6,,12.1,
2024-05-22 22:00:00+00:00,2161309,Pháp Vân,20.9481,105.8493,450.5,12.3,,14.6,
2024-05-22 23:00:00+00:00,2161309,Pháp Vân,20.9481,105.8493,661.8,14.1,,23.6,
2024-05-23 00:00:00+00:00,2161309,Pháp Vân,20.9481,105.8493,913.7,15.5,,21.6,
2024-05-23 01:00:00+00:00,2161309,Pháp Vân,20.9481,105.8493,1352.4,21.3,,22.1,
2024-05-23 02:00:00+00:00,2161309,Pháp Vân,20.9481,105.8493,1192.9,24.8,,37.8,
2024-05-23 03:00:00+00:00,2161309,Pháp Vân,20.9481,105.8493,1186.4,26.6,,44.0,
2024-05-23 04:00:00+00:00,2161309,Pháp Vân,20.9481,105.8493,1053.8,20.1,,43.2,
2024-05-23 05:00:00+00:00,2161309,Pháp Vân,20.9481,105.8493,1264.5,16.4,,42.7,
2024-05-23 06:00:00+00:00,2161309,Pháp Vân,20.9481,105.8493,1194.7,13.5,,46.0,
2024-05-23 07:00:00+00:00,2161309,Pháp Vân,20.9481,105.8493,827.9,11.0,,31.0,
2024-05-23 08:00:00+00:00,2161309,Pháp Vân,20.9481,105.8493,918.9,14.1,,30.7,
2024-05-23 09:00:00+00:00,2161309,Pháp Vân,20.9481,105.8493,975.9,10.2,,33.3,
2024-05-23 10:00:00+00:00,2161309,Pháp Vân,20.9481,105.8493,1318.6,15.7,,33.6,
2024-05-23 11:00:00+00:00,2161309,Pháp Vân,20.9481,105.8493,1821.3,19.5,,35.7,
2024-05-23 12:00:00+00:00,2161309,Pháp Vân,20.9481,105.8493,1163.5,16.3,,35.8,
2024-05-23 13:00:00+00:00,2161309,Pháp Vân,20.9481,105.8493,1340.7,19.6,,31.9,
2024-05-23 14:00:00+00:00,2161309,Pháp Vân,20.9481,105.8493,1187.5,23.9,,33.0,
2024-05-23 15:00:00+00:00,2161309,Pháp Vân,20.9481,105.8493,973.3,23.4,,34.6,
2024-05-23 16:00:00+00:00,2161309,Pháp Vân,20.9481,105.8493,683.2,17.9,,41.8,
2024-05-23 17:00:00+00:00,2161309,Pháp Vân,20.9481,105.8493,567.7,17.9,,49.7,
2024-05-23 18:00:00+00:00,2161309,Pháp Vân,20.9481,105.8493,562.2,23.5,,43.2,
2024-05-23 19:00:00+00:00,2161309,Pháp Vân,20.9481,105.8493,533.3,20.2,,51.4,
2024-05-23 20:00:00+00:00,2161309,Pháp Vân,20.9481,105.8493,541.8,16.9,,51.0,
2024-05-23 21:00:00+00:00,2161309,Pháp Vân,20.9481,105.8493,560.3,15.5,,49.2,
2024-05-23 22:00:00+00:00,2161309,Pháp Vân,20.9481,105.8493,586.1,14.6,,48.7,
2024-05-23 23:00:00+00:00,2161309,Pháp Vân,20.9481,105.8493,776.7,15.4,,49.9,
2024-05-24 00:00:00+00:00,2161309,Pháp Vân,20.9481,105.8493,968.6,19.9,,54.4,
2024-05-24 01:00:00+00:00,2161309,Pháp Vân,20.9481,105.8493,1455.3,25.6,,56.1,
2024-05-24 02:00:00+00:00,2161309,Pháp Vân,20.9481,105.8493,1425.5,24.8,,54.9,
2024-05-24 03:00:00+00:00,2161309,Pháp Vân,20.9481,105.8493,1140.0,23.2,,56.2,
2024-05-24 04:00:00+00:00,2161309,Pháp Vân,20.9481,105.8493,828.3,15.9,,46.4,
2024-05-24 05:00:00+00:00,2161309,Pháp Vân,20.9481,105.8493,594.6,12.8,,29.6,
2024-05-24 06:00:00+00:00,2161309,Pháp Vân,20.9481,105.8493,414.8,11.0,,16.4,
2024-05-24 07:00:00+00:00,2161309,Pháp Vân,20.9481,105.8493,305.8,10.0,,11.4,
2024-05-24 08:00:00+00:00,2161309,Pháp Vân,20.9481,105.8493,415.8,12.2,,19.0,
2024-05-24 09:00:00+00:00,2161309,Pháp Vân,20.9481,105.8493,370.5,10.8,,14.0,
2024-05-24 10:00:00+00:00,2161309,Pháp Vân,20.9481,105.8493,332.0,11.8,,14.6,
2024-05-24 11:00:00+00:00,2161309,Pháp Vân,20.9481,105.8493,481.4,12.1,,17.1,
2024-05-24 12:00:00+00:00,2161309,Pháp Vân,20.9481,105.8493,471.8,11.5,,17.1,
2024-05-24 13:00:00+00:00,2161309,Pháp Vân,20.9481,105.8493,508.4,13.2,,18.8,
2024-05-24 14:00:00+00:00,2161309,Pháp Vân,20.9481,105.8493,252.4,17.1,,12.6,
2024-05-24 15:00:00+00:00,2161309,Pháp Vân,20.9481,105.8493,255.3,8.8,,14.5,
2024-05-24 16:00:00+00:00,2161309,Pháp Vân,20.9481,105.8493,158.3,12.0,,13.0,
2024-05-24 17:00:00+00:00,2161309,Pháp Vân,20.9481,105.8493,152.3,9.9,,15.8,
2024-05-24 18:00:00+00:00,2161309,Pháp Vân,20.9481,105.8493,184.9,11.0,,19.9,
2024-05-24 19:00:00+00:00,2161309,Pháp Vân,20.9481,105.8493,160.5,16.5,,17.1,
2024-05-24 20:00:00+00:00,2161309,Pháp Vân,20.9481,105.8493,73.3,22.2,,10.7,
2024-05-24 21:00:00+00:00,2161309,Pháp Vân,20.9481,105.8493,2524.6,21.0,,14.6,
2024-05-24 22:00:00+00:00,2161309,Pháp Vân,20.9481,105.8493,1431.8,15.5,,24.3,
2024-05-24 23:00:00+00:00,2161309,Pháp Vân,20.9481,105.8493,4533.5,15.7,,26.1,
2024-05-25 00:00:00+00:00,2161309,Pháp Vân,20.9481,105.8493,2647.3,16.2,,17.0,
2024-05-25 01:00:00+00:00,2161309,Pháp Vân,20.9481,105.8493,828.9,18.7,,15.8,
2024-05-25 02:00:00+00:00,2161309,Pháp Vân,20.9481,105.8493,433.6,12.1,,16.1,
2024-05-25 03:00:00+00:00,2161309,Pháp Vân,20.9481,105.8493,371.6,10.8,,11.4,
2024-05-25 04:00:00+00:00,2161309,Pháp Vân,20.9481,105.8493,268.7,8.9,,7.7,
2024-05-25 05:00:00+00:00,2161309,Pháp Vân,20.9481,105.8493,177.7,8.1,,6.3,
2024-05-25 06:00:00+00:00,2161309,Pháp Vân,20.9481,105.8493,164.1,8.6,,5.8,
2024-05-25 07:00:00+00:00,2161309,Pháp Vân,20.9481,105.8493,120.0,7.9,,7.2,
2024-05-25 08:00:00+00:00,2161309,Pháp Vân,20.9481,105.8493,107.0,8.5,,6.7,
2024-05-25 09:00:00+00:00,2161309,Pháp Vân,20.9481,105.8493,,7.7,,6.0,
2024-05-25 10:00:00+00:00,2161309,Pháp Vân,20.9481,105.8493,148.1,8.2,,5.7,
2024-05-25 11:00:00+00:00,2161309,Pháp Vân,20.9481,105.8493,381.3,10.3,,7.1,
2024-05-25 12:00:00+00:00,2161309,Pháp Vân,20.9481,105.8493,442.6,10.3,,17.0,
2024-05-25 13:00:00+00:00,2161309,Pháp Vân,20.9481,105.8493,347.9,9.1,,15.0,
2024-05-25 14:00:00+00:00,2161309,Pháp Vân,20.9481,105.8493,685.2,9.2,,14.3,
2024-05-25 15:00:00+00:00,2161309,Pháp Vân,20.9481,105.8493,904.5,9.7,,15.0,
2024-05-25 16:00:00+00:00,2161309,Pháp Vân,20.9481,105.8493,357.7,6.4,,8.3,
2024-05-25 17:00:00+00:00,2161309,Pháp Vân,20.9481,105.8493,2183.6,6.7,,13.5,
2024-05-25 18:00:00+00:00,2161309,Pháp Vân,20.9481,105.8493,3276.3,7.8,,12.8,
2024-05-25 19:00:00+00:00,2161309,Pháp Vân,20.9481,105.8493,2129.1,9.4,,8.9,
2024-05-25 20:00:00+00:00,2161309,Pháp Vân,20.9481,105.8493,602.4,7.2,,8.8,
2024-05-25 21:00:00+00:00,2161309,Pháp Vân,20.9481,105.8493,1275.7,9.4,,6.1,
2024-05-25 22:00:00+00:00,2161309,Pháp Vân,20.9481,105.8493,240.0,10.1,,6.2,
2024-05-25 23:00:00+00:00,2161309,Pháp Vân,20.9481,105.8493,7592.3,8.3,,11.6,
2024-05-26 00:00:00+00:00,2161309,Pháp Vân,20.9481,105.8493,4312.9,8.2,,10.2,
2024-05-26 01:00:00+00:00,2161309,Pháp Vân,20.9481,105.8493,1233.3,9.1,,30.9,
2024-05-26 02:00:00+00:00,2161309,Pháp Vân,20.9481,105.8493,367.3,18.0,,31.1,
2024-05-26 03:00:00+00:00,2161309,Pháp Vân,20.9481,105.8493,364.6,18.0,,14.8,
2024-05-26 04:00:00+00:00,2161309,Pháp Vân,20.9481,105.8493,399.6,11.3,,12.0,
2024-05-26 05:00:00+00:00,2161309,Pháp Vân,20.9481,105.8493,262.3,7.3,,10.0,
2024-05-26 06:00:00+00:00,2161309,Pháp Vân,20.9481,105.8493,206.2,7.0,,8.7,
2024-05-26 07:00:00+00:00,2161309,Pháp Vân,20.9481,105.8493,196.4,7.1,,8.1,
2024-05-26 08:00:00+00:00,2161309,Pháp Vân,20.9481,105.8493,234.3,7.7,,7.8,
2024-05-26 09:00:00+00:00,2161309,Pháp Vân,20.9481,105.8493,226.6,6.9,,8.1,
2024-05-26 10:00:00+00:00,2161309,Pháp Vân,20.9481,105.8493,233.8,6.7,,7.7,
2024-05-26 11:00:00+00:00,2161309,Pháp Vân,20.9481,105.8493,436.8,9.4,,7.8,
2024-05-26 12:00:00+00:00,2161309,Pháp Vân,20.9481,105.8493,508.1,14.3,,14.2,
2024-06-02 03:00:00+00:00,2161309,Pháp Vân,20.9481,105.8493,320.0,12.0,,18.1,
2024-06-02 04:00:00+00:00,2161309,Pháp Vân,20.9481,105.8493,363.8,10.7,,16.7,
2024-06-02 05:00:00+00:00,2161309,Pháp Vân,20.9481,105.8493,313.4,10.1,,14.4,
2024-06-02 06:00:00+00:00,2161309,Pháp Vân,20.9481,105.8493,322.2,10.2,,12.4,
2024-06-02 07:00:00+00:00,2161309,Pháp Vân,20.9481,105.8493,169.4,8.2,,8.6,
2024-06-02 08:00:00+00:00,2161309,Pháp Vân,20.9481,105.8493,233.5,8.8,,9.4,
2024-06-02 09:00:00+00:00,2161309,Pháp Vân,20.9481,105.8493,211.4,10.5,,10.1,
2024-06-02 10:00:00+00:00,2161309,Pháp Vân,20.9481,105.8493,283.8,12.0,,23.1,
2024-06-02 11:00:00+00:00,2161309,Pháp Vân,20.9481,105.8493,326.3,10.6,,24.8,
2024-06-02 12:00:00+00:00,2161309,Pháp Vân,20.9481,105.8493,393.5,19.4,,20.2,
2024-06-02 13:00:00+00:00,2161309,Pháp Vân,20.9481,105.8493,613.9,21.0,,36.4,
2024-06-02 14:00:00+00:00,2161309,Pháp Vân,20.9481,105.8493,690.7,16.3,,42.9,
2024-06-02 15:00:00+00:00,2161309,Pháp Vân,20.9481,105.8493,612.1,12.6,,45.2,
2024-06-02 16:00:00+00:00,2161309,Pháp Vân,20.9481,105.8493,713.2,13.6,,65.9,
2024-06-02 17:00:00+00:00,2161309,Pháp Vân,20.9481,105.8493,613.4,13.1,,56.5,
2024-06-02 18:00:00+00:00,2161309,Pháp Vân,20.9481,105.8493,366.9,13.2,,34.6,
2024-06-02 19:00:00+00:00,2161309,Pháp Vân,20.9481,105.8493,208.1,10.6,,21.7,
2024-06-02 20:00:00+00:00,2161309,Pháp Vân,20.9481,105.8493,,10.0,,13.6,
2024-06-02 21:00:00+00:00,2161309,Pháp Vân,20.9481,105.8493,95.8,10.2,,12.4,
2024-06-02 22:00:00+00:00,2161309,Pháp Vân,20.9481,105.8493,107.8,11.4,,12.5,
2024-06-02 23:00:00+00:00,2161309,Pháp Vân,20.9481,105.8493,413.9,10.6,,13.3,
2024-06-03 00:00:00+00:00,2161309,Pháp Vân,20.9481,105.8493,356.7,10.8,,14.8,
2024-06-03 01:00:00+00:00,2161309,Pháp Vân,20.9481,105.8493,561.2,12.2,,19.5,
2024-06-03 02:00:00+00:00,2161309,Pháp Vân,20.9481,105.8493,546.7,15.8,,17.5,
2024-06-03 03:00:00+00:00,2161309,Pháp Vân,20.9481,105.8493,567.5,16.8,,18.0,
2024-06-03 04:00:00+00:00,2161309,Pháp Vân,20.9481,105.8493,974.0,12.0,,12.9,
2024-06-03 05:00:00+00:00,2161309,Pháp Vân,20.9481,105.8493,777.0,13.1,,10.1,
2024-06-03 06:00:00+00:00,2161309,Pháp Vân,20.9481,105.8493,815.2,11.8,,12.0,
2024-06-03 07:00:00+00:00,2161309,Pháp Vân,20.9481,105.8493,475.7,9.6,,14.1,
2024-06-03 08:00:00+00:00,2161309,Pháp Vân,20.9481,105.8493,730.7,11.1,,18.1,
2024-06-03 09:00:00+00:00,2161309,Pháp Vân,20.9481,105.8493,564.7,12.2,,14.8,
2024-06-03 10:00:00+00:00,2161309,Pháp Vân,20.9481,105.8493,357.1,13.8,,10.7,
2024-06-03 11:00:00+00:00,2161309,Pháp Vân,20.9481,105.8493,1165.1,16.2,,19.1,
2024-06-03 12:00:00+00:00,2161309,Pháp Vân,20.9481,105.8493,580.5,15.4,,26.5,
2024-06-03 13:00:00+00:00,2161309,Pháp Vân,20.9481,105.8493,611.7,13.1,,15.8,
2024-06-03 14:00:00+00:00,2161309,Pháp Vân,20.9481,105.8493,340.8,13.6,,13.0,
2024-06-03 15:00:00+00:00,2161309,Pháp Vân,20.9481,105.8493,307.1,13.6,,16.3,
2024-06-03 16:00:00+00:00,2161309,Pháp Vân,20.9481,105.8493,441.0,19.0,,18.6,
2024-06-03 17:00:00+00:00,2161309,Pháp Vân,20.9481,105.8493,376.8,15.1,,15.1,
2024-06-03 18:00:00+00:00,2161309,Pháp Vân,20.9481,105.8493,299.8,16.9,,22.9,
2024-06-03 19:00:00+00:00,2161309,Pháp Vân,20.9481,105.8493,267.7,13.4,,21.9,
2024-06-03 20:00:00+00:00,2161309,Pháp Vân,20.9481,105.8493,612.5,11.0,,21.2,
2024-06-03 21:00:00+00:00,2161309,Pháp Vân,20.9481,105.8493,3295.6,6.9,,12.2,
2024-06-03 22:00:00+00:00,2161309,Pháp Vân,20.9481,105.8493,5576.5,10.5,,24.8,
2024-06-03 23:00:00+00:00,2161309,Pháp Vân,20.9481,105.8493,1071.3,9.2,,26.7,
2024-06-04 00:00:00+00:00,2161309,Pháp Vân,20.9481,105.8493,1419.7,9.7,,26.0,
2024-06-04 01:00:00+00:00,2161309,Pháp Vân,20.9481,105.8493,968.4,11.5,,35.3,
2024-06-04 02:00:00+00:00,2161309,Pháp Vân,20.9481,105.8493,858.6,11.7,,40.4,
2024-06-04 03:00:00+00:00,2161309,Pháp Vân,20.9481,105.8493,813.5,13.1,,33.9,
2024-06-04 04:00:00+00:00,2161309,Pháp Vân,20.9481,105.8493,945.1,18.1,,33.8,
2024-06-04 05:00:00+00:00,2161309,Pháp Vân,20.9481,105.8493,880.9,17.6,,37.1,
2024-06-04 06:00:00+00:00,2161309,Pháp Vân,20.9481,105.8493,887.3,15.5,,32.1,
2024-06-04 07:00:00+00:00,2161309,Pháp Vân,20.9481,105.8493,887.6,18.4,,28.6,
2024-06-04 08:00:00+00:00,2161309,Pháp Vân,20.9481,105.8493,754.5,15.1,,25.3,
2024-06-04 09:00:00+00:00,2161309,Pháp Vân,20.9481,105.8493,451.4,13.6,,15.3,
2024-06-04 10:00:00+00:00,2161309,Pháp Vân,20.9481,105.8493,330.4,9.7,,6.7,
2024-06-04 11:00:00+00:00,2161309,Pháp Vân,20.9481,105.8493,619.7,11.1,,8.5,
2024-06-04 12:00:00+00:00,2161309,Pháp Vân,20.9481,105.8493,762.9,15.5,,17.2,
2024-06-04 13:00:00+00:00,2161309,Pháp Vân,20.9481,105.8493,1698.9,19.7,,19.5,
2024-06-04 14:00:00+00:00,2161309,Pháp Vân,20.9481,105.8493,1280.5,14.2,,16.1,
2024-06-04 15:00:00+00:00,2161309,Pháp Vân,20.9481,105.8493,1220.9,15.0,,20.6,
2024-06-04 16:00:00+00:00,2161309,Pháp Vân,20.9481,105.8493,3929.2,13.2,,29.8,
2024-06-04 17:00:00+00:00,2161309,Pháp Vân,20.9481,105.8493,7650.9,13.5,,46.7,
2024-06-04 18:00:00+00:00,2161309,Pháp Vân,20.9481,105.8493,8524.5,12.6,,55.8,
2024-06-04 19:00:00+00:00,2161309,Pháp Vân,20.9481,105.8493,1005.4,12.5,,61.0,
2024-06-04 20:00:00+00:00,2161309,Pháp Vân,20.9481,105.8493,4441.9,12.2,,41.9,
2024-06-04 21:00:00+00:00,2161309,Pháp Vân,20.9481,105.8493,7404.1,12.0,,22.6,
2024-06-04 22:00:00+00:00,2161309,Pháp Vân,20.9481,105.8493,12034.3,12.3,,21.8,
2024-06-04 23:00:00+00:00,2161309,Pháp Vân,20.9481,105.8493,6696.1,11.8,,23.4,
2024-06-05 00:00:00+00:00,2161309,Pháp Vân,20.9481,105.8493,3528.1,13.1,,8.5,
2024-06-05 01:00:00+00:00,2161309,Pháp Vân,20.9481,105.8493,,12.1,,6.1,
2024-06-05 02:00:00+00:00,2161309,Pháp Vân,20.9481,105.8493,10570.9,11.8,,4.7,
2024-06-05 03:00:00+00:00,2161309,Pháp Vân,20.9481,105.8493,5945.5,14.9,,6.2,
2024-06-05 04:00:00+00:00,2161309,Pháp Vân,20.9481,105.8493,1934.5,19.7,,9.6,
2024-06-05 05:00:00+00:00,2161309,Pháp Vân,20.9481,105.8493,2710.6,28.6,,21.6,
2024-06-05 06:00:00+00:00,2161309,Pháp Vân,20.9481,105.8493,3437.4,24.5,,26.0,
2024-06-05 07:00:00+00:00,2161309,Pháp Vân,20.9481,105.8493,844.3,19.7,,15.3,
2024-06-05 08:00:00+00:00,2161309,Pháp Vân,20.9481,105.8493,2157.0,11.0,,9.1,
2024-06-05 09:00:00+00:00,2161309,Pháp Vân,20.9481,105.8493,3634.1,9.8,,9.5,
2024-06-05 10:00:00+00:00,2161309,Pháp Vân,20.9481,105.8493,1336.4,10.9,,13.6,
2024-06-05 11:00:00+00:00,2161309,Pháp Vân,20.9481,105.8493,2173.2,15.4,,7.8,
2024-06-05 12:00:00+00:00,2161309,Pháp Vân,20.9481,105.8493,8541.7,14.2,,7.3,
2024-06-05 13:00:00+00:00,2161309,Pháp Vân,20.9481,105.8493,8679.7,10.8,,6.2,
2024-06-05 14:00:00+00:00,2161309,Pháp Vân,20.9481,105.8493,4984.7,10.4,,7.8,
2024-06-05 15:00:00+00:00,2161309,Pháp Vân,20.9481,105.8493,7726.4,10.9,,7.9,
2024-06-05 16:00:00+00:00,2161309,Pháp Vân,20.9481,105.8493,8272.3,11.1,,6.0,
2024-06-05 17:00:00+00:00,2161309,Pháp Vân,20.9481,105.8493,6635.8,11.2,,6.5,
2024-06-05 18:00:00+00:00,2161309,Pháp Vân,20.9481,105.8493,11017.6,10.3,,9.0,
2024-06-05 19:00:00+00:00,2161309,Pháp Vân,20.9481,105.8493,12365.6,10.5,,7.3,
2024-06-05 20:00:00+00:00,2161309,Pháp Vân,20.9481,105.8493,11471.9,8.9,,11.7,
2024-06-05 21:00:00+00:00,2161309,Pháp Vân,20.9481,105.8493,9449.6,9.0,,12.5,
2024-06-05 22:00:00+00:00,2161309,Pháp Vân,20.9481,105.8493,12870.9,9.4,,11.6,
2024-06-05 23:00:00+00:00,2161309,Pháp Vân,20.9481,105.8493,13891.5,10.8,,9.2,
2024-06-06 00:00:00+00:00,2161309,Pháp Vân,20.9481,105.8493,12294.0,13.1,,9.1,
2024-06-06 01:00:00+00:00,2161309,Pháp Vân,20.9481,105.8493,11262.2,13.3,,8.0,
2024-06-06 02:00:00+00:00,2161309,Pháp Vân,20.9481,105.8493,9403.0,15.0,,9.3,
2024-06-06 03:00:00+00:00,2161309,Pháp Vân,20.9481,105.8493,2680.0,16.3,,11.5,
2024-06-06 04:00:00+00:00,2161309,Pháp Vân,20.9481,105.8493,2302.2,14.3,,14.1,
2024-06-06 05:00:00+00:00,2161309,Pháp Vân,20.9481,105.8493,1073.0,14.3,,10.1,
2024-06-06 06:00:00+00:00,2161309,Pháp Vân,20.9481,105.8493,808.9,11.9,,8.3,
2024-06-06 07:00:00+00:00,2161309,Pháp Vân,20.9481,105.8493,606.3,11.2,,7.7,
2024-06-06 08:00:00+00:00,2161309,Pháp Vân,20.9481,105.8493,692.0,13.9,,10.2,
2024-06-06 09:00:00+00:00,2161309,Pháp Vân,20.9481,105.8493,1229.9,14.1,,11.5,
2024-06-06 10:00:00+00:00,2161309,Pháp Vân,20.9481,105.8493,1425.3,10.7,,11.5,
2024-06-06 11:00:00+00:00,2161309,Pháp Vân,20.9481,105.8493,1880.9,13.0,,13.1,
2024-06-06 12:00:00+00:00,2161309,Pháp Vân,20.9481,105.8493,1366.8,14.4,,12.8,
2024-06-06 13:00:00+00:00,2161309,Pháp Vân,20.9481,105.8493,1514.8,14.6,,15.3,
2024-06-06 14:00:00+00:00,2161309,Pháp Vân,20.9481,105.8493,1556.5,17.2,,15.2,
2024-06-06 15:00:00+00:00,2161309,Pháp Vân,20.9481,105.8493,1354.6,14.0,,16.0,
2024-06-06 16:00:00+00:00,2161309,Pháp Vân,20.9481,105.8493,1328.7,17.2,,16.9,
2024-06-06 17:00:00+00:00,2161309,Pháp Vân,20.9481,105.8493,1206.6,10.2,,18.1,
2024-06-06 18:00:00+00:00,2161309,Pháp Vân,20.9481,105.8493,1067.7,9.3,,18.8,
2024-06-06 19:00:00+00:00,2161309,Pháp Vân,20.9481,105.8493,834.4,12.2,,20.6,
2024-06-06 20:00:00+00:00,2161309,Pháp Vân,20.9481,105.8493,794.7,11.4,,20.8,
2024-06-06 21:00:00+00:00,2161309,Pháp Vân,20.9481,105.8493,829.4,12.1,,24.0,
2024-06-06 22:00:00+00:00,2161309,Pháp Vân,20.9481,105.8493,899.7,13.3,,26.2,
2024-06-06 23:00:00+00:00,2161309,Pháp Vân,20.9481,105.8493,922.7,16.2,,28.4,
2024-06-07 00:00:00+00:00,2161309,Pháp Vân,20.9481,105.8493,1032.8,17.4,,41.0,
2024-06-07 01:00:00+00:00,2161309,Pháp Vân,20.9481,105.8493,1413.9,18.6,,77.8,
2024-06-07 02:00:00+00:00,2161309,Pháp Vân,20.9481,105.8493,1422.5,14.9,,65.6,
2024-06-07 03:00:00+00:00,2161309,Pháp Vân,20.9481,105.8493,975.4,13.6,,67.0,
2024-06-07 04:00:00+00:00,2161309,Pháp Vân,20.9481,105.8493,804.9,10.5,,47.6,
2024-06-07 05:00:00+00:00,2161309,Pháp Vân,20.9481,105.8493,739.8,10.7,,38.7,
2024-06-07 06:00:00+00:00,2161309,Pháp Vân,20.9481,105.8493,,9.0,,31.4,
2024-06-07 07:00:00+00:00,2161309,Pháp Vân,20.9481,105.8493,492.8,9.6,,28.5,
2024-06-07 08:00:00+00:00,2161309,Pháp Vân,20.9481,105.8493,537.1,12.4,,24.3,
2024-06-07 09:00:00+00:00,2161309,Pháp Vân,20.9481,105.8493,465.1,12.0,,22.5,
2024-06-07 10:00:00+00:00,2161309,Pháp Vân,20.9481,105.8493,501.6,11.8,,24.4,
2024-06-07 11:00:00+00:00,2161309,Pháp Vân,20.9481,105.8493,434.7,15.0,,16.5,
2024-06-07 12:00:00+00:00,2161309,Pháp Vân,20.9481,105.8493,363.3,12.1,,15.0,
2024-06-07 13:00:00+00:00,2161309,Pháp Vân,20.9481,105.8493,228.4,8.4,,8.7,
2024-06-07 14:00:00+00:00,2161309,Pháp Vân,20.9481,105.8493,340.8,9.0,,8.5,
2024-06-07 15:00:00+00:00,2161309,Pháp Vân,20.9481,105.8493,6427.3,11.7,,8.2,
2024-06-07 16:00:00+00:00,2161309,Pháp Vân,20.9481,105.8493,2776.0,11.0,,14.4,
2024-06-07 17:00:00+00:00,2161309,Pháp Vân,20.9481,105.8493,316.9,11.3,,18.7,
2024-06-07 18:00:00+00:00,2161309,Pháp Vân,20.9481,105.8493,917.7,15.0,,16.5,
2024-06-07 19:00:00+00:00,2161309,Pháp Vân,20.9481,105.8493,8580.6,14.4,,14.0,
2024-06-07 20:00:00+00:00,2161309,Pháp Vân,20.9481,105.8493,10109.5,13.5,,11.6,
2024-06-07 21:00:00+00:00,2161309,Pháp Vân,20.9481,105.8493,6440.8,14.5,,24.3,
2024-06-07 22:00:00+00:00,2161309,Pháp Vân,20.9481,105.8493,621.5,11.1,,16.2,
2024-06-07 23:00:00+00:00,2161309,Pháp Vân,20.9481,105.8493,434.6,10.4,,13.8,
2024-06-08 00:00:00+00:00,2161309,Pháp Vân,20.9481,105.8493,389.4,10.3,,10.7,
2024-06-08 01:00:00+00:00,2161309,Pháp Vân,20.9481,105.8493,,14.0,,12.8,
2024-06-08 02:00:00+00:00,2161309,Pháp Vân,20.9481,105.8493,516.1,20.8,,14.0,
2024-06-08 03:00:00+00:00,2161309,Pháp Vân,20.9481,105.8493,407.8,18.7,,15.0,
2024-06-08 04:00:00+00:00,2161309,Pháp Vân,20.9481,105.8493,290.9,22.4,,9.5,
2024-06-08 05:00:00+00:00,2161309,Pháp Vân,20.9481,105.8493,331.4,17.9,,12.8,
2024-06-08 06:00:00+00:00,2161309,Pháp Vân,20.9481,105.8493,,16.7,,15.9,
2024-06-08 07:00:00+00:00,2161309,Pháp Vân,20.9481,105.8493,228.5,9.9,,16.5,
2024-06-08 08:00:00+00:00,2161309,Pháp Vân,20.9481,105.8493,285.8,10.2,,19.3,
2024-06-08 09:00:00+00:00,2161309,Pháp Vân,20.9481,105.8493,346.6,10.8,,18.2,
2024-06-08 10:00:00+00:00,2161309,Pháp Vân,20.9481,105.8493,389.4,10.6,,15.4,
2024-06-08 11:00:00+00:00,2161309,Pháp Vân,20.9481,105.8493,703.4,13.4,,16.7,
2024-06-08 12:00:00+00:00,2161309,Pháp Vân,20.9481,105.8493,,11.0,,9.3,
2024-06-08 13:00:00+00:00,2161309,Pháp Vân,20.9481,105.8493,991.0,11.8,,8.2,
2024-06-08 14:00:00+00:00,2161309,Pháp Vân,20.9481,105.8493,1699.0,11.6,,5.3,
2024-06-08 15:00:00+00:00,2161309,Pháp Vân,20.9481,105.8493,2501.7,13.3,,6.7,
2024-06-08 16:00:00+00:00,2161309,Pháp Vân,20.9481,105.8493,4249.5,9.2,,7.5,
2024-06-08 17:00:00+00:00,2161309,Pháp Vân,20.9481,105.8493,4552.0,8.5,,6.4,
2024-06-08 18:00:00+00:00,2161309,Pháp Vân,20.9481,105.8493,6230.4,6.7,,5.8,
2024-06-08 19:00:00+00:00,2161309,Pháp Vân,20.9481,105.8493,8829.4,7.6,,7.3,
2024-06-08 20:00:00+00:00,2161309,Pháp Vân,20.9481,105.8493,12118.0,11.1,,10.3,
2024-06-08 21:00:00+00:00,2161309,Pháp Vân,20.9481,105.8493,12096.6,10.7,,15.1,
2024-06-08 22:00:00+00:00,2161309,Pháp Vân,20.9481,105.8493,12774.2,8.2,,17.1,
2024-06-08 23:00:00+00:00,2161309,Pháp Vân,20.9481,105.8493,11907.0,8.6,,12.6,
2024-06-09 00:00:00+00:00,2161309,Pháp Vân,20.9481,105.8493,11951.1,9.5,,9.5,
2024-06-09 01:00:00+00:00,2161309,Pháp Vân,20.9481,105.8493,11701.2,7.8,,8.1,
2024-06-09 02:00:00+00:00,2161309,Pháp Vân,20.9481,105.8493,12903.3,9.2,,17.4,
2024-06-09 03:00:00+00:00,2161309,Pháp Vân,20.9481,105.8493,12207.6,12.5,,13.5,
2024-06-09 04:00:00+00:00,2161309,Pháp Vân,20.9481,105.8493,8912.4,11.5,,13.8,
2024-06-09 05:00:00+00:00,2161309,Pháp Vân,20.9481,105.8493,9023.8,11.4,,14.3,
2024-06-09 06:00:00+00:00,2161309,Pháp Vân,20.9481,105.8493,8788.2,10.9,,15.1,
2024-06-09 07:00:00+00:00,2161309,Pháp Vân,20.9481,105.8493,4727.7,11.0,,18.9,
2024-06-09 08:00:00+00:00,2161309,Pháp Vân,20.9481,105.8493,1216.7,8.8,,25.4,
2024-06-09 09:00:00+00:00,2161309,Pháp Vân,20.9481,105.8493,1057.1,10.6,,25.9,
2024-06-09 10:00:00+00:00,2161309,Pháp Vân,20.9481,105.8493,,11.2,,18.0,
2024-06-09 11:00:00+00:00,2161309,Pháp Vân,20.9481,105.8493,2138.0,13.4,,19.0,
2024-06-09 12:00:00+00:00,2161309,Pháp Vân,20.9481,105.8493,1483.3,14.8,,20.7,
2024-06-09 13:00:00+00:00,2161309,Pháp Vân,20.9481,105.8493,1091.6,15.8,,20.9,
2024-06-09 14:00:00+00:00,2161309,Pháp Vân,20.9481,105.8493,991.4,16.0,,19.5,
2024-06-09 15:00:00+00:00,2161309,Pháp Vân,20.9481,105.8493,1724.8,15.3,,16.1,
2024-06-09 16:00:00+00:00,2161309,Pháp Vân,20.9481,105.8493,2299.1,17.0,,10.6,
2024-06-09 17:00:00+00:00,2161309,Pháp Vân,20.9481,105.8493,3336.9,15.5,,10.5,
2024-06-09 18:00:00+00:00,2161309,Pháp Vân,20.9481,105.8493,353.8,11.0,,6.9,
2024-06-09 19:00:00+00:00,2161309,Pháp Vân,20.9481,105.8493,158.2,9.3,,14.6,
2024-06-09 20:00:00+00:00,2161309,Pháp Vân,20.9481,105.8493,177.4,8.9,,11.1,
2024-06-09 21:00:00+00:00,2161309,Pháp Vân,20.9481,105.8493,170.6,11.8,,10.6,
2024-06-09 22:00:00+00:00,2161309,Pháp Vân,20.9481,105.8493,2811.8,13.0,,17.2,
2024-06-09 23:00:00+00:00,2161309,Pháp Vân,20.9481,105.8493,13534.3,13.1,,20.7,
2024-06-10 00:00:00+00:00,2161309,Pháp Vân,20.9481,105.8493,13163.9,11.2,,17.7,
2024-06-10 01:00:00+00:00,2161309,Pháp Vân,20.9481,105.8493,14915.1,13.7,,17.5,
2024-06-10 02:00:00+00:00,2161309,Pháp Vân,20.9481,105.8493,2001.7,14.3,,25.6,
2024-06-10 03:00:00+00:00,2161309,Pháp Vân,20.9481,105.8493,,13.1,,20.4,
2024-06-10 04:00:00+00:00,2161309,Pháp Vân,20.9481,105.8493,9427.4,11.8,,12.7,
2024-06-10 05:00:00+00:00,2161309,Pháp Vân,20.9481,105.8493,4670.3,11.8,,11.2,
2024-06-10 06:00:00+00:00,2161309,Pháp Vân,20.9481,105.8493,,11.6,,14.0,
2024-06-10 07:00:00+00:00,2161309,Pháp Vân,20.9481,105.8493,292.2,10.8,,13.7,
2024-06-10 08:00:00+00:00,2161309,Pháp Vân,20.9481,105.8493,304.1,10.4,,12.6,
2024-06-10 09:00:00+00:00,2161309,Pháp Vân,20.9481,105.8493,265.2,11.6,,10.8,
2024-06-10 10:00:00+00:00,2161309,Pháp Vân,20.9481,105.8493,275.3,10.3,,10.9,
2024-06-10 11:00:00+00:00,2161309,Pháp Vân,20.9481,105.8493,1162.6,13.0,,12.2,
2024-06-10 12:00:00+00:00,2161309,Pháp Vân,20.9481,105.8493,1377.8,17.8,,12.3,
2024-06-10 13:00:00+00:00,2161309,Pháp Vân,20.9481,105.8493,7400.9,11.5,,11.5,
2024-06-10 14:00:00+00:00,2161309,Pháp Vân,20.9481,105.8493,7643.0,10.8,,15.8,
2024-06-10 15:00:00+00:00,2161309,Pháp Vân,20.9481,105.8493,1065.9,10.5,,12.8,
2024-06-10 16:00:00+00:00,2161309,Pháp Vân,20.9481,105.8493,600.9,12.2,,13.6,
2024-06-10 17:00:00+00:00,2161309,Pháp Vân,20.9481,105.8493,7252.3,11.8,,12.4,
2024-06-10 18:00:00+00:00,2161309,Pháp Vân,20.9481,105.8493,11923.3,8.6,,10.2,
2024-06-10 19:00:00+00:00,2161309,Pháp Vân,20.9481,105.8493,5782.7,7.7,,10.2,
2024-06-10 20:00:00+00:00,2161309,Pháp Vân,20.9481,105.8493,9071.6,7.0,,10.5,
2024-06-10 21:00:00+00:00,2161309,Pháp Vân,20.9481,105.8493,7584.1,7.7,,11.0,
2024-06-10 22:00:00+00:00,2161309,Pháp Vân,20.9481,105.8493,10595.3,8.6,,11.3,
2024-06-10 23:00:00+00:00,2161309,Pháp Vân,20.9481,105.8493,11803.3,8.1,,13.1,
2024-06-11 00:00:00+00:00,2161309,Pháp Vân,20.9481,105.8493,11414.7,8.6,,10.9,
2024-06-11 01:00:00+00:00,2161309,Pháp Vân,20.9481,105.8493,5045.7,9.3,,11.2,
2024-06-11 02:00:00+00:00,2161309,Pháp Vân,20.9481,105.8493,311.9,12.5,,14.8,
2024-06-11 03:00:00+00:00,2161309,Pháp Vân,20.9481,105.8493,404.7,12.5,,15.1,
2024-06-11 04:00:00+00:00,2161309,Pháp Vân,20.9481,105.8493,366.5,11.0,,14.9,
2024-06-11 05:00:00+00:00,2161309,Pháp Vân,20.9481,105.8493,318.7,8.8,,13.5,
2024-06-11 06:00:00+00:00,2161309,Pháp Vân,20.9481,105.8493,280.7,9.4,,12.5,
2024-06-11 07:00:00+00:00,2161309,Pháp Vân,20.9481,105.8493,257.6,10.1,,10.6,
2024-06-11 08:00:00+00:00,2161309,Pháp Vân,20.9481,105.8493,258.4,11.1,,10.1,
2024-06-11 09:00:00+00:00,2161309,Pháp Vân,20.9481,105.8493,300.9,12.0,,10.8,
2024-06-11 10:00:00+00:00,2161309,Pháp Vân,20.9481,105.8493,,13.0,,13.0,
2024-06-11 11:00:00+00:00,2161309,Pháp Vân,20.9481,105.8493,3893.7,11.3,,17.8,
2024-06-11 12:00:00+00:00,2161309,Pháp Vân,20.9481,105.8493,7750.8,11.0,,14.2,
2024-06-11 13:00:00+00:00,2161309,Pháp Vân,20.9481,105.8493,2602.7,9.7,,15.1,
2024-06-11 14:00:00+00:00,2161309,Pháp Vân,20.9481,105.8493,461.2,9.2,,14.8,
2024-06-11 15:00:00+00:00,2161309,Pháp Vân,20.9481,105.8493,578.5,11.0,,26.3,
2024-06-11 16:00:00+00:00,2161309,Pháp Vân,20.9481,105.8493,522.1,12.4,,34.7,
2024-06-11 17:00:00+00:00,2161309,Pháp Vân,20.9481,105.8493,642.3,12.0,,36.5,
2024-06-11 18:00:00+00:00,2161309,Pháp Vân,20.9481,105.8493,5954.0,11.7,,32.0,
2024-06-11 19:00:00+00:00,2161309,Pháp Vân,20.9481,105.8493,9332.3,9.6,,32.3,
2024-06-11 20:00:00+00:00,2161309,Pháp Vân,20.9481,105.8493,9222.5,8.6,,26.0,
2024-06-11 21:00:00+00:00,2161309,Pháp Vân,20.9481,105.8493,10833.2,9.3,,17.9,
2024-06-11 22:00:00+00:00,2161309,Pháp Vân,20.9481,105.8493,6021.6,10.0,,14.9,
2024-06-11 23:00:00+00:00,2161309,Pháp Vân,20.9481,105.8493,1081.5,8.8,,14.3,
2024-06-12 00:00:00+00:00,2161309,Pháp Vân,20.9481,105.8493,4175.0,9.1,,16.7,
2024-06-12 01:00:00+00:00,2161309,Pháp Vân,20.9481,105.8493,,13.1,,24.5,
2024-06-12 02:00:00+00:00,2161309,Pháp Vân,20.9481,105.8493,833.4,16.7,,21.7,
2024-06-12 03:00:00+00:00,2161309,Pháp Vân,20.9481,105.8493,362.2,10.2,,8.8,
2024-06-12 04:00:00+00:00,2161309,Pháp Vân,20.9481,105.8493,364.7,9.3,,7.8,
2024-06-12 05:00:00+00:00,2161309,Pháp Vân,20.9481,105.8493,314.9,9.2,,6.1,
2024-06-12 06:00:00+00:00,2161309,Pháp Vân,20.9481,105.8493,247.0,9.0,,5.5,
2024-06-12 07:00:00+00:00,2161309,Pháp Vân,20.9481,105.8493,210.0,9.3,,5.8,
2024-06-12 08:00:00+00:00,2161309,Pháp Vân,20.9481,105.8493,272.6,9.4,,6.8,
2024-06-12 09:00:00+00:00,2161309,Pháp Vân,20.9481,105.8493,278.0,9.9,,5.3,
2024-06-12 10:00:00+00:00,2161309,Pháp Vân,20.9481,105.8493,307.3,9.3,,5.1,
2024-06-12 11:00:00+00:00,2161309,Pháp Vân,20.9481,105.8493,522.6,9.0,,5.6,
2024-06-12 12:00:00+00:00,2161309,Pháp Vân,20.9481,105.8493,575.5,11.9,,8.3,
2024-06-12 13:00:00+00:00,2161309,Pháp Vân,20.9481,105.8493,1533.5,14.4,,17.0,
2024-06-12 14:00:00+00:00,2161309,Pháp Vân,20.9481,105.8493,1235.9,18.7,,38.7,
2024-06-12 15:00:00+00:00,2161309,Pháp Vân,20.9481,105.8493,1309.8,23.2,,74.3,
2024-06-12 16:00:00+00:00,2161309,Pháp Vân,20.9481,105.8493,1133.7,19.0,,70.0,
2024-06-12 17:00:00+00:00,2161309,Pháp Vân,20.9481,105.8493,447.0,11.7,,16.4,
2024-06-12 18:00:00+00:00,2161309,Pháp Vân,20.9481,105.8493,171.1,9.0,,8.3,
2024-06-12 19:00:00+00:00,2161309,Pháp Vân,20.9481,105.8493,172.6,8.4,,6.8,
2024-06-12 20:00:00+00:00,2161309,Pháp Vân,20.9481,105.8493,104.8,7.8,,5.7,
2024-06-12 21:00:00+00:00,2161309,Pháp Vân,20.9481,105.8493,157.8,8.8,,5.4,
2024-06-12 22:00:00+00:00,2161309,Pháp Vân,20.9481,105.8493,222.6,8.9,,5.8,
2024-06-12 23:00:00+00:00,2161309,Pháp Vân,20.9481,105.8493,339.7,10.2,,6.0,
2024-06-13 00:00:00+00:00,2161309,Pháp Vân,20.9481,105.8493,596.5,10.7,,8.0,
2024-06-13 01:00:00+00:00,2161309,Pháp Vân,20.9481,105.8493,711.9,8.9,,7.5,
2024-06-13 02:00:00+00:00,2161309,Pháp Vân,20.9481,105.8493,623.0,9.7,,8.3,
2024-06-13 03:00:00+00:00,2161309,Pháp Vân,20.9481,105.8493,408.7,9.3,,7.7,
2024-06-13 04:00:00+00:00,2161309,Pháp Vân,20.9481,105.8493,554.2,10.9,,7.3,
2024-06-13 05:00:00+00:00,2161309,Pháp Vân,20.9481,105.8493,1145.7,10.5,,7.5,
2024-06-13 06:00:00+00:00,2161309,Pháp Vân,20.9481,105.8493,759.1,10.4,,6.2,
2024-06-13 07:00:00+00:00,2161309,Pháp Vân,20.9481,105.8493,366.2,9.6,,5.6,
2024-06-13 08:00:00+00:00,2161309,Pháp Vân,20.9481,105.8493,732.5,9.4,,5.4,
2024-06-13 09:00:00+00:00,2161309,Pháp Vân,20.9481,105.8493,340.8,9.3,,5.2,
2024-06-13 10:00:00+00:00,2161309,Pháp Vân,20.9481,105.8493,483.4,10.1,,5.6,
2024-06-13 11:00:00+00:00,2161309,Pháp Vân,20.9481,105.8493,799.9,13.0,,6.4,
2024-06-13 12:00:00+00:00,2161309,Pháp Vân,20.9481,105.8493,,25.5,,13.1,
2024-06-13 13:00:00+00:00,2161309,Pháp Vân,20.9481,105.8493,3011.9,36.2,,19.3,
2024-06-13 14:00:00+00:00,2161309,Pháp Vân,20.9481,105.8493,1505.7,26.4,,22.4,
2024-06-13 15:00:00+00:00,2161309,Pháp Vân,20.9481,105.8493,907.1,19.8,,12.0,
2024-06-13 16:00:00+00:00,2161309,Pháp Vân,20.9481,105.8493,696.4,20.3,,14.1,
2024-06-13 17:00:00+00:00,2161309,Pháp Vân,20.9481,105.8493,599.1,17.0,,19.8,
2024-06-13 18:00:00+00:00,2161309,Pháp Vân,20.9481,105.8493,405.5,11.6,,14.9,
2024-06-13 19:00:00+00:00,2161309,Pháp Vân,20.9481,105.8493,321.0,11.9,,15.2,
2024-06-13 20:00:00+00:00,2161309,Pháp Vân,20.9481,105.8493,257.5,10.3,,13.6,
2024-06-13 21:00:00+00:00,2161309,Pháp Vân,20.9481,105.8493,200.4,8.5,,10.4,
2024-06-13 22:00:00+00:00,2161309,Pháp Vân,20.9481,105.8493,171.1,7.1,,8.1,
2024-06-13 23:00:00+00:00,2161309,Pháp Vân,20.9481,105.8493,396.0,11.4,,9.1,
2024-06-14 00:00:00+00:00,2161309,Pháp Vân,20.9481,105.8493,799.8,13.6,,12.1,
2024-06-14 01:00:00+00:00,2161309,Pháp Vân,20.9481,105.8493,1018.4,12.5,,13.3,
2024-06-14 02:00:00+00:00,2161309,Pháp Vân,20.9481,105.8493,742.0,13.3,,11.0,
2024-06-14 03:00:00+00:00,2161309,Pháp Vân,20.9481,105.8493,650.7,12.2,,11.2,
2024-06-14 04:00:00+00:00,2161309,Pháp Vân,20.9481,105.8493,1068.6,13.9,,11.7,
2024-06-14 05:00:00+00:00,2161309,Pháp Vân,20.9481,105.8493,992.4,11.5,,10.0,
2024-06-14 06:00:00+00:00,2161309,Pháp Vân,20.9481,105.8493,642.9,11.2,,9.0,
2024-06-14 07:00:00+00:00,2161309,Pháp Vân,20.9481,105.8493,1458.4,12.4,,8.4,
2024-06-14 08:00:00+00:00,2161309,Pháp Vân,20.9481,105.8493,,13.1,,7.3,
2024-06-14 09:00:00+00:00,2161309,Pháp Vân,20.9481,105.8493,321.8,12.7,,11.3,
2024-06-14 10:00:00+00:00,2161309,Pháp Vân,20.9481,105.8493,511.7,16.1,,7.6,
2024-06-14 11:00:00+00:00,2161309,Pháp Vân,20.9481,105.8493,978.3,17.4,,10.0,
2024-06-14 12:00:00+00:00,2161309,Pháp Vân,20.9481,105.8493,1386.0,21.4,,13.3,
2024-06-14 13:00:00+00:00,2161309,Pháp Vân,20.9481,105.8493,1769.6,25.7,,31.9,
2024-06-14 14:00:00+00:00,2161309,Pháp Vân,20.9481,105.8493,1695.5,34.3,,53.6,
2024-06-14 15:00:00+00:00,2161309,Pháp Vân,20.9481,105.8493,1165.9,27.2,,69.8,
2024-06-14 16:00:00+00:00,2161309,Pháp Vân,20.9481,105.8493,1255.9,29.3,,87.5,
2024-06-14 17:00:00+00:00,2161309,Pháp Vân,20.9481,105.8493,1572.6,29.1,,110.5,
2024-06-14 18:00:00+00:00,2161309,Pháp Vân,20.9481,105.8493,1634.9,28.8,,121.1,
2024-06-14 19:00:00+00:00,2161309,Pháp Vân,20.9481,105.8493,1621.1,31.5,,104.6,
2024-06-14 20:00:00+00:00,2161309,Pháp Vân,20.9481,105.8493,946.2,22.7,,51.8,
2024-06-14 21:00:00+00:00,2161309,Pháp Vân,20.9481,105.8493,1158.8,18.8,,78.9,
2024-06-14 22:00:00+00:00,2161309,Pháp Vân,20.9481,105.8493,1350.7,17.2,,94.9,
2024-06-14 23:00:00+00:00,2161309,Pháp Vân,20.9481,105.8493,1095.1,15.2,,70.8,
2024-06-15 00:00:00+00:00,2161309,Pháp Vân,20.9481,105.8493,1095.0,17.8,,56.6,
2024-06-15 01:00:00+00:00,2161309,Pháp Vân,20.9481,105.8493,946.9,21.0,,36.0,
2024-06-15 02:00:00+00:00,2161309,Pháp Vân,20.9481,105.8493,1143.2,16.8,,44.3,
2024-06-15 03:00:00+00:00,2161309,Pháp Vân,20.9481,105.8493,1404.8,19.3,,46.0,
2024-06-15 04:00:00+00:00,2161309,Pháp Vân,20.9481,105.8493,1261.3,20.1,,51.7,
2024-06-15 05:00:00+00:00,2161309,Pháp Vân,20.9481,105.8493,1529.3,21.2,,58.4,
2024-06-15 06:00:00+00:00,2161309,Pháp Vân,20.9481,105.8493,1094.8,16.7,,47.5,
2024-06-15 07:00:00+00:00,2161309,Pháp Vân,20.9481,105.8493,904.8,14.7,,38.9,
2024-06-15 08:00:00+00:00,2161309,Pháp Vân,20.9481,105.8493,970.6,15.3,,28.9,
2024-06-15 09:00:00+00:00,2161309,Pháp Vân,20.9481,105.8493,837.6,14.3,,21.2,
2024-06-15 10:00:00+00:00,2161309,Pháp Vân,20.9481,105.8493,1349.8,17.7,,33.4,
2024-06-15 11:00:00+00:00,2161309,Pháp Vân,20.9481,105.8493,825.1,15.1,,57.5,
2024-06-15 12:00:00+00:00,2161309,Pháp Vân,20.9481,105.8493,703.6,14.5,,46.1,
2024-06-15 13:00:00+00:00,2161309,Pháp Vân,20.9481,105.8493,728.6,18.4,,49.8,
2024-06-15 14:00:00+00:00,2161309,Pháp Vân,20.9481,105.8493,1120.2,26.7,,61.1,
2024-06-15 15:00:00+00:00,2161309,Pháp Vân,20.9481,105.8493,1320.6,31.2,,84.4,
2024-06-15 16:00:00+00:00,2161309,Pháp Vân,20.9481,105.8493,1291.9,23.4,,110.0,
2024-06-15 17:00:00+00:00,2161309,Pháp Vân,20.9481,105.8493,1216.1,21.0,,114.9,
2024-06-15 18:00:00+00:00,2161309,Pháp Vân,20.9481,105.8493,1166.5,18.6,,92.6,
2024-06-15 19:00:00+00:00,2161309,Pháp Vân,20.9481,105.8493,749.9,16.1,,62.0,
2024-06-15 20:00:00+00:00,2161309,Pháp Vân,20.9481,105.8493,1234.0,15.1,,35.2,
2024-06-15 21:00:00+00:00,2161309,Pháp Vân,20.9481,105.8493,987.2,15.7,,70.6,
2024-06-15 22:00:00+00:00,2161309,Pháp Vân,20.9481,105.8493,2210.7,14.4,,56.1,
2024-06-15 23:00:00+00:00,2161309,Pháp Vân,20.9481,105.8493,2823.1,14.5,,22.3,
2024-06-16 00:00:00+00:00,2161309,Pháp Vân,20.9481,105.8493,423.4,11.4,,10.1,
2024-06-16 01:00:00+00:00,2161309,Pháp Vân,20.9481,105.8493,163.6,9.9,,9.0,
2024-06-16 02:00:00+00:00,2161309,Pháp Vân,20.9481,105.8493,223.1,12.2,,10.6,
2024-06-16 03:00:00+00:00,2161309,Pháp Vân,20.9481,105.8493,181.7,18.7,,14.2,
2024-06-16 04:00:00+00:00,2161309,Pháp Vân,20.9481,105.8493,310.5,15.3,,15.7,
2024-06-16 05:00:00+00:00,2161309,Pháp Vân,20.9481,105.8493,582.8,12.2,,14.2,
2024-06-16 06:00:00+00:00,2161309,Pháp Vân,20.9481,105.8493,669.0,9.2,,11.1,
2024-06-16 07:00:00+00:00,2161309,Pháp Vân,20.9481,105.8493,629.5,7.6,,9.8,
2024-06-16 08:00:00+00:00,2161309,Pháp Vân,20.9481,105.8493,352.7,8.2,,10.2,
2024-06-16 09:00:00+00:00,2161309,Pháp Vân,20.9481,105.8493,314.8,10.8,,10.2,
2024-06-16 10:00:00+00:00,2161309,Pháp Vân,20.9481,105.8493,520.9,17.3,,23.4,
2024-06-16 11:00:00+00:00,2161309,Pháp Vân,20.9481,105.8493,761.9,19.6,,15.6,
2024-06-16 12:00:00+00:00,2161309,Pháp Vân,20.9481,105.8493,145.6,8.1,,7.7,
2024-06-16 13:00:00+00:00,2161309,Pháp Vân,20.9481,105.8493,150.2,8.4,,5.5,
2024-06-16 14:00:00+00:00,2161309,Pháp Vân,20.9481,105.8493,162.7,9.8,,5.5,
2024-06-16 15:00:00+00:00,2161309,Pháp Vân,20.9481,105.8493,143.3,12.5,,6.8,
2024-06-16 16:00:00+00:00,2161309,Pháp Vân,20.9481,105.8493,52.7,12.7,,7.8,
2024-06-16 17:00:00+00:00,2161309,Pháp Vân,20.9481,105.8493,57.7,11.1,,6.4,
2024-06-16 18:00:00+00:00,2161309,Pháp Vân,20.9481,105.8493,206.5,9.6,,7.8,
2024-06-16 19:00:00+00:00,2161309,Pháp Vân,20.9481,105.8493,235.7,10.3,,14.2,
2024-06-16 20:00:00+00:00,2161309,Pháp Vân,20.9481,105.8493,239.2,13.2,,23.7,
2024-06-16 21:00:00+00:00,2161309,Pháp Vân,20.9481,105.8493,454.4,10.6,,26.6,
2024-06-16 22:00:00+00:00,2161309,Pháp Vân,20.9481,105.8493,716.0,8.4,,30.5,
2024-06-16 23:00:00+00:00,2161309,Pháp Vân,20.9481,105.8493,758.1,9.8,,35.2,
2024-06-17 00:00:00+00:00,2161309,Pháp Vân,20.9481,105.8493,950.0,10.4,,30.7,
2024-06-17 01:00:00+00:00,2161309,Pháp Vân,20.9481,105.8493,899.6,15.2,,30.6,
2024-06-17 02:00:00+00:00,2161309,Pháp Vân,20.9481,105.8493,1034.4,20.4,,34.3,
2024-06-17 03:00:00+00:00,2161309,Pháp Vân,20.9481,105.8493,610.4,13.8,,19.7,
2024-06-17 04:00:00+00:00,2161309,Pháp Vân,20.9481,105.8493,398.6,9.9,,14.4,
2024-06-17 05:00:00+00:00,2161309,Pháp Vân,20.9481,105.8493,370.3,10.1,,10.9,
2024-06-17 06:00:00+00:00,2161309,Pháp Vân,20.9481,105.8493,546.3,9.7,,9.9,
2024-06-17 07:00:00+00:00,2161309,Pháp Vân,20.9481,105.8493,281.4,9.4,,8.8,
2024-06-17 08:00:00+00:00,2161309,Pháp Vân,20.9481,105.8493,507.8,10.6,,8.7,
2024-06-17 09:00:00+00:00,2161309,Pháp Vân,20.9481,105.8493,453.1,10.9,,8.5,
2024-06-17 10:00:00+00:00,2161309,Pháp Vân,20.9481,105.8493,400.2,12.9,,8.8,
2024-06-17 11:00:00+00:00,2161309,Pháp Vân,20.9481,105.8493,1048.3,16.9,,11.9,
2024-06-17 12:00:00+00:00,2161309,Pháp Vân,20.9481,105.8493,547.4,15.7,,23.9,
2024-06-17 13:00:00+00:00,2161309,Pháp Vân,20.9481,105.8493,634.7,12.9,,44.9,
2024-06-17 14:00:00+00:00,2161309,Pháp Vân,20.9481,105.8493,405.1,11.9,,11.6,
2024-06-17 15:00:00+00:00,2161309,Pháp Vân,20.9481,105.8493,354.1,14.0,,11.8,
2024-06-17 16:00:00+00:00,2161309,Pháp Vân,20.9481,105.8493,64.7,6.7,,4.8,
2024-06-17 17:00:00+00:00,2161309,Pháp Vân,20.9481,105.8493,246.6,8.7,,5.3,
2024-06-17 18:00:00+00:00,2161309,Pháp Vân,20.9481,105.8493,1093.1,10.7,,5.7,
2024-06-17 19:00:00+00:00,2161309,Pháp Vân,20.9481,105.8493,344.7,8.3,,7.0,
2024-06-17 20:00:00+00:00,2161309,Pháp Vân,20.9481,105.8493,22.8,9.1,,10.3,
2024-06-17 21:00:00+00:00,2161309,Pháp Vân,20.9481,105.8493,75.2,10.2,,10.4,
2024-06-17 22:00:00+00:00,2161309,Pháp Vân,20.9481,105.8493,2544.4,12.2,,13.6,
2024-06-17 23:00:00+00:00,2161309,Pháp Vân,20.9481,105.8493,5292.1,12.9,,14.8,
2024-06-18 00:00:00+00:00,2161309,Pháp Vân,20.9481,105.8493,2172.9,13.4,,18.6,
2024-06-18 01:00:00+00:00,2161309,Pháp Vân,20.9481,105.8493,1124.5,15.4,,20.8,
2024-06-18 02:00:00+00:00,2161309,Pháp Vân,20.9481,105.8493,853.2,17.2,,18.5,
2024-06-18 03:00:00+00:00,2161309,Pháp Vân,20.9481,105.8493,872.7,18.6,,21.3,
2024-06-18 04:00:00+00:00,2161309,Pháp Vân,20.9481,105.8493,720.2,18.0,,21.2,
2024-06-18 05:00:00+00:00,2161309,Pháp Vân,20.9481,105.8493,616.3,12.5,,16.7,
2024-06-18 06:00:00+00:00,2161309,Pháp Vân,20.9481,105.8493,339.2,9.0,,13.8,
2024-06-18 07:00:00+00:00,2161309,Pháp Vân,20.9481,105.8493,248.0,9.1,,9.9,
2024-06-18 08:00:00+00:00,2161309,Pháp Vân,20.9481,105.8493,243.5,9.4,,8.7,
2024-06-18 09:00:00+00:00,2161309,Pháp Vân,20.9481,105.8493,294.2,12.2,,13.8,
2024-06-18 10:00:00+00:00,2161309,Pháp Vân,20.9481,105.8493,408.3,11.8,,9.5,
2024-06-18 11:00:00+00:00,2161309,Pháp Vân,20.9481,105.8493,624.8,10.9,,10.3,
2024-06-18 12:00:00+00:00,2161309,Pháp Vân,20.9481,105.8493,911.2,14.1,,15.9,
2024-06-18 13:00:00+00:00,2161309,Pháp Vân,20.9481,105.8493,1907.7,30.3,,23.7,
2024-06-18 14:00:00+00:00,2161309,Pháp Vân,20.9481,105.8493,1109.3,28.9,,32.5,
2024-06-18 15:00:00+00:00,2161309,Pháp Vân,20.9481,105.8493,1056.5,28.2,,38.5,
2024-06-18 16:00:00+00:00,2161309,Pháp Vân,20.9481,105.8493,755.6,20.6,,43.0,
2024-06-18 17:00:00+00:00,2161309,Pháp Vân,20.9481,105.8493,368.1,21.5,,29.0,
2024-06-18 18:00:00+00:00,2161309,Pháp Vân,20.9481,105.8493,192.5,23.1,,15.3,
2024-06-18 19:00:00+00:00,2161309,Pháp Vân,20.9481,105.8493,107.1,15.5,,9.9,
2024-06-18 20:00:00+00:00,2161309,Pháp Vân,20.9481,105.8493,76.5,12.3,,12.0,
2024-06-18 21:00:00+00:00,2161309,Pháp Vân,20.9481,105.8493,77.6,14.3,,11.9,
2024-06-18 22:00:00+00:00,2161309,Pháp Vân,20.9481,105.8493,161.3,15.7,,14.3,
2024-06-18 23:00:00+00:00,2161309,Pháp Vân,20.9481,105.8493,302.9,12.8,,12.3,
2024-06-19 00:00:00+00:00,2161309,Pháp Vân,20.9481,105.8493,292.4,11.6,,12.2,
2024-06-19 01:00:00+00:00,2161309,Pháp Vân,20.9481,105.8493,463.8,15.2,,15.2,
2024-06-19 02:00:00+00:00,2161309,Pháp Vân,20.9481,105.8493,577.0,18.0,,15.7,
2024-06-19 03:00:00+00:00,2161309,Pháp Vân,20.9481,105.8493,503.8,12.6,,14.1,
2024-06-19 04:00:00+00:00,2161309,Pháp Vân,20.9481,105.8493,281.8,9.6,,8.2,
2024-06-19 05:00:00+00:00,2161309,Pháp Vân,20.9481,105.8493,310.1,8.9,,7.0,
2024-06-19 06:00:00+00:00,2161309,Pháp Vân,20.9481,105.8493,187.2,8.6,,7.3,
2024-06-19 07:00:00+00:00,2161309,Pháp Vân,20.9481,105.8493,175.3,8.3,,6.8,
2024-06-19 08:00:00+00:00,2161309,Pháp Vân,20.9481,105.8493,192.6,8.1,,6.6,
2024-06-19 09:00:00+00:00,2161309,Pháp Vân,20.9481,105.8493,225.3,10.5,,7.0,
2024-06-19 10:00:00+00:00,2161309,Pháp Vân,20.9481,105.8493,312.6,10.4,,8.2,
2024-06-19 11:00:00+00:00,2161309,Pháp Vân,20.9481,105.8493,410.4,13.0,,18.5,
2024-06-19 12:00:00+00:00,2161309,Pháp Vân,20.9481,105.8493,397.9,12.1,,28.3,
2024-06-19 13:00:00+00:00,2161309,Pháp Vân,20.9481,105.8493,566.2,12.2,,31.2,
2024-06-19 14:00:00+00:00,2161309,Pháp Vân,20.9481,105.8493,434.2,13.3,,11.5,
2024-06-19 15:00:00+00:00,2161309,Pháp Vân,20.9481,105.8493,114.3,11.5,,8.8,
2024-06-19 16:00:00+00:00,2161309,Pháp Vân,20.9481,105.8493,171.9,11.8,,16.8,
2024-06-19 17:00:00+00:00,2161309,Pháp Vân,20.9481,105.8493,49.8,7.2,,10.1,
2024-06-19 18:00:00+00:00,2161309,Pháp Vân,20.9481,105.8493,16.1,6.7,,5.7,
2024-06-19 19:00:00+00:00,2161309,Pháp Vân,20.9481,105.8493,131.9,7.7,,7.6,
2024-06-19 20:00:00+00:00,2161309,Pháp Vân,20.9481,105.8493,339.3,11.6,,8.8,
2024-06-19 21:00:00+00:00,2161309,Pháp Vân,20.9481,105.8493,146.5,12.2,,14.4,
2024-06-19 22:00:00+00:00,2161309,Pháp Vân,20.9481,105.8493,153.1,11.0,,14.4,
2024-06-19 23:00:00+00:00,2161309,Pháp Vân,20.9481,105.8493,287.1,13.5,,15.5,
2024-06-20 00:00:00+00:00,2161309,Pháp Vân,20.9481,105.8493,531.0,14.9,,19.0,
2024-06-20 01:00:00+00:00,2161309,Pháp Vân,20.9481,105.8493,648.7,16.8,,22.0,
2024-06-20 02:00:00+00:00,2161309,Pháp Vân,20.9481,105.8493,608.8,15.6,,18.6,
2024-06-20 03:00:00+00:00,2161309,Pháp Vân,20.9481,105.8493,543.1,12.8,,18.4,
2024-06-20 04:00:00+00:00,2161309,Pháp Vân,20.9481,105.8493,514.8,11.9,,17.6,
2024-06-20 05:00:00+00:00,2161309,Pháp Vân,20.9481,105.8493,408.4,10.4,,16.0,
2024-06-20 06:00:00+00:00,2161309,Pháp Vân,20.9481,105.8493,370.3,10.3,,14.2,
2024-06-20 07:00:00+00:00,2161309,Pháp Vân,20.9481,105.8493,372.2,12.0,,13.4,
2024-06-20 08:00:00+00:00,2161309,Pháp Vân,20.9481,105.8493,369.8,12.0,,21.7,
2024-06-20 09:00:00+00:00,2161309,Pháp Vân,20.9481,105.8493,365.4,13.4,,17.1,
2024-06-20 10:00:00+00:00,2161309,Pháp Vân,20.9481,105.8493,499.4,18.0,,37.9,
2024-06-20 11:00:00+00:00,2161309,Pháp Vân,20.9481,105.8493,763.4,16.9,,15.8,
2024-06-20 12:00:00+00:00,2161309,Pháp Vân,20.9481,105.8493,1037.0,24.8,,25.0,
2024-06-20 13:00:00+00:00,2161309,Pháp Vân,20.9481,105.8493,1517.2,30.7,,30.2,
2024-06-20 14:00:00+00:00,2161309,Pháp Vân,20.9481,105.8493,768.2,18.8,,23.8,
2024-06-20 15:00:00+00:00,2161309,Pháp Vân,20.9481,105.8493,480.5,15.2,,21.1,
2024-06-20 16:00:00+00:00,2161309,Pháp Vân,20.9481,105.8493,396.2,13.5,,23.5,
2024-06-20 17:00:00+00:00,2161309,Pháp Vân,20.9481,105.8493,340.4,11.6,,22.2,
2024-06-20 18:00:00+00:00,2161309,Pháp Vân,20.9481,105.8493,157.4,10.7,,16.2,
2024-06-20 19:00:00+00:00,2161309,Pháp Vân,20.9481,105.8493,256.3,15.2,,18.3,
2024-06-20 20:00:00+00:00,2161309,Pháp Vân,20.9481,105.8493,152.3,14.6,,15.3,
2024-06-20 21:00:00+00:00,2161309,Pháp Vân,20.9481,105.8493,81.0,10.5,,15.0,
2024-06-20 22:00:00+00:00,2161309,Pháp Vân,20.9481,105.8493,569.5,10.7,,15.6,
2024-06-20 23:00:00+00:00,2161309,Pháp Vân,20.9481,105.8493,137.7,9.9,,16.7,
2024-06-21 00:00:00+00:00,2161309,Pháp Vân,20.9481,105.8493,247.7,9.4,,20.1,
2024-06-21 01:00:00+00:00,2161309,Pháp Vân,20.9481,105.8493,361.9,9.5,,19.2,
2024-06-21 02:00:00+00:00,2161309,Pháp Vân,20.9481,105.8493,289.6,11.6,,15.7,
2024-06-21 03:00:00+00:00,2161309,Pháp Vân,20.9481,105.8493,263.4,11.0,,16.5,
2024-06-21 04:00:00+00:00,2161309,Pháp Vân,20.9481,105.8493,249.9,8.2,,16.5,
2024-06-21 05:00:00+00:00,2161309,Pháp Vân,20.9481,105.8493,288.4,8.4,,17.9,
2024-06-21 06:00:00+00:00,2161309,Pháp Vân,20.9481,105.8493,224.0,8.6,,13.5,
2024-06-21 07:00:00+00:00,2161309,Pháp Vân,20.9481,105.8493,261.8,10.1,,10.0,
2024-06-21 08:00:00+00:00,2161309,Pháp Vân,20.9481,105.8493,172.1,10.8,,10.2,
2024-06-21 09:00:00+00:00,2161309,Pháp Vân,20.9481,105.8493,424.1,13.9,,17.9,
2024-06-21 10:00:00+00:00,2161309,Pháp Vân,20.9481,105.8493,647.2,19.7,,17.6,
2024-06-21 11:00:00+00:00,2161309,Pháp Vân,20.9481,105.8493,853.4,24.2,,19.1,
2024-06-21 12:00:00+00:00,2161309,Pháp Vân,20.9481,105.8493,850.2,20.3,,20.4,
2024-06-21 13:00:00+00:00,2161309,Pháp Vân,20.9481,105.8493,1043.5,25.4,,33.2,
2024-06-21 14:00:00+00:00,2161309,Pháp Vân,20.9481,105.8493,299.7,10.9,,16.2,
2024-06-21 15:00:00+00:00,2161309,Pháp Vân,20.9481,105.8493,333.0,11.0,,18.1,
2024-06-21 16:00:00+00:00,2161309,Pháp Vân,20.9481,105.8493,270.9,11.1,,19.0,
2024-06-21 17:00:00+00:00,2161309,Pháp Vân,20.9481,105.8493,188.7,9.2,,15.2,
2024-06-21 18:00:00+00:00,2161309,Pháp Vân,20.9481,105.8493,60.7,8.4,,12.7,
2024-06-21 19:00:00+00:00,2161309,Pháp Vân,20.9481,105.8493,,7.4,,11.7,
2024-06-21 20:00:00+00:00,2161309,Pháp Vân,20.9481,105.8493,17.8,7.1,,11.4,
2024-06-21 21:00:00+00:00,2161309,Pháp Vân,20.9481,105.8493,22.7,7.8,,11.0,
2024-06-21 22:00:00+00:00,2161309,Pháp Vân,20.9481,105.8493,57.6,8.4,,10.7,
2024-06-21 23:00:00+00:00,2161309,Pháp Vân,20.9481,105.8493,178.4,8.1,,12.2,
2024-06-22 00:00:00+00:00,2161309,Pháp Vân,20.9481,105.8493,195.9,8.4,,12.3,
2024-06-22 01:00:00+00:00,2161309,Pháp Vân,20.9481,105.8493,212.5,9.0,,13.4,
2024-06-22 02:00:00+00:00,2161309,Pháp Vân,20.9481,105.8493,154.3,10.6,,11.8,
2024-06-22 03:00:00+00:00,2161309,Pháp Vân,20.9481,105.8493,145.9,7.7,,13.6,
2024-06-22 04:00:00+00:00,2161309,Pháp Vân,20.9481,105.8493,158.8,7.6,,14.9,
2024-06-22 05:00:00+00:00,2161309,Pháp Vân,20.9481,105.8493,150.0,6.9,,12.4,
2024-06-22 06:00:00+00:00,2161309,Pháp Vân,20.9481,105.8493,100.0,6.6,,11.6,
2024-06-22 07:00:00+00:00,2161309,Pháp Vân,20.9481,105.8493,91.9,7.1,,10.8,
2024-06-22 08:00:00+00:00,2161309,Pháp Vân,20.9481,105.8493,135.1,7.6,,10.7,
2024-06-22 09:00:00+00:00,2161309,Pháp Vân,20.9481,105.8493,141.3,8.8,,8.5,
2024-06-22 10:00:00+00:00,2161309,Pháp Vân,20.9481,105.8493,216.2,10.7,,8.8,
2024-06-22 11:00:00+00:00,2161309,Pháp Vân,20.9481,105.8493,225.8,11.8,,10.6,
2024-06-22 12:00:00+00:00,2161309,Pháp Vân,20.9481,105.8493,270.3,10.2,,12.7,
2024-06-22 13:00:00+00:00,2161309,Pháp Vân,20.9481,105.8493,380.7,17.5,,15.3,
2024-06-22 14:00:00+00:00,2161309,Pháp Vân,20.9481,105.8493,310.5,14.0,,13.7,
2024-06-22 15:00:00+00:00,2161309,Pháp Vân,20.9481,105.8493,240.4,11.8,,14.9,
2024-06-22 16:00:00+00:00,2161309,Pháp Vân,20.9481,105.8493,227.2,11.4,,15.3,
2024-06-22 17:00:00+00:00,2161309,Pháp Vân,20.9481,105.8493,194.5,11.6,,14.7,
2024-06-22 18:00:00+00:00,2161309,Pháp Vân,20.9481,105.8493,100.1,10.6,,12.1,
2024-06-22 19:00:00+00:00,2161309,Pháp Vân,20.9481,105.8493,99.9,11.0,,13.0,
2024-06-22 20:00:00+00:00,2161309,Pháp Vân,20.9481,105.8493,143.1,10.0,,14.9,
2024-06-22 21:00:00+00:00,2161309,Pháp Vân,20.9481,105.8493,154.6,12.1,,16.5,
2024-06-22 22:00:00+00:00,2161309,Pháp Vân,20.9481,105.8493,114.3,10.4,,12.8,
2024-06-22 23:00:00+00:00,2161309,Pháp Vân,20.9481,105.8493,167.0,11.0,,13.4,
2024-06-23 00:00:00+00:00,2161309,Pháp Vân,20.9481,105.8493,507.3,12.5,,21.9,
2024-06-23 01:00:00+00:00,2161309,Pháp Vân,20.9481,105.8493,398.8,13.3,,21.0,
2024-06-23 02:00:00+00:00,2161309,Pháp Vân,20.9481,105.8493,297.2,9.8,,12.5,
2024-06-23 03:00:00+00:00,2161309,Pháp Vân,20.9481,105.8493,249.2,9.1,,14.7,
2024-06-23 04:00:00+00:00,2161309,Pháp Vân,20.9481,105.8493,284.0,11.5,,13.5,
2024-06-23 05:00:00+00:00,2161309,Pháp Vân,20.9481,105.8493,902.3,10.9,,13.2,
2024-06-23 06:00:00+00:00,2161309,Pháp Vân,20.9481,105.8493,1142.8,8.0,,11.4,
2024-06-23 07:00:00+00:00,2161309,Pháp Vân,20.9481,105.8493,291.5,7.6,,13.5,
2024-06-23 08:00:00+00:00,2161309,Pháp Vân,20.9481,105.8493,516.4,9.5,,17.0,
2024-06-23 09:00:00+00:00,2161309,Pháp Vân,20.9481,105.8493,352.9,10.5,,14.4,
2024-06-23 10:00:00+00:00,2161309,Pháp Vân,20.9481,105.8493,202.0,9.6,,12.5,
2024-06-23 11:00:00+00:00,2161309,Pháp Vân,20.9481,105.8493,339.0,11.4,,11.7,
2024-06-23 12:00:00+00:00,2161309,Pháp Vân,20.9481,105.8493,468.2,16.9,,16.2,
2024-06-23 13:00:00+00:00,2161309,Pháp Vân,20.9481,105.8493,494.0,17.2,,11.3,
2024-06-23 14:00:00+00:00,2161309,Pháp Vân,20.9481,105.8493,367.4,12.9,,11.4,
2024-06-23 15:00:00+00:00,2161309,Pháp Vân,20.9481,105.8493,408.2,13.5,,13.3,
2024-06-23 16:00:00+00:00,2161309,Pháp Vân,20.9481,105.8493,432.7,13.1,,12.3,
2024-06-23 17:00:00+00:00,2161309,Pháp Vân,20.9481,105.8493,291.5,12.7,,12.7,
2024-06-23 18:00:00+00:00,2161309,Pháp Vân,20.9481,105.8493,865.1,12.9,,11.5,
2024-06-23 19:00:00+00:00,2161309,Pháp Vân,20.9481,105.8493,443.8,9.2,,8.8,
2024-06-23 20:00:00+00:00,2161309,Pháp Vân,20.9481,105.8493,3506.3,7.4,,4.9,
2024-06-23 21:00:00+00:00,2161309,Pháp Vân,20.9481,105.8493,6515.5,6.5,,4.2,
2024-06-23 22:00:00+00:00,2161309,Pháp Vân,20.9481,105.8493,8423.6,6.6,,6.8,
2024-06-23 23:00:00+00:00,2161309,Pháp Vân,20.9481,105.8493,140.3,9.4,,11.1,
2024-06-24 00:00:00+00:00,2161309,Pháp Vân,20.9481,105.8493,1141.0,8.9,,5.1,
2024-06-24 01:00:00+00:00,2161309,Pháp Vân,20.9481,105.8493,395.8,10.4,,6.0,
2024-06-24 02:00:00+00:00,2161309,Pháp Vân,20.9481,105.8493,534.8,10.8,,7.8,
2024-06-24 03:00:00+00:00,2161309,Pháp Vân,20.9481,105.8493,413.5,10.4,,11.3,
2024-06-24 04:00:00+00:00,2161309,Pháp Vân,20.9481,105.8493,303.3,10.1,,9.6,
2024-06-24 05:00:00+00:00,2161309,Pháp Vân,20.9481,105.8493,409.4,12.6,,8.4,
2024-06-24 06:00:00+00:00,2161309,Pháp Vân,20.9481,105.8493,169.5,9.4,,5.1,
2024-06-24 07:00:00+00:00,2161309,Pháp Vân,20.9481,105.8493,124.0,10.6,,4.3,
2024-06-24 08:00:00+00:00,2161309,Pháp Vân,20.9481,105.8493,242.3,11.5,,6.2,
2024-06-24 09:00:00+00:00,2161309,Pháp Vân,20.9481,105.8493,200.0,13.5,,6.4,
2024-06-24 10:00:00+00:00,2161309,Pháp Vân,20.9481,105.8493,153.2,10.2,,6.5,
2024-06-24 11:00:00+00:00,2161309,Pháp Vân,20.9481,105.8493,353.8,11.4,,7.4,
2024-06-24 12:00:00+00:00,2161309,Pháp Vân,20.9481,105.8493,383.0,13.2,,7.4,
2024-06-24 13:00:00+00:00,2161309,Pháp Vân,20.9481,105.8493,337.3,12.3,,5.7,
2024-06-24 14:00:00+00:00,2161309,Pháp Vân,20.9481,105.8493,245.4,12.4,,7.3,
2024-06-24 15:00:00+00:00,2161309,Pháp Vân,20.9481,105.8493,161.2,11.8,,5.8,
2024-06-24 16:00:00+00:00,2161309,Pháp Vân,20.9481,105.8493,370.5,10.1,,4.5,
2024-06-24 17:00:00+00:00,2161309,Pháp Vân,20.9481,105.8493,31.2,9.3,,5.1,
2024-06-24 18:00:00+00:00,2161309,Pháp Vân,20.9481,105.8493,48.8,10.0,,6.1,
2024-06-24 19:00:00+00:00,2161309,Pháp Vân,20.9481,105.8493,124.2,11.7,,9.3,
2024-06-24 20:00:00+00:00,2161309,Pháp Vân,20.9481,105.8493,1941.7,10.0,,15.5,
2024-06-24 21:00:00+00:00,2161309,Pháp Vân,20.9481,105.8493,22.6,8.8,,9.1,
2024-06-24 22:00:00+00:00,2161309,Pháp Vân,20.9481,105.8493,3097.9,11.6,,14.2,
2024-06-24 23:00:00+00:00,2161309,Pháp Vân,20.9481,105.8493,4977.3,11.2,,19.8,
2024-06-25 00:00:00+00:00,2161309,Pháp Vân,20.9481,105.8493,288.9,11.7,,13.0,
2024-06-25 01:00:00+00:00,2161309,Pháp Vân,20.9481,105.8493,493.4,11.6,,9.7,
2024-06-25 02:00:00+00:00,2161309,Pháp Vân,20.9481,105.8493,723.0,14.8,,13.4,
2024-06-25 03:00:00+00:00,2161309,Pháp Vân,20.9481,105.8493,564.9,15.0,,15.0,
2024-06-25 04:00:00+00:00,2161309,Pháp Vân,20.9481,105.8493,570.9,17.0,,15.6,
2024-06-25 05:00:00+00:00,2161309,Pháp Vân,20.9481,105.8493,519.3,13.4,,13.6,
2024-06-25 06:00:00+00:00,2161309,Pháp Vân,20.9481,105.8493,317.1,15.4,,9.0,
2024-06-25 07:00:00+00:00,2161309,Pháp Vân,20.9481,105.8493,253.8,13.5,,8.5,
2024-06-25 10:00:00+00:00,2161309,Pháp Vân,20.9481,105.8493,284.6,13.9,,5.5,
2024-06-25 11:00:00+00:00,2161309,Pháp Vân,20.9481,105.8493,274.0,15.7,,6.8,
2024-06-25 12:00:00+00:00,2161309,Pháp Vân,20.9481,105.8493,384.2,15.5,,12.6,
2024-06-25 13:00:00+00:00,2161309,Pháp Vân,20.9481,105.8493,324.4,17.6,,12.7,
2024-06-25 14:00:00+00:00,2161309,Pháp Vân,20.9481,105.8493,684.5,22.1,,17.1,
2024-06-25 15:00:00+00:00,2161309,Pháp Vân,20.9481,105.8493,802.5,21.4,,17.3,
2024-06-25 16:00:00+00:00,2161309,Pháp Vân,20.9481,105.8493,1035.4,20.5,,17.8,
2024-06-25 17:00:00+00:00,2161309,Pháp Vân,20.9481,105.8493,826.8,18.8,,20.7,
2024-06-25 18:00:00+00:00,2161309,Pháp Vân,20.9481,105.8493,371.2,16.4,,20.2,
2024-06-25 19:00:00+00:00,2161309,Pháp Vân,20.9481,105.8493,2245.5,14.4,,18.6,
2024-06-25 20:00:00+00:00,2161309,Pháp Vân,20.9481,105.8493,1982.1,14.8,,16.4,
2024-06-25 21:00:00+00:00,2161309,Pháp Vân,20.9481,105.8493,5008.9,13.3,,13.3,
2024-06-25 22:00:00+00:00,2161309,Pháp Vân,20.9481,105.8493,246.9,11.1,,15.0,
2024-06-25 23:00:00+00:00,2161309,Pháp Vân,20.9481,105.8493,493.6,10.6,,16.3,
2024-06-26 00:00:00+00:00,2161309,Pháp Vân,20.9481,105.8493,2154.6,10.4,,16.4,
2024-06-26 01:00:00+00:00,2161309,Pháp Vân,20.9481,105.8493,1838.4,13.1,,16.0,
2024-06-26 02:00:00+00:00,2161309,Pháp Vân,20.9481,105.8493,2658.7,10.2,,7.1,
2024-06-26 03:00:00+00:00,2161309,Pháp Vân,20.9481,105.8493,167.9,8.1,,4.4,
2024-06-26 04:00:00+00:00,2161309,Pháp Vân,20.9481,105.8493,452.8,8.2,,4.5,
2024-06-26 05:00:00+00:00,2161309,Pháp Vân,20.9481,105.8493,61.5,7.4,,4.1,
2024-06-26 06:00:00+00:00,2161309,Pháp Vân,20.9481,105.8493,117.2,8.7,,4.0,
2024-06-26 07:00:00+00:00,2161309,Pháp Vân,20.9481,105.8493,117.7,11.2,,4.8,
2024-06-26 08:00:00+00:00,2161309,Pháp Vân,20.9481,105.8493,233.8,13.9,,5.9,
2024-06-26 09:00:00+00:00,2161309,Pháp Vân,20.9481,105.8493,265.9,12.0,,7.4,
2024-06-26 10:00:00+00:00,2161309,Pháp Vân,20.9481,105.8493,325.1,12.6,,7.0,
2024-06-26 11:00:00+00:00,2161309,Pháp Vân,20.9481,105.8493,435.1,16.1,,10.3,
2024-06-26 12:00:00+00:00,2161309,Pháp Vân,20.9481,105.8493,522.3,15.5,,13.2,
2024-06-26 13:00:00+00:00,2161309,Pháp Vân,20.9481,105.8493,340.1,13.1,,6.8,
2024-06-26 14:00:00+00:00,2161309,Pháp Vân,20.9481,105.8493,,18.5,,16.5,
2024-06-26 15:00:00+00:00,2161309,Pháp Vân,20.9481,105.8493,,17.8,,18.0,
2024-06-26 16:00:00+00:00,2161309,Pháp Vân,20.9481,105.8493,1153.0,16.3,,21.2,
2024-06-26 17:00:00+00:00,2161309,Pháp Vân,20.9481,105.8493,1811.1,15.7,,21.8,
2024-06-26 18:00:00+00:00,2161309,Pháp Vân,20.9481,105.8493,1434.9,14.7,,22.6,
2024-06-26 19:00:00+00:00,2161309,Pháp Vân,20.9481,105.8493,5638.3,7.5,,6.2,
2024-06-26 20:00:00+00:00,2161309,Pháp Vân,20.9481,105.8493,3064.3,6.0,,4.6,
2024-06-26 21:00:00+00:00,2161309,Pháp Vân,20.9481,105.8493,8190.2,8.0,,8.9,
2024-06-26 22:00:00+00:00,2161309,Pháp Vân,20.9481,105.8493,,8.8,,4.5,
2024-06-26 23:00:00+00:00,2161309,Pháp Vân,20.9481,105.8493,875.5,10.2,,5.4,
2024-06-27 00:00:00+00:00,2161309,Pháp Vân,20.9481,105.8493,6102.4,12.4,,8.6,
2024-06-27 01:00:00+00:00,2161309,Pháp Vân,20.9481,105.8493,9889.8,12.2,,11.3,
2024-06-27 02:00:00+00:00,2161309,Pháp Vân,20.9481,105.8493,860.9,10.9,,16.5,
2024-06-27 03:00:00+00:00,2161309,Pháp Vân,20.9481,105.8493,433.8,14.4,,9.2,
2024-06-27 04:00:00+00:00,2161309,Pháp Vân,20.9481,105.8493,251.5,11.8,,6.8,
2024-06-27 05:00:00+00:00,2161309,Pháp Vân,20.9481,105.8493,242.1,11.5,,7.1,
2024-06-27 06:00:00+00:00,2161309,Pháp Vân,20.9481,105.8493,140.3,9.7,,5.6,
2024-06-27 07:00:00+00:00,2161309,Pháp Vân,20.9481,105.8493,136.2,9.1,,5.4,
2024-06-27 08:00:00+00:00,2161309,Pháp Vân,20.9481,105.8493,105.0,9.4,,6.4,
2024-06-27 09:00:00+00:00,2161309,Pháp Vân,20.9481,105.8493,86.1,9.5,,5.5,
2024-06-27 10:00:00+00:00,2161309,Pháp Vân,20.9481,105.8493,83.4,8.5,,5.4,
2024-06-27 11:00:00+00:00,2161309,Pháp Vân,20.9481,105.8493,321.8,10.2,,8.0,
2024-06-27 12:00:00+00:00,2161309,Pháp Vân,20.9481,105.8493,320.5,11.6,,7.5,
2024-06-27 13:00:00+00:00,2161309,Pháp Vân,20.9481,105.8493,517.1,14.0,,8.3,
2024-06-27 14:00:00+00:00,2161309,Pháp Vân,20.9481,105.8493,630.9,10.9,,6.7,
2024-06-27 15:00:00+00:00,2161309,Pháp Vân,20.9481,105.8493,236.2,8.9,,9.7,
2024-06-27 16:00:00+00:00,2161309,Pháp Vân,20.9481,105.8493,555.3,10.3,,11.3,
2024-06-27 17:00:00+00:00,2161309,Pháp Vân,20.9481,105.8493,186.3,12.9,,7.0,
2024-06-27 18:00:00+00:00,2161309,Pháp Vân,20.9481,105.8493,751.8,11.9,,8.4,
2024-06-27 19:00:00+00:00,2161309,Pháp Vân,20.9481,105.8493,2231.3,11.6,,8.7,
2024-06-27 20:00:00+00:00,2161309,Pháp Vân,20.9481,105.8493,4192.8,10.4,,9.2,
2024-06-27 21:00:00+00:00,2161309,Pháp Vân,20.9481,105.8493,7099.1,9.5,,16.1,
2024-06-27 22:00:00+00:00,2161309,Pháp Vân,20.9481,105.8493,7911.2,10.4,,13.6,
2024-06-27 23:00:00+00:00,2161309,Pháp Vân,20.9481,105.8493,8527.2,14.3,,8.8,
2024-06-28 00:00:00+00:00,2161309,Pháp Vân,20.9481,105.8493,3071.9,15.9,,8.3,
2024-06-28 01:00:00+00:00,2161309,Pháp Vân,20.9481,105.8493,651.7,17.6,,12.0,
2024-06-28 02:00:00+00:00,2161309,Pháp Vân,20.9481,105.8493,420.4,25.7,,8.2,
2024-06-28 03:00:00+00:00,2161309,Pháp Vân,20.9481,105.8493,174.3,14.2,,6.8,
2024-06-28 04:00:00+00:00,2161309,Pháp Vân,20.9481,105.8493,257.9,16.6,,9.7,
2024-06-28 05:00:00+00:00,2161309,Pháp Vân,20.9481,105.8493,205.7,16.1,,8.2,
2024-06-28 06:00:00+00:00,2161309,Pháp Vân,20.9481,105.8493,168.8,16.6,,8.8,
2024-06-28 07:00:00+00:00,2161309,Pháp Vân,20.9481,105.8493,162.9,14.2,,8.8,
2024-06-28 08:00:00+00:00,2161309,Pháp Vân,20.9481,105.8493,215.2,9.4,,13.4,
2024-06-28 09:00:00+00:00,2161309,Pháp Vân,20.9481,105.8493,176.0,7.6,,10.3,
2024-06-28 10:00:00+00:00,2161309,Pháp Vân,20.9481,105.8493,231.4,9.0,,9.8,
2024-06-28 11:00:00+00:00,2161309,Pháp Vân,20.9481,105.8493,250.0,8.2,,8.1,
2024-06-28 12:00:00+00:00,2161309,Pháp Vân,20.9481,105.8493,292.4,9.7,,9.5,
2024-06-28 13:00:00+00:00,2161309,Pháp Vân,20.9481,105.8493,431.3,11.3,,12.4,
2024-06-28 14:00:00+00:00,2161309,Pháp Vân,20.9481,105.8493,257.8,9.4,,11.8,
2024-06-28 15:00:00+00:00,2161309,Pháp Vân,20.9481,105.8493,257.7,8.9,,10.6,
2024-06-28 16:00:00+00:00,2161309,Pháp Vân,20.9481,105.8493,192.5,8.7,,9.8,
2024-06-28 17:00:00+00:00,2161309,Pháp Vân,20.9481,105.8493,367.5,9.0,,10.9,
2024-06-28 18:00:00+00:00,2161309,Pháp Vân,20.9481,105.8493,217.3,8.5,,12.0,
2024-06-28 19:00:00+00:00,2161309,Pháp Vân,20.9481,105.8493,1103.8,9.5,,16.4,
2024-06-28 20:00:00+00:00,2161309,Pháp Vân,20.9481,105.8493,1164.3,9.5,,11.5,
2024-06-28 21:00:00+00:00,2161309,Pháp Vân,20.9481,105.8493,464.4,10.1,,9.7,
2024-06-28 22:00:00+00:00,2161309,Pháp Vân,20.9481,105.8493,2848.4,8.9,,14.8,
2024-06-28 23:00:00+00:00,2161309,Pháp Vân,20.9481,105.8493,4091.6,10.8,,15.2,
2024-06-29 00:00:00+00:00,2161309,Pháp Vân,20.9481,105.8493,308.1,10.9,,11.6,
2024-06-29 01:00:00+00:00,2161309,Pháp Vân,20.9481,105.8493,349.8,13.1,,14.4,
2024-06-29 02:00:00+00:00,2161309,Pháp Vân,20.9481,105.8493,415.0,16.4,,11.3,
2024-06-29 03:00:00+00:00,2161309,Pháp Vân,20.9481,105.8493,351.5,11.1,,12.0,
2024-06-29 04:00:00+00:00,2161309,Pháp Vân,20.9481,105.8493,273.4,8.7,,8.6,
2024-06-29 05:00:00+00:00,2161309,Pháp Vân,20.9481,105.8493,331.2,9.6,,7.8,
2024-06-29 06:00:00+00:00,2161309,Pháp Vân,20.9481,105.8493,349.3,9.0,,6.9,
2024-06-29 07:00:00+00:00,2161309,Pháp Vân,20.9481,105.8493,312.6,9.7,,11.6,
2024-06-29 08:00:00+00:00,2161309,Pháp Vân,20.9481,105.8493,260.9,9.9,,19.2,
2024-06-29 09:00:00+00:00,2161309,Pháp Vân,20.9481,105.8493,216.4,12.6,,13.8,
2024-06-29 10:00:00+00:00,2161309,Pháp Vân,20.9481,105.8493,249.0,14.2,,20.5,
2024-06-29 11:00:00+00:00,2161309,Pháp Vân,20.9481,105.8493,334.0,16.2,,21.1,
2024-06-29 12:00:00+00:00,2161309,Pháp Vân,20.9481,105.8493,736.9,11.4,,12.5,
2024-06-29 13:00:00+00:00,2161309,Pháp Vân,20.9481,105.8493,585.6,12.5,,10.6,
2024-06-29 14:00:00+00:00,2161309,Pháp Vân,20.9481,105.8493,408.2,11.3,,11.9,
2024-06-29 15:00:00+00:00,2161309,Pháp Vân,20.9481,105.8493,295.5,9.2,,12.2,
2024-06-29 16:00:00+00:00,2161309,Pháp Vân,20.9481,105.8493,272.3,10.0,,11.8,
2024-06-29 17:00:00+00:00,2161309,Pháp Vân,20.9481,105.8493,204.8,9.4,,13.6,
2024-06-29 18:00:00+00:00,2161309,Pháp Vân,20.9481,105.8493,,10.2,,14.4,
2024-06-29 19:00:00+00:00,2161309,Pháp Vân,20.9481,105.8493,185.6,11.0,,14.1,
2024-06-29 20:00:00+00:00,2161309,Pháp Vân,20.9481,105.8493,304.5,12.7,,12.8,
2024-06-29 21:00:00+00:00,2161309,Pháp Vân,20.9481,105.8493,163.3,15.1,,11.4,
2024-06-29 22:00:00+00:00,2161309,Pháp Vân,20.9481,105.8493,235.7,16.0,,10.7,
2024-06-29 23:00:00+00:00,2161309,Pháp Vân,20.9481,105.8493,329.0,15.7,,10.2,
2024-06-30 00:00:00+00:00,2161309,Pháp Vân,20.9481,105.8493,508.7,15.8,,11.2,
2024-06-30 01:00:00+00:00,2161309,Pháp Vân,20.9481,105.8493,477.0,15.2,,19.7,
2024-06-30 02:00:00+00:00,2161309,Pháp Vân,20.9481,105.8493,382.7,12.5,,8.6,
2024-06-30 03:00:00+00:00,2161309,Pháp Vân,20.9481,105.8493,,11.7,,10.2,
2024-06-30 04:00:00+00:00,2161309,Pháp Vân,20.9481,105.8493,396.1,9.7,,9.1,
2024-06-30 05:00:00+00:00,2161309,Pháp Vân,20.9481,105.8493,407.9,9.1,,8.0,
2024-06-30 06:00:00+00:00,2161309,Pháp Vân,20.9481,105.8493,,10.0,,10.1,
2024-06-30 07:00:00+00:00,2161309,Pháp Vân,20.9481,105.8493,166.8,7.7,,6.0,
2024-06-30 08:00:00+00:00,2161309,Pháp Vân,20.9481,105.8493,162.6,7.4,,5.5,
2024-06-30 09:00:00+00:00,2161309,Pháp Vân,20.9481,105.8493,230.5,9.1,,5.6,
2024-06-30 10:00:00+00:00,2161309,Pháp Vân,20.9481,105.8493,246.2,11.4,,7.3,
2024-06-30 11:00:00+00:00,2161309,Pháp Vân,20.9481,105.8493,418.3,16.8,,14.5,
2024-06-30 12:00:00+00:00,2161309,Pháp Vân,20.9481,105.8493,450.1,24.7,,17.5,
2024-06-30 13:00:00+00:00,2161309,Pháp Vân,20.9481,105.8493,498.1,22.3,,17.5,
2024-06-30 14:00:00+00:00,2161309,Pháp Vân,20.9481,105.8493,426.7,13.0,,11.2,
2024-06-30 15:00:00+00:00,2161309,Pháp Vân,20.9481,105.8493,284.6,8.9,,9.5,
2024-06-30 16:00:00+00:00,2161309,Pháp Vân,20.9481,105.8493,308.8,10.3,,10.5,
2024-06-30 17:00:00+00:00,2161309,Pháp Vân,20.9481,105.8493,194.6,8.4,,9.2,
2024-06-30 18:00:00+00:00,2161309,Pháp Vân,20.9481,105.8493,462.8,8.3,,9.3,
2024-06-30 19:00:00+00:00,2161309,Pháp Vân,20.9481,105.8493,,10.2,,9.4,
2024-06-30 20:00:00+00:00,2161309,Pháp Vân,20.9481,105.8493,584.6,11.4,,9.1,
2024-06-30 21:00:00+00:00,2161309,Pháp Vân,20.9481,105.8493,837.1,10.5,,7.9,
2024-06-30 22:00:00+00:00,2161309,Pháp Vân,20.9481,105.8493,1268.4,11.0,,7.6,
2024-06-30 23:00:00+00:00,2161309,Pháp Vân,20.9481,105.8493,1299.5,12.2,,9.9,
2024-07-01 00:00:00+00:00,2161309,Pháp Vân,20.9481,105.8493,363.1,9.9,,9.2,
2024-07-01 01:00:00+00:00,2161309,Pháp Vân,20.9481,105.8493,489.6,12.6,,9.0,
2024-07-01 02:00:00+00:00,2161309,Pháp Vân,20.9481,105.8493,451.0,11.1,,9.4,
2024-07-01 03:00:00+00:00,2161309,Pháp Vân,20.9481,105.8493,394.2,9.5,,6.6,
2024-07-01 04:00:00+00:00,2161309,Pháp Vân,20.9481,105.8493,275.8,8.9,,6.6,
2024-07-01 05:00:00+00:00,2161309,Pháp Vân,20.9481,105.8493,327.8,9.6,,7.0,
2024-07-01 06:00:00+00:00,2161309,Pháp Vân,20.9481,105.8493,502.1,9.6,,5.8,
2024-07-01 07:00:00+00:00,2161309,Pháp Vân,20.9481,105.8493,268.6,9.5,,5.5,
2024-07-01 08:00:00+00:00,2161309,Pháp Vân,20.9481,105.8493,359.8,11.4,,7.1,
2024-07-01 09:00:00+00:00,2161309,Pháp Vân,20.9481,105.8493,379.2,13.7,,8.6,
2024-07-01 10:00:00+00:00,2161309,Pháp Vân,20.9481,105.8493,557.8,13.0,,12.2,
2024-07-01 11:00:00+00:00,2161309,Pháp Vân,20.9481,105.8493,882.6,14.8,,19.3,
2024-07-01 12:00:00+00:00,2161309,Pháp Vân,20.9481,105.8493,703.2,12.4,,16.1,
2024-07-01 13:00:00+00:00,2161309,Pháp Vân,20.9481,105.8493,604.4,14.4,,20.4,
2024-07-01 14:00:00+00:00,2161309,Pháp Vân,20.9481,105.8493,618.9,17.8,,23.8,
2024-07-01 15:00:00+00:00,2161309,Pháp Vân,20.9481,105.8493,579.6,15.4,,21.8,
2024-07-01 16:00:00+00:00,2161309,Pháp Vân,20.9481,105.8493,394.1,17.0,,20.9,
2024-07-01 17:00:00+00:00,2161309,Pháp Vân,20.9481,105.8493,660.1,22.5,,23.8,
2024-07-01 18:00:00+00:00,2161309,Pháp Vân,20.9481,105.8493,781.7,19.5,,18.1,
2024-07-01 19:00:00+00:00,2161309,Pháp Vân,20.9481,105.8493,421.8,18.6,,18.6,
2024-07-01 20:00:00+00:00,2161309,Pháp Vân,20.9481,105.8493,1432.1,16.5,,11.0,
2024-07-01 21:00:00+00:00,2161309,Pháp Vân,20.9481,105.8493,877.8,13.3,,10.2,
2024-07-01 22:00:00+00:00,2161309,Pháp Vân,20.9481,105.8493,1910.7,12.2,,11.1,
2024-07-01 23:00:00+00:00,2161309,Pháp Vân,20.9481,105.8493,2439.8,12.2,,10.6,
2024-07-02 00:00:00+00:00,2161309,Pháp Vân,20.9481,105.8493,1323.6,10.7,,12.5,
2024-07-02 01:00:00+00:00,2161309,Pháp Vân,20.9481,105.8493,1234.9,15.8,,13.2,
2024-07-02 02:00:00+00:00,2161309,Pháp Vân,20.9481,105.8493,1265.9,30.1,,22.9,
2024-07-02 03:00:00+00:00,2161309,Pháp Vân,20.9481,105.8493,994.8,30.6,,24.2,
2024-07-02 04:00:00+00:00,2161309,Pháp Vân,20.9481,105.8493,748.9,24.4,,22.6,
2024-07-02 05:00:00+00:00,2161309,Pháp Vân,20.9481,105.8493,505.0,17.7,,16.7,
2024-07-02 06:00:00+00:00,2161309,Pháp Vân,20.9481,105.8493,470.3,20.7,,18.8,
2024-07-02 07:00:00+00:00,2161309,Pháp Vân,20.9481,105.8493,270.0,11.9,,10.2,
2024-07-02 08:00:00+00:00,2161309,Pháp Vân,20.9481,105.8493,261.5,15.4,,10.1,
2024-07-02 09:00:00+00:00,2161309,Pháp Vân,20.9481,105.8493,265.3,19.9,,8.6,
2024-07-02 10:00:00+00:00,2161309,Pháp Vân,20.9481,105.8493,399.7,22.2,,13.8,
2024-07-02 11:00:00+00:00,2161309,Pháp Vân,20.9481,105.8493,597.5,19.8,,15.1,
2024-07-02 12:00:00+00:00,2161309,Pháp Vân,20.9481,105.8493,414.8,16.0,,12.3,
2024-07-02 13:00:00+00:00,2161309,Pháp Vân,20.9481,105.8493,589.9,17.7,,14.4,
2024-07-02 14:00:00+00:00,2161309,Pháp Vân,20.9481,105.8493,525.8,12.4,,19.2,
2024-07-02 15:00:00+00:00,2161309,Pháp Vân,20.9481,105.8493,836.3,13.5,,26.9,
2024-07-02 16:00:00+00:00,2161309,Pháp Vân,20.9481,105.8493,303.0,11.9,,15.2,
2024-07-02 17:00:00+00:00,2161309,Pháp Vân,20.9481,105.8493,126.2,8.2,,9.0,
2024-07-02 18:00:00+00:00,2161309,Pháp Vân,20.9481,105.8493,232.6,9.8,,11.7,
2024-07-02 19:00:00+00:00,2161309,Pháp Vân,20.9481,105.8493,,9.1,,13.0,
2024-07-02 20:00:00+00:00,2161309,Pháp Vân,20.9481,105.8493,132.5,7.9,,9.7,
2024-07-02 21:00:00+00:00,2161309,Pháp Vân,20.9481,105.8493,3266.8,9.2,,12.6,
2024-07-02 22:00:00+00:00,2161309,Pháp Vân,20.9481,105.8493,5231.1,7.9,,22.8,
2024-07-02 23:00:00+00:00,2161309,Pháp Vân,20.9481,105.8493,550.8,10.6,,28.0,
2024-07-03 00:00:00+00:00,2161309,Pháp Vân,20.9481,105.8493,6733.8,11.7,,29.0,
2024-07-03 01:00:00+00:00,2161309,Pháp Vân,20.9481,105.8493,751.7,11.2,,24.3,
2024-07-03 02:00:00+00:00,2161309,Pháp Vân,20.9481,105.8493,705.0,12.0,,18.2,
2024-07-03 03:00:00+00:00,2161309,Pháp Vân,20.9481,105.8493,666.4,12.0,,13.9,
2024-07-03 04:00:00+00:00,2161309,Pháp Vân,20.9481,105.8493,677.2,12.6,,11.5,
2024-07-03 05:00:00+00:00,2161309,Pháp Vân,20.9481,105.8493,577.3,10.4,,10.2,
2024-07-03 06:00:00+00:00,2161309,Pháp Vân,20.9481,105.8493,2009.4,13.1,,11.8,
2024-07-03 07:00:00+00:00,2161309,Pháp Vân,20.9481,105.8493,850.4,9.7,,8.6,
2024-07-03 08:00:00+00:00,2161309,Pháp Vân,20.9481,105.8493,474.9,9.3,,6.1,
2024-07-03 09:00:00+00:00,2161309,Pháp Vân,20.9481,105.8493,1105.1,13.3,,10.8,
2024-07-03 10:00:00+00:00,2161309,Pháp Vân,20.9481,105.8493,1171.8,14.6,,10.5,
2024-07-03 11:00:00+00:00,2161309,Pháp Vân,20.9481,105.8493,1748.9,16.4,,13.8,
2024-07-03 12:00:00+00:00,2161309,Pháp Vân,20.9481,105.8493,5451.8,22.1,,17.5,
2024-07-03 13:00:00+00:00,2161309,Pháp Vân,20.9481,105.8493,2450.3,21.9,,27.1,
2024-07-03 14:00:00+00:00,2161309,Pháp Vân,20.9481,105.8493,6556.0,17.3,,21.3,
2024-07-03 15:00:00+00:00,2161309,Pháp Vân,20.9481,105.8493,3355.8,13.2,,17.7,
2024-07-03 16:00:00+00:00,2161309,Pháp Vân,20.9481,105.8493,9383.4,13.7,,20.0,
2024-07-03 17:00:00+00:00,2161309,Pháp Vân,20.9481,105.8493,,13.2,,16.4,
2024-07-03 18:00:00+00:00,2161309,Pháp Vân,20.9481,105.8493,8126.7,12.6,,16.4,
2024-07-03 19:00:00+00:00,2161309,Pháp Vân,20.9481,105.8493,2598.9,11.8,,16.0,
2024-07-03 20:00:00+00:00,2161309,Pháp Vân,20.9481,105.8493,147.7,11.5,,15.5,
2024-07-03 21:00:00+00:00,2161309,Pháp Vân,20.9481,105.8493,1557.7,7.9,,7.8,
2024-07-03 22:00:00+00:00,2161309,Pháp Vân,20.9481,105.8493,3206.2,9.2,,11.3,
2024-07-03 23:00:00+00:00,2161309,Pháp Vân,20.9481,105.8493,,6.4,,5.6,
2024-07-04 00:00:00+00:00,2161309,Pháp Vân,20.9481,105.8493,660.9,7.8,,6.4,
2024-07-04 01:00:00+00:00,2161309,Pháp Vân,20.9481,105.8493,4856.0,9.6,,6.3,
2024-07-04 02:00:00+00:00,2161309,Pháp Vân,20.9481,105.8493,1601.0,11.5,,6.7,
2024-07-04 03:00:00+00:00,2161309,Pháp Vân,20.9481,105.8493,722.3,19.7,,6.9,
2024-07-04 04:00:00+00:00,2161309,Pháp Vân,20.9481,105.8493,136.0,14.7,,9.5,
2024-07-04 05:00:00+00:00,2161309,Pháp Vân,20.9481,105.8493,110.1,10.0,,8.7,
2024-07-04 06:00:00+00:00,2161309,Pháp Vân,20.9481,105.8493,85.6,9.4,,7.6,
2024-07-04 07:00:00+00:00,2161309,Pháp Vân,20.9481,105.8493,53.2,10.1,,7.2,
2024-07-04 08:00:00+00:00,2161309,Pháp Vân,20.9481,105.8493,75.8,10.0,,7.6,
2024-07-04 09:00:00+00:00,2161309,Pháp Vân,20.9481,105.8493,79.6,10.3,,6.9,
2024-07-04 10:00:00+00:00,2161309,Pháp Vân,20.9481,105.8493,112.7,9.9,,7.5,
2024-07-04 11:00:00+00:00,2161309,Pháp Vân,20.9481,105.8493,145.1,9.4,,8.0,
2024-07-04 12:00:00+00:00,2161309,Pháp Vân,20.9481,105.8493,461.1,10.0,,12.9,
2024-07-04 13:00:00+00:00,2161309,Pháp Vân,20.9481,105.8493,479.1,9.2,,9.5,
2024-07-04 14:00:00+00:00,2161309,Pháp Vân,20.9481,105.8493,304.4,9.4,,7.2,
2024-07-04 15:00:00+00:00,2161309,Pháp Vân,20.9481,105.8493,1068.1,11.7,,7.6,
2024-07-04 16:00:00+00:00,2161309,Pháp Vân,20.9481,105.8493,647.2,14.1,,7.3,
2024-07-04 17:00:00+00:00,2161309,Pháp Vân,20.9481,105.8493,1930.7,12.8,,9.0,
2024-07-04 18:00:00+00:00,2161309,Pháp Vân,20.9481,105.8493,5886.6,12.0,,10.9,
2024-07-04 19:00:00+00:00,2161309,Pháp Vân,20.9481,105.8493,4182.6,7.8,,6.2,
2024-07-04 20:00:00+00:00,2161309,Pháp Vân,20.9481,105.8493,2407.3,8.9,,5.5,
2024-07-04 21:00:00+00:00,2161309,Pháp Vân,20.9481,105.8493,2035.1,10.3,,6.0,
2024-07-04 22:00:00+00:00,2161309,Pháp Vân,20.9481,105.8493,1914.7,9.8,,6.8,
2024-07-04 23:00:00+00:00,2161309,Pháp Vân,20.9481,105.8493,2870.4,9.5,,11.2,
2024-07-05 00:00:00+00:00,2161309,Pháp Vân,20.9481,105.8493,3154.2,8.1,,6.9,
2024-07-05 01:00:00+00:00,2161309,Pháp Vân,20.9481,105.8493,1639.7,7.6,,6.3,
2024-07-05 02:00:00+00:00,2161309,Pháp Vân,20.9481,105.8493,197.8,9.4,,7.3,
2024-07-05 03:00:00+00:00,2161309,Pháp Vân,20.9481,105.8493,316.2,11.8,,9.1,
2024-07-05 04:00:00+00:00,2161309,Pháp Vân,20.9481,105.8493,449.0,13.2,,9.7,
2024-07-05 05:00:00+00:00,2161309,Pháp Vân,20.9481,105.8493,175.6,11.2,,8.6,
2024-07-05 06:00:00+00:00,2161309,Pháp Vân,20.9481,105.8493,126.4,10.0,,8.2,
2024-07-05 07:00:00+00:00,2161309,Pháp Vân,20.9481,105.8493,83.0,9.9,,7.5,
2024-07-05 08:00:00+00:00,2161309,Pháp Vân,20.9481,105.8493,127.9,12.2,,6.8,
2024-07-05 09:00:00+00:00,2161309,Pháp Vân,20.9481,105.8493,139.1,10.6,,6.1,
2024-07-05 10:00:00+00:00,2161309,Pháp Vân,20.9481,105.8493,240.4,13.9,,7.4,
2024-07-05 11:00:00+00:00,2161309,Pháp Vân,20.9481,105.8493,230.9,11.1,,10.9,
2024-07-05 12:00:00+00:00,2161309,Pháp Vân,20.9481,105.8493,281.2,11.1,,10.0,
2024-07-05 13:00:00+00:00,2161309,Pháp Vân,20.9481,105.8493,419.8,16.2,,10.1,
2024-07-05 14:00:00+00:00,2161309,Pháp Vân,20.9481,105.8493,209.6,16.5,,8.8,
2024-07-05 15:00:00+00:00,2161309,Pháp Vân,20.9481,105.8493,196.1,12.2,,9.8,
2024-07-05 16:00:00+00:00,2161309,Pháp Vân,20.9481,105.8493,229.8,12.5,,9.7,
2024-07-05 17:00:00+00:00,2161309,Pháp Vân,20.9481,105.8493,234.6,13.0,,11.0,
2024-07-05 18:00:00+00:00,2161309,Pháp Vân,20.9481,105.8493,219.1,11.5,,14.5,
2024-07-05 19:00:00+00:00,2161309,Pháp Vân,20.9481,105.8493,356.1,10.7,,16.3,
2024-07-05 20:00:00+00:00,2161309,Pháp Vân,20.9481,105.8493,343.9,11.1,,11.9,
2024-07-05 21:00:00+00:00,2161309,Pháp Vân,20.9481,105.8493,136.3,9.5,,9.9,
2024-07-05 22:00:00+00:00,2161309,Pháp Vân,20.9481,105.8493,95.1,11.1,,8.9,
2024-07-05 23:00:00+00:00,2161309,Pháp Vân,20.9481,105.8493,930.7,11.6,,14.6,
2024-07-06 00:00:00+00:00,2161309,Pháp Vân,20.9481,105.8493,1511.0,9.7,,9.2,
2024-07-06 01:00:00+00:00,2161309,Pháp Vân,20.9481,105.8493,540.8,8.8,,8.4,
2024-07-06 02:00:00+00:00,2161309,Pháp Vân,20.9481,105.8493,281.1,11.6,,7.5,
2024-07-06 03:00:00+00:00,2161309,Pháp Vân,20.9481,105.8493,262.8,13.1,,12.0,
2024-07-06 04:00:00+00:00,2161309,Pháp Vân,20.9481,105.8493,264.2,14.6,,11.6,
2024-07-06 05:00:00+00:00,2161309,Pháp Vân,20.9481,105.8493,217.0,14.0,,8.7,
2024-07-06 06:00:00+00:00,2161309,Pháp Vân,20.9481,105.8493,166.0,13.4,,8.4,
2024-07-06 07:00:00+00:00,2161309,Pháp Vân,20.9481,105.8493,136.9,9.2,,8.5,
2024-07-06 08:00:00+00:00,2161309,Pháp Vân,20.9481,105.8493,173.3,9.6,,9.1,
2024-07-06 09:00:00+00:00,2161309,Pháp Vân,20.9481,105.8493,199.3,10.1,,8.7,
2024-07-06 10:00:00+00:00,2161309,Pháp Vân,20.9481,105.8493,123.9,9.2,,8.0,
2024-07-06 11:00:00+00:00,2161309,Pháp Vân,20.9481,105.8493,251.8,10.3,,11.8,
2024-07-06 12:00:00+00:00,2161309,Pháp Vân,20.9481,105.8493,369.1,10.7,,14.1,
2024-07-06 13:00:00+00:00,2161309,Pháp Vân,20.9481,105.8493,379.3,10.5,,13.0,
2024-07-06 14:00:00+00:00,2161309,Pháp Vân,20.9481,105.8493,,9.3,,11.8,
2024-07-06 15:00:00+00:00,2161309,Pháp Vân,20.9481,105.8493,359.6,13.8,,15.4,
2024-07-06 16:00:00+00:00,2161309,Pháp Vân,20.9481,105.8493,260.4,10.5,,12.8,
2024-07-06 17:00:00+00:00,2161309,Pháp Vân,20.9481,105.8493,221.1,12.1,,12.5,
2024-07-06 18:00:00+00:00,2161309,Pháp Vân,20.9481,105.8493,295.0,10.1,,12.9,
2024-07-06 19:00:00+00:00,2161309,Pháp Vân,20.9481,105.8493,787.9,9.9,,12.9,
2024-07-06 20:00:00+00:00,2161309,Pháp Vân,20.9481,105.8493,218.1,9.0,,11.9,
2024-07-06 21:00:00+00:00,2161309,Pháp Vân,20.9481,105.8493,77.5,10.1,,9.8,
2024-07-06 22:00:00+00:00,2161309,Pháp Vân,20.9481,105.8493,66.1,9.8,,9.6,
2024-07-06 23:00:00+00:00,2161309,Pháp Vân,20.9481,105.8493,471.1,8.8,,9.8,
2024-07-07 00:00:00+00:00,2161309,Pháp Vân,20.9481,105.8493,2129.0,8.6,,12.7,
2024-07-07 01:00:00+00:00,2161309,Pháp Vân,20.9481,105.8493,917.2,9.7,,26.3,
2024-07-07 02:00:00+00:00,2161309,Pháp Vân,20.9481,105.8493,323.2,16.7,,13.3,
2024-07-07 03:00:00+00:00,2161309,Pháp Vân,20.9481,105.8493,265.2,10.2,,11.0,
2024-07-07 04:00:00+00:00,2161309,Pháp Vân,20.9481,105.8493,205.2,10.0,,12.2,
2024-07-07 05:00:00+00:00,2161309,Pháp Vân,20.9481,105.8493,184.9,9.3,,10.3,
2024-07-07 06:00:00+00:00,2161309,Pháp Vân,20.9481,105.8493,177.3,9.6,,6.9,
2024-07-07 07:00:00+00:00,2161309,Pháp Vân,20.9481,105.8493,68.8,9.6,,6.3,
2024-07-07 08:00:00+00:00,2161309,Pháp Vân,20.9481,105.8493,58.0,8.2,,6.2,
2024-07-07 09:00:00+00:00,2161309,Pháp Vân,20.9481,105.8493,81.9,8.8,,8.5,
2024-07-07 10:00:00+00:00,2161309,Pháp Vân,20.9481,105.8493,138.4,12.8,,10.5,
2024-07-07 11:00:00+00:00,2161309,Pháp Vân,20.9481,105.8493,296.2,21.6,,15.4,
2024-07-07 12:00:00+00:00,2161309,Pháp Vân,20.9481,105.8493,321.1,21.6,,15.0,
2024-07-07 13:00:00+00:00,2161309,Pháp Vân,20.9481,105.8493,469.6,24.3,,15.4,
2024-07-07 14:00:00+00:00,2161309,Pháp Vân,20.9481,105.8493,329.3,13.9,,14.2,
2024-07-07 15:00:00+00:00,2161309,Pháp Vân,20.9481,105.8493,184.9,11.7,,10.6,
2024-07-07 16:00:00+00:00,2161309,Pháp Vân,20.9481,105.8493,129.8,11.6,,9.9,
2024-07-07 17:00:00+00:00,2161309,Pháp Vân,20.9481,105.8493,123.5,10.9,,12.0,
2024-07-07 18:00:00+00:00,2161309,Pháp Vân,20.9481,105.8493,326.7,10.3,,12.8,
2024-07-07 19:00:00+00:00,2161309,Pháp Vân,20.9481,105.8493,180.1,12.1,,10.2,
2024-07-07 20:00:00+00:00,2161309,Pháp Vân,20.9481,105.8493,292.5,12.7,,10.7,
2024-07-07 21:00:00+00:00,2161309,Pháp Vân,20.9481,105.8493,605.9,11.7,,12.7,
2024-07-07 22:00:00+00:00,2161309,Pháp Vân,20.9481,105.8493,705.1,12.1,,17.2,
2024-07-07 23:00:00+00:00,2161309,Pháp Vân,20.9481,105.8493,1683.4,12.2,,17.9,
2024-07-08 00:00:00+00:00,2161309,Pháp Vân,20.9481,105.8493,1628.7,12.8,,13.7,
2024-07-08 04:00:00+00:00,2161309,Pháp Vân,20.9481,105.8493,246.7,12.3,,16.9,
2024-07-08 05:00:00+00:00,2161309,Pháp Vân,20.9481,105.8493,200.5,11.5,,13.2,
2024-07-08 06:00:00+00:00,2161309,Pháp Vân,20.9481,105.8493,143.1,10.3,,10.5,
2024-07-08 07:00:00+00:00,2161309,Pháp Vân,20.9481,105.8493,102.2,8.5,,8.7,
2024-07-08 08:00:00+00:00,2161309,Pháp Vân,20.9481,105.8493,123.3,9.0,,9.8,
2024-07-08 09:00:00+00:00,2161309,Pháp Vân,20.9481,105.8493,140.0,8.9,,8.9,
2024-07-08 10:00:00+00:00,2161309,Pháp Vân,20.9481,105.8493,165.0,13.8,,11.2,
2024-07-08 11:00:00+00:00,2161309,Pháp Vân,20.9481,105.8493,411.9,21.8,,16.8,
2024-07-08 12:00:00+00:00,2161309,Pháp Vân,20.9481,105.8493,446.9,14.3,,14.6,
2024-07-08 13:00:00+00:00,2161309,Pháp Vân,20.9481,105.8493,,13.9,,13.0,
2024-07-08 14:00:00+00:00,2161309,Pháp Vân,20.9481,105.8493,276.3,11.4,,12.7,
2024-07-08 15:00:00+00:00,2161309,Pháp Vân,20.9481,105.8493,,8.1,,11.6,
2024-07-08 16:00:00+00:00,2161309,Pháp Vân,20.9481,105.8493,572.7,9.5,,11.5,
2024-07-08 17:00:00+00:00,2161309,Pháp Vân,20.9481,105.8493,407.2,8.2,,11.4,
2024-07-08 18:00:00+00:00,2161309,Pháp Vân,20.9481,105.8493,214.1,10.0,,22.4,
2024-07-08 19:00:00+00:00,2161309,Pháp Vân,20.9481,105.8493,690.1,10.6,,16.5,
2024-07-08 20:00:00+00:00,2161309,Pháp Vân,20.9481,105.8493,705.4,8.7,,9.8,
2024-07-08 21:00:00+00:00,2161309,Pháp Vân,20.9481,105.8493,1061.9,10.6,,9.8,
2024-07-08 22:00:00+00:00,2161309,Pháp Vân,20.9481,105.8493,984.2,9.4,,22.7,
2024-07-08 23:00:00+00:00,2161309,Pháp Vân,20.9481,105.8493,919.9,10.4,,17.5,
2024-07-09 00:00:00+00:00,2161309,Pháp Vân,20.9481,105.8493,2384.9,10.6,,11.8,
2024-07-09 01:00:00+00:00,2161309,Pháp Vân,20.9481,105.8493,445.1,9.5,,12.0,
2024-07-09 02:00:00+00:00,2161309,Pháp Vân,20.9481,105.8493,222.9,13.8,,10.2,
2024-07-09 03:00:00+00:00,2161309,Pháp Vân,20.9481,105.8493,222.5,9.5,,12.2,
2024-07-09 04:00:00+00:00,2161309,Pháp Vân,20.9481,105.8493,278.1,9.4,,13.1,
2024-07-09 05:00:00+00:00,2161309,Pháp Vân,20.9481,105.8493,285.2,8.9,,11.3,
2024-07-09 06:00:00+00:00,2161309,Pháp Vân,20.9481,105.8493,196.1,8.9,,9.6,
2024-07-09 07:00:00+00:00,2161309,Pháp Vân,20.9481,105.8493,177.4,9.5,,8.9,
2024-07-09 08:00:00+00:00,2161309,Pháp Vân,20.9481,105.8493,230.8,8.2,,8.5,
2024-07-09 09:00:00+00:00,2161309,Pháp Vân,20.9481,105.8493,322.9,10.7,,10.7,
2024-07-09 10:00:00+00:00,2161309,Pháp Vân,20.9481,105.8493,527.0,19.6,,16.7,
2024-07-09 11:00:00+00:00,2161309,Pháp Vân,20.9481,105.8493,587.9,17.1,,16.4,
2024-07-09 12:00:00+00:00,2161309,Pháp Vân,20.9481,105.8493,,10.5,,14.4,
2024-07-09 13:00:00+00:00,2161309,Pháp Vân,20.9481,105.8493,183.9,9.2,,7.9,
2024-07-09 14:00:00+00:00,2161309,Pháp Vân,20.9481,105.8493,509.5,16.6,,10.9,
2024-07-09 15:00:00+00:00,2161309,Pháp Vân,20.9481,105.8493,497.0,17.1,,17.1,
2024-07-09 16:00:00+00:00,2161309,Pháp Vân,20.9481,105.8493,479.9,12.0,,11.9,
2024-07-09 17:00:00+00:00,2161309,Pháp Vân,20.9481,105.8493,780.5,9.9,,10.8,
2024-07-09 18:00:00+00:00,2161309,Pháp Vân,20.9481,105.8493,,10.4,,12.9,
2024-07-09 19:00:00+00:00,2161309,Pháp Vân,20.9481,105.8493,1532.5,9.8,,10.7,
2024-07-09 20:00:00+00:00,2161309,Pháp Vân,20.9481,105.8493,2797.4,11.0,,10.8,
2024-07-09 21:00:00+00:00,2161309,Pháp Vân,20.9481,105.8493,2279.4,12.0,,10.4,
2024-07-09 22:00:00+00:00,2161309,Pháp Vân,20.9481,105.8493,4480.3,10.1,,11.4,
2024-07-09 23:00:00+00:00,2161309,Pháp Vân,20.9481,105.8493,8354.4,11.7,,16.5,
2024-07-10 00:00:00+00:00,2161309,Pháp Vân,20.9481,105.8493,6780.5,10.2,,10.8,
2024-07-10 01:00:00+00:00,2161309,Pháp Vân,20.9481,105.8493,382.3,9.3,,11.1,
2024-07-10 02:00:00+00:00,2161309,Pháp Vân,20.9481,105.8493,311.7,10.4,,12.9,
2024-07-10 03:00:00+00:00,2161309,Pháp Vân,20.9481,105.8493,335.3,13.2,,18.6,
2024-07-10 04:00:00+00:00,2161309,Pháp Vân,20.9481,105.8493,457.7,13.8,,17.6,
2024-07-10 05:00:00+00:00,2161309,Pháp Vân,20.9481,105.8493,1123.6,11.3,,18.0,
2024-07-10 06:00:00+00:00,2161309,Pháp Vân,20.9481,105.8493,1179.6,12.2,,20.2,
2024-07-10 07:00:00+00:00,2161309,Pháp Vân,20.9481,105.8493,909.1,15.6,,17.6,
2024-07-10 08:00:00+00:00,2161309,Pháp Vân,20.9481,105.8493,563.8,17.6,,17.8,
2024-07-10 09:00:00+00:00,2161309,Pháp Vân,20.9481,105.8493,399.3,21.8,,19.8,
2024-07-10 10:00:00+00:00,2161309,Pháp Vân,20.9481,105.8493,594.8,22.1,,30.4,
2024-07-10 11:00:00+00:00,2161309,Pháp Vân,20.9481,105.8493,886.9,20.1,,25.7,
2024-07-10 12:00:00+00:00,2161309,Pháp Vân,20.9481,105.8493,989.8,17.5,,25.4,
2024-07-10 13:00:00+00:00,2161309,Pháp Vân,20.9481,105.8493,807.4,13.4,,19.2,
2024-07-10 14:00:00+00:00,2161309,Pháp Vân,20.9481,105.8493,469.8,14.8,,17.0,
2024-07-10 15:00:00+00:00,2161309,Pháp Vân,20.9481,105.8493,411.3,15.0,,14.5,
2024-07-10 16:00:00+00:00,2161309,Pháp Vân,20.9481,105.8493,482.2,13.1,,14.1,
2024-07-10 17:00:00+00:00,2161309,Pháp Vân,20.9481,105.8493,337.8,17.2,,19.1,
2024-07-10 18:00:00+00:00,2161309,Pháp Vân,20.9481,105.8493,267.2,17.0,,19.1,
2024-07-10 19:00:00+00:00,2161309,Pháp Vân,20.9481,105.8493,289.4,16.2,,23.3,
2024-07-10 20:00:00+00:00,2161309,Pháp Vân,20.9481,105.8493,1168.2,15.5,,20.8,
2024-07-10 21:00:00+00:00,2161309,Pháp Vân,20.9481,105.8493,304.7,14.2,,22.4,
2024-07-10 22:00:00+00:00,2161309,Pháp Vân,20.9481,105.8493,2450.6,14.5,,17.2,
2024-07-10 23:00:00+00:00,2161309,Pháp Vân,20.9481,105.8493,1806.4,12.6,,11.6,
2024-07-11 00:00:00+00:00,2161309,Pháp Vân,20.9481,105.8493,2351.4,14.8,,13.7,
2024-07-11 01:00:00+00:00,2161309,Pháp Vân,20.9481,105.8493,772.7,16.0,,14.3,
2024-07-11 02:00:00+00:00,2161309,Pháp Vân,20.9481,105.8493,617.6,27.9,,12.5,
2024-07-11 03:00:00+00:00,2161309,Pháp Vân,20.9481,105.8493,346.9,27.2,,14.3,
2024-07-11 04:00:00+00:00,2161309,Pháp Vân,20.9481,105.8493,338.4,17.0,,14.8,
2024-07-11 05:00:00+00:00,2161309,Pháp Vân,20.9481,105.8493,382.4,13.0,,12.7,
2024-07-11 06:00:00+00:00,2161309,Pháp Vân,20.9481,105.8493,249.8,9.1,,9.1,
2024-07-11 07:00:00+00:00,2161309,Pháp Vân,20.9481,105.8493,243.1,11.0,,9.1,
2024-07-11 08:00:00+00:00,2161309,Pháp Vân,20.9481,105.8493,289.6,12.2,,9.4,
2024-07-11 09:00:00+00:00,2161309,Pháp Vân,20.9481,105.8493,362.0,13.8,,9.7,
2024-07-11 10:00:00+00:00,2161309,Pháp Vân,20.9481,105.8493,329.5,12.7,,10.7,
2024-07-11 11:00:00+00:00,2161309,Pháp Vân,20.9481,105.8493,405.0,13.2,,10.7,
2024-07-11 12:00:00+00:00,2161309,Pháp Vân,20.9481,105.8493,1223.9,16.0,,12.3,
2024-07-11 13:00:00+00:00,2161309,Pháp Vân,20.9481,105.8493,734.4,19.0,,17.8,
2024-07-11 14:00:00+00:00,2161309,Pháp Vân,20.9481,105.8493,333.1,13.4,,11.4,
2024-07-11 15:00:00+00:00,2161309,Pháp Vân,20.9481,105.8493,,9.9,,8.8,
2024-07-11 16:00:00+00:00,2161309,Pháp Vân,20.9481,105.8493,158.0,11.8,,10.1,
2024-07-11 17:00:00+00:00,2161309,Pháp Vân,20.9481,105.8493,120.6,11.2,,8.9,
2024-07-11 18:00:00+00:00,2161309,Pháp Vân,20.9481,105.8493,70.6,9.8,,9.3,
2024-07-11 19:00:00+00:00,2161309,Pháp Vân,20.9481,105.8493,88.5,10.3,,12.4,
2024-07-11 20:00:00+00:00,2161309,Pháp Vân,20.9481,105.8493,,9.8,,13.1,
2024-07-11 21:00:00+00:00,2161309,Pháp Vân,20.9481,105.8493,1810.6,10.5,,9.6,
2024-07-11 22:00:00+00:00,2161309,Pháp Vân,20.9481,105.8493,2207.5,8.1,,5.5,
2024-07-11 23:00:00+00:00,2161309,Pháp Vân,20.9481,105.8493,2926.1,7.6,,4.5,
2024-07-12 00:00:00+00:00,2161309,Pháp Vân,20.9481,105.8493,81.6,8.1,,5.5,
2024-07-12 01:00:00+00:00,2161309,Pháp Vân,20.9481,105.8493,383.4,8.5,,6.7,
2024-07-12 02:00:00+00:00,2161309,Pháp Vân,20.9481,105.8493,,12.4,,10.6,
2024-07-12 03:00:00+00:00,2161309,Pháp Vân,20.9481,105.8493,323.3,15.7,,14.3,
2024-07-12 04:00:00+00:00,2161309,Pháp Vân,20.9481,105.8493,,12.0,,12.9,
2024-07-12 05:00:00+00:00,2161309,Pháp Vân,20.9481,105.8493,250.3,10.1,,11.8,
2024-07-12 06:00:00+00:00,2161309,Pháp Vân,20.9481,105.8493,232.3,9.8,,12.6,
2024-07-12 07:00:00+00:00,2161309,Pháp Vân,20.9481,105.8493,163.7,10.1,,10.8,
2024-07-12 08:00:00+00:00,2161309,Pháp Vân,20.9481,105.8493,297.0,12.9,,10.7,
2024-07-12 09:00:00+00:00,2161309,Pháp Vân,20.9481,105.8493,276.6,12.5,,9.6,
2024-07-12 10:00:00+00:00,2161309,Pháp Vân,20.9481,105.8493,399.5,16.1,,11.7,
2024-07-12 11:00:00+00:00,2161309,Pháp Vân,20.9481,105.8493,453.0,18.0,,13.6,
2024-07-12 12:00:00+00:00,2161309,Pháp Vân,20.9481,105.8493,432.3,13.9,,12.8,
2024-07-12 13:00:00+00:00,2161309,Pháp Vân,20.9481,105.8493,357.9,11.3,,14.1,
2024-07-12 14:00:00+00:00,2161309,Pháp Vân,20.9481,105.8493,276.3,13.2,,14.3,
2024-07-12 15:00:00+00:00,2161309,Pháp Vân,20.9481,105.8493,260.0,12.8,,15.1,
2024-07-12 16:00:00+00:00,2161309,Pháp Vân,20.9481,105.8493,107.0,9.3,,10.5,
2024-07-12 17:00:00+00:00,2161309,Pháp Vân,20.9481,105.8493,627.9,8.9,,8.9,
2024-07-12 18:00:00+00:00,2161309,Pháp Vân,20.9481,105.8493,927.3,10.0,,9.7,
2024-07-12 19:00:00+00:00,2161309,Pháp Vân,20.9481,105.8493,1738.0,12.0,,10.6,
2024-07-12 20:00:00+00:00,2161309,Pháp Vân,20.9481,105.8493,1616.8,13.4,,9.9,
2024-07-12 21:00:00+00:00,2161309,Pháp Vân,20.9481,105.8493,2772.6,10.1,,8.9,
2024-07-12 22:00:00+00:00,2161309,Pháp Vân,20.9481,105.8493,2821.9,10.1,,10.9,
2024-07-12 23:00:00+00:00,2161309,Pháp Vân,20.9481,105.8493,4692.1,14.4,,10.8,
2024-07-13 00:00:00+00:00,2161309,Pháp Vân,20.9481,105.8493,1968.2,13.5,,10.3,
2024-07-13 01:00:00+00:00,2161309,Pháp Vân,20.9481,105.8493,301.5,11.7,,9.7,
2024-07-13 02:00:00+00:00,2161309,Pháp Vân,20.9481,105.8493,268.6,11.9,,7.8,
2024-07-13 03:00:00+00:00,2161309,Pháp Vân,20.9481,105.8493,198.6,10.0,,8.6,
2024-07-13 04:00:00+00:00,2161309,Pháp Vân,20.9481,105.8493,203.2,9.9,,10.0,
2024-07-13 05:00:00+00:00,2161309,Pháp Vân,20.9481,105.8493,192.3,9.4,,9.9,
2024-07-13 06:00:00+00:00,2161309,Pháp Vân,20.9481,105.8493,155.5,10.5,,7.1,
2024-07-13 07:00:00+00:00,2161309,Pháp Vân,20.9481,105.8493,137.3,9.5,,6.1,
2024-07-13 08:00:00+00:00,2161309,Pháp Vân,20.9481,105.8493,207.1,10.0,,7.8,
2024-07-13 09:00:00+00:00,2161309,Pháp Vân,20.9481,105.8493,129.7,10.7,,7.4,
2024-07-13 10:00:00+00:00,2161309,Pháp Vân,20.9481,105.8493,155.2,15.1,,9.0,
2024-07-13 11:00:00+00:00,2161309,Pháp Vân,20.9481,105.8493,162.9,13.4,,9.4,
2024-07-13 12:00:00+00:00,2161309,Pháp Vân,20.9481,105.8493,245.9,11.1,,13.5,
2024-07-13 13:00:00+00:00,2161309,Pháp Vân,20.9481,105.8493,195.2,9.7,,10.4,
2024-07-13 14:00:00+00:00,2161309,Pháp Vân,20.9481,105.8493,184.2,11.8,,8.5,
2024-07-13 15:00:00+00:00,2161309,Pháp Vân,20.9481,105.8493,122.8,13.6,,7.9,
2024-07-13 16:00:00+00:00,2161309,Pháp Vân,20.9481,105.8493,111.9,10.3,,7.8,
2024-07-13 17:00:00+00:00,2161309,Pháp Vân,20.9481,105.8493,386.3,9.3,,7.2,
2024-07-13 18:00:00+00:00,2161309,Pháp Vân,20.9481,105.8493,1878.9,9.3,,6.2,
2024-07-13 19:00:00+00:00,2161309,Pháp Vân,20.9481,105.8493,2217.7,9.7,,6.3,
2024-07-13 20:00:00+00:00,2161309,Pháp Vân,20.9481,105.8493,,11.6,,6.1,
2024-07-13 21:00:00+00:00,2161309,Pháp Vân,20.9481,105.8493,3650.7,10.8,,6.4,
2024-07-13 22:00:00+00:00,2161309,Pháp Vân,20.9481,105.8493,4853.7,14.6,,6.8,
2024-07-13 23:00:00+00:00,2161309,Pháp Vân,20.9481,105.8493,7143.5,14.0,,10.8,
2024-07-14 00:00:00+00:00,2161309,Pháp Vân,20.9481,105.8493,8166.9,11.2,,41.2,
2024-07-14 01:00:00+00:00,2161309,Pháp Vân,20.9481,105.8493,2002.6,14.1,,34.9,
2024-07-14 02:00:00+00:00,2161309,Pháp Vân,20.9481,105.8493,2644.2,10.2,,17.2,
2024-07-14 03:00:00+00:00,2161309,Pháp Vân,20.9481,105.8493,461.9,7.0,,5.7,
2024-07-14 04:00:00+00:00,2161309,Pháp Vân,20.9481,105.8493,164.4,10.4,,4.5,
2024-07-14 05:00:00+00:00,2161309,Pháp Vân,20.9481,105.8493,274.1,10.3,,5.6,
2024-07-14 06:00:00+00:00,2161309,Pháp Vân,20.9481,105.8493,184.0,9.4,,8.6,
2024-07-14 07:00:00+00:00,2161309,Pháp Vân,20.9481,105.8493,106.5,10.4,,5.0,
2024-07-14 08:00:00+00:00,2161309,Pháp Vân,20.9481,105.8493,99.0,9.9,,4.2,
2024-07-14 09:00:00+00:00,2161309,Pháp Vân,20.9481,105.8493,167.7,10.5,,4.1,
2024-07-14 10:00:00+00:00,2161309,Pháp Vân,20.9481,105.8493,135.2,10.1,,5.0,
2024-07-14 11:00:00+00:00,2161309,Pháp Vân,20.9481,105.8493,215.1,9.6,,6.0,
2024-07-14 12:00:00+00:00,2161309,Pháp Vân,20.9481,105.8493,215.3,10.2,,7.9,
2024-07-14 13:00:00+00:00,2161309,Pháp Vân,20.9481,105.8493,500.1,12.6,,9.9,
2024-07-14 14:00:00+00:00,2161309,Pháp Vân,20.9481,105.8493,399.3,15.9,,8.3,
2024-07-14 15:00:00+00:00,2161309,Pháp Vân,20.9481,105.8493,223.3,8.5,,5.2,
2024-07-14 16:00:00+00:00,2161309,Pháp Vân,20.9481,105.8493,2714.9,9.4,,5.5,
2024-07-14 17:00:00+00:00,2161309,Pháp Vân,20.9481,105.8493,2867.3,9.7,,6.4,
2024-07-14 18:00:00+00:00,2161309,Pháp Vân,20.9481,105.8493,5597.4,8.9,,6.8,
2024-07-14 19:00:00+00:00,2161309,Pháp Vân,20.9481,105.8493,5797.4,9.4,,7.7,
2024-07-14 20:00:00+00:00,2161309,Pháp Vân,20.9481,105.8493,872.7,9.2,,9.1,
2024-07-14 21:00:00+00:00,2161309,Pháp Vân,20.9481,105.8493,1113.5,9.7,,16.2,
2024-07-14 22:00:00+00:00,2161309,Pháp Vân,20.9481,105.8493,1836.0,10.1,,16.6,
2024-07-14 23:00:00+00:00,2161309,Pháp Vân,20.9481,105.8493,6923.4,11.7,,16.2,
2024-07-15 00:00:00+00:00,2161309,Pháp Vân,20.9481,105.8493,,12.8,,16.2,
2024-07-15 01:00:00+00:00,2161309,Pháp Vân,20.9481,105.8493,838.2,11.8,,13.8,
2024-07-15 02:00:00+00:00,2161309,Pháp Vân,20.9481,105.8493,646.8,11.9,,10.7,
2024-07-15 03:00:00+00:00,2161309,Pháp Vân,20.9481,105.8493,597.3,13.3,,16.0,
2024-07-15 04:00:00+00:00,2161309,Pháp Vân,20.9481,105.8493,539.8,13.6,,14.7,
2024-07-15 05:00:00+00:00,2161309,Pháp Vân,20.9481,105.8493,314.1,12.7,,10.4,
2024-07-15 16:00:00+00:00,2161309,Pháp Vân,20.9481,105.8493,1103.3,18.9,,12.9,
2024-07-15 17:00:00+00:00,2161309,Pháp Vân,20.9481,105.8493,627.5,12.1,,14.4,
2024-07-15 18:00:00+00:00,2161309,Pháp Vân,20.9481,105.8493,1015.2,11.7,,16.4,
2024-07-15 19:00:00+00:00,2161309,Pháp Vân,20.9481,105.8493,2413.5,10.2,,12.5,
2024-07-15 20:00:00+00:00,2161309,Pháp Vân,20.9481,105.8493,350.4,7.3,,8.5,
2024-07-15 21:00:00+00:00,2161309,Pháp Vân,20.9481,105.8493,1346.3,8.3,,8.7,
2024-07-15 22:00:00+00:00,2161309,Pháp Vân,20.9481,105.8493,2829.4,10.1,,16.4,
2024-07-15 23:00:00+00:00,2161309,Pháp Vân,20.9481,105.8493,1365.2,10.7,,16.9,
2024-07-16 00:00:00+00:00,2161309,Pháp Vân,20.9481,105.8493,3619.8,12.0,,15.5,
2024-07-16 01:00:00+00:00,2161309,Pháp Vân,20.9481,105.8493,2281.6,13.3,,19.4,
2024-07-16 02:00:00+00:00,2161309,Pháp Vân,20.9481,105.8493,817.9,13.8,,19.2,
2024-07-16 03:00:00+00:00,2161309,Pháp Vân,20.9481,105.8493,585.1,14.9,,13.0,
2024-07-16 04:00:00+00:00,2161309,Pháp Vân,20.9481,105.8493,404.8,13.7,,11.9,
2024-07-16 05:00:00+00:00,2161309,Pháp Vân,20.9481,105.8493,226.6,11.3,,8.0,
2024-07-16 06:00:00+00:00,2161309,Pháp Vân,20.9481,105.8493,188.2,11.1,,5.8,
2024-07-16 07:00:00+00:00,2161309,Pháp Vân,20.9481,105.8493,209.3,9.4,,9.0,
2024-07-16 08:00:00+00:00,2161309,Pháp Vân,20.9481,105.8493,,9.7,,9.0,
2024-07-16 09:00:00+00:00,2161309,Pháp Vân,20.9481,105.8493,198.4,9.3,,6.5,
2024-07-16 10:00:00+00:00,2161309,Pháp Vân,20.9481,105.8493,135.2,10.7,,6.7,
2024-07-16 11:00:00+00:00,2161309,Pháp Vân,20.9481,105.8493,609.9,11.8,,7.8,
2024-07-16 12:00:00+00:00,2161309,Pháp Vân,20.9481,105.8493,666.2,11.0,,7.7,
2024-07-16 13:00:00+00:00,2161309,Pháp Vân,20.9481,105.8493,500.9,11.7,,7.2,
2024-07-16 14:00:00+00:00,2161309,Pháp Vân,20.9481,105.8493,611.9,13.7,,7.4,
2024-07-16 15:00:00+00:00,2161309,Pháp Vân,20.9481,105.8493,1399.2,15.3,,8.9,
2024-07-16 16:00:00+00:00,2161309,Pháp Vân,20.9481,105.8493,1515.7,16.0,,10.0,
2024-07-16 17:00:00+00:00,2161309,Pháp Vân,20.9481,105.8493,1244.9,17.3,,11.1,
2024-07-16 18:00:00+00:00,2161309,Pháp Vân,20.9481,105.8493,2384.2,15.6,,12.3,
2024-07-16 19:00:00+00:00,2161309,Pháp Vân,20.9481,105.8493,3085.9,14.5,,17.2,
2024-07-16 20:00:00+00:00,2161309,Pháp Vân,20.9481,105.8493,2817.4,15.5,,17.0,
2024-07-16 21:00:00+00:00,2161309,Pháp Vân,20.9481,105.8493,2086.6,11.3,,15.5,
2024-07-16 22:00:00+00:00,2161309,Pháp Vân,20.9481,105.8493,5328.6,9.1,,14.0,
2024-07-16 23:00:00+00:00,2161309,Pháp Vân,20.9481,105.8493,8323.3,8.2,,10.3,
2024-07-17 00:00:00+00:00,2161309,Pháp Vân,20.9481,105.8493,2259.0,9.8,,20.9,
2024-07-17 01:00:00+00:00,2161309,Pháp Vân,20.9481,105.8493,998.8,11.5,,17.9,
2024-07-17 03:00:00+00:00,2161309,Pháp Vân,20.9481,105.8493,536.0,11.9,,11.4,
2024-07-17 04:00:00+00:00,2161309,Pháp Vân,20.9481,105.8493,380.9,10.8,,10.7,
2024-07-17 05:00:00+00:00,2161309,Pháp Vân,20.9481,105.8493,268.1,10.8,,9.8,
2024-07-17 06:00:00+00:00,2161309,Pháp Vân,20.9481,105.8493,218.8,11.1,,7.1,
2024-07-17 07:00:00+00:00,2161309,Pháp Vân,20.9481,105.8493,192.1,12.2,,8.8,
2024-07-17 08:00:00+00:00,2161309,Pháp Vân,20.9481,105.8493,269.8,13.1,,7.1,
2024-07-17 09:00:00+00:00,2161309,Pháp Vân,20.9481,105.8493,210.6,13.2,,6.2,
2024-07-17 10:00:00+00:00,2161309,Pháp Vân,20.9481,105.8493,304.8,17.0,,7.1,
2024-07-17 11:00:00+00:00,2161309,Pháp Vân,20.9481,105.8493,973.5,20.6,,12.3,
2024-07-17 12:00:00+00:00,2161309,Pháp Vân,20.9481,105.8493,776.1,14.8,,8.9,
2024-07-17 13:00:00+00:00,2161309,Pháp Vân,20.9481,105.8493,1144.2,14.8,,12.5,
2024-07-17 14:00:00+00:00,2161309,Pháp Vân,20.9481,105.8493,2268.0,17.9,,14.3,
2024-07-17 15:00:00+00:00,2161309,Pháp Vân,20.9481,105.8493,1689.2,15.9,,20.5,
2024-07-17 16:00:00+00:00,2161309,Pháp Vân,20.9481,105.8493,1345.7,14.6,,10.9,
2024-07-17 17:00:00+00:00,2161309,Pháp Vân,20.9481,105.8493,834.1,13.6,,6.5,
2024-07-17 18:00:00+00:00,2161309,Pháp Vân,20.9481,105.8493,926.9,11.5,,4.8,
2024-07-17 19:00:00+00:00,2161309,Pháp Vân,20.9481,105.8493,1787.4,10.4,,4.8,
2024-07-17 20:00:00+00:00,2161309,Pháp Vân,20.9481,105.8493,1862.5,10.5,,7.7,
2024-07-17 21:00:00+00:00,2161309,Pháp Vân,20.9481,105.8493,6791.6,10.4,,9.7,
2024-07-17 22:00:00+00:00,2161309,Pháp Vân,20.9481,105.8493,9852.9,9.5,,10.2,
2024-07-17 23:00:00+00:00,2161309,Pháp Vân,20.9481,105.8493,11354.7,8.2,,4.7,
2024-07-18 00:00:00+00:00,2161309,Pháp Vân,20.9481,105.8493,8857.9,9.0,,3.3,
2024-07-18 01:00:00+00:00,2161309,Pháp Vân,20.9481,105.8493,7946.7,9.5,,4.7,
2024-07-18 02:00:00+00:00,2161309,Pháp Vân,20.9481,105.8493,5014.2,10.7,,13.6,
2024-07-18 03:00:00+00:00,2161309,Pháp Vân,20.9481,105.8493,376.6,9.6,,10.6,
2024-07-18 04:00:00+00:00,2161309,Pháp Vân,20.9481,105.8493,205.2,11.5,,4.7,
2024-07-18 05:00:00+00:00,2161309,Pháp Vân,20.9481,105.8493,972.3,12.5,,9.7,
2024-07-18 06:00:00+00:00,2161309,Pháp Vân,20.9481,105.8493,545.2,13.5,,10.3,
2024-07-18 07:00:00+00:00,2161309,Pháp Vân,20.9481,105.8493,127.3,9.7,,5.3,
2024-07-18 08:00:00+00:00,2161309,Pháp Vân,20.9481,105.8493,126.6,9.7,,3.8,
2024-07-18 09:00:00+00:00,2161309,Pháp Vân,20.9481,105.8493,255.0,13.5,,5.0,
2024-07-18 10:00:00+00:00,2161309,Pháp Vân,20.9481,105.8493,240.5,12.5,,5.0,
2024-07-18 11:00:00+00:00,2161309,Pháp Vân,20.9481,105.8493,187.6,10.5,,5.1,
2024-07-18 12:00:00+00:00,2161309,Pháp Vân,20.9481,105.8493,261.8,11.5,,6.1,
2024-07-18 13:00:00+00:00,2161309,Pháp Vân,20.9481,105.8493,777.6,12.0,,7.0,
2024-07-18 14:00:00+00:00,2161309,Pháp Vân,20.9481,105.8493,1243.1,14.3,,6.3,
2024-07-18 15:00:00+00:00,2161309,Pháp Vân,20.9481,105.8493,2472.4,14.1,,7.7,
2024-07-18 16:00:00+00:00,2161309,Pháp Vân,20.9481,105.8493,2738.3,11.2,,8.7,
2024-07-18 17:00:00+00:00,2161309,Pháp Vân,20.9481,105.8493,5700.0,10.8,,22.4,
2024-07-18 18:00:00+00:00,2161309,Pháp Vân,20.9481,105.8493,5584.9,9.8,,16.3,
2024-07-18 19:00:00+00:00,2161309,Pháp Vân,20.9481,105.8493,10125.1,10.0,,23.5,
2024-07-18 20:00:00+00:00,2161309,Pháp Vân,20.9481,105.8493,11901.0,11.2,,25.2,
2024-07-18 21:00:00+00:00,2161309,Pháp Vân,20.9481,105.8493,10128.3,12.0,,17.1,
2024-07-18 22:00:00+00:00,2161309,Pháp Vân,20.9481,105.8493,11414.9,11.6,,28.4,
2024-07-18 23:00:00+00:00,2161309,Pháp Vân,20.9481,105.8493,10754.9,10.0,,18.4,
2024-07-19 00:00:00+00:00,2161309,Pháp Vân,20.9481,105.8493,11844.4,9.7,,12.6,
2024-07-19 01:00:00+00:00,2161309,Pháp Vân,20.9481,105.8493,8194.2,10.2,,14.3,
2024-07-19 02:00:00+00:00,2161309,Pháp Vân,20.9481,105.8493,10941.6,12.0,,18.6,
2024-07-19 03:00:00+00:00,2161309,Pháp Vân,20.9481,105.8493,427.3,12.2,,14.1,
2024-07-19 04:00:00+00:00,2161309,Pháp Vân,20.9481,105.8493,376.3,12.9,,11.6,
2024-07-19 05:00:00+00:00,2161309,Pháp Vân,20.9481,105.8493,387.8,13.1,,15.5,
2024-07-19 06:00:00+00:00,2161309,Pháp Vân,20.9481,105.8493,292.1,12.4,,13.7,
2024-07-19 07:00:00+00:00,2161309,Pháp Vân,20.9481,105.8493,235.7,12.0,,8.4,
2024-07-19 08:00:00+00:00,2161309,Pháp Vân,20.9481,105.8493,161.9,11.9,,5.3,
2024-07-19 09:00:00+00:00,2161309,Pháp Vân,20.9481,105.8493,138.1,12.3,,4.5,
2024-07-19 10:00:00+00:00,2161309,Pháp Vân,20.9481,105.8493,375.9,13.7,,5.5,
2024-07-19 11:00:00+00:00,2161309,Pháp Vân,20.9481,105.8493,480.9,13.4,,6.0,
2024-07-19 12:00:00+00:00,2161309,Pháp Vân,20.9481,105.8493,2036.7,12.8,,7.3,
2024-07-19 13:00:00+00:00,2161309,Pháp Vân,20.9481,105.8493,3241.6,15.5,,9.2,
2024-07-19 14:00:00+00:00,2161309,Pháp Vân,20.9481,105.8493,2360.0,15.3,,23.6,
2024-07-19 15:00:00+00:00,2161309,Pháp Vân,20.9481,105.8493,6579.1,14.1,,12.3,
2024-07-19 16:00:00+00:00,2161309,Pháp Vân,20.9481,105.8493,7863.4,11.9,,9.9,
2024-07-19 17:00:00+00:00,2161309,Pháp Vân,20.9481,105.8493,10022.6,12.1,,15.8,
2024-07-19 18:00:00+00:00,2161309,Pháp Vân,20.9481,105.8493,10492.0,12.7,,21.1,
2024-07-19 19:00:00+00:00,2161309,Pháp Vân,20.9481,105.8493,,13.4,,29.1,
2024-07-19 20:00:00+00:00,2161309,Pháp Vân,20.9481,105.8493,11140.1,14.4,,33.9,
2024-07-19 21:00:00+00:00,2161309,Pháp Vân,20.9481,105.8493,12840.3,13.6,,20.2,
2024-07-19 22:00:00+00:00,2161309,Pháp Vân,20.9481,105.8493,13711.6,12.9,,29.1,
2024-07-19 23:00:00+00:00,2161309,Pháp Vân,20.9481,105.8493,11604.5,11.6,,36.7,
2024-07-20 00:00:00+00:00,2161309,Pháp Vân,20.9481,105.8493,6220.5,11.7,,24.3,
2024-07-20 01:00:00+00:00,2161309,Pháp Vân,20.9481,105.8493,8457.9,9.7,,5.3,
2024-07-20 02:00:00+00:00,2161309,Pháp Vân,20.9481,105.8493,569.8,9.8,,4.8,
2024-07-20 03:00:00+00:00,2161309,Pháp Vân,20.9481,105.8493,277.8,14.1,,5.0,
2024-07-20 04:00:00+00:00,2161309,Pháp Vân,20.9481,105.8493,182.4,11.0,,5.4,
2024-07-20 05:00:00+00:00,2161309,Pháp Vân,20.9481,105.8493,199.8,9.8,,5.7,
2024-07-20 06:00:00+00:00,2161309,Pháp Vân,20.9481,105.8493,155.4,9.9,,5.3,
2024-07-20 07:00:00+00:00,2161309,Pháp Vân,20.9481,105.8493,104.3,9.0,,5.1,
2024-07-20 08:00:00+00:00,2161309,Pháp Vân,20.9481,105.8493,184.7,10.7,,5.9,
2024-07-20 09:00:00+00:00,2161309,Pháp Vân,20.9481,105.8493,194.8,13.9,,21.1,
2024-07-20 10:00:00+00:00,2161309,Pháp Vân,20.9481,105.8493,571.3,18.2,,32.8,
2024-07-20 11:00:00+00:00,2161309,Pháp Vân,20.9481,105.8493,824.1,17.6,,20.6,
2024-07-20 12:00:00+00:00,2161309,Pháp Vân,20.9481,105.8493,744.7,19.9,,16.8,
2024-07-20 13:00:00+00:00,2161309,Pháp Vân,20.9481,105.8493,822.3,16.6,,8.9,
2024-07-20 14:00:00+00:00,2161309,Pháp Vân,20.9481,105.8493,863.9,12.8,,8.0,
2024-07-20 15:00:00+00:00,2161309,Pháp Vân,20.9481,105.8493,1713.8,12.5,,7.7,
2024-07-20 16:00:00+00:00,2161309,Pháp Vân,20.9481,105.8493,2465.9,13.5,,6.6,
2024-07-20 17:00:00+00:00,2161309,Pháp Vân,20.9481,105.8493,4278.3,13.4,,9.6,
2024-07-20 18:00:00+00:00,2161309,Pháp Vân,20.9481,105.8493,5998.0,13.9,,11.6,
2024-07-20 19:00:00+00:00,2161309,Pháp Vân,20.9481,105.8493,8299.2,11.9,,13.1,
2024-07-20 20:00:00+00:00,2161309,Pháp Vân,20.9481,105.8493,9956.7,11.4,,24.7,
2024-07-20 21:00:00+00:00,2161309,Pháp Vân,20.9481,105.8493,11247.1,12.3,,32.8,
2024-07-20 22:00:00+00:00,2161309,Pháp Vân,20.9481,105.8493,9389.7,12.2,,28.1,
2024-07-20 23:00:00+00:00,2161309,Pháp Vân,20.9481,105.8493,12538.0,12.1,,26.9,
2024-07-21 00:00:00+00:00,2161309,Pháp Vân,20.9481,105.8493,8253.9,13.9,,45.1,
2024-07-21 01:00:00+00:00,2161309,Pháp Vân,20.9481,105.8493,2550.3,16.2,,26.4,
2024-07-21 02:00:00+00:00,2161309,Pháp Vân,20.9481,105.8493,334.7,16.5,,11.5,
2024-07-21 03:00:00+00:00,2161309,Pháp Vân,20.9481,105.8493,270.4,15.8,,12.0,
2024-07-21 04:00:00+00:00,2161309,Pháp Vân,20.9481,105.8493,253.9,12.0,,10.5,
2024-07-21 05:00:00+00:00,2161309,Pháp Vân,20.9481,105.8493,241.2,12.6,,11.0,
2024-07-21 06:00:00+00:00,2161309,Pháp Vân,20.9481,105.8493,202.7,11.2,,10.8,
2024-07-21 07:00:00+00:00,2161309,Pháp Vân,20.9481,105.8493,195.5,11.3,,8.8,
2024-07-21 08:00:00+00:00,2161309,Pháp Vân,20.9481,105.8493,216.0,11.9,,7.3,
2024-07-21 09:00:00+00:00,2161309,Pháp Vân,20.9481,105.8493,295.1,15.1,,15.0,
2024-07-21 10:00:00+00:00,2161309,Pháp Vân,20.9481,105.8493,396.0,13.0,,20.2,
2024-07-21 11:00:00+00:00,2161309,Pháp Vân,20.9481,105.8493,349.5,16.0,,14.8,
2024-07-21 12:00:00+00:00,2161309,Pháp Vân,20.9481,105.8493,572.9,15.1,,18.5,
2024-07-21 13:00:00+00:00,2161309,Pháp Vân,20.9481,105.8493,600.9,20.1,,16.8,
2024-07-21 14:00:00+00:00,2161309,Pháp Vân,20.9481,105.8493,307.8,14.4,,12.6,
2024-07-21 15:00:00+00:00,2161309,Pháp Vân,20.9481,105.8493,269.0,12.2,,13.4,
2024-07-21 16:00:00+00:00,2161309,Pháp Vân,20.9481,105.8493,1718.9,11.0,,9.2,
2024-07-21 17:00:00+00:00,2161309,Pháp Vân,20.9481,105.8493,2599.9,11.8,,7.3,
2024-07-21 18:00:00+00:00,2161309,Pháp Vân,20.9481,105.8493,2179.4,10.4,,7.1,
2024-07-21 19:00:00+00:00,2161309,Pháp Vân,20.9481,105.8493,2509.9,7.9,,6.3,
2024-07-21 20:00:00+00:00,2161309,Pháp Vân,20.9481,105.8493,4663.8,7.9,,6.9,
2024-07-21 21:00:00+00:00,2161309,Pháp Vân,20.9481,105.8493,5941.2,13.0,,7.0,
2024-07-21 22:00:00+00:00,2161309,Pháp Vân,20.9481,105.8493,8452.7,12.8,,7.7,
2024-07-21 23:00:00+00:00,2161309,Pháp Vân,20.9481,105.8493,9394.8,12.4,,10.1,
2024-07-22 00:00:00+00:00,2161309,Pháp Vân,20.9481,105.8493,5098.4,15.3,,12.4,
2024-07-22 01:00:00+00:00,2161309,Pháp Vân,20.9481,105.8493,2806.3,17.8,,12.4,
2024-07-22 02:00:00+00:00,2161309,Pháp Vân,20.9481,105.8493,2331.6,22.2,,16.4,
2024-07-22 03:00:00+00:00,2161309,Pháp Vân,20.9481,105.8493,1533.4,19.5,,17.7,
2024-07-22 04:00:00+00:00,2161309,Pháp Vân,20.9481,105.8493,1214.6,15.6,,20.2,
2024-07-22 05:00:00+00:00,2161309,Pháp Vân,20.9481,105.8493,951.0,12.8,,16.6,
2024-07-22 06:00:00+00:00,2161309,Pháp Vân,20.9481,105.8493,779.7,12.5,,11.3,
2024-07-22 07:00:00+00:00,2161309,Pháp Vân,20.9481,105.8493,681.6,14.3,,12.6,
2024-07-22 08:00:00+00:00,2161309,Pháp Vân,20.9481,105.8493,951.7,16.3,,15.1,
2024-07-22 09:00:00+00:00,2161309,Pháp Vân,20.9481,105.8493,1073.0,17.1,,15.1,
2024-07-22 10:00:00+00:00,2161309,Pháp Vân,20.9481,105.8493,762.6,16.0,,14.6,
2024-07-22 11:00:00+00:00,2161309,Pháp Vân,20.9481,105.8493,1199.5,20.1,,15.0,
2024-07-22 12:00:00+00:00,2161309,Pháp Vân,20.9481,105.8493,1273.9,22.8,,23.5,
2024-07-22 13:00:00+00:00,2161309,Pháp Vân,20.9481,105.8493,1192.7,19.5,,31.4,
2024-07-22 14:00:00+00:00,2161309,Pháp Vân,20.9481,105.8493,1526.1,20.0,,36.3,
2024-07-22 15:00:00+00:00,2161309,Pháp Vân,20.9481,105.8493,,20.3,,36.6,
2024-07-22 21:00:00+00:00,2161309,Pháp Vân,20.9481,105.8493,5355.1,8.5,,14.0,
2024-07-22 22:00:00+00:00,2161309,Pháp Vân,20.9481,105.8493,6247.3,5.6,,7.2,
2024-07-22 23:00:00+00:00,2161309,Pháp Vân,20.9481,105.8493,7084.4,6.6,,7.9,
2024-07-23 00:00:00+00:00,2161309,Pháp Vân,20.9481,105.8493,5131.0,7.8,,11.9,
2024-07-23 01:00:00+00:00,2161309,Pháp Vân,20.9481,105.8493,1829.9,9.1,,8.6,
2024-07-23 02:00:00+00:00,2161309,Pháp Vân,20.9481,105.8493,8293.4,10.8,,10.3,
2024-07-23 03:00:00+00:00,2161309,Pháp Vân,20.9481,105.8493,7932.5,10.8,,10.5,
2024-07-23 04:00:00+00:00,2161309,Pháp Vân,20.9481,105.8493,7432.2,10.5,,9.0,
2024-07-23 05:00:00+00:00,2161309,Pháp Vân,20.9481,105.8493,4859.6,9.3,,10.1,
2024-07-23 06:00:00+00:00,2161309,Pháp Vân,20.9481,105.8493,7653.1,8.2,,9.0,
2024-07-23 07:00:00+00:00,2161309,Pháp Vân,20.9481,105.8493,8604.4,6.9,,6.3,
2024-07-23 08:00:00+00:00,2161309,Pháp Vân,20.9481,105.8493,14073.7,4.8,,7.9,
2024-07-23 09:00:00+00:00,2161309,Pháp Vân,20.9481,105.8493,12583.2,4.9,,5.3,
2024-07-23 10:00:00+00:00,2161309,Pháp Vân,20.9481,105.8493,14637.4,6.0,,10.4,
2024-07-23 11:00:00+00:00,2161309,Pháp Vân,20.9481,105.8493,16356.6,5.2,,14.6,
2024-07-23 12:00:00+00:00,2161309,Pháp Vân,20.9481,105.8493,16295.5,5.4,,12.8,
2024-07-23 13:00:00+00:00,2161309,Pháp Vân,20.9481,105.8493,15561.2,3.9,,13.4,
2024-07-23 14:00:00+00:00,2161309,Pháp Vân,20.9481,105.8493,12952.7,4.0,,4.4,
2024-07-23 15:00:00+00:00,2161309,Pháp Vân,20.9481,105.8493,13903.4,4.1,,3.5,
2024-07-23 16:00:00+00:00,2161309,Pháp Vân,20.9481,105.8493,12827.1,4.1,,3.5,
2024-07-23 17:00:00+00:00,2161309,Pháp Vân,20.9481,105.8493,13754.1,4.4,,3.5,
2024-07-23 18:00:00+00:00,2161309,Pháp Vân,20.9481,105.8493,11871.0,3.8,,2.9,
2024-07-23 19:00:00+00:00,2161309,Pháp Vân,20.9481,105.8493,9461.8,23.7,,2.9,
2024-07-23 20:00:00+00:00,2161309,Pháp Vân,20.9481,105.8493,5795.7,33.9,,3.1,
2024-07-23 21:00:00+00:00,2161309,Pháp Vân,20.9481,105.8493,5064.6,30.0,,2.9,
2024-07-23 22:00:00+00:00,2161309,Pháp Vân,20.9481,105.8493,3262.2,56.5,,2.9,
2024-07-23 23:00:00+00:00,2161309,Pháp Vân,20.9481,105.8493,3479.2,56.6,,5.0,
2024-07-24 00:00:00+00:00,2161309,Pháp Vân,20.9481,105.8493,2304.9,117.2,,7.3,
2024-07-24 01:00:00+00:00,2161309,Pháp Vân,20.9481,105.8493,3559.7,103.4,,12.6,
2024-07-24 02:00:00+00:00,2161309,Pháp Vân,20.9481,105.8493,7373.8,24.9,,14.1,
2024-07-24 03:00:00+00:00,2161309,Pháp Vân,20.9481,105.8493,8281.5,1.1,,4.5,
2024-07-24 04:00:00+00:00,2161309,Pháp Vân,20.9481,105.8493,1792.4,2.2,,4.9,
2024-07-24 05:00:00+00:00,2161309,Pháp Vân,20.9481,105.8493,850.4,1.3,,5.6,
2024-07-24 06:00:00+00:00,2161309,Pháp Vân,20.9481,105.8493,282.7,0.7,,5.0,
2024-07-24 07:00:00+00:00,2161309,Pháp Vân,20.9481,105.8493,325.8,1.2,,5.0,
2024-07-24 08:00:00+00:00,2161309,Pháp Vân,20.9481,105.8493,968.9,2.0,,5.3,
2024-07-24 09:00:00+00:00,2161309,Pháp Vân,20.9481,105.8493,616.6,3.5,,8.4,
2024-07-24 10:00:00+00:00,2161309,Pháp Vân,20.9481,105.8493,,6.0,,9.1,
2024-07-24 11:00:00+00:00,2161309,Pháp Vân,20.9481,105.8493,1360.3,7.5,,5.6,
2024-07-24 12:00:00+00:00,2161309,Pháp Vân,20.9481,105.8493,1959.6,9.9,,6.0,
2024-07-24 13:00:00+00:00,2161309,Pháp Vân,20.9481,105.8493,2541.9,14.6,,7.3,
2024-07-24 14:00:00+00:00,2161309,Pháp Vân,20.9481,105.8493,6868.0,10.4,,6.0,
2024-07-24 15:00:00+00:00,2161309,Pháp Vân,20.9481,105.8493,2918.2,10.9,,8.7,
2024-07-24 16:00:00+00:00,2161309,Pháp Vân,20.9481,105.8493,,7.2,,7.8,
2024-07-24 17:00:00+00:00,2161309,Pháp Vân,20.9481,105.8493,1906.7,5.2,,7.7,
2024-07-24 18:00:00+00:00,2161309,Pháp Vân,20.9481,105.8493,3887.6,4.6,,7.0,
2024-07-24 19:00:00+00:00,2161309,Pháp Vân,20.9481,105.8493,362.1,4.3,,6.0,
2024-07-24 20:00:00+00:00,2161309,Pháp Vân,20.9481,105.8493,,4.4,,8.3,
2024-07-24 21:00:00+00:00,2161309,Pháp Vân,20.9481,105.8493,8653.0,4.5,,13.7,
2024-07-24 22:00:00+00:00,2161309,Pháp Vân,20.9481,105.8493,9423.1,4.0,,14.2,
2024-07-24 23:00:00+00:00,2161309,Pháp Vân,20.9481,105.8493,7178.6,5.0,,9.7,
2024-07-25 00:00:00+00:00,2161309,Pháp Vân,20.9481,105.8493,2938.2,6.3,,8.2,
2024-07-25 01:00:00+00:00,2161309,Pháp Vân,20.9481,105.8493,1212.7,7.8,,9.0,
2024-07-25 02:00:00+00:00,2161309,Pháp Vân,20.9481,105.8493,2733.1,11.0,,9.3,
2024-07-25 03:00:00+00:00,2161309,Pháp Vân,20.9481,105.8493,1426.1,15.7,,9.0,
2024-07-25 04:00:00+00:00,2161309,Pháp Vân,20.9481,105.8493,1117.6,10.3,,8.4,
2024-07-25 05:00:00+00:00,2161309,Pháp Vân,20.9481,105.8493,822.6,8.9,,10.2,
2024-07-25 06:00:00+00:00,2161309,Pháp Vân,20.9481,105.8493,636.0,9.8,,7.2,
2024-07-25 07:00:00+00:00,2161309,Pháp Vân,20.9481,105.8493,457.5,9.8,,7.8,
2024-07-25 08:00:00+00:00,2161309,Pháp Vân,20.9481,105.8493,1262.1,8.5,,6.3,
2024-07-25 09:00:00+00:00,2161309,Pháp Vân,20.9481,105.8493,,11.3,,6.8,
2024-07-25 10:00:00+00:00,2161309,Pháp Vân,20.9481,105.8493,2125.3,16.7,,10.6,
2024-07-25 11:00:00+00:00,2161309,Pháp Vân,20.9481,105.8493,1509.9,13.1,,8.9,
2024-07-25 12:00:00+00:00,2161309,Pháp Vân,20.9481,105.8493,1355.1,12.9,,10.8,
2024-07-25 13:00:00+00:00,2161309,Pháp Vân,20.9481,105.8493,1790.6,14.7,,12.2,
2024-07-25 14:00:00+00:00,2161309,Pháp Vân,20.9481,105.8493,1056.9,10.4,,10.2,
2024-07-25 15:00:00+00:00,2161309,Pháp Vân,20.9481,105.8493,,10.4,,11.0,
2024-07-25 16:00:00+00:00,2161309,Pháp Vân,20.9481,105.8493,934.0,10.9,,9.7,
2024-07-25 17:00:00+00:00,2161309,Pháp Vân,20.9481,105.8493,715.4,8.9,,12.0,
2024-07-25 18:00:00+00:00,2161309,Pháp Vân,20.9481,105.8493,877.6,9.6,,19.4,
2024-07-25 19:00:00+00:00,2161309,Pháp Vân,20.9481,105.8493,907.6,8.6,,19.9,
2024-07-25 20:00:00+00:00,2161309,Pháp Vân,20.9481,105.8493,911.8,6.6,,18.1,
2024-07-25 21:00:00+00:00,2161309,Pháp Vân,20.9481,105.8493,1116.8,6.0,,20.0,
2024-07-25 22:00:00+00:00,2161309,Pháp Vân,20.9481,105.8493,1443.9,6.5,,18.7,
2024-07-25 23:00:00+00:00,2161309,Pháp Vân,20.9481,105.8493,,5.8,,20.5,
2024-07-26 00:00:00+00:00,2161309,Pháp Vân,20.9481,105.8493,2933.0,9.2,,22.7,
2024-07-26 01:00:00+00:00,2161309,Pháp Vân,20.9481,105.8493,3303.4,19.5,,20.3,
2024-07-26 02:00:00+00:00,2161309,Pháp Vân,20.9481,105.8493,,22.1,,14.2,
2024-07-26 03:00:00+00:00,2161309,Pháp Vân,20.9481,105.8493,1121.6,22.5,,13.5,
2024-07-26 04:00:00+00:00,2161309,Pháp Vân,20.9481,105.8493,796.9,12.3,,11.2,
2024-07-26 05:00:00+00:00,2161309,Pháp Vân,20.9481,105.8493,668.8,9.6,,6.9,
2024-07-26 06:00:00+00:00,2161309,Pháp Vân,20.9481,105.8493,504.1,9.3,,6.2,
2024-07-26 07:00:00+00:00,2161309,Pháp Vân,20.9481,105.8493,442.6,11.1,,6.7,
2024-07-26 08:00:00+00:00,2161309,Pháp Vân,20.9481,105.8493,474.9,9.3,,5.7,
2024-07-26 09:00:00+00:00,2161309,Pháp Vân,20.9481,105.8493,422.5,9.4,,5.9,
2024-07-26 10:00:00+00:00,2161309,Pháp Vân,20.9481,105.8493,482.5,10.4,,5.9,
2024-07-26 11:00:00+00:00,2161309,Pháp Vân,20.9481,105.8493,920.5,13.5,,7.1,
2024-07-26 12:00:00+00:00,2161309,Pháp Vân,20.9481,105.8493,864.2,13.4,,9.5,
2024-07-26 13:00:00+00:00,2161309,Pháp Vân,20.9481,105.8493,854.4,15.0,,15.5,
2024-07-26 14:00:00+00:00,2161309,Pháp Vân,20.9481,105.8493,1233.9,20.7,,14.4,
2024-07-26 15:00:00+00:00,2161309,Pháp Vân,20.9481,105.8493,937.7,27.7,,12.7,
2024-07-26 16:00:00+00:00,2161309,Pháp Vân,20.9481,105.8493,,27.5,,10.9,
2024-07-28 16:00:00+00:00,2161309,Pháp Vân,20.9481,105.8493,467.0,14.2,,15.5,
2024-07-28 17:00:00+00:00,2161309,Pháp Vân,20.9481,105.8493,293.4,10.1,,10.5,
2024-07-28 18:00:00+00:00,2161309,Pháp Vân,20.9481,105.8493,1758.4,11.2,,10.8,
2024-07-28 19:00:00+00:00,2161309,Pháp Vân,20.9481,105.8493,3504.7,9.8,,10.6,
2024-07-28 20:00:00+00:00,2161309,Pháp Vân,20.9481,105.8493,3365.2,11.5,,15.3,
2024-07-28 21:00:00+00:00,2161309,Pháp Vân,20.9481,105.8493,6609.6,14.2,,22.0,
2024-07-28 22:00:00+00:00,2161309,Pháp Vân,20.9481,105.8493,6720.6,9.2,,9.0,
2024-07-28 23:00:00+00:00,2161309,Pháp Vân,20.9481,105.8493,5757.5,6.5,,6.4,
2024-07-29 00:00:00+00:00,2161309,Pháp Vân,20.9481,105.8493,4918.8,8.8,,6.5,
2024-07-29 01:00:00+00:00,2161309,Pháp Vân,20.9481,105.8493,2314.0,11.0,,11.2,
2024-07-29 02:00:00+00:00,2161309,Pháp Vân,20.9481,105.8493,372.3,10.4,,13.7,
2024-07-29 03:00:00+00:00,2161309,Pháp Vân,20.9481,105.8493,358.3,11.3,,14.4,
2024-07-29 04:00:00+00:00,2161309,Pháp Vân,20.9481,105.8493,322.8,9.9,,12.7,
2024-07-29 05:00:00+00:00,2161309,Pháp Vân,20.9481,105.8493,329.4,9.3,,13.2,
2024-07-29 06:00:00+00:00,2161309,Pháp Vân,20.9481,105.8493,237.6,9.4,,13.4,
2024-07-29 07:00:00+00:00,2161309,Pháp Vân,20.9481,105.8493,375.3,11.5,,11.4,
2024-07-29 08:00:00+00:00,2161309,Pháp Vân,20.9481,105.8493,1013.2,8.6,,5.3,
2024-07-29 09:00:00+00:00,2161309,Pháp Vân,20.9481,105.8493,1028.8,9.0,,5.4,
2024-07-29 10:00:00+00:00,2161309,Pháp Vân,20.9481,105.8493,390.9,8.5,,6.0,
2024-07-29 11:00:00+00:00,2161309,Pháp Vân,20.9481,105.8493,1253.4,14.3,,10.7,
2024-07-29 12:00:00+00:00,2161309,Pháp Vân,20.9481,105.8493,1772.7,12.4,,14.6,
2024-07-29 13:00:00+00:00,2161309,Pháp Vân,20.9481,105.8493,10731.5,11.1,,11.4,
2024-07-29 14:00:00+00:00,2161309,Pháp Vân,20.9481,105.8493,,12.2,,8.5,
2024-07-29 15:00:00+00:00,2161309,Pháp Vân,20.9481,105.8493,8420.3,11.8,,10.0,
2024-07-29 16:00:00+00:00,2161309,Pháp Vân,20.9481,105.8493,886.8,10.7,,15.1,
2024-07-29 17:00:00+00:00,2161309,Pháp Vân,20.9481,105.8493,708.5,12.4,,30.4,
2024-07-29 18:00:00+00:00,2161309,Pháp Vân,20.9481,105.8493,1358.3,10.7,,11.9,
2024-07-29 19:00:00+00:00,2161309,Pháp Vân,20.9481,105.8493,1127.6,8.8,,10.4,
2024-07-29 20:00:00+00:00,2161309,Pháp Vân,20.9481,105.8493,5379.8,9.8,,8.2,
2024-07-29 21:00:00+00:00,2161309,Pháp Vân,20.9481,105.8493,1788.5,9.8,,9.9,
2024-07-29 22:00:00+00:00,2161309,Pháp Vân,20.9481,105.8493,384.2,12.7,,9.7,
2024-07-29 23:00:00+00:00,2161309,Pháp Vân,20.9481,105.8493,,11.6,,9.3,
2024-07-30 00:00:00+00:00,2161309,Pháp Vân,20.9481,105.8493,461.4,8.7,,9.3,
2024-07-30 01:00:00+00:00,2161309,Pháp Vân,20.9481,105.8493,1541.5,9.5,,10.8,
2024-07-30 02:00:00+00:00,2161309,Pháp Vân,20.9481,105.8493,1220.9,11.3,,10.3,
2024-07-30 03:00:00+00:00,2161309,Pháp Vân,20.9481,105.8493,323.7,14.1,,11.4,
2024-07-30 04:00:00+00:00,2161309,Pháp Vân,20.9481,105.8493,295.8,15.1,,7.2,
2024-07-30 05:00:00+00:00,2161309,Pháp Vân,20.9481,105.8493,382.7,15.3,,7.5,
2024-07-30 06:00:00+00:00,2161309,Pháp Vân,20.9481,105.8493,202.0,10.3,,6.5,
2024-07-30 07:00:00+00:00,2161309,Pháp Vân,20.9481,105.8493,,17.5,,8.1,
2024-07-30 08:00:00+00:00,2161309,Pháp Vân,20.9481,105.8493,319.7,16.7,,10.5,
2024-07-30 09:00:00+00:00,2161309,Pháp Vân,20.9481,105.8493,245.8,17.5,,11.9,
2024-07-30 10:00:00+00:00,2161309,Pháp Vân,20.9481,105.8493,2277.8,18.5,,13.6,
2024-07-30 11:00:00+00:00,2161309,Pháp Vân,20.9481,105.8493,3503.4,20.7,,12.6,
2024-07-30 12:00:00+00:00,2161309,Pháp Vân,20.9481,105.8493,4897.8,21.2,,11.0,
2024-07-30 13:00:00+00:00,2161309,Pháp Vân,20.9481,105.8493,10671.8,16.6,,9.5,
2024-07-30 14:00:00+00:00,2161309,Pháp Vân,20.9481,105.8493,8929.0,14.7,,7.2,
2024-07-30 15:00:00+00:00,2161309,Pháp Vân,20.9481,105.8493,10658.3,13.3,,7.5,
2024-07-30 16:00:00+00:00,2161309,Pháp Vân,20.9481,105.8493,6559.0,12.4,,7.0,
2024-07-30 17:00:00+00:00,2161309,Pháp Vân,20.9481,105.8493,1175.9,12.4,,16.2,
2024-07-30 18:00:00+00:00,2161309,Pháp Vân,20.9481,105.8493,251.3,11.8,,13.2,
2024-07-30 19:00:00+00:00,2161309,Pháp Vân,20.9481,105.8493,44.5,10.9,,8.7,
2024-07-30 20:00:00+00:00,2161309,Pháp Vân,20.9481,105.8493,,11.2,,11.2,
2024-07-30 21:00:00+00:00,2161309,Pháp Vân,20.9481,105.8493,5268.7,11.3,,10.3,
2024-07-30 22:00:00+00:00,2161309,Pháp Vân,20.9481,105.8493,3733.5,11.7,,7.1,
2024-07-30 23:00:00+00:00,2161309,Pháp Vân,20.9481,105.8493,10301.0,10.6,,11.4,
2024-07-31 00:00:00+00:00,2161309,Pháp Vân,20.9481,105.8493,12465.6,10.5,,8.8,
2024-07-31 01:00:00+00:00,2161309,Pháp Vân,20.9481,105.8493,6641.8,11.4,,5.8,
2024-07-31 02:00:00+00:00,2161309,Pháp Vân,20.9481,105.8493,4016.1,10.8,,5.8,
2024-07-31 03:00:00+00:00,2161309,Pháp Vân,20.9481,105.8493,577.6,9.5,,5.8,
2024-07-31 04:00:00+00:00,2161309,Pháp Vân,20.9481,105.8493,386.6,8.5,,6.0,
2024-07-31 05:00:00+00:00,2161309,Pháp Vân,20.9481,105.8493,350.8,9.4,,6.0,
2024-07-31 06:00:00+00:00,2161309,Pháp Vân,20.9481,105.8493,220.4,8.6,,5.7,
2024-07-31 07:00:00+00:00,2161309,Pháp Vân,20.9481,105.8493,194.1,11.3,,6.7,
2024-07-31 08:00:00+00:00,2161309,Pháp Vân,20.9481,105.8493,,13.1,,7.7,
2024-07-31 09:00:00+00:00,2161309,Pháp Vân,20.9481,105.8493,303.1,15.2,,11.1,
2024-07-31 10:00:00+00:00,2161309,Pháp Vân,20.9481,105.8493,286.3,13.9,,13.5,
2024-07-31 11:00:00+00:00,2161309,Pháp Vân,20.9481,105.8493,433.7,14.9,,9.5,
2024-07-31 12:00:00+00:00,2161309,Pháp Vân,20.9481,105.8493,474.2,11.4,,6.5,
2024-07-31 13:00:00+00:00,2161309,Pháp Vân,20.9481,105.8493,1342.5,20.7,,7.9,
2024-07-31 14:00:00+00:00,2161309,Pháp Vân,20.9481,105.8493,1288.3,21.3,,7.5,
2024-07-31 15:00:00+00:00,2161309,Pháp Vân,20.9481,105.8493,2736.9,19.7,,9.8,
2024-07-31 16:00:00+00:00,2161309,Pháp Vân,20.9481,105.8493,2803.4,15.5,,11.9,
2024-07-31 17:00:00+00:00,2161309,Pháp Vân,20.9481,105.8493,4399.7,17.2,,13.5,
2024-07-31 18:00:00+00:00,2161309,Pháp Vân,20.9481,105.8493,,11.1,,7.4,
2024-07-31 19:00:00+00:00,2161309,Pháp Vân,20.9481,105.8493,7410.8,7.2,,5.4,
2024-07-31 20:00:00+00:00,2161309,Pháp Vân,20.9481,105.8493,9068.1,6.3,,4.8,
2024-07-31 21:00:00+00:00,2161309,Pháp Vân,20.9481,105.8493,10018.6,7.7,,5.1,
2024-07-31 22:00:00+00:00,2161309,Pháp Vân,20.9481,105.8493,10745.3,6.5,,5.5,
2024-07-31 23:00:00+00:00,2161309,Pháp Vân,20.9481,105.8493,11378.9,8.2,,4.9,
2024-08-01 00:00:00+00:00,2161309,Pháp Vân,20.9481,105.8493,8632.4,10.5,,6.2,
2024-08-01 01:00:00+00:00,2161309,Pháp Vân,20.9481,105.8493,1828.8,11.7,,7.9,
2024-08-01 02:00:00+00:00,2161309,Pháp Vân,20.9481,105.8493,679.7,10.8,,6.3,
2024-08-01 03:00:00+00:00,2161309,Pháp Vân,20.9481,105.8493,490.2,11.5,,6.7,
2024-08-01 04:00:00+00:00,2161309,Pháp Vân,20.9481,105.8493,339.6,12.6,,7.0,
2024-08-01 05:00:00+00:00,2161309,Pháp Vân,20.9481,105.8493,299.9,14.2,,9.1,
2024-08-01 06:00:00+00:00,2161309,Pháp Vân,20.9481,105.8493,,12.7,,8.8,
2024-08-01 07:00:00+00:00,2161309,Pháp Vân,20.9481,105.8493,224.4,12.6,,8.3,
2024-08-01 08:00:00+00:00,2161309,Pháp Vân,20.9481,105.8493,346.2,13.7,,8.8,
2024-08-01 09:00:00+00:00,2161309,Pháp Vân,20.9481,105.8493,238.6,16.3,,10.5,
2024-08-01 10:00:00+00:00,2161309,Pháp Vân,20.9481,105.8493,435.1,18.8,,14.8,
2024-08-01 11:00:00+00:00,2161309,Pháp Vân,20.9481,105.8493,441.1,18.3,,16.1,
2024-08-01 12:00:00+00:00,2161309,Pháp Vân,20.9481,105.8493,1217.0,22.6,,22.5,
2024-08-01 13:00:00+00:00,2161309,Pháp Vân,20.9481,105.8493,,19.9,,23.8,
2024-08-01 14:00:00+00:00,2161309,Pháp Vân,20.9481,105.8493,759.7,16.9,,39.1,
2024-08-01 15:00:00+00:00,2161309,Pháp Vân,20.9481,105.8493,716.9,17.7,,23.5,
2024-08-01 16:00:00+00:00,2161309,Pháp Vân,20.9481,105.8493,764.6,19.8,,17.4,
2024-08-01 17:00:00+00:00,2161309,Pháp Vân,20.9481,105.8493,582.0,19.8,,12.2,
2024-08-01 18:00:00+00:00,2161309,Pháp Vân,20.9481,105.8493,1064.4,13.0,,8.1,
2024-08-01 19:00:00+00:00,2161309,Pháp Vân,20.9481,105.8493,2051.0,9.7,,8.5,
2024-08-01 20:00:00+00:00,2161309,Pháp Vân,20.9481,105.8493,1452.6,10.2,,7.7,
2024-08-01 21:00:00+00:00,2161309,Pháp Vân,20.9481,105.8493,2799.1,8.8,,7.7,
2024-08-01 22:00:00+00:00,2161309,Pháp Vân,20.9481,105.8493,3326.2,9.7,,7.8,
2024-08-01 23:00:00+00:00,2161309,Pháp Vân,20.9481,105.8493,7712.8,7.8,,6.4,
2024-08-02 00:00:00+00:00,2161309,Pháp Vân,20.9481,105.8493,8557.2,7.5,,7.3,
2024-08-02 01:00:00+00:00,2161309,Pháp Vân,20.9481,105.8493,3896.1,8.6,,5.3,
2024-08-02 02:00:00+00:00,2161309,Pháp Vân,20.9481,105.8493,431.2,9.7,,5.3,
2024-08-02 03:00:00+00:00,2161309,Pháp Vân,20.9481,105.8493,141.6,8.6,,6.6,
2024-08-02 04:00:00+00:00,2161309,Pháp Vân,20.9481,105.8493,161.1,9.1,,6.7,
2024-08-02 05:00:00+00:00,2161309,Pháp Vân,20.9481,105.8493,144.4,9.9,,6.3,
2024-08-02 06:00:00+00:00,2161309,Pháp Vân,20.9481,105.8493,133.2,10.7,,6.2,
2024-08-02 07:00:00+00:00,2161309,Pháp Vân,20.9481,105.8493,115.1,11.5,,6.6,
2024-08-02 08:00:00+00:00,2161309,Pháp Vân,20.9481,105.8493,215.1,11.0,,6.2,
2024-08-02 09:00:00+00:00,2161309,Pháp Vân,20.9481,105.8493,169.5,12.4,,7.0,
2024-08-02 10:00:00+00:00,2161309,Pháp Vân,20.9481,105.8493,260.2,15.8,,9.1,
2024-08-02 11:00:00+00:00,2161309,Pháp Vân,20.9481,105.8493,339.1,18.2,,9.8,
2024-08-02 12:00:00+00:00,2161309,Pháp Vân,20.9481,105.8493,469.9,21.3,,12.3,
2024-08-02 13:00:00+00:00,2161309,Pháp Vân,20.9481,105.8493,570.3,22.5,,17.2,
2024-08-02 14:00:00+00:00,2161309,Pháp Vân,20.9481,105.8493,408.7,20.5,,12.6,
2024-08-02 15:00:00+00:00,2161309,Pháp Vân,20.9481,105.8493,328.9,20.1,,12.5,
2024-08-02 16:00:00+00:00,2161309,Pháp Vân,20.9481,105.8493,600.3,20.9,,12.6,
2024-08-02 17:00:00+00:00,2161309,Pháp Vân,20.9481,105.8493,707.4,18.7,,11.3,
2024-08-02 18:00:00+00:00,2161309,Pháp Vân,20.9481,105.8493,2162.8,12.9,,8.3,
2024-08-02 19:00:00+00:00,2161309,Pháp Vân,20.9481,105.8493,1190.9,9.6,,7.1,
2024-08-02 20:00:00+00:00,2161309,Pháp Vân,20.9481,105.8493,2420.1,8.4,,5.7,
2024-08-02 21:00:00+00:00,2161309,Pháp Vân,20.9481,105.8493,5518.9,7.6,,7.2,
2024-08-02 22:00:00+00:00,2161309,Pháp Vân,20.9481,105.8493,7015.1,9.2,,6.3,
2024-08-02 23:00:00+00:00,2161309,Pháp Vân,20.9481,105.8493,7171.2,7.7,,5.6,
2024-08-03 00:00:00+00:00,2161309,Pháp Vân,20.9481,105.8493,,7.3,,4.5,
2024-08-03 01:00:00+00:00,2161309,Pháp Vân,20.9481,105.8493,525.7,6.7,,4.8,
2024-08-03 02:00:00+00:00,2161309,Pháp Vân,20.9481,105.8493,640.7,7.7,,6.2,
2024-08-03 03:00:00+00:00,2161309,Pháp Vân,20.9481,105.8493,482.2,8.7,,6.2,
2024-08-03 04:00:00+00:00,2161309,Pháp Vân,20.9481,105.8493,314.9,8.9,,5.4,
2024-08-03 05:00:00+00:00,2161309,Pháp Vân,20.9481,105.8493,254.0,8.6,,5.9,
2024-08-03 06:00:00+00:00,2161309,Pháp Vân,20.9481,105.8493,223.8,8.3,,5.0,
2024-08-03 07:00:00+00:00,2161309,Pháp Vân,20.9481,105.8493,148.1,9.7,,5.7,
2024-08-03 08:00:00+00:00,2161309,Pháp Vân,20.9481,105.8493,139.3,8.5,,6.2,
2024-08-03 09:00:00+00:00,2161309,Pháp Vân,20.9481,105.8493,198.4,12.6,,8.6,
2024-08-03 10:00:00+00:00,2161309,Pháp Vân,20.9481,105.8493,257.0,15.5,,14.9,
2024-08-03 11:00:00+00:00,2161309,Pháp Vân,20.9481,105.8493,391.7,16.1,,10.3,
2024-08-03 12:00:00+00:00,2161309,Pháp Vân,20.9481,105.8493,1187.3,20.8,,27.2,
2024-08-03 13:00:00+00:00,2161309,Pháp Vân,20.9481,105.8493,1450.1,25.0,,33.3,
2024-08-03 14:00:00+00:00,2161309,Pháp Vân,20.9481,105.8493,1148.6,29.2,,23.3,
2024-08-03 15:00:00+00:00,2161309,Pháp Vân,20.9481,105.8493,463.1,14.4,,12.9,
2024-08-03 16:00:00+00:00,2161309,Pháp Vân,20.9481,105.8493,339.6,12.0,,10.6,
2024-08-03 17:00:00+00:00,2161309,Pháp Vân,20.9481,105.8493,407.3,15.1,,10.0,
2024-08-03 18:00:00+00:00,2161309,Pháp Vân,20.9481,105.8493,150.0,12.8,,7.9,
2024-08-03 19:00:00+00:00,2161309,Pháp Vân,20.9481,105.8493,495.8,10.3,,6.5,
2024-08-03 20:00:00+00:00,2161309,Pháp Vân,20.9481,105.8493,2112.4,7.4,,6.0,
2024-08-03 21:00:00+00:00,2161309,Pháp Vân,20.9481,105.8493,3961.2,8.4,,6.4,
2024-08-03 22:00:00+00:00,2161309,Pháp Vân,20.9481,105.8493,5764.6,8.4,,6.3,
2024-08-03 23:00:00+00:00,2161309,Pháp Vân,20.9481,105.8493,7908.5,10.2,,39.1,
2024-08-04 00:00:00+00:00,2161309,Pháp Vân,20.9481,105.8493,1623.5,10.4,,73.0,
2024-08-04 01:00:00+00:00,2161309,Pháp Vân,20.9481,105.8493,597.3,8.9,,14.5,
2024-08-04 02:00:00+00:00,2161309,Pháp Vân,20.9481,105.8493,273.0,8.3,,8.9,
2024-08-04 03:00:00+00:00,2161309,Pháp Vân,20.9481,105.8493,227.9,11.6,,8.7,
2024-08-04 04:00:00+00:00,2161309,Pháp Vân,20.9481,105.8493,211.1,10.5,,7.4,
2024-08-04 05:00:00+00:00,2161309,Pháp Vân,20.9481,105.8493,,8.7,,7.3,
2024-08-04 06:00:00+00:00,2161309,Pháp Vân,20.9481,105.8493,155.8,9.5,,7.0,
2024-08-04 07:00:00+00:00,2161309,Pháp Vân,20.9481,105.8493,117.8,9.6,,5.8,
2024-08-04 08:00:00+00:00,2161309,Pháp Vân,20.9481,105.8493,94.5,9.3,,6.0,
2024-08-04 09:00:00+00:00,2161309,Pháp Vân,20.9481,105.8493,201.9,8.6,,5.3,
2024-08-04 10:00:00+00:00,2161309,Pháp Vân,20.9481,105.8493,143.2,8.7,,6.7,
2024-08-04 11:00:00+00:00,2161309,Pháp Vân,20.9481,105.8493,290.4,10.6,,10.8,
2024-08-04 12:00:00+00:00,2161309,Pháp Vân,20.9481,105.8493,236.3,12.6,,15.1,
2024-08-04 13:00:00+00:00,2161309,Pháp Vân,20.9481,105.8493,,11.3,,14.6,
2024-08-04 14:00:00+00:00,2161309,Pháp Vân,20.9481,105.8493,267.9,11.7,,13.8,
2024-08-04 15:00:00+00:00,2161309,Pháp Vân,20.9481,105.8493,373.2,11.2,,15.2,
2024-08-04 16:00:00+00:00,2161309,Pháp Vân,20.9481,105.8493,288.1,13.8,,13.9,
2024-08-04 17:00:00+00:00,2161309,Pháp Vân,20.9481,105.8493,501.0,15.2,,16.4,
2024-08-04 18:00:00+00:00,2161309,Pháp Vân,20.9481,105.8493,183.6,14.4,,14.8,
2024-08-04 19:00:00+00:00,2161309,Pháp Vân,20.9481,105.8493,1944.3,11.6,,12.6,
2024-08-04 20:00:00+00:00,2161309,Pháp Vân,20.9481,105.8493,2447.9,13.3,,11.7,
2024-08-04 21:00:00+00:00,2161309,Pháp Vân,20.9481,105.8493,2727.0,13.8,,12.0,
2024-08-04 22:00:00+00:00,2161309,Pháp Vân,20.9481,105.8493,6601.1,10.7,,10.4,
2024-08-04 23:00:00+00:00,2161309,Pháp Vân,20.9481,105.8493,6889.1,10.4,,23.9,
2024-08-05 00:00:00+00:00,2161309,Pháp Vân,20.9481,105.8493,2343.3,10.5,,14.4,
2024-08-05 01:00:00+00:00,2161309,Pháp Vân,20.9481,105.8493,308.1,9.7,,10.9,
2024-08-05 02:00:00+00:00,2161309,Pháp Vân,20.9481,105.8493,240.8,10.2,,13.4,
2024-08-05 03:00:00+00:00,2161309,Pháp Vân,20.9481,105.8493,246.3,12.6,,16.4,
2024-08-05 04:00:00+00:00,2161309,Pháp Vân,20.9481,105.8493,235.0,13.3,,15.1,
2024-08-05 05:00:00+00:00,2161309,Pháp Vân,20.9481,105.8493,282.7,10.5,,14.4,
2024-08-05 06:00:00+00:00,2161309,Pháp Vân,20.9481,105.8493,284.8,11.5,,12.9,
2024-08-05 07:00:00+00:00,2161309,Pháp Vân,20.9481,105.8493,186.7,9.6,,12.4,
2024-08-05 08:00:00+00:00,2161309,Pháp Vân,20.9481,105.8493,218.7,8.5,,10.3,
2024-08-05 09:00:00+00:00,2161309,Pháp Vân,20.9481,105.8493,221.3,9.4,,9.9,
2024-08-05 10:00:00+00:00,2161309,Pháp Vân,20.9481,105.8493,312.6,12.7,,10.9,
2024-08-05 11:00:00+00:00,2161309,Pháp Vân,20.9481,105.8493,452.8,11.8,,23.1,
2024-08-05 12:00:00+00:00,2161309,Pháp Vân,20.9481,105.8493,452.5,12.7,,22.5,
2024-08-05 13:00:00+00:00,2161309,Pháp Vân,20.9481,105.8493,453.9,13.9,,20.3,
2024-08-05 14:00:00+00:00,2161309,Pháp Vân,20.9481,105.8493,444.8,16.4,,12.9,
2024-08-05 15:00:00+00:00,2161309,Pháp Vân,20.9481,105.8493,500.0,16.4,,14.4,
2024-08-05 16:00:00+00:00,2161309,Pháp Vân,20.9481,105.8493,367.0,14.6,,16.2,
2024-08-05 17:00:00+00:00,2161309,Pháp Vân,20.9481,105.8493,505.6,13.1,,15.4,
2024-08-05 18:00:00+00:00,2161309,Pháp Vân,20.9481,105.8493,834.2,13.4,,13.2,
2024-08-05 19:00:00+00:00,2161309,Pháp Vân,20.9481,105.8493,1037.7,13.9,,13.3,
2024-08-05 20:00:00+00:00,2161309,Pháp Vân,20.9481,105.8493,3473.4,14.5,,12.9,
2024-08-05 21:00:00+00:00,2161309,Pháp Vân,20.9481,105.8493,3503.9,15.7,,12.9,
2024-08-05 22:00:00+00:00,2161309,Pháp Vân,20.9481,105.8493,5999.5,16.0,,14.5,
2024-08-05 23:00:00+00:00,2161309,Pháp Vân,20.9481,105.8493,8423.6,13.3,,46.6,
2024-08-06 00:00:00+00:00,2161309,Pháp Vân,20.9481,105.8493,4313.2,13.7,,49.2,
2024-08-06 01:00:00+00:00,2161309,Pháp Vân,20.9481,105.8493,854.9,12.1,,14.3,
2024-08-06 02:00:00+00:00,2161309,Pháp Vân,20.9481,105.8493,264.5,14.7,,12.1,
2024-08-06 03:00:00+00:00,2161309,Pháp Vân,20.9481,105.8493,241.0,13.3,,14.7,
2024-08-06 04:00:00+00:00,2161309,Pháp Vân,20.9481,105.8493,257.9,12.2,,14.8,
2024-08-06 05:00:00+00:00,2161309,Pháp Vân,20.9481,105.8493,293.9,10.8,,11.9,
2024-08-06 06:00:00+00:00,2161309,Pháp Vân,20.9481,105.8493,209.4,10.1,,10.8,
2024-08-06 07:00:00+00:00,2161309,Pháp Vân,20.9481,105.8493,270.2,13.8,,9.9,
2024-08-06 08:00:00+00:00,2161309,Pháp Vân,20.9481,105.8493,340.0,13.2,,9.6,
2024-08-06 09:00:00+00:00,2161309,Pháp Vân,20.9481,105.8493,294.5,11.6,,10.2,
2024-08-06 10:00:00+00:00,2161309,Pháp Vân,20.9481,105.8493,505.8,17.5,,20.4,
2024-08-06 11:00:00+00:00,2161309,Pháp Vân,20.9481,105.8493,717.4,21.4,,30.8,
2024-08-06 12:00:00+00:00,2161309,Pháp Vân,20.9481,105.8493,1014.5,25.9,,41.7,
2024-08-06 13:00:00+00:00,2161309,Pháp Vân,20.9481,105.8493,916.8,24.9,,34.2,
2024-08-06 14:00:00+00:00,2161309,Pháp Vân,20.9481,105.8493,601.2,15.0,,21.8,
2024-08-06 15:00:00+00:00,2161309,Pháp Vân,20.9481,105.8493,495.3,14.3,,16.6,
2024-08-06 16:00:00+00:00,2161309,Pháp Vân,20.9481,105.8493,463.6,12.4,,17.0,
2024-08-06 17:00:00+00:00,2161309,Pháp Vân,20.9481,105.8493,443.0,13.3,,19.6,
2024-08-06 18:00:00+00:00,2161309,Pháp Vân,20.9481,105.8493,1457.6,12.0,,25.8,
2024-08-06 19:00:00+00:00,2161309,Pháp Vân,20.9481,105.8493,2808.0,13.5,,21.4,
2024-08-06 20:00:00+00:00,2161309,Pháp Vân,20.9481,105.8493,3635.7,12.8,,18.7,
2024-08-06 21:00:00+00:00,2161309,Pháp Vân,20.9481,105.8493,4377.2,14.1,,19.1,
2024-08-06 22:00:00+00:00,2161309,Pháp Vân,20.9481,105.8493,7836.8,12.8,,21.1,
2024-08-06 23:00:00+00:00,2161309,Pháp Vân,20.9481,105.8493,7644.6,13.0,,27.1,
2024-08-07 00:00:00+00:00,2161309,Pháp Vân,20.9481,105.8493,5995.1,11.8,,16.0,
2024-08-07 01:00:00+00:00,2161309,Pháp Vân,20.9481,105.8493,1915.3,14.9,,19.2,
2024-08-07 02:00:00+00:00,2161309,Pháp Vân,20.9481,105.8493,294.7,17.0,,11.2,
2024-08-07 03:00:00+00:00,2161309,Pháp Vân,20.9481,105.8493,386.2,18.7,,12.9,
2024-08-07 04:00:00+00:00,2161309,Pháp Vân,20.9481,105.8493,343.6,17.1,,11.9,
2024-08-07 05:00:00+00:00,2161309,Pháp Vân,20.9481,105.8493,443.4,17.4,,12.6,
2024-08-07 06:00:00+00:00,2161309,Pháp Vân,20.9481,105.8493,242.9,11.8,,9.0,
2024-08-07 07:00:00+00:00,2161309,Pháp Vân,20.9481,105.8493,333.7,11.9,,9.4,
2024-08-07 08:00:00+00:00,2161309,Pháp Vân,20.9481,105.8493,391.5,14.2,,10.7,
2024-08-07 09:00:00+00:00,2161309,Pháp Vân,20.9481,105.8493,438.1,14.9,,11.6,
2024-08-07 10:00:00+00:00,2161309,Pháp Vân,20.9481,105.8493,434.4,13.7,,15.3,
2024-08-07 11:00:00+00:00,2161309,Pháp Vân,20.9481,105.8493,260.0,15.5,,14.0,
2024-08-07 12:00:00+00:00,2161309,Pháp Vân,20.9481,105.8493,228.1,12.5,,8.2,
2024-08-07 13:00:00+00:00,2161309,Pháp Vân,20.9481,105.8493,519.5,17.0,,10.9,
2024-08-07 14:00:00+00:00,2161309,Pháp Vân,20.9481,105.8493,546.0,17.4,,14.3,
2024-08-07 15:00:00+00:00,2161309,Pháp Vân,20.9481,105.8493,556.5,15.7,,19.9,
2024-08-07 16:00:00+00:00,2161309,Pháp Vân,20.9481,105.8493,457.1,18.0,,18.5,
2024-08-07 17:00:00+00:00,2161309,Pháp Vân,20.9481,105.8493,559.0,20.2,,21.3,
2024-08-07 18:00:00+00:00,2161309,Pháp Vân,20.9481,105.8493,1120.7,18.0,,15.1,
2024-08-07 19:00:00+00:00,2161309,Pháp Vân,20.9481,105.8493,2630.1,11.9,,15.2,
2024-08-07 20:00:00+00:00,2161309,Pháp Vân,20.9481,105.8493,1953.2,12.8,,15.8,
2024-08-07 21:00:00+00:00,2161309,Pháp Vân,20.9481,105.8493,3815.2,16.4,,19.3,
2024-08-07 22:00:00+00:00,2161309,Pháp Vân,20.9481,105.8493,6451.8,17.7,,18.7,
2024-08-07 23:00:00+00:00,2161309,Pháp Vân,20.9481,105.8493,8734.5,16.9,,22.3,
2024-08-08 00:00:00+00:00,2161309,Pháp Vân,20.9481,105.8493,5212.7,14.4,,28.9,
2024-08-08 01:00:00+00:00,2161309,Pháp Vân,20.9481,105.8493,649.0,12.5,,20.7,
2024-08-08 02:00:00+00:00,2161309,Pháp Vân,20.9481,105.8493,,13.3,,17.1,
2024-08-08 03:00:00+00:00,2161309,Pháp Vân,20.9481,105.8493,326.6,15.9,,17.4,
2024-08-08 04:00:00+00:00,2161309,Pháp Vân,20.9481,105.8493,384.3,14.6,,17.8,
2024-08-08 05:00:00+00:00,2161309,Pháp Vân,20.9481,105.8493,321.8,10.9,,11.7,
2024-08-08 06:00:00+00:00,2161309,Pháp Vân,20.9481,105.8493,216.1,10.9,,8.2,
2024-08-08 07:00:00+00:00,2161309,Pháp Vân,20.9481,105.8493,247.1,10.3,,6.9,
2024-08-08 08:00:00+00:00,2161309,Pháp Vân,20.9481,105.8493,257.3,10.6,,8.6,
2024-08-08 09:00:00+00:00,2161309,Pháp Vân,20.9481,105.8493,252.0,11.8,,7.6,
2024-08-08 10:00:00+00:00,2161309,Pháp Vân,20.9481,105.8493,339.7,15.3,,11.8,
2024-08-08 11:00:00+00:00,2161309,Pháp Vân,20.9481,105.8493,358.2,18.4,,14.1,
2024-08-08 12:00:00+00:00,2161309,Pháp Vân,20.9481,105.8493,203.3,13.7,,10.1,
2024-08-08 13:00:00+00:00,2161309,Pháp Vân,20.9481,105.8493,142.6,10.7,,6.5,
2024-08-08 14:00:00+00:00,2161309,Pháp Vân,20.9481,105.8493,938.6,16.6,,10.7,
2024-08-08 15:00:00+00:00,2161309,Pháp Vân,20.9481,105.8493,656.7,23.6,,16.8,
2024-08-08 16:00:00+00:00,2161309,Pháp Vân,20.9481,105.8493,655.4,18.8,,11.6,
2024-08-08 17:00:00+00:00,2161309,Pháp Vân,20.9481,105.8493,2318.6,18.4,,16.2,
2024-08-08 18:00:00+00:00,2161309,Pháp Vân,20.9481,105.8493,1797.3,14.6,,17.4,
2024-08-08 19:00:00+00:00,2161309,Pháp Vân,20.9481,105.8493,,12.0,,16.1,
2024-08-08 20:00:00+00:00,2161309,Pháp Vân,20.9481,105.8493,4088.0,10.8,,12.9,
2024-08-08 21:00:00+00:00,2161309,Pháp Vân,20.9481,105.8493,6085.2,12.2,,12.7,
2024-08-08 22:00:00+00:00,2161309,Pháp Vân,20.9481,105.8493,8570.4,12.4,,15.6,
2024-08-08 23:00:00+00:00,2161309,Pháp Vân,20.9481,105.8493,11443.3,15.1,,19.9,
2024-08-09 00:00:00+00:00,2161309,Pháp Vân,20.9481,105.8493,10201.8,15.4,,15.9,
2024-08-09 01:00:00+00:00,2161309,Pháp Vân,20.9481,105.8493,5884.1,10.1,,10.3,
2024-08-09 02:00:00+00:00,2161309,Pháp Vân,20.9481,105.8493,1024.0,22.0,,8.9,
2024-08-09 03:00:00+00:00,2161309,Pháp Vân,20.9481,105.8493,376.7,18.9,,7.3,
2024-08-09 04:00:00+00:00,2161309,Pháp Vân,20.9481,105.8493,306.8,14.1,,6.4,
2024-08-09 05:00:00+00:00,2161309,Pháp Vân,20.9481,105.8493,340.8,10.6,,5.6,
2024-08-09 06:00:00+00:00,2161309,Pháp Vân,20.9481,105.8493,233.1,10.2,,5.0,
2024-08-09 07:00:00+00:00,2161309,Pháp Vân,20.9481,105.8493,172.0,10.8,,4.6,
2024-08-09 08:00:00+00:00,2161309,Pháp Vân,20.9481,105.8493,166.3,10.5,,4.3,
2024-08-09 09:00:00+00:00,2161309,Pháp Vân,20.9481,105.8493,212.5,9.3,,5.4,
2024-08-09 10:00:00+00:00,2161309,Pháp Vân,20.9481,105.8493,299.4,9.8,,5.3,
2024-08-09 11:00:00+00:00,2161309,Pháp Vân,20.9481,105.8493,437.6,11.5,,5.9,
2024-08-09 12:00:00+00:00,2161309,Pháp Vân,20.9481,105.8493,516.3,13.4,,10.4,
2024-08-09 13:00:00+00:00,2161309,Pháp Vân,20.9481,105.8493,681.1,19.8,,17.8,
2024-08-09 14:00:00+00:00,2161309,Pháp Vân,20.9481,105.8493,422.5,14.8,,18.9,
2024-08-09 15:00:00+00:00,2161309,Pháp Vân,20.9481,105.8493,469.5,15.0,,16.0,
2024-08-09 16:00:00+00:00,2161309,Pháp Vân,20.9481,105.8493,208.7,12.1,,11.0,
2024-08-09 17:00:00+00:00,2161309,Pháp Vân,20.9481,105.8493,1007.4,13.5,,10.2,
2024-08-09 18:00:00+00:00,2161309,Pháp Vân,20.9481,105.8493,1098.8,12.1,,10.8,
2024-08-09 19:00:00+00:00,2161309,Pháp Vân,20.9481,105.8493,2659.0,12.8,,12.3,
2024-08-09 20:00:00+00:00,2161309,Pháp Vân,20.9481,105.8493,2996.5,9.9,,12.2,
2024-08-09 21:00:00+00:00,2161309,Pháp Vân,20.9481,105.8493,3992.3,11.9,,11.5,
2024-08-09 22:00:00+00:00,2161309,Pháp Vân,20.9481,105.8493,7153.5,13.6,,14.5,
2024-08-09 23:00:00+00:00,2161309,Pháp Vân,20.9481,105.8493,10733.0,14.3,,16.2,
2024-08-10 00:00:00+00:00,2161309,Pháp Vân,20.9481,105.8493,10583.0,18.2,,23.9,
2024-08-10 01:00:00+00:00,2161309,Pháp Vân,20.9481,105.8493,2856.4,10.8,,11.1,
2024-08-10 02:00:00+00:00,2161309,Pháp Vân,20.9481,105.8493,826.8,22.8,,9.2,
2024-08-10 03:00:00+00:00,2161309,Pháp Vân,20.9481,105.8493,637.9,32.0,,8.3,
2024-08-10 04:00:00+00:00,2161309,Pháp Vân,20.9481,105.8493,422.2,18.2,,6.9,
2024-08-10 05:00:00+00:00,2161309,Pháp Vân,20.9481,105.8493,626.8,11.5,,6.8,
2024-08-10 06:00:00+00:00,2161309,Pháp Vân,20.9481,105.8493,545.6,12.2,,7.4,
2024-08-10 07:00:00+00:00,2161309,Pháp Vân,20.9481,105.8493,,15.7,,9.2,
2024-08-10 08:00:00+00:00,2161309,Pháp Vân,20.9481,105.8493,615.3,15.0,,9.6,
2024-08-10 09:00:00+00:00,2161309,Pháp Vân,20.9481,105.8493,647.5,13.2,,12.1,
2024-08-10 10:00:00+00:00,2161309,Pháp Vân,20.9481,105.8493,657.2,15.3,,12.4,
2024-08-10 11:00:00+00:00,2161309,Pháp Vân,20.9481,105.8493,892.3,18.9,,14.3,
2024-08-10 12:00:00+00:00,2161309,Pháp Vân,20.9481,105.8493,1104.7,28.5,,28.1,
2024-08-10 13:00:00+00:00,2161309,Pháp Vân,20.9481,105.8493,1083.5,26.9,,34.8,
2024-08-10 14:00:00+00:00,2161309,Pháp Vân,20.9481,105.8493,392.3,12.3,,13.7,
2024-08-10 15:00:00+00:00,2161309,Pháp Vân,20.9481,105.8493,115.3,9.9,,5.4,
2024-08-10 16:00:00+00:00,2161309,Pháp Vân,20.9481,105.8493,83.8,10.2,,5.4,
2024-08-10 17:00:00+00:00,2161309,Pháp Vân,20.9481,105.8493,,13.8,,8.7,
2024-08-10 18:00:00+00:00,2161309,Pháp Vân,20.9481,105.8493,220.5,11.0,,11.3,
2024-08-10 19:00:00+00:00,2161309,Pháp Vân,20.9481,105.8493,66.0,10.1,,8.4,
2024-08-10 20:00:00+00:00,2161309,Pháp Vân,20.9481,105.8493,480.1,11.5,,11.9,
2024-08-10 21:00:00+00:00,2161309,Pháp Vân,20.9481,105.8493,3967.9,7.4,,5.1,
2024-08-10 22:00:00+00:00,2161309,Pháp Vân,20.9481,105.8493,2948.9,8.6,,3.8,
2024-08-10 23:00:00+00:00,2161309,Pháp Vân,20.9481,105.8493,3800.9,9.7,,4.3,
2024-08-11 00:00:00+00:00,2161309,Pháp Vân,20.9481,105.8493,,9.0,,7.0,
2024-08-11 01:00:00+00:00,2161309,Pháp Vân,20.9481,105.8493,1397.1,8.8,,8.7,
2024-08-11 02:00:00+00:00,2161309,Pháp Vân,20.9481,105.8493,1248.7,10.6,,6.5,
2024-08-11 03:00:00+00:00,2161309,Pháp Vân,20.9481,105.8493,1525.4,13.9,,8.6,
2024-08-11 04:00:00+00:00,2161309,Pháp Vân,20.9481,105.8493,1056.2,15.5,,7.8,
2024-08-11 05:00:00+00:00,2161309,Pháp Vân,20.9481,105.8493,854.8,14.3,,7.9,
2024-08-11 06:00:00+00:00,2161309,Pháp Vân,20.9481,105.8493,836.8,10.2,,7.4,
2024-08-11 07:00:00+00:00,2161309,Pháp Vân,20.9481,105.8493,347.0,9.2,,5.3,
2024-08-11 08:00:00+00:00,2161309,Pháp Vân,20.9481,105.8493,482.9,12.3,,5.4,
2024-08-11 09:00:00+00:00,2161309,Pháp Vân,20.9481,105.8493,580.8,12.4,,6.5,
2024-08-11 10:00:00+00:00,2161309,Pháp Vân,20.9481,105.8493,477.8,11.8,,7.9,
2024-08-11 11:00:00+00:00,2161309,Pháp Vân,20.9481,105.8493,1487.3,14.6,,8.8,
2024-08-11 12:00:00+00:00,2161309,Pháp Vân,20.9481,105.8493,,21.1,,10.1,
2024-08-11 13:00:00+00:00,2161309,Pháp Vân,20.9481,105.8493,1520.4,20.4,,12.2,
2024-08-11 14:00:00+00:00,2161309,Pháp Vân,20.9481,105.8493,1631.2,20.3,,9.8,
2024-08-11 15:00:00+00:00,2161309,Pháp Vân,20.9481,105.8493,1247.5,17.5,,9.2,
2024-08-11 16:00:00+00:00,2161309,Pháp Vân,20.9481,105.8493,692.8,13.1,,10.0,
2024-08-11 17:00:00+00:00,2161309,Pháp Vân,20.9481,105.8493,538.8,19.1,,11.2,
2024-08-11 18:00:00+00:00,2161309,Pháp Vân,20.9481,105.8493,544.9,23.0,,18.0,
2024-08-11 19:00:00+00:00,2161309,Pháp Vân,20.9481,105.8493,552.6,24.5,,19.7,
2024-08-11 20:00:00+00:00,2161309,Pháp Vân,20.9481,105.8493,386.0,25.5,,20.5,
2024-08-11 21:00:00+00:00,2161309,Pháp Vân,20.9481,105.8493,418.5,19.4,,17.0,
2024-08-11 22:00:00+00:00,2161309,Pháp Vân,20.9481,105.8493,475.6,17.1,,18.7,
2024-08-11 23:00:00+00:00,2161309,Pháp Vân,20.9481,105.8493,452.8,18.8,,17.1,
2024-08-12 00:00:00+00:00,2161309,Pháp Vân,20.9481,105.8493,545.8,12.8,,10.5,
2024-08-12 01:00:00+00:00,2161309,Pháp Vân,20.9481,105.8493,961.7,17.7,,18.3,
2024-08-12 02:00:00+00:00,2161309,Pháp Vân,20.9481,105.8493,747.3,18.7,,17.4,
2024-08-12 03:00:00+00:00,2161309,Pháp Vân,20.9481,105.8493,407.5,14.1,,13.8,
2024-08-12 04:00:00+00:00,2161309,Pháp Vân,20.9481,105.8493,289.8,13.5,,13.3,
2024-08-12 05:00:00+00:00,2161309,Pháp Vân,20.9481,105.8493,352.4,13.1,,12.4,
2024-08-12 06:00:00+00:00,2161309,Pháp Vân,20.9481,105.8493,264.9,14.5,,11.4,
2024-08-12 07:00:00+00:00,2161309,Pháp Vân,20.9481,105.8493,275.0,12.4,,12.1,
2024-08-12 08:00:00+00:00,2161309,Pháp Vân,20.9481,105.8493,272.5,11.7,,11.4,
2024-08-12 09:00:00+00:00,2161309,Pháp Vân,20.9481,105.8493,363.6,15.7,,14.3,
2024-08-12 10:00:00+00:00,2161309,Pháp Vân,20.9481,105.8493,588.1,20.2,,14.9,
2024-08-12 11:00:00+00:00,2161309,Pháp Vân,20.9481,105.8493,364.2,16.9,,11.2,
2024-08-12 12:00:00+00:00,2161309,Pháp Vân,20.9481,105.8493,508.7,14.8,,10.2,
2024-08-12 13:00:00+00:00,2161309,Pháp Vân,20.9481,105.8493,,18.4,,15.2,
2024-08-12 14:00:00+00:00,2161309,Pháp Vân,20.9481,105.8493,688.5,23.1,,20.4,
2024-08-12 15:00:00+00:00,2161309,Pháp Vân,20.9481,105.8493,,27.6,,17.7,
2024-08-12 16:00:00+00:00,2161309,Pháp Vân,20.9481,105.8493,783.3,26.2,,20.5,
2024-08-12 17:00:00+00:00,2161309,Pháp Vân,20.9481,105.8493,365.6,18.2,,15.0,
2024-08-12 18:00:00+00:00,2161309,Pháp Vân,20.9481,105.8493,325.5,14.4,,15.5,
2024-08-12 19:00:00+00:00,2161309,Pháp Vân,20.9481,105.8493,315.9,10.6,,13.9,
2024-08-12 20:00:00+00:00,2161309,Pháp Vân,20.9481,105.8493,141.1,10.0,,11.7,
2024-08-12 21:00:00+00:00,2161309,Pháp Vân,20.9481,105.8493,346.1,11.5,,13.8,
2024-08-12 22:00:00+00:00,2161309,Pháp Vân,20.9481,105.8493,258.1,13.3,,20.5,
2024-08-12 23:00:00+00:00,2161309,Pháp Vân,20.9481,105.8493,5952.0,11.6,,23.3,
2024-08-13 00:00:00+00:00,2161309,Pháp Vân,20.9481,105.8493,1666.0,11.6,,12.3,
2024-08-13 01:00:00+00:00,2161309,Pháp Vân,20.9481,105.8493,1052.7,13.0,,14.5,
2024-08-13 02:00:00+00:00,2161309,Pháp Vân,20.9481,105.8493,1451.8,21.7,,20.1,
2024-08-13 03:00:00+00:00,2161309,Pháp Vân,20.9481,105.8493,1827.4,21.1,,26.9,
2024-08-13 04:00:00+00:00,2161309,Pháp Vân,20.9481,105.8493,1731.4,19.5,,31.0,
2024-08-13 05:00:00+00:00,2161309,Pháp Vân,20.9481,105.8493,,18.8,,28.0,
2024-08-13 06:00:00+00:00,2161309,Pháp Vân,20.9481,105.8493,985.4,17.4,,20.0,
2024-08-13 07:00:00+00:00,2161309,Pháp Vân,20.9481,105.8493,723.8,15.2,,22.8,
2024-08-13 08:00:00+00:00,2161309,Pháp Vân,20.9481,105.8493,636.2,13.0,,21.8,
2024-08-13 09:00:00+00:00,2161309,Pháp Vân,20.9481,105.8493,688.7,17.0,,16.9,
2024-08-13 10:00:00+00:00,2161309,Pháp Vân,20.9481,105.8493,1551.9,21.9,,15.1,
2024-08-13 11:00:00+00:00,2161309,Pháp Vân,20.9481,105.8493,1598.9,19.7,,15.9,
2024-08-13 12:00:00+00:00,2161309,Pháp Vân,20.9481,105.8493,,11.6,,7.8,
2024-08-13 13:00:00+00:00,2161309,Pháp Vân,20.9481,105.8493,996.1,13.2,,8.2,
2024-08-13 14:00:00+00:00,2161309,Pháp Vân,20.9481,105.8493,1696.1,19.1,,10.3,
2024-08-13 15:00:00+00:00,2161309,Pháp Vân,20.9481,105.8493,2241.8,18.9,,11.0,
2024-08-13 16:00:00+00:00,2161309,Pháp Vân,20.9481,105.8493,1132.9,13.5,,11.2,
2024-08-13 17:00:00+00:00,2161309,Pháp Vân,20.9481,105.8493,563.9,9.8,,9.5,
2024-08-13 18:00:00+00:00,2161309,Pháp Vân,20.9481,105.8493,376.7,9.6,,8.8,
2024-08-13 19:00:00+00:00,2161309,Pháp Vân,20.9481,105.8493,879.6,10.6,,9.5,
2024-08-13 20:00:00+00:00,2161309,Pháp Vân,20.9481,105.8493,165.6,9.1,,9.1,
2024-08-13 21:00:00+00:00,2161309,Pháp Vân,20.9481,105.8493,813.0,8.7,,14.6,
2024-08-13 22:00:00+00:00,2161309,Pháp Vân,20.9481,105.8493,442.6,8.5,,11.1,
2024-08-13 23:00:00+00:00,2161309,Pháp Vân,20.9481,105.8493,694.0,8.9,,12.5,
2024-08-14 00:00:00+00:00,2161309,Pháp Vân,20.9481,105.8493,1312.7,11.9,,15.7,
2024-08-14 01:00:00+00:00,2161309,Pháp Vân,20.9481,105.8493,,14.1,,11.9,
2024-08-14 02:00:00+00:00,2161309,Pháp Vân,20.9481,105.8493,1770.6,14.5,,16.2,
2024-08-14 03:00:00+00:00,2161309,Pháp Vân,20.9481,105.8493,968.3,12.1,,10.1,
2024-08-14 04:00:00+00:00,2161309,Pháp Vân,20.9481,105.8493,1052.3,13.9,,7.0,
2024-08-14 05:00:00+00:00,2161309,Pháp Vân,20.9481,105.8493,,13.8,,9.7,
2024-08-14 06:00:00+00:00,2161309,Pháp Vân,20.9481,105.8493,1049.3,17.5,,31.3,
2024-08-14 07:00:00+00:00,2161309,Pháp Vân,20.9481,105.8493,891.9,15.9,,14.1,
2024-08-14 08:00:00+00:00,2161309,Pháp Vân,20.9481,105.8493,818.6,16.3,,12.3,
2024-08-14 09:00:00+00:00,2161309,Pháp Vân,20.9481,105.8493,1008.8,18.0,,11.9,
2024-08-14 10:00:00+00:00,2161309,Pháp Vân,20.9481,105.8493,1871.2,22.8,,13.8,
2024-08-14 11:00:00+00:00,2161309,Pháp Vân,20.9481,105.8493,1206.1,17.4,,13.6,
2024-08-14 12:00:00+00:00,2161309,Pháp Vân,20.9481,105.8493,932.1,18.4,,11.2,
2024-08-14 13:00:00+00:00,2161309,Pháp Vân,20.9481,105.8493,947.2,17.3,,9.0,
2024-08-14 14:00:00+00:00,2161309,Pháp Vân,20.9481,105.8493,705.4,17.1,,6.7,
2024-08-14 15:00:00+00:00,2161309,Pháp Vân,20.9481,105.8493,1051.3,16.6,,7.9,
2024-08-14 16:00:00+00:00,2161309,Pháp Vân,20.9481,105.8493,1762.5,18.4,,6.5,
2024-08-14 17:00:00+00:00,2161309,Pháp Vân,20.9481,105.8493,1435.2,15.7,,6.5,
2024-08-14 18:00:00+00:00,2161309,Pháp Vân,20.9481,105.8493,2656.4,16.2,,7.6,
2024-08-14 19:00:00+00:00,2161309,Pháp Vân,20.9481,105.8493,2801.0,16.0,,11.0,
2024-08-14 20:00:00+00:00,2161309,Pháp Vân,20.9481,105.8493,7490.0,14.2,,10.9,
2024-08-14 21:00:00+00:00,2161309,Pháp Vân,20.9481,105.8493,6761.0,13.2,,14.2,
2024-08-14 22:00:00+00:00,2161309,Pháp Vân,20.9481,105.8493,9707.4,14.6,,15.3,
2024-08-14 23:00:00+00:00,2161309,Pháp Vân,20.9481,105.8493,11556.6,14.9,,17.9,
2024-08-15 00:00:00+00:00,2161309,Pháp Vân,20.9481,105.8493,8121.9,16.7,,24.5,
2024-08-15 01:00:00+00:00,2161309,Pháp Vân,20.9481,105.8493,2189.8,18.6,,18.3,
2024-08-15 02:00:00+00:00,2161309,Pháp Vân,20.9481,105.8493,1497.7,17.9,,12.8,
2024-08-15 03:00:00+00:00,2161309,Pháp Vân,20.9481,105.8493,996.9,16.0,,14.3,
2024-08-15 04:00:00+00:00,2161309,Pháp Vân,20.9481,105.8493,1417.7,14.7,,16.4,
2024-08-15 05:00:00+00:00,2161309,Pháp Vân,20.9481,105.8493,914.7,13.2,,16.8,
2024-08-15 06:00:00+00:00,2161309,Pháp Vân,20.9481,105.8493,1337.6,12.7,,12.4,
2024-08-15 07:00:00+00:00,2161309,Pháp Vân,20.9481,105.8493,871.6,10.7,,10.4,
2024-08-15 08:00:00+00:00,2161309,Pháp Vân,20.9481,105.8493,463.3,10.4,,10.1,
2024-08-15 09:00:00+00:00,2161309,Pháp Vân,20.9481,105.8493,713.7,13.2,,11.5,
2024-08-15 10:00:00+00:00,2161309,Pháp Vân,20.9481,105.8493,457.2,16.7,,9.7,
2024-08-15 11:00:00+00:00,2161309,Pháp Vân,20.9481,105.8493,565.8,17.9,,14.7,
2024-08-15 12:00:00+00:00,2161309,Pháp Vân,20.9481,105.8493,,18.4,,18.8,
2024-08-15 13:00:00+00:00,2161309,Pháp Vân,20.9481,105.8493,610.8,23.0,,17.4,
2024-08-15 14:00:00+00:00,2161309,Pháp Vân,20.9481,105.8493,502.9,21.0,,20.0,
2024-08-15 15:00:00+00:00,2161309,Pháp Vân,20.9481,105.8493,914.3,25.1,,20.9,
2024-08-15 16:00:00+00:00,2161309,Pháp Vân,20.9481,105.8493,430.2,22.6,,12.6,
2024-08-15 17:00:00+00:00,2161309,Pháp Vân,20.9481,105.8493,403.0,19.2,,13.9,
2024-08-15 18:00:00+00:00,2161309,Pháp Vân,20.9481,105.8493,943.6,17.8,,19.0,
2024-08-15 19:00:00+00:00,2161309,Pháp Vân,20.9481,105.8493,,18.7,,18.6,
2024-08-15 20:00:00+00:00,2161309,Pháp Vân,20.9481,105.8493,2837.8,19.1,,26.2,
2024-08-15 21:00:00+00:00,2161309,Pháp Vân,20.9481,105.8493,3735.5,16.5,,45.8,
2024-08-15 22:00:00+00:00,2161309,Pháp Vân,20.9481,105.8493,6465.4,16.4,,47.5,
2024-08-15 23:00:00+00:00,2161309,Pháp Vân,20.9481,105.8493,8204.1,13.1,,41.4,
2024-08-16 00:00:00+00:00,2161309,Pháp Vân,20.9481,105.8493,2708.8,15.0,,20.4,
2024-08-16 01:00:00+00:00,2161309,Pháp Vân,20.9481,105.8493,1464.4,16.6,,19.2,
2024-08-16 02:00:00+00:00,2161309,Pháp Vân,20.9481,105.8493,1777.8,20.4,,27.4,
2024-08-16 03:00:00+00:00,2161309,Pháp Vân,20.9481,105.8493,1443.1,21.9,,19.1,
2024-08-16 04:00:00+00:00,2161309,Pháp Vân,20.9481,105.8493,1052.3,17.1,,17.0,
2024-08-16 05:00:00+00:00,2161309,Pháp Vân,20.9481,105.8493,808.9,14.5,,16.8,
2024-08-16 06:00:00+00:00,2161309,Pháp Vân,20.9481,105.8493,652.7,15.3,,15.8,
2024-08-16 07:00:00+00:00,2161309,Pháp Vân,20.9481,105.8493,449.6,12.3,,15.6,
2024-08-16 08:00:00+00:00,2161309,Pháp Vân,20.9481,105.8493,541.7,14.3,,14.1,
2024-08-16 09:00:00+00:00,2161309,Pháp Vân,20.9481,105.8493,729.7,15.4,,20.6,
2024-08-16 10:00:00+00:00,2161309,Pháp Vân,20.9481,105.8493,860.7,15.7,,21.7,
2024-08-16 11:00:00+00:00,2161309,Pháp Vân,20.9481,105.8493,1092.4,17.2,,23.7,
2024-08-16 12:00:00+00:00,2161309,Pháp Vân,20.9481,105.8493,1097.6,19.6,,26.7,
2024-08-16 13:00:00+00:00,2161309,Pháp Vân,20.9481,105.8493,,22.2,,29.5,
2024-08-16 14:00:00+00:00,2161309,Pháp Vân,20.9481,105.8493,1662.0,26.7,,29.5,
2024-08-16 15:00:00+00:00,2161309,Pháp Vân,20.9481,105.8493,,15.9,,21.7,
2024-08-16 16:00:00+00:00,2161309,Pháp Vân,20.9481,105.8493,647.4,14.4,,20.2,
2024-08-16 17:00:00+00:00,2161309,Pháp Vân,20.9481,105.8493,675.3,9.6,,19.9,
2024-08-16 18:00:00+00:00,2161309,Pháp Vân,20.9481,105.8493,356.6,20.3,,29.7,
2024-08-16 19:00:00+00:00,2161309,Pháp Vân,20.9481,105.8493,1776.1,26.6,,36.7,
2024-08-16 20:00:00+00:00,2161309,Pháp Vân,20.9481,105.8493,2475.6,22.7,,35.8,
2024-08-16 21:00:00+00:00,2161309,Pháp Vân,20.9481,105.8493,2128.8,13.8,,25.1,
2024-08-16 22:00:00+00:00,2161309,Pháp Vân,20.9481,105.8493,3984.6,12.1,,15.1,
2024-08-16 23:00:00+00:00,2161309,Pháp Vân,20.9481,105.8493,7808.8,13.7,,14.9,
2024-08-17 00:00:00+00:00,2161309,Pháp Vân,20.9481,105.8493,3876.6,17.2,,17.8,
2024-08-17 01:00:00+00:00,2161309,Pháp Vân,20.9481,105.8493,1546.7,24.2,,25.5,
2024-08-17 02:00:00+00:00,2161309,Pháp Vân,20.9481,105.8493,1664.0,23.9,,29.7,
2024-08-17 03:00:00+00:00,2161309,Pháp Vân,20.9481,105.8493,1665.4,26.7,,43.2,
2024-08-17 04:00:00+00:00,2161309,Pháp Vân,20.9481,105.8493,1202.6,19.8,,55.6,
2024-08-17 05:00:00+00:00,2161309,Pháp Vân,20.9481,105.8493,1293.0,17.1,,57.0,
2024-08-17 06:00:00+00:00,2161309,Pháp Vân,20.9481,105.8493,1178.4,16.7,,53.4,
2024-08-17 07:00:00+00:00,2161309,Pháp Vân,20.9481,105.8493,1396.8,17.7,,51.6,
2024-08-17 08:00:00+00:00,2161309,Pháp Vân,20.9481,105.8493,918.7,16.4,,44.4,
2024-08-17 09:00:00+00:00,2161309,Pháp Vân,20.9481,105.8493,1360.0,23.8,,59.1,
2024-08-17 10:00:00+00:00,2161309,Pháp Vân,20.9481,105.8493,1554.5,18.3,,34.0,
2024-08-17 11:00:00+00:00,2161309,Pháp Vân,20.9481,105.8493,3330.1,23.4,,36.8,
2024-08-17 12:00:00+00:00,2161309,Pháp Vân,20.9481,105.8493,1459.7,14.1,,40.7,
2024-08-17 13:00:00+00:00,2161309,Pháp Vân,20.9481,105.8493,1329.8,15.6,,34.2,
2024-08-17 14:00:00+00:00,2161309,Pháp Vân,20.9481,105.8493,877.1,18.0,,42.9,
2024-08-17 15:00:00+00:00,2161309,Pháp Vân,20.9481,105.8493,1679.1,16.8,,52.5,
2024-08-17 16:00:00+00:00,2161309,Pháp Vân,20.9481,105.8493,2439.7,17.0,,52.9,
2024-08-17 17:00:00+00:00,2161309,Pháp Vân,20.9481,105.8493,3127.5,18.4,,49.1,
2024-08-17 18:00:00+00:00,2161309,Pháp Vân,20.9481,105.8493,6446.0,17.3,,43.9,
2024-08-17 19:00:00+00:00,2161309,Pháp Vân,20.9481,105.8493,6419.5,14.5,,41.9,
2024-08-17 20:00:00+00:00,2161309,Pháp Vân,20.9481,105.8493,8815.0,12.9,,38.9,
2024-08-17 21:00:00+00:00,2161309,Pháp Vân,20.9481,105.8493,9896.6,11.6,,35.9,
2024-08-17 22:00:00+00:00,2161309,Pháp Vân,20.9481,105.8493,11670.3,11.1,,33.9,
2024-08-17 23:00:00+00:00,2161309,Pháp Vân,20.9481,105.8493,13384.7,16.5,,42.9,
2024-08-18 00:00:00+00:00,2161309,Pháp Vân,20.9481,105.8493,6067.0,18.1,,44.7,
2024-08-18 01:00:00+00:00,2161309,Pháp Vân,20.9481,105.8493,2553.9,18.0,,40.7,
2024-08-18 02:00:00+00:00,2161309,Pháp Vân,20.9481,105.8493,811.2,17.7,,43.1,
2024-08-18 03:00:00+00:00,2161309,Pháp Vân,20.9481,105.8493,1742.4,19.7,,65.7,
2024-08-18 04:00:00+00:00,2161309,Pháp Vân,20.9481,105.8493,1244.6,14.7,,64.0,
2024-08-18 05:00:00+00:00,2161309,Pháp Vân,20.9481,105.8493,1111.0,12.9,,57.5,
2024-08-18 06:00:00+00:00,2161309,Pháp Vân,20.9481,105.8493,952.3,15.6,,55.1,
2024-08-18 07:00:00+00:00,2161309,Pháp Vân,20.9481,105.8493,634.1,13.2,,46.5,
2024-08-18 08:00:00+00:00,2161309,Pháp Vân,20.9481,105.8493,408.7,9.3,,26.5,
2024-08-18 09:00:00+00:00,2161309,Pháp Vân,20.9481,105.8493,,11.1,,26.7,
2024-08-18 10:00:00+00:00,2161309,Pháp Vân,20.9481,105.8493,689.8,19.0,,29.7,
2024-08-18 11:00:00+00:00,2161309,Pháp Vân,20.9481,105.8493,1273.1,18.3,,28.8,
2024-08-18 12:00:00+00:00,2161309,Pháp Vân,20.9481,105.8493,1982.3,24.6,,29.7,
2024-08-18 13:00:00+00:00,2161309,Pháp Vân,20.9481,105.8493,1391.9,25.9,,34.5,
2024-08-18 14:00:00+00:00,2161309,Pháp Vân,20.9481,105.8493,1575.4,21.3,,34.9,
2024-08-18 15:00:00+00:00,2161309,Pháp Vân,20.9481,105.8493,926.4,12.3,,21.2,
2024-08-18 16:00:00+00:00,2161309,Pháp Vân,20.9481,105.8493,2057.1,19.9,,38.7,
2024-08-18 17:00:00+00:00,2161309,Pháp Vân,20.9481,105.8493,2506.0,21.6,,43.9,
2024-08-18 18:00:00+00:00,2161309,Pháp Vân,20.9481,105.8493,4465.1,17.9,,44.3,
2024-08-19 17:00:00+00:00,2161309,Pháp Vân,20.9481,105.8493,822.9,12.0,,14.8,
2024-08-20 17:00:00+00:00,2161309,Pháp Vân,20.9481,105.8493,1420.8,16.1,,9.6,
2024-08-21 17:00:00+00:00,2161309,Pháp Vân,20.9481,105.8493,3418.7,13.2,,18.1,
2024-08-22 17:00:00+00:00,2161309,Pháp Vân,20.9481,105.8493,3263.2,9.0,,3.9,
2024-08-23 17:00:00+00:00,2161309,Pháp Vân,20.9481,105.8493,12992.2,4.6,,3.5,
2024-08-24 17:00:00+00:00,2161309,Pháp Vân,20.9481,105.8493,4078.5,6.5,,5.4,
2024-08-25 17:00:00+00:00,2161309,Pháp Vân,20.9481,105.8493,332.1,12.8,,8.7,
2024-08-26 17:00:00+00:00,2161309,Pháp Vân,20.9481,105.8493,395.4,10.0,,8.4,
2024-08-27 17:00:00+00:00,2161309,Pháp Vân,20.9481,105.8493,274.3,13.0,,14.6,
2024-08-28 17:00:00+00:00,2161309,Pháp Vân,20.9481,105.8493,369.7,18.7,,16.3,
2024-08-29 07:00:00+00:00,2161309,Pháp Vân,20.9481,105.8493,972.7,25.7,,14.1,
2024-08-29 14:00:00+00:00,2161309,Pháp Vân,20.9481,105.8493,731.3,22.0,,31.4,
2024-08-29 15:00:00+00:00,2161309,Pháp Vân,20.9481,105.8493,,18.9,,23.9,
2024-08-29 16:00:00+00:00,2161309,Pháp Vân,20.9481,105.8493,378.7,17.5,,25.1,
2024-08-29 17:00:00+00:00,2161309,Pháp Vân,20.9481,105.8493,291.1,16.3,,22.8,
2024-08-29 18:00:00+00:00,2161309,Pháp Vân,20.9481,105.8493,,11.7,,19.9,
2024-08-29 19:00:00+00:00,2161309,Pháp Vân,20.9481,105.8493,617.3,9.5,,17.3,
2024-08-29 20:00:00+00:00,2161309,Pháp Vân,20.9481,105.8493,1507.0,13.2,,16.4,
2024-08-29 21:00:00+00:00,2161309,Pháp Vân,20.9481,105.8493,1491.7,10.2,,13.1,
2024-08-29 22:00:00+00:00,2161309,Pháp Vân,20.9481,105.8493,7729.0,6.8,,8.6,
2024-08-29 23:00:00+00:00,2161309,Pháp Vân,20.9481,105.8493,1523.0,7.2,,5.2,
2024-08-30 00:00:00+00:00,2161309,Pháp Vân,20.9481,105.8493,878.0,12.1,,5.7,
2024-08-30 01:00:00+00:00,2161309,Pháp Vân,20.9481,105.8493,1072.5,12.0,,11.7,
2024-08-30 02:00:00+00:00,2161309,Pháp Vân,20.9481,105.8493,2422.8,16.0,,8.6,
2024-08-30 03:00:00+00:00,2161309,Pháp Vân,20.9481,105.8493,4867.7,12.8,,5.3,
2024-08-30 04:00:00+00:00,2161309,Pháp Vân,20.9481,105.8493,1658.0,10.0,,5.4,
2024-08-30 05:00:00+00:00,2161309,Pháp Vân,20.9481,105.8493,2011.4,9.6,,7.4,
2024-08-30 06:00:00+00:00,2161309,Pháp Vân,20.9481,105.8493,1296.6,9.4,,6.1,
2024-08-30 07:00:00+00:00,2161309,Pháp Vân,20.9481,105.8493,693.8,10.9,,5.4,
2024-08-30 08:00:00+00:00,2161309,Pháp Vân,20.9481,105.8493,832.3,10.8,,5.4,
2024-08-30 09:00:00+00:00,2161309,Pháp Vân,20.9481,105.8493,,16.4,,6.4,
2024-08-30 10:00:00+00:00,2161309,Pháp Vân,20.9481,105.8493,941.8,18.9,,6.8,
2024-08-30 11:00:00+00:00,2161309,Pháp Vân,20.9481,105.8493,862.4,15.6,,8.0,
2024-08-30 12:00:00+00:00,2161309,Pháp Vân,20.9481,105.8493,1082.7,18.4,,7.6,
2024-08-30 13:00:00+00:00,2161309,Pháp Vân,20.9481,105.8493,1163.1,18.9,,8.9,
2024-08-30 14:00:00+00:00,2161309,Pháp Vân,20.9481,105.8493,1072.0,22.0,,11.5,
2024-08-30 15:00:00+00:00,2161309,Pháp Vân,20.9481,105.8493,1191.7,23.3,,9.5,
2024-08-30 16:00:00+00:00,2161309,Pháp Vân,20.9481,105.8493,,15.3,,8.3,
2024-08-30 17:00:00+00:00,2161309,Pháp Vân,20.9481,105.8493,405.9,11.4,,8.6,
2024-08-30 18:00:00+00:00,2161309,Pháp Vân,20.9481,105.8493,329.1,17.8,,12.5,
2024-08-30 19:00:00+00:00,2161309,Pháp Vân,20.9481,105.8493,472.6,22.3,,13.6,
2024-08-30 20:00:00+00:00,2161309,Pháp Vân,20.9481,105.8493,846.2,19.6,,14.4,
2024-08-30 21:00:00+00:00,2161309,Pháp Vân,20.9481,105.8493,369.4,18.7,,16.8,
2024-08-30 22:00:00+00:00,2161309,Pháp Vân,20.9481,105.8493,433.5,15.3,,19.6,
2024-08-30 23:00:00+00:00,2161309,Pháp Vân,20.9481,105.8493,1991.9,15.0,,26.7,
2024-08-31 00:00:00+00:00,2161309,Pháp Vân,20.9481,105.8493,6231.8,14.5,,26.8,
2024-08-31 01:00:00+00:00,2161309,Pháp Vân,20.9481,105.8493,2537.4,17.6,,23.7,
2024-08-31 02:00:00+00:00,2161309,Pháp Vân,20.9481,105.8493,317.4,13.3,,15.5,
2024-08-31 03:00:00+00:00,2161309,Pháp Vân,20.9481,105.8493,268.0,13.0,,17.2,
2024-08-31 04:00:00+00:00,2161309,Pháp Vân,20.9481,105.8493,301.1,10.9,,14.1,
2024-08-31 05:00:00+00:00,2161309,Pháp Vân,20.9481,105.8493,287.0,12.0,,14.9,
2024-08-31 06:00:00+00:00,2161309,Pháp Vân,20.9481,105.8493,321.3,13.0,,12.5,
2024-08-31 07:00:00+00:00,2161309,Pháp Vân,20.9481,105.8493,257.2,12.7,,11.1,
2024-08-31 08:00:00+00:00,2161309,Pháp Vân,20.9481,105.8493,219.3,11.6,,11.8,
2024-08-31 09:00:00+00:00,2161309,Pháp Vân,20.9481,105.8493,398.8,12.7,,32.8,
2024-08-31 10:00:00+00:00,2161309,Pháp Vân,20.9481,105.8493,544.5,15.6,,31.3,
2024-08-31 11:00:00+00:00,2161309,Pháp Vân,20.9481,105.8493,603.2,16.6,,25.2,
2024-08-31 12:00:00+00:00,2161309,Pháp Vân,20.9481,105.8493,345.0,13.7,,23.2,
2024-08-31 13:00:00+00:00,2161309,Pháp Vân,20.9481,105.8493,313.6,12.4,,14.3,
2024-09-03 18:00:00+00:00,2161309,Pháp Vân,20.9481,105.8493,812.0,20.3,,28.4,
2024-09-03 19:00:00+00:00,2161309,Pháp Vân,20.9481,105.8493,1202.1,16.3,,26.5,
2024-09-03 20:00:00+00:00,2161309,Pháp Vân,20.9481,105.8493,841.1,13.9,,26.9,
2024-09-03 21:00:00+00:00,2161309,Pháp Vân,20.9481,105.8493,461.8,13.2,,34.1,
2024-09-03 22:00:00+00:00,2161309,Pháp Vân,20.9481,105.8493,406.9,13.6,,27.2,
2024-09-03 23:00:00+00:00,2161309,Pháp Vân,20.9481,105.8493,980.1,14.6,,28.7,
2024-09-04 00:00:00+00:00,2161309,Pháp Vân,20.9481,105.8493,1659.0,14.6,,26.3,
2024-09-04 01:00:00+00:00,2161309,Pháp Vân,20.9481,105.8493,2011.8,24.4,,20.3,
2024-09-04 02:00:00+00:00,2161309,Pháp Vân,20.9481,105.8493,2155.9,34.6,,25.7,
2024-09-04 03:00:00+00:00,2161309,Pháp Vân,20.9481,105.8493,1712.5,23.5,,33.5,
2024-09-04 04:00:00+00:00,2161309,Pháp Vân,20.9481,105.8493,942.3,14.1,,16.3,
2024-09-04 05:00:00+00:00,2161309,Pháp Vân,20.9481,105.8493,779.4,14.0,,11.7,
2024-09-04 06:00:00+00:00,2161309,Pháp Vân,20.9481,105.8493,841.9,14.3,,12.6,
2024-09-04 07:00:00+00:00,2161309,Pháp Vân,20.9481,105.8493,544.0,13.6,,10.6,
2024-09-04 08:00:00+00:00,2161309,Pháp Vân,20.9481,105.8493,630.3,13.6,,11.6,
2024-09-04 09:00:00+00:00,2161309,Pháp Vân,20.9481,105.8493,477.1,12.2,,10.6,
2024-09-04 10:00:00+00:00,2161309,Pháp Vân,20.9481,105.8493,622.5,20.3,,13.3,
2024-09-04 11:00:00+00:00,2161309,Pháp Vân,20.9481,105.8493,992.9,25.4,,18.4,
2024-09-04 12:00:00+00:00,2161309,Pháp Vân,20.9481,105.8493,1731.2,26.8,,48.2,
2024-09-04 13:00:00+00:00,2161309,Pháp Vân,20.9481,105.8493,1330.5,25.6,,51.7,
2024-09-04 14:00:00+00:00,2161309,Pháp Vân,20.9481,105.8493,1450.1,24.8,,50.2,
2024-09-04 15:00:00+00:00,2161309,Pháp Vân,20.9481,105.8493,1726.7,29.3,,46.6,
2024-09-04 16:00:00+00:00,2161309,Pháp Vân,20.9481,105.8493,655.8,16.7,,32.7,
2024-09-04 17:00:00+00:00,2161309,Pháp Vân,20.9481,105.8493,454.3,13.9,,27.2,
2024-09-04 18:00:00+00:00,2161309,Pháp Vân,20.9481,105.8493,303.2,11.9,,21.8,
2024-09-04 19:00:00+00:00,2161309,Pháp Vân,20.9481,105.8493,225.2,9.7,,21.4,
2024-09-04 20:00:00+00:00,2161309,Pháp Vân,20.9481,105.8493,235.3,11.5,,21.3,
2024-09-04 21:00:00+00:00,2161309,Pháp Vân,20.9481,105.8493,529.2,11.4,,18.7,
2024-09-04 22:00:00+00:00,2161309,Pháp Vân,20.9481,105.8493,565.2,17.5,,26.5,
2024-09-04 23:00:00+00:00,2161309,Pháp Vân,20.9481,105.8493,1012.7,17.0,,32.7,
2024-09-05 00:00:00+00:00,2161309,Pháp Vân,20.9481,105.8493,4095.8,20.6,,36.8,
2024-09-05 01:00:00+00:00,2161309,Pháp Vân,20.9481,105.8493,3305.8,27.3,,39.8,
2024-09-08 14:00:00+00:00,2161309,Pháp Vân,20.9481,105.8493,1711.6,95.4,,9.7,
2024-10-01 05:00:00+00:00,2161309,Pháp Vân,20.9481,105.8493,1748.1,31.0,,69.2,
2024-10-01 06:00:00+00:00,2161309,Pháp Vân,20.9481,105.8493,642.4,13.3,,16.1,
2024-10-01 07:00:00+00:00,2161309,Pháp Vân,20.9481,105.8493,698.2,17.3,,18.1,
2024-10-01 08:00:00+00:00,2161309,Pháp Vân,20.9481,105.8493,821.4,12.8,,11.6,
2024-10-01 09:00:00+00:00,2161309,Pháp Vân,20.9481,105.8493,570.6,10.5,,12.4,
2024-10-01 10:00:00+00:00,2161309,Pháp Vân,20.9481,105.8493,1074.5,10.4,,9.4,
2024-10-01 11:00:00+00:00,2161309,Pháp Vân,20.9481,105.8493,,14.4,,8.6,
2024-10-01 12:00:00+00:00,2161309,Pháp Vân,20.9481,105.8493,2465.9,16.3,,9.3,
2024-10-01 13:00:00+00:00,2161309,Pháp Vân,20.9481,105.8493,1238.8,17.4,,7.4,
2024-10-01 14:00:00+00:00,2161309,Pháp Vân,20.9481,105.8493,3660.4,16.7,,5.5,
2024-10-01 15:00:00+00:00,2161309,Pháp Vân,20.9481,105.8493,3395.0,13.7,,4.8,
2024-10-01 16:00:00+00:00,2161309,Pháp Vân,20.9481,105.8493,1372.1,11.2,,5.8,
2024-10-01 17:00:00+00:00,2161309,Pháp Vân,20.9481,105.8493,1916.8,9.3,,4.3,
2024-10-01 18:00:00+00:00,2161309,Pháp Vân,20.9481,105.8493,509.9,7.3,,4.9,
2024-10-01 19:00:00+00:00,2161309,Pháp Vân,20.9481,105.8493,756.1,8.2,,6.9,
2024-10-01 20:00:00+00:00,2161309,Pháp Vân,20.9481,105.8493,1391.1,9.8,,5.9,
2024-10-01 21:00:00+00:00,2161309,Pháp Vân,20.9481,105.8493,530.5,8.3,,3.7,
2024-10-01 22:00:00+00:00,2161309,Pháp Vân,20.9481,105.8493,882.0,8.1,,3.8,
2024-10-01 23:00:00+00:00,2161309,Pháp Vân,20.9481,105.8493,321.5,10.7,,4.4,
2024-10-02 00:00:00+00:00,2161309,Pháp Vân,20.9481,105.8493,782.9,11.0,,5.5,
2024-10-02 01:00:00+00:00,2161309,Pháp Vân,20.9481,105.8493,1136.4,24.7,,5.3,
2024-10-02 02:00:00+00:00,2161309,Pháp Vân,20.9481,105.8493,537.5,7.7,,6.3,
2024-10-02 03:00:00+00:00,2161309,Pháp Vân,20.9481,105.8493,491.0,10.1,,8.1,
2024-10-02 04:00:00+00:00,2161309,Pháp Vân,20.9481,105.8493,,15.8,,8.2,
2024-10-02 05:00:00+00:00,2161309,Pháp Vân,20.9481,105.8493,713.4,16.7,,7.5,
2024-10-02 06:00:00+00:00,2161309,Pháp Vân,20.9481,105.8493,836.1,17.4,,7.8,
2024-10-02 07:00:00+00:00,2161309,Pháp Vân,20.9481,105.8493,517.3,18.6,,11.0,
2024-10-02 08:00:00+00:00,2161309,Pháp Vân,20.9481,105.8493,597.6,20.9,,9.2,
2024-10-02 09:00:00+00:00,2161309,Pháp Vân,20.9481,105.8493,456.4,20.5,,9.2,
2024-10-02 10:00:00+00:00,2161309,Pháp Vân,20.9481,105.8493,430.9,17.3,,9.8,
2024-10-02 11:00:00+00:00,2161309,Pháp Vân,20.9481,105.8493,968.3,15.5,,11.1,
2024-10-02 12:00:00+00:00,2161309,Pháp Vân,20.9481,105.8493,916.7,17.6,,25.6,
2024-10-02 13:00:00+00:00,2161309,Pháp Vân,20.9481,105.8493,1017.3,25.4,,19.6,
2024-10-02 14:00:00+00:00,2161309,Pháp Vân,20.9481,105.8493,877.3,24.9,,24.9,
2024-10-02 15:00:00+00:00,2161309,Pháp Vân,20.9481,105.8493,,19.0,,23.2,
2024-10-02 16:00:00+00:00,2161309,Pháp Vân,20.9481,105.8493,379.9,14.1,,20.3,
2024-10-02 17:00:00+00:00,2161309,Pháp Vân,20.9481,105.8493,337.1,11.0,,18.3,
2024-10-02 18:00:00+00:00,2161309,Pháp Vân,20.9481,105.8493,315.6,10.1,,16.9,
2024-10-02 19:00:00+00:00,2161309,Pháp Vân,20.9481,105.8493,191.9,10.1,,12.5,
2024-10-02 20:00:00+00:00,2161309,Pháp Vân,20.9481,105.8493,149.6,9.1,,9.7,
2024-10-02 21:00:00+00:00,2161309,Pháp Vân,20.9481,105.8493,273.8,12.1,,12.2,
2024-10-02 22:00:00+00:00,2161309,Pháp Vân,20.9481,105.8493,178.2,10.6,,11.4,
2024-10-02 23:00:00+00:00,2161309,Pháp Vân,20.9481,105.8493,281.0,9.6,,12.7,
2024-10-03 00:00:00+00:00,2161309,Pháp Vân,20.9481,105.8493,644.6,15.2,,16.2,
2024-10-03 01:00:00+00:00,2161309,Pháp Vân,20.9481,105.8493,929.5,20.8,,13.0,
2024-10-03 02:00:00+00:00,2161309,Pháp Vân,20.9481,105.8493,360.3,16.8,,11.5,
2024-10-03 03:00:00+00:00,2161309,Pháp Vân,20.9481,105.8493,393.3,16.6,,11.3,
2024-10-03 04:00:00+00:00,2161309,Pháp Vân,20.9481,105.8493,353.8,15.7,,11.2,
2024-10-03 05:00:00+00:00,2161309,Pháp Vân,20.9481,105.8493,327.9,17.2,,12.0,
2024-10-03 06:00:00+00:00,2161309,Pháp Vân,20.9481,105.8493,456.7,19.1,,19.7,
2024-10-03 07:00:00+00:00,2161309,Pháp Vân,20.9481,105.8493,353.2,19.4,,15.2,
2024-10-03 08:00:00+00:00,2161309,Pháp Vân,20.9481,105.8493,320.2,17.9,,12.3,
2024-10-03 09:00:00+00:00,2161309,Pháp Vân,20.9481,105.8493,447.0,19.7,,13.2,
2024-10-03 10:00:00+00:00,2161309,Pháp Vân,20.9481,105.8493,381.3,22.1,,14.0,
2024-10-03 11:00:00+00:00,2161309,Pháp Vân,20.9481,105.8493,849.8,19.9,,13.4,
2024-10-03 12:00:00+00:00,2161309,Pháp Vân,20.9481,105.8493,889.9,29.6,,17.0,
2024-10-03 13:00:00+00:00,2161309,Pháp Vân,20.9481,105.8493,1993.4,44.5,,30.0,
2024-10-03 14:00:00+00:00,2161309,Pháp Vân,20.9481,105.8493,2286.8,42.8,,47.7,
2024-10-03 15:00:00+00:00,2161309,Pháp Vân,20.9481,105.8493,2117.7,39.7,,69.8,
2024-10-03 16:00:00+00:00,2161309,Pháp Vân,20.9481,105.8493,1082.2,36.0,,54.1,
2024-10-03 17:00:00+00:00,2161309,Pháp Vân,20.9481,105.8493,1186.5,29.8,,58.3,
2024-10-03 18:00:00+00:00,2161309,Pháp Vân,20.9481,105.8493,1160.9,24.3,,65.3,
2024-10-03 19:00:00+00:00,2161309,Pháp Vân,20.9481,105.8493,884.4,20.4,,58.1,
2024-10-03 20:00:00+00:00,2161309,Pháp Vân,20.9481,105.8493,1033.9,23.8,,59.5,
2024-10-03 21:00:00+00:00,2161309,Pháp Vân,20.9481,105.8493,832.9,21.1,,69.5,
2024-10-03 22:00:00+00:00,2161309,Pháp Vân,20.9481,105.8493,643.1,19.2,,34.8,
2024-10-03 23:00:00+00:00,2161309,Pháp Vân,20.9481,105.8493,769.8,22.8,,37.3,
2024-10-04 00:00:00+00:00,2161309,Pháp Vân,20.9481,105.8493,1476.1,20.4,,34.8,
2024-10-04 01:00:00+00:00,2161309,Pháp Vân,20.9481,105.8493,2679.2,38.4,,38.0,
2024-10-04 02:00:00+00:00,2161309,Pháp Vân,20.9481,105.8493,1191.3,34.5,,30.8,
2024-10-04 03:00:00+00:00,2161309,Pháp Vân,20.9481,105.8493,690.2,32.8,,22.2,
2024-10-04 04:00:00+00:00,2161309,Pháp Vân,20.9481,105.8493,699.6,24.3,,22.7,
2024-10-04 05:00:00+00:00,2161309,Pháp Vân,20.9481,105.8493,762.8,20.5,,20.3,
2024-10-04 06:00:00+00:00,2161309,Pháp Vân,20.9481,105.8493,686.6,19.3,,19.6,
2024-10-04 07:00:00+00:00,2161309,Pháp Vân,20.9481,105.8493,482.8,15.9,,15.8,
2024-10-04 08:00:00+00:00,2161309,Pháp Vân,20.9481,105.8493,433.2,9.9,,15.4,
2024-10-04 09:00:00+00:00,2161309,Pháp Vân,20.9481,105.8493,403.4,11.0,,18.1,
2024-10-04 10:00:00+00:00,2161309,Pháp Vân,20.9481,105.8493,821.1,21.7,,25.5,
2024-10-04 11:00:00+00:00,2161309,Pháp Vân,20.9481,105.8493,,35.1,,70.8,
2024-10-04 12:00:00+00:00,2161309,Pháp Vân,20.9481,105.8493,1680.5,48.4,,67.2,
2024-10-04 13:00:00+00:00,2161309,Pháp Vân,20.9481,105.8493,1456.3,41.6,,111.2,
2024-10-04 14:00:00+00:00,2161309,Pháp Vân,20.9481,105.8493,894.2,20.7,,71.0,
2024-10-04 15:00:00+00:00,2161309,Pháp Vân,20.9481,105.8493,692.9,18.8,,54.1,
2024-10-04 16:00:00+00:00,2161309,Pháp Vân,20.9481,105.8493,922.0,29.2,,59.8,
2024-10-04 17:00:00+00:00,2161309,Pháp Vân,20.9481,105.8493,752.6,26.5,,50.2,
2024-10-04 18:00:00+00:00,2161309,Pháp Vân,20.9481,105.8493,,22.5,,39.2,
2024-10-04 19:00:00+00:00,2161309,Pháp Vân,20.9481,105.8493,,18.2,,33.2,
2024-10-04 20:00:00+00:00,2161309,Pháp Vân,20.9481,105.8493,537.5,17.3,,30.5,
2024-10-04 21:00:00+00:00,2161309,Pháp Vân,20.9481,105.8493,541.9,20.4,,29.0,
2024-10-04 22:00:00+00:00,2161309,Pháp Vân,20.9481,105.8493,843.9,27.5,,58.0,
2024-10-04 23:00:00+00:00,2161309,Pháp Vân,20.9481,105.8493,1172.4,22.7,,67.3,
2024-10-05 00:00:00+00:00,2161309,Pháp Vân,20.9481,105.8493,1119.7,25.1,,50.2,
2024-10-05 01:00:00+00:00,2161309,Pháp Vân,20.9481,105.8493,1168.3,34.5,,47.1,
2024-10-05 02:00:00+00:00,2161309,Pháp Vân,20.9481,105.8493,1437.3,35.6,,51.9,
2024-10-05 03:00:00+00:00,2161309,Pháp Vân,20.9481,105.8493,1444.6,31.8,,39.7,
2024-10-05 04:00:00+00:00,2161309,Pháp Vân,20.9481,105.8493,1209.4,28.1,,36.2,
2024-10-05 05:00:00+00:00,2161309,Pháp Vân,20.9481,105.8493,1049.2,26.5,,26.8,
2024-10-05 06:00:00+00:00,2161309,Pháp Vân,20.9481,105.8493,564.5,19.8,,17.9,
2024-10-05 07:00:00+00:00,2161309,Pháp Vân,20.9481,105.8493,477.5,12.0,,17.9,
2024-10-05 08:00:00+00:00,2161309,Pháp Vân,20.9481,105.8493,471.4,11.7,,18.1,
2024-10-05 09:00:00+00:00,2161309,Pháp Vân,20.9481,105.8493,498.8,16.9,,21.9,
2024-10-05 10:00:00+00:00,2161309,Pháp Vân,20.9481,105.8493,699.6,27.7,,22.0,
2024-10-05 11:00:00+00:00,2161309,Pháp Vân,20.9481,105.8493,774.9,32.7,,32.4,
2024-10-05 12:00:00+00:00,2161309,Pháp Vân,20.9481,105.8493,2166.3,62.7,,93.3,
2024-10-05 13:00:00+00:00,2161309,Pháp Vân,20.9481,105.8493,3824.3,59.1,,118.6,
2024-10-05 14:00:00+00:00,2161309,Pháp Vân,20.9481,105.8493,2325.9,44.4,,97.8,
2024-10-05 15:00:00+00:00,2161309,Pháp Vân,20.9481,105.8493,1089.3,22.2,,82.7,
2024-10-05 16:00:00+00:00,2161309,Pháp Vân,20.9481,105.8493,889.5,24.0,,66.3,
2024-10-05 17:00:00+00:00,2161309,Pháp Vân,20.9481,105.8493,832.8,25.4,,67.8,
2024-10-05 18:00:00+00:00,2161309,Pháp Vân,20.9481,105.8493,,22.2,,50.0,
2024-10-05 19:00:00+00:00,2161309,Pháp Vân,20.9481,105.8493,656.4,22.4,,41.4,
2024-10-05 20:00:00+00:00,2161309,Pháp Vân,20.9481,105.8493,815.3,17.5,,45.5,
2024-10-05 21:00:00+00:00,2161309,Pháp Vân,20.9481,105.8493,577.3,19.0,,41.1,
2024-10-05 22:00:00+00:00,2161309,Pháp Vân,20.9481,105.8493,888.6,28.0,,57.3,
2024-10-05 23:00:00+00:00,2161309,Pháp Vân,20.9481,105.8493,938.4,21.0,,66.8,
2024-10-06 00:00:00+00:00,2161309,Pháp Vân,20.9481,105.8493,1918.5,24.9,,50.1,
2024-10-06 01:00:00+00:00,2161309,Pháp Vân,20.9481,105.8493,,36.2,,71.9,
2024-10-06 02:00:00+00:00,2161309,Pháp Vân,20.9481,105.8493,1663.1,32.4,,68.4,
2024-10-06 03:00:00+00:00,2161309,Pháp Vân,20.9481,105.8493,1205.9,27.3,,46.6,
2024-10-06 04:00:00+00:00,2161309,Pháp Vân,20.9481,105.8493,1190.2,24.7,,38.9,
2024-10-06 05:00:00+00:00,2161309,Pháp Vân,20.9481,105.8493,911.1,21.1,,28.4,
2024-10-06 06:00:00+00:00,2161309,Pháp Vân,20.9481,105.8493,395.3,18.5,,16.1,
2024-10-06 07:00:00+00:00,2161309,Pháp Vân,20.9481,105.8493,373.3,10.5,,16.1,
2024-10-06 08:00:00+00:00,2161309,Pháp Vân,20.9481,105.8493,381.8,10.2,,14.4,
2024-10-06 09:00:00+00:00,2161309,Pháp Vân,20.9481,105.8493,327.6,12.4,,17.6,
2024-10-06 10:00:00+00:00,2161309,Pháp Vân,20.9481,105.8493,717.2,23.4,,26.3,
2024-10-06 11:00:00+00:00,2161309,Pháp Vân,20.9481,105.8493,1370.9,24.8,,64.2,
2024-10-06 12:00:00+00:00,2161309,Pháp Vân,20.9481,105.8493,3602.3,58.1,,51.0,
2024-10-06 13:00:00+00:00,2161309,Pháp Vân,20.9481,105.8493,5957.5,58.0,,58.0,
2024-10-06 14:00:00+00:00,2161309,Pháp Vân,20.9481,105.8493,2827.9,37.1,,68.2,
2024-10-06 15:00:00+00:00,2161309,Pháp Vân,20.9481,105.8493,3163.4,40.2,,61.3,
2024-10-06 16:00:00+00:00,2161309,Pháp Vân,20.9481,105.8493,2635.3,43.8,,74.6,
2024-10-06 17:00:00+00:00,2161309,Pháp Vân,20.9481,105.8493,1314.8,32.7,,82.1,
2024-10-06 18:00:00+00:00,2161309,Pháp Vân,20.9481,105.8493,1435.9,31.8,,86.3,
2024-10-06 19:00:00+00:00,2161309,Pháp Vân,20.9481,105.8493,2017.0,34.8,,91.6,
2024-10-06 20:00:00+00:00,2161309,Pháp Vân,20.9481,105.8493,1263.2,30.2,,53.5,
2024-10-06 21:00:00+00:00,2161309,Pháp Vân,20.9481,105.8493,1066.8,27.4,,69.1,
2024-10-06 22:00:00+00:00,2161309,Pháp Vân,20.9481,105.8493,960.9,21.1,,57.3,
2024-10-06 23:00:00+00:00,2161309,Pháp Vân,20.9481,105.8493,896.1,21.3,,41.1,
2024-10-07 00:00:00+00:00,2161309,Pháp Vân,20.9481,105.8493,1380.9,28.6,,39.0,
2024-10-07 01:00:00+00:00,2161309,Pháp Vân,20.9481,105.8493,1809.1,28.7,,33.1,
2024-10-07 02:00:00+00:00,2161309,Pháp Vân,20.9481,105.8493,2509.1,35.7,,44.5,
2024-10-07 03:00:00+00:00,2161309,Pháp Vân,20.9481,105.8493,1273.7,28.9,,33.4,
2024-10-07 04:00:00+00:00,2161309,Pháp Vân,20.9481,105.8493,600.5,24.4,,24.5,
2024-10-07 05:00:00+00:00,2161309,Pháp Vân,20.9481,105.8493,544.7,19.7,,17.4,
2024-10-07 06:00:00+00:00,2161309,Pháp Vân,20.9481,105.8493,461.2,19.0,,17.1,
2024-10-07 07:00:00+00:00,2161309,Pháp Vân,20.9481,105.8493,616.9,13.5,,16.2,
2024-10-07 08:00:00+00:00,2161309,Pháp Vân,20.9481,105.8493,441.6,12.4,,16.0,
2024-10-07 09:00:00+00:00,2161309,Pháp Vân,20.9481,105.8493,414.0,14.4,,15.2,
2024-10-07 10:00:00+00:00,2161309,Pháp Vân,20.9481,105.8493,703.5,27.7,,16.3,
2024-10-07 11:00:00+00:00,2161309,Pháp Vân,20.9481,105.8493,1277.2,30.3,,18.7,
2024-10-07 12:00:00+00:00,2161309,Pháp Vân,20.9481,105.8493,4232.2,53.0,,39.8,
2024-10-07 13:00:00+00:00,2161309,Pháp Vân,20.9481,105.8493,5548.4,52.7,,60.2,
2024-10-07 14:00:00+00:00,2161309,Pháp Vân,20.9481,105.8493,3080.7,48.1,,51.8,
2024-10-07 15:00:00+00:00,2161309,Pháp Vân,20.9481,105.8493,2158.2,43.9,,89.7,
2024-10-07 16:00:00+00:00,2161309,Pháp Vân,20.9481,105.8493,1294.0,32.0,,85.9,
2024-10-07 17:00:00+00:00,2161309,Pháp Vân,20.9481,105.8493,1345.3,28.6,,81.9,
2024-10-07 18:00:00+00:00,2161309,Pháp Vân,20.9481,105.8493,1048.0,30.0,,74.0,
2024-10-07 19:00:00+00:00,2161309,Pháp Vân,20.9481,105.8493,1112.7,33.3,,71.1,
2024-10-07 20:00:00+00:00,2161309,Pháp Vân,20.9481,105.8493,732.9,27.4,,41.7,
2024-10-07 21:00:00+00:00,2161309,Pháp Vân,20.9481,105.8493,471.0,20.5,,30.4,
2024-10-07 22:00:00+00:00,2161309,Pháp Vân,20.9481,105.8493,366.8,20.3,,31.0,
2024-10-07 23:00:00+00:00,2161309,Pháp Vân,20.9481,105.8493,376.1,23.1,,30.9,
2024-10-08 00:00:00+00:00,2161309,Pháp Vân,20.9481,105.8493,660.4,23.2,,33.9,
2024-10-08 01:00:00+00:00,2161309,Pháp Vân,20.9481,105.8493,871.6,31.8,,34.1,
2024-10-08 02:00:00+00:00,2161309,Pháp Vân,20.9481,105.8493,690.7,25.7,,33.5,
2024-10-08 03:00:00+00:00,2161309,Pháp Vân,20.9481,105.8493,519.3,26.1,,27.2,
2024-10-08 04:00:00+00:00,2161309,Pháp Vân,20.9481,105.8493,519.8,18.8,,26.2,
2024-10-08 05:00:00+00:00,2161309,Pháp Vân,20.9481,105.8493,690.4,18.0,,25.4,
2024-10-08 06:00:00+00:00,2161309,Pháp Vân,20.9481,105.8493,604.5,12.5,,24.8,
2024-10-08 07:00:00+00:00,2161309,Pháp Vân,20.9481,105.8493,516.5,10.7,,22.9,
2024-10-08 08:00:00+00:00,2161309,Pháp Vân,20.9481,105.8493,507.0,11.9,,22.3,
2024-10-08 09:00:00+00:00,2161309,Pháp Vân,20.9481,105.8493,653.3,22.3,,21.5,
2024-10-08 10:00:00+00:00,2161309,Pháp Vân,20.9481,105.8493,714.6,26.4,,27.5,
2024-10-08 11:00:00+00:00,2161309,Pháp Vân,20.9481,105.8493,1237.3,25.5,,28.3,
2024-10-08 12:00:00+00:00,2161309,Pháp Vân,20.9481,105.8493,2322.6,45.2,,53.1,
2024-10-08 13:00:00+00:00,2161309,Pháp Vân,20.9481,105.8493,1957.9,45.5,,59.4,
2024-10-08 14:00:00+00:00,2161309,Pháp Vân,20.9481,105.8493,873.2,24.2,,74.4,
2024-10-08 15:00:00+00:00,2161309,Pháp Vân,20.9481,105.8493,535.5,18.1,,49.2,
2024-10-08 16:00:00+00:00,2161309,Pháp Vân,20.9481,105.8493,666.1,26.3,,52.6,
2024-10-08 17:00:00+00:00,2161309,Pháp Vân,20.9481,105.8493,600.7,14.4,,53.0,
2024-10-08 18:00:00+00:00,2161309,Pháp Vân,20.9481,105.8493,482.7,18.3,,48.6,
2024-10-08 19:00:00+00:00,2161309,Pháp Vân,20.9481,105.8493,410.3,16.4,,49.4,
2024-10-08 20:00:00+00:00,2161309,Pháp Vân,20.9481,105.8493,415.3,12.4,,45.6,
2024-10-08 21:00:00+00:00,2161309,Pháp Vân,20.9481,105.8493,848.2,11.9,,45.5,
2024-10-08 22:00:00+00:00,2161309,Pháp Vân,20.9481,105.8493,559.3,22.2,,47.7,
2024-10-08 23:00:00+00:00,2161309,Pháp Vân,20.9481,105.8493,882.2,23.9,,77.6,
2024-10-09 00:00:00+00:00,2161309,Pháp Vân,20.9481,105.8493,935.8,19.3,,76.6,
2024-10-09 01:00:00+00:00,2161309,Pháp Vân,20.9481,105.8493,1243.2,21.6,,48.7,
2024-10-09 02:00:00+00:00,2161309,Pháp Vân,20.9481,105.8493,758.7,23.1,,35.8,
2024-10-09 03:00:00+00:00,2161309,Pháp Vân,20.9481,105.8493,512.3,17.5,,23.6,
2024-10-09 04:00:00+00:00,2161309,Pháp Vân,20.9481,105.8493,503.3,17.7,,24.4,
2024-10-09 05:00:00+00:00,2161309,Pháp Vân,20.9481,105.8493,520.6,18.1,,25.9,
2024-10-09 06:00:00+00:00,2161309,Pháp Vân,20.9481,105.8493,653.3,15.7,,23.0,
2024-10-09 07:00:00+00:00,2161309,Pháp Vân,20.9481,105.8493,449.0,12.6,,21.9,
2024-10-09 08:00:00+00:00,2161309,Pháp Vân,20.9481,105.8493,531.7,14.3,,22.1,
2024-10-09 09:00:00+00:00,2161309,Pháp Vân,20.9481,105.8493,493.8,24.4,,20.0,
2024-10-09 10:00:00+00:00,2161309,Pháp Vân,20.9481,105.8493,798.2,31.7,,23.1,
2024-10-09 11:00:00+00:00,2161309,Pháp Vân,20.9481,105.8493,1435.6,28.3,,32.1,
2024-10-09 12:00:00+00:00,2161309,Pháp Vân,20.9481,105.8493,1311.2,31.3,,39.6,
2024-10-09 13:00:00+00:00,2161309,Pháp Vân,20.9481,105.8493,1257.8,31.6,,39.8,
2024-10-09 14:00:00+00:00,2161309,Pháp Vân,20.9481,105.8493,1328.2,36.4,,63.3,
2024-10-09 15:00:00+00:00,2161309,Pháp Vân,20.9481,105.8493,,37.7,,92.7,
2024-10-09 16:00:00+00:00,2161309,Pháp Vân,20.9481,105.8493,1354.5,35.0,,77.7,
2024-10-09 17:00:00+00:00,2161309,Pháp Vân,20.9481,105.8493,1173.0,33.2,,78.1,
2024-10-09 18:00:00+00:00,2161309,Pháp Vân,20.9481,105.8493,1095.7,27.7,,71.8,
2024-10-09 19:00:00+00:00,2161309,Pháp Vân,20.9481,105.8493,768.5,20.8,,67.4,
2024-10-09 20:00:00+00:00,2161309,Pháp Vân,20.9481,105.8493,709.9,15.3,,68.8,
2024-10-09 21:00:00+00:00,2161309,Pháp Vân,20.9481,105.8493,1035.1,19.0,,88.3,
2024-10-09 22:00:00+00:00,2161309,Pháp Vân,20.9481,105.8493,1081.1,20.3,,78.3,
2024-10-09 23:00:00+00:00,2161309,Pháp Vân,20.9481,105.8493,1535.5,22.4,,76.5,
2024-10-10 00:00:00+00:00,2161309,Pháp Vân,20.9481,105.8493,1418.1,18.9,,82.0,
2024-10-10 01:00:00+00:00,2161309,Pháp Vân,20.9481,105.8493,2094.1,25.2,,99.6,
2024-10-10 02:00:00+00:00,2161309,Pháp Vân,20.9481,105.8493,1870.8,28.9,,111.9,
2024-10-10 03:00:00+00:00,2161309,Pháp Vân,20.9481,105.8493,1617.0,24.4,,112.4,
2024-10-10 04:00:00+00:00,2161309,Pháp Vân,20.9481,105.8493,1050.3,19.3,,80.5,
2024-10-10 05:00:00+00:00,2161309,Pháp Vân,20.9481,105.8493,1056.7,20.8,,62.0,
2024-10-10 06:00:00+00:00,2161309,Pháp Vân,20.9481,105.8493,800.2,,,38.1,
2024-10-10 07:00:00+00:00,2161309,Pháp Vân,20.9481,105.8493,630.1,14.0,,28.7,
2024-10-10 08:00:00+00:00,2161309,Pháp Vân,20.9481,105.8493,556.3,13.7,,25.3,
2024-10-10 09:00:00+00:00,2161309,Pháp Vân,20.9481,105.8493,896.1,27.2,,25.8,
2024-10-10 10:00:00+00:00,2161309,Pháp Vân,20.9481,105.8493,953.8,30.3,,23.9,
2024-10-10 11:00:00+00:00,2161309,Pháp Vân,20.9481,105.8493,2702.2,44.8,,47.2,
2024-10-10 12:00:00+00:00,2161309,Pháp Vân,20.9481,105.8493,3120.5,39.1,,69.5,
2024-10-10 13:00:00+00:00,2161309,Pháp Vân,20.9481,105.8493,,33.7,,73.3,
2024-10-10 14:00:00+00:00,2161309,Pháp Vân,20.9481,105.8493,1767.8,31.9,,79.2,
2024-10-10 15:00:00+00:00,2161309,Pháp Vân,20.9481,105.8493,901.9,25.4,,77.2,
2024-10-10 16:00:00+00:00,2161309,Pháp Vân,20.9481,105.8493,775.5,14.8,,77.8,
2024-10-10 17:00:00+00:00,2161309,Pháp Vân,20.9481,105.8493,599.7,17.1,,62.6,
2024-10-10 18:00:00+00:00,2161309,Pháp Vân,20.9481,105.8493,477.6,19.4,,63.6,
2024-10-10 19:00:00+00:00,2161309,Pháp Vân,20.9481,105.8493,573.5,17.3,,69.6,
2024-10-10 20:00:00+00:00,2161309,Pháp Vân,20.9481,105.8493,483.1,15.7,,53.7,
2024-10-10 21:00:00+00:00,2161309,Pháp Vân,20.9481,105.8493,778.4,18.0,,67.4,
2024-10-10 22:00:00+00:00,2161309,Pháp Vân,20.9481,105.8493,1129.8,19.5,,69.8,
2024-10-10 23:00:00+00:00,2161309,Pháp Vân,20.9481,105.8493,1137.6,18.6,,76.2,
2024-10-11 00:00:00+00:00,2161309,Pháp Vân,20.9481,105.8493,1313.4,25.3,,63.7,
2024-10-11 01:00:00+00:00,2161309,Pháp Vân,20.9481,105.8493,2179.4,32.8,,73.6,
2024-10-11 02:00:00+00:00,2161309,Pháp Vân,20.9481,105.8493,1672.1,34.2,,101.5,
2024-10-11 03:00:00+00:00,2161309,Pháp Vân,20.9481,105.8493,1292.0,25.4,,77.9,
2024-10-11 04:00:00+00:00,2161309,Pháp Vân,20.9481,105.8493,769.9,20.4,,45.8,
2024-10-11 05:00:00+00:00,2161309,Pháp Vân,20.9481,105.8493,610.8,18.2,,35.9,
2024-10-11 06:00:00+00:00,2161309,Pháp Vân,20.9481,105.8493,570.7,16.7,,41.1,
2024-10-11 07:00:00+00:00,2161309,Pháp Vân,20.9481,105.8493,565.5,13.4,,42.0,
2024-10-11 08:00:00+00:00,2161309,Pháp Vân,20.9481,105.8493,579.7,14.1,,49.7,
2024-10-11 09:00:00+00:00,2161309,Pháp Vân,20.9481,105.8493,702.2,21.0,,51.8,
2024-10-11 10:00:00+00:00,2161309,Pháp Vân,20.9481,105.8493,718.1,27.0,,52.2,
2024-10-11 11:00:00+00:00,2161309,Pháp Vân,20.9481,105.8493,1283.1,22.0,,62.2,
2024-10-11 12:00:00+00:00,2161309,Pháp Vân,20.9481,105.8493,2098.3,49.3,,109.1,
2024-10-11 13:00:00+00:00,2161309,Pháp Vân,20.9481,105.8493,1726.9,37.2,,115.3,
2024-10-11 14:00:00+00:00,2161309,Pháp Vân,20.9481,105.8493,946.4,22.0,,82.2,
2024-10-11 15:00:00+00:00,2161309,Pháp Vân,20.9481,105.8493,897.5,23.5,,73.6,
2024-10-11 16:00:00+00:00,2161309,Pháp Vân,20.9481,105.8493,650.7,18.4,,52.2,
2024-10-11 17:00:00+00:00,2161309,Pháp Vân,20.9481,105.8493,622.7,18.6,,48.7,
2024-10-11 18:00:00+00:00,2161309,Pháp Vân,20.9481,105.8493,565.7,11.5,,40.6,
2024-10-11 19:00:00+00:00,2161309,Pháp Vân,20.9481,105.8493,428.4,11.4,,38.7,
2024-10-11 20:00:00+00:00,2161309,Pháp Vân,20.9481,105.8493,454.7,12.1,,41.5,
2024-10-11 21:00:00+00:00,2161309,Pháp Vân,20.9481,105.8493,444.1,12.7,,44.1,
2024-10-11 22:00:00+00:00,2161309,Pháp Vân,20.9481,105.8493,475.8,16.0,,49.7,
2024-10-11 23:00:00+00:00,2161309,Pháp Vân,20.9481,105.8493,690.9,26.1,,58.9,
2024-10-12 00:00:00+00:00,2161309,Pháp Vân,20.9481,105.8493,1221.4,29.7,,78.3,
2024-10-12 01:00:00+00:00,2161309,Pháp Vân,20.9481,105.8493,1674.3,39.5,,96.1,
2024-10-12 02:00:00+00:00,2161309,Pháp Vân,20.9481,105.8493,915.1,28.6,,63.4,
2024-10-12 03:00:00+00:00,2161309,Pháp Vân,20.9481,105.8493,631.7,15.8,,53.9,
2024-10-12 04:00:00+00:00,2161309,Pháp Vân,20.9481,105.8493,550.1,15.9,,52.5,
2024-10-12 05:00:00+00:00,2161309,Pháp Vân,20.9481,105.8493,632.8,16.1,,50.1,
2024-10-12 06:00:00+00:00,2161309,Pháp Vân,20.9481,105.8493,573.0,15.1,,44.3,
2024-10-12 07:00:00+00:00,2161309,Pháp Vân,20.9481,105.8493,434.6,11.0,,37.7,
2024-10-12 08:00:00+00:00,2161309,Pháp Vân,20.9481,105.8493,453.6,10.9,,41.6,
2024-10-12 09:00:00+00:00,2161309,Pháp Vân,20.9481,105.8493,,15.1,,54.0,
2024-10-12 10:00:00+00:00,2161309,Pháp Vân,20.9481,105.8493,409.1,17.1,,43.9,
2024-10-12 11:00:00+00:00,2161309,Pháp Vân,20.9481,105.8493,623.2,15.6,,43.3,
2024-10-12 12:00:00+00:00,2161309,Pháp Vân,20.9481,105.8493,857.7,23.3,,50.4,
2024-10-12 13:00:00+00:00,2161309,Pháp Vân,20.9481,105.8493,1129.6,22.7,,65.8,
2024-10-12 14:00:00+00:00,2161309,Pháp Vân,20.9481,105.8493,892.4,17.3,,67.0,
2024-10-12 15:00:00+00:00,2161309,Pháp Vân,20.9481,105.8493,649.0,12.7,,50.2,
2024-10-12 16:00:00+00:00,2161309,Pháp Vân,20.9481,105.8493,547.2,11.8,,46.8,
2024-10-12 17:00:00+00:00,2161309,Pháp Vân,20.9481,105.8493,539.2,15.6,,56.1,
2024-10-12 18:00:00+00:00,2161309,Pháp Vân,20.9481,105.8493,677.2,14.2,,63.0,
2024-10-12 19:00:00+00:00,2161309,Pháp Vân,20.9481,105.8493,1120.7,10.0,,67.5,
2024-10-12 20:00:00+00:00,2161309,Pháp Vân,20.9481,105.8493,646.8,10.3,,58.3,
2024-10-12 21:00:00+00:00,2161309,Pháp Vân,20.9481,105.8493,637.8,14.4,,57.1,
2024-10-12 22:00:00+00:00,2161309,Pháp Vân,20.9481,105.8493,663.5,14.3,,64.1,
2024-10-12 23:00:00+00:00,2161309,Pháp Vân,20.9481,105.8493,812.7,13.7,,68.0,
2024-10-13 00:00:00+00:00,2161309,Pháp Vân,20.9481,105.8493,829.6,18.5,,55.1,
2024-10-13 01:00:00+00:00,2161309,Pháp Vân,20.9481,105.8493,777.0,14.8,,45.7,
2024-10-13 02:00:00+00:00,2161309,Pháp Vân,20.9481,105.8493,831.2,26.5,,52.4,
2024-10-13 03:00:00+00:00,2161309,Pháp Vân,20.9481,105.8493,,18.7,,39.2,
2024-10-13 04:00:00+00:00,2161309,Pháp Vân,20.9481,105.8493,461.2,13.7,,35.8,
2024-10-13 05:00:00+00:00,2161309,Pháp Vân,20.9481,105.8493,416.3,13.8,,32.0,
2024-10-13 06:00:00+00:00,2161309,Pháp Vân,20.9481,105.8493,337.4,14.5,,28.5,
2024-10-13 07:00:00+00:00,2161309,Pháp Vân,20.9481,105.8493,342.4,12.8,,30.1,
2024-10-13 08:00:00+00:00,2161309,Pháp Vân,20.9481,105.8493,321.6,9.2,,27.0,
2024-10-13 09:00:00+00:00,2161309,Pháp Vân,20.9481,105.8493,356.5,11.9,,28.7,
2024-10-13 10:00:00+00:00,2161309,Pháp Vân,20.9481,105.8493,361.3,19.5,,29.7,
2024-10-13 11:00:00+00:00,2161309,Pháp Vân,20.9481,105.8493,526.1,12.8,,38.0,
2024-10-13 12:00:00+00:00,2161309,Pháp Vân,20.9481,105.8493,674.2,14.0,,39.0,
2024-10-13 13:00:00+00:00,2161309,Pháp Vân,20.9481,105.8493,424.3,9.9,,27.3,
2024-10-13 14:00:00+00:00,2161309,Pháp Vân,20.9481,105.8493,,10.4,,28.2,
2024-10-13 15:00:00+00:00,2161309,Pháp Vân,20.9481,105.8493,464.0,11.5,,34.5,
2024-10-13 16:00:00+00:00,2161309,Pháp Vân,20.9481,105.8493,407.7,13.5,,36.6,
2024-10-13 17:00:00+00:00,2161309,Pháp Vân,20.9481,105.8493,376.1,12.9,,31.8,
2024-10-13 18:00:00+00:00,2161309,Pháp Vân,20.9481,105.8493,476.7,12.6,,32.8,
2024-10-13 19:00:00+00:00,2161309,Pháp Vân,20.9481,105.8493,354.0,8.9,,32.6,
2024-10-13 20:00:00+00:00,2161309,Pháp Vân,20.9481,105.8493,369.9,8.7,,26.7,
2024-10-13 21:00:00+00:00,2161309,Pháp Vân,20.9481,105.8493,260.6,7.7,,22.7,
2024-10-13 22:00:00+00:00,2161309,Pháp Vân,20.9481,105.8493,298.9,9.8,,25.7,
2024-10-13 23:00:00+00:00,2161309,Pháp Vân,20.9481,105.8493,920.0,13.5,,34.9,
2024-10-14 00:00:00+00:00,2161309,Pháp Vân,20.9481,105.8493,860.3,12.1,,38.4,
2024-10-14 01:00:00+00:00,2161309,Pháp Vân,20.9481,105.8493,,12.9,,33.1,
2024-10-14 02:00:00+00:00,2161309,Pháp Vân,20.9481,105.8493,445.5,12.4,,23.6,
2024-10-14 03:00:00+00:00,2161309,Pháp Vân,20.9481,105.8493,378.2,12.6,,26.0,
2024-10-14 04:00:00+00:00,2161309,Pháp Vân,20.9481,105.8493,433.8,13.7,,24.8,
2024-10-14 05:00:00+00:00,2161309,Pháp Vân,20.9481,105.8493,524.5,15.6,,29.7,
2024-10-14 06:00:00+00:00,2161309,Pháp Vân,20.9481,105.8493,731.7,17.8,,25.8,
2024-10-14 07:00:00+00:00,2161309,Pháp Vân,20.9481,105.8493,461.2,12.0,,22.4,
2024-10-14 08:00:00+00:00,2161309,Pháp Vân,20.9481,105.8493,394.5,10.8,,20.2,
2024-10-14 09:00:00+00:00,2161309,Pháp Vân,20.9481,105.8493,475.9,13.7,,22.5,
2024-10-14 10:00:00+00:00,2161309,Pháp Vân,20.9481,105.8493,527.3,18.4,,24.0,
2024-10-14 17:00:00+00:00,2161309,Pháp Vân,20.9481,105.8493,261.4,13.9,,26.5,
2024-10-14 19:00:00+00:00,2161309,Pháp Vân,20.9481,105.8493,287.7,8.9,,32.5,
2024-10-14 20:00:00+00:00,2161309,Pháp Vân,20.9481,105.8493,304.1,7.7,,32.4,
2024-10-14 21:00:00+00:00,2161309,Pháp Vân,20.9481,105.8493,312.5,12.1,,31.6,
2024-10-14 22:00:00+00:00,2161309,Pháp Vân,20.9481,105.8493,378.4,14.8,,27.8,
2024-10-14 23:00:00+00:00,2161309,Pháp Vân,20.9481,105.8493,663.4,15.0,,24.1,
2024-10-15 00:00:00+00:00,2161309,Pháp Vân,20.9481,105.8493,1097.6,14.3,,28.0,
2024-10-15 01:00:00+00:00,2161309,Pháp Vân,20.9481,105.8493,1328.3,19.8,,37.9,
2024-10-15 02:00:00+00:00,2161309,Pháp Vân,20.9481,105.8493,812.5,23.2,,38.2,
2024-10-15 03:00:00+00:00,2161309,Pháp Vân,20.9481,105.8493,664.4,18.4,,26.9,
2024-10-15 04:00:00+00:00,2161309,Pháp Vân,20.9481,105.8493,1603.2,22.2,,33.6,
2024-10-15 05:00:00+00:00,2161309,Pháp Vân,20.9481,105.8493,563.5,17.1,,19.4,
2024-10-15 06:00:00+00:00,2161309,Pháp Vân,20.9481,105.8493,437.5,16.3,,17.7,
2024-10-15 07:00:00+00:00,2161309,Pháp Vân,20.9481,105.8493,463.9,19.2,,16.0,
2024-10-15 08:00:00+00:00,2161309,Pháp Vân,20.9481,105.8493,477.1,18.2,,17.6,
2024-10-15 09:00:00+00:00,2161309,Pháp Vân,20.9481,105.8493,233.3,12.7,,10.6,
2024-10-15 10:00:00+00:00,2161309,Pháp Vân,20.9481,105.8493,324.6,11.8,,7.0,
2024-10-15 11:00:00+00:00,2161309,Pháp Vân,20.9481,105.8493,566.3,13.4,,8.6,
2024-10-15 12:00:00+00:00,2161309,Pháp Vân,20.9481,105.8493,609.9,15.7,,10.7,
2024-10-15 13:00:00+00:00,2161309,Pháp Vân,20.9481,105.8493,770.1,19.9,,19.1,
2024-10-15 14:00:00+00:00,2161309,Pháp Vân,20.9481,105.8493,533.5,16.2,,12.2,
2024-10-15 15:00:00+00:00,2161309,Pháp Vân,20.9481,105.8493,778.0,11.9,,12.4,
2024-10-15 16:00:00+00:00,2161309,Pháp Vân,20.9481,105.8493,450.0,13.3,,14.4,
2024-10-15 17:00:00+00:00,2161309,Pháp Vân,20.9481,105.8493,439.8,13.9,,28.1,
2024-10-15 18:00:00+00:00,2161309,Pháp Vân,20.9481,105.8493,434.7,11.9,,43.0,
2024-10-15 19:00:00+00:00,2161309,Pháp Vân,20.9481,105.8493,401.7,10.2,,37.2,
2024-10-15 20:00:00+00:00,2161309,Pháp Vân,20.9481,105.8493,462.5,10.9,,34.4,
2024-10-15 21:00:00+00:00,2161309,Pháp Vân,20.9481,105.8493,637.3,12.7,,23.4,
2024-10-15 22:00:00+00:00,2161309,Pháp Vân,20.9481,105.8493,675.2,10.3,,23.4,
2024-10-15 23:00:00+00:00,2161309,Pháp Vân,20.9481,105.8493,1136.2,13.8,,26.3,
2024-10-16 00:00:00+00:00,2161309,Pháp Vân,20.9481,105.8493,792.9,14.9,,23.4,
2024-10-16 01:00:00+00:00,2161309,Pháp Vân,20.9481,105.8493,1334.5,14.2,,20.7,
2024-10-16 02:00:00+00:00,2161309,Pháp Vân,20.9481,105.8493,1363.3,19.8,,26.1,
2024-10-16 03:00:00+00:00,2161309,Pháp Vân,20.9481,105.8493,934.5,18.8,,28.1,
2024-10-16 04:00:00+00:00,2161309,Pháp Vân,20.9481,105.8493,843.9,18.8,,20.7,
2024-10-16 05:00:00+00:00,2161309,Pháp Vân,20.9481,105.8493,1067.1,18.2,,17.7,
2024-10-16 06:00:00+00:00,2161309,Pháp Vân,20.9481,105.8493,589.5,17.6,,15.9,
2024-10-16 07:00:00+00:00,2161309,Pháp Vân,20.9481,105.8493,433.8,16.5,,14.3,
2024-10-16 08:00:00+00:00,2161309,Pháp Vân,20.9481,105.8493,411.5,16.2,,14.5,
2024-10-16 09:00:00+00:00,2161309,Pháp Vân,20.9481,105.8493,427.9,18.9,,16.7,
2024-10-16 10:00:00+00:00,2161309,Pháp Vân,20.9481,105.8493,650.3,17.0,,23.1,
2024-10-16 11:00:00+00:00,2161309,Pháp Vân,20.9481,105.8493,1124.2,21.5,,35.2,
2024-10-16 12:00:00+00:00,2161309,Pháp Vân,20.9481,105.8493,1139.0,17.3,,41.6,
2024-10-16 13:00:00+00:00,2161309,Pháp Vân,20.9481,105.8493,1078.9,17.2,,49.6,
2024-10-16 14:00:00+00:00,2161309,Pháp Vân,20.9481,105.8493,1065.8,19.7,,43.4,
2024-10-16 15:00:00+00:00,2161309,Pháp Vân,20.9481,105.8493,887.7,19.7,,44.6,
2024-10-16 16:00:00+00:00,2161309,Pháp Vân,20.9481,105.8493,999.2,21.1,,40.2,
2024-10-16 17:00:00+00:00,2161309,Pháp Vân,20.9481,105.8493,698.3,16.3,,33.2,
2024-10-16 18:00:00+00:00,2161309,Pháp Vân,20.9481,105.8493,542.2,14.0,,30.0,
2024-10-16 19:00:00+00:00,2161309,Pháp Vân,20.9481,105.8493,405.5,12.9,,26.2,
2024-10-16 20:00:00+00:00,2161309,Pháp Vân,20.9481,105.8493,747.0,10.0,,23.8,
2024-10-16 21:00:00+00:00,2161309,Pháp Vân,20.9481,105.8493,692.6,10.2,,21.4,
2024-10-16 22:00:00+00:00,2161309,Pháp Vân,20.9481,105.8493,628.6,8.7,,20.6,
2024-10-16 23:00:00+00:00,2161309,Pháp Vân,20.9481,105.8493,1175.7,11.3,,21.8,
2024-10-17 00:00:00+00:00,2161309,Pháp Vân,20.9481,105.8493,1532.3,15.0,,45.2,
2024-10-17 01:00:00+00:00,2161309,Pháp Vân,20.9481,105.8493,1252.7,21.9,,44.1,
2024-10-17 02:00:00+00:00,2161309,Pháp Vân,20.9481,105.8493,545.9,21.2,,27.2,
2024-10-17 03:00:00+00:00,2161309,Pháp Vân,20.9481,105.8493,450.6,16.8,,16.9,
2024-10-17 04:00:00+00:00,2161309,Pháp Vân,20.9481,105.8493,637.4,21.3,,16.6,
2024-10-17 05:00:00+00:00,2161309,Pháp Vân,20.9481,105.8493,683.1,16.7,,16.9,
2024-10-17 06:00:00+00:00,2161309,Pháp Vân,20.9481,105.8493,360.6,16.2,,17.2,
2024-10-17 07:00:00+00:00,2161309,Pháp Vân,20.9481,105.8493,311.7,13.6,,16.4,
2024-10-17 08:00:00+00:00,2161309,Pháp Vân,20.9481,105.8493,369.0,11.3,,15.9,
2024-10-17 09:00:00+00:00,2161309,Pháp Vân,20.9481,105.8493,394.7,13.4,,16.0,
2024-10-17 10:00:00+00:00,2161309,Pháp Vân,20.9481,105.8493,496.9,20.7,,19.3,
2024-10-17 11:00:00+00:00,2161309,Pháp Vân,20.9481,105.8493,946.8,17.3,,26.6,
2024-10-17 12:00:00+00:00,2161309,Pháp Vân,20.9481,105.8493,782.5,14.6,,20.5,
2024-10-17 13:00:00+00:00,2161309,Pháp Vân,20.9481,105.8493,600.3,13.6,,25.6,
2024-10-17 14:00:00+00:00,2161309,Pháp Vân,20.9481,105.8493,449.6,12.3,,22.2,
2024-10-17 15:00:00+00:00,2161309,Pháp Vân,20.9481,105.8493,388.1,11.6,,21.3,
2024-10-17 16:00:00+00:00,2161309,Pháp Vân,20.9481,105.8493,394.1,11.8,,23.2,
2024-10-17 17:00:00+00:00,2161309,Pháp Vân,20.9481,105.8493,350.4,12.7,,26.7,
2024-10-17 18:00:00+00:00,2161309,Pháp Vân,20.9481,105.8493,352.6,12.7,,26.6,
2024-10-17 19:00:00+00:00,2161309,Pháp Vân,20.9481,105.8493,112.4,11.4,,16.3,
2024-10-17 20:00:00+00:00,2161309,Pháp Vân,20.9481,105.8493,70.3,8.6,,14.2,
2024-10-17 21:00:00+00:00,2161309,Pháp Vân,20.9481,105.8493,140.4,10.0,,16.5,
2024-10-17 22:00:00+00:00,2161309,Pháp Vân,20.9481,105.8493,284.8,13.0,,23.4,
2024-10-17 23:00:00+00:00,2161309,Pháp Vân,20.9481,105.8493,628.9,13.5,,34.2,
2024-10-18 00:00:00+00:00,2161309,Pháp Vân,20.9481,105.8493,513.9,10.6,,26.5,
2024-10-18 01:00:00+00:00,2161309,Pháp Vân,20.9481,105.8493,934.5,14.0,,18.6,
2024-10-18 02:00:00+00:00,2161309,Pháp Vân,20.9481,105.8493,381.7,20.5,,16.1,
2024-10-18 03:00:00+00:00,2161309,Pháp Vân,20.9481,105.8493,309.3,22.4,,17.5,
2024-10-18 04:00:00+00:00,2161309,Pháp Vân,20.9481,105.8493,314.4,22.4,,14.6,
2024-10-18 05:00:00+00:00,2161309,Pháp Vân,20.9481,105.8493,347.6,20.9,,15.1,
2024-10-18 06:00:00+00:00,2161309,Pháp Vân,20.9481,105.8493,252.1,20.6,,12.8,
2024-10-18 07:00:00+00:00,2161309,Pháp Vân,20.9481,105.8493,231.1,18.2,,13.2,
2024-10-18 08:00:00+00:00,2161309,Pháp Vân,20.9481,105.8493,232.1,12.6,,15.6,
2024-10-18 09:00:00+00:00,2161309,Pháp Vân,20.9481,105.8493,321.0,12.7,,14.0,
2024-10-18 10:00:00+00:00,2161309,Pháp Vân,20.9481,105.8493,443.4,13.5,,13.9,
2024-10-18 11:00:00+00:00,2161309,Pháp Vân,20.9481,105.8493,867.5,17.7,,24.6,
2024-10-18 12:00:00+00:00,2161309,Pháp Vân,20.9481,105.8493,994.7,21.0,,33.5,
2024-10-18 13:00:00+00:00,2161309,Pháp Vân,20.9481,105.8493,499.7,12.6,,19.7,
2024-10-18 14:00:00+00:00,2161309,Pháp Vân,20.9481,105.8493,308.6,10.1,,13.9,
2024-10-18 15:00:00+00:00,2161309,Pháp Vân,20.9481,105.8493,400.3,11.8,,17.2,
2024-10-18 16:00:00+00:00,2161309,Pháp Vân,20.9481,105.8493,303.4,10.8,,23.1,
2024-10-18 17:00:00+00:00,2161309,Pháp Vân,20.9481,105.8493,383.7,11.7,,30.4,
2024-10-18 18:00:00+00:00,2161309,Pháp Vân,20.9481,105.8493,454.6,10.6,,50.3,
2024-10-18 19:00:00+00:00,2161309,Pháp Vân,20.9481,105.8493,308.6,8.9,,22.7,
2024-10-18 20:00:00+00:00,2161309,Pháp Vân,20.9481,105.8493,269.2,9.3,,21.8,
2024-10-18 21:00:00+00:00,2161309,Pháp Vân,20.9481,105.8493,151.9,9.1,,16.9,
2024-10-18 22:00:00+00:00,2161309,Pháp Vân,20.9481,105.8493,231.5,7.6,,15.5,
2024-10-18 23:00:00+00:00,2161309,Pháp Vân,20.9481,105.8493,583.2,10.1,,36.4,
2024-10-19 00:00:00+00:00,2161309,Pháp Vân,20.9481,105.8493,769.9,10.4,,27.9,
2024-10-19 01:00:00+00:00,2161309,Pháp Vân,20.9481,105.8493,1006.3,17.4,,19.9,
2024-10-19 02:00:00+00:00,2161309,Pháp Vân,20.9481,105.8493,567.9,21.4,,12.9,
2024-10-19 03:00:00+00:00,2161309,Pháp Vân,20.9481,105.8493,369.0,22.8,,15.1,
2024-10-19 04:00:00+00:00,2161309,Pháp Vân,20.9481,105.8493,458.9,22.0,,16.2,
2024-10-19 05:00:00+00:00,2161309,Pháp Vân,20.9481,105.8493,442.9,17.4,,14.2,
2024-10-19 06:00:00+00:00,2161309,Pháp Vân,20.9481,105.8493,371.6,17.4,,13.9,
2024-10-19 07:00:00+00:00,2161309,Pháp Vân,20.9481,105.8493,254.8,24.9,,15.7,
2024-10-19 08:00:00+00:00,2161309,Pháp Vân,20.9481,105.8493,245.0,10.6,,12.0,
2024-10-19 09:00:00+00:00,2161309,Pháp Vân,20.9481,105.8493,233.8,10.0,,11.6,
2024-10-19 10:00:00+00:00,2161309,Pháp Vân,20.9481,105.8493,479.1,14.4,,37.7,
2024-10-19 11:00:00+00:00,2161309,Pháp Vân,20.9481,105.8493,506.8,15.9,,17.6,
2024-10-19 12:00:00+00:00,2161309,Pháp Vân,20.9481,105.8493,590.0,20.2,,25.5,
2024-10-19 13:00:00+00:00,2161309,Pháp Vân,20.9481,105.8493,502.7,15.7,,20.0,
2024-10-19 14:00:00+00:00,2161309,Pháp Vân,20.9481,105.8493,399.9,15.1,,19.6,
2024-10-19 15:00:00+00:00,2161309,Pháp Vân,20.9481,105.8493,374.1,9.1,,22.3,
2024-10-19 16:00:00+00:00,2161309,Pháp Vân,20.9481,105.8493,,13.0,,21.3,
2024-10-19 17:00:00+00:00,2161309,Pháp Vân,20.9481,105.8493,477.8,10.5,,21.0,
2024-10-19 18:00:00+00:00,2161309,Pháp Vân,20.9481,105.8493,436.7,9.9,,21.4,
2024-10-19 19:00:00+00:00,2161309,Pháp Vân,20.9481,105.8493,476.7,8.6,,19.6,
2024-10-19 20:00:00+00:00,2161309,Pháp Vân,20.9481,105.8493,986.6,7.2,,20.0,
2024-10-19 21:00:00+00:00,2161309,Pháp Vân,20.9481,105.8493,958.2,11.2,,21.9,
2024-10-19 22:00:00+00:00,2161309,Pháp Vân,20.9481,105.8493,289.3,13.7,,24.6,
2024-10-19 23:00:00+00:00,2161309,Pháp Vân,20.9481,105.8493,607.4,13.2,,43.9,
2024-10-20 00:00:00+00:00,2161309,Pháp Vân,20.9481,105.8493,699.3,11.7,,56.6,
2024-10-20 01:00:00+00:00,2161309,Pháp Vân,20.9481,105.8493,817.9,17.9,,33.1,
2024-10-20 02:00:00+00:00,2161309,Pháp Vân,20.9481,105.8493,527.7,24.5,,24.7,
2024-10-20 03:00:00+00:00,2161309,Pháp Vân,20.9481,105.8493,588.7,21.4,,22.0,
2024-10-20 04:00:00+00:00,2161309,Pháp Vân,20.9481,105.8493,400.0,17.8,,16.1,
2024-10-20 05:00:00+00:00,2161309,Pháp Vân,20.9481,105.8493,452.2,16.5,,15.9,
2024-10-20 06:00:00+00:00,2161309,Pháp Vân,20.9481,105.8493,319.9,16.0,,21.1,
2024-10-20 07:00:00+00:00,2161309,Pháp Vân,20.9481,105.8493,297.8,18.6,,14.9,
2024-10-20 08:00:00+00:00,2161309,Pháp Vân,20.9481,105.8493,229.5,13.3,,13.2,
2024-10-20 09:00:00+00:00,2161309,Pháp Vân,20.9481,105.8493,200.3,8.6,,11.2,
2024-10-20 10:00:00+00:00,2161309,Pháp Vân,20.9481,105.8493,406.8,13.2,,13.1,
2024-10-20 11:00:00+00:00,2161309,Pháp Vân,20.9481,105.8493,599.9,15.7,,34.0,
2024-10-20 12:00:00+00:00,2161309,Pháp Vân,20.9481,105.8493,853.5,16.3,,35.9,
2024-10-20 13:00:00+00:00,2161309,Pháp Vân,20.9481,105.8493,668.2,14.2,,31.4,
2024-10-20 14:00:00+00:00,2161309,Pháp Vân,20.9481,105.8493,816.3,18.4,,32.5,
2024-10-20 15:00:00+00:00,2161309,Pháp Vân,20.9481,105.8493,832.1,26.0,,38.8,
2024-10-20 16:00:00+00:00,2161309,Pháp Vân,20.9481,105.8493,1193.0,17.4,,73.1,
2024-10-20 17:00:00+00:00,2161309,Pháp Vân,20.9481,105.8493,935.0,15.5,,32.4,
2024-10-20 18:00:00+00:00,2161309,Pháp Vân,20.9481,105.8493,983.6,10.3,,26.8,
2024-10-20 19:00:00+00:00,2161309,Pháp Vân,20.9481,105.8493,523.8,17.4,,29.1,
2024-10-20 20:00:00+00:00,2161309,Pháp Vân,20.9481,105.8493,656.9,18.9,,37.5,
2024-10-20 21:00:00+00:00,2161309,Pháp Vân,20.9481,105.8493,532.6,6.3,,13.4,
2024-10-20 22:00:00+00:00,2161309,Pháp Vân,20.9481,105.8493,234.9,9.7,,18.1,
2024-10-20 23:00:00+00:00,2161309,Pháp Vân,20.9481,105.8493,686.2,12.0,,54.5,
2024-10-21 00:00:00+00:00,2161309,Pháp Vân,20.9481,105.8493,2127.5,9.5,,52.7,
2024-10-21 01:00:00+00:00,2161309,Pháp Vân,20.9481,105.8493,2830.3,13.5,,39.8,
2024-10-21 02:00:00+00:00,2161309,Pháp Vân,20.9481,105.8493,1746.3,13.7,,33.5,
2024-10-21 03:00:00+00:00,2161309,Pháp Vân,20.9481,105.8493,844.6,18.0,,29.7,
2024-10-21 04:00:00+00:00,2161309,Pháp Vân,20.9481,105.8493,554.8,15.5,,22.9,
2024-10-21 05:00:00+00:00,2161309,Pháp Vân,20.9481,105.8493,589.1,16.9,,25.7,
2024-10-21 06:00:00+00:00,2161309,Pháp Vân,20.9481,105.8493,435.9,16.6,,19.6,
2024-10-21 07:00:00+00:00,2161309,Pháp Vân,20.9481,105.8493,406.3,22.3,,11.9,
2024-10-21 08:00:00+00:00,2161309,Pháp Vân,20.9481,105.8493,1084.4,14.2,,14.1,
2024-10-21 09:00:00+00:00,2161309,Pháp Vân,20.9481,105.8493,1013.8,32.2,,14.3,
2024-10-21 10:00:00+00:00,2161309,Pháp Vân,20.9481,105.8493,2312.1,27.3,,16.6,
2024-10-21 11:00:00+00:00,2161309,Pháp Vân,20.9481,105.8493,4165.6,34.9,,18.3,
2024-10-21 12:00:00+00:00,2161309,Pháp Vân,20.9481,105.8493,3927.2,31.5,,23.8,
2024-10-21 13:00:00+00:00,2161309,Pháp Vân,20.9481,105.8493,3571.4,27.5,,24.2,
2024-10-21 14:00:00+00:00,2161309,Pháp Vân,20.9481,105.8493,3158.1,21.3,,21.4,
2024-10-21 15:00:00+00:00,2161309,Pháp Vân,20.9481,105.8493,3556.1,22.3,,26.4,
2024-10-21 16:00:00+00:00,2161309,Pháp Vân,20.9481,105.8493,2729.6,17.8,,28.8,
2024-10-21 17:00:00+00:00,2161309,Pháp Vân,20.9481,105.8493,1740.6,18.9,,34.3,
2024-10-21 18:00:00+00:00,2161309,Pháp Vân,20.9481,105.8493,866.0,13.8,,41.1,
2024-10-21 19:00:00+00:00,2161309,Pháp Vân,20.9481,105.8493,623.0,11.9,,42.8,
2024-10-21 20:00:00+00:00,2161309,Pháp Vân,20.9481,105.8493,625.3,10.2,,43.0,
2024-10-21 21:00:00+00:00,2161309,Pháp Vân,20.9481,105.8493,739.0,10.6,,44.8,
2024-10-21 22:00:00+00:00,2161309,Pháp Vân,20.9481,105.8493,910.9,11.2,,51.2,
2024-10-21 23:00:00+00:00,2161309,Pháp Vân,20.9481,105.8493,1069.7,12.6,,55.6,
2024-10-22 00:00:00+00:00,2161309,Pháp Vân,20.9481,105.8493,1529.8,12.2,,46.9,
2024-10-22 01:00:00+00:00,2161309,Pháp Vân,20.9481,105.8493,3372.3,22.4,,47.7,
2024-10-22 02:00:00+00:00,2161309,Pháp Vân,20.9481,105.8493,2022.3,26.0,,42.9,
2024-10-22 03:00:00+00:00,2161309,Pháp Vân,20.9481,105.8493,1629.4,27.2,,47.8,
2024-10-22 04:00:00+00:00,2161309,Pháp Vân,20.9481,105.8493,1168.9,25.4,,41.8,
2024-10-22 05:00:00+00:00,2161309,Pháp Vân,20.9481,105.8493,882.2,24.3,,27.6,
2024-10-22 06:00:00+00:00,2161309,Pháp Vân,20.9481,105.8493,592.0,21.5,,20.9,
2024-10-22 07:00:00+00:00,2161309,Pháp Vân,20.9481,105.8493,598.7,20.7,,18.3,
2024-10-22 08:00:00+00:00,2161309,Pháp Vân,20.9481,105.8493,547.2,23.1,,16.0,
2024-10-22 09:00:00+00:00,2161309,Pháp Vân,20.9481,105.8493,551.5,18.6,,15.4,
2024-10-22 10:00:00+00:00,2161309,Pháp Vân,20.9481,105.8493,1639.0,28.8,,46.6,
2024-10-22 11:00:00+00:00,2161309,Pháp Vân,20.9481,105.8493,2934.4,37.5,,26.4,
2024-10-22 12:00:00+00:00,2161309,Pháp Vân,20.9481,105.8493,3675.8,39.2,,35.6,
2024-10-22 13:00:00+00:00,2161309,Pháp Vân,20.9481,105.8493,2736.4,33.2,,34.1,
2024-10-22 14:00:00+00:00,2161309,Pháp Vân,20.9481,105.8493,1379.9,23.3,,42.0,
2024-10-22 15:00:00+00:00,2161309,Pháp Vân,20.9481,105.8493,889.4,20.2,,65.4,
2024-10-22 16:00:00+00:00,2161309,Pháp Vân,20.9481,105.8493,1130.0,25.8,,73.7,
2024-10-22 17:00:00+00:00,2161309,Pháp Vân,20.9481,105.8493,651.9,13.2,,34.7,
2024-10-22 18:00:00+00:00,2161309,Pháp Vân,20.9481,105.8493,119.7,5.0,,10.9,
2024-10-22 19:00:00+00:00,2161309,Pháp Vân,20.9481,105.8493,130.4,5.2,,13.8,
2024-10-22 20:00:00+00:00,2161309,Pháp Vân,20.9481,105.8493,106.5,5.0,,9.0,
2024-10-22 21:00:00+00:00,2161309,Pháp Vân,20.9481,105.8493,115.6,6.0,,7.6,
2024-10-22 22:00:00+00:00,2161309,Pháp Vân,20.9481,105.8493,248.2,6.7,,6.8,
2024-10-22 23:00:00+00:00,2161309,Pháp Vân,20.9481,105.8493,213.7,11.9,,6.3,
2024-10-23 00:00:00+00:00,2161309,Pháp Vân,20.9481,105.8493,571.1,13.3,,8.0,
2024-10-23 01:00:00+00:00,2161309,Pháp Vân,20.9481,105.8493,768.5,18.9,,8.6,
2024-10-23 02:00:00+00:00,2161309,Pháp Vân,20.9481,105.8493,396.1,20.1,,8.8,
2024-10-23 03:00:00+00:00,2161309,Pháp Vân,20.9481,105.8493,332.1,20.8,,9.2,
2024-10-23 04:00:00+00:00,2161309,Pháp Vân,20.9481,105.8493,262.4,16.9,,6.3,
2024-10-23 05:00:00+00:00,2161309,Pháp Vân,20.9481,105.8493,343.3,21.1,,6.7,
2024-10-23 06:00:00+00:00,2161309,Pháp Vân,20.9481,105.8493,311.7,22.5,,6.1,
2024-10-23 07:00:00+00:00,2161309,Pháp Vân,20.9481,105.8493,307.3,14.1,,5.9,
2024-10-23 08:00:00+00:00,2161309,Pháp Vân,20.9481,105.8493,290.4,11.2,,8.0,
2024-10-23 09:00:00+00:00,2161309,Pháp Vân,20.9481,105.8493,338.2,18.5,,8.0,
2024-10-23 10:00:00+00:00,2161309,Pháp Vân,20.9481,105.8493,418.6,28.4,,10.9,
2024-10-23 11:00:00+00:00,2161309,Pháp Vân,20.9481,105.8493,731.1,16.9,,9.0,
2024-10-23 12:00:00+00:00,2161309,Pháp Vân,20.9481,105.8493,903.6,26.9,,14.3,
2024-10-23 13:00:00+00:00,2161309,Pháp Vân,20.9481,105.8493,889.0,25.3,,13.9,
2024-10-23 14:00:00+00:00,2161309,Pháp Vân,20.9481,105.8493,732.7,21.2,,15.7,
2024-10-23 15:00:00+00:00,2161309,Pháp Vân,20.9481,105.8493,1049.9,24.6,,23.0,
2024-10-23 16:00:00+00:00,2161309,Pháp Vân,20.9481,105.8493,674.5,21.2,,26.2,
2024-10-23 17:00:00+00:00,2161309,Pháp Vân,20.9481,105.8493,388.1,14.3,,16.9,
2024-10-23 18:00:00+00:00,2161309,Pháp Vân,20.9481,105.8493,320.4,15.8,,19.8,
2024-10-23 19:00:00+00:00,2161309,Pháp Vân,20.9481,105.8493,,10.7,,20.1,
2024-10-23 20:00:00+00:00,2161309,Pháp Vân,20.9481,105.8493,240.8,10.9,,18.0,
2024-10-23 21:00:00+00:00,2161309,Pháp Vân,20.9481,105.8493,278.9,12.1,,23.6,
2024-10-23 22:00:00+00:00,2161309,Pháp Vân,20.9481,105.8493,493.0,20.6,,66.0,
2024-10-23 23:00:00+00:00,2161309,Pháp Vân,20.9481,105.8493,485.5,21.0,,28.8,
2024-10-24 00:00:00+00:00,2161309,Pháp Vân,20.9481,105.8493,2059.0,22.8,,32.3,
2024-10-24 01:00:00+00:00,2161309,Pháp Vân,20.9481,105.8493,2153.2,33.8,,23.0,
2024-10-24 02:00:00+00:00,2161309,Pháp Vân,20.9481,105.8493,861.4,25.5,,15.7,
2024-10-24 03:00:00+00:00,2161309,Pháp Vân,20.9481,105.8493,562.5,28.1,,13.2,
2024-10-24 04:00:00+00:00,2161309,Pháp Vân,20.9481,105.8493,343.3,29.9,,8.7,
2024-10-24 05:00:00+00:00,2161309,Pháp Vân,20.9481,105.8493,367.8,27.8,,9.0,
2024-10-24 06:00:00+00:00,2161309,Pháp Vân,20.9481,105.8493,417.8,15.7,,7.5,
2024-10-24 07:00:00+00:00,2161309,Pháp Vân,20.9481,105.8493,299.4,15.4,,6.7,
2024-10-24 08:00:00+00:00,2161309,Pháp Vân,20.9481,105.8493,585.3,29.0,,10.2,
2024-10-24 09:00:00+00:00,2161309,Pháp Vân,20.9481,105.8493,857.0,47.5,,35.0,
2024-10-24 10:00:00+00:00,2161309,Pháp Vân,20.9481,105.8493,892.9,50.6,,16.9,
2024-10-24 11:00:00+00:00,2161309,Pháp Vân,20.9481,105.8493,2810.6,50.1,,21.6,
2024-10-24 12:00:00+00:00,2161309,Pháp Vân,20.9481,105.8493,5709.0,70.0,,40.7,
2024-10-24 13:00:00+00:00,2161309,Pháp Vân,20.9481,105.8493,5052.6,61.8,,51.8,
2024-10-24 14:00:00+00:00,2161309,Pháp Vân,20.9481,105.8493,,55.8,,119.6,
2024-10-24 15:00:00+00:00,2161309,Pháp Vân,20.9481,105.8493,,45.5,,103.8,
2024-10-24 16:00:00+00:00,2161309,Pháp Vân,20.9481,105.8493,2930.5,39.6,,61.4,
2024-10-24 17:00:00+00:00,2161309,Pháp Vân,20.9481,105.8493,1557.7,36.0,,73.2,
2024-10-24 18:00:00+00:00,2161309,Pháp Vân,20.9481,105.8493,1138.1,36.9,,64.0,
2024-10-24 19:00:00+00:00,2161309,Pháp Vân,20.9481,105.8493,907.6,36.6,,57.8,
2024-10-24 20:00:00+00:00,2161309,Pháp Vân,20.9481,105.8493,,24.8,,44.0,
2024-10-24 21:00:00+00:00,2161309,Pháp Vân,20.9481,105.8493,888.8,22.5,,36.1,
2024-10-24 22:00:00+00:00,2161309,Pháp Vân,20.9481,105.8493,,20.5,,36.7,
2024-10-24 23:00:00+00:00,2161309,Pháp Vân,20.9481,105.8493,1760.1,18.8,,54.2,
2024-10-25 00:00:00+00:00,2161309,Pháp Vân,20.9481,105.8493,1697.6,18.3,,45.2,
2024-10-25 01:00:00+00:00,2161309,Pháp Vân,20.9481,105.8493,2373.1,31.5,,44.8,
2024-10-25 02:00:00+00:00,2161309,Pháp Vân,20.9481,105.8493,3100.5,57.7,,55.7,
2024-10-25 03:00:00+00:00,2161309,Pháp Vân,20.9481,105.8493,2110.8,42.0,,39.4,
2024-10-25 04:00:00+00:00,2161309,Pháp Vân,20.9481,105.8493,920.5,30.3,,24.5,
2024-10-25 05:00:00+00:00,2161309,Pháp Vân,20.9481,105.8493,693.1,30.3,,18.9,
2024-10-25 06:00:00+00:00,2161309,Pháp Vân,20.9481,105.8493,564.1,25.7,,18.0,
2024-10-25 07:00:00+00:00,2161309,Pháp Vân,20.9481,105.8493,624.5,21.5,,16.7,
2024-10-25 08:00:00+00:00,2161309,Pháp Vân,20.9481,105.8493,490.4,19.5,,10.9,
2024-10-25 09:00:00+00:00,2161309,Pháp Vân,20.9481,105.8493,764.5,36.1,,12.8,
2024-10-25 10:00:00+00:00,2161309,Pháp Vân,20.9481,105.8493,1196.1,46.5,,16.3,
2024-10-25 11:00:00+00:00,2161309,Pháp Vân,20.9481,105.8493,4323.0,65.5,,26.0,
2024-10-25 12:00:00+00:00,2161309,Pháp Vân,20.9481,105.8493,6134.6,72.0,,68.2,
2024-10-25 13:00:00+00:00,2161309,Pháp Vân,20.9481,105.8493,6440.6,60.3,,69.8,
2024-10-25 14:00:00+00:00,2161309,Pháp Vân,20.9481,105.8493,5463.7,56.7,,83.3,
2024-10-25 15:00:00+00:00,2161309,Pháp Vân,20.9481,105.8493,6559.7,55.7,,90.7,
2024-10-25 16:00:00+00:00,2161309,Pháp Vân,20.9481,105.8493,6871.5,49.9,,60.0,
2024-10-25 17:00:00+00:00,2161309,Pháp Vân,20.9481,105.8493,3293.7,42.8,,50.3,
2024-10-25 18:00:00+00:00,2161309,Pháp Vân,20.9481,105.8493,1942.5,36.6,,39.4,
2024-10-25 19:00:00+00:00,2161309,Pháp Vân,20.9481,105.8493,1566.1,34.1,,42.0,
2024-10-25 20:00:00+00:00,2161309,Pháp Vân,20.9481,105.8493,1425.2,30.3,,46.1,
2024-10-25 21:00:00+00:00,2161309,Pháp Vân,20.9481,105.8493,864.2,29.9,,36.6,
2024-10-25 22:00:00+00:00,2161309,Pháp Vân,20.9481,105.8493,581.3,27.4,,31.2,
2024-10-25 23:00:00+00:00,2161309,Pháp Vân,20.9481,105.8493,826.1,25.4,,32.9,
2024-10-26 00:00:00+00:00,2161309,Pháp Vân,20.9481,105.8493,1180.2,28.6,,37.1,
2024-10-26 01:00:00+00:00,2161309,Pháp Vân,20.9481,105.8493,1933.8,29.9,,37.0,
2024-10-26 02:00:00+00:00,2161309,Pháp Vân,20.9481,105.8493,910.9,37.2,,20.9,
2024-10-26 03:00:00+00:00,2161309,Pháp Vân,20.9481,105.8493,491.4,33.5,,16.7,
2024-10-26 04:00:00+00:00,2161309,Pháp Vân,20.9481,105.8493,355.4,28.1,,11.6,
2024-10-26 05:00:00+00:00,2161309,Pháp Vân,20.9481,105.8493,387.3,31.3,,10.3,
2024-10-26 06:00:00+00:00,2161309,Pháp Vân,20.9481,105.8493,249.8,23.0,,8.9,
2024-10-26 07:00:00+00:00,2161309,Pháp Vân,20.9481,105.8493,253.9,14.9,,8.3,
2024-10-26 08:00:00+00:00,2161309,Pháp Vân,20.9481,105.8493,441.7,22.2,,10.6,
2024-10-26 09:00:00+00:00,2161309,Pháp Vân,20.9481,105.8493,543.1,39.6,,10.4,
2024-10-26 10:00:00+00:00,2161309,Pháp Vân,20.9481,105.8493,583.6,50.5,,14.3,
2024-10-26 11:00:00+00:00,2161309,Pháp Vân,20.9481,105.8493,1050.6,33.8,,14.7,
2024-10-26 12:00:00+00:00,2161309,Pháp Vân,20.9481,105.8493,2281.8,47.6,,21.7,
2024-10-26 13:00:00+00:00,2161309,Pháp Vân,20.9481,105.8493,2117.2,44.2,,54.7,
2024-10-26 14:00:00+00:00,2161309,Pháp Vân,20.9481,105.8493,,46.0,,46.8,
2024-10-26 15:00:00+00:00,2161309,Pháp Vân,20.9481,105.8493,1009.1,39.1,,38.9,
2024-10-26 16:00:00+00:00,2161309,Pháp Vân,20.9481,105.8493,583.8,21.8,,26.1,
2024-10-26 17:00:00+00:00,2161309,Pháp Vân,20.9481,105.8493,257.1,17.7,,13.3,
2024-10-26 18:00:00+00:00,2161309,Pháp Vân,20.9481,105.8493,375.4,15.8,,36.3,
2024-10-26 19:00:00+00:00,2161309,Pháp Vân,20.9481,105.8493,443.2,11.6,,193.5,
2024-10-26 20:00:00+00:00,2161309,Pháp Vân,20.9481,105.8493,24.9,10.2,,9.4,
2024-10-26 21:00:00+00:00,2161309,Pháp Vân,20.9481,105.8493,43.5,10.4,,8.5,
2024-10-26 22:00:00+00:00,2161309,Pháp Vân,20.9481,105.8493,24.3,8.3,,8.9,
2024-10-26 23:00:00+00:00,2161309,Pháp Vân,20.9481,105.8493,57.3,8.6,,9.4,
2024-10-27 00:00:00+00:00,2161309,Pháp Vân,20.9481,105.8493,111.7,11.9,,10.7,
2024-10-27 01:00:00+00:00,2161309,Pháp Vân,20.9481,105.8493,452.4,14.1,,10.3,
2024-10-27 02:00:00+00:00,2161309,Pháp Vân,20.9481,105.8493,593.3,16.6,,15.6,
2024-10-27 03:00:00+00:00,2161309,Pháp Vân,20.9481,105.8493,690.7,15.9,,14.2,
2024-10-27 04:00:00+00:00,2161309,Pháp Vân,20.9481,105.8493,784.7,15.7,,18.2,
2024-10-27 05:00:00+00:00,2161309,Pháp Vân,20.9481,105.8493,959.2,18.3,,23.2,
2024-10-27 06:00:00+00:00,2161309,Pháp Vân,20.9481,105.8493,329.2,15.6,,14.3,
2024-10-27 07:00:00+00:00,2161309,Pháp Vân,20.9481,105.8493,387.7,16.0,,14.1,
2024-10-27 08:00:00+00:00,2161309,Pháp Vân,20.9481,105.8493,390.0,15.8,,13.6,
2024-10-27 09:00:00+00:00,2161309,Pháp Vân,20.9481,105.8493,433.8,20.2,,18.0,
2024-10-27 10:00:00+00:00,2161309,Pháp Vân,20.9481,105.8493,338.7,15.6,,19.8,
2024-10-27 11:00:00+00:00,2161309,Pháp Vân,20.9481,105.8493,439.5,16.6,,23.0,
2024-10-27 12:00:00+00:00,2161309,Pháp Vân,20.9481,105.8493,1277.9,16.9,,24.0,
2024-10-27 13:00:00+00:00,2161309,Pháp Vân,20.9481,105.8493,721.2,16.5,,16.7,
2024-10-27 14:00:00+00:00,2161309,Pháp Vân,20.9481,105.8493,337.3,12.5,,10.8,
2024-10-27 15:00:00+00:00,2161309,Pháp Vân,20.9481,105.8493,222.1,11.8,,10.3,
2024-10-27 16:00:00+00:00,2161309,Pháp Vân,20.9481,105.8493,242.8,9.8,,11.2,
2024-10-27 17:00:00+00:00,2161309,Pháp Vân,20.9481,105.8493,282.5,8.7,,14.8,
2024-10-27 18:00:00+00:00,2161309,Pháp Vân,20.9481,105.8493,113.6,8.6,,15.5,
2024-10-27 19:00:00+00:00,2161309,Pháp Vân,20.9481,105.8493,83.8,7.9,,15.7,
2024-10-27 20:00:00+00:00,2161309,Pháp Vân,20.9481,105.8493,104.7,8.4,,15.7,
2024-10-27 21:00:00+00:00,2161309,Pháp Vân,20.9481,105.8493,52.8,7.9,,12.7,
2024-10-27 22:00:00+00:00,2161309,Pháp Vân,20.9481,105.8493,28.7,7.8,,8.7,
2024-10-27 23:00:00+00:00,2161309,Pháp Vân,20.9481,105.8493,64.7,8.5,,8.0,
2024-10-28 00:00:00+00:00,2161309,Pháp Vân,20.9481,105.8493,570.4,13.8,,9.4,
2024-10-28 01:00:00+00:00,2161309,Pháp Vân,20.9481,105.8493,1080.5,21.1,,10.7,
2024-10-28 02:00:00+00:00,2161309,Pháp Vân,20.9481,105.8493,765.2,18.7,,11.5,
2024-10-28 03:00:00+00:00,2161309,Pháp Vân,20.9481,105.8493,529.0,20.9,,13.7,
2024-10-28 04:00:00+00:00,2161309,Pháp Vân,20.9481,105.8493,686.6,20.0,,17.3,
2024-10-28 05:00:00+00:00,2161309,Pháp Vân,20.9481,105.8493,566.8,19.2,,13.8,
2024-10-28 06:00:00+00:00,2161309,Pháp Vân,20.9481,105.8493,752.1,15.8,,10.9,
2024-10-28 07:00:00+00:00,2161309,Pháp Vân,20.9481,105.8493,851.8,20.6,,23.2,
2024-10-28 08:00:00+00:00,2161309,Pháp Vân,20.9481,105.8493,534.7,19.3,,19.4,
2024-10-28 09:00:00+00:00,2161309,Pháp Vân,20.9481,105.8493,780.1,25.5,,20.2,
2024-10-28 10:00:00+00:00,2161309,Pháp Vân,20.9481,105.8493,,26.2,,14.6,
2024-10-28 11:00:00+00:00,2161309,Pháp Vân,20.9481,105.8493,,29.1,,14.3,
2024-10-28 12:00:00+00:00,2161309,Pháp Vân,20.9481,105.8493,1062.1,22.5,,19.6,
2024-10-28 13:00:00+00:00,2161309,Pháp Vân,20.9481,105.8493,992.9,23.7,,19.3,
2024-10-28 14:00:00+00:00,2161309,Pháp Vân,20.9481,105.8493,394.6,11.2,,12.8,
2024-10-28 15:00:00+00:00,2161309,Pháp Vân,20.9481,105.8493,,7.0,,10.9,
2024-10-28 16:00:00+00:00,2161309,Pháp Vân,20.9481,105.8493,149.0,11.4,,11.4,
2024-10-28 17:00:00+00:00,2161309,Pháp Vân,20.9481,105.8493,1519.4,15.9,,13.3,
2024-10-28 18:00:00+00:00,2161309,Pháp Vân,20.9481,105.8493,2950.7,13.8,,15.5,
2024-10-28 19:00:00+00:00,2161309,Pháp Vân,20.9481,105.8493,2510.9,10.6,,12.2,
2024-10-28 20:00:00+00:00,2161309,Pháp Vân,20.9481,105.8493,3667.4,9.6,,11.5,
2024-10-28 21:00:00+00:00,2161309,Pháp Vân,20.9481,105.8493,3692.8,7.9,,11.8,
2024-10-28 22:00:00+00:00,2161309,Pháp Vân,20.9481,105.8493,779.5,6.9,,9.3,
2024-10-28 23:00:00+00:00,2161309,Pháp Vân,20.9481,105.8493,5600.9,7.7,,13.8,
2024-10-29 00:00:00+00:00,2161309,Pháp Vân,20.9481,105.8493,5937.3,15.0,,13.6,
2024-10-29 01:00:00+00:00,2161309,Pháp Vân,20.9481,105.8493,7528.9,18.8,,17.1,
2024-10-29 02:00:00+00:00,2161309,Pháp Vân,20.9481,105.8493,2219.7,21.4,,21.9,
2024-10-29 03:00:00+00:00,2161309,Pháp Vân,20.9481,105.8493,832.2,20.5,,17.2,
2024-10-29 04:00:00+00:00,2161309,Pháp Vân,20.9481,105.8493,726.0,21.7,,18.3,
2024-10-29 05:00:00+00:00,2161309,Pháp Vân,20.9481,105.8493,710.2,19.7,,18.8,
2024-10-29 06:00:00+00:00,2161309,Pháp Vân,20.9481,105.8493,895.5,21.2,,17.8,
2024-10-29 07:00:00+00:00,2161309,Pháp Vân,20.9481,105.8493,926.3,30.2,,15.6,
2024-10-29 08:00:00+00:00,2161309,Pháp Vân,20.9481,105.8493,856.5,21.0,,20.6,
2024-10-29 09:00:00+00:00,2161309,Pháp Vân,20.9481,105.8493,882.1,24.3,,21.7,
2024-10-29 10:00:00+00:00,2161309,Pháp Vân,20.9481,105.8493,1295.9,33.0,,23.3,
2024-10-29 11:00:00+00:00,2161309,Pháp Vân,20.9481,105.8493,3356.2,45.3,,39.4,
2024-10-29 12:00:00+00:00,2161309,Pháp Vân,20.9481,105.8493,2830.9,42.9,,45.0,
2024-10-29 13:00:00+00:00,2161309,Pháp Vân,20.9481,105.8493,,37.5,,39.1,
2024-10-29 14:00:00+00:00,2161309,Pháp Vân,20.9481,105.8493,3424.6,33.2,,40.4,
2024-10-29 15:00:00+00:00,2161309,Pháp Vân,20.9481,105.8493,2860.7,31.0,,41.9,
2024-10-29 16:00:00+00:00,2161309,Pháp Vân,20.9481,105.8493,2911.3,25.1,,47.4,
2024-10-29 17:00:00+00:00,2161309,Pháp Vân,20.9481,105.8493,2945.2,21.4,,45.1,
2024-10-29 18:00:00+00:00,2161309,Pháp Vân,20.9481,105.8493,1538.8,30.7,,37.2,
2024-10-29 19:00:00+00:00,2161309,Pháp Vân,20.9481,105.8493,2146.2,30.3,,43.4,
2024-10-29 20:00:00+00:00,2161309,Pháp Vân,20.9481,105.8493,1977.2,19.0,,33.5,
2024-10-29 21:00:00+00:00,2161309,Pháp Vân,20.9481,105.8493,3848.3,14.9,,34.7,
2024-10-29 22:00:00+00:00,2161309,Pháp Vân,20.9481,105.8493,5184.3,15.6,,26.9,
2024-10-29 23:00:00+00:00,2161309,Pháp Vân,20.9481,105.8493,6762.0,16.8,,39.2,
2024-10-30 00:00:00+00:00,2161309,Pháp Vân,20.9481,105.8493,3578.5,22.0,,29.4,
2024-10-30 01:00:00+00:00,2161309,Pháp Vân,20.9481,105.8493,2277.2,26.5,,25.5,
2024-10-30 02:00:00+00:00,2161309,Pháp Vân,20.9481,105.8493,1017.3,26.7,,21.9,
2024-10-30 03:00:00+00:00,2161309,Pháp Vân,20.9481,105.8493,544.8,27.4,,16.9,
2024-10-30 04:00:00+00:00,2161309,Pháp Vân,20.9481,105.8493,583.3,27.8,,18.5,
2024-10-30 05:00:00+00:00,2161309,Pháp Vân,20.9481,105.8493,541.8,24.5,,14.7,
2024-10-30 06:00:00+00:00,2161309,Pháp Vân,20.9481,105.8493,509.1,25.5,,14.7,
2024-10-30 07:00:00+00:00,2161309,Pháp Vân,20.9481,105.8493,599.3,29.3,,13.0,
2024-10-30 08:00:00+00:00,2161309,Pháp Vân,20.9481,105.8493,469.0,25.7,,12.9,
2024-10-30 09:00:00+00:00,2161309,Pháp Vân,20.9481,105.8493,462.0,26.1,,12.9,
2024-10-30 10:00:00+00:00,2161309,Pháp Vân,20.9481,105.8493,861.3,31.9,,18.8,
2024-10-30 11:00:00+00:00,2161309,Pháp Vân,20.9481,105.8493,1681.6,36.6,,34.9,
2024-10-30 12:00:00+00:00,2161309,Pháp Vân,20.9481,105.8493,1982.5,41.9,,59.3,
2024-10-30 13:00:00+00:00,2161309,Pháp Vân,20.9481,105.8493,1740.7,48.3,,69.9,
2024-10-30 14:00:00+00:00,2161309,Pháp Vân,20.9481,105.8493,829.5,26.6,,57.6,
2024-10-30 15:00:00+00:00,2161309,Pháp Vân,20.9481,105.8493,749.8,19.7,,47.8,
2024-10-30 16:00:00+00:00,2161309,Pháp Vân,20.9481,105.8493,728.8,20.9,,67.7,
2024-10-30 17:00:00+00:00,2161309,Pháp Vân,20.9481,105.8493,686.7,25.3,,75.1,
2024-10-30 18:00:00+00:00,2161309,Pháp Vân,20.9481,105.8493,618.0,23.1,,71.6,
2024-10-30 19:00:00+00:00,2161309,Pháp Vân,20.9481,105.8493,906.3,16.9,,68.6,
2024-10-30 20:00:00+00:00,2161309,Pháp Vân,20.9481,105.8493,628.9,20.3,,67.7,
2024-10-30 21:00:00+00:00,2161309,Pháp Vân,20.9481,105.8493,1483.3,21.0,,72.7,
2024-10-30 22:00:00+00:00,2161309,Pháp Vân,20.9481,105.8493,582.5,20.6,,72.5,
2024-10-30 23:00:00+00:00,2161309,Pháp Vân,20.9481,105.8493,1115.4,17.1,,76.7,
2024-10-31 00:00:00+00:00,2161309,Pháp Vân,20.9481,105.8493,,18.0,,90.0,
2024-10-31 01:00:00+00:00,2161309,Pháp Vân,20.9481,105.8493,2409.8,31.9,,86.6,
2024-10-31 07:00:00+00:00,2161309,Pháp Vân,20.9481,105.8493,1105.9,34.6,,39.8,
2024-10-31 08:00:00+00:00,2161309,Pháp Vân,20.9481,105.8493,1013.0,29.7,,32.2,
2024-10-31 09:00:00+00:00,2161309,Pháp Vân,20.9481,105.8493,954.9,21.5,,31.1,
2024-10-31 10:00:00+00:00,2161309,Pháp Vân,20.9481,105.8493,1998.1,29.3,,31.4,
2024-10-31 11:00:00+00:00,2161309,Pháp Vân,20.9481,105.8493,3879.0,53.4,,39.4,
2024-10-31 12:00:00+00:00,2161309,Pháp Vân,20.9481,105.8493,4768.5,50.7,,86.7,
2024-10-31 13:00:00+00:00,2161309,Pháp Vân,20.9481,105.8493,8308.0,60.9,,86.0,
2024-10-31 14:00:00+00:00,2161309,Pháp Vân,20.9481,105.8493,7013.7,49.2,,120.7,
2024-10-31 15:00:00+00:00,2161309,Pháp Vân,20.9481,105.8493,7204.9,46.1,,93.2,
2024-10-31 16:00:00+00:00,2161309,Pháp Vân,20.9481,105.8493,4419.1,47.1,,105.0,
2024-10-31 17:00:00+00:00,2161309,Pháp Vân,20.9481,105.8493,1587.7,31.2,,98.9,
2024-10-31 18:00:00+00:00,2161309,Pháp Vân,20.9481,105.8493,1089.5,18.8,,93.8,
2024-10-31 19:00:00+00:00,2161309,Pháp Vân,20.9481,105.8493,1041.0,21.4,,93.3,
2024-10-31 20:00:00+00:00,2161309,Pháp Vân,20.9481,105.8493,1566.7,26.1,,112.7,
2024-10-31 21:00:00+00:00,2161309,Pháp Vân,20.9481,105.8493,1171.2,22.7,,103.2,
2024-10-31 22:00:00+00:00,2161309,Pháp Vân,20.9481,105.8493,1654.5,24.2,,91.2,
2024-10-31 23:00:00+00:00,2161309,Pháp Vân,20.9481,105.8493,3277.9,21.7,,84.0,
2024-11-01 00:00:00+00:00,2161309,Pháp Vân,20.9481,105.8493,3555.9,22.2,,83.7,
2024-11-01 01:00:00+00:00,2161309,Pháp Vân,20.9481,105.8493,3636.6,36.5,,97.6,
2024-11-01 02:00:00+00:00,2161309,Pháp Vân,20.9481,105.8493,2138.2,42.8,,72.7,
2024-11-01 03:00:00+00:00,2161309,Pháp Vân,20.9481,105.8493,1133.1,34.2,,35.6,
2024-11-01 04:00:00+00:00,2161309,Pháp Vân,20.9481,105.8493,510.9,29.5,,18.9,
2024-11-01 05:00:00+00:00,2161309,Pháp Vân,20.9481,105.8493,512.7,28.9,,17.3,
2024-11-01 06:00:00+00:00,2161309,Pháp Vân,20.9481,105.8493,423.6,27.8,,14.7,
2024-11-01 07:00:00+00:00,2161309,Pháp Vân,20.9481,105.8493,403.2,30.7,,15.2,
2024-11-01 08:00:00+00:00,2161309,Pháp Vân,20.9481,105.8493,461.9,23.9,,14.5,
2024-11-01 09:00:00+00:00,2161309,Pháp Vân,20.9481,105.8493,548.1,18.7,,20.6,
2024-11-01 10:00:00+00:00,2161309,Pháp Vân,20.9481,105.8493,686.6,23.9,,21.1,
2024-11-01 11:00:00+00:00,2161309,Pháp Vân,20.9481,105.8493,1106.1,45.5,,23.0,
2024-11-01 12:00:00+00:00,2161309,Pháp Vân,20.9481,105.8493,6442.9,65.1,,97.6,
2024-11-01 13:00:00+00:00,2161309,Pháp Vân,20.9481,105.8493,3118.9,58.6,,61.8,
2024-11-01 14:00:00+00:00,2161309,Pháp Vân,20.9481,105.8493,1259.7,38.6,,53.6,
2024-11-01 15:00:00+00:00,2161309,Pháp Vân,20.9481,105.8493,709.4,27.2,,67.5,
2024-11-01 16:00:00+00:00,2161309,Pháp Vân,20.9481,105.8493,785.0,23.4,,61.3,
2024-11-01 17:00:00+00:00,2161309,Pháp Vân,20.9481,105.8493,568.0,21.3,,58.3,
2024-11-01 18:00:00+00:00,2161309,Pháp Vân,20.9481,105.8493,722.7,21.3,,67.2,
2024-11-01 19:00:00+00:00,2161309,Pháp Vân,20.9481,105.8493,628.9,23.5,,70.8,
2024-11-01 20:00:00+00:00,2161309,Pháp Vân,20.9481,105.8493,375.4,15.0,,32.6,
2024-11-01 21:00:00+00:00,2161309,Pháp Vân,20.9481,105.8493,284.3,17.4,,43.7,
2024-11-01 22:00:00+00:00,2161309,Pháp Vân,20.9481,105.8493,592.2,33.8,,52.7,
2024-11-01 23:00:00+00:00,2161309,Pháp Vân,20.9481,105.8493,1241.0,34.5,,48.0,
2024-11-02 00:00:00+00:00,2161309,Pháp Vân,20.9481,105.8493,1047.3,36.2,,41.8,
2024-11-02 01:00:00+00:00,2161309,Pháp Vân,20.9481,105.8493,1211.7,27.1,,38.8,
2024-11-02 02:00:00+00:00,2161309,Pháp Vân,20.9481,105.8493,769.7,28.5,,30.1,
2024-11-02 03:00:00+00:00,2161309,Pháp Vân,20.9481,105.8493,334.1,27.1,,17.4,
2024-11-02 04:00:00+00:00,2161309,Pháp Vân,20.9481,105.8493,263.1,34.1,,15.0,
2024-11-02 05:00:00+00:00,2161309,Pháp Vân,20.9481,105.8493,368.5,27.2,,14.8,
2024-11-02 06:00:00+00:00,2161309,Pháp Vân,20.9481,105.8493,358.2,29.1,,14.6,
2024-11-02 07:00:00+00:00,2161309,Pháp Vân,20.9481,105.8493,300.8,23.3,,14.1,
2024-11-02 08:00:00+00:00,2161309,Pháp Vân,20.9481,105.8493,280.3,13.9,,13.6,
2024-11-02 09:00:00+00:00,2161309,Pháp Vân,20.9481,105.8493,285.3,17.6,,13.3,
2024-11-02 10:00:00+00:00,2161309,Pháp Vân,20.9481,105.8493,376.3,34.1,,18.0,
2024-11-02 11:00:00+00:00,2161309,Pháp Vân,20.9481,105.8493,1071.2,42.1,,30.0,
2024-11-02 12:00:00+00:00,2161309,Pháp Vân,20.9481,105.8493,1506.5,65.7,,82.9,
2024-11-02 13:00:00+00:00,2161309,Pháp Vân,20.9481,105.8493,1300.9,55.1,,65.0,
2024-11-02 14:00:00+00:00,2161309,Pháp Vân,20.9481,105.8493,720.3,23.2,,68.3,
2024-11-02 15:00:00+00:00,2161309,Pháp Vân,20.9481,105.8493,759.8,23.4,,76.6,
2024-11-02 16:00:00+00:00,2161309,Pháp Vân,20.9481,105.8493,814.8,32.5,,77.3,
2024-11-02 17:00:00+00:00,2161309,Pháp Vân,20.9481,105.8493,641.5,22.8,,69.4,
2024-11-02 18:00:00+00:00,2161309,Pháp Vân,20.9481,105.8493,508.4,21.9,,50.9,
2024-11-02 19:00:00+00:00,2161309,Pháp Vân,20.9481,105.8493,475.0,23.5,,43.2,
2024-11-02 20:00:00+00:00,2161309,Pháp Vân,20.9481,105.8493,452.3,19.3,,31.6,
2024-11-02 21:00:00+00:00,2161309,Pháp Vân,20.9481,105.8493,647.1,14.5,,28.9,
2024-11-02 22:00:00+00:00,2161309,Pháp Vân,20.9481,105.8493,550.0,20.9,,33.9,
2024-11-02 23:00:00+00:00,2161309,Pháp Vân,20.9481,105.8493,866.4,31.4,,59.9,
2024-11-03 00:00:00+00:00,2161309,Pháp Vân,20.9481,105.8493,1230.7,29.8,,65.0,
2024-11-03 01:00:00+00:00,2161309,Pháp Vân,20.9481,105.8493,745.0,23.2,,41.4,
2024-11-03 02:00:00+00:00,2161309,Pháp Vân,20.9481,105.8493,513.1,35.1,,31.9,
2024-11-03 03:00:00+00:00,2161309,Pháp Vân,20.9481,105.8493,558.3,29.4,,33.7,
2024-11-03 04:00:00+00:00,2161309,Pháp Vân,20.9481,105.8493,613.0,26.2,,35.3,
2024-11-03 05:00:00+00:00,2161309,Pháp Vân,20.9481,105.8493,502.3,28.9,,30.9,
2024-11-03 06:00:00+00:00,2161309,Pháp Vân,20.9481,105.8493,552.3,30.0,,32.0,
2024-11-03 07:00:00+00:00,2161309,Pháp Vân,20.9481,105.8493,511.0,17.5,,32.9,
2024-11-03 08:00:00+00:00,2161309,Pháp Vân,20.9481,105.8493,511.4,16.5,,33.2,
2024-11-03 09:00:00+00:00,2161309,Pháp Vân,20.9481,105.8493,686.7,23.1,,40.9,
2024-11-03 10:00:00+00:00,2161309,Pháp Vân,20.9481,105.8493,706.1,22.4,,39.1,
2024-11-03 11:00:00+00:00,2161309,Pháp Vân,20.9481,105.8493,980.8,29.4,,47.0,
2024-11-03 12:00:00+00:00,2161309,Pháp Vân,20.9481,105.8493,1272.6,41.7,,83.1,
2024-11-03 13:00:00+00:00,2161309,Pháp Vân,20.9481,105.8493,2240.7,47.1,,93.5,
2024-11-03 14:00:00+00:00,2161309,Pháp Vân,20.9481,105.8493,2174.1,48.1,,86.3,
2024-11-03 15:00:00+00:00,2161309,Pháp Vân,20.9481,105.8493,1366.1,36.2,,94.2,
2024-11-03 16:00:00+00:00,2161309,Pháp Vân,20.9481,105.8493,1043.9,32.1,,85.7,
2024-11-03 17:00:00+00:00,2161309,Pháp Vân,20.9481,105.8493,675.6,22.3,,57.5,
2024-11-03 18:00:00+00:00,2161309,Pháp Vân,20.9481,105.8493,612.8,20.0,,45.9,
2024-11-03 19:00:00+00:00,2161309,Pháp Vân,20.9481,105.8493,466.7,20.4,,34.8,
2024-11-03 20:00:00+00:00,2161309,Pháp Vân,20.9481,105.8493,404.9,18.4,,35.0,
2024-11-03 21:00:00+00:00,2161309,Pháp Vân,20.9481,105.8493,599.8,19.5,,79.7,
2024-11-03 22:00:00+00:00,2161309,Pháp Vân,20.9481,105.8493,666.3,20.4,,71.5,
2024-11-03 23:00:00+00:00,2161309,Pháp Vân,20.9481,105.8493,,26.8,,54.0,
2024-11-04 00:00:00+00:00,2161309,Pháp Vân,20.9481,105.8493,1847.7,30.3,,82.3,
2024-11-04 01:00:00+00:00,2161309,Pháp Vân,20.9481,105.8493,2335.5,35.0,,66.7,
2024-11-04 02:00:00+00:00,2161309,Pháp Vân,20.9481,105.8493,1367.4,31.2,,50.0,
2024-11-04 03:00:00+00:00,2161309,Pháp Vân,20.9481,105.8493,1025.3,42.2,,46.4,
2024-11-04 04:00:00+00:00,2161309,Pháp Vân,20.9481,105.8493,496.9,31.8,,35.3,
2024-11-04 05:00:00+00:00,2161309,Pháp Vân,20.9481,105.8493,634.0,29.5,,37.9,
2024-11-04 06:00:00+00:00,2161309,Pháp Vân,20.9481,105.8493,606.6,31.5,,36.5,
2024-11-04 07:00:00+00:00,2161309,Pháp Vân,20.9481,105.8493,609.7,21.9,,39.3,
2024-11-04 08:00:00+00:00,2161309,Pháp Vân,20.9481,105.8493,491.6,15.8,,31.6,
2024-11-04 09:00:00+00:00,2161309,Pháp Vân,20.9481,105.8493,501.2,14.9,,28.6,
2024-11-04 10:00:00+00:00,2161309,Pháp Vân,20.9481,105.8493,641.4,21.5,,29.5,
2024-11-04 11:00:00+00:00,2161309,Pháp Vân,20.9481,105.8493,1035.7,27.5,,50.3,
2024-11-04 12:00:00+00:00,2161309,Pháp Vân,20.9481,105.8493,438.1,17.5,,32.3,
2024-11-04 13:00:00+00:00,2161309,Pháp Vân,20.9481,105.8493,403.4,12.4,,24.3,
2024-11-04 14:00:00+00:00,2161309,Pháp Vân,20.9481,105.8493,264.6,12.2,,20.5,
2024-11-04 15:00:00+00:00,2161309,Pháp Vân,20.9481,105.8493,348.7,14.7,,22.2,
2024-11-04 16:00:00+00:00,2161309,Pháp Vân,20.9481,105.8493,535.4,18.0,,20.9,
2024-11-04 17:00:00+00:00,2161309,Pháp Vân,20.9481,105.8493,247.4,13.4,,21.6,
2024-11-04 18:00:00+00:00,2161309,Pháp Vân,20.9481,105.8493,272.9,16.0,,25.8,
2024-11-04 19:00:00+00:00,2161309,Pháp Vân,20.9481,105.8493,481.4,13.2,,34.7,
2024-11-04 20:00:00+00:00,2161309,Pháp Vân,20.9481,105.8493,272.8,10.5,,29.5,
2024-11-04 21:00:00+00:00,2161309,Pháp Vân,20.9481,105.8493,307.2,12.0,,31.9,
2024-11-04 22:00:00+00:00,2161309,Pháp Vân,20.9481,105.8493,687.6,13.5,,32.2,
2024-11-04 23:00:00+00:00,2161309,Pháp Vân,20.9481,105.8493,470.2,10.6,,35.3,
2024-11-05 00:00:00+00:00,2161309,Pháp Vân,20.9481,105.8493,620.5,12.0,,34.2,
2024-11-05 01:00:00+00:00,2161309,Pháp Vân,20.9481,105.8493,1205.8,19.6,,32.7,
2024-11-05 02:00:00+00:00,2161309,Pháp Vân,20.9481,105.8493,937.5,18.5,,30.2,
2024-11-05 03:00:00+00:00,2161309,Pháp Vân,20.9481,105.8493,661.0,13.1,,27.9,
2024-11-05 04:00:00+00:00,2161309,Pháp Vân,20.9481,105.8493,623.6,13.7,,32.3,
2024-11-05 05:00:00+00:00,2161309,Pháp Vân,20.9481,105.8493,661.3,34.1,,39.6,
2024-11-05 06:00:00+00:00,2161309,Pháp Vân,20.9481,105.8493,453.5,23.9,,29.5,
2024-11-05 07:00:00+00:00,2161309,Pháp Vân,20.9481,105.8493,527.9,14.3,,29.5,
2024-11-05 08:00:00+00:00,2161309,Pháp Vân,20.9481,105.8493,1102.7,23.3,,38.4,
2024-11-05 09:00:00+00:00,2161309,Pháp Vân,20.9481,105.8493,1483.6,22.0,,39.9,
2024-11-05 10:00:00+00:00,2161309,Pháp Vân,20.9481,105.8493,1624.7,24.7,,42.7,
2024-11-05 11:00:00+00:00,2161309,Pháp Vân,20.9481,105.8493,2408.5,29.4,,48.9,
2024-11-05 12:00:00+00:00,2161309,Pháp Vân,20.9481,105.8493,2387.9,27.1,,56.3,
2024-11-05 13:00:00+00:00,2161309,Pháp Vân,20.9481,105.8493,1792.5,20.7,,44.9,
2024-11-05 14:00:00+00:00,2161309,Pháp Vân,20.9481,105.8493,1311.6,20.7,,41.5,
2024-11-05 15:00:00+00:00,2161309,Pháp Vân,20.9481,105.8493,1599.1,25.4,,38.7,
2024-11-05 16:00:00+00:00,2161309,Pháp Vân,20.9481,105.8493,1434.2,23.5,,38.7,
2024-11-05 17:00:00+00:00,2161309,Pháp Vân,20.9481,105.8493,1389.8,23.1,,41.1,
2024-11-05 18:00:00+00:00,2161309,Pháp Vân,20.9481,105.8493,822.6,19.7,,42.1,
2024-11-05 19:00:00+00:00,2161309,Pháp Vân,20.9481,105.8493,713.9,17.5,,43.5,
2024-11-05 20:00:00+00:00,2161309,Pháp Vân,20.9481,105.8493,594.3,17.3,,46.8,
2024-11-05 21:00:00+00:00,2161309,Pháp Vân,20.9481,105.8493,715.6,22.2,,48.3,
2024-11-05 22:00:00+00:00,2161309,Pháp Vân,20.9481,105.8493,831.9,18.2,,52.7,
2024-11-05 23:00:00+00:00,2161309,Pháp Vân,20.9481,105.8493,920.2,23.5,,45.4,
2024-11-06 00:00:00+00:00,2161309,Pháp Vân,20.9481,105.8493,764.3,24.4,,38.2,
2024-11-06 01:00:00+00:00,2161309,Pháp Vân,20.9481,105.8493,1768.8,26.3,,44.2,
2024-11-06 02:00:00+00:00,2161309,Pháp Vân,20.9481,105.8493,1753.4,27.4,,59.1,
2024-11-06 03:00:00+00:00,2161309,Pháp Vân,20.9481,105.8493,1230.0,30.9,,48.0,
2024-11-06 04:00:00+00:00,2161309,Pháp Vân,20.9481,105.8493,806.1,29.9,,35.2,
2024-11-06 05:00:00+00:00,2161309,Pháp Vân,20.9481,105.8493,593.4,19.7,,30.9,
2024-11-06 06:00:00+00:00,2161309,Pháp Vân,20.9481,105.8493,592.6,19.0,,29.4,
2024-11-06 07:00:00+00:00,2161309,Pháp Vân,20.9481,105.8493,705.6,24.9,,31.2,
2024-11-06 08:00:00+00:00,2161309,Pháp Vân,20.9481,105.8493,650.6,18.8,,31.5,
2024-11-06 09:00:00+00:00,2161309,Pháp Vân,20.9481,105.8493,965.1,29.9,,36.9,
2024-11-06 10:00:00+00:00,2161309,Pháp Vân,20.9481,105.8493,1169.9,37.0,,43.9,
2024-11-06 11:00:00+00:00,2161309,Pháp Vân,20.9481,105.8493,1379.0,38.8,,46.8,
2024-11-06 12:00:00+00:00,2161309,Pháp Vân,20.9481,105.8493,2980.6,51.2,,56.2,
2024-11-06 13:00:00+00:00,2161309,Pháp Vân,20.9481,105.8493,5243.8,47.5,,68.4,
2024-11-06 14:00:00+00:00,2161309,Pháp Vân,20.9481,105.8493,6187.6,43.4,,72.7,
2024-11-06 15:00:00+00:00,2161309,Pháp Vân,20.9481,105.8493,4518.2,38.8,,72.0,
2024-11-06 16:00:00+00:00,2161309,Pháp Vân,20.9481,105.8493,4330.5,39.2,,80.2,
2024-11-06 17:00:00+00:00,2161309,Pháp Vân,20.9481,105.8493,3941.6,30.1,,74.9,
2024-11-06 18:00:00+00:00,2161309,Pháp Vân,20.9481,105.8493,2316.0,32.1,,79.6,
2024-11-06 19:00:00+00:00,2161309,Pháp Vân,20.9481,105.8493,1523.1,28.3,,84.3,
2024-11-06 20:00:00+00:00,2161309,Pháp Vân,20.9481,105.8493,841.0,21.4,,95.1,
2024-11-06 21:00:00+00:00,2161309,Pháp Vân,20.9481,105.8493,828.6,18.1,,88.4,
2024-11-06 22:00:00+00:00,2161309,Pháp Vân,20.9481,105.8493,1059.3,17.0,,76.3,
2024-11-06 23:00:00+00:00,2161309,Pháp Vân,20.9481,105.8493,692.9,21.8,,69.2,
2024-11-07 00:00:00+00:00,2161309,Pháp Vân,20.9481,105.8493,744.3,17.8,,59.9,
2024-11-07 01:00:00+00:00,2161309,Pháp Vân,20.9481,105.8493,999.2,20.1,,55.4,
2024-11-07 02:00:00+00:00,2161309,Pháp Vân,20.9481,105.8493,760.2,20.9,,46.2,
2024-11-07 03:00:00+00:00,2161309,Pháp Vân,20.9481,105.8493,672.4,23.2,,41.6,
2024-11-07 04:00:00+00:00,2161309,Pháp Vân,20.9481,105.8493,,26.7,,38.0,
2024-11-07 05:00:00+00:00,2161309,Pháp Vân,20.9481,105.8493,772.9,23.4,,34.6,
2024-11-07 06:00:00+00:00,2161309,Pháp Vân,20.9481,105.8493,523.5,21.9,,30.6,
2024-11-07 07:00:00+00:00,2161309,Pháp Vân,20.9481,105.8493,481.7,23.9,,24.8,
2024-11-07 08:00:00+00:00,2161309,Pháp Vân,20.9481,105.8493,389.0,22.1,,23.1,
2024-11-07 09:00:00+00:00,2161309,Pháp Vân,20.9481,105.8493,503.3,25.4,,26.2,
2024-11-07 10:00:00+00:00,2161309,Pháp Vân,20.9481,105.8493,572.8,25.6,,33.9,
2024-11-07 11:00:00+00:00,2161309,Pháp Vân,20.9481,105.8493,2190.3,47.0,,49.8,
2024-11-07 12:00:00+00:00,2161309,Pháp Vân,20.9481,105.8493,2112.1,52.9,,79.5,
2024-11-07 13:00:00+00:00,2161309,Pháp Vân,20.9481,105.8493,1130.0,30.0,,65.2,
2024-11-07 14:00:00+00:00,2161309,Pháp Vân,20.9481,105.8493,644.8,25.9,,50.9,
2024-11-07 15:00:00+00:00,2161309,Pháp Vân,20.9481,105.8493,825.9,25.7,,48.9,
2024-11-07 16:00:00+00:00,2161309,Pháp Vân,20.9481,105.8493,617.1,21.7,,49.7,
2024-11-07 17:00:00+00:00,2161309,Pháp Vân,20.9481,105.8493,775.2,31.4,,61.6,
2024-11-07 18:00:00+00:00,2161309,Pháp Vân,20.9481,105.8493,749.1,26.4,,65.3,
2024-11-07 19:00:00+00:00,2161309,Pháp Vân,20.9481,105.8493,805.2,20.5,,54.5,
2024-11-07 20:00:00+00:00,2161309,Pháp Vân,20.9481,105.8493,642.9,17.1,,52.4,
2024-11-07 21:00:00+00:00,2161309,Pháp Vân,20.9481,105.8493,710.8,18.1,,56.9,
2024-11-07 22:00:00+00:00,2161309,Pháp Vân,20.9481,105.8493,876.4,22.7,,56.0,
2024-11-07 23:00:00+00:00,2161309,Pháp Vân,20.9481,105.8493,972.0,26.9,,74.5,
2024-11-08 00:00:00+00:00,2161309,Pháp Vân,20.9481,105.8493,1095.1,24.5,,76.8,
2024-11-08 01:00:00+00:00,2161309,Pháp Vân,20.9481,105.8493,1946.9,30.4,,74.1,
2024-11-08 02:00:00+00:00,2161309,Pháp Vân,20.9481,105.8493,1821.7,38.8,,81.9,
2024-11-08 03:00:00+00:00,2161309,Pháp Vân,20.9481,105.8493,1291.5,34.5,,58.9,
2024-11-08 04:00:00+00:00,2161309,Pháp Vân,20.9481,105.8493,978.8,31.7,,42.1,
2024-11-08 05:00:00+00:00,2161309,Pháp Vân,20.9481,105.8493,674.1,27.2,,31.0,
2024-11-08 06:00:00+00:00,2161309,Pháp Vân,20.9481,105.8493,707.1,31.1,,29.7,
2024-11-08 07:00:00+00:00,2161309,Pháp Vân,20.9481,105.8493,696.2,29.9,,31.0,
2024-11-08 08:00:00+00:00,2161309,Pháp Vân,20.9481,105.8493,513.9,20.1,,26.9,
2024-11-08 09:00:00+00:00,2161309,Pháp Vân,20.9481,105.8493,535.2,17.6,,27.0,
2024-11-08 10:00:00+00:00,2161309,Pháp Vân,20.9481,105.8493,810.6,25.9,,27.1,
2024-11-08 11:00:00+00:00,2161309,Pháp Vân,20.9481,105.8493,1838.3,53.9,,45.4,
2024-11-08 12:00:00+00:00,2161309,Pháp Vân,20.9481,105.8493,3110.3,68.7,,55.1,
2024-11-08 13:00:00+00:00,2161309,Pháp Vân,20.9481,105.8493,5106.3,66.3,,72.2,
2024-11-08 14:00:00+00:00,2161309,Pháp Vân,20.9481,105.8493,2216.2,47.8,,78.4,
2024-11-08 15:00:00+00:00,2161309,Pháp Vân,20.9481,105.8493,1082.5,30.6,,85.8,
2024-11-08 16:00:00+00:00,2161309,Pháp Vân,20.9481,105.8493,775.7,25.9,,84.1,
2024-11-08 17:00:00+00:00,2161309,Pháp Vân,20.9481,105.8493,650.9,22.8,,52.5,
2024-11-08 18:00:00+00:00,2161309,Pháp Vân,20.9481,105.8493,623.5,28.4,,43.5,
2024-11-08 19:00:00+00:00,2161309,Pháp Vân,20.9481,105.8493,619.7,27.0,,42.2,
2024-11-08 20:00:00+00:00,2161309,Pháp Vân,20.9481,105.8493,677.3,24.1,,50.6,
2024-11-08 21:00:00+00:00,2161309,Pháp Vân,20.9481,105.8493,652.7,17.7,,53.1,
2024-11-08 22:00:00+00:00,2161309,Pháp Vân,20.9481,105.8493,755.0,17.3,,64.7,
2024-11-08 23:00:00+00:00,2161309,Pháp Vân,20.9481,105.8493,1135.6,17.6,,83.9,
2024-11-09 00:00:00+00:00,2161309,Pháp Vân,20.9481,105.8493,1796.5,22.7,,73.6,
2024-11-09 01:00:00+00:00,2161309,Pháp Vân,20.9481,105.8493,1965.6,37.6,,82.6,
2024-11-09 02:00:00+00:00,2161309,Pháp Vân,20.9481,105.8493,1839.2,51.4,,107.9,
2024-11-09 03:00:00+00:00,2161309,Pháp Vân,20.9481,105.8493,1994.1,50.3,,130.7,
2024-11-09 04:00:00+00:00,2161309,Pháp Vân,20.9481,105.8493,1864.5,41.1,,79.3,
2024-11-09 05:00:00+00:00,2161309,Pháp Vân,20.9481,105.8493,1260.9,33.9,,51.6,
2024-11-09 06:00:00+00:00,2161309,Pháp Vân,20.9481,105.8493,889.7,34.0,,40.9,
2024-11-09 07:00:00+00:00,2161309,Pháp Vân,20.9481,105.8493,713.2,29.8,,35.8,
2024-11-09 08:00:00+00:00,2161309,Pháp Vân,20.9481,105.8493,645.6,17.9,,33.1,
2024-11-09 09:00:00+00:00,2161309,Pháp Vân,20.9481,105.8493,712.5,18.2,,33.7,
2024-11-09 10:00:00+00:00,2161309,Pháp Vân,20.9481,105.8493,1061.4,26.6,,35.8,
2024-11-09 11:00:00+00:00,2161309,Pháp Vân,20.9481,105.8493,2940.9,54.4,,64.6,
2024-11-09 12:00:00+00:00,2161309,Pháp Vân,20.9481,105.8493,3933.3,65.6,,85.6,
2024-11-09 13:00:00+00:00,2161309,Pháp Vân,20.9481,105.8493,4124.9,65.8,,96.7,
2024-11-09 14:00:00+00:00,2161309,Pháp Vân,20.9481,105.8493,2082.2,38.8,,100.6,
2024-11-09 15:00:00+00:00,2161309,Pháp Vân,20.9481,105.8493,745.3,21.1,,75.0,
2024-11-09 16:00:00+00:00,2161309,Pháp Vân,20.9481,105.8493,623.9,29.7,,78.0,
2024-11-09 17:00:00+00:00,2161309,Pháp Vân,20.9481,105.8493,759.4,24.7,,82.3,
2024-11-09 18:00:00+00:00,2161309,Pháp Vân,20.9481,105.8493,683.8,26.7,,83.3,
2024-11-09 19:00:00+00:00,2161309,Pháp Vân,20.9481,105.8493,761.4,30.0,,77.2,
2024-11-10 15:00:00+00:00,2161309,Pháp Vân,20.9481,105.8493,2141.5,44.7,,113.4,
2024-11-10 16:00:00+00:00,2161309,Pháp Vân,20.9481,105.8493,926.4,29.5,,96.1,
2024-11-10 17:00:00+00:00,2161309,Pháp Vân,20.9481,105.8493,,35.5,,88.2,
2024-11-10 18:00:00+00:00,2161309,Pháp Vân,20.9481,105.8493,855.4,38.7,,87.0,
2024-11-10 19:00:00+00:00,2161309,Pháp Vân,20.9481,105.8493,730.4,44.3,,69.6,
2024-11-10 20:00:00+00:00,2161309,Pháp Vân,20.9481,105.8493,777.9,34.5,,65.4,
2024-11-10 21:00:00+00:00,2161309,Pháp Vân,20.9481,105.8493,930.2,28.2,,74.0,
2024-11-10 22:00:00+00:00,2161309,Pháp Vân,20.9481,105.8493,1167.8,36.8,,74.6,
2024-11-10 23:00:00+00:00,2161309,Pháp Vân,20.9481,105.8493,1330.0,32.8,,96.0,
2024-11-11 00:00:00+00:00,2161309,Pháp Vân,20.9481,105.8493,1853.4,30.3,,85.9,
2024-11-11 01:00:00+00:00,2161309,Pháp Vân,20.9481,105.8493,3592.0,43.5,,93.3,
2024-11-11 02:00:00+00:00,2161309,Pháp Vân,20.9481,105.8493,2770.5,53.1,,101.2,
2024-11-11 03:00:00+00:00,2161309,Pháp Vân,20.9481,105.8493,2558.9,43.1,,78.9,
2024-11-11 04:00:00+00:00,2161309,Pháp Vân,20.9481,105.8493,1288.4,34.1,,54.5,
2024-11-11 05:00:00+00:00,2161309,Pháp Vân,20.9481,105.8493,1099.5,35.9,,40.5,
2024-11-11 06:00:00+00:00,2161309,Pháp Vân,20.9481,105.8493,1024.5,36.0,,43.2,
2024-11-11 07:00:00+00:00,2161309,Pháp Vân,20.9481,105.8493,791.6,22.4,,37.3,
2024-11-11 08:00:00+00:00,2161309,Pháp Vân,20.9481,105.8493,611.3,18.1,,30.3,
2024-11-11 09:00:00+00:00,2161309,Pháp Vân,20.9481,105.8493,572.2,23.9,,28.7,
2024-11-11 10:00:00+00:00,2161309,Pháp Vân,20.9481,105.8493,1003.8,34.6,,36.9,
2024-11-11 11:00:00+00:00,2161309,Pháp Vân,20.9481,105.8493,2024.0,38.0,,57.2,
2024-11-11 12:00:00+00:00,2161309,Pháp Vân,20.9481,105.8493,2277.1,42.5,,83.1,
2024-11-11 13:00:00+00:00,2161309,Pháp Vân,20.9481,105.8493,2062.6,42.5,,88.1,
2024-11-11 14:00:00+00:00,2161309,Pháp Vân,20.9481,105.8493,1278.3,36.5,,103.4,
2024-11-11 15:00:00+00:00,2161309,Pháp Vân,20.9481,105.8493,870.8,28.1,,66.0,
2024-11-11 16:00:00+00:00,2161309,Pháp Vân,20.9481,105.8493,694.5,27.5,,49.2,
2024-11-11 17:00:00+00:00,2161309,Pháp Vân,20.9481,105.8493,609.8,29.3,,50.4,
2024-11-12 02:00:00+00:00,2161309,Pháp Vân,20.9481,105.8493,824.2,28.7,,63.2,
2024-11-12 03:00:00+00:00,2161309,Pháp Vân,20.9481,105.8493,627.9,29.9,,54.1,
2024-11-12 04:00:00+00:00,2161309,Pháp Vân,20.9481,105.8493,586.8,28.8,,41.5,
2024-11-12 05:00:00+00:00,2161309,Pháp Vân,20.9481,105.8493,454.2,28.1,,28.5,
2024-11-12 06:00:00+00:00,2161309,Pháp Vân,20.9481,105.8493,441.0,28.5,,29.6,
2024-11-12 07:00:00+00:00,2161309,Pháp Vân,20.9481,105.8493,415.5,26.7,,36.1,
2024-11-12 08:00:00+00:00,2161309,Pháp Vân,20.9481,105.8493,423.9,17.2,,33.9,
2024-11-12 09:00:00+00:00,2161309,Pháp Vân,20.9481,105.8493,497.6,17.2,,31.4,
2024-11-12 10:00:00+00:00,2161309,Pháp Vân,20.9481,105.8493,681.0,21.7,,39.4,
2024-11-12 11:00:00+00:00,2161309,Pháp Vân,20.9481,105.8493,989.4,25.3,,47.3,
2024-11-12 12:00:00+00:00,2161309,Pháp Vân,20.9481,105.8493,703.8,18.1,,62.5,
2024-11-12 13:00:00+00:00,2161309,Pháp Vân,20.9481,105.8493,746.8,24.3,,78.2,
2024-11-12 14:00:00+00:00,2161309,Pháp Vân,20.9481,105.8493,618.7,30.8,,58.5,
2024-11-12 15:00:00+00:00,2161309,Pháp Vân,20.9481,105.8493,912.7,39.3,,75.3,
2024-11-12 16:00:00+00:00,2161309,Pháp Vân,20.9481,105.8493,667.6,20.6,,78.8,
2024-11-12 17:00:00+00:00,2161309,Pháp Vân,20.9481,105.8493,540.1,15.1,,62.4,
2024-11-12 18:00:00+00:00,2161309,Pháp Vân,20.9481,105.8493,536.6,12.1,,56.6,
2024-11-12 19:00:00+00:00,2161309,Pháp Vân,20.9481,105.8493,896.3,14.2,,64.2,
2024-11-12 20:00:00+00:00,2161309,Pháp Vân,20.9481,105.8493,851.5,17.4,,54.8,
2024-11-12 21:00:00+00:00,2161309,Pháp Vân,20.9481,105.8493,1429.9,27.3,,58.3,
2024-11-12 22:00:00+00:00,2161309,Pháp Vân,20.9481,105.8493,1527.9,21.2,,67.9,
2024-11-12 23:00:00+00:00,2161309,Pháp Vân,20.9481,105.8493,2827.7,26.0,,82.5,
2024-11-13 00:00:00+00:00,2161309,Pháp Vân,20.9481,105.8493,2390.1,20.9,,80.6,
2024-11-13 01:00:00+00:00,2161309,Pháp Vân,20.9481,105.8493,,24.0,,78.2,
2024-11-13 02:00:00+00:00,2161309,Pháp Vân,20.9481,105.8493,725.5,31.2,,67.7,
2024-11-13 03:00:00+00:00,2161309,Pháp Vân,20.9481,105.8493,754.6,31.0,,62.1,
2024-11-13 04:00:00+00:00,2161309,Pháp Vân,20.9481,105.8493,641.6,29.0,,46.2,
2024-11-13 05:00:00+00:00,2161309,Pháp Vân,20.9481,105.8493,674.9,26.6,,36.6,
2024-11-13 06:00:00+00:00,2161309,Pháp Vân,20.9481,105.8493,447.2,21.2,,29.7,
2024-11-13 07:00:00+00:00,2161309,Pháp Vân,20.9481,105.8493,389.6,21.1,,25.4,
2024-11-13 08:00:00+00:00,2161309,Pháp Vân,20.9481,105.8493,364.4,15.8,,25.9,
2024-11-13 09:00:00+00:00,2161309,Pháp Vân,20.9481,105.8493,279.9,10.5,,19.9,
2024-11-13 10:00:00+00:00,2161309,Pháp Vân,20.9481,105.8493,437.8,16.1,,29.7,
2024-11-13 11:00:00+00:00,2161309,Pháp Vân,20.9481,105.8493,1167.2,30.2,,50.0,
2024-11-13 12:00:00+00:00,2161309,Pháp Vân,20.9481,105.8493,936.7,19.9,,49.2,
2024-11-13 13:00:00+00:00,2161309,Pháp Vân,20.9481,105.8493,706.3,19.1,,47.3,
2024-11-13 14:00:00+00:00,2161309,Pháp Vân,20.9481,105.8493,632.3,17.0,,46.3,
2024-11-13 15:00:00+00:00,2161309,Pháp Vân,20.9481,105.8493,482.8,13.7,,47.1,
2024-11-13 16:00:00+00:00,2161309,Pháp Vân,20.9481,105.8493,356.5,10.8,,45.0,
2024-11-13 17:00:00+00:00,2161309,Pháp Vân,20.9481,105.8493,475.8,12.8,,48.4,
2024-11-13 18:00:00+00:00,2161309,Pháp Vân,20.9481,105.8493,1194.9,13.7,,60.6,
2024-11-13 19:00:00+00:00,2161309,Pháp Vân,20.9481,105.8493,2080.0,15.3,,75.7,
2024-11-13 20:00:00+00:00,2161309,Pháp Vân,20.9481,105.8493,2455.5,14.8,,73.8,
2024-11-13 21:00:00+00:00,2161309,Pháp Vân,20.9481,105.8493,3112.6,14.4,,71.8,
2024-11-13 22:00:00+00:00,2161309,Pháp Vân,20.9481,105.8493,4322.1,13.4,,70.2,
2024-11-13 23:00:00+00:00,2161309,Pháp Vân,20.9481,105.8493,8647.6,13.1,,74.7,
2024-11-14 00:00:00+00:00,2161309,Pháp Vân,20.9481,105.8493,9864.5,12.0,,65.4,
2024-11-14 01:00:00+00:00,2161309,Pháp Vân,20.9481,105.8493,850.1,12.7,,58.9,
2024-11-14 02:00:00+00:00,2161309,Pháp Vân,20.9481,105.8493,552.8,30.5,,47.8,
2024-11-14 03:00:00+00:00,2161309,Pháp Vân,20.9481,105.8493,555.6,21.8,,56.6,
2024-11-14 04:00:00+00:00,2161309,Pháp Vân,20.9481,105.8493,559.3,24.8,,57.5,
2024-11-14 05:00:00+00:00,2161309,Pháp Vân,20.9481,105.8493,623.5,24.9,,54.2,
2024-11-14 06:00:00+00:00,2161309,Pháp Vân,20.9481,105.8493,586.2,20.2,,40.5,
2024-11-14 07:00:00+00:00,2161309,Pháp Vân,20.9481,105.8493,617.0,23.3,,33.4,
2024-11-14 08:00:00+00:00,2161309,Pháp Vân,20.9481,105.8493,518.4,20.6,,33.5,
2024-11-14 09:00:00+00:00,2161309,Pháp Vân,20.9481,105.8493,550.1,12.5,,34.4,
2024-11-14 10:00:00+00:00,2161309,Pháp Vân,20.9481,105.8493,715.3,16.6,,35.7,
2024-11-14 11:00:00+00:00,2161309,Pháp Vân,20.9481,105.8493,1553.6,31.2,,50.5,
2024-11-14 12:00:00+00:00,2161309,Pháp Vân,20.9481,105.8493,1850.7,42.5,,68.5,
2024-11-14 13:00:00+00:00,2161309,Pháp Vân,20.9481,105.8493,1194.2,23.9,,53.9,
2024-11-14 14:00:00+00:00,2161309,Pháp Vân,20.9481,105.8493,495.6,12.5,,45.1,
2024-11-14 15:00:00+00:00,2161309,Pháp Vân,20.9481,105.8493,519.3,12.3,,43.9,
2024-11-14 16:00:00+00:00,2161309,Pháp Vân,20.9481,105.8493,445.9,13.4,,46.3,
2024-11-14 17:00:00+00:00,2161309,Pháp Vân,20.9481,105.8493,,13.2,,43.0,
2024-11-14 18:00:00+00:00,2161309,Pháp Vân,20.9481,105.8493,325.0,12.6,,42.6,
2024-11-14 19:00:00+00:00,2161309,Pháp Vân,20.9481,105.8493,2111.0,14.1,,48.2,
2024-11-14 20:00:00+00:00,2161309,Pháp Vân,20.9481,105.8493,1953.8,13.5,,48.2,
2024-11-14 21:00:00+00:00,2161309,Pháp Vân,20.9481,105.8493,4288.5,13.9,,48.1,
2024-11-14 22:00:00+00:00,2161309,Pháp Vân,20.9481,105.8493,4844.8,16.3,,50.5,
2024-11-14 23:00:00+00:00,2161309,Pháp Vân,20.9481,105.8493,5876.2,17.2,,50.2,
2024-11-15 00:00:00+00:00,2161309,Pháp Vân,20.9481,105.8493,5344.5,15.4,,46.1,
2024-11-15 01:00:00+00:00,2161309,Pháp Vân,20.9481,105.8493,957.2,16.7,,50.8,
2024-11-15 02:00:00+00:00,2161309,Pháp Vân,20.9481,105.8493,523.0,27.6,,37.7,
2024-11-15 03:00:00+00:00,2161309,Pháp Vân,20.9481,105.8493,843.7,38.8,,48.7,
2024-11-15 04:00:00+00:00,2161309,Pháp Vân,20.9481,105.8493,1242.5,40.3,,66.9,
2024-11-15 05:00:00+00:00,2161309,Pháp Vân,20.9481,105.8493,1925.9,39.3,,73.7,
2024-11-15 06:00:00+00:00,2161309,Pháp Vân,20.9481,105.8493,1435.4,33.8,,74.8,
2024-11-15 07:00:00+00:00,2161309,Pháp Vân,20.9481,105.8493,1158.5,23.3,,50.4,
2024-11-15 08:00:00+00:00,2161309,Pháp Vân,20.9481,105.8493,1177.6,24.3,,46.8,
2024-11-15 09:00:00+00:00,2161309,Pháp Vân,20.9481,105.8493,776.8,15.7,,43.5,
2024-11-15 10:00:00+00:00,2161309,Pháp Vân,20.9481,105.8493,1142.8,24.0,,47.7,
2024-11-15 11:00:00+00:00,2161309,Pháp Vân,20.9481,105.8493,1997.3,33.6,,70.5,
2024-11-15 12:00:00+00:00,2161309,Pháp Vân,20.9481,105.8493,1322.9,32.9,,75.3,
2024-11-15 13:00:00+00:00,2161309,Pháp Vân,20.9481,105.8493,576.8,12.9,,34.7,
2024-11-15 14:00:00+00:00,2161309,Pháp Vân,20.9481,105.8493,394.9,11.8,,30.1,
2024-11-15 15:00:00+00:00,2161309,Pháp Vân,20.9481,105.8493,363.6,11.7,,24.1,
2024-11-15 16:00:00+00:00,2161309,Pháp Vân,20.9481,105.8493,303.1,12.6,,24.3,
2024-11-15 17:00:00+00:00,2161309,Pháp Vân,20.9481,105.8493,257.7,12.3,,26.4,
2024-11-15 18:00:00+00:00,2161309,Pháp Vân,20.9481,105.8493,247.1,12.6,,33.6,
2024-11-15 19:00:00+00:00,2161309,Pháp Vân,20.9481,105.8493,1829.0,11.8,,31.8,
2024-11-15 20:00:00+00:00,2161309,Pháp Vân,20.9481,105.8493,2415.4,12.2,,30.3,
2024-11-15 21:00:00+00:00,2161309,Pháp Vân,20.9481,105.8493,2039.7,11.7,,29.2,
2024-11-15 22:00:00+00:00,2161309,Pháp Vân,20.9481,105.8493,2485.6,14.1,,29.0,
2024-11-15 23:00:00+00:00,2161309,Pháp Vân,20.9481,105.8493,5183.2,12.1,,33.2,
2024-11-16 00:00:00+00:00,2161309,Pháp Vân,20.9481,105.8493,9967.8,11.8,,30.1,
2024-11-16 01:00:00+00:00,2161309,Pháp Vân,20.9481,105.8493,,14.9,,30.4,
2024-11-16 02:00:00+00:00,2161309,Pháp Vân,20.9481,105.8493,547.0,16.8,,35.3,
2024-11-16 03:00:00+00:00,2161309,Pháp Vân,20.9481,105.8493,342.5,20.2,,30.7,
2024-11-16 04:00:00+00:00,2161309,Pháp Vân,20.9481,105.8493,443.7,18.9,,39.4,
2024-11-16 05:00:00+00:00,2161309,Pháp Vân,20.9481,105.8493,516.9,18.9,,34.1,
2024-11-16 06:00:00+00:00,2161309,Pháp Vân,20.9481,105.8493,383.8,17.9,,32.0,
2024-11-16 07:00:00+00:00,2161309,Pháp Vân,20.9481,105.8493,305.3,22.6,,29.6,
2024-11-16 08:00:00+00:00,2161309,Pháp Vân,20.9481,105.8493,490.2,24.9,,28.9,
2024-11-16 09:00:00+00:00,2161309,Pháp Vân,20.9481,105.8493,440.8,19.2,,32.6,
2024-11-16 10:00:00+00:00,2161309,Pháp Vân,20.9481,105.8493,817.2,21.0,,32.6,
2024-11-16 11:00:00+00:00,2161309,Pháp Vân,20.9481,105.8493,1276.6,32.1,,50.4,
2024-11-16 12:00:00+00:00,2161309,Pháp Vân,20.9481,105.8493,355.4,12.7,,25.6,
2024-11-16 13:00:00+00:00,2161309,Pháp Vân,20.9481,105.8493,416.5,12.1,,25.0,
2024-11-16 14:00:00+00:00,2161309,Pháp Vân,20.9481,105.8493,312.2,9.3,,22.0,
2024-11-16 15:00:00+00:00,2161309,Pháp Vân,20.9481,105.8493,261.7,8.7,,21.8,
2024-11-16 16:00:00+00:00,2161309,Pháp Vân,20.9481,105.8493,365.6,11.8,,32.5,
2024-11-16 17:00:00+00:00,2161309,Pháp Vân,20.9481,105.8493,754.3,14.1,,44.7,
2024-11-16 18:00:00+00:00,2161309,Pháp Vân,20.9481,105.8493,1510.6,14.4,,39.0,
2024-11-16 19:00:00+00:00,2161309,Pháp Vân,20.9481,105.8493,1921.3,12.7,,39.9,
2024-11-16 20:00:00+00:00,2161309,Pháp Vân,20.9481,105.8493,3982.4,9.5,,27.9,
2024-11-16 21:00:00+00:00,2161309,Pháp Vân,20.9481,105.8493,3675.1,9.4,,21.7,
2024-11-16 22:00:00+00:00,2161309,Pháp Vân,20.9481,105.8493,5099.5,10.1,,27.3,
2024-11-16 23:00:00+00:00,2161309,Pháp Vân,20.9481,105.8493,7507.5,12.5,,39.7,
2024-11-17 00:00:00+00:00,2161309,Pháp Vân,20.9481,105.8493,4033.0,12.1,,48.1,
2024-11-17 01:00:00+00:00,2161309,Pháp Vân,20.9481,105.8493,,13.7,,48.6,
2024-11-17 02:00:00+00:00,2161309,Pháp Vân,20.9481,105.8493,560.7,17.9,,33.1,
2024-11-17 03:00:00+00:00,2161309,Pháp Vân,20.9481,105.8493,352.0,22.3,,28.0,
2024-11-17 04:00:00+00:00,2161309,Pháp Vân,20.9481,105.8493,550.7,29.3,,25.6,
2024-11-17 05:00:00+00:00,2161309,Pháp Vân,20.9481,105.8493,293.2,29.4,,15.7,
2024-11-17 06:00:00+00:00,2161309,Pháp Vân,20.9481,105.8493,393.6,29.8,,18.4,
2024-11-17 07:00:00+00:00,2161309,Pháp Vân,20.9481,105.8493,733.5,29.7,,25.8,
2024-11-17 08:00:00+00:00,2161309,Pháp Vân,20.9481,105.8493,638.1,27.6,,24.1,
2024-11-17 09:00:00+00:00,2161309,Pháp Vân,20.9481,105.8493,782.7,22.1,,27.1,
2024-11-17 10:00:00+00:00,2161309,Pháp Vân,20.9481,105.8493,863.9,16.4,,25.7,
2024-11-17 11:00:00+00:00,2161309,Pháp Vân,20.9481,105.8493,1205.6,24.6,,48.1,
2024-11-17 12:00:00+00:00,2161309,Pháp Vân,20.9481,105.8493,1986.4,34.2,,66.8,
2024-11-17 13:00:00+00:00,2161309,Pháp Vân,20.9481,105.8493,1815.0,36.0,,89.2,
2024-11-17 14:00:00+00:00,2161309,Pháp Vân,20.9481,105.8493,1130.8,21.0,,50.5,
2024-11-17 15:00:00+00:00,2161309,Pháp Vân,20.9481,105.8493,681.9,17.9,,47.5,
2024-11-17 16:00:00+00:00,2161309,Pháp Vân,20.9481,105.8493,762.2,20.1,,59.8,
2024-11-17 17:00:00+00:00,2161309,Pháp Vân,20.9481,105.8493,1259.8,31.5,,53.4,
2024-11-17 18:00:00+00:00,2161309,Pháp Vân,20.9481,105.8493,893.1,25.7,,55.8,
2024-11-17 19:00:00+00:00,2161309,Pháp Vân,20.9481,105.8493,877.5,20.1,,73.8,
2024-11-17 20:00:00+00:00,2161309,Pháp Vân,20.9481,105.8493,1384.4,21.4,,63.0,
2024-11-17 21:00:00+00:00,2161309,Pháp Vân,20.9481,105.8493,2692.1,21.1,,56.9,
2024-11-17 22:00:00+00:00,2161309,Pháp Vân,20.9481,105.8493,2153.0,20.5,,53.3,
2024-11-17 23:00:00+00:00,2161309,Pháp Vân,20.9481,105.8493,2761.4,22.1,,51.2,
2024-11-18 00:00:00+00:00,2161309,Pháp Vân,20.9481,105.8493,2850.3,25.1,,56.6,
2024-11-18 01:00:00+00:00,2161309,Pháp Vân,20.9481,105.8493,1672.0,23.4,,79.1,
2024-11-18 02:00:00+00:00,2161309,Pháp Vân,20.9481,105.8493,1555.5,25.8,,66.4,
2024-11-18 03:00:00+00:00,2161309,Pháp Vân,20.9481,105.8493,1262.0,39.6,,64.9,
2024-11-18 04:00:00+00:00,2161309,Pháp Vân,20.9481,105.8493,807.4,32.6,,43.9,
2024-11-18 05:00:00+00:00,2161309,Pháp Vân,20.9481,105.8493,639.8,28.4,,32.2,
2024-11-18 06:00:00+00:00,2161309,Pháp Vân,20.9481,105.8493,571.1,25.7,,32.1,
2024-11-18 07:00:00+00:00,2161309,Pháp Vân,20.9481,105.8493,453.9,25.8,,26.5,
2024-11-18 08:00:00+00:00,2161309,Pháp Vân,20.9481,105.8493,378.5,15.5,,29.2,
2024-11-18 09:00:00+00:00,2161309,Pháp Vân,20.9481,105.8493,313.4,15.6,,26.2,
2024-11-18 10:00:00+00:00,2161309,Pháp Vân,20.9481,105.8493,592.8,19.8,,31.7,
2024-11-18 11:00:00+00:00,2161309,Pháp Vân,20.9481,105.8493,869.0,24.2,,34.1,
2024-11-18 12:00:00+00:00,2161309,Pháp Vân,20.9481,105.8493,759.9,26.9,,31.9,
2024-11-18 13:00:00+00:00,2161309,Pháp Vân,20.9481,105.8493,868.6,32.1,,32.2,
2024-11-18 14:00:00+00:00,2161309,Pháp Vân,20.9481,105.8493,816.8,24.6,,28.0,
2024-11-18 15:00:00+00:00,2161309,Pháp Vân,20.9481,105.8493,,26.7,,27.7,
2024-11-18 16:00:00+00:00,2161309,Pháp Vân,20.9481,105.8493,1295.6,26.0,,32.9,
2024-11-18 17:00:00+00:00,2161309,Pháp Vân,20.9481,105.8493,991.8,19.1,,29.4,
2024-11-18 18:00:00+00:00,2161309,Pháp Vân,20.9481,105.8493,613.4,13.4,,22.2,
2024-11-18 19:00:00+00:00,2161309,Pháp Vân,20.9481,105.8493,372.9,10.8,,32.4,
2024-11-18 20:00:00+00:00,2161309,Pháp Vân,20.9481,105.8493,391.8,9.1,,39.8,
2024-11-18 21:00:00+00:00,2161309,Pháp Vân,20.9481,105.8493,514.8,9.3,,42.0,
2024-11-18 22:00:00+00:00,2161309,Pháp Vân,20.9481,105.8493,352.5,9.0,,29.9,
2024-11-18 23:00:00+00:00,2161309,Pháp Vân,20.9481,105.8493,,10.9,,25.0,
2024-11-19 00:00:00+00:00,2161309,Pháp Vân,20.9481,105.8493,642.2,12.7,,21.1,
2024-11-19 01:00:00+00:00,2161309,Pháp Vân,20.9481,105.8493,985.0,15.8,,25.7,
2024-11-19 02:00:00+00:00,2161309,Pháp Vân,20.9481,105.8493,633.9,23.3,,24.0,
2024-11-19 03:00:00+00:00,2161309,Pháp Vân,20.9481,105.8493,737.2,22.3,,22.0,
2024-11-19 04:00:00+00:00,2161309,Pháp Vân,20.9481,105.8493,741.0,24.6,,20.4,
2024-11-19 05:00:00+00:00,2161309,Pháp Vân,20.9481,105.8493,685.5,24.7,,16.7,
2024-11-19 06:00:00+00:00,2161309,Pháp Vân,20.9481,105.8493,688.4,28.7,,24.9,
2024-11-19 07:00:00+00:00,2161309,Pháp Vân,20.9481,105.8493,579.2,29.6,,14.4,
2024-11-19 08:00:00+00:00,2161309,Pháp Vân,20.9481,105.8493,585.1,17.2,,13.9,
2024-11-19 09:00:00+00:00,2161309,Pháp Vân,20.9481,105.8493,625.5,17.7,,15.8,
2024-11-19 10:00:00+00:00,2161309,Pháp Vân,20.9481,105.8493,842.5,22.6,,19.2,
2024-11-19 11:00:00+00:00,2161309,Pháp Vân,20.9481,105.8493,1918.8,50.1,,31.4,
2024-11-19 12:00:00+00:00,2161309,Pháp Vân,20.9481,105.8493,1701.3,65.9,,44.3,
2024-11-19 13:00:00+00:00,2161309,Pháp Vân,20.9481,105.8493,729.0,40.8,,29.3,
2024-11-19 14:00:00+00:00,2161309,Pháp Vân,20.9481,105.8493,397.7,28.8,,20.9,
2024-11-19 15:00:00+00:00,2161309,Pháp Vân,20.9481,105.8493,460.6,16.6,,19.5,
2024-11-19 16:00:00+00:00,2161309,Pháp Vân,20.9481,105.8493,500.2,13.7,,21.9,
2024-11-19 17:00:00+00:00,2161309,Pháp Vân,20.9481,105.8493,437.7,13.9,,20.2,
2024-11-19 18:00:00+00:00,2161309,Pháp Vân,20.9481,105.8493,410.9,9.9,,19.6,
2024-11-19 19:00:00+00:00,2161309,Pháp Vân,20.9481,105.8493,350.7,7.6,,17.0,
2024-11-19 20:00:00+00:00,2161309,Pháp Vân,20.9481,105.8493,377.5,9.5,,17.5,
2024-11-19 21:00:00+00:00,2161309,Pháp Vân,20.9481,105.8493,854.8,17.8,,19.6,
2024-11-19 22:00:00+00:00,2161309,Pháp Vân,20.9481,105.8493,862.3,29.9,,32.0,
2024-11-19 23:00:00+00:00,2161309,Pháp Vân,20.9481,105.8493,299.7,20.5,,21.6,
2024-11-20 00:00:00+00:00,2161309,Pháp Vân,20.9481,105.8493,808.2,18.9,,22.6,
2024-11-20 01:00:00+00:00,2161309,Pháp Vân,20.9481,105.8493,713.7,17.0,,19.6,
2024-11-20 02:00:00+00:00,2161309,Pháp Vân,20.9481,105.8493,478.8,21.3,,16.0,
2024-11-20 03:00:00+00:00,2161309,Pháp Vân,20.9481,105.8493,452.3,20.7,,13.9,
2024-11-20 04:00:00+00:00,2161309,Pháp Vân,20.9481,105.8493,467.2,22.6,,13.9,
2024-11-20 05:00:00+00:00,2161309,Pháp Vân,20.9481,105.8493,410.8,17.2,,14.2,
2024-11-20 06:00:00+00:00,2161309,Pháp Vân,20.9481,105.8493,385.9,19.7,,14.8,
2024-11-20 07:00:00+00:00,2161309,Pháp Vân,20.9481,105.8493,346.7,20.8,,12.8,
2024-11-20 08:00:00+00:00,2161309,Pháp Vân,20.9481,105.8493,315.2,12.5,,11.5,
2024-11-20 09:00:00+00:00,2161309,Pháp Vân,20.9481,105.8493,382.0,17.7,,12.1,
2024-11-20 10:00:00+00:00,2161309,Pháp Vân,20.9481,105.8493,548.0,26.2,,15.7,
2024-11-20 11:00:00+00:00,2161309,Pháp Vân,20.9481,105.8493,1466.0,43.3,,39.7,
2024-11-20 12:00:00+00:00,2161309,Pháp Vân,20.9481,105.8493,1491.3,55.4,,47.0,
2024-11-20 13:00:00+00:00,2161309,Pháp Vân,20.9481,105.8493,1323.7,50.7,,37.7,
2024-11-20 14:00:00+00:00,2161309,Pháp Vân,20.9481,105.8493,959.5,45.6,,49.3,
2024-11-20 15:00:00+00:00,2161309,Pháp Vân,20.9481,105.8493,762.9,32.0,,47.9,
2024-11-20 16:00:00+00:00,2161309,Pháp Vân,20.9481,105.8493,631.7,26.0,,40.1,
2024-11-20 17:00:00+00:00,2161309,Pháp Vân,20.9481,105.8493,585.6,26.0,,34.0,
2024-11-20 18:00:00+00:00,2161309,Pháp Vân,20.9481,105.8493,616.6,29.5,,30.0,
2024-11-20 19:00:00+00:00,2161309,Pháp Vân,20.9481,105.8493,232.9,14.1,,17.2,
2024-11-20 20:00:00+00:00,2161309,Pháp Vân,20.9481,105.8493,175.9,8.5,,16.1,
2024-11-20 21:00:00+00:00,2161309,Pháp Vân,20.9481,105.8493,187.4,10.2,,17.4,
2024-11-20 22:00:00+00:00,2161309,Pháp Vân,20.9481,105.8493,238.1,12.9,,22.3,
2024-11-20 23:00:00+00:00,2161309,Pháp Vân,20.9481,105.8493,246.1,15.1,,24.1,
2024-11-21 00:00:00+00:00,2161309,Pháp Vân,20.9481,105.8493,560.4,18.2,,21.9,
2024-11-21 01:00:00+00:00,2161309,Pháp Vân,20.9481,105.8493,462.3,15.4,,21.5,
2024-11-21 02:00:00+00:00,2161309,Pháp Vân,20.9481,105.8493,454.0,13.8,,21.1,
2024-11-21 03:00:00+00:00,2161309,Pháp Vân,20.9481,105.8493,527.1,24.9,,24.1,
2024-11-21 04:00:00+00:00,2161309,Pháp Vân,20.9481,105.8493,500.7,20.7,,23.6,
2024-11-21 05:00:00+00:00,2161309,Pháp Vân,20.9481,105.8493,566.5,20.7,,23.4,
2024-11-21 06:00:00+00:00,2161309,Pháp Vân,20.9481,105.8493,601.5,22.2,,23.0,
2024-11-21 07:00:00+00:00,2161309,Pháp Vân,20.9481,105.8493,503.6,17.5,,18.5,
2024-11-21 08:00:00+00:00,2161309,Pháp Vân,20.9481,105.8493,560.0,14.5,,18.6,
2024-11-21 09:00:00+00:00,2161309,Pháp Vân,20.9481,105.8493,608.8,18.5,,19.1,
2024-11-21 10:00:00+00:00,2161309,Pháp Vân,20.9481,105.8493,542.4,22.7,,19.9,
2024-11-21 11:00:00+00:00,2161309,Pháp Vân,20.9481,105.8493,1074.4,29.9,,24.0,
2024-11-21 12:00:00+00:00,2161309,Pháp Vân,20.9481,105.8493,1221.0,41.6,,36.2,
2024-11-21 13:00:00+00:00,2161309,Pháp Vân,20.9481,105.8493,2293.2,47.4,,52.2,
2024-11-21 14:00:00+00:00,2161309,Pháp Vân,20.9481,105.8493,1883.0,47.8,,52.1,
2024-11-21 15:00:00+00:00,2161309,Pháp Vân,20.9481,105.8493,784.6,29.8,,34.4,
2024-11-21 16:00:00+00:00,2161309,Pháp Vân,20.9481,105.8493,381.5,19.2,,33.9,
2024-11-21 17:00:00+00:00,2161309,Pháp Vân,20.9481,105.8493,508.9,24.9,,53.0,
2024-11-21 18:00:00+00:00,2161309,Pháp Vân,20.9481,105.8493,510.7,24.3,,44.4,
2024-11-21 19:00:00+00:00,2161309,Pháp Vân,20.9481,105.8493,434.8,25.8,,39.8,
2024-11-21 20:00:00+00:00,2161309,Pháp Vân,20.9481,105.8493,319.3,21.2,,32.3,
2024-11-21 21:00:00+00:00,2161309,Pháp Vân,20.9481,105.8493,271.6,15.2,,39.7,
2024-11-21 22:00:00+00:00,2161309,Pháp Vân,20.9481,105.8493,268.5,11.9,,35.9,
2024-11-21 23:00:00+00:00,2161309,Pháp Vân,20.9481,105.8493,482.0,17.4,,32.8,
2024-11-22 00:00:00+00:00,2161309,Pháp Vân,20.9481,105.8493,583.4,15.9,,44.0,
2024-11-22 01:00:00+00:00,2161309,Pháp Vân,20.9481,105.8493,728.4,14.8,,29.9,
2024-11-22 02:00:00+00:00,2161309,Pháp Vân,20.9481,105.8493,481.8,26.7,,22.4,
2024-11-22 03:00:00+00:00,2161309,Pháp Vân,20.9481,105.8493,448.1,17.1,,19.7,
2024-11-22 04:00:00+00:00,2161309,Pháp Vân,20.9481,105.8493,434.8,17.1,,20.4,
2024-11-22 05:00:00+00:00,2161309,Pháp Vân,20.9481,105.8493,504.6,18.7,,20.2,
2024-11-22 06:00:00+00:00,2161309,Pháp Vân,20.9481,105.8493,476.7,18.9,,15.9,
2024-11-22 07:00:00+00:00,2161309,Pháp Vân,20.9481,105.8493,363.5,12.5,,15.8,
2024-11-22 08:00:00+00:00,2161309,Pháp Vân,20.9481,105.8493,564.1,16.1,,35.4,
2024-11-22 09:00:00+00:00,2161309,Pháp Vân,20.9481,105.8493,466.8,28.1,,25.6,
2024-11-22 10:00:00+00:00,2161309,Pháp Vân,20.9481,105.8493,471.4,25.2,,20.9,
2024-11-22 11:00:00+00:00,2161309,Pháp Vân,20.9481,105.8493,1176.9,38.9,,33.4,
2024-11-22 12:00:00+00:00,2161309,Pháp Vân,20.9481,105.8493,,38.6,,32.4,
2024-11-22 13:00:00+00:00,2161309,Pháp Vân,20.9481,105.8493,1070.5,37.5,,36.5,
2024-11-22 14:00:00+00:00,2161309,Pháp Vân,20.9481,105.8493,1001.3,35.2,,54.8,
2024-11-22 15:00:00+00:00,2161309,Pháp Vân,20.9481,105.8493,786.3,31.3,,65.3,
2024-11-22 16:00:00+00:00,2161309,Pháp Vân,20.9481,105.8493,501.5,29.6,,52.3,
2024-11-22 17:00:00+00:00,2161309,Pháp Vân,20.9481,105.8493,482.4,20.3,,44.9,
2024-11-22 18:00:00+00:00,2161309,Pháp Vân,20.9481,105.8493,451.1,18.6,,39.2,
2024-11-22 19:00:00+00:00,2161309,Pháp Vân,20.9481,105.8493,322.4,22.6,,32.7,
2024-11-22 20:00:00+00:00,2161309,Pháp Vân,20.9481,105.8493,454.5,18.8,,39.1,
2024-11-22 21:00:00+00:00,2161309,Pháp Vân,20.9481,105.8493,494.6,23.1,,37.1,
2024-11-22 22:00:00+00:00,2161309,Pháp Vân,20.9481,105.8493,660.5,27.9,,45.3,
2024-11-22 23:00:00+00:00,2161309,Pháp Vân,20.9481,105.8493,496.9,21.2,,32.5,
2024-11-23 00:00:00+00:00,2161309,Pháp Vân,20.9481,105.8493,523.8,20.6,,32.0,
2024-11-23 01:00:00+00:00,2161309,Pháp Vân,20.9481,105.8493,480.2,17.2,,29.4,
2024-11-23 02:00:00+00:00,2161309,Pháp Vân,20.9481,105.8493,557.6,20.5,,26.8,
2024-11-23 03:00:00+00:00,2161309,Pháp Vân,20.9481,105.8493,518.3,18.3,,24.3,
2024-11-23 04:00:00+00:00,2161309,Pháp Vân,20.9481,105.8493,520.3,19.1,,23.5,
2024-11-23 05:00:00+00:00,2161309,Pháp Vân,20.9481,105.8493,519.7,23.1,,22.5,
2024-11-23 06:00:00+00:00,2161309,Pháp Vân,20.9481,105.8493,399.2,21.8,,22.7,
2024-11-23 07:00:00+00:00,2161309,Pháp Vân,20.9481,105.8493,394.9,19.4,,24.5,
2024-11-23 08:00:00+00:00,2161309,Pháp Vân,20.9481,105.8493,325.0,12.2,,25.5,
2024-11-23 09:00:00+00:00,2161309,Pháp Vân,20.9481,105.8493,358.9,11.5,,26.2,
2024-11-23 10:00:00+00:00,2161309,Pháp Vân,20.9481,105.8493,401.0,14.1,,29.5,
2024-11-23 11:00:00+00:00,2161309,Pháp Vân,20.9481,105.8493,892.5,21.0,,46.0,
2024-11-23 12:00:00+00:00,2161309,Pháp Vân,20.9481,105.8493,735.0,18.1,,53.1,
2024-11-23 13:00:00+00:00,2161309,Pháp Vân,20.9481,105.8493,627.8,18.5,,56.5,
2024-11-23 14:00:00+00:00,2161309,Pháp Vân,20.9481,105.8493,734.6,17.6,,65.4,
2024-11-23 15:00:00+00:00,2161309,Pháp Vân,20.9481,105.8493,417.3,26.9,,45.4,
2024-11-23 16:00:00+00:00,2161309,Pháp Vân,20.9481,105.8493,276.6,13.7,,24.0,
2024-11-23 17:00:00+00:00,2161309,Pháp Vân,20.9481,105.8493,230.6,8.5,,23.7,
2024-11-23 18:00:00+00:00,2161309,Pháp Vân,20.9481,105.8493,177.4,7.6,,23.0,
2024-11-23 19:00:00+00:00,2161309,Pháp Vân,20.9481,105.8493,241.5,7.2,,28.8,
2024-11-23 20:00:00+00:00,2161309,Pháp Vân,20.9481,105.8493,239.9,7.6,,30.5,
2024-11-23 21:00:00+00:00,2161309,Pháp Vân,20.9481,105.8493,509.0,6.5,,41.0,
2024-11-23 22:00:00+00:00,2161309,Pháp Vân,20.9481,105.8493,1246.0,13.3,,58.7,
2024-11-23 23:00:00+00:00,2161309,Pháp Vân,20.9481,105.8493,854.2,10.7,,75.6,
2024-11-24 00:00:00+00:00,2161309,Pháp Vân,20.9481,105.8493,1023.0,11.3,,45.9,
2024-11-24 01:00:00+00:00,2161309,Pháp Vân,20.9481,105.8493,805.5,27.0,,50.1,
2024-11-24 02:00:00+00:00,2161309,Pháp Vân,20.9481,105.8493,718.2,35.5,,46.6,
2024-11-24 03:00:00+00:00,2161309,Pháp Vân,20.9481,105.8493,651.6,31.4,,46.2,
2024-11-24 04:00:00+00:00,2161309,Pháp Vân,20.9481,105.8493,582.7,23.3,,48.4,
2024-11-24 05:00:00+00:00,2161309,Pháp Vân,20.9481,105.8493,585.3,17.0,,47.6,
2024-11-24 06:00:00+00:00,2161309,Pháp Vân,20.9481,105.8493,,20.3,,41.6,
2024-11-24 07:00:00+00:00,2161309,Pháp Vân,20.9481,105.8493,818.6,35.8,,46.2,
2024-11-24 08:00:00+00:00,2161309,Pháp Vân,20.9481,105.8493,792.9,17.9,,54.2,
2024-11-24 09:00:00+00:00,2161309,Pháp Vân,20.9481,105.8493,664.7,17.8,,52.7,
2024-11-24 10:00:00+00:00,2161309,Pháp Vân,20.9481,105.8493,641.0,23.2,,46.5,
2024-11-24 11:00:00+00:00,2161309,Pháp Vân,20.9481,105.8493,932.3,26.9,,52.9,
2024-11-24 12:00:00+00:00,2161309,Pháp Vân,20.9481,105.8493,1035.6,27.3,,65.5,
2024-11-24 13:00:00+00:00,2161309,Pháp Vân,20.9481,105.8493,994.7,26.0,,55.8,
2024-11-24 14:00:00+00:00,2161309,Pháp Vân,20.9481,105.8493,1238.1,29.1,,58.8,
2024-11-24 15:00:00+00:00,2161309,Pháp Vân,20.9481,105.8493,1369.0,35.1,,59.4,
2024-11-24 16:00:00+00:00,2161309,Pháp Vân,20.9481,105.8493,1022.8,33.1,,63.2,
2024-11-24 17:00:00+00:00,2161309,Pháp Vân,20.9481,105.8493,881.0,27.8,,73.1,
2024-11-24 18:00:00+00:00,2161309,Pháp Vân,20.9481,105.8493,686.1,22.4,,66.9,
2024-11-24 19:00:00+00:00,2161309,Pháp Vân,20.9481,105.8493,691.0,20.3,,62.4,
2024-11-24 20:00:00+00:00,2161309,Pháp Vân,20.9481,105.8493,523.4,16.4,,60.1,
2024-11-24 21:00:00+00:00,2161309,Pháp Vân,20.9481,105.8493,505.0,17.1,,57.6,
2024-11-24 22:00:00+00:00,2161309,Pháp Vân,20.9481,105.8493,498.7,16.9,,56.5,
2024-11-24 23:00:00+00:00,2161309,Pháp Vân,20.9481,105.8493,1660.7,20.8,,60.4,
2024-11-25 00:00:00+00:00,2161309,Pháp Vân,20.9481,105.8493,1630.0,24.6,,80.0,
2024-11-25 01:00:00+00:00,2161309,Pháp Vân,20.9481,105.8493,2040.5,23.7,,69.0,
2024-11-25 02:00:00+00:00,2161309,Pháp Vân,20.9481,105.8493,1518.8,25.0,,58.4,
2024-11-25 03:00:00+00:00,2161309,Pháp Vân,20.9481,105.8493,1486.6,28.4,,74.9,
2024-11-25 04:00:00+00:00,2161309,Pháp Vân,20.9481,105.8493,1276.9,31.5,,72.1,
2024-11-25 05:00:00+00:00,2161309,Pháp Vân,20.9481,105.8493,762.4,25.5,,48.0,
2024-11-25 06:00:00+00:00,2161309,Pháp Vân,20.9481,105.8493,564.5,22.7,,40.3,
2024-11-25 07:00:00+00:00,2161309,Pháp Vân,20.9481,105.8493,503.2,20.7,,43.6,
2024-11-25 08:00:00+00:00,2161309,Pháp Vân,20.9481,105.8493,530.1,24.9,,35.0,
2024-11-25 09:00:00+00:00,2161309,Pháp Vân,20.9481,105.8493,388.1,14.9,,30.9,
2024-11-25 10:00:00+00:00,2161309,Pháp Vân,20.9481,105.8493,1648.1,35.4,,59.3,
2024-11-25 11:00:00+00:00,2161309,Pháp Vân,20.9481,105.8493,3791.9,51.6,,98.8,
2024-11-25 12:00:00+00:00,2161309,Pháp Vân,20.9481,105.8493,3953.2,46.1,,111.0,
2024-11-25 13:00:00+00:00,2161309,Pháp Vân,20.9481,105.8493,1470.1,31.1,,43.9,
2024-11-25 14:00:00+00:00,2161309,Pháp Vân,20.9481,105.8493,500.5,14.2,,24.1,
2024-11-25 15:00:00+00:00,2161309,Pháp Vân,20.9481,105.8493,450.8,12.3,,24.4,
2024-11-25 16:00:00+00:00,2161309,Pháp Vân,20.9481,105.8493,334.4,10.5,,27.8,
2024-11-25 17:00:00+00:00,2161309,Pháp Vân,20.9481,105.8493,285.0,12.6,,31.9,
2024-11-25 18:00:00+00:00,2161309,Pháp Vân,20.9481,105.8493,,12.9,,29.3,
2024-11-25 19:00:00+00:00,2161309,Pháp Vân,20.9481,105.8493,220.2,17.6,,32.1,
2024-11-25 20:00:00+00:00,2161309,Pháp Vân,20.9481,105.8493,546.4,24.4,,36.4,
2024-11-25 21:00:00+00:00,2161309,Pháp Vân,20.9481,105.8493,336.4,24.3,,29.7,
2024-11-25 22:00:00+00:00,2161309,Pháp Vân,20.9481,105.8493,468.5,21.7,,29.4,
2024-11-25 23:00:00+00:00,2161309,Pháp Vân,20.9481,105.8493,379.3,12.2,,25.9,
2024-11-26 00:00:00+00:00,2161309,Pháp Vân,20.9481,105.8493,400.1,9.2,,26.7,
2024-11-26 01:00:00+00:00,2161309,Pháp Vân,20.9481,105.8493,676.0,13.1,,22.5,
2024-11-26 02:00:00+00:00,2161309,Pháp Vân,20.9481,105.8493,,17.2,,18.1,
2024-11-26 03:00:00+00:00,2161309,Pháp Vân,20.9481,105.8493,402.7,13.0,,13.4,
2024-11-26 04:00:00+00:00,2161309,Pháp Vân,20.9481,105.8493,474.4,11.8,,14.8,
2024-11-26 05:00:00+00:00,2161309,Pháp Vân,20.9481,105.8493,653.7,15.3,,18.2,
2024-11-26 06:00:00+00:00,2161309,Pháp Vân,20.9481,105.8493,985.9,22.5,,17.0,
2024-11-26 07:00:00+00:00,2161309,Pháp Vân,20.9481,105.8493,679.0,18.2,,12.6,
2024-11-26 08:00:00+00:00,2161309,Pháp Vân,20.9481,105.8493,806.6,19.8,,17.3,
2024-11-26 09:00:00+00:00,2161309,Pháp Vân,20.9481,105.8493,690.7,20.5,,13.6,
2024-11-26 10:00:00+00:00,2161309,Pháp Vân,20.9481,105.8493,831.8,22.6,,16.4,
2024-11-26 11:00:00+00:00,2161309,Pháp Vân,20.9481,105.8493,,25.5,,17.0,
2024-11-26 12:00:00+00:00,2161309,Pháp Vân,20.9481,105.8493,1900.4,24.5,,25.8,
2024-11-26 13:00:00+00:00,2161309,Pháp Vân,20.9481,105.8493,1304.2,23.1,,26.5,
2024-11-26 14:00:00+00:00,2161309,Pháp Vân,20.9481,105.8493,1060.4,24.2,,25.3,
2024-11-26 15:00:00+00:00,2161309,Pháp Vân,20.9481,105.8493,1348.9,23.4,,21.6,
2024-11-26 16:00:00+00:00,2161309,Pháp Vân,20.9481,105.8493,1015.1,23.0,,23.6,
2024-11-26 17:00:00+00:00,2161309,Pháp Vân,20.9481,105.8493,662.8,15.0,,24.5,
2024-11-26 18:00:00+00:00,2161309,Pháp Vân,20.9481,105.8493,608.7,16.2,,21.1,
2024-11-26 19:00:00+00:00,2161309,Pháp Vân,20.9481,105.8493,469.6,17.4,,20.3,
2024-11-26 20:00:00+00:00,2161309,Pháp Vân,20.9481,105.8493,446.3,18.9,,22.6,
2024-11-26 21:00:00+00:00,2161309,Pháp Vân,20.9481,105.8493,458.6,20.7,,26.2,
2024-11-26 22:00:00+00:00,2161309,Pháp Vân,20.9481,105.8493,485.9,20.4,,25.0,
2024-11-26 23:00:00+00:00,2161309,Pháp Vân,20.9481,105.8493,506.0,18.5,,20.0,
2024-11-27 00:00:00+00:00,2161309,Pháp Vân,20.9481,105.8493,767.1,17.3,,23.1,
2024-11-27 01:00:00+00:00,2161309,Pháp Vân,20.9481,105.8493,1178.0,17.5,,22.4,
2024-11-27 02:00:00+00:00,2161309,Pháp Vân,20.9481,105.8493,781.0,17.1,,20.7,
2024-11-27 03:00:00+00:00,2161309,Pháp Vân,20.9481,105.8493,604.8,13.6,,18.7,
2024-11-27 04:00:00+00:00,2161309,Pháp Vân,20.9481,105.8493,482.4,15.8,,16.2,
2024-11-27 05:00:00+00:00,2161309,Pháp Vân,20.9481,105.8493,493.8,12.7,,16.7,
2024-11-27 06:00:00+00:00,2161309,Pháp Vân,20.9481,105.8493,462.3,21.2,,17.6,
2024-11-27 07:00:00+00:00,2161309,Pháp Vân,20.9481,105.8493,439.9,15.6,,15.2,
2024-11-27 08:00:00+00:00,2161309,Pháp Vân,20.9481,105.8493,488.7,17.2,,15.2,
2024-11-27 09:00:00+00:00,2161309,Pháp Vân,20.9481,105.8493,349.8,15.3,,15.2,
2024-11-27 10:00:00+00:00,2161309,Pháp Vân,20.9481,105.8493,412.2,16.6,,16.9,
2024-11-27 11:00:00+00:00,2161309,Pháp Vân,20.9481,105.8493,746.3,18.3,,21.7,
2024-11-27 12:00:00+00:00,2161309,Pháp Vân,20.9481,105.8493,703.6,19.1,,25.3,
2024-11-27 13:00:00+00:00,2161309,Pháp Vân,20.9481,105.8493,476.8,16.9,,16.9,
2024-11-27 14:00:00+00:00,2161309,Pháp Vân,20.9481,105.8493,432.4,15.7,,15.0,
2024-11-27 15:00:00+00:00,2161309,Pháp Vân,20.9481,105.8493,367.3,12.2,,12.4,
2024-11-27 16:00:00+00:00,2161309,Pháp Vân,20.9481,105.8493,497.1,10.3,,24.6,
2024-11-27 17:00:00+00:00,2161309,Pháp Vân,20.9481,105.8493,243.9,8.5,,13.1,
2024-11-27 18:00:00+00:00,2161309,Pháp Vân,20.9481,105.8493,331.5,6.5,,14.2,
2024-11-27 19:00:00+00:00,2161309,Pháp Vân,20.9481,105.8493,188.5,7.1,,12.8,
2024-11-27 20:00:00+00:00,2161309,Pháp Vân,20.9481,105.8493,185.5,7.0,,12.4,
2024-11-27 21:00:00+00:00,2161309,Pháp Vân,20.9481,105.8493,252.6,7.7,,13.8,
2024-11-27 22:00:00+00:00,2161309,Pháp Vân,20.9481,105.8493,290.7,8.2,,12.3,
2024-11-27 23:00:00+00:00,2161309,Pháp Vân,20.9481,105.8493,168.2,8.7,,25.1,
2024-11-28 00:00:00+00:00,2161309,Pháp Vân,20.9481,105.8493,305.8,12.2,,13.4,
2024-11-28 01:00:00+00:00,2161309,Pháp Vân,20.9481,105.8493,429.8,15.0,,11.0,
2024-11-28 02:00:00+00:00,2161309,Pháp Vân,20.9481,105.8493,387.9,14.2,,12.2,
2024-11-28 03:00:00+00:00,2161309,Pháp Vân,20.9481,105.8493,307.7,17.6,,12.7,
2024-11-28 04:00:00+00:00,2161309,Pháp Vân,20.9481,105.8493,310.7,13.2,,11.8,
2024-11-28 05:00:00+00:00,2161309,Pháp Vân,20.9481,105.8493,,14.3,,12.1,
2024-11-28 06:00:00+00:00,2161309,Pháp Vân,20.9481,105.8493,376.5,15.6,,15.2,
2024-11-28 07:00:00+00:00,2161309,Pháp Vân,20.9481,105.8493,433.6,15.7,,15.1,
2024-11-28 08:00:00+00:00,2161309,Pháp Vân,20.9481,105.8493,543.2,18.9,,14.3,
2024-11-28 09:00:00+00:00,2161309,Pháp Vân,20.9481,105.8493,425.8,21.4,,14.5,
2024-11-28 10:00:00+00:00,2161309,Pháp Vân,20.9481,105.8493,788.7,22.9,,17.4,
2024-11-28 11:00:00+00:00,2161309,Pháp Vân,20.9481,105.8493,1031.6,24.7,,15.7,
2024-11-28 12:00:00+00:00,2161309,Pháp Vân,20.9481,105.8493,1064.5,26.7,,16.2,
2024-11-28 13:00:00+00:00,2161309,Pháp Vân,20.9481,105.8493,795.3,22.9,,18.0,
2024-11-28 14:00:00+00:00,2161309,Pháp Vân,20.9481,105.8493,686.8,25.1,,18.5,
2024-11-28 15:00:00+00:00,2161309,Pháp Vân,20.9481,105.8493,904.5,27.4,,22.4,
2024-11-28 16:00:00+00:00,2161309,Pháp Vân,20.9481,105.8493,775.4,29.0,,27.8,
2024-11-28 17:00:00+00:00,2161309,Pháp Vân,20.9481,105.8493,481.9,25.5,,22.9,
2024-11-28 18:00:00+00:00,2161309,Pháp Vân,20.9481,105.8493,400.3,22.5,,21.8,
2024-11-28 19:00:00+00:00,2161309,Pháp Vân,20.9481,105.8493,341.2,20.5,,21.5,
2024-11-28 20:00:00+00:00,2161309,Pháp Vân,20.9481,105.8493,294.9,20.4,,21.6,
2024-11-28 21:00:00+00:00,2161309,Pháp Vân,20.9481,105.8493,241.5,18.9,,18.8,
2024-11-28 22:00:00+00:00,2161309,Pháp Vân,20.9481,105.8493,234.3,17.0,,17.4,
2024-11-28 23:00:00+00:00,2161309,Pháp Vân,20.9481,105.8493,287.9,22.1,,20.8,
2024-11-29 00:00:00+00:00,2161309,Pháp Vân,20.9481,105.8493,443.8,21.6,,29.1,
2024-11-29 01:00:00+00:00,2161309,Pháp Vân,20.9481,105.8493,1427.4,22.9,,29.8,
2024-11-29 02:00:00+00:00,2161309,Pháp Vân,20.9481,105.8493,1240.7,35.2,,28.3,
2024-11-29 03:00:00+00:00,2161309,Pháp Vân,20.9481,105.8493,423.1,24.3,,17.1,
2024-11-29 04:00:00+00:00,2161309,Pháp Vân,20.9481,105.8493,465.8,17.3,,14.9,
2024-11-29 05:00:00+00:00,2161309,Pháp Vân,20.9481,105.8493,543.4,17.1,,14.3,
2024-11-29 06:00:00+00:00,2161309,Pháp Vân,20.9481,105.8493,354.8,17.1,,13.7,
2024-11-29 07:00:00+00:00,2161309,Pháp Vân,20.9481,105.8493,470.9,19.7,,13.6,
2024-11-29 08:00:00+00:00,2161309,Pháp Vân,20.9481,105.8493,415.0,16.7,,15.2,
2024-11-29 09:00:00+00:00,2161309,Pháp Vân,20.9481,105.8493,715.6,14.6,,17.2,
2024-11-29 10:00:00+00:00,2161309,Pháp Vân,20.9481,105.8493,885.3,21.9,,21.5,
2024-11-29 11:00:00+00:00,2161309,Pháp Vân,20.9481,105.8493,1857.9,45.7,,39.3,
2024-11-29 12:00:00+00:00,2161309,Pháp Vân,20.9481,105.8493,2585.5,58.6,,70.9,
2024-11-29 13:00:00+00:00,2161309,Pháp Vân,20.9481,105.8493,2254.3,46.1,,73.6,
2024-11-29 14:00:00+00:00,2161309,Pháp Vân,20.9481,105.8493,1816.0,46.7,,82.0,
2024-11-29 15:00:00+00:00,2161309,Pháp Vân,20.9481,105.8493,1296.2,38.3,,72.7,
2024-11-29 16:00:00+00:00,2161309,Pháp Vân,20.9481,105.8493,541.1,48.7,,39.9,
2024-11-29 17:00:00+00:00,2161309,Pháp Vân,20.9481,105.8493,317.9,44.2,,27.4,
2024-11-29 18:00:00+00:00,2161309,Pháp Vân,20.9481,105.8493,401.3,28.8,,28.7,
2024-11-29 19:00:00+00:00,2161309,Pháp Vân,20.9481,105.8493,310.7,25.7,,34.1,
2024-11-29 20:00:00+00:00,2161309,Pháp Vân,20.9481,105.8493,367.5,40.7,,38.2,
2024-11-29 21:00:00+00:00,2161309,Pháp Vân,20.9481,105.8493,373.9,41.1,,40.1,
2024-11-29 22:00:00+00:00,2161309,Pháp Vân,20.9481,105.8493,445.1,38.2,,36.5,
2024-11-29 23:00:00+00:00,2161309,Pháp Vân,20.9481,105.8493,725.4,30.8,,54.9,
2024-11-30 00:00:00+00:00,2161309,Pháp Vân,20.9481,105.8493,821.8,33.7,,62.7,
2024-11-30 01:00:00+00:00,2161309,Pháp Vân,20.9481,105.8493,1247.4,36.8,,87.0,
2024-11-30 02:00:00+00:00,2161309,Pháp Vân,20.9481,105.8493,733.1,37.5,,72.2,
2024-11-30 03:00:00+00:00,2161309,Pháp Vân,20.9481,105.8493,702.7,41.2,,59.7,
2024-11-30 04:00:00+00:00,2161309,Pháp Vân,20.9481,105.8493,770.7,36.6,,47.8,
2024-11-30 05:00:00+00:00,2161309,Pháp Vân,20.9481,105.8493,488.2,28.2,,34.2,
2024-11-30 06:00:00+00:00,2161309,Pháp Vân,20.9481,105.8493,417.6,25.6,,36.1,
2024-11-30 07:00:00+00:00,2161309,Pháp Vân,20.9481,105.8493,358.4,25.0,,35.3,
2024-11-30 08:00:00+00:00,2161309,Pháp Vân,20.9481,105.8493,401.1,16.3,,30.6,
2024-11-30 09:00:00+00:00,2161309,Pháp Vân,20.9481,105.8493,395.1,15.2,,32.1,
2024-11-30 10:00:00+00:00,2161309,Pháp Vân,20.9481,105.8493,504.9,18.6,,25.7,
2024-11-30 11:00:00+00:00,2161309,Pháp Vân,20.9481,105.8493,1081.4,40.4,,46.7,
2024-11-30 12:00:00+00:00,2161309,Pháp Vân,20.9481,105.8493,811.6,29.7,,56.5,
2024-11-30 13:00:00+00:00,2161309,Pháp Vân,20.9481,105.8493,448.3,21.8,,38.2,
2024-11-30 14:00:00+00:00,2161309,Pháp Vân,20.9481,105.8493,419.1,23.0,,41.7,
2024-11-30 15:00:00+00:00,2161309,Pháp Vân,20.9481,105.8493,743.5,25.7,,28.7,
2024-11-30 16:00:00+00:00,2161309,Pháp Vân,20.9481,105.8493,329.6,24.5,,28.3,
2024-11-30 17:00:00+00:00,2161309,Pháp Vân,20.9481,105.8493,472.8,30.5,,36.2,
2024-11-30 18:00:00+00:00,2161309,Pháp Vân,20.9481,105.8493,560.5,26.3,,39.2,
2024-11-30 19:00:00+00:00,2161309,Pháp Vân,20.9481,105.8493,397.9,21.8,,40.8,
2024-11-30 20:00:00+00:00,2161309,Pháp Vân,20.9481,105.8493,472.3,30.0,,52.9,
2024-11-30 21:00:00+00:00,2161309,Pháp Vân,20.9481,105.8493,,26.5,,59.5,
2024-11-30 22:00:00+00:00,2161309,Pháp Vân,20.9481,105.8493,611.3,27.2,,70.0,
2024-11-30 23:00:00+00:00,2161309,Pháp Vân,20.9481,105.8493,797.1,28.2,,87.5,
2024-12-01 00:00:00+00:00,2161309,Pháp Vân,20.9481,105.8493,1086.4,20.1,,80.3,
2024-12-01 01:00:00+00:00,2161309,Pháp Vân,20.9481,105.8493,1360.9,29.6,,78.2,
2024-12-01 02:00:00+00:00,2161309,Pháp Vân,20.9481,105.8493,683.3,31.3,,62.0,
2024-12-01 03:00:00+00:00,2161309,Pháp Vân,20.9481,105.8493,595.2,31.6,,61.3,
2024-12-01 04:00:00+00:00,2161309,Pháp Vân,20.9481,105.8493,424.7,24.8,,37.4,
2024-12-01 05:00:00+00:00,2161309,Pháp Vân,20.9481,105.8493,316.0,21.1,,22.1,
2024-12-01 06:00:00+00:00,2161309,Pháp Vân,20.9481,105.8493,290.5,20.8,,24.1,
2024-12-01 07:00:00+00:00,2161309,Pháp Vân,20.9481,105.8493,258.5,20.2,,22.8,
2024-12-01 08:00:00+00:00,2161309,Pháp Vân,20.9481,105.8493,,19.4,,22.2,
2024-12-01 09:00:00+00:00,2161309,Pháp Vân,20.9481,105.8493,300.8,13.8,,28.0,
2024-12-01 10:00:00+00:00,2161309,Pháp Vân,20.9481,105.8493,438.9,17.0,,42.9,
2024-12-01 11:00:00+00:00,2161309,Pháp Vân,20.9481,105.8493,818.3,23.5,,56.1,
2024-12-01 12:00:00+00:00,2161309,Pháp Vân,20.9481,105.8493,524.0,17.4,,34.3,
2024-12-01 13:00:00+00:00,2161309,Pháp Vân,20.9481,105.8493,464.5,16.1,,34.1,
2024-12-01 14:00:00+00:00,2161309,Pháp Vân,20.9481,105.8493,304.1,16.3,,27.8,
2024-12-01 15:00:00+00:00,2161309,Pháp Vân,20.9481,105.8493,358.6,14.5,,31.9,
2024-12-01 16:00:00+00:00,2161309,Pháp Vân,20.9481,105.8493,339.0,14.3,,38.0,
2024-12-01 17:00:00+00:00,2161309,Pháp Vân,20.9481,105.8493,284.0,14.7,,42.8,
2024-12-01 18:00:00+00:00,2161309,Pháp Vân,20.9481,105.8493,346.6,13.4,,43.8,
2024-12-01 19:00:00+00:00,2161309,Pháp Vân,20.9481,105.8493,1244.0,13.5,,39.9,
2024-12-01 20:00:00+00:00,2161309,Pháp Vân,20.9481,105.8493,1827.3,14.2,,41.2,
2024-12-01 21:00:00+00:00,2161309,Pháp Vân,20.9481,105.8493,1465.0,18.7,,43.0,
2024-12-01 22:00:00+00:00,2161309,Pháp Vân,20.9481,105.8493,621.2,21.2,,44.2,
2024-12-01 23:00:00+00:00,2161309,Pháp Vân,20.9481,105.8493,2045.4,24.5,,46.4,
2024-12-02 00:00:00+00:00,2161309,Pháp Vân,20.9481,105.8493,3169.8,32.4,,48.4,
2024-12-02 01:00:00+00:00,2161309,Pháp Vân,20.9481,105.8493,994.5,33.7,,50.8,
2024-12-02 02:00:00+00:00,2161309,Pháp Vân,20.9481,105.8493,551.8,38.0,,48.5,
2024-12-02 03:00:00+00:00,2161309,Pháp Vân,20.9481,105.8493,489.8,43.0,,51.9,
2024-12-02 04:00:00+00:00,2161309,Pháp Vân,20.9481,105.8493,443.3,40.1,,39.6,
2024-12-02 05:00:00+00:00,2161309,Pháp Vân,20.9481,105.8493,504.2,38.2,,37.1,
2024-12-02 06:00:00+00:00,2161309,Pháp Vân,20.9481,105.8493,397.8,40.5,,38.3,
2024-12-02 07:00:00+00:00,2161309,Pháp Vân,20.9481,105.8493,308.0,37.0,,32.0,
2024-12-02 08:00:00+00:00,2161309,Pháp Vân,20.9481,105.8493,321.0,31.8,,32.8,
2024-12-02 09:00:00+00:00,2161309,Pháp Vân,20.9481,105.8493,363.1,25.9,,31.4,
2024-12-02 10:00:00+00:00,2161309,Pháp Vân,20.9481,105.8493,521.3,22.7,,30.7,
2024-12-02 11:00:00+00:00,2161309,Pháp Vân,20.9481,105.8493,957.9,26.1,,43.0,
2024-12-02 12:00:00+00:00,2161309,Pháp Vân,20.9481,105.8493,,29.3,,47.5,
2024-12-02 13:00:00+00:00,2161309,Pháp Vân,20.9481,105.8493,491.8,25.8,,38.3,
2024-12-02 14:00:00+00:00,2161309,Pháp Vân,20.9481,105.8493,345.8,28.1,,38.1,
2024-12-02 15:00:00+00:00,2161309,Pháp Vân,20.9481,105.8493,374.8,15.4,,41.8,
2024-12-02 16:00:00+00:00,2161309,Pháp Vân,20.9481,105.8493,404.6,16.0,,37.0,
2024-12-02 17:00:00+00:00,2161309,Pháp Vân,20.9481,105.8493,618.5,18.3,,34.0,
2024-12-02 18:00:00+00:00,2161309,Pháp Vân,20.9481,105.8493,1282.3,13.3,,38.5,
2024-12-02 19:00:00+00:00,2161309,Pháp Vân,20.9481,105.8493,1361.0,19.0,,53.2,
2024-12-02 20:00:00+00:00,2161309,Pháp Vân,20.9481,105.8493,2317.0,17.0,,54.7,
2024-12-02 21:00:00+00:00,2161309,Pháp Vân,20.9481,105.8493,1666.6,14.7,,48.6,
2024-12-02 22:00:00+00:00,2161309,Pháp Vân,20.9481,105.8493,1170.2,15.2,,47.4,
2024-12-02 23:00:00+00:00,2161309,Pháp Vân,20.9481,105.8493,1886.4,21.8,,68.7,
2024-12-03 00:00:00+00:00,2161309,Pháp Vân,20.9481,105.8493,6217.9,25.1,,52.6,
2024-12-03 01:00:00+00:00,2161309,Pháp Vân,20.9481,105.8493,1861.9,28.9,,39.0,
2024-12-03 02:00:00+00:00,2161309,Pháp Vân,20.9481,105.8493,564.2,31.8,,30.0,
2024-12-03 03:00:00+00:00,2161309,Pháp Vân,20.9481,105.8493,424.3,21.4,,22.2,
2024-12-03 04:00:00+00:00,2161309,Pháp Vân,20.9481,105.8493,371.6,24.1,,20.3,
2024-12-03 05:00:00+00:00,2161309,Pháp Vân,20.9481,105.8493,376.0,16.9,,20.0,
2024-12-03 06:00:00+00:00,2161309,Pháp Vân,20.9481,105.8493,325.7,17.2,,20.7,
2024-12-03 07:00:00+00:00,2161309,Pháp Vân,20.9481,105.8493,251.8,13.0,,15.1,
2024-12-03 08:00:00+00:00,2161309,Pháp Vân,20.9481,105.8493,257.3,10.6,,14.6,
2024-12-03 09:00:00+00:00,2161309,Pháp Vân,20.9481,105.8493,246.8,13.7,,15.4,
2024-12-03 10:00:00+00:00,2161309,Pháp Vân,20.9481,105.8493,286.5,14.3,,17.9,
2024-12-03 11:00:00+00:00,2161309,Pháp Vân,20.9481,105.8493,490.1,14.7,,23.7,
2024-12-03 12:00:00+00:00,2161309,Pháp Vân,20.9481,105.8493,376.0,15.0,,24.8,
2024-12-03 13:00:00+00:00,2161309,Pháp Vân,20.9481,105.8493,357.4,16.9,,31.9,
2024-12-03 14:00:00+00:00,2161309,Pháp Vân,20.9481,105.8493,309.1,20.0,,39.6,
2024-12-03 15:00:00+00:00,2161309,Pháp Vân,20.9481,105.8493,383.8,20.2,,43.7,
2024-12-03 16:00:00+00:00,2161309,Pháp Vân,20.9481,105.8493,292.1,15.1,,41.7,
2024-12-03 17:00:00+00:00,2161309,Pháp Vân,20.9481,105.8493,,21.9,,50.1,
2024-12-03 18:00:00+00:00,2161309,Pháp Vân,20.9481,105.8493,492.8,18.5,,41.0,
2024-12-03 19:00:00+00:00,2161309,Pháp Vân,20.9481,105.8493,2432.5,14.5,,33.8,
2024-12-03 20:00:00+00:00,2161309,Pháp Vân,20.9481,105.8493,158.0,14.1,,35.5,
2024-12-03 21:00:00+00:00,2161309,Pháp Vân,20.9481,105.8493,224.9,19.0,,45.0,
2024-12-03 22:00:00+00:00,2161309,Pháp Vân,20.9481,105.8493,255.6,20.2,,48.7,
2024-12-03 23:00:00+00:00,2161309,Pháp Vân,20.9481,105.8493,962.7,19.0,,58.2,
2024-12-04 00:00:00+00:00,2161309,Pháp Vân,20.9481,105.8493,434.2,16.6,,42.8,
2024-12-04 01:00:00+00:00,2161309,Pháp Vân,20.9481,105.8493,941.9,18.1,,36.1,
2024-12-04 02:00:00+00:00,2161309,Pháp Vân,20.9481,105.8493,487.3,18.6,,34.2,
2024-12-04 03:00:00+00:00,2161309,Pháp Vân,20.9481,105.8493,366.1,22.1,,25.3,
2024-12-04 04:00:00+00:00,2161309,Pháp Vân,20.9481,105.8493,361.6,20.6,,26.3,
2024-12-04 05:00:00+00:00,2161309,Pháp Vân,20.9481,105.8493,349.1,14.3,,20.0,
2024-12-04 06:00:00+00:00,2161309,Pháp Vân,20.9481,105.8493,186.3,12.7,,13.6,
2024-12-04 07:00:00+00:00,2161309,Pháp Vân,20.9481,105.8493,166.8,11.6,,10.8,
2024-12-04 08:00:00+00:00,2161309,Pháp Vân,20.9481,105.8493,160.6,17.5,,18.2,
2024-12-04 09:00:00+00:00,2161309,Pháp Vân,20.9481,105.8493,262.5,19.9,,15.5,
2024-12-04 10:00:00+00:00,2161309,Pháp Vân,20.9481,105.8493,349.4,16.3,,19.5,
2024-12-04 11:00:00+00:00,2161309,Pháp Vân,20.9481,105.8493,623.2,18.4,,30.1,
2024-12-04 12:00:00+00:00,2161309,Pháp Vân,20.9481,105.8493,648.5,19.4,,30.1,
2024-12-04 13:00:00+00:00,2161309,Pháp Vân,20.9481,105.8493,544.2,19.3,,33.0,
2024-12-04 14:00:00+00:00,2161309,Pháp Vân,20.9481,105.8493,620.0,23.6,,44.3,
2024-12-04 15:00:00+00:00,2161309,Pháp Vân,20.9481,105.8493,445.8,21.9,,57.8,
2024-12-04 16:00:00+00:00,2161309,Pháp Vân,20.9481,105.8493,1970.5,19.6,,65.6,
2024-12-04 17:00:00+00:00,2161309,Pháp Vân,20.9481,105.8493,4000.0,25.6,,58.5,
2024-12-04 18:00:00+00:00,2161309,Pháp Vân,20.9481,105.8493,5684.6,16.0,,51.8,
2024-12-04 19:00:00+00:00,2161309,Pháp Vân,20.9481,105.8493,6595.6,13.1,,49.7,
2024-12-04 20:00:00+00:00,2161309,Pháp Vân,20.9481,105.8493,8458.7,8.5,,48.7,
2024-12-04 21:00:00+00:00,2161309,Pháp Vân,20.9481,105.8493,9875.2,11.4,,45.0,
2024-12-04 22:00:00+00:00,2161309,Pháp Vân,20.9481,105.8493,12225.0,21.2,,51.4,
2024-12-04 23:00:00+00:00,2161309,Pháp Vân,20.9481,105.8493,10159.1,23.8,,59.9,
2024-12-05 00:00:00+00:00,2161309,Pháp Vân,20.9481,105.8493,8607.8,30.9,,58.1,
2024-12-05 01:00:00+00:00,2161309,Pháp Vân,20.9481,105.8493,3450.6,32.0,,56.2,
2024-12-05 02:00:00+00:00,2161309,Pháp Vân,20.9481,105.8493,691.4,17.0,,38.9,
2024-12-05 03:00:00+00:00,2161309,Pháp Vân,20.9481,105.8493,422.9,21.4,,33.3,
2024-12-05 04:00:00+00:00,2161309,Pháp Vân,20.9481,105.8493,492.6,17.6,,30.9,
2024-12-05 05:00:00+00:00,2161309,Pháp Vân,20.9481,105.8493,382.2,13.4,,27.3,
2024-12-05 06:00:00+00:00,2161309,Pháp Vân,20.9481,105.8493,277.9,13.1,,23.1,
2024-12-05 07:00:00+00:00,2161309,Pháp Vân,20.9481,105.8493,250.9,17.9,,15.7,
2024-12-05 08:00:00+00:00,2161309,Pháp Vân,20.9481,105.8493,257.1,15.4,,15.7,
2024-12-05 09:00:00+00:00,2161309,Pháp Vân,20.9481,105.8493,237.0,19.7,,18.8,
2024-12-05 10:00:00+00:00,2161309,Pháp Vân,20.9481,105.8493,323.5,16.2,,20.0,
2024-12-05 11:00:00+00:00,2161309,Pháp Vân,20.9481,105.8493,617.2,16.8,,29.5,
2024-12-05 12:00:00+00:00,2161309,Pháp Vân,20.9481,105.8493,469.5,12.1,,26.6,
2024-12-05 13:00:00+00:00,2161309,Pháp Vân,20.9481,105.8493,404.2,11.2,,22.4,
2024-12-05 14:00:00+00:00,2161309,Pháp Vân,20.9481,105.8493,251.5,8.7,,21.4,
2024-12-05 15:00:00+00:00,2161309,Pháp Vân,20.9481,105.8493,369.8,11.3,,29.8,
2024-12-05 16:00:00+00:00,2161309,Pháp Vân,20.9481,105.8493,270.0,15.3,,29.0,
2024-12-05 17:00:00+00:00,2161309,Pháp Vân,20.9481,105.8493,686.3,11.5,,46.1,
2024-12-05 18:00:00+00:00,2161309,Pháp Vân,20.9481,105.8493,1333.4,9.9,,37.8,
2024-12-05 19:00:00+00:00,2161309,Pháp Vân,20.9481,105.8493,2313.7,9.0,,33.2,
2024-12-05 20:00:00+00:00,2161309,Pháp Vân,20.9481,105.8493,4753.6,20.7,,28.9,
2024-12-05 21:00:00+00:00,2161309,Pháp Vân,20.9481,105.8493,5839.6,24.6,,40.9,
2024-12-05 22:00:00+00:00,2161309,Pháp Vân,20.9481,105.8493,2782.4,18.4,,35.6,
2024-12-05 23:00:00+00:00,2161309,Pháp Vân,20.9481,105.8493,2792.1,19.5,,60.5,
2024-12-06 00:00:00+00:00,2161309,Pháp Vân,20.9481,105.8493,1528.5,21.0,,51.4,
2024-12-06 01:00:00+00:00,2161309,Pháp Vân,20.9481,105.8493,2309.5,30.9,,53.1,
2024-12-06 02:00:00+00:00,2161309,Pháp Vân,20.9481,105.8493,1591.9,39.1,,58.2,
2024-12-06 03:00:00+00:00,2161309,Pháp Vân,20.9481,105.8493,694.5,30.6,,54.0,
2024-12-06 04:00:00+00:00,2161309,Pháp Vân,20.9481,105.8493,8185.4,25.4,,43.5,
2024-12-06 05:00:00+00:00,2161309,Pháp Vân,20.9481,105.8493,693.2,21.4,,54.6,
2024-12-06 06:00:00+00:00,2161309,Pháp Vân,20.9481,105.8493,1191.8,35.6,,55.3,
2024-12-06 07:00:00+00:00,2161309,Pháp Vân,20.9481,105.8493,532.2,27.4,,35.8,
2024-12-06 08:00:00+00:00,2161309,Pháp Vân,20.9481,105.8493,460.9,26.4,,34.6,
2024-12-06 09:00:00+00:00,2161309,Pháp Vân,20.9481,105.8493,380.7,23.0,,24.3,
2024-12-06 10:00:00+00:00,2161309,Pháp Vân,20.9481,105.8493,608.7,25.6,,31.0,
2024-12-06 11:00:00+00:00,2161309,Pháp Vân,20.9481,105.8493,856.7,23.7,,32.1,
2024-12-06 12:00:00+00:00,2161309,Pháp Vân,20.9481,105.8493,720.4,25.7,,41.3,
2024-12-06 13:00:00+00:00,2161309,Pháp Vân,20.9481,105.8493,774.1,28.1,,49.7,
2024-12-06 14:00:00+00:00,2161309,Pháp Vân,20.9481,105.8493,916.9,35.3,,66.6,
2024-12-06 15:00:00+00:00,2161309,Pháp Vân,20.9481,105.8493,986.7,28.6,,74.7,
2024-12-06 16:00:00+00:00,2161309,Pháp Vân,20.9481,105.8493,825.1,25.8,,66.9,
2024-12-06 17:00:00+00:00,2161309,Pháp Vân,20.9481,105.8493,678.2,20.2,,61.1,
2024-12-06 18:00:00+00:00,2161309,Pháp Vân,20.9481,105.8493,648.8,16.9,,59.5,
2024-12-06 19:00:00+00:00,2161309,Pháp Vân,20.9481,105.8493,579.9,17.6,,57.8,
2024-12-06 20:00:00+00:00,2161309,Pháp Vân,20.9481,105.8493,562.4,17.4,,57.3,
2024-12-06 21:00:00+00:00,2161309,Pháp Vân,20.9481,105.8493,529.7,13.0,,58.5,
2024-12-06 22:00:00+00:00,2161309,Pháp Vân,20.9481,105.8493,503.5,12.1,,53.7,
2024-12-06 23:00:00+00:00,2161309,Pháp Vân,20.9481,105.8493,,13.5,,53.7,
2024-12-07 00:00:00+00:00,2161309,Pháp Vân,20.9481,105.8493,608.2,14.6,,55.8,
2024-12-07 01:00:00+00:00,2161309,Pháp Vân,20.9481,105.8493,826.9,16.1,,53.0,
2024-12-07 02:00:00+00:00,2161309,Pháp Vân,20.9481,105.8493,831.4,16.8,,57.5,
2024-12-07 03:00:00+00:00,2161309,Pháp Vân,20.9481,105.8493,748.2,15.4,,53.1,
2024-12-07 04:00:00+00:00,2161309,Pháp Vân,20.9481,105.8493,741.1,19.4,,55.5,
2024-12-07 05:00:00+00:00,2161309,Pháp Vân,20.9481,105.8493,759.7,14.3,,51.7,
2024-12-07 06:00:00+00:00,2161309,Pháp Vân,20.9481,105.8493,685.3,12.3,,47.5,
2024-12-07 07:00:00+00:00,2161309,Pháp Vân,20.9481,105.8493,569.8,11.3,,35.4,
2024-12-07 08:00:00+00:00,2161309,Pháp Vân,20.9481,105.8493,536.1,13.8,,27.2,
2024-12-07 09:00:00+00:00,2161309,Pháp Vân,20.9481,105.8493,550.6,14.0,,22.2,
2024-12-07 10:00:00+00:00,2161309,Pháp Vân,20.9481,105.8493,589.8,15.3,,18.6,
2024-12-07 11:00:00+00:00,2161309,Pháp Vân,20.9481,105.8493,583.2,13.1,,17.8,
2024-12-07 12:00:00+00:00,2161309,Pháp Vân,20.9481,105.8493,520.4,12.6,,15.9,
2024-12-07 13:00:00+00:00,2161309,Pháp Vân,20.9481,105.8493,474.9,10.4,,12.8,
2024-12-07 14:00:00+00:00,2161309,Pháp Vân,20.9481,105.8493,485.6,8.2,,10.3,
2024-12-07 15:00:00+00:00,2161309,Pháp Vân,20.9481,105.8493,388.5,9.4,,11.4,
2024-12-07 16:00:00+00:00,2161309,Pháp Vân,20.9481,105.8493,551.8,9.1,,9.7,
2024-12-07 17:00:00+00:00,2161309,Pháp Vân,20.9481,105.8493,263.9,7.7,,7.7,
2024-12-07 18:00:00+00:00,2161309,Pháp Vân,20.9481,105.8493,240.6,5.7,,7.5,
2024-12-07 19:00:00+00:00,2161309,Pháp Vân,20.9481,105.8493,240.1,6.5,,7.9,
2024-12-07 20:00:00+00:00,2161309,Pháp Vân,20.9481,105.8493,171.7,5.2,,7.3,
2024-12-07 21:00:00+00:00,2161309,Pháp Vân,20.9481,105.8493,154.7,4.2,,8.7,
2024-12-07 22:00:00+00:00,2161309,Pháp Vân,20.9481,105.8493,151.0,4.0,,8.9,
2024-12-07 23:00:00+00:00,2161309,Pháp Vân,20.9481,105.8493,160.2,4.8,,7.6,
2024-12-08 00:00:00+00:00,2161309,Pháp Vân,20.9481,105.8493,207.2,7.3,,7.1,
2024-12-08 01:00:00+00:00,2161309,Pháp Vân,20.9481,105.8493,252.7,13.9,,6.7,
2024-12-08 02:00:00+00:00,2161309,Pháp Vân,20.9481,105.8493,326.3,7.8,,7.7,
2024-12-08 03:00:00+00:00,2161309,Pháp Vân,20.9481,105.8493,308.6,14.2,,9.5,
2024-12-08 04:00:00+00:00,2161309,Pháp Vân,20.9481,105.8493,375.8,16.0,,11.7,
2024-12-08 05:00:00+00:00,2161309,Pháp Vân,20.9481,105.8493,346.8,24.4,,12.4,
2024-12-08 06:00:00+00:00,2161309,Pháp Vân,20.9481,105.8493,308.6,8.4,,11.7,
2024-12-08 07:00:00+00:00,2161309,Pháp Vân,20.9481,105.8493,315.8,8.8,,12.9,
2024-12-08 08:00:00+00:00,2161309,Pháp Vân,20.9481,105.8493,425.1,11.6,,14.9,
2024-12-08 09:00:00+00:00,2161309,Pháp Vân,20.9481,105.8493,544.9,13.1,,18.2,
2024-12-08 10:00:00+00:00,2161309,Pháp Vân,20.9481,105.8493,529.9,16.1,,15.1,
2024-12-08 11:00:00+00:00,2161309,Pháp Vân,20.9481,105.8493,614.9,20.0,,16.2,
2024-12-08 12:00:00+00:00,2161309,Pháp Vân,20.9481,105.8493,620.4,19.4,,21.0,
2024-12-08 13:00:00+00:00,2161309,Pháp Vân,20.9481,105.8493,575.4,20.8,,22.4,
2024-12-08 14:00:00+00:00,2161309,Pháp Vân,20.9481,105.8493,557.1,20.2,,27.5,
2024-12-08 15:00:00+00:00,2161309,Pháp Vân,20.9481,105.8493,469.2,14.2,,23.7,
2024-12-08 16:00:00+00:00,2161309,Pháp Vân,20.9481,105.8493,415.3,14.0,,22.1,
2024-12-08 17:00:00+00:00,2161309,Pháp Vân,20.9481,105.8493,394.6,13.3,,23.8,
2024-12-08 18:00:00+00:00,2161309,Pháp Vân,20.9481,105.8493,346.2,13.1,,26.1,
2024-12-08 19:00:00+00:00,2161309,Pháp Vân,20.9481,105.8493,271.1,10.4,,26.2,
2024-12-08 20:00:00+00:00,2161309,Pháp Vân,20.9481,105.8493,282.9,11.8,,19.2,
2024-12-08 21:00:00+00:00,2161309,Pháp Vân,20.9481,105.8493,261.9,11.0,,15.4,
2024-12-08 22:00:00+00:00,2161309,Pháp Vân,20.9481,105.8493,361.0,18.9,,18.3,
2024-12-08 23:00:00+00:00,2161309,Pháp Vân,20.9481,105.8493,454.6,18.1,,22.1,
2024-12-09 00:00:00+00:00,2161309,Pháp Vân,20.9481,105.8493,549.9,22.7,,21.1,
2024-12-09 01:00:00+00:00,2161309,Pháp Vân,20.9481,105.8493,1090.8,21.0,,23.4,
2024-12-09 02:00:00+00:00,2161309,Pháp Vân,20.9481,105.8493,1059.6,17.7,,27.8,
2024-12-09 03:00:00+00:00,2161309,Pháp Vân,20.9481,105.8493,1130.9,18.5,,31.6,
2024-12-09 04:00:00+00:00,2161309,Pháp Vân,20.9481,105.8493,1093.6,21.0,,37.8,
2024-12-09 05:00:00+00:00,2161309,Pháp Vân,20.9481,105.8493,1100.7,20.6,,36.1,
2024-12-09 06:00:00+00:00,2161309,Pháp Vân,20.9481,105.8493,1103.8,20.5,,40.0,
2024-12-09 07:00:00+00:00,2161309,Pháp Vân,20.9481,105.8493,876.6,18.6,,42.2,
2024-12-09 08:00:00+00:00,2161309,Pháp Vân,20.9481,105.8493,1034.6,26.9,,47.2,
2024-12-09 09:00:00+00:00,2161309,Pháp Vân,20.9481,105.8493,921.9,25.0,,46.6,
2024-12-09 10:00:00+00:00,2161309,Pháp Vân,20.9481,105.8493,849.3,29.7,,48.4,
2024-12-09 11:00:00+00:00,2161309,Pháp Vân,20.9481,105.8493,1632.9,42.8,,56.4,
2024-12-09 12:00:00+00:00,2161309,Pháp Vân,20.9481,105.8493,1375.7,40.5,,67.2,
2024-12-09 13:00:00+00:00,2161309,Pháp Vân,20.9481,105.8493,1842.0,47.3,,83.5,
2024-12-09 14:00:00+00:00,2161309,Pháp Vân,20.9481,105.8493,1491.5,43.2,,74.2,
2024-12-09 15:00:00+00:00,2161309,Pháp Vân,20.9481,105.8493,1466.6,42.3,,88.9,
2024-12-09 16:00:00+00:00,2161309,Pháp Vân,20.9481,105.8493,1191.0,39.6,,92.1,
2024-12-09 17:00:00+00:00,2161309,Pháp Vân,20.9481,105.8493,1297.4,31.8,,90.8,
2024-12-09 18:00:00+00:00,2161309,Pháp Vân,20.9481,105.8493,1020.4,35.1,,84.7,
2024-12-09 19:00:00+00:00,2161309,Pháp Vân,20.9481,105.8493,934.3,34.1,,98.1,
2024-12-09 20:00:00+00:00,2161309,Pháp Vân,20.9481,105.8493,825.6,34.3,,87.0,
2024-12-09 21:00:00+00:00,2161309,Pháp Vân,20.9481,105.8493,738.2,33.2,,80.0,
2024-12-09 22:00:00+00:00,2161309,Pháp Vân,20.9481,105.8493,1060.3,30.7,,83.9,
2024-12-09 23:00:00+00:00,2161309,Pháp Vân,20.9481,105.8493,1296.3,21.3,,72.6,
2024-12-10 00:00:00+00:00,2161309,Pháp Vân,20.9481,105.8493,1501.9,21.0,,74.2,
2024-12-10 01:00:00+00:00,2161309,Pháp Vân,20.9481,105.8493,2682.1,22.5,,74.4,
2024-12-10 02:00:00+00:00,2161309,Pháp Vân,20.9481,105.8493,2195.0,28.9,,71.7,
2024-12-10 03:00:00+00:00,2161309,Pháp Vân,20.9481,105.8493,2270.6,45.6,,127.3,
2024-12-10 04:00:00+00:00,2161309,Pháp Vân,20.9481,105.8493,2062.9,51.5,,133.4,
2024-12-10 05:00:00+00:00,2161309,Pháp Vân,20.9481,105.8493,1638.4,35.1,,91.5,
2024-12-10 06:00:00+00:00,2161309,Pháp Vân,20.9481,105.8493,1540.7,32.7,,84.8,
2024-12-10 07:00:00+00:00,2161309,Pháp Vân,20.9481,105.8493,1181.2,28.4,,82.5,
2024-12-10 08:00:00+00:00,2161309,Pháp Vân,20.9481,105.8493,1067.8,29.7,,98.9,
2024-12-10 09:00:00+00:00,2161309,Pháp Vân,20.9481,105.8493,1066.9,36.7,,123.8,
2024-12-10 10:00:00+00:00,2161309,Pháp Vân,20.9481,105.8493,1243.5,37.2,,108.0,
2024-12-10 11:00:00+00:00,2161309,Pháp Vân,20.9481,105.8493,1752.2,46.2,,72.9,
2024-12-10 12:00:00+00:00,2161309,Pháp Vân,20.9481,105.8493,1481.3,46.1,,111.7,
2024-12-10 13:00:00+00:00,2161309,Pháp Vân,20.9481,105.8493,1761.5,39.9,,100.0,
2024-12-10 14:00:00+00:00,2161309,Pháp Vân,20.9481,105.8493,1488.9,36.8,,96.0,
2024-12-10 15:00:00+00:00,2161309,Pháp Vân,20.9481,105.8493,1945.8,38.1,,88.6,
2024-12-10 16:00:00+00:00,2161309,Pháp Vân,20.9481,105.8493,1474.9,32.3,,82.3,
2024-12-10 17:00:00+00:00,2161309,Pháp Vân,20.9481,105.8493,1330.6,31.5,,78.1,
2024-12-10 18:00:00+00:00,2161309,Pháp Vân,20.9481,105.8493,997.8,29.6,,69.2,
2024-12-10 19:00:00+00:00,2161309,Pháp Vân,20.9481,105.8493,854.8,26.2,,61.4,
2024-12-10 20:00:00+00:00,2161309,Pháp Vân,20.9481,105.8493,769.4,22.0,,57.3,
2024-12-10 21:00:00+00:00,2161309,Pháp Vân,20.9481,105.8493,718.4,21.9,,53.8,
2024-12-10 22:00:00+00:00,2161309,Pháp Vân,20.9481,105.8493,706.7,16.4,,49.0,
2024-12-10 23:00:00+00:00,2161309,Pháp Vân,20.9481,105.8493,937.0,20.7,,48.1,
2024-12-11 00:00:00+00:00,2161309,Pháp Vân,20.9481,105.8493,1377.1,21.3,,50.8,
2024-12-11 01:00:00+00:00,2161309,Pháp Vân,20.9481,105.8493,3198.2,18.7,,57.4,
2024-12-11 02:00:00+00:00,2161309,Pháp Vân,20.9481,105.8493,2445.3,19.5,,50.7,
2024-12-11 03:00:00+00:00,2161309,Pháp Vân,20.9481,105.8493,2072.7,19.2,,42.2,
2024-12-11 04:00:00+00:00,2161309,Pháp Vân,20.9481,105.8493,1625.2,21.0,,43.7,
2024-12-11 05:00:00+00:00,2161309,Pháp Vân,20.9481,105.8493,2206.4,24.0,,55.5,
2024-12-11 06:00:00+00:00,2161309,Pháp Vân,20.9481,105.8493,2075.9,24.2,,55.0,
2024-12-11 07:00:00+00:00,2161309,Pháp Vân,20.9481,105.8493,1519.6,21.6,,48.0,
2024-12-11 08:00:00+00:00,2161309,Pháp Vân,20.9481,105.8493,888.0,15.9,,17.0,
2024-12-11 09:00:00+00:00,2161309,Pháp Vân,20.9481,105.8493,451.8,15.2,,12.5,
2024-12-11 10:00:00+00:00,2161309,Pháp Vân,20.9481,105.8493,921.8,14.0,,12.8,
2024-12-11 11:00:00+00:00,2161309,Pháp Vân,20.9481,105.8493,767.7,14.3,,15.0,
2024-12-11 12:00:00+00:00,2161309,Pháp Vân,20.9481,105.8493,558.3,12.1,,17.9,
2024-12-11 13:00:00+00:00,2161309,Pháp Vân,20.9481,105.8493,651.5,14.8,,21.8,
2024-12-11 14:00:00+00:00,2161309,Pháp Vân,20.9481,105.8493,497.1,11.4,,14.8,
2024-12-11 15:00:00+00:00,2161309,Pháp Vân,20.9481,105.8493,459.8,10.5,,15.2,
2024-12-11 16:00:00+00:00,2161309,Pháp Vân,20.9481,105.8493,399.8,10.9,,16.1,
2024-12-11 17:00:00+00:00,2161309,Pháp Vân,20.9481,105.8493,383.7,12.2,,17.3,
2024-12-11 18:00:00+00:00,2161309,Pháp Vân,20.9481,105.8493,283.6,9.1,,12.5,
2024-12-11 19:00:00+00:00,2161309,Pháp Vân,20.9481,105.8493,279.3,7.1,,9.0,
2024-12-11 20:00:00+00:00,2161309,Pháp Vân,20.9481,105.8493,284.6,7.8,,9.0,
2024-12-11 21:00:00+00:00,2161309,Pháp Vân,20.9481,105.8493,261.5,7.2,,9.6,
2024-12-11 22:00:00+00:00,2161309,Pháp Vân,20.9481,105.8493,273.6,8.0,,12.8,
2024-12-11 23:00:00+00:00,2161309,Pháp Vân,20.9481,105.8493,472.4,17.9,,23.7,
2024-12-12 00:00:00+00:00,2161309,Pháp Vân,20.9481,105.8493,574.3,20.1,,17.5,
2024-12-12 01:00:00+00:00,2161309,Pháp Vân,20.9481,105.8493,784.3,21.4,,16.4,
2024-12-12 02:00:00+00:00,2161309,Pháp Vân,20.9481,105.8493,709.5,10.3,,17.3,
2024-12-12 03:00:00+00:00,2161309,Pháp Vân,20.9481,105.8493,618.3,14.3,,16.5,
2024-12-12 04:00:00+00:00,2161309,Pháp Vân,20.9481,105.8493,713.9,17.1,,18.4,
2024-12-12 05:00:00+00:00,2161309,Pháp Vân,20.9481,105.8493,860.3,18.3,,20.6,
2024-12-12 06:00:00+00:00,2161309,Pháp Vân,20.9481,105.8493,751.2,17.7,,21.0,
2024-12-12 07:00:00+00:00,2161309,Pháp Vân,20.9481,105.8493,717.9,16.7,,23.4,
2024-12-12 08:00:00+00:00,2161309,Pháp Vân,20.9481,105.8493,687.6,16.4,,28.1,
2024-12-12 09:00:00+00:00,2161309,Pháp Vân,20.9481,105.8493,617.3,15.1,,31.2,
2024-12-12 10:00:00+00:00,2161309,Pháp Vân,20.9481,105.8493,649.3,18.1,,29.6,
2024-12-12 11:00:00+00:00,2161309,Pháp Vân,20.9481,105.8493,856.0,18.3,,31.1,
2024-12-12 12:00:00+00:00,2161309,Pháp Vân,20.9481,105.8493,825.5,19.3,,35.9,
2024-12-12 13:00:00+00:00,2161309,Pháp Vân,20.9481,105.8493,787.3,23.6,,41.9,
2024-12-12 14:00:00+00:00,2161309,Pháp Vân,20.9481,105.8493,669.1,19.2,,43.6,
2024-12-12 15:00:00+00:00,2161309,Pháp Vân,20.9481,105.8493,600.3,17.1,,,
2024-12-12 16:00:00+00:00,2161309,Pháp Vân,20.9481,105.8493,574.0,22.9,,,
2024-12-12 17:00:00+00:00,2161309,Pháp Vân,20.9481,105.8493,418.6,11.7,,,
2024-12-12 18:00:00+00:00,2161309,Pháp Vân,20.9481,105.8493,399.5,13.5,,,
2024-12-12 19:00:00+00:00,2161309,Pháp Vân,20.9481,105.8493,320.6,9.9,,,
2024-12-12 20:00:00+00:00,2161309,Pháp Vân,20.9481,105.8493,274.1,7.2,,,
2024-12-12 21:00:00+00:00,2161309,Pháp Vân,20.9481,105.8493,347.8,23.6,,,
2024-12-16 00:00:00+00:00,2161309,Pháp Vân,20.9481,105.8493,2003.8,50.5,,23.1,
2024-12-16 01:00:00+00:00,2161309,Pháp Vân,20.9481,105.8493,2012.7,30.8,,48.0,
2024-12-16 02:00:00+00:00,2161309,Pháp Vân,20.9481,105.8493,1141.9,22.1,,32.4,
2024-12-16 03:00:00+00:00,2161309,Pháp Vân,20.9481,105.8493,627.4,15.9,,29.3,
2024-12-16 04:00:00+00:00,2161309,Pháp Vân,20.9481,105.8493,648.9,15.6,,33.7,
2024-12-16 05:00:00+00:00,2161309,Pháp Vân,20.9481,105.8493,655.8,12.0,,30.8,
2024-12-16 06:00:00+00:00,2161309,Pháp Vân,20.9481,105.8493,719.1,14.2,,28.3,
2024-12-16 07:00:00+00:00,2161309,Pháp Vân,20.9481,105.8493,817.1,16.4,,29.1,
2024-12-16 08:00:00+00:00,2161309,Pháp Vân,20.9481,105.8493,803.7,18.8,,29.9,
2024-12-16 09:00:00+00:00,2161309,Pháp Vân,20.9481,105.8493,885.4,24.6,,31.9,
2024-12-16 10:00:00+00:00,2161309,Pháp Vân,20.9481,105.8493,1326.5,29.6,,34.2,
2024-12-16 11:00:00+00:00,2161309,Pháp Vân,20.9481,105.8493,1736.5,46.4,,56.3,
2024-12-16 12:00:00+00:00,2161309,Pháp Vân,20.9481,105.8493,1804.9,47.0,,86.8,
2024-12-16 13:00:00+00:00,2161309,Pháp Vân,20.9481,105.8493,3039.2,66.0,,89.5,
2024-12-16 14:00:00+00:00,2161309,Pháp Vân,20.9481,105.8493,3141.0,67.0,,95.0,
2024-12-16 15:00:00+00:00,2161309,Pháp Vân,20.9481,105.8493,2261.6,58.5,,99.1,
2024-12-16 16:00:00+00:00,2161309,Pháp Vân,20.9481,105.8493,1170.2,38.5,,99.7,
2024-12-16 17:00:00+00:00,2161309,Pháp Vân,20.9481,105.8493,1056.9,33.1,,99.3,
2024-12-16 18:00:00+00:00,2161309,Pháp Vân,20.9481,105.8493,841.4,28.4,,93.6,
2024-12-16 19:00:00+00:00,2161309,Pháp Vân,20.9481,105.8493,571.0,19.8,,72.1,
2024-12-16 20:00:00+00:00,2161309,Pháp Vân,20.9481,105.8493,628.3,24.4,,77.6,
2024-12-16 21:00:00+00:00,2161309,Pháp Vân,20.9481,105.8493,597.6,29.0,,82.5,
2024-12-16 22:00:00+00:00,2161309,Pháp Vân,20.9481,105.8493,654.0,32.2,,89.7,
2024-12-16 23:00:00+00:00,2161309,Pháp Vân,20.9481,105.8493,849.5,36.2,,89.8,
2024-12-17 00:00:00+00:00,2161309,Pháp Vân,20.9481,105.8493,1069.1,28.7,,92.2,
2024-12-17 01:00:00+00:00,2161309,Pháp Vân,20.9481,105.8493,2389.2,30.1,,98.3,
2024-12-17 02:00:00+00:00,2161309,Pháp Vân,20.9481,105.8493,1611.8,41.6,,131.1,
2024-12-17 03:00:00+00:00,2161309,Pháp Vân,20.9481,105.8493,1712.8,48.7,,137.0,
2024-12-17 04:00:00+00:00,2161309,Pháp Vân,20.9481,105.8493,971.4,39.1,,87.8,
2024-12-17 05:00:00+00:00,2161309,Pháp Vân,20.9481,105.8493,773.9,33.3,,82.7,
2024-12-17 06:00:00+00:00,2161309,Pháp Vân,20.9481,105.8493,715.0,31.0,,79.6,
2024-12-17 07:00:00+00:00,2161309,Pháp Vân,20.9481,105.8493,596.1,28.5,,69.1,
2024-12-17 08:00:00+00:00,2161309,Pháp Vân,20.9481,105.8493,586.2,24.1,,71.5,
2024-12-17 09:00:00+00:00,2161309,Pháp Vân,20.9481,105.8493,587.6,34.9,,70.8,
2024-12-17 10:00:00+00:00,2161309,Pháp Vân,20.9481,105.8493,556.7,35.8,,69.6,
2024-12-17 11:00:00+00:00,2161309,Pháp Vân,20.9481,105.8493,1205.1,48.0,,66.8,
2024-12-17 12:00:00+00:00,2161309,Pháp Vân,20.9481,105.8493,1824.5,60.6,,76.1,
2024-12-17 13:00:00+00:00,2161309,Pháp Vân,20.9481,105.8493,1732.2,61.1,,79.5,
2024-12-17 14:00:00+00:00,2161309,Pháp Vân,20.9481,105.8493,1560.7,59.1,,83.4,
2024-12-17 15:00:00+00:00,2161309,Pháp Vân,20.9481,105.8493,1650.0,61.6,,85.1,
2024-12-17 16:00:00+00:00,2161309,Pháp Vân,20.9481,105.8493,1853.3,59.0,,104.1,
2024-12-17 17:00:00+00:00,2161309,Pháp Vân,20.9481,105.8493,1588.3,51.2,,109.7,
2024-12-17 18:00:00+00:00,2161309,Pháp Vân,20.9481,105.8493,852.6,42.9,,81.6,
2024-12-17 19:00:00+00:00,2161309,Pháp Vân,20.9481,105.8493,703.1,32.8,,73.5,
2024-12-17 20:00:00+00:00,2161309,Pháp Vân,20.9481,105.8493,669.7,27.8,,65.2,
2024-12-17 21:00:00+00:00,2161309,Pháp Vân,20.9481,105.8493,701.3,27.3,,62.2,
2024-12-17 22:00:00+00:00,2161309,Pháp Vân,20.9481,105.8493,609.6,28.5,,52.4,
2024-12-17 23:00:00+00:00,2161309,Pháp Vân,20.9481,105.8493,602.7,28.8,,49.5,
2024-12-18 00:00:00+00:00,2161309,Pháp Vân,20.9481,105.8493,697.3,32.3,,46.7,
2024-12-18 01:00:00+00:00,2161309,Pháp Vân,20.9481,105.8493,1106.9,31.3,,43.9,
2024-12-18 02:00:00+00:00,2161309,Pháp Vân,20.9481,105.8493,676.7,24.0,,37.3,
2024-12-18 03:00:00+00:00,2161309,Pháp Vân,20.9481,105.8493,442.6,22.5,,32.7,
2024-12-18 04:00:00+00:00,2161309,Pháp Vân,20.9481,105.8493,502.6,23.7,,33.3,
2024-12-18 05:00:00+00:00,2161309,Pháp Vân,20.9481,105.8493,538.6,18.9,,28.1,
2024-12-18 06:00:00+00:00,2161309,Pháp Vân,20.9481,105.8493,534.4,17.8,,26.2,
2024-12-18 07:00:00+00:00,2161309,Pháp Vân,20.9481,105.8493,506.1,17.8,,26.5,
2024-12-18 08:00:00+00:00,2161309,Pháp Vân,20.9481,105.8493,499.6,19.4,,24.6,
2024-12-18 09:00:00+00:00,2161309,Pháp Vân,20.9481,105.8493,513.5,20.3,,24.5,
2024-12-18 10:00:00+00:00,2161309,Pháp Vân,20.9481,105.8493,797.5,28.0,,25.5,
2024-12-18 11:00:00+00:00,2161309,Pháp Vân,20.9481,105.8493,3571.2,61.8,,47.9,
2024-12-18 12:00:00+00:00,2161309,Pháp Vân,20.9481,105.8493,9375.3,67.8,,95.5,
2024-12-18 13:00:00+00:00,2161309,Pháp Vân,20.9481,105.8493,6944.8,64.5,,122.7,
2024-12-18 14:00:00+00:00,2161309,Pháp Vân,20.9481,105.8493,1518.8,51.1,,100.8,
2024-12-18 15:00:00+00:00,2161309,Pháp Vân,20.9481,105.8493,990.9,45.0,,107.8,
2024-12-18 16:00:00+00:00,2161309,Pháp Vân,20.9481,105.8493,972.0,38.9,,163.2,
2024-12-18 17:00:00+00:00,2161309,Pháp Vân,20.9481,105.8493,1144.6,34.4,,118.4,
2024-12-18 18:00:00+00:00,2161309,Pháp Vân,20.9481,105.8493,1129.7,29.0,,85.7,
2024-12-18 19:00:00+00:00,2161309,Pháp Vân,20.9481,105.8493,1151.3,26.1,,76.7,
2024-12-18 20:00:00+00:00,2161309,Pháp Vân,20.9481,105.8493,1015.3,26.9,,66.1,
2024-12-18 21:00:00+00:00,2161309,Pháp Vân,20.9481,105.8493,906.3,35.6,,71.1,
2024-12-18 22:00:00+00:00,2161309,Pháp Vân,20.9481,105.8493,499.0,28.1,,87.9,
2024-12-18 23:00:00+00:00,2161309,Pháp Vân,20.9481,105.8493,643.8,29.2,,76.9,
2024-12-19 00:00:00+00:00,2161309,Pháp Vân,20.9481,105.8493,717.6,22.7,,61.1,
2024-12-19 01:00:00+00:00,2161309,Pháp Vân,20.9481,105.8493,858.2,26.4,,46.6,
2024-12-19 02:00:00+00:00,2161309,Pháp Vân,20.9481,105.8493,560.0,21.4,,35.2,
2024-12-19 03:00:00+00:00,2161309,Pháp Vân,20.9481,105.8493,461.1,23.1,,29.7,
2024-12-19 04:00:00+00:00,2161309,Pháp Vân,20.9481,105.8493,586.8,26.4,,31.8,
2024-12-19 05:00:00+00:00,2161309,Pháp Vân,20.9481,105.8493,677.5,22.7,,32.8,
2024-12-19 06:00:00+00:00,2161309,Pháp Vân,20.9481,105.8493,568.0,20.7,,31.5,
2024-12-19 07:00:00+00:00,2161309,Pháp Vân,20.9481,105.8493,515.4,19.3,,31.0,
2024-12-19 08:00:00+00:00,2161309,Pháp Vân,20.9481,105.8493,528.0,21.4,,32.8,
2024-12-19 09:00:00+00:00,2161309,Pháp Vân,20.9481,105.8493,430.6,21.3,,33.5,
2024-12-19 10:00:00+00:00,2161309,Pháp Vân,20.9481,105.8493,632.4,26.4,,37.2,
2024-12-19 11:00:00+00:00,2161309,Pháp Vân,20.9481,105.8493,1581.2,52.4,,49.7,
2024-12-19 12:00:00+00:00,2161309,Pháp Vân,20.9481,105.8493,3030.9,74.8,,77.7,
2024-12-19 13:00:00+00:00,2161309,Pháp Vân,20.9481,105.8493,827.0,31.1,,62.5,
2024-12-19 14:00:00+00:00,2161309,Pháp Vân,20.9481,105.8493,487.8,21.3,,55.8,
2024-12-19 15:00:00+00:00,2161309,Pháp Vân,20.9481,105.8493,534.5,31.8,,58.0,
2024-12-19 16:00:00+00:00,2161309,Pháp Vân,20.9481,105.8493,601.0,34.9,,63.7,
2024-12-19 17:00:00+00:00,2161309,Pháp Vân,20.9481,105.8493,486.0,26.9,,44.6,
2024-12-19 18:00:00+00:00,2161309,Pháp Vân,20.9481,105.8493,415.6,23.5,,41.0,
2024-12-19 19:00:00+00:00,2161309,Pháp Vân,20.9481,105.8493,448.5,35.6,,52.0,
2024-12-19 20:00:00+00:00,2161309,Pháp Vân,20.9481,105.8493,446.8,31.0,,51.9,
2024-12-19 21:00:00+00:00,2161309,Pháp Vân,20.9481,105.8493,369.3,34.7,,53.9,
2024-12-19 22:00:00+00:00,2161309,Pháp Vân,20.9481,105.8493,382.2,47.9,,68.8,
2024-12-19 23:00:00+00:00,2161309,Pháp Vân,20.9481,105.8493,422.1,48.2,,72.0,
2024-12-20 00:00:00+00:00,2161309,Pháp Vân,20.9481,105.8493,447.2,51.3,,49.4,
2024-12-20 01:00:00+00:00,2161309,Pháp Vân,20.9481,105.8493,911.1,44.4,,49.2,
2024-12-20 02:00:00+00:00,2161309,Pháp Vân,20.9481,105.8493,644.9,40.3,,48.8,
2024-12-20 03:00:00+00:00,2161309,Pháp Vân,20.9481,105.8493,654.7,48.0,,52.5,
2024-12-20 04:00:00+00:00,2161309,Pháp Vân,20.9481,105.8493,548.9,30.0,,44.4,
2024-12-20 05:00:00+00:00,2161309,Pháp Vân,20.9481,105.8493,590.0,26.1,,47.8,
2024-12-20 06:00:00+00:00,2161309,Pháp Vân,20.9481,105.8493,452.4,24.6,,42.4,
2024-12-20 07:00:00+00:00,2161309,Pháp Vân,20.9481,105.8493,421.1,23.8,,40.4,
2024-12-20 08:00:00+00:00,2161309,Pháp Vân,20.9481,105.8493,436.6,21.8,,40.0,
2024-12-20 09:00:00+00:00,2161309,Pháp Vân,20.9481,105.8493,441.8,17.2,,44.2,
2024-12-20 10:00:00+00:00,2161309,Pháp Vân,20.9481,105.8493,567.2,21.0,,53.2,
2024-12-20 11:00:00+00:00,2161309,Pháp Vân,20.9481,105.8493,717.2,26.2,,57.6,
2024-12-20 12:00:00+00:00,2161309,Pháp Vân,20.9481,105.8493,672.1,22.6,,61.8,
2024-12-20 13:00:00+00:00,2161309,Pháp Vân,20.9481,105.8493,482.8,28.6,,60.8,
2024-12-20 14:00:00+00:00,2161309,Pháp Vân,20.9481,105.8493,332.6,15.6,,48.8,
2024-12-20 15:00:00+00:00,2161309,Pháp Vân,20.9481,105.8493,368.6,17.8,,51.2,
2024-12-20 16:00:00+00:00,2161309,Pháp Vân,20.9481,105.8493,300.5,15.3,,52.0,
2024-12-20 17:00:00+00:00,2161309,Pháp Vân,20.9481,105.8493,271.3,15.3,,55.1,
2024-12-20 18:00:00+00:00,2161309,Pháp Vân,20.9481,105.8493,229.2,14.6,,54.8,
2024-12-20 19:00:00+00:00,2161309,Pháp Vân,20.9481,105.8493,216.7,15.0,,51.6,
2024-12-20 20:00:00+00:00,2161309,Pháp Vân,20.9481,105.8493,304.3,27.4,,64.8,
2024-12-20 21:00:00+00:00,2161309,Pháp Vân,20.9481,105.8493,332.5,48.7,,61.8,
2024-12-20 22:00:00+00:00,2161309,Pháp Vân,20.9481,105.8493,431.8,57.8,,69.3,
2024-12-20 23:00:00+00:00,2161309,Pháp Vân,20.9481,105.8493,568.6,44.4,,82.7,
2024-12-21 00:00:00+00:00,2161309,Pháp Vân,20.9481,105.8493,928.6,41.1,,83.0,
2024-12-21 01:00:00+00:00,2161309,Pháp Vân,20.9481,105.8493,1249.4,44.1,,74.1,
2024-12-21 02:00:00+00:00,2161309,Pháp Vân,20.9481,105.8493,1943.6,51.4,,61.4,
2024-12-21 03:00:00+00:00,2161309,Pháp Vân,20.9481,105.8493,1687.2,49.5,,61.2,
2024-12-21 04:00:00+00:00,2161309,Pháp Vân,20.9481,105.8493,1332.6,53.7,,57.2,
2024-12-21 05:00:00+00:00,2161309,Pháp Vân,20.9481,105.8493,1643.1,60.6,,63.2,
2024-12-21 06:00:00+00:00,2161309,Pháp Vân,20.9481,105.8493,1075.0,44.9,,57.7,
2024-12-21 07:00:00+00:00,2161309,Pháp Vân,20.9481,105.8493,1231.8,45.1,,63.3,
2024-12-21 08:00:00+00:00,2161309,Pháp Vân,20.9481,105.8493,1146.2,43.3,,70.1,
2024-12-21 09:00:00+00:00,2161309,Pháp Vân,20.9481,105.8493,1215.0,36.1,,73.5,
2024-12-21 10:00:00+00:00,2161309,Pháp Vân,20.9481,105.8493,1227.2,37.7,,87.9,
2024-12-21 11:00:00+00:00,2161309,Pháp Vân,20.9481,105.8493,2535.8,53.8,,124.3,
2024-12-21 12:00:00+00:00,2161309,Pháp Vân,20.9481,105.8493,2833.2,63.7,,145.6,
2024-12-21 13:00:00+00:00,2161309,Pháp Vân,20.9481,105.8493,1627.9,41.1,,141.7,
2024-12-21 14:00:00+00:00,2161309,Pháp Vân,20.9481,105.8493,1455.1,43.1,,141.5,
2024-12-21 15:00:00+00:00,2161309,Pháp Vân,20.9481,105.8493,1432.5,40.1,,107.5,
2024-12-21 16:00:00+00:00,2161309,Pháp Vân,20.9481,105.8493,1188.4,33.8,,126.5,
2024-12-21 17:00:00+00:00,2161309,Pháp Vân,20.9481,105.8493,993.1,27.0,,121.2,
2024-12-21 18:00:00+00:00,2161309,Pháp Vân,20.9481,105.8493,1139.1,26.4,,119.8,
2024-12-21 19:00:00+00:00,2161309,Pháp Vân,20.9481,105.8493,1029.6,29.0,,115.7,
2024-12-21 20:00:00+00:00,2161309,Pháp Vân,20.9481,105.8493,734.9,24.1,,109.9,
2024-12-21 21:00:00+00:00,2161309,Pháp Vân,20.9481,105.8493,668.7,20.9,,109.7,
2024-12-21 22:00:00+00:00,2161309,Pháp Vân,20.9481,105.8493,633.4,21.4,,97.0,
2024-12-21 23:00:00+00:00,2161309,Pháp Vân,20.9481,105.8493,672.5,27.6,,87.9,
2024-12-22 00:00:00+00:00,2161309,Pháp Vân,20.9481,105.8493,990.0,34.4,,98.6,
2024-12-22 01:00:00+00:00,2161309,Pháp Vân,20.9481,105.8493,1231.4,29.1,,91.1,
2024-12-22 02:00:00+00:00,2161309,Pháp Vân,20.9481,105.8493,1102.8,23.9,,94.0,
2024-12-22 03:00:00+00:00,2161309,Pháp Vân,20.9481,105.8493,909.9,35.5,,82.0,
2024-12-22 04:00:00+00:00,2161309,Pháp Vân,20.9481,105.8493,756.4,23.6,,69.9,
2024-12-22 05:00:00+00:00,2161309,Pháp Vân,20.9481,105.8493,682.8,25.9,,62.1,
2024-12-22 06:00:00+00:00,2161309,Pháp Vân,20.9481,105.8493,650.4,23.4,,68.6,
2024-12-22 07:00:00+00:00,2161309,Pháp Vân,20.9481,105.8493,597.9,22.3,,66.4,
2024-12-22 08:00:00+00:00,2161309,Pháp Vân,20.9481,105.8493,605.3,21.9,,62.3,
2024-12-22 09:00:00+00:00,2161309,Pháp Vân,20.9481,105.8493,635.2,15.6,,67.9,
2024-12-22 10:00:00+00:00,2161309,Pháp Vân,20.9481,105.8493,959.6,22.4,,74.1,
2024-12-22 11:00:00+00:00,2161309,Pháp Vân,20.9481,105.8493,2063.6,45.8,,117.2,
2024-12-22 12:00:00+00:00,2161309,Pháp Vân,20.9481,105.8493,3466.5,69.4,,149.6,
2024-12-22 13:00:00+00:00,2161309,Pháp Vân,20.9481,105.8493,2684.3,62.3,,158.0,
2024-12-22 14:00:00+00:00,2161309,Pháp Vân,20.9481,105.8493,1055.1,48.2,,117.3,
2024-12-22 15:00:00+00:00,2161309,Pháp Vân,20.9481,105.8493,644.1,39.3,,95.9,
2024-12-22 16:00:00+00:00,2161309,Pháp Vân,20.9481,105.8493,844.2,53.4,,93.9,
2024-12-22 17:00:00+00:00,2161309,Pháp Vân,20.9481,105.8493,630.1,36.9,,90.9,
2024-12-22 18:00:00+00:00,2161309,Pháp Vân,20.9481,105.8493,545.2,36.2,,67.3,
2024-12-22 19:00:00+00:00,2161309,Pháp Vân,20.9481,105.8493,525.9,24.2,,71.8,
2024-12-22 20:00:00+00:00,2161309,Pháp Vân,20.9481,105.8493,527.2,22.2,,72.4,
2024-12-22 21:00:00+00:00,2161309,Pháp Vân,20.9481,105.8493,518.0,20.4,,72.0,
2024-12-22 22:00:00+00:00,2161309,Pháp Vân,20.9481,105.8493,499.0,23.5,,71.6,
2024-12-22 23:00:00+00:00,2161309,Pháp Vân,20.9481,105.8493,872.7,31.3,,82.0,
2024-12-23 00:00:00+00:00,2161309,Pháp Vân,20.9481,105.8493,998.8,36.2,,108.0,
2024-12-23 01:00:00+00:00,2161309,Pháp Vân,20.9481,105.8493,1523.4,30.9,,102.3,
2024-12-23 02:00:00+00:00,2161309,Pháp Vân,20.9481,105.8493,1347.9,29.8,,130.6,
2024-12-23 03:00:00+00:00,2161309,Pháp Vân,20.9481,105.8493,1605.4,41.7,,120.8,
2024-12-23 04:00:00+00:00,2161309,Pháp Vân,20.9481,105.8493,1327.2,32.6,,93.2,
2024-12-23 05:00:00+00:00,2161309,Pháp Vân,20.9481,105.8493,954.0,26.4,,69.2,
2024-12-23 06:00:00+00:00,2161309,Pháp Vân,20.9481,105.8493,878.2,24.0,,59.3,
2024-12-23 07:00:00+00:00,2161309,Pháp Vân,20.9481,105.8493,705.5,21.0,,52.8,
2024-12-23 08:00:00+00:00,2161309,Pháp Vân,20.9481,105.8493,680.5,18.8,,51.7,
2024-12-23 09:00:00+00:00,2161309,Pháp Vân,20.9481,105.8493,735.5,19.4,,56.3,
2024-12-23 10:00:00+00:00,2161309,Pháp Vân,20.9481,105.8493,895.4,23.5,,60.5,
2024-12-23 11:00:00+00:00,2161309,Pháp Vân,20.9481,105.8493,5396.6,79.7,,73.5,
2024-12-23 12:00:00+00:00,2161309,Pháp Vân,20.9481,105.8493,7736.5,86.0,,98.3,
2024-12-23 13:00:00+00:00,2161309,Pháp Vân,20.9481,105.8493,9233.3,77.8,,127.5,
2024-12-23 14:00:00+00:00,2161309,Pháp Vân,20.9481,105.8493,6001.6,73.5,,160.0,
2024-12-23 15:00:00+00:00,2161309,Pháp Vân,20.9481,105.8493,2348.0,65.4,,153.2,
2024-12-23 16:00:00+00:00,2161309,Pháp Vân,20.9481,105.8493,1486.3,47.2,,132.0,
2024-12-23 17:00:00+00:00,2161309,Pháp Vân,20.9481,105.8493,1489.2,35.5,,139.6,
2024-12-23 18:00:00+00:00,2161309,Pháp Vân,20.9481,105.8493,1143.7,37.8,,120.8,
2024-12-23 19:00:00+00:00,2161309,Pháp Vân,20.9481,105.8493,988.3,49.1,,98.8,
2024-12-23 20:00:00+00:00,2161309,Pháp Vân,20.9481,105.8493,804.9,43.2,,101.1,
2024-12-23 21:00:00+00:00,2161309,Pháp Vân,20.9481,105.8493,779.2,23.7,,115.3,
2024-12-23 22:00:00+00:00,2161309,Pháp Vân,20.9481,105.8493,757.5,15.7,,91.2,
2024-12-23 23:00:00+00:00,2161309,Pháp Vân,20.9481,105.8493,848.1,16.4,,89.6,
2024-12-24 00:00:00+00:00,2161309,Pháp Vân,20.9481,105.8493,837.2,17.9,,77.3,
2024-12-24 01:00:00+00:00,2161309,Pháp Vân,20.9481,105.8493,1024.0,20.5,,66.8,
2024-12-24 02:00:00+00:00,2161309,Pháp Vân,20.9481,105.8493,893.5,25.9,,66.1,
2024-12-24 03:00:00+00:00,2161309,Pháp Vân,20.9481,105.8493,671.0,25.5,,66.2,
2024-12-24 04:00:00+00:00,2161309,Pháp Vân,20.9481,105.8493,683.3,21.8,,56.4,
2024-12-24 05:00:00+00:00,2161309,Pháp Vân,20.9481,105.8493,711.3,21.7,,54.4,
2024-12-24 06:00:00+00:00,2161309,Pháp Vân,20.9481,105.8493,764.9,24.4,,53.6,
2024-12-24 07:00:00+00:00,2161309,Pháp Vân,20.9481,105.8493,768.7,23.0,,49.7,
2024-12-24 08:00:00+00:00,2161309,Pháp Vân,20.9481,105.8493,589.1,15.5,,45.4,
2024-12-24 09:00:00+00:00,2161309,Pháp Vân,20.9481,105.8493,621.5,18.0,,47.9,
2024-12-24 10:00:00+00:00,2161309,Pháp Vân,20.9481,105.8493,818.4,25.6,,55.0,
2024-12-24 11:00:00+00:00,2161309,Pháp Vân,20.9481,105.8493,1387.4,42.6,,77.4,
2024-12-24 12:00:00+00:00,2161309,Pháp Vân,20.9481,105.8493,1413.8,43.3,,87.7,
2024-12-24 13:00:00+00:00,2161309,Pháp Vân,20.9481,105.8493,1714.0,50.9,,94.5,
2024-12-24 14:00:00+00:00,2161309,Pháp Vân,20.9481,105.8493,1632.5,52.7,,111.0,
2024-12-24 15:00:00+00:00,2161309,Pháp Vân,20.9481,105.8493,1715.8,50.8,,123.0,
2024-12-24 16:00:00+00:00,2161309,Pháp Vân,20.9481,105.8493,1942.8,49.1,,118.0,
2024-12-24 17:00:00+00:00,2161309,Pháp Vân,20.9481,105.8493,1653.9,42.6,,133.0,
2024-12-24 18:00:00+00:00,2161309,Pháp Vân,20.9481,105.8493,1655.8,43.3,,130.8,
2024-12-24 19:00:00+00:00,2161309,Pháp Vân,20.9481,105.8493,1254.1,50.5,,142.8,
2024-12-24 20:00:00+00:00,2161309,Pháp Vân,20.9481,105.8493,986.5,46.6,,143.6,
2024-12-24 21:00:00+00:00,2161309,Pháp Vân,20.9481,105.8493,1121.4,48.5,,153.6,
2024-12-24 22:00:00+00:00,2161309,Pháp Vân,20.9481,105.8493,1311.1,42.7,,182.8,
2024-12-24 23:00:00+00:00,2161309,Pháp Vân,20.9481,105.8493,1292.0,38.2,,194.0,
2024-12-25 00:00:00+00:00,2161309,Pháp Vân,20.9481,105.8493,1367.4,42.3,,191.7,
2024-12-25 01:00:00+00:00,2161309,Pháp Vân,20.9481,105.8493,1576.7,42.0,,133.6,
2024-12-25 02:00:00+00:00,2161309,Pháp Vân,20.9481,105.8493,1056.1,32.4,,128.2,
2024-12-25 03:00:00+00:00,2161309,Pháp Vân,20.9481,105.8493,1050.3,43.1,,140.2,
2024-12-25 04:00:00+00:00,2161309,Pháp Vân,20.9481,105.8493,989.0,38.9,,123.2,
2024-12-25 05:00:00+00:00,2161309,Pháp Vân,20.9481,105.8493,869.5,28.2,,112.4,
2024-12-25 06:00:00+00:00,2161309,Pháp Vân,20.9481,105.8493,784.4,27.9,,111.1,
2024-12-25 07:00:00+00:00,2161309,Pháp Vân,20.9481,105.8493,686.7,26.6,,102.8,
2024-12-25 08:00:00+00:00,2161309,Pháp Vân,20.9481,105.8493,638.4,23.9,,94.2,
2024-12-25 09:00:00+00:00,2161309,Pháp Vân,20.9481,105.8493,629.4,20.5,,77.9,
2024-12-25 10:00:00+00:00,2161309,Pháp Vân,20.9481,105.8493,671.2,18.8,,65.4,
2024-12-25 11:00:00+00:00,2161309,Pháp Vân,20.9481,105.8493,1738.2,49.2,,82.1,
2024-12-25 12:00:00+00:00,2161309,Pháp Vân,20.9481,105.8493,3073.8,78.6,,114.7,
2024-12-25 13:00:00+00:00,2161309,Pháp Vân,20.9481,105.8493,1937.5,60.7,,142.3,
2024-12-25 14:00:00+00:00,2161309,Pháp Vân,20.9481,105.8493,782.1,35.3,,103.9,
2024-12-25 15:00:00+00:00,2161309,Pháp Vân,20.9481,105.8493,753.8,32.1,,101.0,
2024-12-25 16:00:00+00:00,2161309,Pháp Vân,20.9481,105.8493,592.4,24.6,,85.5,
2024-12-25 17:00:00+00:00,2161309,Pháp Vân,20.9481,105.8493,557.4,22.0,,83.8,
2024-12-25 18:00:00+00:00,2161309,Pháp Vân,20.9481,105.8493,458.9,17.6,,73.1,
2024-12-25 19:00:00+00:00,2161309,Pháp Vân,20.9481,105.8493,436.0,14.6,,62.7,
2024-12-25 20:00:00+00:00,2161309,Pháp Vân,20.9481,105.8493,449.2,14.2,,55.3,
2024-12-25 21:00:00+00:00,2161309,Pháp Vân,20.9481,105.8493,474.1,14.6,,53.3,
2024-12-25 22:00:00+00:00,2161309,Pháp Vân,20.9481,105.8493,433.0,28.2,,57.2,
2024-12-25 23:00:00+00:00,2161309,Pháp Vân,20.9481,105.8493,536.1,38.0,,61.3,
2024-12-26 00:00:00+00:00,2161309,Pháp Vân,20.9481,105.8493,902.5,38.9,,77.7,
2024-12-26 01:00:00+00:00,2161309,Pháp Vân,20.9481,105.8493,1490.2,40.1,,110.7,
2024-12-26 02:00:00+00:00,2161309,Pháp Vân,20.9481,105.8493,1913.2,43.2,,109.5,
2024-12-26 03:00:00+00:00,2161309,Pháp Vân,20.9481,105.8493,1246.8,50.0,,89.1,
2024-12-26 04:00:00+00:00,2161309,Pháp Vân,20.9481,105.8493,912.6,31.6,,73.8,
2024-12-26 05:00:00+00:00,2161309,Pháp Vân,20.9481,105.8493,988.2,27.8,,71.0,
2024-12-26 06:00:00+00:00,2161309,Pháp Vân,20.9481,105.8493,929.1,23.7,,69.3,
2024-12-26 07:00:00+00:00,2161309,Pháp Vân,20.9481,105.8493,758.3,23.2,,58.5,
2024-12-26 08:00:00+00:00,2161309,Pháp Vân,20.9481,105.8493,913.0,23.2,,55.1,
2024-12-26 09:00:00+00:00,2161309,Pháp Vân,20.9481,105.8493,704.9,23.5,,58.7,
2024-12-26 10:00:00+00:00,2161309,Pháp Vân,20.9481,105.8493,693.1,22.5,,57.2,
2024-12-26 11:00:00+00:00,2161309,Pháp Vân,20.9481,105.8493,1674.1,40.7,,72.3,
2024-12-26 12:00:00+00:00,2161309,Pháp Vân,20.9481,105.8493,1425.0,38.6,,62.3,
2024-12-26 13:00:00+00:00,2161309,Pháp Vân,20.9481,105.8493,1322.2,43.3,,64.7,
2024-12-26 14:00:00+00:00,2161309,Pháp Vân,20.9481,105.8493,890.9,33.6,,71.1,
2024-12-26 15:00:00+00:00,2161309,Pháp Vân,20.9481,105.8493,600.1,25.5,,60.0,
2024-12-26 16:00:00+00:00,2161309,Pháp Vân,20.9481,105.8493,527.0,23.3,,57.2,
2024-12-26 17:00:00+00:00,2161309,Pháp Vân,20.9481,105.8493,467.1,24.2,,56.7,
2024-12-26 18:00:00+00:00,2161309,Pháp Vân,20.9481,105.8493,382.0,20.2,,54.2,
2024-12-26 19:00:00+00:00,2161309,Pháp Vân,20.9481,105.8493,346.2,12.5,,54.8,
2024-12-26 20:00:00+00:00,2161309,Pháp Vân,20.9481,105.8493,315.9,8.5,,49.3,
2024-12-26 21:00:00+00:00,2161309,Pháp Vân,20.9481,105.8493,310.2,9.7,,54.8,
2024-12-26 22:00:00+00:00,2161309,Pháp Vân,20.9481,105.8493,328.6,11.1,,53.4,
2024-12-26 23:00:00+00:00,2161309,Pháp Vân,20.9481,105.8493,331.2,10.0,,59.1,
2024-12-27 00:00:00+00:00,2161309,Pháp Vân,20.9481,105.8493,394.6,10.8,,46.5,
2024-12-27 01:00:00+00:00,2161309,Pháp Vân,20.9481,105.8493,663.6,15.3,,44.4,
2024-12-27 02:00:00+00:00,2161309,Pháp Vân,20.9481,105.8493,502.6,13.9,,48.1,
2024-12-27 03:00:00+00:00,2161309,Pháp Vân,20.9481,105.8493,598.5,19.6,,58.9,
2024-12-27 04:00:00+00:00,2161309,Pháp Vân,20.9481,105.8493,520.7,17.6,,60.2,
2024-12-27 05:00:00+00:00,2161309,Pháp Vân,20.9481,105.8493,568.4,16.9,,58.9,
2024-12-27 06:00:00+00:00,2161309,Pháp Vân,20.9481,105.8493,534.6,17.0,,52.7,
2024-12-27 07:00:00+00:00,2161309,Pháp Vân,20.9481,105.8493,553.0,22.5,,46.1,
2024-12-27 08:00:00+00:00,2161309,Pháp Vân,20.9481,105.8493,503.1,19.1,,39.6,
2024-12-27 09:00:00+00:00,2161309,Pháp Vân,20.9481,105.8493,507.7,18.3,,34.9,
2024-12-27 10:00:00+00:00,2161309,Pháp Vân,20.9481,105.8493,596.0,17.4,,34.6,
2024-12-27 11:00:00+00:00,2161309,Pháp Vân,20.9481,105.8493,833.4,17.7,,44.6,
2024-12-27 12:00:00+00:00,2161309,Pháp Vân,20.9481,105.8493,563.3,14.3,,35.8,
2024-12-27 13:00:00+00:00,2161309,Pháp Vân,20.9481,105.8493,486.8,15.0,,20.7,
2024-12-27 14:00:00+00:00,2161309,Pháp Vân,20.9481,105.8493,351.7,10.2,,15.7,
2024-12-27 15:00:00+00:00,2161309,Pháp Vân,20.9481,105.8493,339.4,8.7,,17.0,
2024-12-27 16:00:00+00:00,2161309,Pháp Vân,20.9481,105.8493,323.6,10.5,,22.6,
2024-12-27 17:00:00+00:00,2161309,Pháp Vân,20.9481,105.8493,239.2,6.5,,22.8,
2024-12-27 18:00:00+00:00,2161309,Pháp Vân,20.9481,105.8493,229.7,8.6,,25.4,
2024-12-27 19:00:00+00:00,2161309,Pháp Vân,20.9481,105.8493,200.8,4.8,,33.9,
2024-12-27 20:00:00+00:00,2161309,Pháp Vân,20.9481,105.8493,200.5,5.3,,32.2,
2024-12-27 21:00:00+00:00,2161309,Pháp Vân,20.9481,105.8493,318.3,10.5,,28.1,
2024-12-27 22:00:00+00:00,2161309,Pháp Vân,20.9481,105.8493,399.9,11.6,,30.9,
2024-12-27 23:00:00+00:00,2161309,Pháp Vân,20.9481,105.8493,481.2,13.0,,36.6,
2024-12-28 00:00:00+00:00,2161309,Pháp Vân,20.9481,105.8493,647.9,20.0,,37.9,
2024-12-28 01:00:00+00:00,2161309,Pháp Vân,20.9481,105.8493,858.3,20.0,,39.1,
2024-12-28 02:00:00+00:00,2161309,Pháp Vân,20.9481,105.8493,753.4,27.7,,71.9,
2024-12-28 03:00:00+00:00,2161309,Pháp Vân,20.9481,105.8493,741.2,29.8,,69.4,
2024-12-28 04:00:00+00:00,2161309,Pháp Vân,20.9481,105.8493,816.4,23.8,,48.2,
2024-12-28 05:00:00+00:00,2161309,Pháp Vân,20.9481,105.8493,965.7,23.2,,23.8,
2024-12-28 06:00:00+00:00,2161309,Pháp Vân,20.9481,105.8493,607.5,17.4,,19.8,
2024-12-28 07:00:00+00:00,2161309,Pháp Vân,20.9481,105.8493,615.4,18.6,,19.8,
2024-12-28 08:00:00+00:00,2161309,Pháp Vân,20.9481,105.8493,505.8,16.9,,17.9,
2024-12-28 09:00:00+00:00,2161309,Pháp Vân,20.9481,105.8493,658.2,15.3,,19.7,
2024-12-28 10:00:00+00:00,2161309,Pháp Vân,20.9481,105.8493,1141.0,23.4,,29.4,
2024-12-28 11:00:00+00:00,2161309,Pháp Vân,20.9481,105.8493,2076.0,41.6,,51.3,
2024-12-28 12:00:00+00:00,2161309,Pháp Vân,20.9481,105.8493,2200.9,48.5,,80.9,
2024-12-28 13:00:00+00:00,2161309,Pháp Vân,20.9481,105.8493,2736.1,51.3,,94.1,
2024-12-28 14:00:00+00:00,2161309,Pháp Vân,20.9481,105.8493,2721.8,46.3,,112.8,
2024-12-28 15:00:00+00:00,2161309,Pháp Vân,20.9481,105.8493,3158.7,40.6,,116.2,
2024-12-28 16:00:00+00:00,2161309,Pháp Vân,20.9481,105.8493,2258.9,44.0,,121.8,
2024-12-28 17:00:00+00:00,2161309,Pháp Vân,20.9481,105.8493,877.7,34.0,,90.5,
2024-12-28 18:00:00+00:00,2161309,Pháp Vân,20.9481,105.8493,578.6,22.9,,73.2,
2024-12-28 19:00:00+00:00,2161309,Pháp Vân,20.9481,105.8493,479.7,25.2,,70.7,
2024-12-28 20:00:00+00:00,2161309,Pháp Vân,20.9481,105.8493,441.2,23.7,,65.1,
2024-12-28 21:00:00+00:00,2161309,Pháp Vân,20.9481,105.8493,403.4,22.2,,59.4,
2024-12-28 22:00:00+00:00,2161309,Pháp Vân,20.9481,105.8493,601.8,34.4,,78.5,
2024-12-28 23:00:00+00:00,2161309,Pháp Vân,20.9481,105.8493,559.9,34.5,,67.0,
2024-12-29 00:00:00+00:00,2161309,Pháp Vân,20.9481,105.8493,503.2,36.1,,60.3,
2024-12-29 01:00:00+00:00,2161309,Pháp Vân,20.9481,105.8493,479.8,34.2,,46.4,
2024-12-29 02:00:00+00:00,2161309,Pháp Vân,20.9481,105.8493,428.3,28.3,,48.0,
2024-12-29 03:00:00+00:00,2161309,Pháp Vân,20.9481,105.8493,455.5,32.3,,50.4,
2024-12-29 04:00:00+00:00,2161309,Pháp Vân,20.9481,105.8493,455.0,22.1,,47.4,
2024-12-29 05:00:00+00:00,2161309,Pháp Vân,20.9481,105.8493,435.4,17.4,,42.4,
2024-12-29 06:00:00+00:00,2161309,Pháp Vân,20.9481,105.8493,458.8,18.8,,45.0,
2024-12-29 07:00:00+00:00,2161309,Pháp Vân,20.9481,105.8493,471.7,19.7,,52.0,
2024-12-29 08:00:00+00:00,2161309,Pháp Vân,20.9481,105.8493,449.7,16.5,,53.9,
2024-12-29 09:00:00+00:00,2161309,Pháp Vân,20.9481,105.8493,498.5,12.4,,48.2,
2024-12-29 10:00:00+00:00,2161309,Pháp Vân,20.9481,105.8493,609.0,16.2,,56.7,
2024-12-29 11:00:00+00:00,2161309,Pháp Vân,20.9481,105.8493,765.1,25.5,,71.1,
2024-12-29 12:00:00+00:00,2161309,Pháp Vân,20.9481,105.8493,704.3,25.7,,89.6,
2024-12-29 13:00:00+00:00,2161309,Pháp Vân,20.9481,105.8493,591.9,23.1,,86.5,
2024-12-29 14:00:00+00:00,2161309,Pháp Vân,20.9481,105.8493,495.6,22.0,,78.7,
2024-12-29 15:00:00+00:00,2161309,Pháp Vân,20.9481,105.8493,501.1,20.8,,79.8,
2024-12-29 16:00:00+00:00,2161309,Pháp Vân,20.9481,105.8493,508.4,20.0,,78.8,
2024-12-29 17:00:00+00:00,2161309,Pháp Vân,20.9481,105.8493,508.2,21.8,,80.9,
2024-12-29 18:00:00+00:00,2161309,Pháp Vân,20.9481,105.8493,501.2,19.9,,84.5,
2024-12-29 19:00:00+00:00,2161309,Pháp Vân,20.9481,105.8493,507.9,17.2,,92.8,
2024-12-29 20:00:00+00:00,2161309,Pháp Vân,20.9481,105.8493,493.4,15.6,,96.1,
2024-12-29 21:00:00+00:00,2161309,Pháp Vân,20.9481,105.8493,474.5,11.6,,84.1,
2024-12-29 22:00:00+00:00,2161309,Pháp Vân,20.9481,105.8493,554.5,10.9,,97.6,
2024-12-29 23:00:00+00:00,2161309,Pháp Vân,20.9481,105.8493,646.7,29.2,,108.9,
2024-12-30 00:00:00+00:00,2161309,Pháp Vân,20.9481,105.8493,760.4,32.2,,100.1,
2024-12-30 01:00:00+00:00,2161309,Pháp Vân,20.9481,105.8493,1355.2,38.6,,104.2,
2024-12-30 02:00:00+00:00,2161309,Pháp Vân,20.9481,105.8493,1172.8,43.0,,113.1,
2024-12-30 03:00:00+00:00,2161309,Pháp Vân,20.9481,105.8493,1605.8,56.5,,121.1,
2024-12-30 04:00:00+00:00,2161309,Pháp Vân,20.9481,105.8493,2166.4,68.7,,122.6,
2024-12-30 05:00:00+00:00,2161309,Pháp Vân,20.9481,105.8493,2090.1,72.0,,112.9,
2024-12-30 06:00:00+00:00,2161309,Pháp Vân,20.9481,105.8493,1585.4,48.9,,95.3,
2024-12-30 07:00:00+00:00,2161309,Pháp Vân,20.9481,105.8493,1697.2,49.6,,98.2,
2024-12-30 08:00:00+00:00,2161309,Pháp Vân,20.9481,105.8493,1495.2,52.9,,102.6,
2024-12-30 09:00:00+00:00,2161309,Pháp Vân,20.9481,105.8493,1368.9,40.7,,102.8,
2024-12-30 10:00:00+00:00,2161309,Pháp Vân,20.9481,105.8493,1797.8,48.0,,104.3,
2024-12-30 11:00:00+00:00,2161309,Pháp Vân,20.9481,105.8493,2632.8,53.3,,96.8,
2024-12-30 12:00:00+00:00,2161309,Pháp Vân,20.9481,105.8493,2143.7,42.3,,99.2,
2024-12-30 13:00:00+00:00,2161309,Pháp Vân,20.9481,105.8493,1936.6,42.2,,98.8,
2024-12-30 14:00:00+00:00,2161309,Pháp Vân,20.9481,105.8493,2040.4,47.0,,125.6,
2024-12-30 15:00:00+00:00,2161309,Pháp Vân,20.9481,105.8493,1365.4,35.4,,133.2,
2024-12-30 16:00:00+00:00,2161309,Pháp Vân,20.9481,105.8493,1052.5,33.5,,138.0,
2024-12-30 17:00:00+00:00,2161309,Pháp Vân,20.9481,105.8493,1001.6,30.9,,117.7,
2024-12-30 18:00:00+00:00,2161309,Pháp Vân,20.9481,105.8493,1040.8,36.7,,108.2,
2024-12-30 19:00:00+00:00,2161309,Pháp Vân,20.9481,105.8493,826.0,28.0,,108.8,
2024-12-30 20:00:00+00:00,2161309,Pháp Vân,20.9481,105.8493,770.0,27.3,,107.6,
2024-12-30 21:00:00+00:00,2161309,Pháp Vân,20.9481,105.8493,739.0,26.3,,103.6,
2024-12-30 22:00:00+00:00,2161309,Pháp Vân,20.9481,105.8493,719.0,22.4,,97.1,
2024-12-30 23:00:00+00:00,2161309,Pháp Vân,20.9481,105.8493,489.9,16.4,,76.6,
2024-12-31 00:00:00+00:00,2161309,Pháp Vân,20.9481,105.8493,538.5,16.5,,75.2,
2024-12-31 01:00:00+00:00,2161309,Pháp Vân,20.9481,105.8493,891.1,19.2,,80.8,
2024-12-31 02:00:00+00:00,2161309,Pháp Vân,20.9481,105.8493,745.6,20.3,,83.8,
2024-12-31 03:00:00+00:00,2161309,Pháp Vân,20.9481,105.8493,800.1,25.8,,84.0,
2024-12-31 04:00:00+00:00,2161309,Pháp Vân,20.9481,105.8493,801.7,28.5,,81.4,
2024-12-31 05:00:00+00:00,2161309,Pháp Vân,20.9481,105.8493,812.4,25.5,,74.4,
2024-12-31 06:00:00+00:00,2161309,Pháp Vân,20.9481,105.8493,899.3,25.4,,67.9,
2024-12-31 07:00:00+00:00,2161309,Pháp Vân,20.9481,105.8493,958.6,28.6,,63.2,
2024-12-31 08:00:00+00:00,2161309,Pháp Vân,20.9481,105.8493,1032.6,34.4,,65.7,
2024-12-31 09:00:00+00:00,2161309,Pháp Vân,20.9481,105.8493,1197.2,25.9,,68.7,
2024-12-31 10:00:00+00:00,2161309,Pháp Vân,20.9481,105.8493,1756.7,36.3,,91.9,
2024-12-31 11:00:00+00:00,2161309,Pháp Vân,20.9481,105.8493,3006.1,50.4,,120.4,
2024-12-31 12:00:00+00:00,2161309,Pháp Vân,20.9481,105.8493,3323.1,49.7,,114.8,
2024-12-31 13:00:00+00:00,2161309,Pháp Vân,20.9481,105.8493,2917.1,48.7,,110.5,
2024-12-31 17:00:00+00:00,2161309,Pháp Vân,20.9481,105.8493,2171.5,37.1,,129.9,
2024-12-31 19:00:00+00:00,2161309,Pháp Vân,20.9481,105.8493,2048.5,20.1,,140.6,
2024-12-31 22:00:00+00:00,2161309,Pháp Vân,20.9481,105.8493,1520.6,12.1,,112.3,
2024-12-31 23:00:00+00:00,2161309,Pháp Vân,20.9481,105.8493,1617.2,9.3,,113.2,
2025-01-01 00:00:00+00:00,2161309,Pháp Vân,20.9481,105.8493,2061.5,8.6,,130.1,
2025-01-01 01:00:00+00:00,2161309,Pháp Vân,20.9481,105.8493,2645.3,11.1,,121.7,
2025-01-01 02:00:00+00:00,2161309,Pháp Vân,20.9481,105.8493,1455.9,22.5,,119.5,
2025-01-01 03:00:00+00:00,2161309,Pháp Vân,20.9481,105.8493,1876.2,41.1,,147.7,
2025-01-01 04:00:00+00:00,2161309,Pháp Vân,20.9481,105.8493,1761.7,30.1,,121.5,
2025-01-01 05:00:00+00:00,2161309,Pháp Vân,20.9481,105.8493,1132.4,20.6,,90.9,
2025-01-01 06:00:00+00:00,2161309,Pháp Vân,20.9481,105.8493,1123.1,18.9,,82.6,
2025-01-01 07:00:00+00:00,2161309,Pháp Vân,20.9481,105.8493,826.4,16.3,,75.3,
2025-01-01 08:00:00+00:00,2161309,Pháp Vân,20.9481,105.8493,782.8,17.7,,73.4,
2025-01-01 09:00:00+00:00,2161309,Pháp Vân,20.9481,105.8493,722.9,18.7,,65.9,
2025-01-01 10:00:00+00:00,2161309,Pháp Vân,20.9481,105.8493,775.9,22.3,,63.0,
2025-01-01 11:00:00+00:00,2161309,Pháp Vân,20.9481,105.8493,1208.7,34.0,,90.2,
2025-01-01 12:00:00+00:00,2161309,Pháp Vân,20.9481,105.8493,1785.2,51.3,,132.9,
2025-01-01 13:00:00+00:00,2161309,Pháp Vân,20.9481,105.8493,1009.6,21.1,,134.4,
2025-01-01 14:00:00+00:00,2161309,Pháp Vân,20.9481,105.8493,814.6,15.5,,101.2,
2025-01-01 15:00:00+00:00,2161309,Pháp Vân,20.9481,105.8493,775.0,15.7,,102.6,
2025-01-01 16:00:00+00:00,2161309,Pháp Vân,20.9481,105.8493,802.2,21.8,,123.2,
2025-01-01 17:00:00+00:00,2161309,Pháp Vân,20.9481,105.8493,826.8,15.4,,136.3,
2025-01-01 18:00:00+00:00,2161309,Pháp Vân,20.9481,105.8493,802.4,16.0,,141.4,
2025-01-01 19:00:00+00:00,2161309,Pháp Vân,20.9481,105.8493,726.5,14.6,,139.4,
2025-01-01 20:00:00+00:00,2161309,Pháp Vân,20.9481,105.8493,723.7,12.1,,136.2,
2025-01-01 21:00:00+00:00,2161309,Pháp Vân,20.9481,105.8493,650.4,14.0,,123.0,
2025-01-01 22:00:00+00:00,2161309,Pháp Vân,20.9481,105.8493,713.6,19.8,,112.6,
2025-01-01 23:00:00+00:00,2161309,Pháp Vân,20.9481,105.8493,870.9,19.8,,122.0,
2025-01-02 00:00:00+00:00,2161309,Pháp Vân,20.9481,105.8493,1513.4,21.1,,140.2,
2025-01-02 01:00:00+00:00,2161309,Pháp Vân,20.9481,105.8493,4107.7,26.8,,147.6,
2025-01-02 02:00:00+00:00,2161309,Pháp Vân,20.9481,105.8493,1451.3,26.2,,124.4,
2025-01-02 03:00:00+00:00,2161309,Pháp Vân,20.9481,105.8493,1442.1,39.1,,127.3,
2025-01-02 04:00:00+00:00,2161309,Pháp Vân,20.9481,105.8493,1246.5,30.8,,95.4,
2025-01-02 05:00:00+00:00,2161309,Pháp Vân,20.9481,105.8493,961.6,23.1,,70.6,
2025-01-02 06:00:00+00:00,2161309,Pháp Vân,20.9481,105.8493,796.6,21.4,,56.8,
2025-01-02 07:00:00+00:00,2161309,Pháp Vân,20.9481,105.8493,1059.8,25.5,,63.9,
2025-01-02 08:00:00+00:00,2161309,Pháp Vân,20.9481,105.8493,907.3,23.5,,51.5,
2025-01-02 09:00:00+00:00,2161309,Pháp Vân,20.9481,105.8493,744.0,28.5,,49.1,
2025-01-02 10:00:00+00:00,2161309,Pháp Vân,20.9481,105.8493,880.4,30.1,,57.0,
2025-01-02 11:00:00+00:00,2161309,Pháp Vân,20.9481,105.8493,2597.5,65.1,,90.6,
2025-01-02 12:00:00+00:00,2161309,Pháp Vân,20.9481,105.8493,4737.3,83.7,,134.5,
2025-01-02 13:00:00+00:00,2161309,Pháp Vân,20.9481,105.8493,4782.5,77.9,,148.5,
2025-01-02 14:00:00+00:00,2161309,Pháp Vân,20.9481,105.8493,4251.4,83.3,,179.8,
2025-01-02 15:00:00+00:00,2161309,Pháp Vân,20.9481,105.8493,1797.9,56.6,,190.1,
2025-01-02 16:00:00+00:00,2161309,Pháp Vân,20.9481,105.8493,1164.1,37.5,,122.1,
2025-01-02 17:00:00+00:00,2161309,Pháp Vân,20.9481,105.8493,913.0,34.2,,110.8,
2025-01-02 18:00:00+00:00,2161309,Pháp Vân,20.9481,105.8493,1034.0,29.7,,108.7,
2025-01-02 19:00:00+00:00,2161309,Pháp Vân,20.9481,105.8493,873.5,21.0,,101.4,
2025-01-02 20:00:00+00:00,2161309,Pháp Vân,20.9481,105.8493,850.6,27.1,,97.7,
2025-01-02 21:00:00+00:00,2161309,Pháp Vân,20.9481,105.8493,1011.3,26.9,,100.5,
2025-01-02 22:00:00+00:00,2161309,Pháp Vân,20.9481,105.8493,1050.4,17.1,,101.5,
2025-01-02 23:00:00+00:00,2161309,Pháp Vân,20.9481,105.8493,1809.5,22.3,,104.4,
2025-01-03 00:00:00+00:00,2161309,Pháp Vân,20.9481,105.8493,3065.6,22.0,,115.4,
2025-01-03 01:00:00+00:00,2161309,Pháp Vân,20.9481,105.8493,5931.5,32.6,,122.6,
2025-01-03 02:00:00+00:00,2161309,Pháp Vân,20.9481,105.8493,3163.6,54.6,,142.8,
2025-01-03 03:00:00+00:00,2161309,Pháp Vân,20.9481,105.8493,1720.4,43.8,,127.4,
2025-01-03 04:00:00+00:00,2161309,Pháp Vân,20.9481,105.8493,1341.6,34.1,,88.1,
2025-01-03 05:00:00+00:00,2161309,Pháp Vân,20.9481,105.8493,1165.7,28.0,,63.6,
2025-01-03 06:00:00+00:00,2161309,Pháp Vân,20.9481,105.8493,942.1,23.5,,58.9,
2025-01-03 07:00:00+00:00,2161309,Pháp Vân,20.9481,105.8493,823.3,22.2,,54.7,
2025-01-03 08:00:00+00:00,2161309,Pháp Vân,20.9481,105.8493,784.5,22.7,,48.8,
2025-01-03 09:00:00+00:00,2161309,Pháp Vân,20.9481,105.8493,866.3,27.0,,49.8,
2025-01-03 10:00:00+00:00,2161309,Pháp Vân,20.9481,105.8493,1143.1,26.9,,55.0,
2025-01-03 11:00:00+00:00,2161309,Pháp Vân,20.9481,105.8493,4926.1,68.2,,71.9,
2025-01-03 12:00:00+00:00,2161309,Pháp Vân,20.9481,105.8493,14652.2,101.7,,106.4,
2025-01-03 13:00:00+00:00,2161309,Pháp Vân,20.9481,105.8493,8518.2,82.4,,121.2,
2025-01-03 14:00:00+00:00,2161309,Pháp Vân,20.9481,105.8493,954.8,29.7,,98.9,
2025-01-03 15:00:00+00:00,2161309,Pháp Vân,20.9481,105.8493,747.5,24.9,,70.0,
2025-01-03 16:00:00+00:00,2161309,Pháp Vân,20.9481,105.8493,608.4,31.1,,62.4,
2025-01-03 17:00:00+00:00,2161309,Pháp Vân,20.9481,105.8493,524.7,18.9,,57.6,
2025-01-03 18:00:00+00:00,2161309,Pháp Vân,20.9481,105.8493,484.8,21.9,,57.7,
2025-01-03 19:00:00+00:00,2161309,Pháp Vân,20.9481,105.8493,462.9,22.8,,55.2,
2025-01-03 20:00:00+00:00,2161309,Pháp Vân,20.9481,105.8493,468.0,23.4,,59.6,
2025-01-03 21:00:00+00:00,2161309,Pháp Vân,20.9481,105.8493,456.6,16.3,,56.4,
2025-01-03 22:00:00+00:00,2161309,Pháp Vân,20.9481,105.8493,632.8,23.1,,58.0,
2025-01-03 23:00:00+00:00,2161309,Pháp Vân,20.9481,105.8493,819.2,27.5,,63.0,
2025-01-04 00:00:00+00:00,2161309,Pháp Vân,20.9481,105.8493,1362.6,35.4,,91.5,
2025-01-04 01:00:00+00:00,2161309,Pháp Vân,20.9481,105.8493,1908.0,35.6,,96.1,
2025-01-04 02:00:00+00:00,2161309,Pháp Vân,20.9481,105.8493,1336.0,44.9,,101.3,
2025-01-04 03:00:00+00:00,2161309,Pháp Vân,20.9481,105.8493,1010.2,51.9,,103.0,
2025-01-04 04:00:00+00:00,2161309,Pháp Vân,20.9481,105.8493,963.7,34.2,,87.2,
2025-01-04 05:00:00+00:00,2161309,Pháp Vân,20.9481,105.8493,835.8,23.7,,71.0,
2025-01-04 06:00:00+00:00,2161309,Pháp Vân,20.9481,105.8493,621.1,21.3,,56.3,
2025-01-04 07:00:00+00:00,2161309,Pháp Vân,20.9481,105.8493,580.2,21.2,,49.9,
2025-01-04 08:00:00+00:00,2161309,Pháp Vân,20.9481,105.8493,592.9,19.2,,53.4,
2025-01-04 09:00:00+00:00,2161309,Pháp Vân,20.9481,105.8493,557.7,14.5,,51.8,
2025-01-04 10:00:00+00:00,2161309,Pháp Vân,20.9481,105.8493,648.2,18.2,,48.2,
2025-01-04 11:00:00+00:00,2161309,Pháp Vân,20.9481,105.8493,790.6,27.6,,52.9,
2025-01-04 12:00:00+00:00,2161309,Pháp Vân,20.9481,105.8493,728.7,26.0,,65.3,
2025-01-04 13:00:00+00:00,2161309,Pháp Vân,20.9481,105.8493,648.2,19.0,,65.8,
2025-01-04 14:00:00+00:00,2161309,Pháp Vân,20.9481,105.8493,583.0,17.5,,59.7,
2025-01-04 15:00:00+00:00,2161309,Pháp Vân,20.9481,105.8493,553.1,19.7,,56.4,
2025-01-04 16:00:00+00:00,2161309,Pháp Vân,20.9481,105.8493,533.1,21.2,,58.5,
2025-01-04 17:00:00+00:00,2161309,Pháp Vân,20.9481,105.8493,591.4,25.1,,69.4,
2025-01-04 18:00:00+00:00,2161309,Pháp Vân,20.9481,105.8493,543.0,20.4,,74.9,
2025-01-04 19:00:00+00:00,2161309,Pháp Vân,20.9481,105.8493,524.7,20.5,,67.1,
2025-01-04 20:00:00+00:00,2161309,Pháp Vân,20.9481,105.8493,709.7,21.0,,66.4,
2025-01-04 21:00:00+00:00,2161309,Pháp Vân,20.9481,105.8493,669.4,30.7,,65.6,
2025-01-04 22:00:00+00:00,2161309,Pháp Vân,20.9481,105.8493,799.1,34.8,,71.5,
2025-01-04 23:00:00+00:00,2161309,Pháp Vân,20.9481,105.8493,1094.9,35.3,,83.7,
2025-01-05 00:00:00+00:00,2161309,Pháp Vân,20.9481,105.8493,1715.8,33.5,,83.5,
2025-01-05 01:00:00+00:00,2161309,Pháp Vân,20.9481,105.8493,2500.9,38.0,,95.7,
2025-01-05 02:00:00+00:00,2161309,Pháp Vân,20.9481,105.8493,1780.5,38.5,,98.9,
2025-01-05 03:00:00+00:00,2161309,Pháp Vân,20.9481,105.8493,1634.0,44.8,,106.8,
2025-01-05 04:00:00+00:00,2161309,Pháp Vân,20.9481,105.8493,1133.5,28.5,,72.4,
2025-01-05 05:00:00+00:00,2161309,Pháp Vân,20.9481,105.8493,784.0,21.3,,59.3,
2025-01-05 06:00:00+00:00,2161309,Pháp Vân,20.9481,105.8493,821.0,24.3,,54.5,
2025-01-05 07:00:00+00:00,2161309,Pháp Vân,20.9481,105.8493,874.2,22.5,,54.7,
2025-01-05 08:00:00+00:00,2161309,Pháp Vân,20.9481,105.8493,960.0,25.3,,60.7,
2025-01-05 09:00:00+00:00,2161309,Pháp Vân,20.9481,105.8493,1138.3,22.7,,57.2,
2025-01-05 10:00:00+00:00,2161309,Pháp Vân,20.9481,105.8493,1412.3,31.4,,64.2,
2025-01-05 11:00:00+00:00,2161309,Pháp Vân,20.9481,105.8493,2067.5,46.0,,68.6,
2025-01-05 12:00:00+00:00,2161309,Pháp Vân,20.9481,105.8493,5207.4,83.3,,95.1,
2025-01-05 13:00:00+00:00,2161309,Pháp Vân,20.9481,105.8493,7587.6,77.0,,136.7,
2025-01-05 14:00:00+00:00,2161309,Pháp Vân,20.9481,105.8493,6437.2,77.6,,169.2,
2025-01-05 15:00:00+00:00,2161309,Pháp Vân,20.9481,105.8493,3729.2,77.8,,166.3,
2025-01-05 16:00:00+00:00,2161309,Pháp Vân,20.9481,105.8493,807.7,53.3,,92.0,
2025-01-05 17:00:00+00:00,2161309,Pháp Vân,20.9481,105.8493,666.0,21.5,,92.2,
2025-01-05 18:00:00+00:00,2161309,Pháp Vân,20.9481,105.8493,611.5,19.7,,89.5,
2025-01-05 19:00:00+00:00,2161309,Pháp Vân,20.9481,105.8493,522.6,16.0,,82.7,
2025-01-05 20:00:00+00:00,2161309,Pháp Vân,20.9481,105.8493,434.3,14.6,,70.3,
2025-01-05 21:00:00+00:00,2161309,Pháp Vân,20.9481,105.8493,432.8,19.7,,68.4,
2025-01-05 22:00:00+00:00,2161309,Pháp Vân,20.9481,105.8493,445.5,26.5,,67.9,
2025-01-05 23:00:00+00:00,2161309,Pháp Vân,20.9481,105.8493,1214.7,36.3,,88.6,
2025-01-06 00:00:00+00:00,2161309,Pháp Vân,20.9481,105.8493,930.7,29.1,,101.0,
2025-01-06 01:00:00+00:00,2161309,Pháp Vân,20.9481,105.8493,1849.7,32.9,,111.6,
2025-01-06 02:00:00+00:00,2161309,Pháp Vân,20.9481,105.8493,1010.1,36.3,,90.5,
2025-01-06 03:00:00+00:00,2161309,Pháp Vân,20.9481,105.8493,794.1,34.9,,83.8,
2025-01-06 04:00:00+00:00,2161309,Pháp Vân,20.9481,105.8493,730.6,24.4,,67.6,
2025-01-06 05:00:00+00:00,2161309,Pháp Vân,20.9481,105.8493,780.5,21.2,,67.7,
2025-01-06 06:00:00+00:00,2161309,Pháp Vân,20.9481,105.8493,788.1,22.6,,78.5,
2025-01-06 07:00:00+00:00,2161309,Pháp Vân,20.9481,105.8493,708.9,22.4,,62.9,
2025-01-06 08:00:00+00:00,2161309,Pháp Vân,20.9481,105.8493,645.2,19.9,,57.8,
2025-01-06 09:00:00+00:00,2161309,Pháp Vân,20.9481,105.8493,616.0,14.8,,57.8,
2025-01-06 10:00:00+00:00,2161309,Pháp Vân,20.9481,105.8493,853.9,21.1,,59.9,
2025-01-06 11:00:00+00:00,2161309,Pháp Vân,20.9481,105.8493,2125.9,53.2,,87.4,
2025-01-06 12:00:00+00:00,2161309,Pháp Vân,20.9481,105.8493,1908.7,63.3,,108.7,
2025-01-06 13:00:00+00:00,2161309,Pháp Vân,20.9481,105.8493,1154.8,35.9,,126.0,
2025-01-06 14:00:00+00:00,2161309,Pháp Vân,20.9481,105.8493,740.7,26.2,,84.5,
2025-01-06 15:00:00+00:00,2161309,Pháp Vân,20.9481,105.8493,680.7,19.6,,75.2,
2025-01-06 16:00:00+00:00,2161309,Pháp Vân,20.9481,105.8493,667.0,22.6,,84.1,
2025-01-06 17:00:00+00:00,2161309,Pháp Vân,20.9481,105.8493,556.9,28.4,,75.4,
2025-01-06 18:00:00+00:00,2161309,Pháp Vân,20.9481,105.8493,536.5,26.3,,80.2,
2025-01-06 19:00:00+00:00,2161309,Pháp Vân,20.9481,105.8493,546.7,19.3,,89.1,
2025-01-06 20:00:00+00:00,2161309,Pháp Vân,20.9481,105.8493,560.1,20.1,,95.2,
2025-01-06 21:00:00+00:00,2161309,Pháp Vân,20.9481,105.8493,570.4,22.9,,100.3,
2025-01-06 22:00:00+00:00,2161309,Pháp Vân,20.9481,105.8493,566.8,23.3,,100.3,
2025-01-06 23:00:00+00:00,2161309,Pháp Vân,20.9481,105.8493,695.6,21.2,,122.8,
2025-01-07 00:00:00+00:00,2161309,Pháp Vân,20.9481,105.8493,739.1,20.4,,127.8,
2025-01-07 01:00:00+00:00,2161309,Pháp Vân,20.9481,105.8493,1513.8,39.7,,110.0,
2025-01-07 02:00:00+00:00,2161309,Pháp Vân,20.9481,105.8493,1013.8,37.0,,107.1,
2025-01-07 03:00:00+00:00,2161309,Pháp Vân,20.9481,105.8493,1336.8,42.4,,134.7,
2025-01-07 04:00:00+00:00,2161309,Pháp Vân,20.9481,105.8493,1100.8,40.0,,90.3,
2025-01-07 05:00:00+00:00,2161309,Pháp Vân,20.9481,105.8493,990.4,37.1,,79.2,
2025-01-07 06:00:00+00:00,2161309,Pháp Vân,20.9481,105.8493,749.2,30.3,,79.1,
2025-01-07 07:00:00+00:00,2161309,Pháp Vân,20.9481,105.8493,720.8,32.9,,89.2,
2025-01-07 08:00:00+00:00,2161309,Pháp Vân,20.9481,105.8493,630.9,29.0,,77.6,
2025-01-07 09:00:00+00:00,2161309,Pháp Vân,20.9481,105.8493,762.2,25.7,,88.0,
2025-01-07 10:00:00+00:00,2161309,Pháp Vân,20.9481,105.8493,828.2,20.8,,87.6,
2025-01-07 11:00:00+00:00,2161309,Pháp Vân,20.9481,105.8493,1173.6,27.9,,93.0,
2025-01-07 12:00:00+00:00,2161309,Pháp Vân,20.9481,105.8493,764.0,19.9,,57.6,
2025-01-07 13:00:00+00:00,2161309,Pháp Vân,20.9481,105.8493,778.9,19.8,,69.2,
2025-01-07 14:00:00+00:00,2161309,Pháp Vân,20.9481,105.8493,674.3,16.7,,72.0,
2025-01-07 15:00:00+00:00,2161309,Pháp Vân,20.9481,105.8493,570.2,15.4,,75.0,
2025-01-07 16:00:00+00:00,2161309,Pháp Vân,20.9481,105.8493,476.4,20.8,,62.0,
2025-01-07 17:00:00+00:00,2161309,Pháp Vân,20.9481,105.8493,471.1,17.1,,62.4,
2025-01-07 18:00:00+00:00,2161309,Pháp Vân,20.9481,105.8493,437.8,17.5,,66.6,
2025-01-07 19:00:00+00:00,2161309,Pháp Vân,20.9481,105.8493,353.1,20.0,,62.1,
2025-01-07 20:00:00+00:00,2161309,Pháp Vân,20.9481,105.8493,344.2,16.0,,59.8,
2025-01-07 21:00:00+00:00,2161309,Pháp Vân,20.9481,105.8493,396.2,14.1,,69.1,
2025-01-07 22:00:00+00:00,2161309,Pháp Vân,20.9481,105.8493,350.3,13.2,,67.3,
2025-01-07 23:00:00+00:00,2161309,Pháp Vân,20.9481,105.8493,346.9,15.5,,63.2,
2025-01-08 00:00:00+00:00,2161309,Pháp Vân,20.9481,105.8493,653.8,36.3,,69.7,
2025-01-08 01:00:00+00:00,2161309,Pháp Vân,20.9481,105.8493,939.5,40.3,,84.6,
2025-01-08 02:00:00+00:00,2161309,Pháp Vân,20.9481,105.8493,894.8,43.5,,79.2,
2025-01-08 03:00:00+00:00,2161309,Pháp Vân,20.9481,105.8493,889.2,45.1,,77.2,
2025-01-08 04:00:00+00:00,2161309,Pháp Vân,20.9481,105.8493,823.0,45.8,,74.4,
2025-01-08 05:00:00+00:00,2161309,Pháp Vân,20.9481,105.8493,742.4,40.1,,61.0,
2025-01-08 06:00:00+00:00,2161309,Pháp Vân,20.9481,105.8493,720.1,31.4,,63.3,
2025-01-08 07:00:00+00:00,2161309,Pháp Vân,20.9481,105.8493,640.0,27.6,,58.0,
2025-01-08 08:00:00+00:00,2161309,Pháp Vân,20.9481,105.8493,579.8,25.4,,56.8,
2025-01-08 09:00:00+00:00,2161309,Pháp Vân,20.9481,105.8493,461.1,19.0,,48.5,
2025-01-08 10:00:00+00:00,2161309,Pháp Vân,20.9481,105.8493,563.6,22.4,,50.8,
2025-01-08 11:00:00+00:00,2161309,Pháp Vân,20.9481,105.8493,736.1,19.6,,47.4,
2025-01-08 12:00:00+00:00,2161309,Pháp Vân,20.9481,105.8493,727.2,21.7,,37.3,
2025-01-08 13:00:00+00:00,2161309,Pháp Vân,20.9481,105.8493,632.6,18.4,,39.9,
2025-01-08 14:00:00+00:00,2161309,Pháp Vân,20.9481,105.8493,587.5,18.9,,47.6,
2025-01-08 15:00:00+00:00,2161309,Pháp Vân,20.9481,105.8493,580.3,22.4,,50.5,
2025-01-08 16:00:00+00:00,2161309,Pháp Vân,20.9481,105.8493,525.7,18.0,,45.6,
2025-01-08 17:00:00+00:00,2161309,Pháp Vân,20.9481,105.8493,438.2,14.2,,48.8,
2025-01-08 18:00:00+00:00,2161309,Pháp Vân,20.9481,105.8493,379.8,13.6,,49.6,
2025-01-08 19:00:00+00:00,2161309,Pháp Vân,20.9481,105.8493,343.4,12.3,,47.6,
2025-01-08 20:00:00+00:00,2161309,Pháp Vân,20.9481,105.8493,347.7,20.7,,51.3,
2025-01-08 21:00:00+00:00,2161309,Pháp Vân,20.9481,105.8493,443.9,22.8,,51.1,
2025-01-08 22:00:00+00:00,2161309,Pháp Vân,20.9481,105.8493,406.9,23.0,,53.6,
2025-01-08 23:00:00+00:00,2161309,Pháp Vân,20.9481,105.8493,489.6,29.3,,68.4,
2025-01-09 00:00:00+00:00,2161309,Pháp Vân,20.9481,105.8493,618.8,24.5,,70.6,
2025-01-09 01:00:00+00:00,2161309,Pháp Vân,20.9481,105.8493,1111.4,25.9,,69.6,
2025-01-09 02:00:00+00:00,2161309,Pháp Vân,20.9481,105.8493,720.2,24.0,,64.8,
2025-01-09 03:00:00+00:00,2161309,Pháp Vân,20.9481,105.8493,754.0,26.4,,66.0,
2025-01-09 04:00:00+00:00,2161309,Pháp Vân,20.9481,105.8493,871.9,34.8,,69.6,
2025-01-09 05:00:00+00:00,2161309,Pháp Vân,20.9481,105.8493,905.1,33.5,,72.3,
2025-01-09 06:00:00+00:00,2161309,Pháp Vân,20.9481,105.8493,820.1,30.9,,72.0,
2025-01-09 07:00:00+00:00,2161309,Pháp Vân,20.9481,105.8493,867.4,26.8,,68.1,
2025-01-09 08:00:00+00:00,2161309,Pháp Vân,20.9481,105.8493,837.0,32.4,,60.2,
2025-01-09 09:00:00+00:00,2161309,Pháp Vân,20.9481,105.8493,822.0,33.0,,56.5,
2025-01-09 10:00:00+00:00,2161309,Pháp Vân,20.9481,105.8493,823.8,28.3,,52.3,
2025-01-09 11:00:00+00:00,2161309,Pháp Vân,20.9481,105.8493,1145.5,34.1,,54.0,
2025-01-09 12:00:00+00:00,2161309,Pháp Vân,20.9481,105.8493,928.0,22.9,,61.0,
2025-01-09 13:00:00+00:00,2161309,Pháp Vân,20.9481,105.8493,705.2,18.5,,61.3,
2025-01-09 14:00:00+00:00,2161309,Pháp Vân,20.9481,105.8493,529.5,12.6,,51.8,
2025-01-09 15:00:00+00:00,2161309,Pháp Vân,20.9481,105.8493,441.6,10.8,,48.5,
2025-01-09 16:00:00+00:00,2161309,Pháp Vân,20.9481,105.8493,423.0,10.5,,45.1,
2025-01-09 17:00:00+00:00,2161309,Pháp Vân,20.9481,105.8493,383.2,7.8,,40.8,
2025-01-09 18:00:00+00:00,2161309,Pháp Vân,20.9481,105.8493,322.6,6.3,,33.4,
2025-01-09 19:00:00+00:00,2161309,Pháp Vân,20.9481,105.8493,276.4,5.1,,24.9,
2025-01-09 20:00:00+00:00,2161309,Pháp Vân,20.9481,105.8493,262.0,5.2,,22.2,
2025-01-09 21:00:00+00:00,2161309,Pháp Vân,20.9481,105.8493,235.1,5.3,,17.1,
2025-01-09 22:00:00+00:00,2161309,Pháp Vân,20.9481,105.8493,225.1,5.5,,15.4,
2025-01-09 23:00:00+00:00,2161309,Pháp Vân,20.9481,105.8493,231.2,6.3,,16.7,
2025-01-10 00:00:00+00:00,2161309,Pháp Vân,20.9481,105.8493,290.4,8.1,,20.2,
2025-01-10 01:00:00+00:00,2161309,Pháp Vân,20.9481,105.8493,563.1,10.5,,19.9,
2025-01-10 02:00:00+00:00,2161309,Pháp Vân,20.9481,105.8493,417.9,13.6,,19.6,
2025-01-10 03:00:00+00:00,2161309,Pháp Vân,20.9481,105.8493,350.9,17.6,,18.3,
2025-01-10 04:00:00+00:00,2161309,Pháp Vân,20.9481,105.8493,369.3,12.9,,19.0,
2025-01-10 05:00:00+00:00,2161309,Pháp Vân,20.9481,105.8493,479.7,22.7,,20.3,
2025-01-10 06:00:00+00:00,2161309,Pháp Vân,20.9481,105.8493,392.3,15.1,,20.1,
2025-01-10 07:00:00+00:00,2161309,Pháp Vân,20.9481,105.8493,509.3,16.0,,21.0,
2025-01-10 08:00:00+00:00,2161309,Pháp Vân,20.9481,105.8493,463.1,23.1,,22.7,
2025-01-10 09:00:00+00:00,2161309,Pháp Vân,20.9481,105.8493,474.9,16.8,,21.9,
2025-01-10 10:00:00+00:00,2161309,Pháp Vân,20.9481,105.8493,529.8,16.6,,21.7,
2025-01-10 11:00:00+00:00,2161309,Pháp Vân,20.9481,105.8493,641.5,21.8,,23.9,
2025-01-10 12:00:00+00:00,2161309,Pháp Vân,20.9481,105.8493,581.9,23.2,,38.0,
2025-01-10 13:00:00+00:00,2161309,Pháp Vân,20.9481,105.8493,602.7,25.5,,37.5,
2025-01-10 14:00:00+00:00,2161309,Pháp Vân,20.9481,105.8493,407.6,22.7,,29.6,
2025-01-10 15:00:00+00:00,2161309,Pháp Vân,20.9481,105.8493,516.2,23.3,,33.2,
2025-01-10 16:00:00+00:00,2161309,Pháp Vân,20.9481,105.8493,460.7,23.0,,30.7,
2025-01-10 17:00:00+00:00,2161309,Pháp Vân,20.9481,105.8493,368.0,21.7,,26.5,
2025-01-10 18:00:00+00:00,2161309,Pháp Vân,20.9481,105.8493,316.1,23.3,,26.6,
2025-01-10 19:00:00+00:00,2161309,Pháp Vân,20.9481,105.8493,283.3,15.3,,24.8,
2025-01-10 20:00:00+00:00,2161309,Pháp Vân,20.9481,105.8493,200.5,11.3,,20.5,
2025-01-10 21:00:00+00:00,2161309,Pháp Vân,20.9481,105.8493,209.2,11.6,,26.8,
2025-01-10 22:00:00+00:00,2161309,Pháp Vân,20.9481,105.8493,190.2,11.1,,23.6,
2025-01-10 23:00:00+00:00,2161309,Pháp Vân,20.9481,105.8493,213.7,10.8,,29.8,
2025-01-11 00:00:00+00:00,2161309,Pháp Vân,20.9481,105.8493,268.3,12.1,,24.1,
2025-01-11 01:00:00+00:00,2161309,Pháp Vân,20.9481,105.8493,430.5,16.3,,23.4,
2025-01-11 02:00:00+00:00,2161309,Pháp Vân,20.9481,105.8493,359.3,13.1,,21.8,
2025-01-11 03:00:00+00:00,2161309,Pháp Vân,20.9481,105.8493,303.8,16.2,,21.3,
2025-01-11 04:00:00+00:00,2161309,Pháp Vân,20.9481,105.8493,266.2,17.3,,23.0,
2025-01-11 05:00:00+00:00,2161309,Pháp Vân,20.9481,105.8493,305.9,18.5,,24.1,
2025-01-11 06:00:00+00:00,2161309,Pháp Vân,20.9481,105.8493,290.9,17.9,,21.7,
2025-01-11 07:00:00+00:00,2161309,Pháp Vân,20.9481,105.8493,302.9,13.3,,21.5,
2025-01-11 08:00:00+00:00,2161309,Pháp Vân,20.9481,105.8493,418.8,16.9,,19.8,
2025-01-11 09:00:00+00:00,2161309,Pháp Vân,20.9481,105.8493,592.5,22.2,,20.1,
2025-01-11 10:00:00+00:00,2161309,Pháp Vân,20.9481,105.8493,616.1,24.7,,21.1,
2025-01-11 11:00:00+00:00,2161309,Pháp Vân,20.9481,105.8493,1621.0,36.6,,37.1,
2025-01-11 12:00:00+00:00,2161309,Pháp Vân,20.9481,105.8493,2021.0,41.0,,55.7,
2025-01-11 13:00:00+00:00,2161309,Pháp Vân,20.9481,105.8493,2045.0,38.3,,63.7,
2025-01-11 14:00:00+00:00,2161309,Pháp Vân,20.9481,105.8493,1394.9,35.0,,51.0,
2025-01-11 15:00:00+00:00,2161309,Pháp Vân,20.9481,105.8493,1278.1,33.0,,83.4,
2025-01-11 16:00:00+00:00,2161309,Pháp Vân,20.9481,105.8493,988.5,28.6,,60.4,
2025-01-11 17:00:00+00:00,2161309,Pháp Vân,20.9481,105.8493,938.9,27.8,,41.6,
2025-01-11 18:00:00+00:00,2161309,Pháp Vân,20.9481,105.8493,438.7,27.7,,33.5,
2025-01-11 19:00:00+00:00,2161309,Pháp Vân,20.9481,105.8493,460.2,33.4,,41.2,
2025-01-11 20:00:00+00:00,2161309,Pháp Vân,20.9481,105.8493,642.9,28.5,,55.2,
2025-01-11 21:00:00+00:00,2161309,Pháp Vân,20.9481,105.8493,963.1,23.0,,78.3,
2025-01-11 22:00:00+00:00,2161309,Pháp Vân,20.9481,105.8493,1117.9,16.7,,75.1,
2025-01-11 23:00:00+00:00,2161309,Pháp Vân,20.9481,105.8493,1105.9,19.7,,59.3,
2025-01-12 00:00:00+00:00,2161309,Pháp Vân,20.9481,105.8493,2162.0,19.5,,83.7,
2025-01-12 01:00:00+00:00,2161309,Pháp Vân,20.9481,105.8493,2028.2,23.2,,77.1,
2025-01-12 02:00:00+00:00,2161309,Pháp Vân,20.9481,105.8493,820.5,29.0,,45.9,
2025-01-12 03:00:00+00:00,2161309,Pháp Vân,20.9481,105.8493,621.0,22.7,,34.9,
2025-01-12 04:00:00+00:00,2161309,Pháp Vân,20.9481,105.8493,557.4,22.3,,31.7,
2025-01-12 05:00:00+00:00,2161309,Pháp Vân,20.9481,105.8493,455.6,19.2,,24.6,
2025-01-12 06:00:00+00:00,2161309,Pháp Vân,20.9481,105.8493,420.7,15.5,,22.6,
2025-01-12 07:00:00+00:00,2161309,Pháp Vân,20.9481,105.8493,425.5,16.3,,22.3,
2025-01-12 08:00:00+00:00,2161309,Pháp Vân,20.9481,105.8493,339.9,15.5,,23.0,
2025-01-12 09:00:00+00:00,2161309,Pháp Vân,20.9481,105.8493,308.7,13.6,,24.6,
2025-01-12 10:00:00+00:00,2161309,Pháp Vân,20.9481,105.8493,354.5,12.6,,27.5,
2025-01-12 11:00:00+00:00,2161309,Pháp Vân,20.9481,105.8493,669.2,15.2,,33.5,
2025-01-12 12:00:00+00:00,2161309,Pháp Vân,20.9481,105.8493,1935.3,51.0,,62.9,
2025-01-12 13:00:00+00:00,2161309,Pháp Vân,20.9481,105.8493,1392.0,44.0,,87.4,
2025-01-12 14:00:00+00:00,2161309,Pháp Vân,20.9481,105.8493,1190.1,37.4,,90.1,
2025-01-12 15:00:00+00:00,2161309,Pháp Vân,20.9481,105.8493,541.5,29.9,,81.9,
2025-01-12 16:00:00+00:00,2161309,Pháp Vân,20.9481,105.8493,539.1,30.0,,84.9,
2025-01-12 17:00:00+00:00,2161309,Pháp Vân,20.9481,105.8493,491.2,34.6,,76.5,
2025-01-12 18:00:00+00:00,2161309,Pháp Vân,20.9481,105.8493,347.5,30.8,,58.9,
2025-01-12 19:00:00+00:00,2161309,Pháp Vân,20.9481,105.8493,311.9,33.9,,52.2,
2025-01-12 20:00:00+00:00,2161309,Pháp Vân,20.9481,105.8493,472.3,29.3,,53.0,
2025-01-12 21:00:00+00:00,2161309,Pháp Vân,20.9481,105.8493,508.2,23.8,,49.9,
2025-01-12 22:00:00+00:00,2161309,Pháp Vân,20.9481,105.8493,537.2,26.6,,39.8,
2025-01-12 23:00:00+00:00,2161309,Pháp Vân,20.9481,105.8493,1095.1,25.2,,70.7,
2025-01-13 00:00:00+00:00,2161309,Pháp Vân,20.9481,105.8493,1548.0,22.8,,91.2,
2025-01-13 01:00:00+00:00,2161309,Pháp Vân,20.9481,105.8493,2250.4,30.7,,108.3,
2025-01-13 02:00:00+00:00,2161309,Pháp Vân,20.9481,105.8493,1345.8,42.3,,110.5,
2025-01-13 03:00:00+00:00,2161309,Pháp Vân,20.9481,105.8493,1468.7,46.9,,100.3,
2025-01-13 04:00:00+00:00,2161309,Pháp Vân,20.9481,105.8493,1114.5,46.1,,67.0,
2025-01-13 05:00:00+00:00,2161309,Pháp Vân,20.9481,105.8493,1004.1,34.3,,60.2,
2025-01-13 06:00:00+00:00,2161309,Pháp Vân,20.9481,105.8493,499.1,23.3,,40.7,
2025-01-13 07:00:00+00:00,2161309,Pháp Vân,20.9481,105.8493,348.2,17.6,,24.0,
2025-01-13 08:00:00+00:00,2161309,Pháp Vân,20.9481,105.8493,399.0,20.4,,30.1,
2025-01-13 09:00:00+00:00,2161309,Pháp Vân,20.9481,105.8493,352.6,13.2,,29.7,
2025-01-13 10:00:00+00:00,2161309,Pháp Vân,20.9481,105.8493,484.2,16.3,,29.9,
2025-01-13 11:00:00+00:00,2161309,Pháp Vân,20.9481,105.8493,1071.3,29.3,,53.4,
2025-01-13 12:00:00+00:00,2161309,Pháp Vân,20.9481,105.8493,2005.5,53.5,,88.0,
2025-01-13 13:00:00+00:00,2161309,Pháp Vân,20.9481,105.8493,1218.3,53.3,,69.9,
2025-01-13 14:00:00+00:00,2161309,Pháp Vân,20.9481,105.8493,973.8,47.0,,76.2,
2025-01-13 15:00:00+00:00,2161309,Pháp Vân,20.9481,105.8493,585.9,31.4,,63.2,
2025-01-13 16:00:00+00:00,2161309,Pháp Vân,20.9481,105.8493,410.4,32.7,,53.8,
2025-01-13 17:00:00+00:00,2161309,Pháp Vân,20.9481,105.8493,406.4,34.3,,56.5,
2025-01-13 18:00:00+00:00,2161309,Pháp Vân,20.9481,105.8493,361.6,32.7,,53.1,
2025-01-13 19:00:00+00:00,2161309,Pháp Vân,20.9481,105.8493,478.1,25.8,,81.0,
2025-01-13 20:00:00+00:00,2161309,Pháp Vân,20.9481,105.8493,521.9,19.0,,77.8,
2025-01-13 21:00:00+00:00,2161309,Pháp Vân,20.9481,105.8493,441.4,25.7,,53.7,
2025-01-13 22:00:00+00:00,2161309,Pháp Vân,20.9481,105.8493,587.0,32.2,,52.8,
2025-01-13 23:00:00+00:00,2161309,Pháp Vân,20.9481,105.8493,731.1,31.5,,61.9,
2025-01-14 00:00:00+00:00,2161309,Pháp Vân,20.9481,105.8493,971.4,33.4,,65.2,
2025-01-14 01:00:00+00:00,2161309,Pháp Vân,20.9481,105.8493,1564.1,30.6,,76.7,
2025-01-14 02:00:00+00:00,2161309,Pháp Vân,20.9481,105.8493,1851.3,36.1,,98.0,
2025-01-14 03:00:00+00:00,2161309,Pháp Vân,20.9481,105.8493,1625.2,40.4,,101.1,
2025-01-14 04:00:00+00:00,2161309,Pháp Vân,20.9481,105.8493,1528.0,50.3,,124.0,
2025-01-14 05:00:00+00:00,2161309,Pháp Vân,20.9481,105.8493,1428.4,41.9,,110.4,
2025-01-14 06:00:00+00:00,2161309,Pháp Vân,20.9481,105.8493,1011.4,32.1,,61.6,
2025-01-14 07:00:00+00:00,2161309,Pháp Vân,20.9481,105.8493,813.1,27.3,,44.0,
2025-01-14 08:00:00+00:00,2161309,Pháp Vân,20.9481,105.8493,595.4,29.9,,42.3,
2025-01-14 09:00:00+00:00,2161309,Pháp Vân,20.9481,105.8493,473.7,29.7,,45.8,
2025-01-14 10:00:00+00:00,2161309,Pháp Vân,20.9481,105.8493,475.5,21.6,,42.1,
2025-01-14 11:00:00+00:00,2161309,Pháp Vân,20.9481,105.8493,1328.2,40.1,,45.7,
2025-01-14 12:00:00+00:00,2161309,Pháp Vân,20.9481,105.8493,2849.1,56.4,,65.6,
2025-01-14 13:00:00+00:00,2161309,Pháp Vân,20.9481,105.8493,8035.6,67.8,,119.0,
2025-01-14 14:00:00+00:00,2161309,Pháp Vân,20.9481,105.8493,7343.8,63.3,,133.1,
2025-01-14 15:00:00+00:00,2161309,Pháp Vân,20.9481,105.8493,2324.0,54.3,,91.9,
2025-01-14 16:00:00+00:00,2161309,Pháp Vân,20.9481,105.8493,1060.5,42.8,,78.1,
2025-01-14 17:00:00+00:00,2161309,Pháp Vân,20.9481,105.8493,958.9,42.3,,88.4,
2025-01-14 18:00:00+00:00,2161309,Pháp Vân,20.9481,105.8493,756.1,40.8,,62.7,
2025-01-14 19:00:00+00:00,2161309,Pháp Vân,20.9481,105.8493,615.7,28.4,,58.2,
2025-01-14 20:00:00+00:00,2161309,Pháp Vân,20.9481,105.8493,569.1,20.1,,57.8,
2025-01-14 21:00:00+00:00,2161309,Pháp Vân,20.9481,105.8493,603.5,25.7,,53.5,
2025-01-14 22:00:00+00:00,2161309,Pháp Vân,20.9481,105.8493,969.2,29.9,,84.0,
2025-01-14 23:00:00+00:00,2161309,Pháp Vân,20.9481,105.8493,1043.0,33.4,,101.6,
2025-01-15 00:00:00+00:00,2161309,Pháp Vân,20.9481,105.8493,1560.4,39.7,,106.0,
2025-01-15 01:00:00+00:00,2161309,Pháp Vân,20.9481,105.8493,1603.6,39.6,,78.2,
2025-01-15 02:00:00+00:00,2161309,Pháp Vân,20.9481,105.8493,1095.4,27.5,,75.2,
2025-01-15 03:00:00+00:00,2161309,Pháp Vân,20.9481,105.8493,856.3,40.3,,59.8,
2025-01-15 04:00:00+00:00,2161309,Pháp Vân,20.9481,105.8493,495.5,17.2,,33.8,
2025-01-15 05:00:00+00:00,2161309,Pháp Vân,20.9481,105.8493,525.4,18.1,,30.8,
2025-01-15 06:00:00+00:00,2161309,Pháp Vân,20.9481,105.8493,457.8,18.9,,28.6,
2025-01-15 07:00:00+00:00,2161309,Pháp Vân,20.9481,105.8493,562.8,20.4,,33.7,
2025-01-15 08:00:00+00:00,2161309,Pháp Vân,20.9481,105.8493,515.5,21.9,,31.0,
2025-01-15 09:00:00+00:00,2161309,Pháp Vân,20.9481,105.8493,471.1,19.5,,29.5,
2025-01-15 10:00:00+00:00,2161309,Pháp Vân,20.9481,105.8493,461.6,19.6,,31.9,
2025-01-15 11:00:00+00:00,2161309,Pháp Vân,20.9481,105.8493,907.4,39.6,,46.3,
2025-01-15 12:00:00+00:00,2161309,Pháp Vân,20.9481,105.8493,737.9,25.5,,90.1,
2025-01-15 13:00:00+00:00,2161309,Pháp Vân,20.9481,105.8493,678.2,29.8,,92.6,
2025-01-15 14:00:00+00:00,2161309,Pháp Vân,20.9481,105.8493,677.8,31.9,,88.5,
2025-01-15 15:00:00+00:00,2161309,Pháp Vân,20.9481,105.8493,816.4,44.9,,93.7,
2025-01-15 16:00:00+00:00,2161309,Pháp Vân,20.9481,105.8493,920.3,44.7,,84.2,
2025-01-15 17:00:00+00:00,2161309,Pháp Vân,20.9481,105.8493,825.7,39.7,,93.4,
2025-01-15 18:00:00+00:00,2161309,Pháp Vân,20.9481,105.8493,890.7,39.3,,93.0,
2025-01-15 19:00:00+00:00,2161309,Pháp Vân,20.9481,105.8493,893.3,41.4,,95.9,
2025-01-15 20:00:00+00:00,2161309,Pháp Vân,20.9481,105.8493,658.4,46.0,,89.1,
2025-01-15 21:00:00+00:00,2161309,Pháp Vân,20.9481,105.8493,297.6,20.6,,42.8,
2025-01-15 22:00:00+00:00,2161309,Pháp Vân,20.9481,105.8493,285.6,15.2,,37.7,
2025-01-15 23:00:00+00:00,2161309,Pháp Vân,20.9481,105.8493,376.2,17.5,,58.8,
2025-01-16 00:00:00+00:00,2161309,Pháp Vân,20.9481,105.8493,541.3,19.5,,65.4,
2025-01-16 01:00:00+00:00,2161309,Pháp Vân,20.9481,105.8493,856.2,25.5,,58.5,
2025-01-16 02:00:00+00:00,2161309,Pháp Vân,20.9481,105.8493,782.0,23.1,,54.4,
2025-01-16 03:00:00+00:00,2161309,Pháp Vân,20.9481,105.8493,550.0,25.5,,47.0,
2025-01-16 04:00:00+00:00,2161309,Pháp Vân,20.9481,105.8493,565.8,24.9,,43.6,
2025-01-16 05:00:00+00:00,2161309,Pháp Vân,20.9481,105.8493,638.7,19.8,,39.6,
2025-01-16 06:00:00+00:00,2161309,Pháp Vân,20.9481,105.8493,637.2,20.5,,40.4,
2025-01-16 07:00:00+00:00,2161309,Pháp Vân,20.9481,105.8493,554.0,18.9,,39.8,
2025-01-16 08:00:00+00:00,2161309,Pháp Vân,20.9481,105.8493,561.8,18.0,,38.4,
2025-01-16 09:00:00+00:00,2161309,Pháp Vân,20.9481,105.8493,550.1,14.0,,36.2,
2025-01-16 10:00:00+00:00,2161309,Pháp Vân,20.9481,105.8493,785.3,18.6,,59.8,
2025-01-16 11:00:00+00:00,2161309,Pháp Vân,20.9481,105.8493,1960.3,48.9,,50.9,
2025-01-16 12:00:00+00:00,2161309,Pháp Vân,20.9481,105.8493,1994.3,62.3,,71.1,
2025-01-16 13:00:00+00:00,2161309,Pháp Vân,20.9481,105.8493,1632.4,74.5,,90.9,
2025-01-16 14:00:00+00:00,2161309,Pháp Vân,20.9481,105.8493,915.0,35.2,,90.4,
2025-01-16 15:00:00+00:00,2161309,Pháp Vân,20.9481,105.8493,535.4,20.5,,72.4,
2025-01-16 16:00:00+00:00,2161309,Pháp Vân,20.9481,105.8493,465.8,18.8,,54.7,
2025-01-16 17:00:00+00:00,2161309,Pháp Vân,20.9481,105.8493,381.2,20.3,,45.1,
2025-01-16 18:00:00+00:00,2161309,Pháp Vân,20.9481,105.8493,284.9,17.9,,42.9,
2025-01-16 19:00:00+00:00,2161309,Pháp Vân,20.9481,105.8493,286.9,22.2,,46.9,
2025-01-16 20:00:00+00:00,2161309,Pháp Vân,20.9481,105.8493,265.1,15.4,,45.2,
2025-01-16 21:00:00+00:00,2161309,Pháp Vân,20.9481,105.8493,332.4,31.3,,47.2,
2025-01-16 22:00:00+00:00,2161309,Pháp Vân,20.9481,105.8493,414.6,36.2,,58.4,
2025-01-16 23:00:00+00:00,2161309,Pháp Vân,20.9481,105.8493,595.8,22.6,,77.1,
2025-01-17 00:00:00+00:00,2161309,Pháp Vân,20.9481,105.8493,1180.4,23.4,,157.0,
2025-01-17 01:00:00+00:00,2161309,Pháp Vân,20.9481,105.8493,1472.1,30.3,,161.2,
2025-01-17 02:00:00+00:00,2161309,Pháp Vân,20.9481,105.8493,993.0,39.4,,95.6,
2025-01-17 03:00:00+00:00,2161309,Pháp Vân,20.9481,105.8493,914.0,48.1,,86.8,
2025-01-17 04:00:00+00:00,2161309,Pháp Vân,20.9481,105.8493,994.8,36.8,,75.9,
2025-01-17 05:00:00+00:00,2161309,Pháp Vân,20.9481,105.8493,881.0,31.9,,63.1,
2025-01-17 06:00:00+00:00,2161309,Pháp Vân,20.9481,105.8493,601.4,24.4,,60.5,
2025-01-17 07:00:00+00:00,2161309,Pháp Vân,20.9481,105.8493,538.1,21.6,,53.4,
2025-01-17 08:00:00+00:00,2161309,Pháp Vân,20.9481,105.8493,553.8,20.2,,53.8,
2025-01-17 09:00:00+00:00,2161309,Pháp Vân,20.9481,105.8493,490.7,14.3,,51.4,
2025-01-17 10:00:00+00:00,2161309,Pháp Vân,20.9481,105.8493,516.0,14.7,,50.2,
2025-01-17 11:00:00+00:00,2161309,Pháp Vân,20.9481,105.8493,574.2,21.8,,58.9,
2025-01-17 12:00:00+00:00,2161309,Pháp Vân,20.9481,105.8493,519.2,27.6,,68.1,
2025-01-17 13:00:00+00:00,2161309,Pháp Vân,20.9481,105.8493,477.1,18.1,,52.8,
2025-01-17 14:00:00+00:00,2161309,Pháp Vân,20.9481,105.8493,468.6,22.3,,55.9,
2025-01-17 15:00:00+00:00,2161309,Pháp Vân,20.9481,105.8493,510.9,22.3,,73.0,
2025-01-17 16:00:00+00:00,2161309,Pháp Vân,20.9481,105.8493,439.6,15.7,,60.8,
2025-01-17 17:00:00+00:00,2161309,Pháp Vân,20.9481,105.8493,409.8,18.5,,69.9,
2025-01-17 18:00:00+00:00,2161309,Pháp Vân,20.9481,105.8493,377.6,23.3,,70.0,
2025-01-17 19:00:00+00:00,2161309,Pháp Vân,20.9481,105.8493,328.9,17.3,,69.1,
2025-01-17 20:00:00+00:00,2161309,Pháp Vân,20.9481,105.8493,282.6,14.2,,63.6,
2025-01-17 21:00:00+00:00,2161309,Pháp Vân,20.9481,105.8493,332.9,20.0,,75.9,
2025-01-17 22:00:00+00:00,2161309,Pháp Vân,20.9481,105.8493,428.9,23.3,,79.7,
2025-01-17 23:00:00+00:00,2161309,Pháp Vân,20.9481,105.8493,540.8,29.9,,92.2,
2025-01-18 00:00:00+00:00,2161309,Pháp Vân,20.9481,105.8493,503.1,45.0,,75.0,
2025-01-18 01:00:00+00:00,2161309,Pháp Vân,20.9481,105.8493,600.8,47.7,,88.7,
2025-01-18 02:00:00+00:00,2161309,Pháp Vân,20.9481,105.8493,698.9,58.8,,80.9,
2025-01-18 03:00:00+00:00,2161309,Pháp Vân,20.9481,105.8493,813.3,52.2,,82.1,
2025-01-18 04:00:00+00:00,2161309,Pháp Vân,20.9481,105.8493,1106.0,50.3,,81.4,
2025-01-18 05:00:00+00:00,2161309,Pháp Vân,20.9481,105.8493,1720.4,53.4,,85.9,
2025-01-18 06:00:00+00:00,2161309,Pháp Vân,20.9481,105.8493,2096.9,56.8,,92.4,
2025-01-18 07:00:00+00:00,2161309,Pháp Vân,20.9481,105.8493,1429.2,41.2,,92.0,
2025-01-18 08:00:00+00:00,2161309,Pháp Vân,20.9481,105.8493,1329.1,41.1,,92.5,
2025-01-18 09:00:00+00:00,2161309,Pháp Vân,20.9481,105.8493,1573.9,46.4,,100.4,
2025-01-18 10:00:00+00:00,2161309,Pháp Vân,20.9481,105.8493,1787.7,46.8,,127.6,
2025-01-18 11:00:00+00:00,2161309,Pháp Vân,20.9481,105.8493,2048.5,52.2,,121.0,
2025-01-18 12:00:00+00:00,2161309,Pháp Vân,20.9481,105.8493,1882.3,48.3,,139.5,
2025-01-18 13:00:00+00:00,2161309,Pháp Vân,20.9481,105.8493,1483.6,37.8,,130.9,
2025-01-18 14:00:00+00:00,2161309,Pháp Vân,20.9481,105.8493,1123.8,30.9,,112.9,
2025-01-18 15:00:00+00:00,2161309,Pháp Vân,20.9481,105.8493,1121.3,27.6,,107.0,
2025-01-18 16:00:00+00:00,2161309,Pháp Vân,20.9481,105.8493,1127.9,25.9,,112.9,
2025-01-18 17:00:00+00:00,2161309,Pháp Vân,20.9481,105.8493,880.9,21.3,,114.4,
2025-01-18 18:00:00+00:00,2161309,Pháp Vân,20.9481,105.8493,751.1,19.7,,109.0,
2025-01-18 19:00:00+00:00,2161309,Pháp Vân,20.9481,105.8493,644.5,20.8,,99.2,
2025-01-18 20:00:00+00:00,2161309,Pháp Vân,20.9481,105.8493,615.2,19.0,,98.3,
2025-01-18 21:00:00+00:00,2161309,Pháp Vân,20.9481,105.8493,564.5,11.0,,110.4,
2025-01-18 22:00:00+00:00,2161309,Pháp Vân,20.9481,105.8493,578.5,12.2,,99.6,
2025-01-18 23:00:00+00:00,2161309,Pháp Vân,20.9481,105.8493,811.5,23.0,,102.3,
2025-01-19 00:00:00+00:00,2161309,Pháp Vân,20.9481,105.8493,889.9,20.6,,99.7,
2025-01-19 01:00:00+00:00,2161309,Pháp Vân,20.9481,105.8493,1262.3,23.7,,91.4,
2025-01-19 02:00:00+00:00,2161309,Pháp Vân,20.9481,105.8493,1300.7,24.3,,84.2,
2025-01-19 03:00:00+00:00,2161309,Pháp Vân,20.9481,105.8493,1285.8,20.0,,85.2,
2025-01-19 04:00:00+00:00,2161309,Pháp Vân,20.9481,105.8493,1269.9,22.4,,96.7,
2025-01-19 05:00:00+00:00,2161309,Pháp Vân,20.9481,105.8493,1128.8,21.6,,91.7,
2025-01-19 06:00:00+00:00,2161309,Pháp Vân,20.9481,105.8493,1139.8,17.0,,75.9,
2025-01-19 07:00:00+00:00,2161309,Pháp Vân,20.9481,105.8493,850.3,15.7,,64.8,
2025-01-19 08:00:00+00:00,2161309,Pháp Vân,20.9481,105.8493,662.9,15.4,,60.0,
2025-01-19 09:00:00+00:00,2161309,Pháp Vân,20.9481,105.8493,626.3,17.3,,53.1,
2025-01-19 10:00:00+00:00,2161309,Pháp Vân,20.9481,105.8493,790.7,21.0,,58.6,
2025-01-19 11:00:00+00:00,2161309,Pháp Vân,20.9481,105.8493,1376.1,32.9,,63.7,
2025-01-19 12:00:00+00:00,2161309,Pháp Vân,20.9481,105.8493,2937.1,69.2,,78.8,
2025-01-19 13:00:00+00:00,2161309,Pháp Vân,20.9481,105.8493,2359.0,55.6,,93.9,
2025-01-19 14:00:00+00:00,2161309,Pháp Vân,20.9481,105.8493,1731.6,61.8,,125.2,
2025-01-19 15:00:00+00:00,2161309,Pháp Vân,20.9481,105.8493,1103.9,58.0,,125.1,
2025-01-19 16:00:00+00:00,2161309,Pháp Vân,20.9481,105.8493,1127.7,53.0,,132.5,
2025-01-19 17:00:00+00:00,2161309,Pháp Vân,20.9481,105.8493,1008.4,36.2,,141.8,
2025-01-19 18:00:00+00:00,2161309,Pháp Vân,20.9481,105.8493,821.8,22.6,,130.5,
2025-01-19 19:00:00+00:00,2161309,Pháp Vân,20.9481,105.8493,700.1,18.6,,119.6,
2025-01-19 20:00:00+00:00,2161309,Pháp Vân,20.9481,105.8493,747.5,24.4,,126.2,
2025-01-19 21:00:00+00:00,2161309,Pháp Vân,20.9481,105.8493,674.1,23.2,,102.8,
2025-01-19 22:00:00+00:00,2161309,Pháp Vân,20.9481,105.8493,676.4,24.8,,103.4,
2025-01-19 23:00:00+00:00,2161309,Pháp Vân,20.9481,105.8493,765.6,35.5,,105.0,
2025-01-20 00:00:00+00:00,2161309,Pháp Vân,20.9481,105.8493,1154.3,42.4,,103.9,
2025-01-20 01:00:00+00:00,2161309,Pháp Vân,20.9481,105.8493,2227.4,48.0,,132.0,
2025-01-20 02:00:00+00:00,2161309,Pháp Vân,20.9481,105.8493,2761.1,56.1,,150.0,
2025-01-20 03:00:00+00:00,2161309,Pháp Vân,20.9481,105.8493,2828.2,52.2,,140.1,
2025-01-20 04:00:00+00:00,2161309,Pháp Vân,20.9481,105.8493,1948.3,52.8,,106.7,
2025-01-20 05:00:00+00:00,2161309,Pháp Vân,20.9481,105.8493,1777.3,43.4,,97.6,
2025-01-20 06:00:00+00:00,2161309,Pháp Vân,20.9481,105.8493,1384.3,36.4,,104.0,
2025-01-20 07:00:00+00:00,2161309,Pháp Vân,20.9481,105.8493,1193.7,31.5,,93.3,
2025-01-20 08:00:00+00:00,2161309,Pháp Vân,20.9481,105.8493,1374.6,27.2,,87.1,
2025-01-20 09:00:00+00:00,2161309,Pháp Vân,20.9481,105.8493,1269.7,29.3,,83.9,
2025-01-20 10:00:00+00:00,2161309,Pháp Vân,20.9481,105.8493,1145.0,35.3,,89.4,
2025-01-20 11:00:00+00:00,2161309,Pháp Vân,20.9481,105.8493,1770.0,42.5,,94.8,
2025-01-20 12:00:00+00:00,2161309,Pháp Vân,20.9481,105.8493,1358.5,34.3,,103.4,
2025-01-20 13:00:00+00:00,2161309,Pháp Vân,20.9481,105.8493,1347.8,82.8,,124.1,
2025-01-20 14:00:00+00:00,2161309,Pháp Vân,20.9481,105.8493,1048.2,38.4,,163.8,
2025-01-20 15:00:00+00:00,2161309,Pháp Vân,20.9481,105.8493,858.9,33.4,,103.2,
2025-01-20 16:00:00+00:00,2161309,Pháp Vân,20.9481,105.8493,724.0,32.4,,97.5,
2025-01-20 17:00:00+00:00,2161309,Pháp Vân,20.9481,105.8493,616.5,30.8,,95.0,
2025-01-20 18:00:00+00:00,2161309,Pháp Vân,20.9481,105.8493,588.5,21.3,,104.0,
2025-01-20 19:00:00+00:00,2161309,Pháp Vân,20.9481,105.8493,569.2,22.8,,105.8,
2025-01-20 20:00:00+00:00,2161309,Pháp Vân,20.9481,105.8493,663.5,25.0,,121.3,
2025-01-20 21:00:00+00:00,2161309,Pháp Vân,20.9481,105.8493,884.9,39.1,,137.8,
2025-01-20 22:00:00+00:00,2161309,Pháp Vân,20.9481,105.8493,964.5,43.2,,136.7,
2025-01-20 23:00:00+00:00,2161309,Pháp Vân,20.9481,105.8493,899.7,34.3,,128.3,
2025-01-21 00:00:00+00:00,2161309,Pháp Vân,20.9481,105.8493,1388.5,39.9,,140.6,
2025-01-21 01:00:00+00:00,2161309,Pháp Vân,20.9481,105.8493,2029.3,39.7,,131.7,
2025-01-21 02:00:00+00:00,2161309,Pháp Vân,20.9481,105.8493,1284.3,41.5,,132.4,
2025-01-21 03:00:00+00:00,2161309,Pháp Vân,20.9481,105.8493,780.7,29.9,,123.3,
2025-01-21 04:00:00+00:00,2161309,Pháp Vân,20.9481,105.8493,626.2,21.6,,79.7,
2025-01-21 05:00:00+00:00,2161309,Pháp Vân,20.9481,105.8493,572.2,17.8,,53.4,
2025-01-21 06:00:00+00:00,2161309,Pháp Vân,20.9481,105.8493,479.4,16.6,,42.7,
2025-01-21 07:00:00+00:00,2161309,Pháp Vân,20.9481,105.8493,467.5,17.8,,39.1,
2025-01-21 08:00:00+00:00,2161309,Pháp Vân,20.9481,105.8493,447.2,18.4,,37.4,
2025-01-21 09:00:00+00:00,2161309,Pháp Vân,20.9481,105.8493,514.5,18.8,,42.8,
2025-01-21 10:00:00+00:00,2161309,Pháp Vân,20.9481,105.8493,503.1,19.5,,33.6,
2025-01-21 11:00:00+00:00,2161309,Pháp Vân,20.9481,105.8493,927.4,29.0,,42.7,
2025-01-21 12:00:00+00:00,2161309,Pháp Vân,20.9481,105.8493,933.3,45.1,,63.5,
2025-01-21 13:00:00+00:00,2161309,Pháp Vân,20.9481,105.8493,651.6,32.8,,82.8,
2025-01-21 14:00:00+00:00,2161309,Pháp Vân,20.9481,105.8493,496.0,24.1,,78.5,
2025-01-21 15:00:00+00:00,2161309,Pháp Vân,20.9481,105.8493,395.4,18.7,,61.2,
2025-01-21 16:00:00+00:00,2161309,Pháp Vân,20.9481,105.8493,339.8,18.6,,58.7,
2025-01-21 17:00:00+00:00,2161309,Pháp Vân,20.9481,105.8493,332.2,16.3,,54.6,
2025-01-21 18:00:00+00:00,2161309,Pháp Vân,20.9481,105.8493,300.3,16.7,,53.4,
2025-01-21 19:00:00+00:00,2161309,Pháp Vân,20.9481,105.8493,264.2,12.8,,56.1,
2025-01-21 20:00:00+00:00,2161309,Pháp Vân,20.9481,105.8493,230.9,13.8,,55.9,
2025-01-21 21:00:00+00:00,2161309,Pháp Vân,20.9481,105.8493,203.1,11.0,,51.0,
2025-01-21 22:00:00+00:00,2161309,Pháp Vân,20.9481,105.8493,229.3,11.3,,50.8,
2025-01-21 23:00:00+00:00,2161309,Pháp Vân,20.9481,105.8493,316.1,11.6,,52.5,
2025-01-22 00:00:00+00:00,2161309,Pháp Vân,20.9481,105.8493,300.8,14.0,,57.1,
2025-01-22 01:00:00+00:00,2161309,Pháp Vân,20.9481,105.8493,770.2,20.3,,52.9,
2025-01-22 02:00:00+00:00,2161309,Pháp Vân,20.9481,105.8493,708.8,21.6,,54.5,
2025-01-22 03:00:00+00:00,2161309,Pháp Vân,20.9481,105.8493,496.3,17.2,,55.5,
2025-01-22 04:00:00+00:00,2161309,Pháp Vân,20.9481,105.8493,720.3,22.5,,53.2,
2025-01-22 05:00:00+00:00,2161309,Pháp Vân,20.9481,105.8493,959.8,30.4,,64.6,
2025-01-22 06:00:00+00:00,2161309,Pháp Vân,20.9481,105.8493,1475.6,18.2,,62.0,
2025-01-22 07:00:00+00:00,2161309,Pháp Vân,20.9481,105.8493,613.0,20.0,,55.0,
2025-01-22 08:00:00+00:00,2161309,Pháp Vân,20.9481,105.8493,489.2,19.3,,46.3,
2025-01-22 09:00:00+00:00,2161309,Pháp Vân,20.9481,105.8493,452.3,22.6,,55.9,
2025-01-22 10:00:00+00:00,2161309,Pháp Vân,20.9481,105.8493,558.5,25.2,,69.2,
2025-01-22 11:00:00+00:00,2161309,Pháp Vân,20.9481,105.8493,563.1,20.5,,47.4,
2025-01-22 12:00:00+00:00,2161309,Pháp Vân,20.9481,105.8493,393.8,22.3,,49.8,
2025-01-22 13:00:00+00:00,2161309,Pháp Vân,20.9481,105.8493,530.3,25.1,,56.1,
2025-01-22 14:00:00+00:00,2161309,Pháp Vân,20.9481,105.8493,424.9,18.6,,47.1,
2025-01-22 15:00:00+00:00,2161309,Pháp Vân,20.9481,105.8493,350.9,13.3,,40.4,
2025-01-22 16:00:00+00:00,2161309,Pháp Vân,20.9481,105.8493,267.6,9.2,,37.8,
2025-01-22 17:00:00+00:00,2161309,Pháp Vân,20.9481,105.8493,197.8,7.0,,32.4,
2025-01-22 18:00:00+00:00,2161309,Pháp Vân,20.9481,105.8493,142.0,6.3,,29.3,
2025-01-22 19:00:00+00:00,2161309,Pháp Vân,20.9481,105.8493,118.0,6.4,,27.1,
2025-01-22 20:00:00+00:00,2161309,Pháp Vân,20.9481,105.8493,121.0,6.6,,28.1,
2025-01-22 21:00:00+00:00,2161309,Pháp Vân,20.9481,105.8493,139.3,5.6,,29.3,
2025-01-22 22:00:00+00:00,2161309,Pháp Vân,20.9481,105.8493,163.8,7.2,,31.6,
2025-01-22 23:00:00+00:00,2161309,Pháp Vân,20.9481,105.8493,203.9,7.2,,29.7,
2025-01-23 00:00:00+00:00,2161309,Pháp Vân,20.9481,105.8493,301.6,10.9,,30.4,
2025-01-23 01:00:00+00:00,2161309,Pháp Vân,20.9481,105.8493,767.0,13.1,,32.2,
2025-01-23 02:00:00+00:00,2161309,Pháp Vân,20.9481,105.8493,583.6,11.0,,37.9,
2025-01-23 03:00:00+00:00,2161309,Pháp Vân,20.9481,105.8493,557.0,11.2,,39.4,
2025-01-23 04:00:00+00:00,2161309,Pháp Vân,20.9481,105.8493,527.7,11.5,,44.6,
2025-01-23 05:00:00+00:00,2161309,Pháp Vân,20.9481,105.8493,499.1,9.5,,45.6,
2025-01-23 06:00:00+00:00,2161309,Pháp Vân,20.9481,105.8493,475.4,10.9,,53.8,
2025-01-23 07:00:00+00:00,2161309,Pháp Vân,20.9481,105.8493,467.1,11.3,,59.3,
2025-01-23 08:00:00+00:00,2161309,Pháp Vân,20.9481,105.8493,465.0,11.2,,56.3,
2025-01-23 09:00:00+00:00,2161309,Pháp Vân,20.9481,105.8493,469.4,12.4,,41.7,
2025-01-23 10:00:00+00:00,2161309,Pháp Vân,20.9481,105.8493,579.1,14.2,,43.5,
2025-01-23 11:00:00+00:00,2161309,Pháp Vân,20.9481,105.8493,840.7,19.5,,51.4,
2025-01-23 12:00:00+00:00,2161309,Pháp Vân,20.9481,105.8493,800.6,19.4,,51.8,
2025-01-23 13:00:00+00:00,2161309,Pháp Vân,20.9481,105.8493,733.7,16.9,,55.5,
2025-01-23 14:00:00+00:00,2161309,Pháp Vân,20.9481,105.8493,469.9,17.1,,50.6,
2025-01-23 15:00:00+00:00,2161309,Pháp Vân,20.9481,105.8493,433.8,13.2,,47.4,
2025-01-23 16:00:00+00:00,2161309,Pháp Vân,20.9481,105.8493,356.4,9.5,,42.3,
2025-01-23 17:00:00+00:00,2161309,Pháp Vân,20.9481,105.8493,270.8,7.5,,34.8,
2025-01-23 18:00:00+00:00,2161309,Pháp Vân,20.9481,105.8493,217.6,6.7,,34.0,
2025-01-23 19:00:00+00:00,2161309,Pháp Vân,20.9481,105.8493,190.2,6.6,,34.7,
2025-01-23 20:00:00+00:00,2161309,Pháp Vân,20.9481,105.8493,166.4,6.5,,32.3,
2025-01-23 21:00:00+00:00,2161309,Pháp Vân,20.9481,105.8493,123.9,7.0,,30.1,
2025-01-23 22:00:00+00:00,2161309,Pháp Vân,20.9481,105.8493,141.8,7.2,,32.6,
2025-01-23 23:00:00+00:00,2161309,Pháp Vân,20.9481,105.8493,202.3,7.7,,32.1,
2025-01-24 00:00:00+00:00,2161309,Pháp Vân,20.9481,105.8493,324.6,8.8,,35.8,
2025-01-24 01:00:00+00:00,2161309,Pháp Vân,20.9481,105.8493,831.3,11.0,,37.5,
2025-01-24 02:00:00+00:00,2161309,Pháp Vân,20.9481,105.8493,525.3,11.7,,42.0,
2025-01-24 03:00:00+00:00,2161309,Pháp Vân,20.9481,105.8493,594.0,9.5,,43.2,
2025-01-24 04:00:00+00:00,2161309,Pháp Vân,20.9481,105.8493,668.6,8.9,,69.1,
2025-01-24 05:00:00+00:00,2161309,Pháp Vân,20.9481,105.8493,749.3,9.9,,57.4,
2025-01-24 06:00:00+00:00,2161309,Pháp Vân,20.9481,105.8493,811.7,15.1,,59.9,
2025-01-24 07:00:00+00:00,2161309,Pháp Vân,20.9481,105.8493,546.1,15.4,,47.1,
2025-01-24 08:00:00+00:00,2161309,Pháp Vân,20.9481,105.8493,546.7,16.1,,45.6,
2025-01-24 09:00:00+00:00,2161309,Pháp Vân,20.9481,105.8493,515.4,20.8,,38.1,
2025-01-24 10:00:00+00:00,2161309,Pháp Vân,20.9481,105.8493,507.0,13.0,,30.1,
2025-01-24 11:00:00+00:00,2161309,Pháp Vân,20.9481,105.8493,762.6,15.4,,36.9,
2025-01-24 12:00:00+00:00,2161309,Pháp Vân,20.9481,105.8493,638.1,13.0,,37.1,
2025-01-24 13:00:00+00:00,2161309,Pháp Vân,20.9481,105.8493,575.0,11.7,,41.9,
2025-01-24 14:00:00+00:00,2161309,Pháp Vân,20.9481,105.8493,551.8,11.2,,37.5,
2025-01-24 15:00:00+00:00,2161309,Pháp Vân,20.9481,105.8493,527.6,10.7,,41.5,
2025-01-24 16:00:00+00:00,2161309,Pháp Vân,20.9481,105.8493,479.7,9.7,,41.7,
2025-01-24 17:00:00+00:00,2161309,Pháp Vân,20.9481,105.8493,388.7,8.8,,35.6,
2025-01-24 18:00:00+00:00,2161309,Pháp Vân,20.9481,105.8493,290.1,9.1,,32.9,
2025-01-24 19:00:00+00:00,2161309,Pháp Vân,20.9481,105.8493,286.1,7.7,,35.3,
2025-01-24 20:00:00+00:00,2161309,Pháp Vân,20.9481,105.8493,317.0,7.2,,36.0,
2025-01-24 21:00:00+00:00,2161309,Pháp Vân,20.9481,105.8493,278.1,7.2,,34.8,
2025-01-24 22:00:00+00:00,2161309,Pháp Vân,20.9481,105.8493,244.8,8.0,,32.0,
2025-01-24 23:00:00+00:00,2161309,Pháp Vân,20.9481,105.8493,255.3,9.4,,37.1,
2025-01-25 00:00:00+00:00,2161309,Pháp Vân,20.9481,105.8493,230.1,11.1,,40.2,
2025-01-25 01:00:00+00:00,2161309,Pháp Vân,20.9481,105.8493,440.2,11.9,,40.1,
2025-01-25 02:00:00+00:00,2161309,Pháp Vân,20.9481,105.8493,536.0,10.1,,30.6,
2025-01-25 03:00:00+00:00,2161309,Pháp Vân,20.9481,105.8493,534.9,9.8,,27.7,
2025-01-25 04:00:00+00:00,2161309,Pháp Vân,20.9481,105.8493,394.5,10.1,,26.4,
2025-01-25 05:00:00+00:00,2161309,Pháp Vân,20.9481,105.8493,452.1,9.3,,29.2,
2025-01-25 06:00:00+00:00,2161309,Pháp Vân,20.9481,105.8493,393.6,6.6,,26.8,
2025-01-25 07:00:00+00:00,2161309,Pháp Vân,20.9481,105.8493,376.5,12.0,,27.3,
2025-01-25 08:00:00+00:00,2161309,Pháp Vân,20.9481,105.8493,339.9,11.5,,28.1,
2025-01-25 09:00:00+00:00,2161309,Pháp Vân,20.9481,105.8493,329.8,14.3,,24.6,
2025-01-25 10:00:00+00:00,2161309,Pháp Vân,20.9481,105.8493,421.6,12.5,,24.7,
2025-01-25 11:00:00+00:00,2161309,Pháp Vân,20.9481,105.8493,585.5,13.2,,41.6,
2025-01-25 12:00:00+00:00,2161309,Pháp Vân,20.9481,105.8493,532.5,10.5,,31.4,
2025-01-25 13:00:00+00:00,2161309,Pháp Vân,20.9481,105.8493,499.9,12.3,,56.0,
2025-01-25 14:00:00+00:00,2161309,Pháp Vân,20.9481,105.8493,452.5,10.4,,33.7,
2025-01-25 15:00:00+00:00,2161309,Pháp Vân,20.9481,105.8493,379.1,9.3,,30.2,
2025-01-25 16:00:00+00:00,2161309,Pháp Vân,20.9481,105.8493,433.1,9.1,,28.6,
2025-01-25 17:00:00+00:00,2161309,Pháp Vân,20.9481,105.8493,475.9,8.5,,32.6,
2025-01-25 18:00:00+00:00,2161309,Pháp Vân,20.9481,105.8493,374.9,10.5,,36.0,
2025-01-25 19:00:00+00:00,2161309,Pháp Vân,20.9481,105.8493,312.9,7.9,,37.0,
2025-01-25 20:00:00+00:00,2161309,Pháp Vân,20.9481,105.8493,272.2,16.3,,37.7,
2025-01-25 21:00:00+00:00,2161309,Pháp Vân,20.9481,105.8493,973.5,14.3,,25.3,
2025-01-25 22:00:00+00:00,2161309,Pháp Vân,20.9481,105.8493,469.8,3.1,,10.1,
2025-01-25 23:00:00+00:00,2161309,Pháp Vân,20.9481,105.8493,496.0,3.6,,7.5,
2025-01-26 00:00:00+00:00,2161309,Pháp Vân,20.9481,105.8493,555.1,9.1,,6.0,
2025-01-26 01:00:00+00:00,2161309,Pháp Vân,20.9481,105.8493,562.9,9.0,,6.7,
2025-01-26 02:00:00+00:00,2161309,Pháp Vân,20.9481,105.8493,630.7,19.1,,6.6,
2025-01-26 03:00:00+00:00,2161309,Pháp Vân,20.9481,105.8493,726.0,14.6,,6.9,
2025-01-26 04:00:00+00:00,2161309,Pháp Vân,20.9481,105.8493,554.9,7.3,,7.1,
2025-01-26 05:00:00+00:00,2161309,Pháp Vân,20.9481,105.8493,601.1,12.9,,7.8,
2025-01-26 06:00:00+00:00,2161309,Pháp Vân,20.9481,105.8493,580.7,16.8,,10.3,
2025-01-26 07:00:00+00:00,2161309,Pháp Vân,20.9481,105.8493,673.2,17.1,,9.5,
2025-01-26 08:00:00+00:00,2161309,Pháp Vân,20.9481,105.8493,628.0,17.0,,8.3,
2025-01-26 09:00:00+00:00,2161309,Pháp Vân,20.9481,105.8493,545.7,19.2,,7.3,
2025-01-27 04:00:00+00:00,2161309,Pháp Vân,20.9481,105.8493,497.9,13.4,,51.3,
2025-01-27 05:00:00+00:00,2161309,Pháp Vân,20.9481,105.8493,534.2,8.2,,19.2,
2025-01-27 06:00:00+00:00,2161309,Pháp Vân,20.9481,105.8493,462.2,7.8,,16.3,
2025-01-27 07:00:00+00:00,2161309,Pháp Vân,20.9481,105.8493,470.3,9.6,,17.3,
2025-01-27 08:00:00+00:00,2161309,Pháp Vân,20.9481,105.8493,472.6,9.8,,18.2,
2025-01-27 09:00:00+00:00,2161309,Pháp Vân,20.9481,105.8493,450.2,12.8,,18.0,
2025-01-27 10:00:00+00:00,2161309,Pháp Vân,20.9481,105.8493,447.2,10.3,,21.1,
2025-01-27 11:00:00+00:00,2161309,Pháp Vân,20.9481,105.8493,443.4,9.6,,30.6,
2025-01-27 12:00:00+00:00,2161309,Pháp Vân,20.9481,105.8493,1201.6,19.2,,139.3,
2025-01-27 13:00:00+00:00,2161309,Pháp Vân,20.9481,105.8493,2145.7,27.3,,322.6,
2025-01-27 14:00:00+00:00,2161309,Pháp Vân,20.9481,105.8493,1737.3,30.9,,186.7,
2025-01-27 15:00:00+00:00,2161309,Pháp Vân,20.9481,105.8493,1279.4,32.6,,72.1,
2025-01-27 16:00:00+00:00,2161309,Pháp Vân,20.9481,105.8493,907.8,21.1,,101.3,
2025-01-27 17:00:00+00:00,2161309,Pháp Vân,20.9481,105.8493,594.2,14.6,,89.4,
2025-01-27 18:00:00+00:00,2161309,Pháp Vân,20.9481,105.8493,526.6,9.4,,64.8,
2025-01-27 19:00:00+00:00,2161309,Pháp Vân,20.9481,105.8493,452.9,7.9,,69.0,
2025-01-27 20:00:00+00:00,2161309,Pháp Vân,20.9481,105.8493,403.1,5.6,,55.2,
2025-01-27 21:00:00+00:00,2161309,Pháp Vân,20.9481,105.8493,295.1,5.8,,31.7,
2025-01-27 22:00:00+00:00,2161309,Pháp Vân,20.9481,105.8493,209.6,4.4,,19.7,
2025-01-27 23:00:00+00:00,2161309,Pháp Vân,20.9481,105.8493,146.3,3.9,,15.3,
2025-01-28 00:00:00+00:00,2161309,Pháp Vân,20.9481,105.8493,144.4,3.9,,14.8,
2025-01-28 01:00:00+00:00,2161309,Pháp Vân,20.9481,105.8493,188.4,6.8,,15.2,
2025-01-28 02:00:00+00:00,2161309,Pháp Vân,20.9481,105.8493,246.6,6.4,,19.1,
2025-01-28 03:00:00+00:00,2161309,Pháp Vân,20.9481,105.8493,264.7,7.8,,16.6,
2025-01-28 04:00:00+00:00,2161309,Pháp Vân,20.9481,105.8493,443.1,12.4,,21.8,
2025-01-28 05:00:00+00:00,2161309,Pháp Vân,20.9481,105.8493,550.8,13.4,,30.3,
2025-01-28 06:00:00+00:00,2161309,Pháp Vân,20.9481,105.8493,339.9,9.0,,22.5,
2025-01-28 07:00:00+00:00,2161309,Pháp Vân,20.9481,105.8493,427.1,12.8,,23.6,
2025-01-28 08:00:00+00:00,2161309,Pháp Vân,20.9481,105.8493,354.4,9.7,,20.7,
2025-01-28 09:00:00+00:00,2161309,Pháp Vân,20.9481,105.8493,320.1,10.0,,17.3,
2025-01-28 10:00:00+00:00,2161309,Pháp Vân,20.9481,105.8493,371.9,8.2,,21.7,
2025-01-28 11:00:00+00:00,2161309,Pháp Vân,20.9481,105.8493,424.5,7.5,,34.7,
2025-01-28 12:00:00+00:00,2161309,Pháp Vân,20.9481,105.8493,695.2,9.3,,87.3,
2025-01-28 13:00:00+00:00,2161309,Pháp Vân,20.9481,105.8493,398.9,7.5,,40.0,
2025-01-28 14:00:00+00:00,2161309,Pháp Vân,20.9481,105.8493,618.4,6.6,,87.1,
2025-01-28 15:00:00+00:00,2161309,Pháp Vân,20.9481,105.8493,573.7,8.5,,67.7,
2025-01-28 16:00:00+00:00,2161309,Pháp Vân,20.9481,105.8493,912.9,11.6,,73.3,
2025-01-28 17:00:00+00:00,2161309,Pháp Vân,20.9481,105.8493,1034.2,10.2,,112.7,
2025-01-28 18:00:00+00:00,2161309,Pháp Vân,20.9481,105.8493,1220.2,16.2,,109.6,
2025-01-28 19:00:00+00:00,2161309,Pháp Vân,20.9481,105.8493,1467.9,15.6,,159.0,
2025-01-28 20:00:00+00:00,2161309,Pháp Vân,20.9481,105.8493,1218.9,9.6,,139.1,
2025-01-28 21:00:00+00:00,2161309,Pháp Vân,20.9481,105.8493,726.3,5.3,,96.3,
2025-01-28 22:00:00+00:00,2161309,Pháp Vân,20.9481,105.8493,481.6,4.3,,72.2,
2025-01-28 23:00:00+00:00,2161309,Pháp Vân,20.9481,105.8493,487.6,4.1,,74.1,
2025-01-29 00:00:00+00:00,2161309,Pháp Vân,20.9481,105.8493,671.0,3.7,,110.5,
2025-01-29 01:00:00+00:00,2161309,Pháp Vân,20.9481,105.8493,580.8,4.2,,87.7,
2025-01-29 02:00:00+00:00,2161309,Pháp Vân,20.9481,105.8493,492.1,5.3,,67.4,
2025-01-29 03:00:00+00:00,2161309,Pháp Vân,20.9481,105.8493,454.6,4.9,,52.6,
2025-01-29 04:00:00+00:00,2161309,Pháp Vân,20.9481,105.8493,469.6,6.5,,49.0,
2025-01-29 05:00:00+00:00,2161309,Pháp Vân,20.9481,105.8493,418.3,6.3,,38.8,
2025-01-29 06:00:00+00:00,2161309,Pháp Vân,20.9481,105.8493,387.5,8.1,,33.7,
2025-01-29 07:00:00+00:00,2161309,Pháp Vân,20.9481,105.8493,380.1,9.0,,29.3,
2025-01-29 08:00:00+00:00,2161309,Pháp Vân,20.9481,105.8493,398.6,10.5,,22.8,
2025-01-29 09:00:00+00:00,2161309,Pháp Vân,20.9481,105.8493,380.4,11.4,,27.6,
2025-01-29 10:00:00+00:00,2161309,Pháp Vân,20.9481,105.8493,322.0,13.2,,24.0,
2025-01-29 11:00:00+00:00,2161309,Pháp Vân,20.9481,105.8493,472.0,7.1,,103.4,
2025-01-29 12:00:00+00:00,2161309,Pháp Vân,20.9481,105.8493,980.0,9.1,,354.8,
2025-01-29 13:00:00+00:00,2161309,Pháp Vân,20.9481,105.8493,1361.7,13.1,,242.7,
2025-01-29 14:00:00+00:00,2161309,Pháp Vân,20.9481,105.8493,1439.0,11.6,,189.1,
2025-01-29 15:00:00+00:00,2161309,Pháp Vân,20.9481,105.8493,2012.8,15.7,,334.0,
2025-01-29 16:00:00+00:00,2161309,Pháp Vân,20.9481,105.8493,1656.9,22.3,,150.1,
2025-01-29 17:00:00+00:00,2161309,Pháp Vân,20.9481,105.8493,1775.1,16.4,,141.0,
2025-01-29 18:00:00+00:00,2161309,Pháp Vân,20.9481,105.8493,1086.2,14.7,,73.6,
2025-01-29 19:00:00+00:00,2161309,Pháp Vân,20.9481,105.8493,877.9,9.4,,89.0,
2025-01-29 20:00:00+00:00,2161309,Pháp Vân,20.9481,105.8493,764.8,7.3,,91.6,
2025-01-29 21:00:00+00:00,2161309,Pháp Vân,20.9481,105.8493,763.8,6.2,,83.8,
2025-01-29 22:00:00+00:00,2161309,Pháp Vân,20.9481,105.8493,696.1,7.8,,80.6,
2025-01-29 23:00:00+00:00,2161309,Pháp Vân,20.9481,105.8493,722.2,7.1,,104.4,
2025-01-30 00:00:00+00:00,2161309,Pháp Vân,20.9481,105.8493,854.3,9.0,,103.3,
2025-01-30 01:00:00+00:00,2161309,Pháp Vân,20.9481,105.8493,913.0,5.8,,102.3,
2025-01-30 02:00:00+00:00,2161309,Pháp Vân,20.9481,105.8493,786.5,7.9,,87.9,
2025-01-30 03:00:00+00:00,2161309,Pháp Vân,20.9481,105.8493,683.7,15.5,,85.2,
2025-01-30 04:00:00+00:00,2161309,Pháp Vân,20.9481,105.8493,516.7,13.3,,56.6,
2025-01-30 05:00:00+00:00,2161309,Pháp Vân,20.9481,105.8493,373.7,11.9,,36.2,
2025-01-30 06:00:00+00:00,2161309,Pháp Vân,20.9481,105.8493,307.3,12.1,,26.3,
2025-01-30 07:00:00+00:00,2161309,Pháp Vân,20.9481,105.8493,279.1,12.8,,24.7,
2025-01-30 08:00:00+00:00,2161309,Pháp Vân,20.9481,105.8493,251.0,13.5,,22.0,
2025-01-30 09:00:00+00:00,2161309,Pháp Vân,20.9481,105.8493,256.3,14.3,,25.6,
2025-01-30 10:00:00+00:00,2161309,Pháp Vân,20.9481,105.8493,248.1,10.6,,27.7,
2025-01-30 11:00:00+00:00,2161309,Pháp Vân,20.9481,105.8493,229.5,10.8,,27.5,
2025-01-30 12:00:00+00:00,2161309,Pháp Vân,20.9481,105.8493,222.4,8.0,,28.3,
2025-01-30 13:00:00+00:00,2161309,Pháp Vân,20.9481,105.8493,249.3,7.0,,29.6,
2025-01-30 14:00:00+00:00,2161309,Pháp Vân,20.9481,105.8493,240.7,7.3,,32.3,
2025-01-30 15:00:00+00:00,2161309,Pháp Vân,20.9481,105.8493,197.0,6.9,,34.9,
2025-01-30 16:00:00+00:00,2161309,Pháp Vân,20.9481,105.8493,158.1,5.4,,28.3,
2025-01-30 17:00:00+00:00,2161309,Pháp Vân,20.9481,105.8493,137.6,4.6,,29.3,
2025-01-30 18:00:00+00:00,2161309,Pháp Vân,20.9481,105.8493,97.1,4.0,,25.1,
2025-01-30 19:00:00+00:00,2161309,Pháp Vân,20.9481,105.8493,77.4,4.1,,26.0,
2025-01-30 20:00:00+00:00,2161309,Pháp Vân,20.9481,105.8493,65.3,3.7,,25.6,
2025-01-30 21:00:00+00:00,2161309,Pháp Vân,20.9481,105.8493,38.2,4.1,,23.9,
2025-01-30 22:00:00+00:00,2161309,Pháp Vân,20.9481,105.8493,46.3,3.6,,29.5,
2025-01-30 23:00:00+00:00,2161309,Pháp Vân,20.9481,105.8493,50.2,4.0,,31.7,
2025-01-31 00:00:00+00:00,2161309,Pháp Vân,20.9481,105.8493,49.7,3.9,,27.8,
2025-01-31 01:00:00+00:00,2161309,Pháp Vân,20.9481,105.8493,90.7,5.8,,28.2,
2025-01-31 02:00:00+00:00,2161309,Pháp Vân,20.9481,105.8493,118.8,9.7,,32.3,
2025-01-31 03:00:00+00:00,2161309,Pháp Vân,20.9481,105.8493,154.5,17.6,,29.8,
2025-01-31 04:00:00+00:00,2161309,Pháp Vân,20.9481,105.8493,186.0,18.9,,26.8,
2025-01-31 05:00:00+00:00,2161309,Pháp Vân,20.9481,105.8493,213.1,14.4,,28.8,
2025-01-31 06:00:00+00:00,2161309,Pháp Vân,20.9481,105.8493,190.3,17.0,,28.4,
2025-01-31 07:00:00+00:00,2161309,Pháp Vân,20.9481,105.8493,213.1,15.6,,27.3,
2025-01-31 08:00:00+00:00,2161309,Pháp Vân,20.9481,105.8493,198.2,16.7,,28.2,
2025-01-31 09:00:00+00:00,2161309,Pháp Vân,20.9481,105.8493,178.9,14.2,,24.9,
2025-01-31 10:00:00+00:00,2161309,Pháp Vân,20.9481,105.8493,159.0,11.8,,18.5,
2025-01-31 11:00:00+00:00,2161309,Pháp Vân,20.9481,105.8493,160.6,7.8,,17.9,
2025-01-31 12:00:00+00:00,2161309,Pháp Vân,20.9481,105.8493,142.4,7.3,,14.3,
2025-01-31 13:00:00+00:00,2161309,Pháp Vân,20.9481,105.8493,137.0,6.7,,15.5,
2025-01-31 14:00:00+00:00,2161309,Pháp Vân,20.9481,105.8493,151.5,5.2,,19.4,
2025-01-31 15:00:00+00:00,2161309,Pháp Vân,20.9481,105.8493,119.4,4.9,,18.2,
2025-01-31 16:00:00+00:00,2161309,Pháp Vân,20.9481,105.8493,103.7,4.8,,19.8,
2025-01-31 17:00:00+00:00,2161309,Pháp Vân,20.9481,105.8493,143.7,6.0,,24.8,
2025-01-31 18:00:00+00:00,2161309,Pháp Vân,20.9481,105.8493,163.0,5.2,,28.2,
2025-01-31 19:00:00+00:00,2161309,Pháp Vân,20.9481,105.8493,84.0,4.2,,23.5,
2025-01-31 20:00:00+00:00,2161309,Pháp Vân,20.9481,105.8493,64.7,4.1,,22.4,
2025-01-31 21:00:00+00:00,2161309,Pháp Vân,20.9481,105.8493,66.0,4.0,,25.0,
2025-01-31 22:00:00+00:00,2161309,Pháp Vân,20.9481,105.8493,417.0,4.2,,26.4,
2025-01-31 23:00:00+00:00,2161309,Pháp Vân,20.9481,105.8493,922.6,4.6,,23.7,
2025-02-01 00:00:00+00:00,2161309,Pháp Vân,20.9481,105.8493,232.7,4.2,,22.6,
2025-02-01 01:00:00+00:00,2161309,Pháp Vân,20.9481,105.8493,179.4,5.0,,20.8,
2025-02-01 02:00:00+00:00,2161309,Pháp Vân,20.9481,105.8493,89.9,5.4,,19.5,
2025-02-01 03:00:00+00:00,2161309,Pháp Vân,20.9481,105.8493,101.4,7.1,,25.8,
2025-02-01 04:00:00+00:00,2161309,Pháp Vân,20.9481,105.8493,144.1,6.4,,31.2,
2025-02-01 05:00:00+00:00,2161309,Pháp Vân,20.9481,105.8493,122.0,7.9,,31.6,
2025-02-01 06:00:00+00:00,2161309,Pháp Vân,20.9481,105.8493,118.8,10.2,,28.1,
2025-02-01 07:00:00+00:00,2161309,Pháp Vân,20.9481,105.8493,124.2,10.0,,30.9,
2025-02-01 08:00:00+00:00,2161309,Pháp Vân,20.9481,105.8493,139.7,12.4,,25.7,
2025-02-01 09:00:00+00:00,2161309,Pháp Vân,20.9481,105.8493,133.9,16.7,,21.5,
2025-02-01 10:00:00+00:00,2161309,Pháp Vân,20.9481,105.8493,132.5,9.3,,17.0,
2025-02-01 11:00:00+00:00,2161309,Pháp Vân,20.9481,105.8493,197.4,7.3,,31.4,
2025-02-01 12:00:00+00:00,2161309,Pháp Vân,20.9481,105.8493,166.2,7.8,,20.1,
2025-02-01 13:00:00+00:00,2161309,Pháp Vân,20.9481,105.8493,98.7,7.6,,19.4,
2025-02-01 14:00:00+00:00,2161309,Pháp Vân,20.9481,105.8493,100.6,7.0,,20.8,
2025-02-01 15:00:00+00:00,2161309,Pháp Vân,20.9481,105.8493,81.9,7.8,,18.8,
2025-02-01 16:00:00+00:00,2161309,Pháp Vân,20.9481,105.8493,67.2,7.4,,17.5,
2025-02-01 17:00:00+00:00,2161309,Pháp Vân,20.9481,105.8493,82.6,7.8,,18.9,
2025-02-01 18:00:00+00:00,2161309,Pháp Vân,20.9481,105.8493,57.4,8.7,,19.3,
2025-02-01 19:00:00+00:00,2161309,Pháp Vân,20.9481,105.8493,46.2,9.4,,19.9,
2025-02-01 20:00:00+00:00,2161309,Pháp Vân,20.9481,105.8493,63.2,9.5,,20.2,
2025-02-01 21:00:00+00:00,2161309,Pháp Vân,20.9481,105.8493,61.3,8.5,,19.6,
2025-02-01 22:00:00+00:00,2161309,Pháp Vân,20.9481,105.8493,32.6,6.6,,16.2,
2025-02-01 23:00:00+00:00,2161309,Pháp Vân,20.9481,105.8493,35.0,6.0,,14.7,
2025-02-02 00:00:00+00:00,2161309,Pháp Vân,20.9481,105.8493,71.4,5.7,,14.3,
2025-02-02 01:00:00+00:00,2161309,Pháp Vân,20.9481,105.8493,108.7,5.7,,17.2,
2025-02-02 02:00:00+00:00,2161309,Pháp Vân,20.9481,105.8493,125.3,6.5,,14.7,
2025-02-02 03:00:00+00:00,2161309,Pháp Vân,20.9481,105.8493,115.4,6.2,,14.3,
2025-02-02 04:00:00+00:00,2161309,Pháp Vân,20.9481,105.8493,166.5,10.1,,16.0,
2025-02-02 05:00:00+00:00,2161309,Pháp Vân,20.9481,105.8493,179.6,7.7,,17.9,
2025-02-02 06:00:00+00:00,2161309,Pháp Vân,20.9481,105.8493,127.8,8.0,,20.0,
2025-02-02 07:00:00+00:00,2161309,Pháp Vân,20.9481,105.8493,128.4,12.9,,25.9,
2025-02-02 08:00:00+00:00,2161309,Pháp Vân,20.9481,105.8493,142.5,19.5,,25.0,
2025-02-02 09:00:00+00:00,2161309,Pháp Vân,20.9481,105.8493,151.5,10.4,,16.1,
2025-02-02 10:00:00+00:00,2161309,Pháp Vân,20.9481,105.8493,199.7,10.1,,21.9,
2025-02-02 11:00:00+00:00,2161309,Pháp Vân,20.9481,105.8493,281.4,9.1,,22.4,
2025-02-02 12:00:00+00:00,2161309,Pháp Vân,20.9481,105.8493,267.0,7.7,,21.3,
2025-02-02 13:00:00+00:00,2161309,Pháp Vân,20.9481,105.8493,205.4,7.0,,23.0,
2025-02-02 14:00:00+00:00,2161309,Pháp Vân,20.9481,105.8493,174.0,5.7,,20.4,
2025-02-02 15:00:00+00:00,2161309,Pháp Vân,20.9481,105.8493,145.5,6.4,,23.5,
2025-02-02 16:00:00+00:00,2161309,Pháp Vân,20.9481,105.8493,117.1,5.9,,26.8,
2025-02-02 17:00:00+00:00,2161309,Pháp Vân,20.9481,105.8493,114.8,5.9,,23.9,
2025-02-02 18:00:00+00:00,2161309,Pháp Vân,20.9481,105.8493,161.6,5.4,,20.9,
2025-02-02 19:00:00+00:00,2161309,Pháp Vân,20.9481,105.8493,330.7,4.7,,16.4,
2025-02-02 20:00:00+00:00,2161309,Pháp Vân,20.9481,105.8493,292.3,3.3,,10.8,
2025-02-02 21:00:00+00:00,2161309,Pháp Vân,20.9481,105.8493,316.7,3.5,,8.1,
2025-02-02 22:00:00+00:00,2161309,Pháp Vân,20.9481,105.8493,324.8,3.3,,6.4,
2025-02-02 23:00:00+00:00,2161309,Pháp Vân,20.9481,105.8493,323.8,3.3,,5.8,
2025-02-03 00:00:00+00:00,2161309,Pháp Vân,20.9481,105.8493,363.1,3.4,,6.1,
2025-02-03 01:00:00+00:00,2161309,Pháp Vân,20.9481,105.8493,491.3,8.8,,7.0,
2025-02-03 02:00:00+00:00,2161309,Pháp Vân,20.9481,105.8493,354.8,13.5,,9.2,
2025-02-03 03:00:00+00:00,2161309,Pháp Vân,20.9481,105.8493,319.6,5.7,,10.9,
2025-02-03 04:00:00+00:00,2161309,Pháp Vân,20.9481,105.8493,332.0,11.2,,9.9,
2025-02-03 05:00:00+00:00,2161309,Pháp Vân,20.9481,105.8493,380.1,14.7,,12.0,
2025-02-03 06:00:00+00:00,2161309,Pháp Vân,20.9481,105.8493,370.8,15.3,,10.7,
2025-02-03 07:00:00+00:00,2161309,Pháp Vân,20.9481,105.8493,391.1,15.2,,10.1,
2025-02-03 08:00:00+00:00,2161309,Pháp Vân,20.9481,105.8493,370.9,14.7,,8.4,
2025-02-03 09:00:00+00:00,2161309,Pháp Vân,20.9481,105.8493,392.2,12.0,,9.4,
2025-02-03 10:00:00+00:00,2161309,Pháp Vân,20.9481,105.8493,410.3,12.3,,9.3,
2025-02-03 11:00:00+00:00,2161309,Pháp Vân,20.9481,105.8493,674.0,11.8,,13.5,
2025-02-03 12:00:00+00:00,2161309,Pháp Vân,20.9481,105.8493,479.0,9.2,,13.6,
2025-02-03 13:00:00+00:00,2161309,Pháp Vân,20.9481,105.8493,409.0,8.4,,11.6,
2025-02-03 14:00:00+00:00,2161309,Pháp Vân,20.9481,105.8493,401.3,11.9,,14.0,
2025-02-03 15:00:00+00:00,2161309,Pháp Vân,20.9481,105.8493,367.5,12.7,,14.0,
2025-02-03 16:00:00+00:00,2161309,Pháp Vân,20.9481,105.8493,312.6,11.8,,10.9,
2025-02-03 17:00:00+00:00,2161309,Pháp Vân,20.9481,105.8493,292.1,12.6,,11.4,
2025-02-03 18:00:00+00:00,2161309,Pháp Vân,20.9481,105.8493,262.2,13.3,,11.0,
2025-02-03 19:00:00+00:00,2161309,Pháp Vân,20.9481,105.8493,203.7,6.6,,11.1,
2025-02-03 20:00:00+00:00,2161309,Pháp Vân,20.9481,105.8493,197.5,6.7,,12.0,
2025-02-03 21:00:00+00:00,2161309,Pháp Vân,20.9481,105.8493,208.9,7.1,,13.4,
2025-02-03 22:00:00+00:00,2161309,Pháp Vân,20.9481,105.8493,196.1,7.2,,14.0,
2025-02-03 23:00:00+00:00,2161309,Pháp Vân,20.9481,105.8493,210.5,9.2,,14.5,
2025-02-04 00:00:00+00:00,2161309,Pháp Vân,20.9481,105.8493,302.6,10.6,,13.9,
2025-02-04 01:00:00+00:00,2161309,Pháp Vân,20.9481,105.8493,677.6,15.6,,15.5,
2025-02-04 03:00:00+00:00,2161309,Pháp Vân,20.9481,105.8493,297.5,7.6,,15.0,
2025-02-04 04:00:00+00:00,2161309,Pháp Vân,20.9481,105.8493,339.6,13.7,,16.5,
2025-02-04 05:00:00+00:00,2161309,Pháp Vân,20.9481,105.8493,430.5,10.0,,16.8,
2025-02-04 06:00:00+00:00,2161309,Pháp Vân,20.9481,105.8493,432.1,11.6,,17.1,
2025-02-04 07:00:00+00:00,2161309,Pháp Vân,20.9481,105.8493,407.1,9.9,,15.9,
2025-02-04 08:00:00+00:00,2161309,Pháp Vân,20.9481,105.8493,441.1,11.0,,17.0,
2025-02-04 09:00:00+00:00,2161309,Pháp Vân,20.9481,105.8493,440.5,12.0,,17.8,
2025-02-04 10:00:00+00:00,2161309,Pháp Vân,20.9481,105.8493,491.5,14.4,,18.6,
2025-02-04 11:00:00+00:00,2161309,Pháp Vân,20.9481,105.8493,798.7,20.7,,23.4,
2025-02-04 12:00:00+00:00,2161309,Pháp Vân,20.9481,105.8493,762.3,20.2,,42.9,
2025-02-04 13:00:00+00:00,2161309,Pháp Vân,20.9481,105.8493,573.7,13.9,,45.1,
2025-02-04 14:00:00+00:00,2161309,Pháp Vân,20.9481,105.8493,407.6,10.5,,43.6,
2025-02-04 15:00:00+00:00,2161309,Pháp Vân,20.9481,105.8493,336.3,8.0,,35.2,
2025-02-04 16:00:00+00:00,2161309,Pháp Vân,20.9481,105.8493,246.7,5.9,,22.9,
2025-02-04 17:00:00+00:00,2161309,Pháp Vân,20.9481,105.8493,216.9,5.5,,20.0,
2025-02-04 18:00:00+00:00,2161309,Pháp Vân,20.9481,105.8493,240.8,4.7,,23.6,
2025-02-04 19:00:00+00:00,2161309,Pháp Vân,20.9481,105.8493,252.7,4.4,,24.1,
2025-02-04 20:00:00+00:00,2161309,Pháp Vân,20.9481,105.8493,236.8,4.8,,21.8,
2025-02-04 21:00:00+00:00,2161309,Pháp Vân,20.9481,105.8493,232.7,4.3,,21.7,
2025-02-04 22:00:00+00:00,2161309,Pháp Vân,20.9481,105.8493,251.4,5.8,,22.7,
2025-02-04 23:00:00+00:00,2161309,Pháp Vân,20.9481,105.8493,285.7,7.9,,27.6,
2025-02-05 00:00:00+00:00,2161309,Pháp Vân,20.9481,105.8493,360.0,10.9,,42.2,
2025-02-05 01:00:00+00:00,2161309,Pháp Vân,20.9481,105.8493,684.1,11.2,,28.8,
2025-02-05 02:00:00+00:00,2161309,Pháp Vân,20.9481,105.8493,536.6,14.1,,34.7,
2025-02-05 03:00:00+00:00,2161309,Pháp Vân,20.9481,105.8493,615.5,17.5,,44.4,
2025-02-05 04:00:00+00:00,2161309,Pháp Vân,20.9481,105.8493,608.8,19.0,,46.8,
