location_id,location_name,latitude,longitude,date,no2_valid_pixels,no2_mean,no2_std,no2_min,no2_max,no2_median,co_valid_pixels,co_mean,co_std,co_min,co_max,co_median,so2_valid_pixels,so2_mean,so2_std,so2_min,so2_max,so2_median,aer_ai_340_380_valid_pixels,aer_ai_340_380_mean,aer_ai_340_380_std,aer_ai_340_380_min,aer_ai_340_380_max,aer_ai_340_380_median,s2_valid_pixels,ndvi_mean,ndvi_std,ndvi_min,ndvi_max,ndvi_median,ndbi_mean,ndbi_std,ndbi_min,ndbi_max,ndbi_median,ndwi_mean,ndwi_std,ndwi_min,ndwi_max,ndwi_median
4946813,Số 1 đường Giải Phóng - phường Bạch Mai - ĐHBK,21.0052,105.8418,2024-01-29,0,,,,,,4,0.053624413907527924,0.0,0.053624413907527924,0.053624413907527924,0.053624413907527924,0,,,,,,156,0.0777384340763092,0.30180299282073975,-0.7647085189819336,0.8485254645347595,0.11058929562568665,0,,,,,,,,,,,,,,,
4946813,Số 1 đường Giải Phóng - phường Bạch Mai - ĐHBK,21.0052,105.8418,2024-01-30,0,,,,,,7,0.0483512319624424,0.0005955944070592523,0.047135476022958755,0.04903250187635422,0.0485832653939724,0,,,,,,156,0.10603095591068268,0.2161526381969452,-0.42306143045425415,0.6509379744529724,0.10792259126901627,0,,,,,,,,,,,,,,,
4946813,Số 1 đường Giải Phóng - phường Bạch Mai - ĐHBK,21.0052,105.8418,2024-01-31,0,,,,,,32,0.049564070999622345,0.0035584899596869946,0.04406958445906639,0.05739651620388031,0.048262037336826324,0,,,,,,156,-0.7119096517562866,0.3376619219779968,-1.4609334468841553,0.1426599770784378,-0.7541793584823608,0,,,,,,,,,,,,,,,
4946813,Số 1 đường Giải Phóng - phường Bạch Mai - ĐHBK,21.0052,105.8418,2024-02-01,0,,,,,,17,0.04052849858999252,0.0012312650214880705,0.03899095207452774,0.043058130890131,0.040618427097797394,0,,,,,,156,-0.4390875995159149,0.39968356490135193,-1.8135724067687988,0.3328774869441986,-0.35874781012535095,0,,,,,,,,,,,,,,,
4946813,Số 1 đường Giải Phóng - phường Bạch Mai - ĐHBK,21.0052,105.8418,2024-02-02,10,7.203294080682099e-05,2.4325969206984155e-05,3.7356723623815924e-05,0.00010162730177398771,7.523573003709316e-05,156,0.041407860815525055,0.001986193470656872,0.03538773953914642,0.04676106944680214,0.04174923896789551,24,9.371817577630281e-05,0.0002678240998648107,-0.0003941501199733466,0.0005691606784239411,8.336065366165712e-05,148,0.21447481215000153,0.6830804944038391,-0.9045701026916504,1.5665466785430908,0.13681061565876007,45954,-0.016042791306972504,0.012455377727746964,-0.11091918498277664,0.09954962134361267,-0.01477833278477192,-0.03222386911511421,0.02835008315742016,-0.1897135078907013,0.15260645747184753,-0.030022181570529938,0.010573276318609715,0.016337832435965538,-0.034934498369693756,0.08308053016662598,0.008657988160848618
4946813,Số 1 đường Giải Phóng - phường Bạch Mai - ĐHBK,21.0052,105.8418,2024-02-03,0,,,,,,27,0.04283541813492775,0.002214789856225252,0.0403212234377861,0.04617217183113098,0.04153487831354141,0,,,,,,156,0.6795559525489807,0.49852344393730164,-0.5764107704162598,1.7995861768722534,0.7620893716812134,0,,,,,,,,,,,,,,,
4946813,Số 1 đường Giải Phóng - phường Bạch Mai - ĐHBK,21.0052,105.8418,2024-02-04,134,5.1699164032470435e-05,2.711532033572439e-05,1.714658174023498e-05,0.00018836560775525868,4.353641270427033e-05,152,0.04503590986132622,0.002628190675750375,0.040560927242040634,0.05276228114962578,0.044909022748470306,149,1.0306378499080893e-05,0.00016957703337538987,-0.00044788361992686987,0.00042757976916618645,7.834448297217023e-06,156,-0.5103573799133301,0.3010362982749939,-1.020050287246704,0.7235300540924072,-0.5490045547485352,0,,,,,,,,,,,,,,,
4946813,Số 1 đường Giải Phóng - phường Bạch Mai - ĐHBK,21.0052,105.8418,2024-02-05,81,5.895084541407414e-05,1.8395730876363814e-05,3.4511936974013224e-05,0.000124837490147911,5.542230428545736e-05,156,0.04338708147406578,0.002822471084073186,0.037235651165246964,0.050822317600250244,0.04378918558359146,128,6.5583503783273045e-06,0.00014709158858750015,-0.0004884815425612032,0.00044533569598570466,-4.9862028390634805e-06,156,-1.021494746208191,0.4221540093421936,-1.8940789699554443,0.3574209213256836,-1.0222036838531494,0,,,,,,,,,,,,,,,
4946813,Số 1 đường Giải Phóng - phường Bạch Mai - ĐHBK,21.0052,105.8418,2024-02-06,0,,,,,,81,0.04184979945421219,0.003818965284153819,0.03437516465783119,0.04727970063686371,0.04309876263141632,1,6.386354925780324e-06,0.0,6.386354925780324e-06,6.386354925780324e-06,6.386354925780324e-06,156,-0.010398835875093937,0.4439028203487396,-2.5610787868499756,1.1012452840805054,0.008657963015139103,0,,,,,,,,,,,,,,,
4946813,Số 1 đường Giải Phóng - phường Bạch Mai - ĐHBK,21.0052,105.8418,2024-02-07,0,,,,,,7,0.043533481657505035,0.00028437533183023334,0.04328720644116402,0.04386185109615326,0.04328720644116402,0,,,,,,156,0.40876108407974243,0.127841055393219,-0.07479508966207504,0.7108537554740906,0.3914494216442108,45954,-0.011600438505411148,0.010577668435871601,-0.07999996840953827,0.054014574736356735,-0.011439475230872631,-0.17910026013851166,0.041315652430057526,-0.4544202387332916,-0.07568947970867157,-0.17311596870422363,0.013217579573392868,0.007596546318382025,-0.013755740597844124,0.04861665889620781,0.012732604518532753
4946813,Số 1 đường Giải Phóng - phường Bạch Mai - ĐHBK,21.0052,105.8418,2024-02-08,0,,,,,,0,,,,,,0,,,,,,156,0.6500232219696045,0.08951675146818161,0.5062943696975708,0.929644763469696,0.6247303485870361,0,,,,,,,,,,,,,,,
4946813,Số 1 đường Giải Phóng - phường Bạch Mai - ĐHBK,21.0052,105.8418,2024-02-09,0,,,,,,2,0.061979539692401886,0.0,0.061979539692401886,0.061979539692401886,0.061979539692401886,0,,,,,,156,0.46677252650260925,0.16349464654922485,-0.1756574511528015,0.8179824352264404,0.487937867641449,0,,,,,,,,,,,,,,,
4946813,Số 1 đường Giải Phóng - phường Bạch Mai - ĐHBK,21.0052,105.8418,2024-02-10,114,2.8180755180073902e-05,8.088709364528768e-06,1.1369757885404397e-05,5.4716972954338416e-05,2.7646688977256417e-05,128,0.06792278587818146,0.0037203365936875343,0.06023920327425003,0.07623811066150665,0.06754465401172638,143,7.988925972313154e-06,0.00022944297234062105,-0.0007672070059925318,0.0006139509496279061,-3.84359418603708e-06,156,-0.7249473929405212,0.2838468551635742,-1.6712470054626465,-0.10223549604415894,-0.739936113357544,0,,,,,,,,,,,,,,,
4946813,Số 1 đường Giải Phóng - phường Bạch Mai - ĐHBK,21.0052,105.8418,2024-02-11,154,2.9352784622460604e-05,8.755816452321596e-06,9.279621735913679e-06,5.214423072175123e-05,2.888641392928548e-05,83,0.0643327385187149,0.003804253414273262,0.05763959884643555,0.07369311898946762,0.0631456971168518,156,0.0001152267650468275,0.0002968589833471924,-0.0006331877666525543,0.001034434768371284,0.00010002806084230542,156,-0.8568135499954224,0.10752616822719574,-1.3446611166000366,-0.6392252445220947,-0.8475868701934814,0,,,,,,,,,,,,,,,
4946813,Số 1 đường Giải Phóng - phường Bạch Mai - ĐHBK,21.0052,105.8418,2024-02-12,152,6.43092644168064e-05,3.3008589525707066e-05,2.3105627406039275e-05,0.00016643601702526212,5.271529880701564e-05,145,0.056010909378528595,0.0015203763032332063,0.052899204194545746,0.060772817581892014,0.055883537977933884,156,0.00015780057583469898,0.00029427139088511467,-0.000675446295645088,0.0009811274940147996,0.00017535527877043933,156,-0.25155767798423767,0.18625235557556152,-0.7700198292732239,0.38110825419425964,-0.2002369612455368,45954,0.21140046417713165,0.15516698360443115,-0.27226290106773376,0.7737588286399841,0.16555386781692505,0.09630925208330154,0.1612042784690857,-0.6877893805503845,0.6016892790794373,0.1264362782239914,-0.24380241334438324,0.14418789744377136,-0.6922277212142944,0.3618919551372528,-0.23266687989234924
4946813,Số 1 đường Giải Phóng - phường Bạch Mai - ĐHBK,21.0052,105.8418,2024-02-13,36,6.0594658862100914e-05,1.8269083739141934e-05,2.8845801352872513e-05,8.776500180829316e-05,5.999294080538675e-05,89,0.05835464969277382,0.001755880075506866,0.05327682942152023,0.06130966171622276,0.05846988037228584,97,-2.514221523597371e-05,0.00019761784642469138,-0.0005002081161364913,0.0004916645702905953,-1.3387214494287036e-05,156,1.001733660697937,0.2773071527481079,0.36592647433280945,1.633605718612671,0.9593323469161987,0,,,,,,,,,,,,,,,
4946813,Số 1 đường Giải Phóng - phường Bạch Mai - ĐHBK,21.0052,105.8418,2024-02-14,0,,,,,,0,,,,,,0,,,,,,156,0.4723668694496155,0.2924743890762329,-0.5441001057624817,1.1585520505905151,0.4629252254962921,0,,,,,,,,,,,,,,,
4946813,Số 1 đường Giải Phóng - phường Bạch Mai - ĐHBK,21.0052,105.8418,2024-02-15,0,,,,,,3,0.04425977170467377,0.0014171210350468755,0.04225565865635872,0.04526182636618614,0.04526182636618614,1,-9.873791714198887e-05,0.0,-9.873791714198887e-05,-9.873791714198887e-05,-9.873791714198887e-05,156,-0.29927805066108704,0.6062560677528381,-1.9032000303268433,0.7040076851844788,-0.16259685158729553,0,,,,,,,,,,,,,,,
4946813,Số 1 đường Giải Phóng - phường Bạch Mai - ĐHBK,21.0052,105.8418,2024-02-16,16,7.912247383501381e-05,3.1237879738910124e-05,3.931529863621108e-05,0.00013645263970829546,7.156508945627138e-05,48,0.05047499015927315,0.0037018531002104282,0.04098723828792572,0.05865037068724632,0.0503489151597023,34,6.297465006355196e-05,0.00014241629105526954,-0.000220410933252424,0.0004913115408271551,4.024996451335028e-05,156,-0.6485163569450378,0.807971179485321,-2.5279345512390137,1.0802593231201172,-0.7003607749938965,0,,,,,,,,,,,,,,,
4946813,Số 1 đường Giải Phóng - phường Bạch Mai - ĐHBK,21.0052,105.8418,2024-02-17,0,,,,,,64,0.05423935502767563,0.0013220080872997642,0.05117899551987648,0.05678453668951988,0.0545637272298336,31,-4.7510377044091e-05,0.00011086263111792505,-0.0003494711418170482,0.00013402321201283485,-2.2747934053768404e-05,156,0.2876477837562561,0.5825820565223694,-1.282941222190857,1.4760130643844604,0.3310723602771759,45954,-0.0050011249259114265,0.014394017867743969,-0.10056307166814804,0.10134298354387283,-0.005665709264576435,-0.07627901434898376,0.034827206283807755,-0.20619989931583405,0.12262862920761108,-0.08013386279344559,-0.0041227941401302814,0.009212535806000233,-0.0435066781938076,0.04347819462418556,-0.004089049529284239
4946813,Số 1 đường Giải Phóng - phường Bạch Mai - ĐHBK,21.0052,105.8418,2024-02-18,27,8.325688395416364e-05,1.5042088307382073e-05,4.455664020497352e-05,0.00011245810310356319,8.678564336150885e-05,56,0.05046145245432854,0.004471932537853718,0.04475035145878792,0.05736134946346283,0.05340275168418884,63,0.00032832889701239765,0.0005226596840657294,-0.0008296313462778926,0.0015498028369620442,0.0003726533323060721,153,0.7606266736984253,0.870197594165802,-0.6853017807006836,2.042928695678711,0.5550431609153748,0,,,,,,,,,,,,,,,
4946813,Số 1 đường Giải Phóng - phường Bạch Mai - ĐHBK,21.0052,105.8418,2024-02-19,14,7.119490328477696e-05,2.2955320673645474e-05,4.428504325915128e-05,0.00012079851876478642,6.418749399017543e-05,122,0.04564335197210312,0.0036685445811599493,0.04014877602458,0.05225469917058945,0.04445686563849449,27,3.078897498198785e-05,0.00015932891983538866,-0.0005911628832109272,0.00025149123393930495,1.2182325008325279e-05,156,1.2938332557678223,0.47274309396743774,-0.2025887817144394,2.2080256938934326,1.321548581123352,0,,,,,,,,,,,,,,,
4946813,Số 1 đường Giải Phóng - phường Bạch Mai - ĐHBK,21.0052,105.8418,2024-02-20,9,7.19556410331279e-05,2.133689667971339e-05,3.6217988963471726e-05,0.00010785841004690155,7.550186273874715e-05,104,0.046799447387456894,0.003999041859060526,0.03829307481646538,0.05600953474640846,0.04692063108086586,24,1.6267537148451083e-06,0.00011848247231682763,-0.00027202011551707983,0.00026258244179189205,-2.9050530429231003e-05,156,0.6798626780509949,0.6085780262947083,-1.3410321474075317,1.4606773853302002,0.8857511281967163,0,,,,,,,,,,,,,,,
4946813,Số 1 đường Giải Phóng - phường Bạch Mai - ĐHBK,21.0052,105.8418,2024-02-21,13,0.00010968647984554991,3.7944846553727984e-05,6.209737330209464e-05,0.00017241739260498434,9.809846233110875e-05,112,0.048670846968889236,0.0037508865352720022,0.0426163524389267,0.057301152497529984,0.0475163571536541,43,9.321395737060811e-06,0.0001071233709808439,-0.0003445317270234227,0.0002380206569796428,1.0292196748196147e-05,156,-0.06648886203765869,0.6141708493232727,-1.3966224193572998,1.1211447715759277,-0.07279132306575775,0,,,,,,,,,,,,,,,
4946813,Số 1 đường Giải Phóng - phường Bạch Mai - ĐHBK,21.0052,105.8418,2024-02-22,0,,,,,,107,0.0442589670419693,0.003308964893221855,0.03834715485572815,0.050987228751182556,0.04512685164809227,0,,,,,,156,0.09489820897579193,0.5647039413452148,-1.9798272848129272,0.7786376476287842,0.2567751109600067,45954,-0.06375548243522644,0.025254499167203903,-0.19253474473953247,0.0555744506418705,-0.06315001100301743,-0.20777754485607147,0.05870044231414795,-0.4603980481624603,-0.0523475781083107,-0.2000596523284912,0.09961045533418655,0.01874302513897419,0.0438246876001358,0.1864233762025833,0.09823508560657501
4946813,Số 1 đường Giải Phóng - phường Bạch Mai - ĐHBK,21.0052,105.8418,2024-02-23,0,,,,,,0,,,,,,0,,,,,,156,-0.130177304148674,0.11781340837478638,-0.5962467193603516,0.1290837973356247,-0.1107051745057106,0,,,,,,,,,,,,,,,
4946813,Số 1 đường Giải Phóng - phường Bạch Mai - ĐHBK,21.0052,105.8418,2024-02-24,0,,,,,,0,,,,,,0,,,,,,156,0.6042104363441467,0.21622991561889648,-0.03055661916732788,1.054505467414856,0.6127690672874451,0,,,,,,,,,,,,,,,
4946813,Số 1 đường Giải Phóng - phường Bạch Mai - ĐHBK,21.0052,105.8418,2024-02-25,0,,,,,,2,0.05682390555739403,0.0,0.05682390555739403,0.05682390555739403,0.05682390555739403,0,,,,,,156,0.40198853611946106,0.22172676026821136,-0.12180904299020767,0.8584687113761902,0.43335390090942383,0,,,,,,,,,,,,,,,
4946813,Số 1 đường Giải Phóng - phường Bạch Mai - ĐHBK,21.0052,105.8418,2024-02-26,0,,,,,,7,0.05669909715652466,0.001988290809094906,0.0534704253077507,0.058888621628284454,0.05641629174351692,0,,,,,,156,0.6202534437179565,0.32903772592544556,-0.3921865224838257,1.2025569677352905,0.6329902410507202,0,,,,,,,,,,,,,,,
4946813,Số 1 đường Giải Phóng - phường Bạch Mai - ĐHBK,21.0052,105.8418,2024-02-27,0,,,,,,17,0.056031785905361176,0.0020404031965881586,0.05220991373062134,0.05911952629685402,0.056679002940654755,0,,,,,,156,0.21484783291816711,0.3172568678855896,-0.4689815938472748,0.8858742713928223,0.17393700778484344,45954,0.008415584452450275,0.0023197748232632875,-0.0005032795015722513,0.017543848603963852,0.008445097133517265,-0.1750127226114273,0.009338312782347202,-0.1998332142829895,-0.1498902589082718,-0.17566728591918945,-0.02722000889480114,0.0022851417306810617,-0.03778335452079773,-0.01711985655128956,-0.027214214205741882
4946813,Số 1 đường Giải Phóng - phường Bạch Mai - ĐHBK,21.0052,105.8418,2024-02-28,0,,,,,,71,0.062145158648490906,0.0012191948480904102,0.06025710329413414,0.06498081982135773,0.06215745583176613,0,,,,,,156,0.8005653619766235,0.11013717949390411,0.5447674989700317,1.0110735893249512,0.8020062446594238,0,,,,,,,,,,,,,,,
4946813,Số 1 đường Giải Phóng - phường Bạch Mai - ĐHBK,21.0052,105.8418,2024-02-29,0,,,,,,20,0.06705069541931152,0.001973542617633939,0.06455428898334503,0.06922640651464462,0.06703277677297592,0,,,,,,156,1.0741496086120605,0.11307771503925323,0.8689515590667725,1.3997701406478882,1.047734260559082,0,,,,,,,,,,,,,,,
4946813,Số 1 đường Giải Phóng - phường Bạch Mai - ĐHBK,21.0052,105.8418,2024-03-01,0,,,,,,0,,,,,,0,,,,,,156,0.30529868602752686,0.13550828397274017,0.10243009775876999,0.9699099659919739,0.28242719173431396,0,,,,,,,,,,,,,,,
4946813,Số 1 đường Giải Phóng - phường Bạch Mai - ĐHBK,21.0052,105.8418,2024-03-02,17,3.6579000152414665e-05,9.277104254579172e-06,2.371186565142125e-05,5.6619683164171875e-05,3.4952015994349495e-05,60,0.06252340972423553,0.0024972734972834587,0.05620821565389633,0.06913812458515167,0.06286256015300751,49,7.077353075146675e-05,0.00017205967742484063,-0.00023127373424358666,0.0006467834464274347,3.9191480027511716e-05,156,-0.3745175004005432,0.49771326780319214,-1.5699851512908936,0.5555660128593445,-0.3368254601955414,0,,,,,,,,,,,,,,,
4946813,Số 1 đường Giải Phóng - phường Bạch Mai - ĐHBK,21.0052,105.8418,2024-03-03,2,5.8339846873423085e-05,1.8471331713953987e-05,3.98685151594691e-05,7.681117858737707e-05,5.8339846873423085e-05,20,0.05845877528190613,0.0032806647941470146,0.05453871563076973,0.06569158285856247,0.05724877119064331,8,-1.66443751368206e-05,6.497455615317449e-05,-0.00013184125418774784,5.7141922297887504e-05,-7.374221240752377e-06,156,0.9461442828178406,0.6654485464096069,-1.0507808923721313,2.2235097885131836,1.108506441116333,45954,0.03511066734790802,0.026735451072454453,-0.15785126388072968,0.2834218740463257,0.034045420587062836,0.0028350590728223324,0.03398486226797104,-0.22389982640743256,0.20303814113140106,0.0018905067117884755,-0.05702240392565727,0.017509019002318382,-0.19688405096530914,0.06406062096357346,-0.05628092586994171
4946813,Số 1 đường Giải Phóng - phường Bạch Mai - ĐHBK,21.0052,105.8418,2024-03-04,0,,,,,,150,0.05667184293270111,0.0015327397268265486,0.053263261914253235,0.0605146624147892,0.05618996173143387,4,0.00010050478886114433,8.176721166819334e-06,9.2328067694325e-05,0.00010868151002796367,0.00010050478886114433,156,1.7897909879684448,0.36021289229393005,-0.03422092646360397,2.256354570388794,1.8401374816894531,0,,,,,,,,,,,,,,,
4946813,Số 1 đường Giải Phóng - phường Bạch Mai - ĐHBK,21.0052,105.8418,2024-03-05,142,8.235444693127647e-05,1.597700611455366e-05,5.183427856536582e-05,0.0001210741393151693,7.982178794918582e-05,129,0.058676544576883316,0.00213229120709002,0.053609978407621384,0.06186875328421593,0.058949947357177734,63,-4.795144923264161e-05,0.0006811196799390018,-0.0013610819587484002,0.0013897292083129287,-0.0001572127512190491,142,1.0220444202423096,0.1613112986087799,0.7504166960716248,1.353873610496521,1.0123132467269897,0,,,,,,,,,,,,,,,
4946813,Số 1 đường Giải Phóng - phường Bạch Mai - ĐHBK,21.0052,105.8418,2024-03-06,73,4.958657518727705e-05,8.82172753335908e-06,3.579985423129983e-05,7.963552343426272e-05,4.84508418594487e-05,103,0.060312315821647644,0.003288248321041465,0.05133293569087982,0.06628140062093735,0.060770705342292786,91,-6.927750291652046e-06,0.0002224212366854772,-0.0007202803390100598,0.00035802152706310153,4.187306694802828e-05,156,0.6769088506698608,0.6303529143333435,-0.17680351436138153,2.1733007431030273,0.5732078552246094,0,,,,,,,,,,,,,,,
4946813,Số 1 đường Giải Phóng - phường Bạch Mai - ĐHBK,21.0052,105.8418,2024-03-07,0,,,,,,14,0.06288407742977142,0.0026872328016906977,0.059251103550195694,0.06708811968564987,0.0633082315325737,7,3.84184459107928e-05,5.3359770390670747e-05,-3.580562770366669e-05,0.00011217778228456154,4.055544195580296e-05,156,1.5451022386550903,0.5428095459938049,0.2726360559463501,2.445195198059082,1.581221580505371,0,,,,,,,,,,,,,,,
4946813,Số 1 đường Giải Phóng - phường Bạch Mai - ĐHBK,21.0052,105.8418,2024-03-08,0,,,,,,0,,,,,,0,,,,,,156,1.0568947792053223,0.3714664876461029,0.2002212554216385,1.7552435398101807,1.1384923458099365,45954,0.021223226562142372,0.002348418114706874,0.011095033027231693,0.031078608706593513,0.021238114684820175,-0.16176271438598633,0.006670803297311068,-0.18767492473125458,-0.13720698654651642,-0.16177046298980713,-0.051569614559412,0.002385131549090147,-0.060901861637830734,-0.041584137827157974,-0.051585420966148376
4946813,Số 1 đường Giải Phóng - phường Bạch Mai - ĐHBK,21.0052,105.8418,2024-03-09,0,,,,,,9,0.06314060091972351,0.0015955747803673148,0.06061383709311485,0.06454502791166306,0.06442149728536606,0,,,,,,156,0.6016536951065063,0.2734906077384949,-0.11388779431581497,1.2852137088775635,0.6064391136169434,0,,,,,,,,,,,,,,,
4946813,Số 1 đường Giải Phóng - phường Bạch Mai - ĐHBK,21.0052,105.8418,2024-03-10,0,,,,,,1,0.06207212805747986,0.0,0.06207212805747986,0.06207212805747986,0.06207212805747986,0,,,,,,156,1.07998526096344,0.158426895737648,0.6553361415863037,1.390509843826294,1.1136460304260254,0,,,,,,,,,,,,,,,
4946813,Số 1 đường Giải Phóng - phường Bạch Mai - ĐHBK,21.0052,105.8418,2024-03-11,59,4.882741632172838e-05,9.468450116401073e-06,2.740379932220094e-05,6.758801464457065e-05,4.867993629886769e-05,108,0.06645335257053375,0.005071545485407114,0.05794215202331543,0.07751762866973877,0.06524880975484848,140,4.19654134020675e-05,0.0004299207648728043,-0.0008045067661441863,0.0012493340764194727,4.452912980923429e-05,156,0.9521885514259338,0.25593680143356323,0.5288196206092834,1.4780523777008057,0.8942590951919556,0,,,,,,,,,,,,,,,
4946813,Số 1 đường Giải Phóng - phường Bạch Mai - ĐHBK,21.0052,105.8418,2024-03-12,67,0.00010894302977249026,2.3096476070350036e-05,5.5554315622430295e-05,0.00017439039947930723,0.00011065947910537943,147,0.07463793456554413,0.0027611348778009415,0.06771741062402725,0.08371364325284958,0.07476388663053513,0,,,,,,156,0.14099983870983124,0.501213014125824,-0.7093465924263,1.339516043663025,0.039369143545627594,0,,,,,,,,,,,,,,,
4946813,Số 1 đường Giải Phóng - phường Bạch Mai - ĐHBK,21.0052,105.8418,2024-03-13,0,,,,,,0,,,,,,0,,,,,,156,0.3813125789165497,0.7682214379310608,-1.498470425605774,2.137539863586426,0.3719199299812317,45954,-0.022354580461978912,0.008268977515399456,-0.07569950819015503,0.022747915238142014,-0.022044075652956963,-0.0541459359228611,0.015336479991674423,-0.10826709121465683,0.024147801101207733,-0.05473928153514862,0.028380298987030983,0.005135869141668081,0.004497779533267021,0.054534438997507095,0.028094535693526268
4946813,Số 1 đường Giải Phóng - phường Bạch Mai - ĐHBK,21.0052,105.8418,2024-03-14,0,,,,,,3,0.06487486511468887,0.0024105871561914682,0.061465781182050705,0.0665794089436531,0.0665794089436531,0,,,,,,156,2.292509078979492,0.3728232681751251,1.4264856576919556,3.0463178157806396,2.3148906230926514,0,,,,,,,,,,,,,,,
4946813,Số 1 đường Giải Phóng - phường Bạch Mai - ĐHBK,21.0052,105.8418,2024-03-15,0,,,,,,112,0.06254174560308456,0.001493418007157743,0.05863875150680542,0.0669240951538086,0.06259824335575104,0,,,,,,156,2.5488672256469727,0.267685204744339,1.5778299570083618,3.0125858783721924,2.6100380420684814,0,,,,,,,,,,,,,,,
4946813,Số 1 đường Giải Phóng - phường Bạch Mai - ĐHBK,21.0052,105.8418,2024-03-16,0,,,,,,0,,,,,,0,,,,,,156,2.661924123764038,0.24193984270095825,1.9210515022277832,3.011441230773926,2.6944422721862793,0,,,,,,,,,,,,,,,
4946813,Số 1 đường Giải Phóng - phường Bạch Mai - ĐHBK,21.0052,105.8418,2024-03-17,0,,,,,,7,0.07793397456407547,0.0070050982758402824,0.06699677556753159,0.08391110599040985,0.0812406837940216,0,,,,,,156,2.4988176822662354,0.29108068346977234,1.4281452894210815,3.059364080429077,2.4492247104644775,0,,,,,,,,,,,,,,,
4946813,Số 1 đường Giải Phóng - phường Bạch Mai - ĐHBK,21.0052,105.8418,2024-03-18,0,,,,,,1,0.07009541243314743,0.0,0.07009541243314743,0.07009541243314743,0.07009541243314743,0,,,,,,156,2.9073121547698975,0.3564549684524536,1.7378056049346924,3.708432197570801,2.9000563621520996,45954,0.019145073369145393,0.011036025360226631,-0.045988213270902634,0.059558503329753876,0.02134263888001442,0.0468083992600441,0.023256391286849976,-0.09545888006687164,0.1307390034198761,0.051940545439720154,-0.04699243605136871,0.01594466343522072,-0.07779629528522491,0.037156641483306885,-0.050296396017074585
4946813,Số 1 đường Giải Phóng - phường Bạch Mai - ĐHBK,21.0052,105.8418,2024-03-19,0,,,,,,3,0.06935373693704605,0.0,0.06935373693704605,0.06935373693704605,0.06935373693704605,0,,,,,,156,0.04610827565193176,0.4214644134044647,-1.3112754821777344,0.8220795392990112,0.09685501456260681,0,,,,,,,,,,,,,,,
4946813,Số 1 đường Giải Phóng - phường Bạch Mai - ĐHBK,21.0052,105.8418,2024-03-20,0,,,,,,78,0.09391599148511887,0.003228522837162018,0.08754774928092957,0.10077463090419769,0.09390493482351303,0,,,,,,156,-0.5427359342575073,0.1901828646659851,-0.9289085865020752,-0.005477665923535824,-0.5531672239303589,0,,,,,,,,,,,,,,,
4946813,Số 1 đường Giải Phóng - phường Bạch Mai - ĐHBK,21.0052,105.8418,2024-03-21,131,8.690363029018044e-05,2.9536087822634727e-05,3.593165092752315e-05,0.0001652143255341798,8.115710807032883e-05,60,0.07430543750524521,0.0060261632315814495,0.06378203630447388,0.08236736804246902,0.0757974237203598,46,0.00011476396321086213,0.0005269221728667617,-0.0016951292054727674,0.001068117911927402,0.00017445588309783489,137,0.6786461472511292,0.4982476532459259,-0.12547655403614044,1.4605522155761719,0.47774559259414673,0,,,,,,,,,,,,,,,
4946813,Số 1 đường Giải Phóng - phường Bạch Mai - ĐHBK,21.0052,105.8418,2024-03-22,0,,,,,,2,0.061821676790714264,0.0,0.061821676790714264,0.061821676790714264,0.061821676790714264,0,,,,,,156,1.146054744720459,0.22696951031684875,0.4536339342594147,1.4490017890930176,1.203231930732727,0,,,,,,,,,,,,,,,
4946813,Số 1 đường Giải Phóng - phường Bạch Mai - ĐHBK,21.0052,105.8418,2024-03-23,0,,,,,,0,,,,,,0,,,,,,0,,,,,,45954,-0.0525885745882988,0.030523721128702164,-0.24068021774291992,0.07751501351594925,-0.045958761125802994,0.002051287330687046,0.04509163647890091,-0.30025264620780945,0.32328757643699646,-0.00030966755002737045,0.06972912698984146,0.03643466532230377,0.007955419830977917,0.27214697003364563,0.058041587471961975
4946813,Số 1 đường Giải Phóng - phường Bạch Mai - ĐHBK,21.0052,105.8418,2024-03-24,0,,,,,,53,0.049514126032590866,0.003353604581207037,0.044016484171152115,0.057523902505636215,0.04959256201982498,0,,,,,,156,0.7090643048286438,0.6805495619773865,-1.8034669160842896,1.70146644115448,0.9782600402832031,0,,,,,,,,,,,,,,,
4946813,Số 1 đường Giải Phóng - phường Bạch Mai - ĐHBK,21.0052,105.8418,2024-03-25,81,4.487050318857655e-05,6.512788786494639e-06,3.263234975747764e-05,6.383164873113856e-05,4.4329244701657444e-05,156,0.04906705394387245,0.003213331801816821,0.0418224036693573,0.055589720606803894,0.05002747103571892,148,1.262459500139812e-05,8.91209056135267e-05,-0.0001997417857637629,0.00023862908710725605,6.201003088790458e-06,156,-0.43020638823509216,0.3591538965702057,-1.1386255025863647,0.6801232695579529,-0.48385822772979736,0,,,,,,,,,,,,,,,
4946813,Số 1 đường Giải Phóng - phường Bạch Mai - ĐHBK,21.0052,105.8418,2024-03-26,0,,,,,,121,0.05577032268047333,0.004494235385209322,0.049118559807538986,0.06537444144487381,0.053941916674375534,25,-5.533908188226633e-05,8.664348570164293e-05,-0.00021252849546726793,0.0001159358725999482,-4.6219818614190444e-05,156,-0.6908175349235535,0.6397325992584229,-2.046471357345581,0.6675923466682434,-0.7682453393936157,0,,,,,,,,,,,,,,,
4946813,Số 1 đường Giải Phóng - phường Bạch Mai - ĐHBK,21.0052,105.8418,2024-03-27,9,8.400611113756895e-05,8.539903319615405e-06,7.063359225867316e-05,9.607789979781955e-05,8.552985673304647e-05,16,0.057824112474918365,0.001102185109630227,0.05673927068710327,0.05947636812925339,0.057154711335897446,43,-4.953329698764719e-05,0.00015258570783771574,-0.00033809119486249983,0.00019069763948209584,-7.463024667231366e-05,156,0.7033531665802002,0.1841517835855484,0.024467455223202705,1.1591286659240723,0.6991991400718689,0,,,,,,,,,,,,,,,
4946813,Số 1 đường Giải Phóng - phường Bạch Mai - ĐHBK,21.0052,105.8418,2024-03-28,0,,,,,,3,0.07935083657503128,0.004434066358953714,0.0762154832482338,0.08562155812978745,0.0762154832482338,0,,,,,,156,1.953285813331604,1.0872398614883423,-0.2161325216293335,3.5907583236694336,2.387026309967041,45954,-0.0178235936909914,0.010861814022064209,-0.08620685338973999,0.02937784232199192,-0.016142716631293297,-0.15460821986198425,0.04461251571774483,-0.30478671193122864,-0.03443335369229317,-0.15140849351882935,0.01521773636341095,0.015267884358763695,-0.02569914050400257,0.10277560353279114,0.012505787424743176
4946813,Số 1 đường Giải Phóng - phường Bạch Mai - ĐHBK,21.0052,105.8418,2024-03-29,2,6.0541657148860395e-05,1.2424694432411343e-05,4.811696271644905e-05,7.296635158127174e-05,6.0541657148860395e-05,13,0.06176415830850601,0.003864720230922103,0.05661820247769356,0.06893163174390793,0.06117557734251022,4,-1.815491032175487e-06,6.882443994982168e-05,-0.00011218033614568412,7.737301348242909e-05,1.3772678357781842e-05,156,0.44976839423179626,0.6958433389663696,-2.1276464462280273,2.5835893154144287,0.3633164167404175,0,,,,,,,,,,,,,,,
4946813,Số 1 đường Giải Phóng - phường Bạch Mai - ĐHBK,21.0052,105.8418,2024-03-30,3,5.9340749430703e-05,3.652584155133809e-06,5.5650809372309595e-05,6.431626388803124e-05,5.805517139378935e-05,83,0.0582246333360672,0.006470942869782448,0.048288051038980484,0.07548130303621292,0.05767202749848366,26,-1.2470675756048877e-05,5.4815045587019995e-05,-0.00012727473222184926,9.588547254679725e-05,-1.3641785699292086e-05,156,1.0984745025634766,1.2669862508773804,-1.3072075843811035,3.4886834621429443,1.2710881233215332,0,,,,,,,,,,,,,,,
4946813,Số 1 đường Giải Phóng - phường Bạch Mai - ĐHBK,21.0052,105.8418,2024-03-31,152,7.96641907072626e-05,3.674341496662237e-05,3.229330468457192e-05,0.0002014445053646341,7.40927571314387e-05,62,0.0757564902305603,0.0038433982990682125,0.06633171439170837,0.0816316083073616,0.07569068670272827,156,-1.7589245544513687e-05,0.0001771542156348005,-0.0004060944775119424,0.0004406640655361116,-6.666314220638014e-06,156,0.782154381275177,0.3533652424812317,0.08946334570646286,1.327263593673706,0.8036192655563354,0,,,,,,,,,,,,,,,
4946813,Số 1 đường Giải Phóng - phường Bạch Mai - ĐHBK,21.0052,105.8418,2024-04-01,151,7.025070226518437e-05,9.74013892118819e-06,4.1005314415087923e-05,9.2823822342325e-05,6.98829535394907e-05,1,0.06681715697050095,0.0,0.06681715697050095,0.06681715697050095,0.06681715697050095,156,3.432156518101692e-05,0.0005208098446018994,-0.0014303878415375948,0.0013533106539398432,-5.5862561566755176e-05,156,1.6007333993911743,0.18214151263237,1.1792453527450562,1.9733489751815796,1.5998075008392334,0,,,,,,,,,,,,,,,
4946813,Số 1 đường Giải Phóng - phường Bạch Mai - ĐHBK,21.0052,105.8418,2024-04-02,156,9.059043077286333e-05,1.955381412699353e-05,6.027453491697088e-05,0.00014203251339495182,8.624322799732909e-05,74,0.07632434368133545,0.002953616203740239,0.0697426050901413,0.08296699076890945,0.07582034170627594,156,8.670520037412643e-05,0.0002547019685152918,-0.0004947069101035595,0.000880083825904876,9.001480066217482e-05,156,1.5635427236557007,0.14013026654720306,1.193178415298462,1.860139012336731,1.5720491409301758,45954,0.10805821418762207,0.08736099302768707,-0.3926316499710083,0.531301736831665,0.08795979619026184,0.07577427476644516,0.13511298596858978,-0.47845587134361267,0.766220211982727,0.10336413979530334,-0.10023060441017151,0.08174663782119751,-0.45919114351272583,0.18181727826595306,-0.09352483600378036
4946813,Số 1 đường Giải Phóng - phường Bạch Mai - ĐHBK,21.0052,105.8418,2024-04-03,156,8.588915079599246e-05,1.6713271179469302e-05,4.586166323861107e-05,0.00014336312597151846,8.641928434371948e-05,67,0.07863575965166092,0.006836055312305689,0.06683067977428436,0.08987918496131897,0.07729396224021912,156,3.3487665405118605e-06,0.00019496715685818344,-0.0005448246374726295,0.0007587833679281175,-1.2450007034203736e-06,156,1.5468820333480835,0.39951595664024353,0.9995994567871094,2.383131265640259,1.3763302564620972,0,,,,,,,,,,,,,,,
4946813,Số 1 đường Giải Phóng - phường Bạch Mai - ĐHBK,21.0052,105.8418,2024-04-04,9,8.178791176760569e-05,1.2802777746401262e-05,5.8126919611822814e-05,9.736386709846556e-05,7.72610364947468e-05,155,0.0688716247677803,0.0066633098758757114,0.05697702243924141,0.09061971306800842,0.06840375810861588,53,8.89247348823119e-06,7.65940931160003e-05,-0.00012064442125847563,0.00020885493722744286,1.1996472494502086e-05,156,2.6341707706451416,0.4609869718551636,1.5915590524673462,4.350654125213623,2.6068553924560547,0,,,,,,,,,,,,,,,
4946813,Số 1 đường Giải Phóng - phường Bạch Mai - ĐHBK,21.0052,105.8418,2024-04-05,0,,,,,,44,0.09898459911346436,0.003970447927713394,0.09045390784740448,0.10777998715639114,0.09901534765958786,7,-2.2963940864428878e-06,8.790204446995631e-05,-9.713912731967866e-05,0.0001520319638075307,1.5584741049678996e-05,156,4.189900875091553,0.6171806454658508,2.5470845699310303,5.058150768280029,4.39143705368042,0,,,,,,,,,,,,,,,
4946813,Số 1 đường Giải Phóng - phường Bạch Mai - ĐHBK,21.0052,105.8418,2024-04-06,0,,,,,,34,0.0830363780260086,0.0036012507043778896,0.07793625444173813,0.08819492906332016,0.08215255290269852,0,,,,,,156,3.137000560760498,0.3838180601596832,2.308671712875366,3.686767339706421,3.2540292739868164,0,,,,,,,,,,,,,,,
4946813,Số 1 đường Giải Phóng - phường Bạch Mai - ĐHBK,21.0052,105.8418,2024-04-07,0,,,,,,57,0.06555452942848206,0.0009947591461241245,0.0631893053650856,0.06763788312673569,0.06537056714296341,0,,,,,,156,2.5310122966766357,0.21750326454639435,1.9344556331634521,3.108288526535034,2.541515350341797,45954,-0.030247673392295837,0.003948674537241459,-0.04506697505712509,-0.014830488711595535,-0.030326278880238533,-0.19901558756828308,0.01578136533498764,-0.2617495059967041,-0.15608519315719604,-0.19703829288482666,0.03028554469347,0.005106634460389614,0.008112902753055096,0.0476190410554409,0.03054841049015522
4946813,Số 1 đường Giải Phóng - phường Bạch Mai - ĐHBK,21.0052,105.8418,2024-04-08,0,,,,,,0,,,,,,0,,,,,,156,2.6008188724517822,0.1634773164987564,2.126750946044922,2.8916001319885254,2.6126837730407715,0,,,,,,,,,,,,,,,
4946813,Số 1 đường Giải Phóng - phường Bạch Mai - ĐHBK,21.0052,105.8418,2024-04-09,0,,,,,,5,0.07451824843883514,0.0014847622951492667,0.07272117584943771,0.07592352479696274,0.07530186325311661,0,,,,,,156,1.5859087705612183,0.3429507315158844,0.5619969964027405,2.266040802001953,1.6256192922592163,0,,,,,,,,,,,,,,,
4946813,Số 1 đường Giải Phóng - phường Bạch Mai - ĐHBK,21.0052,105.8418,2024-04-10,0,,,,,,8,0.06713732331991196,0.0020762670319527388,0.065615214407444,0.07061988860368729,0.0657748281955719,0,,,,,,156,-0.25405174493789673,0.3014342486858368,-1.0363430976867676,0.3701034486293793,-0.18520356714725494,0,,,,,,,,,,,,,,,
4946813,Số 1 đường Giải Phóng - phường Bạch Mai - ĐHBK,21.0052,105.8418,2024-04-11,0,,,,,,110,0.07716560363769531,0.002546832198277116,0.0717700645327568,0.0828947126865387,0.07688240706920624,29,2.776460132736247e-05,8.763854566495866e-05,-0.00014770239067729563,0.00016336498083546758,1.742304812069051e-05,156,0.79449862241745,0.4885904788970947,-0.08789332956075668,1.946648120880127,0.7469122409820557,0,,,,,,,,,,,,,,,
4946813,Số 1 đường Giải Phóng - phường Bạch Mai - ĐHBK,21.0052,105.8418,2024-04-12,10,4.30306390626356e-05,7.780386113154236e-06,3.466251655481756e-05,5.747253089793958e-05,4.052138319821097e-05,13,0.06810352206230164,0.0008579645655117929,0.06717824935913086,0.06926334649324417,0.06743652373552322,18,9.530620445730165e-06,7.000169716775417e-05,-0.00010680354171199724,0.0001053501182468608,4.420480763656087e-06,156,1.5780413150787354,0.3120836317539215,0.6030692458152771,2.0983023643493652,1.6111187934875488,45954,0.0002283864450873807,0.011010018177330494,-0.1177729070186615,0.07661077380180359,0.0009002236765809357,-0.06726474314928055,0.02110515534877777,-0.18812964856624603,0.12549051642417908,-0.06934238225221634,-0.0010473167058080435,0.009783012792468071,-0.02283385582268238,0.09276480227708817,-0.0032267612405121326
4946813,Số 1 đường Giải Phóng - phường Bạch Mai - ĐHBK,21.0052,105.8418,2024-04-13,10,7.083993114065379e-05,1.575087480887305e-05,5.3222873248159885e-05,0.00010674373334040865,7.241449202410877e-05,16,0.06075610965490341,0.002194406231865287,0.058867860585451126,0.06475380063056946,0.059028513729572296,11,-8.872747275745496e-05,0.00011178461863892153,-0.0003127017698716372,8.387574780499563e-05,-8.107017492875457e-05,156,0.7055398225784302,0.6824151277542114,-0.412626177072525,2.1238741874694824,0.5323519706726074,0,,,,,,,,,,,,,,,
4946813,Số 1 đường Giải Phóng - phường Bạch Mai - ĐHBK,21.0052,105.8418,2024-04-14,2,5.254647840047255e-05,1.7011170712066814e-06,5.0845363148255274e-05,5.4247597290668637e-05,5.254647840047255e-05,23,0.06967802345752716,0.0038892084266990423,0.06441160291433334,0.0767667293548584,0.0683053731918335,2,4.952805829816498e-05,8.164736209437251e-05,-3.2119300158228725e-05,0.00013117541675455868,4.952805829816498e-05,156,1.8316940069198608,0.5315196514129639,0.03419031202793121,2.884345293045044,1.8973493576049805,0,,,,,,,,,,,,,,,
4946813,Số 1 đường Giải Phóng - phường Bạch Mai - ĐHBK,21.0052,105.8418,2024-04-15,0,,,,,,14,0.06770528107881546,0.0024324292317032814,0.06513558328151703,0.07260261476039886,0.06690052151679993,0,,,,,,156,2.0582239627838135,0.5428071022033691,0.675676703453064,3.059448719024658,2.146742343902588,0,,,,,,,,,,,,,,,
4946813,Số 1 đường Giải Phóng - phường Bạch Mai - ĐHBK,21.0052,105.8418,2024-04-16,153,6.145900260889903e-05,2.7260195565759204e-05,2.516557287890464e-05,0.00012883804447483271,5.068150130682625e-05,114,0.06179609149694443,0.001998894615098834,0.05834313854575157,0.0660674050450325,0.06162450835108757,156,2.463203782099299e-05,0.00016728640184737742,-0.0003797968674916774,0.0004584142880048603,2.0527852029772475e-05,156,0.08162279427051544,0.16300073266029358,-0.2126806676387787,0.438503235578537,0.06434266269207001,0,,,,,,,,,,,,,,,
4946813,Số 1 đường Giải Phóng - phường Bạch Mai - ĐHBK,21.0052,105.8418,2024-04-17,3,6.078887963667512e-05,8.680892278789543e-06,5.465056165121496e-05,7.306551560759544e-05,5.465056165121496e-05,80,0.06503070890903473,0.0033599534071981907,0.0598205141723156,0.07041746377944946,0.06605708599090576,27,-1.0995888260367792e-05,0.00019198171503376216,-0.0002546771429479122,0.0004405762883834541,-7.906615792308003e-05,156,1.3660284280776978,0.28873685002326965,0.5761881470680237,2.263781785964966,1.3448221683502197,45954,-0.033615030348300934,0.00962300505489111,-0.11137807369232178,0.03256618231534958,-0.0324295349419117,-0.06627008318901062,0.04176540672779083,-0.2297929972410202,0.05256431922316551,-0.05606723949313164,0.033421192318201065,0.013107572682201862,0.003117685904726386,0.11176169663667679,0.03154385834932327
4946813,Số 1 đường Giải Phóng - phường Bạch Mai - ĐHBK,21.0052,105.8418,2024-04-18,152,9.362414130009711e-05,5.487427915795706e-05,1.875316047517117e-05,0.0002703613427001983,7.658427784917876e-05,87,0.07039319723844528,0.0021728482097387314,0.06295650452375412,0.07380735874176025,0.07031941413879395,156,2.939406294899527e-05,0.00017544136790093035,-0.0005385818076319993,0.0006430041394196451,3.9061840652721e-05,156,0.7772219181060791,0.25191929936408997,0.3405742943286896,1.4004454612731934,0.7033629417419434,0,,,,,,,,,,,,,,,
4946813,Số 1 đường Giải Phóng - phường Bạch Mai - ĐHBK,21.0052,105.8418,2024-04-19,53,9.436698746867478e-05,2.8526188543764874e-05,3.698440923471935e-05,0.00014450112939812243,9.360184049000964e-05,50,0.06771107017993927,0.003909170161932707,0.061089541763067245,0.07636880874633789,0.06792125105857849,61,4.256319152773358e-05,0.00016755459364503622,-0.0003262415120843798,0.00042180551099590957,4.9551654228707775e-05,156,-0.08844846487045288,0.3543056845664978,-0.7626091241836548,1.0925124883651733,-0.1277073621749878,0,,,,,,,,,,,,,,,
4946813,Số 1 đường Giải Phóng - phường Bạch Mai - ĐHBK,21.0052,105.8418,2024-04-20,156,5.2185776439728215e-05,1.6136011254275218e-05,1.7343105355394073e-05,9.32304683374241e-05,5.105889431433752e-05,100,0.06100831180810928,0.004554480779916048,0.053405892103910446,0.07356417179107666,0.060174115002155304,156,5.893711932003498e-05,0.00018316357454750687,-0.00042724283412098885,0.0005861310055479407,6.010064680594951e-05,156,-0.5376504063606262,0.10895049571990967,-0.9932938814163208,-0.25365668535232544,-0.5223969221115112,0,,,,,,,,,,,,,,,
4946813,Số 1 đường Giải Phóng - phường Bạch Mai - ĐHBK,21.0052,105.8418,2024-04-21,1,5.733237776439637e-05,0.0,5.733237776439637e-05,5.733237776439637e-05,5.733237776439637e-05,156,0.06260550022125244,0.003481876803562045,0.05567783862352371,0.06960657984018326,0.06289840489625931,64,3.6347457353258505e-05,7.929156708996743e-05,-0.00010998616926372051,0.00020987214520573616,2.3705601051915437e-05,156,1.0026025772094727,0.444988876581192,0.06679416447877884,1.8846094608306885,1.011453628540039,0,,,,,,,,,,,,,,,
4946813,Số 1 đường Giải Phóng - phường Bạch Mai - ĐHBK,21.0052,105.8418,2024-04-22,0,,,,,,124,0.06169774755835533,0.0032813057769089937,0.055887576192617416,0.06678246706724167,0.062142226845026016,0,,,,,,144,1.091564655303955,0.44732940196990967,0.1945728063583374,2.130155563354492,1.0568907260894775,45954,-0.029280809685587883,0.00526677630841732,-0.051025744527578354,-0.00636360514909029,-0.02925986424088478,-0.1638777107000351,0.01342470571398735,-0.2045995444059372,-0.12998202443122864,-0.16333763301372528,0.03444727137684822,0.006359393708407879,0.01504674181342125,0.05738574638962746,0.033771101385354996
4946813,Số 1 đường Giải Phóng - phường Bạch Mai - ĐHBK,21.0052,105.8418,2024-04-23,4,6.705975829390809e-05,9.420546120963991e-08,6.696554919471964e-05,6.715396011713892e-05,6.705975101795048e-05,88,0.061063170433044434,0.003535214811563492,0.054439693689346313,0.06849116086959839,0.060478780418634415,50,-3.300853131804615e-05,8.169241482391953e-05,-0.00017625137115828693,0.00014711260155308992,-5.196399433771148e-05,156,1.3435664176940918,0.3814679682254791,0.6074601411819458,2.474111557006836,1.3295655250549316,0,,,,,,,,,,,,,,,
4946813,Số 1 đường Giải Phóng - phường Bạch Mai - ĐHBK,21.0052,105.8418,2024-04-24,0,,,,,,4,0.06261356174945831,0.0016523711383342743,0.06096119433641434,0.06426593661308289,0.06261356174945831,0,,,,,,156,0.18697646260261536,0.44079142808914185,-0.46451500058174133,2.2513179779052734,0.05344299226999283,0,,,,,,,,,,,,,,,
4946813,Số 1 đường Giải Phóng - phường Bạch Mai - ĐHBK,21.0052,105.8418,2024-04-25,136,8.407255518250167e-05,3.765736619243398e-05,2.2905340301804245e-05,0.0002126464678440243,7.517186168115586e-05,134,0.06138916686177254,0.0038359793834388256,0.05287103354930878,0.06892328709363937,0.06104988977313042,152,5.8341247495263815e-06,0.00015965923375915736,-0.0004516933986451477,0.0004134049522690475,-5.126324822413153e-07,156,-0.4914988875389099,0.2396041601896286,-0.9614174962043762,0.4232017397880554,-0.5470522046089172,0,,,,,,,,,,,,,,,
4946813,Số 1 đường Giải Phóng - phường Bạch Mai - ĐHBK,21.0052,105.8418,2024-04-26,155,6.143885548226535e-05,1.5418383554788306e-05,3.171333082718775e-05,0.00010868755634874105,5.976869215373881e-05,78,0.053417760878801346,0.0036878592800348997,0.046484190970659256,0.06286010891199112,0.05273083969950676,156,6.475918780779466e-05,0.00018790467584040016,-0.00027815005159936845,0.0006234388565644622,7.023602665867656e-05,156,-0.6853461861610413,0.07230423390865326,-1.0316072702407837,-0.5283671021461487,-0.6855960488319397,0,,,,,,,,,,,,,,,
4946813,Số 1 đường Giải Phóng - phường Bạch Mai - ĐHBK,21.0052,105.8418,2024-04-27,156,5.931302803219296e-05,1.4016156455909368e-05,3.296318755019456e-05,0.00010607166768750176,5.656221037497744e-05,23,0.05733606219291687,0.0012552158441394567,0.055666275322437286,0.05957406386733055,0.057695645838975906,156,8.313026773976162e-05,0.0002035731595242396,-0.00041602784767746925,0.0005767192924395204,7.501969957957044e-05,156,0.47322121262550354,0.09085182100534439,0.2617424428462982,0.71836918592453,0.47021037340164185,45954,0.2561356723308563,0.1849459707736969,-0.3080243766307831,0.8431750535964966,0.19975584745407104,0.09591350704431534,0.1658012419939041,-0.6874971985816956,0.7903697490692139,0.12149761617183685,-0.2837516963481903,0.16410158574581146,-0.7485801577568054,0.6284565329551697,-0.26689645648002625
4946813,Số 1 đường Giải Phóng - phường Bạch Mai - ĐHBK,21.0052,105.8418,2024-04-28,156,5.928531027166173e-05,1.3156384738977067e-05,3.913671389454976e-05,0.00011256558354943991,5.7500754337524995e-05,34,0.0609620176255703,0.001463533379137516,0.05842077359557152,0.06270556896924973,0.06133146584033966,156,5.221757965045981e-05,0.0002401339152129367,-0.0005340570933185518,0.0007231448544189334,5.065339428256266e-05,156,1.2550156116485596,0.14770735800266266,0.9450693726539612,1.5475350618362427,1.2340607643127441,0,,,,,,,,,,,,,,,
4946813,Số 1 đường Giải Phóng - phường Bạch Mai - ĐHBK,21.0052,105.8418,2024-04-29,156,6.516584835480899e-05,2.015718746406492e-05,2.9496175557142124e-05,0.0001329193328274414,6.235268665477633e-05,147,0.07653127610683441,0.003299328964203596,0.06793691217899323,0.08521080017089844,0.07622924447059631,156,5.290541594149545e-05,0.00021981120517011732,-0.00047061670920811594,0.0008766684331931174,5.463912384584546e-05,156,1.031860113143921,0.11838294565677643,0.7491538524627686,1.25460946559906,1.0343419313430786,0,,,,,,,,,,,,,,,
4946813,Số 1 đường Giải Phóng - phường Bạch Mai - ĐHBK,21.0052,105.8418,2024-04-30,156,7.03851183061488e-05,9.448824130231515e-06,4.622444248525426e-05,9.862078877631575e-05,6.967769877519459e-05,90,0.08204266428947449,0.004772620741277933,0.07513350248336792,0.09184575080871582,0.08099180459976196,156,5.239630991127342e-05,0.00021161891345400363,-0.00046626702533103526,0.0006466383347287774,4.4047690607840195e-05,156,1.160905122756958,0.17707467079162598,0.7846648693084717,1.604838490486145,1.1206047534942627,0,,,,,,,,,,,,,,,
4946813,Số 1 đường Giải Phóng - phường Bạch Mai - ĐHBK,21.0052,105.8418,2024-05-01,0,,,,,,0,,,,,,0,,,,,,156,1.617608904838562,0.3321857154369354,0.426067978143692,2.3215043544769287,1.6297351121902466,0,,,,,,,,,,,,,,,
4946813,Số 1 đường Giải Phóng - phường Bạch Mai - ĐHBK,21.0052,105.8418,2024-05-02,0,,,,,,0,,,,,,0,,,,,,156,1.1099636554718018,0.3635847568511963,0.2930869162082672,1.7153717279434204,1.2060303688049316,45954,0.019122831523418427,0.03297734633088112,-0.2195446789264679,0.26591208577156067,0.021421603858470917,-0.09987374395132065,0.08654028177261353,-0.5207387804985046,0.21924938261508942,-0.07978886365890503,-0.03207223489880562,0.020224833860993385,-0.16251817345619202,0.10339724272489548,-0.0368199348449707
4946813,Số 1 đường Giải Phóng - phường Bạch Mai - ĐHBK,21.0052,105.8418,2024-05-03,0,,,,,,13,0.05906933546066284,0.0014343911316245794,0.05451743304729462,0.06004732474684715,0.058850012719631195,0,,,,,,156,1.1388217210769653,0.30861926078796387,0.40477755665779114,1.8371273279190063,1.1647355556488037,0,,,,,,,,,,,,,,,
4946813,Số 1 đường Giải Phóng - phường Bạch Mai - ĐHBK,21.0052,105.8418,2024-05-04,124,5.6376258726231754e-05,1.9493474610499106e-05,2.4714239771128632e-05,0.00010853612184291705,5.1529343181755394e-05,142,0.04998699203133583,0.002173393964767456,0.04565204679965973,0.054003484547138214,0.05025377869606018,153,3.9843500417191535e-05,0.0001609877508599311,-0.00031542713986709714,0.0005831824382767081,2.5255543732782826e-05,156,0.6260796785354614,0.407481849193573,-0.08524985611438751,1.8145087957382202,0.5905416011810303,0,,,,,,,,,,,,,,,
4946813,Số 1 đường Giải Phóng - phường Bạch Mai - ĐHBK,21.0052,105.8418,2024-05-05,10,4.966482083545998e-05,5.328234692569822e-06,4.5015502109890804e-05,6.483896140707657e-05,4.8494730435777456e-05,17,0.05992158129811287,0.0018582865595817566,0.05749927833676338,0.06259101629257202,0.060433197766542435,12,-5.2626168326241896e-05,0.00012121867621317506,-0.00023060172679834068,0.00012595050793606788,-1.9276052626082674e-05,156,0.6681309938430786,0.7535750865936279,-1.50197172164917,2.269545078277588,0.7528179883956909,0,,,,,,,,,,,,,,,
4946813,Số 1 đường Giải Phóng - phường Bạch Mai - ĐHBK,21.0052,105.8418,2024-05-06,15,9.040252916747704e-05,1.867142600531224e-05,6.8463254137896e-05,0.00012787000741809607,8.190710650524125e-05,71,0.04995892569422722,0.004338250029832125,0.04121873527765274,0.058546032756567,0.049926936626434326,34,2.2935262677492574e-05,8.692681149113923e-05,-0.00014019726950209588,0.00022382843599189073,1.8894636014010757e-05,156,-1.2701200246810913,0.6038833260536194,-2.37857985496521,0.43730440735816956,-1.3828186988830566,0,,,,,,,,,,,,,,,
4946813,Số 1 đường Giải Phóng - phường Bạch Mai - ĐHBK,21.0052,105.8418,2024-05-07,0,,,,,,61,0.05574290081858635,0.0035095210187137127,0.048865217715501785,0.0621502622961998,0.05523345246911049,3,2.8188209398649633e-05,0.00017060608661267906,-0.0002130852226400748,0.00014882492541801184,0.00014882492541801184,156,-0.9510725736618042,0.3786674737930298,-1.9991399049758911,0.1486341953277588,-0.9418771862983704,45954,-0.0026378175243735313,0.029638543725013733,-0.1512828916311264,0.2049979418516159,-0.005586598068475723,-0.05264460667967796,0.061206139624118805,-0.3471534252166748,0.18328559398651123,-0.04823436215519905,0.021313685923814774,0.02429274655878544,-0.11849510669708252,0.17104756832122803,0.019707228988409042
4946813,Số 1 đường Giải Phóng - phường Bạch Mai - ĐHBK,21.0052,105.8418,2024-05-08,10,4.601890395861119e-05,8.28959218779346e-06,3.3818025258369744e-05,6.782833952456713e-05,4.550248559098691e-05,88,0.043603524565696716,0.004625922068953514,0.03477556258440018,0.051949307322502136,0.044973958283662796,5,-0.00033031258499249816,0.0003204694949090481,-0.0007644937722943723,4.179575262241997e-05,-0.0004853303253185004,138,-1.143009066581726,1.104544997215271,-3.8356575965881348,0.4327186346054077,-0.8707099556922913,0,,,,,,,,,,,,,,,
4946813,Số 1 đường Giải Phóng - phường Bạch Mai - ĐHBK,21.0052,105.8418,2024-05-09,24,3.047042446269188e-05,4.737223662232282e-06,2.3064014385454357e-05,3.775522782234475e-05,3.000847573275678e-05,71,0.04746844992041588,0.0030559259466826916,0.04164470359683037,0.05216225981712341,0.047856125980615616,37,-4.753404209623113e-05,8.592652739025652e-05,-0.0002108440239680931,0.00011761639325413853,-7.312497473321855e-05,156,0.2993554472923279,0.8584211468696594,-1.0697174072265625,2.324026107788086,0.20277033746242523,0,,,,,,,,,,,,,,,
4946813,Số 1 đường Giải Phóng - phường Bạch Mai - ĐHBK,21.0052,105.8418,2024-05-10,44,5.473380224430002e-05,1.8694567188504152e-05,2.4081724404823035e-05,0.00010367266077082604,5.080360278952867e-05,77,0.04601338505744934,0.002157903276383877,0.042218733578920364,0.04966345056891441,0.046351201832294464,64,2.897531885537319e-06,0.00014526266022585332,-0.00025015731807798147,0.00042246756493113935,1.1418751455494203e-05,156,-0.7976261377334595,0.3404637277126312,-1.484459638595581,0.584368109703064,-0.8237283825874329,0,,,,,,,,,,,,,,,
4946813,Số 1 đường Giải Phóng - phường Bạch Mai - ĐHBK,21.0052,105.8418,2024-05-11,75,6.357747042784467e-05,2.3508646336267702e-05,2.7262114599579945e-05,0.00012620454072020948,6.0834518080810085e-05,82,0.04762193188071251,0.004547297954559326,0.038175053894519806,0.05625024810433388,0.04720320552587509,104,-4.603795241564512e-05,0.00011608477507252246,-0.00034548071562312543,0.00029104220448061824,-4.003407229902223e-05,156,-1.3366137742996216,0.42793115973472595,-2.0161120891571045,-0.031193405389785767,-1.4363707304000854,0,,,,,,,,,,,,,,,
4946813,Số 1 đường Giải Phóng - phường Bạch Mai - ĐHBK,21.0052,105.8418,2024-05-12,58,6.501137977465987e-05,3.412201112951152e-05,2.904775828938e-05,0.00018773676129058003,5.380478251026943e-05,78,0.041740406304597855,0.0037436308339238167,0.03501151129603386,0.04830934852361679,0.042555682361125946,91,1.0375252713856753e-05,0.00014104189176578075,-0.00030930741922929883,0.00047550105955451727,-1.2736895769194234e-05,156,-1.467929482460022,0.4351627826690674,-2.3766658306121826,-0.060803718864917755,-1.4795856475830078,45954,-0.06767812371253967,0.0395977646112442,-0.3597431480884552,0.41558095812797546,-0.07020965963602066,-0.12066467106342316,0.14997142553329468,-0.5140370726585388,0.47031494975090027,-0.16219952702522278,0.09865584969520569,0.0331600047647953,-0.24467633664608002,0.2604367136955261,0.09931587427854538
4946813,Số 1 đường Giải Phóng - phường Bạch Mai - ĐHBK,21.0052,105.8418,2024-05-13,0,,,,,,91,0.05198860168457031,0.0013420889154076576,0.04616168513894081,0.054141607135534286,0.05228865146636963,12,-2.4195331207010895e-05,7.813426054781303e-05,-0.0001891872234409675,3.7924233765807e-05,2.1431560526252724e-06,156,-1.1358987092971802,0.5292743444442749,-2.1571595668792725,-0.01663505844771862,-1.2194483280181885,0,,,,,,,,,,,,,,,
4946813,Số 1 đường Giải Phóng - phường Bạch Mai - ĐHBK,21.0052,105.8418,2024-05-14,72,4.9837373808259144e-05,1.2812691238650586e-05,2.451043837936595e-05,8.585682371631265e-05,4.715406248578802e-05,110,0.05288085341453552,0.001956651220098138,0.04935970529913902,0.056545890867710114,0.052519433200359344,102,2.7927115297643468e-05,0.00014176942931953818,-0.000207283315830864,0.0003368477919138968,2.323382068425417e-05,156,0.27692604064941406,0.5222292542457581,-0.7654016017913818,1.2516539096832275,0.3393004834651947,0,,,,,,,,,,,,,,,
4946813,Số 1 đường Giải Phóng - phường Bạch Mai - ĐHBK,21.0052,105.8418,2024-05-15,0,,,,,,3,0.05166773870587349,3.725290298461914e-09,0.05166774243116379,0.05166774243116379,0.05166774243116379,0,,,,,,156,-0.17550039291381836,0.34446167945861816,-1.2006092071533203,0.42973941564559937,-0.08560407906770706,0,,,,,,,,,,,,,,,
4946813,Số 1 đường Giải Phóng - phường Bạch Mai - ĐHBK,21.0052,105.8418,2024-05-16,19,3.4287222661077976e-05,8.36885465105297e-06,1.9100301869912073e-05,4.79088157590013e-05,3.506561552057974e-05,35,0.04997074604034424,0.0022789794020354748,0.04602433741092682,0.053153324872255325,0.05018746852874756,25,-1.2111021533200983e-05,0.00015332810289692134,-0.0002770307764876634,0.0003043286269530654,-4.57364549220074e-05,156,-1.0481629371643066,0.7521405220031738,-2.327754020690918,1.2088953256607056,-1.3090530633926392,0,,,,,,,,,,,,,,,
4946813,Số 1 đường Giải Phóng - phường Bạch Mai - ĐHBK,21.0052,105.8418,2024-05-17,2,1.9826495190500282e-05,2.6118104869965464e-06,1.7214684703503735e-05,2.2438305677496828e-05,1.9826495190500282e-05,57,0.05065920948982239,0.00414842925965786,0.03835201635956764,0.057868197560310364,0.05145332217216492,27,-2.5282763090217486e-05,7.156859646784142e-05,-0.00012919193250127137,9.210119605995715e-05,-1.2758451703120954e-05,156,-1.1004867553710938,0.6153194308280945,-2.3772854804992676,0.3702284097671509,-1.1541321277618408,45954,0.1557368040084839,0.12120003253221512,-0.427680104970932,0.7658286094665527,0.12227034568786621,0.07003745436668396,0.16086933016777039,-0.6756269931793213,0.715400755405426,0.09436983615159988,-0.14462126791477203,0.11030042916536331,-0.5231608152389526,0.18069922924041748,-0.13201311230659485
4946813,Số 1 đường Giải Phóng - phường Bạch Mai - ĐHBK,21.0052,105.8418,2024-05-18,0,,,,,,72,0.042133089154958725,0.0013163042021915317,0.040047917515039444,0.04505910351872444,0.042369596660137177,3,4.0021233871812e-05,0.00013154317275620997,-0.0001460088969906792,0.000133036301122047,0.000133036301122047,156,-1.6469902992248535,0.40884488821029663,-2.412464141845703,-0.7234372496604919,-1.6879405975341797,0,,,,,,,,,,,,,,,
4946813,Số 1 đường Giải Phóng - phường Bạch Mai - ĐHBK,21.0052,105.8418,2024-05-19,0,,,,,,0,,,,,,31,8.425535634160042e-05,0.0003868681669700891,-0.0005413267645053566,0.001066070282831788,8.546570461476222e-05,156,0.6323504447937012,0.4094194173812866,0.008684162981808186,1.405604600906372,0.7553751468658447,0,,,,,,,,,,,,,,,
4946813,Số 1 đường Giải Phóng - phường Bạch Mai - ĐHBK,21.0052,105.8418,2024-05-20,0,,,,,,0,,,,,,0,,,,,,156,-0.062164027243852615,0.2911081612110138,-0.766289472579956,0.6811888813972473,-0.10375774651765823,0,,,,,,,,,,,,,,,
4946813,Số 1 đường Giải Phóng - phường Bạch Mai - ĐHBK,21.0052,105.8418,2024-05-21,53,4.535600237431936e-05,1.1933208952541463e-05,1.6590925952186808e-05,7.009469845797867e-05,4.287177944206633e-05,95,0.054508309811353683,0.0029660824220627546,0.04790114611387253,0.0607382096350193,0.05447160080075264,70,3.2114458008436486e-05,0.000135844195028767,-0.00022999822976998985,0.00033489681663922966,2.326445610378869e-05,156,-0.8510063290596008,0.9676791429519653,-2.2144482135772705,1.8246893882751465,-1.1504840850830078,0,,,,,,,,,,,,,,,
4946813,Số 1 đường Giải Phóng - phường Bạch Mai - ĐHBK,21.0052,105.8418,2024-05-22,12,4.808076118933968e-05,1.071799033525167e-05,3.439987267483957e-05,6.916290294611827e-05,4.719665230368264e-05,46,0.04738185182213783,0.0027282817754894495,0.042005185037851334,0.05553622543811798,0.04703747481107712,59,-6.331912118184846e-06,0.00013154736370779574,-0.0003649211139418185,0.00038179391412995756,-1.990808596019633e-05,156,-1.580095887184143,0.3318862020969391,-2.1616122722625732,-0.661641538143158,-1.5943766832351685,45954,-0.051376812160015106,0.033791277557611465,-0.24329185485839844,0.1745923012495041,-0.0547000877559185,-0.12925371527671814,0.06052680313587189,-0.32470273971557617,0.1349051594734192,-0.12941157817840576,0.0816938579082489,0.02420441061258316,-0.09333313256502151,0.21286606788635254,0.08599577844142914
4946813,Số 1 đường Giải Phóng - phường Bạch Mai - ĐHBK,21.0052,105.8418,2024-05-23,1,4.796904613613151e-05,0.0,4.796904613613151e-05,4.796904613613151e-05,4.796904613613151e-05,1,0.05147022008895874,0.0,0.05147022008895874,0.05147022008895874,0.05147022008895874,10,1.633541614864953e-05,0.00015132890257518739,-0.0002824231924023479,0.00033076689578592777,3.6773188185179606e-05,156,-1.5338001251220703,0.41359132528305054,-2.2097647190093994,-0.49744006991386414,-1.558807134628296,0,,,,,,,,,,,,,,,
4946813,Số 1 đường Giải Phóng - phường Bạch Mai - ĐHBK,21.0052,105.8418,2024-05-24,18,4.5339795178733766e-05,1.0504762030905113e-05,3.298730371170677e-05,7.449064287357032e-05,4.521153459791094e-05,115,0.04484007507562637,0.004520375747233629,0.03783510997891426,0.05390306934714317,0.04439174756407738,23,0.00013596497592516243,0.0004498027847148478,-0.000674412411171943,0.0010237576207146049,-3.7036556022940204e-05,138,-0.3602427542209625,0.6783469915390015,-1.5873464345932007,1.393418788909912,-0.37672510743141174,0,,,,,,,,,,,,,,,
4946813,Số 1 đường Giải Phóng - phường Bạch Mai - ĐHBK,21.0052,105.8418,2024-05-25,0,,,,,,11,0.03142884746193886,0.0006564908544532955,0.03003728948533535,0.032411519438028336,0.031429167836904526,0,,,,,,156,-0.14091277122497559,0.30828943848609924,-0.7986315488815308,1.046226143836975,-0.18159829080104828,0,,,,,,,,,,,,,,,
4946813,Số 1 đường Giải Phóng - phường Bạch Mai - ĐHBK,21.0052,105.8418,2024-05-26,86,6.999726610956714e-05,4.617334343492985e-05,3.238430679175508e-07,0.00020751747069880366,6.110262620495632e-05,30,0.03022618778049946,0.0017505744472146034,0.027597656473517418,0.034920722246170044,0.02995147928595543,106,-4.650264315841923e-07,0.00015287245332729071,-0.000307781680021435,0.0002956530952360481,7.91903403296601e-06,156,-0.9104418754577637,0.2404816746711731,-1.5859090089797974,-0.11513703316450119,-0.9393928050994873,0,,,,,,,,,,,,,,,
4946813,Số 1 đường Giải Phóng - phường Bạch Mai - ĐHBK,21.0052,105.8418,2024-05-27,89,4.814806015929207e-05,1.5370249457191676e-05,3.8971970752754714e-06,9.375569061376154e-05,4.79153313790448e-05,68,0.033772062510252,0.002850041724741459,0.026500286534428596,0.03973410651087761,0.033392809331417084,93,-1.779131343937479e-05,0.00014041620306670666,-0.00035381157067604363,0.00032652876689098775,-3.782702606258681e-06,156,-1.0056487321853638,0.3413330614566803,-1.7745238542556763,0.13003897666931152,-1.005587100982666,45954,0.07411745935678482,0.03275104612112045,-0.060435615479946136,0.33412787318229675,0.06965982913970947,-0.08743494004011154,0.05121123418211937,-0.18777266144752502,0.16804863512516022,-0.09913712739944458,-0.061079613864421844,0.03115035407245159,-0.3361184000968933,0.013175185769796371,-0.05345207452774048
4946813,Số 1 đường Giải Phóng - phường Bạch Mai - ĐHBK,21.0052,105.8418,2024-05-28,0,,,,,,6,0.03834853693842888,0.0011475529754534364,0.035917188972234726,0.03903574496507645,0.03903574496507645,11,4.537411587079987e-05,0.00011344515951350331,-0.00020151435455773026,0.00014598015695810318,0.00010240154369967058,156,-1.4958161115646362,0.4723595678806305,-2.294337272644043,-0.25780948996543884,-1.5433270931243896,0,,,,,,,,,,,,,,,
4946813,Số 1 đường Giải Phóng - phường Bạch Mai - ĐHBK,21.0052,105.8418,2024-05-29,91,4.540519876172766e-05,1.3470313206198625e-05,1.0980636943713762e-05,7.75276857893914e-05,4.5929456973681226e-05,121,0.040906306356191635,0.0019230485195294023,0.037765488028526306,0.04499364271759987,0.04051617160439491,147,4.058455306221731e-05,0.00016693327052053064,-0.00035337830195203424,0.00045350196887739,7.299722346942872e-05,156,-1.1808944940567017,0.3426465392112732,-1.7534070014953613,-0.20605424046516418,-1.2309192419052124,0,,,,,,,,,,,,,,,
4946813,Số 1 đường Giải Phóng - phường Bạch Mai - ĐHBK,21.0052,105.8418,2024-05-30,19,4.089851790922694e-05,5.155359758646227e-06,3.3203945349669084e-05,5.046133082942106e-05,4.132097092224285e-05,110,0.043520793318748474,0.0015335396165028214,0.03951026126742363,0.046315282583236694,0.0435711033642292,71,-1.0056341125164181e-05,0.00012637331383302808,-0.00023696992138866335,0.0002858741208910942,-1.2343192793196067e-05,156,0.535733163356781,0.48656001687049866,-0.46289023756980896,1.7103416919708252,0.5404501557350159,0,,,,,,,,,,,,,,,
4946813,Số 1 đường Giải Phóng - phường Bạch Mai - ĐHBK,21.0052,105.8418,2024-05-31,0,,,,,,21,0.04517359286546707,0.004241884220391512,0.03955104947090149,0.05075027793645859,0.043712690472602844,2,0.00021638063481077552,0.0,0.00021638063481077552,0.00021638063481077552,0.00021638063481077552,156,-0.2480934113264084,0.5314011573791504,-1.7272130250930786,1.0316983461380005,-0.1863938868045807,0,,,,,,,,,,,,,,,
4946813,Số 1 đường Giải Phóng - phường Bạch Mai - ĐHBK,21.0052,105.8418,2024-06-01,57,4.1200390114681795e-05,1.187496764032403e-05,1.4918726265022997e-05,6.914617551956326e-05,4.1216990211978555e-05,103,0.04816639423370361,0.004395448137074709,0.038808900862932205,0.060942791402339935,0.0477672778069973,82,-1.5086415260157082e-05,0.00011674939742079005,-0.0003477680729702115,0.00035954033955931664,-5.840645826538093e-06,156,-1.4442014694213867,0.36161452531814575,-2.408477306365967,-0.3811313211917877,-1.4335896968841553,45954,-0.01256033219397068,0.03534622862935066,-0.1477728635072708,0.25535181164741516,-0.01846095360815525,-0.01898662932217121,0.03697200492024422,-0.14232613146305084,0.1986694186925888,-0.02319849655032158,0.042432595044374466,0.030055616050958633,-0.20397435128688812,0.1321864128112793,0.04668461158871651
4946813,Số 1 đường Giải Phóng - phường Bạch Mai - ĐHBK,21.0052,105.8418,2024-06-02,109,4.191926564089954e-05,1.0633529200276826e-05,1.752008574840147e-05,7.382872718153521e-05,4.155778879066929e-05,135,0.04399799928069115,0.0039016343653202057,0.03528757393360138,0.05435207858681679,0.04344092682003975,142,7.1077556640375406e-06,0.00011295179137960076,-0.00038017952465452254,0.00027281229267828166,1.3086581020615995e-05,156,-1.498430848121643,0.36176106333732605,-2.328429937362671,-0.3039990961551666,-1.5461881160736084,0,,,,,,,,,,,,,,,
4946813,Số 1 đường Giải Phóng - phường Bạch Mai - ĐHBK,21.0052,105.8418,2024-06-03,53,6.017013220116496e-05,1.2558673915918916e-05,3.8964593841228634e-05,8.7622509454377e-05,5.9346748457755893e-05,9,0.04291044548153877,0.0013310805661603808,0.042126789689064026,0.04661565646529198,0.04260643199086189,101,3.921859752153978e-05,0.00017134372319560498,-0.0002751074789557606,0.00038964059785939753,6.615071470150724e-05,156,-1.7649426460266113,0.2367967665195465,-2.2922472953796387,-1.2327995300292969,-1.778597354888916,0,,,,,,,,,,,,,,,
4946813,Số 1 đường Giải Phóng - phường Bạch Mai - ĐHBK,21.0052,105.8418,2024-06-04,0,,,,,,0,,,,,,16,-2.7308995413477533e-05,0.0002158172137569636,-0.0004563520778901875,0.00029103460838086903,9.85861879598815e-06,156,0.33818161487579346,0.456941157579422,-0.7424992918968201,1.0185301303863525,0.44032585620880127,0,,,,,,,,,,,,,,,
4946813,Số 1 đường Giải Phóng - phường Bạch Mai - ĐHBK,21.0052,105.8418,2024-06-05,0,,,,,,0,,,,,,0,,,,,,156,-0.025187138468027115,0.16188167035579681,-0.39622730016708374,0.49246054887771606,-0.07123640179634094,0,,,,,,,,,,,,,,,
4946813,Số 1 đường Giải Phóng - phường Bạch Mai - ĐHBK,21.0052,105.8418,2024-06-06,0,,,,,,0,,,,,,1,-0.00034176406916230917,0.0,-0.00034176406916230917,-0.00034176406916230917,-0.00034176406916230917,156,-0.6936428546905518,0.4721570909023285,-1.7434844970703125,0.284701406955719,-0.6005632877349854,45954,-0.012384902685880661,0.005227281711995602,-0.036828797310590744,0.003733314573764801,-0.012240554206073284,-0.3299214839935303,0.042866483330726624,-0.4419729709625244,-0.2354295253753662,-0.32420721650123596,0.004766065627336502,0.004046583082526922,-0.008105350658297539,0.024333041161298752,0.004805124364793301
4946813,Số 1 đường Giải Phóng - phường Bạch Mai - ĐHBK,21.0052,105.8418,2024-06-07,4,9.637896437197924e-05,1.7805254174163565e-05,6.628251139773056e-05,0.0001105541959987022,0.0001043395750457421,86,0.04061352089047432,0.002527037402614951,0.035591140389442444,0.046190910041332245,0.04057171940803528,9,-3.931531318812631e-05,6.297127401921898e-05,-0.00014081715198699385,8.229563536588103e-05,-4.359502418083139e-05,156,-1.3235771656036377,0.6278220415115356,-2.6617677211761475,0.12476389110088348,-1.3168585300445557,0,,,,,,,,,,,,,,,
4946813,Số 1 đường Giải Phóng - phường Bạch Mai - ĐHBK,21.0052,105.8418,2024-06-08,0,,,,,,0,,,,,,6,-7.767488568788394e-05,8.434904884779826e-05,-0.00017317869060207158,1.155228619609261e-05,-8.003423135960475e-05,156,-1.8683218955993652,0.2686787247657776,-2.5228233337402344,-1.0014307498931885,-1.875515103340149,0,,,,,,,,,,,,,,,
4946813,Số 1 đường Giải Phóng - phường Bạch Mai - ĐHBK,21.0052,105.8418,2024-06-09,0,,,,,,0,,,,,,0,,,,,,145,-0.636880099773407,0.7824740409851074,-1.3891754150390625,0.42159461975097656,-1.2414413690567017,0,,,,,,,,,,,,,,,
4946813,Số 1 đường Giải Phóng - phường Bạch Mai - ĐHBK,21.0052,105.8418,2024-06-10,0,,,,,,2,0.04064391553401947,0.0,0.04064391553401947,0.04064391553401947,0.04064391553401947,0,,,,,,156,0.09989654272794724,0.19926996529102325,-0.5896450877189636,0.5822730660438538,0.09147417545318604,0,,,,,,,,,,,,,,,
4946813,Số 1 đường Giải Phóng - phường Bạch Mai - ĐHBK,21.0052,105.8418,2024-06-11,47,5.313236397341825e-05,1.7564872905495577e-05,2.6222960514132865e-05,9.516371210338548e-05,4.6495504648191854e-05,41,0.03901810944080353,0.004289025440812111,0.032258328050374985,0.045944370329380035,0.038367319852113724,76,-6.254849722608924e-06,0.00015998967865016311,-0.0003814309311565012,0.0003287361469119787,-1.389249609928811e-05,156,-0.7071394324302673,0.254412442445755,-1.5302183628082275,0.018827486783266068,-0.672195315361023,45954,-0.03576349467039108,0.01766606792807579,-0.11048460751771927,0.07503913342952728,-0.039038967341184616,-0.32805106043815613,0.0375671461224556,-0.4269363284111023,-0.198471337556839,-0.3266575038433075,0.07018780708312988,0.016733728349208832,-0.02699456922709942,0.1094578355550766,0.07312896847724915
4946813,Số 1 đường Giải Phóng - phường Bạch Mai - ĐHBK,21.0052,105.8418,2024-06-12,104,4.024663212476298e-05,1.1416510460549034e-05,1.5186533346422948e-05,7.251748320413753e-05,3.95622628275305e-05,116,0.035915300250053406,0.0033899995032697916,0.02800099365413189,0.042752187699079514,0.03602888435125351,124,-2.381824015174061e-05,0.0001473647280363366,-0.00036517076659947634,0.0004196804657112807,-2.1743489924119785e-05,156,-0.8712309002876282,0.39430055022239685,-2.003207206726074,0.4377600848674774,-0.8440476059913635,0,,,,,,,,,,,,,,,
4946813,Số 1 đường Giải Phóng - phường Bạch Mai - ĐHBK,21.0052,105.8418,2024-06-13,88,3.33212738041766e-05,1.3988274986331817e-05,2.8392009880917612e-06,7.883074431447312e-05,3.0348346626851708e-05,11,0.0375119186937809,0.0012841345742344856,0.03587381914258003,0.04025551676750183,0.03751501441001892,128,1.2914037142763846e-05,0.00013891261187382042,-0.00030617695301771164,0.00034983339719474316,1.306069316342473e-05,156,-1.2145850658416748,0.2900986671447754,-1.852634072303772,-0.6267704367637634,-1.2205471992492676,0,,,,,,,,,,,,,,,
4946813,Số 1 đường Giải Phóng - phường Bạch Mai - ĐHBK,21.0052,105.8418,2024-06-14,0,,,,,,0,,,,,,17,-2.170923471567221e-05,0.00023177769617177546,-0.00044783009798265994,0.0002677293960005045,2.4180028049158864e-05,156,-1.6136963367462158,0.16399919986724854,-2.0823068618774414,-1.2363747358322144,-1.6292688846588135,0,,,,,,,,,,,,,,,
4946813,Số 1 đường Giải Phóng - phường Bạch Mai - ĐHBK,21.0052,105.8418,2024-06-15,0,,,,,,0,,,,,,0,,,,,,156,0.22656074166297913,0.1191447302699089,-0.07644237577915192,0.5378636717796326,0.24514108896255493,0,,,,,,,,,,,,,,,
4946813,Số 1 đường Giải Phóng - phường Bạch Mai - ĐHBK,21.0052,105.8418,2024-06-16,80,4.256394458934665e-05,9.548336493026e-06,2.396773561486043e-05,6.93459587637335e-05,4.1903345845639706e-05,50,0.03913573920726776,0.0027975563425570726,0.031659312546253204,0.0437956377863884,0.03946593403816223,93,-7.266665761562763e-06,0.0001726783229969442,-0.0006061666063033044,0.0003156181483063847,-5.660660463036038e-06,156,-0.5435706973075867,0.289087176322937,-1.2295113801956177,0.7197872400283813,-0.5616088509559631,45954,0.16819451749324799,0.05514613166451454,-0.04004848375916481,0.4097370505332947,0.15233390033245087,-0.07480166107416153,0.053426552563905716,-0.37296608090400696,0.09602688997983932,-0.06852375715970993,-0.16995440423488617,0.04704668000340462,-0.3699877858161926,0.029558813199400902,-0.16120977699756622
4946813,Số 1 đường Giải Phóng - phường Bạch Mai - ĐHBK,21.0052,105.8418,2024-06-17,135,4.878771142102778e-05,1.4180014659359585e-05,1.4906180695106741e-05,8.886017167242244e-05,4.85322525491938e-05,113,0.041257403790950775,0.00293133151717484,0.031832192093133926,0.047045737504959106,0.0412898026406765,154,-4.264614835847169e-05,0.00016430903633590788,-0.0007096171611919999,0.0003502264153212309,-2.5119948986684904e-05,156,-0.7070633769035339,0.25067323446273804,-1.343997836112976,-0.1585468202829361,-0.6712964773178101,0,,,,,,,,,,,,,,,
4946813,Số 1 đường Giải Phóng - phường Bạch Mai - ĐHBK,21.0052,105.8418,2024-06-18,65,0.00010569836013019085,2.9432994779199362e-05,4.9159509217133746e-05,0.00016816554125398397,0.00011057437222916633,11,0.04604807123541832,0.0031554389279335737,0.041901689022779465,0.050975847989320755,0.0463988333940506,113,-1.966990930668544e-05,0.0001813699782360345,-0.0004512986051850021,0.0005559839773923159,-7.486700724257389e-06,156,-1.6709240674972534,0.2246048003435135,-2.215698719024658,-1.146134853363037,-1.6514651775360107,0,,,,,,,,,,,,,,,
4946813,Số 1 đường Giải Phóng - phường Bạch Mai - ĐHBK,21.0052,105.8418,2024-06-19,116,5.654324559145607e-05,1.5208758668450173e-05,2.2031708795111626e-05,9.497655992163345e-05,5.739193147746846e-05,109,0.041389383375644684,0.0021649107802659273,0.03694702684879303,0.045721929520368576,0.04171678051352501,156,3.8125926948850974e-05,0.00017717992886900902,-0.00040779649862088263,0.0006467354251071811,2.1879057385376655e-05,156,-1.3220469951629639,0.27049362659454346,-1.91917085647583,-0.8131082653999329,-1.296823263168335,0,,,,,,,,,,,,,,,
4946813,Số 1 đường Giải Phóng - phường Bạch Mai - ĐHBK,21.0052,105.8418,2024-06-20,10,4.881672793999314e-05,4.106544565729564e-06,3.6902882129652426e-05,5.1071438065264374e-05,5.049377796240151e-05,15,0.033339839428663254,0.002499934984371066,0.030728884041309357,0.036709707230329514,0.032580938190221786,77,-5.710318509954959e-05,0.0004071831062901765,-0.0012806294253095984,0.0010677066165953875,-5.951011189608835e-05,156,0.96250319480896,0.35519668459892273,0.40637728571891785,2.157026767730713,0.9077385663986206,0,,,,,,,,,,,,,,,
4946813,Số 1 đường Giải Phóng - phường Bạch Mai - ĐHBK,21.0052,105.8418,2024-06-21,0,,,,,,6,0.03546192869544029,0.00039776042103767395,0.03506416827440262,0.035859689116477966,0.03546192869544029,3,-0.00011753521539503708,0.00017586172907613218,-0.00034337182296440005,8.560164860682562e-05,-9.483547910349444e-05,156,-0.07101936638355255,0.2835756242275238,-0.9469799399375916,0.9734099507331848,-0.07765205949544907,45954,0.036888591945171356,0.005893206689506769,0.018306588754057884,0.07291658222675323,0.03703698143362999,-0.3906845152378082,0.012358947657048702,-0.42295709252357483,-0.355910986661911,-0.3907414674758911,-0.01868264749646187,0.005526995286345482,-0.04971851781010628,-0.0011248216032981873,-0.019119612872600555
4946813,Số 1 đường Giải Phóng - phường Bạch Mai - ĐHBK,21.0052,105.8418,2024-06-22,25,5.452595360111445e-05,1.6653784769005142e-05,2.4497765480191447e-05,8.399708895012736e-05,5.48021707800217e-05,3,0.03797956556081772,5.6545264669694006e-05,0.037899598479270935,0.03801954910159111,0.03801954910159111,88,-2.095313902827911e-05,0.00011270318645983934,-0.000275307334959507,0.00024175838916562498,-1.5411205822601914e-05,156,-0.8147783279418945,0.18261243402957916,-1.1000666618347168,-0.17759263515472412,-0.8354196548461914,0,,,,,,,,,,,,,,,
4946813,Số 1 đường Giải Phóng - phường Bạch Mai - ĐHBK,21.0052,105.8418,2024-06-23,5,7.867588283261284e-05,7.077691407175735e-06,6.529971869895235e-05,8.504174184054136e-05,8.17057371023111e-05,75,0.03145376965403557,0.003269149921834469,0.025423303246498108,0.03870927169919014,0.031746041029691696,24,1.655969572311733e-05,8.962172432802618e-05,-0.00018671037105377764,0.00014383082452695817,5.204703120398335e-05,156,-1.5034469366073608,0.624750554561615,-2.5012993812561035,0.02439204230904579,-1.6565256118774414,0,,,,,,,,,,,,,,,
4946813,Số 1 đường Giải Phóng - phường Bạch Mai - ĐHBK,21.0052,105.8418,2024-06-24,0,,,,,,0,,,,,,0,,,,,,156,-1.6375560760498047,0.3392123281955719,-2.5530314445495605,-1.0874758958816528,-1.6110751628875732,0,,,,,,,,,,,,,,,
4946813,Số 1 đường Giải Phóng - phường Bạch Mai - ĐHBK,21.0052,105.8418,2024-06-25,0,,,,,,0,,,,,,0,,,,,,148,-1.0167741775512695,0.7059474587440491,-1.9943327903747559,0.1860739141702652,-1.418960690498352,0,,,,,,,,,,,,,,,
4946813,Số 1 đường Giải Phóng - phường Bạch Mai - ĐHBK,21.0052,105.8418,2024-06-26,0,,,,,,8,0.03174186497926712,0.0004175281501375139,0.03104674629867077,0.03210405260324478,0.03190832957625389,0,,,,,,156,0.013302234932780266,0.2838574945926666,-0.8925932049751282,0.8433929681777954,0.012330221012234688,45954,-0.0024391512852162123,0.0021310909651219845,-0.01184271089732647,0.006283223163336515,-0.0023934931959956884,-0.6543523669242859,0.00877576507627964,-0.6791270971298218,-0.6227839589118958,-0.6540588140487671,0.013758759014308453,0.001963504822924733,0.0053268554620444775,0.022038552910089493,0.013737577944993973
4946813,Số 1 đường Giải Phóng - phường Bạch Mai - ĐHBK,21.0052,105.8418,2024-06-27,58,6.070066228858195e-05,1.879055707831867e-05,2.5911032935255207e-05,0.0001070722282747738,5.709161632694304e-05,99,0.030279699712991714,0.002366173779591918,0.025434693321585655,0.036899443715810776,0.030275141820311546,78,-2.129554377461318e-05,9.548668458592147e-05,-0.00027989508816972375,0.0002355761971557513,-2.263609530928079e-05,156,-0.7049360871315002,0.44113415479660034,-1.6067440509796143,1.0163099765777588,-0.7376629114151001,0,,,,,,,,,,,,,,,
4946813,Số 1 đường Giải Phóng - phường Bạch Mai - ĐHBK,21.0052,105.8418,2024-06-28,23,8.264225471066311e-05,3.402799120522104e-05,1.961396264960058e-05,0.00015867495676502585,7.5930540333502e-05,24,0.028997093439102173,0.0032737127039581537,0.02217268943786621,0.033946484327316284,0.029828552156686783,41,-2.8422395189409144e-05,0.0001585581194376573,-0.0004043126245960593,0.0002548482152633369,1.6427625268988777e-06,156,-1.28903329372406,0.33145418763160706,-1.8108603954315186,-0.5077033638954163,-1.3929181098937988,0,,,,,,,,,,,,,,,
4946813,Số 1 đường Giải Phóng - phường Bạch Mai - ĐHBK,21.0052,105.8418,2024-06-29,0,,,,,,0,,,,,,88,-5.3879582992522046e-05,0.0001780890888767317,-0.0003797844401560724,0.0003950235841330141,-5.816257544211112e-05,156,-1.9849082231521606,0.14902405440807343,-2.3299174308776855,-1.4993871450424194,-2.009000301361084,0,,,,,,,,,,,,,,,
4946813,Số 1 đường Giải Phóng - phường Bạch Mai - ĐHBK,21.0052,105.8418,2024-06-30,0,,,,,,0,,,,,,18,-1.8521814126870595e-05,0.00019318386330269277,-0.0003417358675505966,0.00022191779862623662,-1.0314530300092883e-05,156,-1.4060617685317993,0.24230113625526428,-1.880663514137268,-0.9433050155639648,-1.4102388620376587,0,,,,,,,,,,,,,,,
4946813,Số 1 đường Giải Phóng - phường Bạch Mai - ĐHBK,21.0052,105.8418,2024-07-01,0,,,,,,0,,,,,,0,,,,,,156,0.10654018819332123,0.11102566123008728,-0.13806702196598053,0.3079279959201813,0.11015576124191284,45954,0.07359090447425842,0.02398504503071308,-0.11596157401800156,0.37268832325935364,0.07168448716402054,-0.04847373068332672,0.026985235512256622,-0.2759578824043274,0.21021297574043274,-0.04993048310279846,-0.07025046646595001,0.013184909708797932,-0.2631574273109436,0.05635485053062439,-0.0684930756688118
4946813,Số 1 đường Giải Phóng - phường Bạch Mai - ĐHBK,21.0052,105.8418,2024-07-02,0,,,,,,0,,,,,,9,0.0001331631647190079,0.00011823207751149312,-2.9514758352888748e-05,0.0003008698404300958,0.00010943075903924182,156,-0.5574528574943542,0.19695474207401276,-1.051304578781128,-0.10431448370218277,-0.5274409651756287,0,,,,,,,,,,,,,,,
4946813,Số 1 đường Giải Phóng - phường Bạch Mai - ĐHBK,21.0052,105.8418,2024-07-03,0,,,,,,0,,,,,,0,,,,,,156,-0.48253998160362244,0.4321695864200592,-1.2835577726364136,0.3352784216403961,-0.47971639037132263,0,,,,,,,,,,,,,,,
4946813,Số 1 đường Giải Phóng - phường Bạch Mai - ĐHBK,21.0052,105.8418,2024-07-04,14,5.276059891912155e-05,2.4379956812481396e-05,2.6468322175787762e-05,0.00010837812442332506,4.221011477056891e-05,12,0.028877222910523415,0.0022073201835155487,0.025729965418577194,0.031784966588020325,0.028354354202747345,36,-1.1814894605777226e-05,9.652925655245781e-05,-0.0002564266324043274,0.0001309619256062433,5.8719151638797484e-06,156,-1.6468017101287842,0.3647816777229309,-2.548713207244873,-0.7984172105789185,-1.6622881889343262,0,,,,,,,,,,,,,,,
4946813,Số 1 đường Giải Phóng - phường Bạch Mai - ĐHBK,21.0052,105.8418,2024-07-05,124,4.4846277887700126e-05,1.3109407518641092e-05,1.5907677152426913e-05,0.00010920906061073765,4.4429016270441934e-05,153,0.02744147926568985,0.002437460934743285,0.02184665948152542,0.03148505464196205,0.027697792276740074,146,-1.4328013094200287e-05,0.0001408707321388647,-0.0003743794222828001,0.0005231403629295528,-2.1573509002337232e-05,156,-1.1743848323822021,0.36243143677711487,-2.3593218326568604,0.06494370102882385,-1.1225004196166992,0,,,,,,,,,,,,,,,
4946813,Số 1 đường Giải Phóng - phường Bạch Mai - ĐHBK,21.0052,105.8418,2024-07-06,37,4.455494854482822e-05,1.2349814824119676e-05,2.66436309175333e-05,7.039766205707565e-05,4.174761488684453e-05,118,0.02990521863102913,0.0020323197823017836,0.026710862293839455,0.03367498889565468,0.02977314032614231,84,-2.137870433216449e-05,0.00018871792417485267,-0.0004428366373758763,0.0004011983110103756,1.4313021893030964e-05,156,0.33489716053009033,0.6919971108436584,-0.8427820205688477,2.3773553371429443,0.15670962631702423,45954,0.14934009313583374,0.17534127831459045,-0.31179073452949524,0.7580631375312805,0.10993346571922302,0.07478612661361694,0.14989809691905975,-0.46952399611473083,0.6079089045524597,0.08811485767364502,-0.13818582892417908,0.16470196843147278,-0.6537919044494629,0.5218260884284973,-0.13217966258525848
4946813,Số 1 đường Giải Phóng - phường Bạch Mai - ĐHBK,21.0052,105.8418,2024-07-07,54,3.939881207770668e-05,9.855332791630644e-06,1.8562090190243907e-05,6.54354298603721e-05,3.9979273424251005e-05,58,0.028882799670100212,0.0029480131343007088,0.02332199737429619,0.034955840557813644,0.029175054281949997,97,-4.844166323891841e-05,0.00010309510253136978,-0.00027580044115893543,0.00023296740255318582,-4.2311752622481436e-05,156,-0.11388597637414932,0.36312592029571533,-0.999161958694458,0.8025714159011841,-0.06215069442987442,0,,,,,,,,,,,,,,,
4946813,Số 1 đường Giải Phóng - phường Bạch Mai - ĐHBK,21.0052,105.8418,2024-07-08,38,4.5518612751038745e-05,1.3047220818407368e-05,2.6636409529601224e-05,6.964680505916476e-05,4.414580325828865e-05,110,0.029663408175110817,0.003115454688668251,0.02361314743757248,0.03620307520031929,0.029138974845409393,52,-1.4896265383868013e-05,9.734884952194989e-05,-0.0002450140309520066,0.00015242108202073723,-4.40778558186139e-06,156,-0.7408497929573059,0.5961572527885437,-1.708587408065796,1.421099066734314,-0.9304599761962891,0,,,,,,,,,,,,,,,
4946813,Số 1 đường Giải Phóng - phường Bạch Mai - ĐHBK,21.0052,105.8418,2024-07-09,19,4.315706610213965e-05,9.04408261703793e-06,3.089599704253487e-05,6.435001705540344e-05,4.204105425742455e-05,128,0.030832769349217415,0.003614741610363126,0.023851469159126282,0.03976426273584366,0.030319426208734512,61,-2.8956115784239955e-05,7.284989260369912e-05,-0.00021336186910048127,0.00013428233796730638,-2.251304431410972e-05,156,-1.5491667985916138,0.41581007838249207,-2.5202996730804443,-0.4169827997684479,-1.6200209856033325,0,,,,,,,,,,,,,,,
4946813,Số 1 đường Giải Phóng - phường Bạch Mai - ĐHBK,21.0052,105.8418,2024-07-10,3,3.4754859370877966e-05,7.398301704597543e-07,3.423171801841818e-05,3.580113479983993e-05,3.423171801841818e-05,17,0.027324214577674866,0.002015447011217475,0.02483072318136692,0.03022640384733677,0.026639949530363083,10,3.899083935721137e-07,9.392775973537937e-05,-0.00013692099309992045,0.00018914442625828087,-1.0978028512909077e-05,156,-1.2745784521102905,0.44344979524612427,-2.488646984100342,-0.5086601376533508,-1.1387228965759277,0,,,,,,,,,,,,,,,
4946813,Số 1 đường Giải Phóng - phường Bạch Mai - ĐHBK,21.0052,105.8418,2024-07-11,112,5.87159775022883e-05,1.66171867022058e-05,2.9677445127163082e-05,0.00010774612746899948,5.288450120133348e-05,87,0.029841911047697067,0.001768614398315549,0.027392981573939323,0.03457111492753029,0.02950432524085045,12,7.311764784390107e-05,0.00019949929264839739,-0.00014152152289170772,0.000438251590821892,-1.8408954929327592e-06,141,-0.6431348323822021,0.6464749574661255,-1.4686638116836548,1.29250168800354,-0.8112232685089111,45954,0.1150016337633133,0.22065402567386627,-0.7250734567642212,0.7927992343902588,0.056236207485198975,0.16683140397071838,0.1682998538017273,-0.49061840772628784,0.7532738447189331,0.19403767585754395,-0.16317425668239594,0.1988500952720642,-0.7421507835388184,0.750767171382904,-0.1418175995349884
4946813,Số 1 đường Giải Phóng - phường Bạch Mai - ĐHBK,21.0052,105.8418,2024-07-12,71,3.366960663697682e-05,1.0048920557892416e-05,1.1804676432802808e-05,6.717019277857617e-05,3.4053216950269416e-05,148,0.031551241874694824,0.0023809419944882393,0.024944718927145004,0.03546833246946335,0.03178659826517105,115,1.4944707800168544e-05,0.00010953967284876853,-0.0003514495911076665,0.0002325881359865889,1.275064533956538e-07,156,0.11965702474117279,0.47484302520751953,-0.8420794010162354,1.1893653869628906,0.1318214237689972,0,,,,,,,,,,,,,,,
4946813,Số 1 đường Giải Phóng - phường Bạch Mai - ĐHBK,21.0052,105.8418,2024-07-13,79,4.5228254748508334e-05,8.962265383161139e-06,2.7488313207868487e-05,7.120751979527995e-05,4.385677311802283e-05,112,0.030265331268310547,0.0023442180827260017,0.025744721293449402,0.03561537340283394,0.02996460534632206,97,3.4692855024331948e-06,9.707089338917285e-05,-0.00022784278553444892,0.0002625158813316375,9.216111720888875e-06,156,-0.6432151198387146,0.5372095108032227,-1.6974962949752808,1.4635380506515503,-0.7669591307640076,0,,,,,,,,,,,,,,,
4946813,Số 1 đường Giải Phóng - phường Bạch Mai - ĐHBK,21.0052,105.8418,2024-07-14,15,5.403792965807952e-05,9.054238034877926e-06,3.705932613229379e-05,7.119370275177062e-05,5.308171967044473e-05,5,0.02974727749824524,0.0013364489423111081,0.02831176668405533,0.0312904454767704,0.02953196130692959,27,-9.587459317117464e-06,9.480807784711942e-05,-0.00020323887292761356,0.00011717982852132991,8.611933481006417e-06,156,-1.06453537940979,0.3601915240287781,-1.632141351699829,-0.10364284366369247,-1.144432544708252,0,,,,,,,,,,,,,,,
4946813,Số 1 đường Giải Phóng - phường Bạch Mai - ĐHBK,21.0052,105.8418,2024-07-15,39,3.122038833680563e-05,1.1289563190075569e-05,8.646907758702582e-07,5.8988625823985785e-05,3.053924592677504e-05,137,0.028847308829426765,0.0028896997682750225,0.020792216062545776,0.03484809771180153,0.029026824980974197,65,1.5159846952883527e-05,9.867667540675029e-05,-0.00022134414757601917,0.00025595317129045725,2.139559182978701e-05,156,-1.5926125049591064,0.9182792901992798,-3.916388750076294,0.40225914120674133,-1.5699617862701416,0,,,,,,,,,,,,,,,
4946813,Số 1 đường Giải Phóng - phường Bạch Mai - ĐHBK,21.0052,105.8418,2024-07-16,17,4.131321838940494e-05,3.423520638534683e-06,3.742812623386271e-05,5.208543370827101e-05,4.147593062953092e-05,73,0.030771924182772636,0.0017619476420804858,0.027932031080126762,0.03372726961970329,0.02995152771472931,69,1.590336614754051e-05,0.0001138036823249422,-0.00020153573132120073,0.00021458235278259963,2.7931680961046368e-05,156,-0.9789890646934509,0.35424330830574036,-1.9062973260879517,0.07703583687543869,-1.0052237510681152,45954,-0.010440181009471416,0.021911099553108215,-0.07700762152671814,0.11186753958463669,-0.014090340584516525,-0.296146959066391,0.02316906861960888,-0.36520856618881226,-0.19219283759593964,-0.2963210344314575,0.047934845089912415,0.017440298572182655,-0.07022464275360107,0.09304500371217728,0.051557429134845734
4946813,Số 1 đường Giải Phóng - phường Bạch Mai - ĐHBK,21.0052,105.8418,2024-07-17,0,,,,,,0,,,,,,3,-2.10469079320319e-05,3.5081895475741476e-05,-7.066020043566823e-05,3.7597374102915637e-06,3.7597374102915637e-06,156,-0.12141138315200806,0.22830353677272797,-0.9395101070404053,0.169068843126297,-0.05214565992355347,0,,,,,,,,,,,,,,,
4946813,Số 1 đường Giải Phóng - phường Bạch Mai - ĐHBK,21.0052,105.8418,2024-07-18,0,,,,,,55,0.03214440867304802,0.0019021205371245742,0.02752709574997425,0.035851217806339264,0.03200498968362808,0,,,,,,156,-0.4958895146846771,0.8056473731994629,-2.6541645526885986,1.4904903173446655,-0.5957571268081665,0,,,,,,,,,,,,,,,
4946813,Số 1 đường Giải Phóng - phường Bạch Mai - ĐHBK,21.0052,105.8418,2024-07-19,13,5.5996359151322395e-05,8.588538548792712e-06,4.669432746595703e-05,8.04595765657723e-05,5.5248081480385736e-05,94,0.03179376572370529,0.002556051127612591,0.025491129606962204,0.03607307747006416,0.032063934952020645,39,-1.838501339079812e-05,6.889920041430742e-05,-0.00014317577006295323,0.00013940520875621587,-2.485538789187558e-05,156,-1.1369251012802124,0.5031430721282959,-2.2509615421295166,0.6261172294616699,-1.2073991298675537,0,,,,,,,,,,,,,,,
4946813,Số 1 đường Giải Phóng - phường Bạch Mai - ĐHBK,21.0052,105.8418,2024-07-20,1,3.4474222047720104e-05,0.0,3.4474222047720104e-05,3.4474222047720104e-05,3.4474222047720104e-05,29,0.02758410945534706,0.004142890218645334,0.019819458946585655,0.03413606807589531,0.028194615617394447,15,-1.1852264833578374e-05,5.6116183259291574e-05,-0.0001305224432144314,0.00010106607078341767,-7.926021680759732e-06,156,-1.7174707651138306,0.5299926996231079,-2.78238582611084,0.048080187290906906,-1.8123106956481934,0,,,,,,,,,,,,,,,
4946813,Số 1 đường Giải Phóng - phường Bạch Mai - ĐHBK,21.0052,105.8418,2024-07-21,84,4.586001887219027e-05,1.835351577028632e-05,1.7201193259097636e-05,8.546402386855334e-05,4.1435861930949613e-05,149,0.029731187969446182,0.002233985112980008,0.02469138614833355,0.03506707772612572,0.029564207419753075,140,5.691771366400644e-05,0.00010163420665776357,-0.00011751410784199834,0.00032795025617815554,4.2840132664423436e-05,156,-1.393027424812317,0.499686598777771,-2.561182737350464,0.06651579588651657,-1.4576785564422607,45954,0.062013886868953705,0.2453051209449768,-0.8757883310317993,0.8938033580780029,0.0007282268488779664,-0.0010408145608380437,0.2199474275112152,-0.660709023475647,0.9051948189735413,0.002362636849284172,-0.045109573751688004,0.23479364812374115,-0.7854046821594238,0.885515570640564,0.03372873365879059
4946813,Số 1 đường Giải Phóng - phường Bạch Mai - ĐHBK,21.0052,105.8418,2024-07-22,0,,,,,,0,,,,,,0,,,,,,156,0.4900117516517639,0.143824502825737,0.2856788635253906,0.9268476963043213,0.45889168977737427,0,,,,,,,,,,,,,,,
4946813,Số 1 đường Giải Phóng - phường Bạch Mai - ĐHBK,21.0052,105.8418,2024-07-23,0,,,,,,0,,,,,,0,,,,,,156,0.009660274721682072,0.17026294767856598,-0.3833187222480774,0.4101797342300415,0.011420846916735172,0,,,,,,,,,,,,,,,
4946813,Số 1 đường Giải Phóng - phường Bạch Mai - ĐHBK,21.0052,105.8418,2024-07-24,12,3.535886571626179e-05,1.2062116184097249e-05,1.6853467968758196e-05,5.238999438006431e-05,3.6476340028457344e-05,89,0.030581779778003693,0.002703485544770956,0.025536473840475082,0.03569820523262024,0.030349908396601677,33,1.586369762662798e-05,9.829236660152674e-05,-0.00024122274771798402,0.0002549840428400785,6.938952083146432e-06,156,-0.8319070339202881,0.654752790927887,-2.011786699295044,0.9907313585281372,-0.9734610319137573,0,,,,,,,,,,,,,,,
4946813,Số 1 đường Giải Phóng - phường Bạch Mai - ĐHBK,21.0052,105.8418,2024-07-25,4,3.566315717762336e-05,1.484985932620475e-05,2.0176221369183622e-05,5.645922283292748e-05,3.3008589525707066e-05,8,0.026246203109622,0.0016366986092180014,0.024094518274068832,0.029340185225009918,0.026233401149511337,27,-5.973717270535417e-05,9.01287276064977e-05,-0.00028635727358050644,0.00012615887681022286,-4.966808046447113e-05,156,-1.6321079730987549,0.44175252318382263,-2.3773088455200195,0.586719274520874,-1.7421739101409912,0,,,,,,,,,,,,,,,
4946813,Số 1 đường Giải Phóng - phường Bạch Mai - ĐHBK,21.0052,105.8418,2024-07-26,136,3.573503272491507e-05,1.0886891686823219e-05,6.1832524806959555e-06,5.8492332755122334e-05,3.542801277944818e-05,23,0.034668803215026855,0.0016171397874131799,0.03209000825881958,0.036803364753723145,0.034638747572898865,156,1.840966206145822e-06,0.00010053533333120868,-0.0002483745920471847,0.00021554688282776624,5.2213990784366615e-06,156,-1.4783010482788086,0.18447262048721313,-1.888880729675293,-1.065374493598938,-1.438284993171692,45954,0.09503104537725449,0.19027994573116302,-0.4052378833293915,0.9012680649757385,0.03719387203454971,0.1378723680973053,0.15077321231365204,-0.594497561454773,0.655530571937561,0.15717679262161255,-0.1386735439300537,0.16823036968708038,-0.9999865889549255,0.6708418726921082,-0.11111071705818176
4946813,Số 1 đường Giải Phóng - phường Bạch Mai - ĐHBK,21.0052,105.8418,2024-07-27,45,4.4168842578073964e-05,1.5278956198017113e-05,1.977408646780532e-05,7.828380330465734e-05,4.3563006329350173e-05,0,,,,,,23,-0.00015261024236679077,0.00033206940861418843,-0.0006357418606057763,0.000715835252776742,-0.0002102213620673865,134,-1.0191314220428467,0.814696192741394,-1.6103473901748657,1.1716152429580688,-1.3391228914260864,0,,,,,,,,,,,,,,,
4946813,Số 1 đường Giải Phóng - phường Bạch Mai - ĐHBK,21.0052,105.8418,2024-07-28,0,,,,,,0,,,,,,3,-0.0002616233832668513,0.0,-0.0002616233832668513,-0.0002616233832668513,-0.0002616233832668513,156,-0.09093710780143738,0.2775387465953827,-0.7021263241767883,0.46312394738197327,-0.06142902374267578,0,,,,,,,,,,,,,,,
4946813,Số 1 đường Giải Phóng - phường Bạch Mai - ĐHBK,21.0052,105.8418,2024-07-29,0,,,,,,9,0.039074212312698364,0.00203697825782001,0.037156932055950165,0.042470723390579224,0.038777563720941544,0,,,,,,156,-0.23021076619625092,0.49414217472076416,-1.9150224924087524,1.22398042678833,-0.1703874170780182,0,,,,,,,,,,,,,,,
4946813,Số 1 đường Giải Phóng - phường Bạch Mai - ĐHBK,21.0052,105.8418,2024-07-30,0,,,,,,0,,,,,,0,,,,,,156,-0.6039972305297852,0.1737581491470337,-1.1483094692230225,-0.3086775541305542,-0.5856066942214966,0,,,,,,,,,,,,,,,
4946813,Số 1 đường Giải Phóng - phường Bạch Mai - ĐHBK,21.0052,105.8418,2024-07-31,0,,,,,,0,,,,,,0,,,,,,156,-1.329241394996643,0.3305380940437317,-2.0172574520111084,-0.4863748550415039,-1.391594409942627,45954,0.02111060731112957,0.0062781814485788345,-0.014123341999948025,0.05609278753399849,0.021015755832195282,-0.3046436011791229,0.0164641086012125,-0.3707468509674072,-0.23489907383918762,-0.3040199875831604,-0.02658671885728836,0.003424670547246933,-0.04718136414885521,-0.006223389878869057,-0.026644904166460037
4946813,Số 1 đường Giải Phóng - phường Bạch Mai - ĐHBK,21.0052,105.8418,2024-08-01,0,,,,,,0,,,,,,0,,,,,,156,-1.4649057388305664,0.15615792572498322,-1.8541746139526367,-1.1116943359375,-1.4215784072875977,0,,,,,,,,,,,,,,,
4946813,Số 1 đường Giải Phóng - phường Bạch Mai - ĐHBK,21.0052,105.8418,2024-08-02,0,,,,,,11,0.02978007309138775,0.002325884299352765,0.02731049619615078,0.03394104912877083,0.030091337859630585,0,,,,,,156,-0.34659868478775024,0.2866307497024536,-1.2414511442184448,0.10955101251602173,-0.27739182114601135,0,,,,,,,,,,,,,,,
4946813,Số 1 đường Giải Phóng - phường Bạch Mai - ĐHBK,21.0052,105.8418,2024-08-03,5,4.542739407042973e-05,1.3708566257264465e-05,2.7725871404982172e-05,5.9790778323076665e-05,5.486936424858868e-05,38,0.034487273544073105,0.001844446873292327,0.029965858906507492,0.03723566606640816,0.03434751182794571,11,6.074199700378813e-05,0.00011707605881383643,-0.00017401234072167426,0.00028192202444188297,6.723158003296703e-05,156,-0.4660194516181946,0.8065506815910339,-2.6454060077667236,1.4121545553207397,-0.5171492695808411,0,,,,,,,,,,,,,,,
4946813,Số 1 đường Giải Phóng - phường Bạch Mai - ĐHBK,21.0052,105.8418,2024-08-04,113,3.1223018595483154e-05,1.536083254904952e-05,6.4210439632006455e-06,8.220536983571947e-05,2.874823439924512e-05,149,0.03019922599196434,0.0023691505193710327,0.02371695078909397,0.03507114574313164,0.030511334538459778,132,2.017829865508247e-05,0.00010744877363322303,-0.0002679459867067635,0.00032588085741735995,3.385543095646426e-05,156,-0.8857824802398682,0.36323368549346924,-1.532008409500122,0.5598019361495972,-0.9398834109306335,0,,,,,,,,,,,,,,,
4946813,Số 1 đường Giải Phóng - phường Bạch Mai - ĐHBK,21.0052,105.8418,2024-08-05,69,4.9571608542464674e-05,2.0775743905687705e-05,2.2717971660313196e-05,0.00011926833394682035,4.395345240482129e-05,120,0.031101156026124954,0.0032309177331626415,0.024526061490178108,0.03936770185828209,0.030780497938394547,93,4.251210157235619e-06,8.963160507846624e-05,-0.00031982414657250047,0.0002958576660603285,-9.013761882670224e-06,156,-1.5597411394119263,0.5083392262458801,-2.4816462993621826,0.11916138976812363,-1.6297922134399414,45954,0.04813356325030327,0.17214834690093994,-0.9999673962593079,0.9999853372573853,0.01817522943019867,0.07862675935029984,0.16894102096557617,-0.4487743377685547,0.9999847412109375,0.049337804317474365,-0.04701578617095947,0.16654646396636963,-0.6726113557815552,0.9999703168869019,0.001745789311826229
4946813,Số 1 đường Giải Phóng - phường Bạch Mai - ĐHBK,21.0052,105.8418,2024-08-06,43,3.8380632759071887e-05,5.414998213382205e-06,1.9357501514605246e-05,5.037365554017015e-05,3.899222065228969e-05,123,0.031916294246912,0.0021071583032608032,0.028082117438316345,0.03600087761878967,0.032240428030490875,134,4.814850854018005e-06,9.858189150691032e-05,-0.00028166110860183835,0.00031706722802482545,8.770639396971092e-06,156,-1.7382962703704834,0.33521556854248047,-2.3743174076080322,-0.6914778351783752,-1.786486268043518,0,,,,,,,,,,,,,,,
4946813,Số 1 đường Giải Phóng - phường Bạch Mai - ĐHBK,21.0052,105.8418,2024-08-07,88,3.363644646015018e-05,1.1277664270892274e-05,-1.1601129017435596e-06,6.241186201805249e-05,3.434109385125339e-05,94,0.03124973364174366,0.0029880497604608536,0.027033356949687004,0.03536633029580116,0.03164445236325264,56,0.00011105191515525803,0.0002090216730721295,-0.00023174173838924617,0.000685737410094589,0.00011012435425072908,156,0.7936973571777344,0.6356360912322998,-0.29063740372657776,2.21071720123291,0.7111954689025879,0,,,,,,,,,,,,,,,
4946813,Số 1 đường Giải Phóng - phường Bạch Mai - ĐHBK,21.0052,105.8418,2024-08-08,109,4.215931403450668e-05,1.6959047570708208e-05,2.0277297153370455e-05,0.00012425797467585653,3.865136386593804e-05,156,0.030256925150752068,0.0021383396815508604,0.02517182193696499,0.03416194021701813,0.03061017394065857,132,2.570792094047647e-05,0.00012892681115772575,-0.00032697251299396157,0.0003697856445796788,3.9743867091601714e-05,156,-0.3551066815853119,0.567901074886322,-1.2566200494766235,1.420624852180481,-0.48303988575935364,0,,,,,,,,,,,,,,,
4946813,Số 1 đường Giải Phóng - phường Bạch Mai - ĐHBK,21.0052,105.8418,2024-08-09,147,3.986955925938673e-05,1.393416096107103e-05,-3.134018129458127e-07,7.326360355364159e-05,3.880945951095782e-05,76,0.030151279643177986,0.0035916536580771208,0.023279229179024696,0.037157125771045685,0.029968854039907455,154,7.841645128792152e-06,0.00014272511180024594,-0.00033719142084009945,0.0004180445394013077,-5.587735358858481e-06,156,-0.40801799297332764,0.14103442430496216,-0.7487150430679321,0.17639487981796265,-0.4282519817352295,0,,,,,,,,,,,,,,,
4946813,Số 1 đường Giải Phóng - phường Bạch Mai - ĐHBK,21.0052,105.8418,2024-08-10,130,4.794142660102807e-05,1.706891634967178e-05,1.7568913790455554e-06,9.409541235072538e-05,4.596128928824328e-05,147,0.031646016985177994,0.00423726299777627,0.02201669290661812,0.03963788226246834,0.031497612595558167,150,3.984226714237593e-05,0.00013601580576505512,-0.000352448143530637,0.00034912125556729734,4.3334002839401364e-05,156,-0.33150580525398254,0.4996859133243561,-1.3053293228149414,1.4803463220596313,-0.4188166558742523,45954,0.24413393437862396,0.1875884085893631,-0.3599979877471924,0.9151935577392578,0.18533064424991608,0.1184539869427681,0.14806793630123138,-0.4665052592754364,0.760486900806427,0.13186371326446533,-0.27701470255851746,0.16132768988609314,-0.8320884108543396,0.7156941890716553,-0.255573570728302
4946813,Số 1 đường Giải Phóng - phường Bạch Mai - ĐHBK,21.0052,105.8418,2024-08-11,0,,,,,,0,,,,,,7,-9.418347326572984e-05,9.695234621176496e-05,-0.0001887574908323586,5.138013875694014e-05,-0.00014673139958176762,156,-1.8458874225616455,0.3177928030490875,-2.421860933303833,-1.0053260326385498,-1.8508660793304443,0,,,,,,,,,,,,,,,
4946813,Số 1 đường Giải Phóng - phường Bạch Mai - ĐHBK,21.0052,105.8418,2024-08-12,0,,,,,,0,,,,,,9,-0.0001405868388246745,0.00034476345172151923,-0.0006228738347999752,0.0003285955754108727,-5.658890586346388e-05,26,0.873656153678894,0.16447465121746063,0.5890103578567505,1.2302440404891968,0.8679523468017578,0,,,,,,,,,,,,,,,
4946813,Số 1 đường Giải Phóng - phường Bạch Mai - ĐHBK,21.0052,105.8418,2024-08-13,12,5.1085808081552386e-05,6.483321612904547e-06,3.441498483880423e-05,6.0473095800261945e-05,4.947233901475556e-05,7,0.029004693031311035,0.0011329876724630594,0.0281217023730278,0.031538695096969604,0.0284355990588665,41,-5.768052506027743e-05,0.00010046236275229603,-0.0002693840942811221,0.00016340092406608164,-5.4168991482583806e-05,156,-0.05441071465611458,0.33535921573638916,-0.6459818482398987,1.490473747253418,-0.10361618548631668,0,,,,,,,,,,,,,,,
4946813,Số 1 đường Giải Phóng - phường Bạch Mai - ĐHBK,21.0052,105.8418,2024-08-14,1,3.8045367546146736e-05,0.0,3.8045367546146736e-05,3.8045367546146736e-05,3.8045367546146736e-05,1,0.03117852658033371,0.0,0.03117852658033371,0.03117852658033371,0.03117852658033371,4,3.773891876335256e-05,9.070528176380321e-05,-6.305898568825796e-05,0.00018495405674912035,1.4530300177284516e-05,156,-0.5979504585266113,0.20850901305675507,-1.23026442527771,0.030604343861341476,-0.5954704284667969,0,,,,,,,,,,,,,,,
4946813,Số 1 đường Giải Phóng - phường Bạch Mai - ĐHBK,21.0052,105.8418,2024-08-15,30,4.3600881326710805e-05,1.4521748198603746e-05,1.3626169675262645e-05,7.989897130755708e-05,4.54928886028938e-05,51,0.03596358001232147,0.003969419747591019,0.027197828516364098,0.04312237352132797,0.03678739443421364,57,2.5839259251370095e-05,0.00014187133638188243,-0.00030404431163333356,0.0002893045311793685,4.0690098103368655e-05,156,-1.4287009239196777,0.4037573039531708,-2.1882851123809814,0.1997571736574173,-1.5193876028060913,45954,0.10551129281520844,0.06549912691116333,-0.09562619775533676,0.3972303867340088,0.09750178456306458,-0.07585353404283524,0.05821971222758293,-0.3080163598060608,0.14864376187324524,-0.07540379464626312,-0.10469366610050201,0.06150473654270172,-0.3571954667568207,0.12177963554859161,-0.10212569683790207
4946813,Số 1 đường Giải Phóng - phường Bạch Mai - ĐHBK,21.0052,105.8418,2024-08-16,53,3.9268099499167874e-05,9.525424502498936e-06,9.096657777263317e-06,6.364722503349185e-05,3.914008993888274e-05,71,0.04263618215918541,0.004063580185174942,0.03507738932967186,0.04853333532810211,0.04324329271912575,86,-1.8790195781548391e-06,8.894626080291346e-05,-0.00020271888934075832,0.00024438335094600916,-8.349061317858286e-07,156,-1.7605700492858887,0.49085912108421326,-3.046722412109375,-0.4991380572319031,-1.8424029350280762,0,,,,,,,,,,,,,,,
4946813,Số 1 đường Giải Phóng - phường Bạch Mai - ĐHBK,21.0052,105.8418,2024-08-17,0,,,,,,0,,,,,,105,1.3394903362495825e-05,0.00012750437599606812,-0.00022834654373582453,0.00036156579153612256,2.6221364350931253e-06,156,-1.471177339553833,0.190992534160614,-1.943493366241455,-1.093174695968628,-1.410383939743042,0,,,,,,,,,,,,,,,
4946813,Số 1 đường Giải Phóng - phường Bạch Mai - ĐHBK,21.0052,105.8418,2024-08-18,6,5.030344982515089e-05,7.137604370655026e-06,4.0213792090071365e-05,5.560747013078071e-05,5.5089090892579406e-05,14,0.04752169921994209,0.0028993291780352592,0.04375980421900749,0.05074742063879967,0.048791512846946716,31,-2.9478371288860217e-05,0.00012771239562425762,-0.00023580927518196404,0.0001300254079978913,2.6044508558698e-05,156,0.4799480438232422,0.4262637197971344,-0.9726303815841675,1.5329475402832031,0.45457255840301514,0,,,,,,,,,,,,,,,
4946813,Số 1 đường Giải Phóng - phường Bạch Mai - ĐHBK,21.0052,105.8418,2024-08-19,29,5.49255964870099e-05,1.4803831618337426e-05,2.3656701159779914e-05,8.679999154992402e-05,5.456443614093587e-05,46,0.046564482152462006,0.004534900188446045,0.03870995342731476,0.05319198966026306,0.04786346107721329,69,-1.1412536878196988e-05,0.00011816095502581447,-0.00030984601471573114,0.00022004797938279808,8.573639206588268e-06,156,-0.2589726150035858,0.4241364002227783,-1.2307193279266357,1.2084803581237793,-0.2741931676864624,0,,,,,,,,,,,,,,,
4946813,Số 1 đường Giải Phóng - phường Bạch Mai - ĐHBK,21.0052,105.8418,2024-08-20,52,5.144678652868606e-05,1.301903830608353e-05,2.8824573746533133e-05,8.0992525909096e-05,5.036370930611156e-05,27,0.04193383827805519,0.0022000961471349,0.03759502246975899,0.04618491232395172,0.04215406998991966,89,-4.59049733763095e-05,0.0001176953810499981,-0.0002912052732426673,0.0002101346181007102,-4.3542400817386806e-05,156,-1.196616768836975,0.21965670585632324,-1.780071496963501,-0.2260878086090088,-1.2025322914123535,45954,-0.03469230607151985,0.02258921228349209,-0.15663862228393555,0.07125088572502136,-0.03423434495925903,-0.10783684253692627,0.035289160907268524,-0.2231817990541458,0.07248173654079437,-0.11294738948345184,0.05629100650548935,0.01467831525951624,-0.016183938831090927,0.1227269247174263,0.0551828071475029
4946813,Số 1 đường Giải Phóng - phường Bạch Mai - ĐHBK,21.0052,105.8418,2024-08-21,0,,,,,,0,,,,,,29,-7.032015855656937e-05,0.0001871836429927498,-0.0004327294882386923,0.00034505088115110993,-9.330291504738852e-05,156,-2.0741043090820312,0.31816574931144714,-2.533149003982544,-1.0294371843338013,-2.2138285636901855,0,,,,,,,,,,,,,,,
4946813,Số 1 đường Giải Phóng - phường Bạch Mai - ĐHBK,21.0052,105.8418,2024-08-22,47,4.841219197260216e-05,2.062909334199503e-05,2.6219102437607944e-05,0.00011143958545289934,4.0572424040874466e-05,4,0.03594967722892761,0.0,0.03594967722892761,0.03594967722892761,0.03594967722892761,105,-7.000487585173687e-06,0.00014789353008382022,-0.00034945941297337413,0.0004901158972643316,-3.5248895073891617e-06,156,-1.8981307744979858,0.2571242153644562,-2.648627758026123,-1.1969616413116455,-1.8934667110443115,0,,,,,,,,,,,,,,,
4946813,Số 1 đường Giải Phóng - phường Bạch Mai - ĐHBK,21.0052,105.8418,2024-08-23,0,,,,,,0,,,,,,0,,,,,,156,0.2905804514884949,0.1238240897655487,0.03863563761115074,0.6525629162788391,0.263175904750824,0,,,,,,,,,,,,,,,
4946813,Số 1 đường Giải Phóng - phường Bạch Mai - ĐHBK,21.0052,105.8418,2024-08-24,31,9.763439447851852e-05,3.962011760449968e-05,5.014932685298845e-05,0.00019984970276709646,8.45076865516603e-05,66,0.03037191927433014,0.0022966309916228056,0.02637971192598343,0.03553207591176033,0.03025873936712742,77,-1.4681480934086721e-05,0.00013636137009598315,-0.0003285256971139461,0.00028846540953963995,1.4122332686383743e-05,156,-0.3432826101779938,0.3184107542037964,-1.2038556337356567,0.5436170101165771,-0.36231595277786255,0,,,,,,,,,,,,,,,
4946813,Số 1 đường Giải Phóng - phường Bạch Mai - ĐHBK,21.0052,105.8418,2024-08-25,2,3.7125180824659765e-05,1.3247029528429266e-05,2.38781522057252e-05,5.037221126258373e-05,3.7125180824659765e-05,8,0.030593015253543854,0.002097521675750613,0.028013046830892563,0.03384634107351303,0.029415350407361984,10,1.8127355360775255e-05,0.00013245588343124837,-0.00024153020058292896,0.0002688755630515516,2.7023472284781747e-05,156,-0.9547005891799927,0.3363158702850342,-1.682755947113037,0.2902206778526306,-0.8764303922653198,45954,0.09453433752059937,0.03139981999993324,0.015071280300617218,0.2461898922920227,0.09391520172357559,-0.20909933745861053,0.025786414742469788,-0.3086765706539154,-0.09921985119581223,-0.20997387170791626,-0.08998670428991318,0.031649328768253326,-0.2291245311498642,-0.004415907897055149,-0.09057280421257019
4946813,Số 1 đường Giải Phóng - phường Bạch Mai - ĐHBK,21.0052,105.8418,2024-08-26,98,3.8490539736812934e-05,8.91847685124958e-06,1.6970876458799466e-05,6.238654896151274e-05,3.786924935411662e-05,156,0.03335043042898178,0.0032839151099324226,0.02610938996076584,0.04070151597261429,0.033407121896743774,134,1.872499706223607e-05,0.00010321856825612485,-0.00024961988674476743,0.0003596850438043475,1.5272416931111366e-05,156,-1.1427679061889648,0.38410189747810364,-1.8479422330856323,-0.23274549841880798,-1.2041951417922974,0,,,,,,,,,,,,,,,
4946813,Số 1 đường Giải Phóng - phường Bạch Mai - ĐHBK,21.0052,105.8418,2024-08-27,136,6.0953952925046906e-05,2.2584397811442614e-05,2.1371994080254808e-05,0.0001399730535922572,5.545589010580443e-05,155,0.03188556060194969,0.0029941806569695473,0.025086091831326485,0.03891704976558685,0.031830549240112305,152,1.2750765563396271e-05,0.00014659890439361334,-0.0004318073333706707,0.00040002993773669004,1.0153356015507597e-05,156,-1.366302490234375,0.3251248300075531,-2.202186346054077,-0.6007504463195801,-1.3275830745697021,0,,,,,,,,,,,,,,,
4946813,Số 1 đường Giải Phóng - phường Bạch Mai - ĐHBK,21.0052,105.8418,2024-08-28,104,4.509410064201802e-05,1.3782840142084751e-05,1.9102933947579004e-05,7.890815322753042e-05,4.366017674328759e-05,156,0.034195687621831894,0.001985152717679739,0.029952680692076683,0.038283880800008774,0.034150131046772,41,-5.06663445776212e-06,0.0002154967369278893,-0.00039753917371854186,0.0005541550344787538,4.431912748259492e-05,135,-0.10834895819425583,0.7061105370521545,-1.3027344942092896,1.6366113424301147,-0.3170866072177887,0,,,,,,,,,,,,,,,
4946813,Số 1 đường Giải Phóng - phường Bạch Mai - ĐHBK,21.0052,105.8418,2024-08-29,0,,,,,,0,,,,,,0,,,,,,156,0.3257777988910675,0.11979068070650101,0.009072761982679367,0.5589228868484497,0.33826112747192383,0,,,,,,,,,,,,,,,
4946813,Số 1 đường Giải Phóng - phường Bạch Mai - ĐHBK,21.0052,105.8418,2024-08-30,156,5.1567731134127825e-05,1.2636925021070056e-05,2.8286198357818648e-05,9.327880979981273e-05,5.040906398789957e-05,98,0.0429333820939064,0.0023167021572589874,0.038918379694223404,0.049717146903276443,0.04312460124492645,156,3.671021113405004e-05,0.00011282159539405257,-0.00023623181914445013,0.00029787179664708674,3.87404506909661e-05,156,-0.4091837406158447,0.17724080383777618,-1.0191730260849,0.04506511241197586,-0.4202592372894287,45954,-0.023715471848845482,0.006694813724607229,-0.0666666105389595,0.030559446662664413,-0.02372036688029766,-0.4245922565460205,0.044000573456287384,-0.5739650130271912,-0.3063197135925293,-0.42513740062713623,0.03663671389222145,0.004328922368586063,0.014383544214069843,0.056466244161129,0.03679192438721657
4946813,Số 1 đường Giải Phóng - phường Bạch Mai - ĐHBK,21.0052,105.8418,2024-08-31,150,5.565849278355017e-05,1.6316378605552018e-05,2.3878472347860225e-05,0.0001096792402677238,5.29544340679422e-05,145,0.03627365455031395,0.003167069749906659,0.029439998790621758,0.0458102785050869,0.036579832434654236,153,-9.355455404147506e-06,0.00013096167822368443,-0.00042401670361869037,0.000351452617906034,3.0527880880981684e-06,156,-1.5124688148498535,0.23648984730243683,-2.076528310775757,-0.35067301988601685,-1.5108331441879272,0,,,,,,,,,,,,,,,
4946813,Số 1 đường Giải Phóng - phường Bạch Mai - ĐHBK,21.0052,105.8418,2024-09-01,0,,,,,,6,0.024997109547257423,0.0026432948652654886,0.019276060163974762,0.026876086369156837,0.025957629084587097,3,-3.096145883318968e-05,0.00010054793528979644,-0.00012584075739141554,0.00010820206807693467,-7.524568354710937e-05,156,-1.7012979984283447,0.4365645945072174,-2.9634480476379395,-1.078566551208496,-1.6050958633422852,0,,,,,,,,,,,,,,,
4946813,Số 1 đường Giải Phóng - phường Bạch Mai - ĐHBK,21.0052,105.8418,2024-09-02,72,2.680015859368723e-05,6.1831601669837255e-06,1.1493515557958744e-05,3.915011620847508e-05,2.7610702090896666e-05,154,0.030513042584061623,0.0019283794099465013,0.026414474472403526,0.03351908549666405,0.030793027952313423,155,2.4088352802209556e-05,9.73311034613289e-05,-0.0001941037771757692,0.0002282150962855667,2.7638690880849026e-05,156,-1.2433151006698608,0.4843478202819824,-2.6224663257598877,-0.44829726219177246,-1.1260355710983276,0,,,,,,,,,,,,,,,
4946813,Số 1 đường Giải Phóng - phường Bạch Mai - ĐHBK,21.0052,105.8418,2024-09-03,150,3.658593414002098e-05,6.415753887267783e-06,2.5367884518345818e-05,4.789968807017431e-05,3.657149864011444e-05,91,0.03583509847521782,0.0013124679680913687,0.030544599518179893,0.03797495737671852,0.03637867793440819,154,2.6254740078002214e-05,0.0001343238545814529,-0.0002107091568177566,0.00035888623096980155,2.0344261429272592e-05,156,0.30868399143218994,0.26044920086860657,-0.16638655960559845,0.8979046940803528,0.24147772789001465,0,,,,,,,,,,,,,,,
4946813,Số 1 đường Giải Phóng - phường Bạch Mai - ĐHBK,21.0052,105.8418,2024-09-04,156,4.5572764065582305e-05,1.2713458090729546e-05,2.0283570847823285e-05,8.570466889068484e-05,4.417492527863942e-05,156,0.041210878640413284,0.003229816909879446,0.03356408700346947,0.05333804711699486,0.041531581431627274,156,4.0994716982822865e-05,0.00011821395310107619,-0.00020819298515561968,0.0003152517310809344,3.0481547582894564e-05,156,-0.3941851854324341,0.15007798373699188,-0.7727532386779785,0.017782671377062798,-0.3761095404624939,45954,0.19225507974624634,0.2248477190732956,-0.9999484419822693,0.8647733330726624,0.1392984688282013,0.10791444778442383,0.16641364991664886,-0.5516588091850281,0.9999662041664124,0.11606203019618988,-0.21032178401947021,0.20893792808055878,-0.7798981070518494,0.9999618530273438,-0.20444151759147644
4946813,Số 1 đường Giải Phóng - phường Bạch Mai - ĐHBK,21.0052,105.8418,2024-09-05,126,4.2144831240875646e-05,1.0700764505600091e-05,2.0828731067012995e-05,7.174228085204959e-05,4.053814336657524e-05,153,0.040850862860679626,0.0025320779532194138,0.03442766144871712,0.04628262668848038,0.041079409420490265,148,-6.605087492062012e-06,0.00011704653297783807,-0.0003963217604905367,0.00032094877678900957,-4.149394044361543e-06,156,-1.0367645025253296,0.25310632586479187,-1.498347282409668,-0.15178310871124268,-1.0764422416687012,0,,,,,,,,,,,,,,,
4946813,Số 1 đường Giải Phóng - phường Bạch Mai - ĐHBK,21.0052,105.8418,2024-09-06,57,5.496957237483002e-05,1.3416550245892722e-05,2.941573620773852e-05,8.866447751643136e-05,5.538849291042425e-05,123,0.03945883363485336,0.004984727595001459,0.03003436140716076,0.049271367490291595,0.04014963656663895,105,-1.2281992894713767e-05,0.00011036450450774282,-0.0002471389016136527,0.0003049545339308679,-1.1011205970135052e-05,156,-1.852189302444458,0.5543545484542847,-2.889089584350586,-0.07381706684827805,-1.9620006084442139,0,,,,,,,,,,,,,,,
4946813,Số 1 đường Giải Phóng - phường Bạch Mai - ĐHBK,21.0052,105.8418,2024-09-07,0,,,,,,0,,,,,,0,,,,,,156,-1.1511794328689575,0.043474070727825165,-1.2319685220718384,-1.0412708520889282,-1.1493496894836426,0,,,,,,,,,,,,,,,
4946813,Số 1 đường Giải Phóng - phường Bạch Mai - ĐHBK,21.0052,105.8418,2024-09-08,0,,,,,,0,,,,,,0,,,,,,156,0.550787627696991,0.12129075080156326,0.35443583130836487,0.8225393891334534,0.5205994248390198,0,,,,,,,,,,,,,,,
4946813,Số 1 đường Giải Phóng - phường Bạch Mai - ĐHBK,21.0052,105.8418,2024-09-09,0,,,,,,0,,,,,,0,,,,,,156,0.04195393621921539,0.052987582981586456,-0.12451612949371338,0.16803671419620514,0.04575958102941513,45954,0.04330706223845482,0.0032249202486127615,0.027837228029966354,0.05631331354379654,0.04324323683977127,-0.3880500793457031,0.013646809384226799,-0.42173317074775696,-0.35078367590904236,-0.38754481077194214,-0.04335615783929825,0.0025624409317970276,-0.054120950400829315,-0.03105149045586586,-0.043416839092969894
4946813,Số 1 đường Giải Phóng - phường Bạch Mai - ĐHBK,21.0052,105.8418,2024-09-10,0,,,,,,9,0.03643336147069931,0.002601776970550418,0.033090975135564804,0.039450328797101974,0.03548317402601242,0,,,,,,156,-0.5423425436019897,0.41683563590049744,-1.6365102529525757,0.31333276629447937,-0.5221708416938782,0,,,,,,,,,,,,,,,
4946813,Số 1 đường Giải Phóng - phường Bạch Mai - ĐHBK,21.0052,105.8418,2024-09-11,0,,,,,,0,,,,,,0,,,,,,156,-0.5206192135810852,0.2294703871011734,-1.171405553817749,0.11920636147260666,-0.5073238611221313,0,,,,,,,,,,,,,,,
4946813,Số 1 đường Giải Phóng - phường Bạch Mai - ĐHBK,21.0052,105.8418,2024-09-12,2,4.588308001984842e-05,0.0,4.588308001984842e-05,4.588308001984842e-05,4.588308001984842e-05,29,0.03633281961083412,0.001594146597199142,0.03333144634962082,0.03782998397946358,0.03675372526049614,41,1.940143010870088e-05,0.00016542979574296623,-0.0003581204800866544,0.00032377411844208837,2.989069434988778e-05,156,-1.7380181550979614,0.43655943870544434,-2.9273386001586914,-0.8171979784965515,-1.6747844219207764,0,,,,,,,,,,,,,,,
4946813,Số 1 đường Giải Phóng - phường Bạch Mai - ĐHBK,21.0052,105.8418,2024-09-13,6,2.9451211958075874e-05,6.830574420746416e-06,2.200125891249627e-05,3.8501482777064666e-05,2.785089054668788e-05,137,0.03449748456478119,0.001702390145510435,0.03135518357157707,0.038361210376024246,0.03431743010878563,23,-3.4854532714234665e-05,0.0001679278793744743,-0.00032095806091092527,0.00026793437427841127,3.3167172659887e-05,134,-0.5776894688606262,1.0556374788284302,-2.1708009243011475,1.4084477424621582,-0.6786131858825684,0,,,,,,,,,,,,,,,
4946813,Số 1 đường Giải Phóng - phường Bạch Mai - ĐHBK,21.0052,105.8418,2024-09-14,82,5.086125383968465e-05,1.140237054642057e-05,2.6257099307258613e-05,7.352042302954942e-05,4.939204518450424e-05,98,0.038329608738422394,0.0022704110015183687,0.0322122648358345,0.04137081652879715,0.03906019777059555,140,-4.6402248699450865e-05,9.60462712100707e-05,-0.00021916806872468442,0.0004038350598420948,-4.7189667384373024e-05,156,-0.06306283921003342,0.41117748618125916,-1.1681042909622192,1.5637550354003906,-0.05339593440294266,45954,0.17751285433769226,0.17237251996994019,-0.4412544369697571,0.7713955044746399,0.13174337148666382,0.13549798727035522,0.15875795483589172,-0.6055649518966675,0.6824048161506653,0.1619148850440979,-0.2020488977432251,0.15764032304286957,-0.6897095441818237,0.5927584171295166,-0.18823093175888062
4946813,Số 1 đường Giải Phóng - phường Bạch Mai - ĐHBK,21.0052,105.8418,2024-09-15,95,4.420254845172167e-05,1.184638404083671e-05,2.1145193386473693e-05,8.156104740919545e-05,4.338145663496107e-05,148,0.04240824282169342,0.0033379050437361,0.03620321676135063,0.05493504926562309,0.04183598980307579,139,-7.1945228228287306e-06,9.903607133310288e-05,-0.0003426041512284428,0.0002583205932751298,-8.480465112370439e-06,156,-1.0707733631134033,0.44476088881492615,-1.6983461380004883,0.620900571346283,-1.1713449954986572,0,,,,,,,,,,,,,,,
4946813,Số 1 đường Giải Phóng - phường Bạch Mai - ĐHBK,21.0052,105.8418,2024-09-16,150,3.9405884308507666e-05,9.898040843836498e-06,1.481314393458888e-05,7.563616964034736e-05,3.904657205566764e-05,135,0.04134566709399223,0.0040287114679813385,0.031170543283224106,0.047969087958335876,0.0426936149597168,156,2.2617192371399142e-05,0.00013154326006770134,-0.0002661684702616185,0.00045666785445064306,2.170705920434557e-05,156,-1.0496816635131836,0.21696504950523376,-1.6367076635360718,-0.2572314143180847,-1.043463945388794,0,,,,,,,,,,,,,,,
4946813,Số 1 đường Giải Phóng - phường Bạch Mai - ĐHBK,21.0052,105.8418,2024-09-17,0,,,,,,57,0.028342291712760925,0.00432928092777729,0.021712949499487877,0.03565887361764908,0.027723388746380806,20,-5.170084841665812e-05,9.84213111223653e-05,-0.00016650815086904913,0.00013191788457334042,-8.271136903204024e-05,156,-1.8971184492111206,0.6547156572341919,-3.682598114013672,-0.4837031066417694,-1.8081605434417725,0,,,,,,,,,,,,,,,
4946813,Số 1 đường Giải Phóng - phường Bạch Mai - ĐHBK,21.0052,105.8418,2024-09-18,0,,,,,,85,0.03551985323429108,0.0015543370973318815,0.031828343868255615,0.03789103776216507,0.03537547588348389,25,3.5662651498569176e-05,0.00010057404870167375,-0.00012292322935536504,0.00018868671031668782,7.138877117540687e-05,156,-0.7897132039070129,0.5073772072792053,-2.1872241497039795,0.1857026219367981,-0.7113429307937622,0,,,,,,,,,,,,,,,
4946813,Số 1 đường Giải Phóng - phường Bạch Mai - ĐHBK,21.0052,105.8418,2024-09-19,3,7.554546755272895e-05,0.0,7.554546755272895e-05,7.554546755272895e-05,7.554546755272895e-05,11,0.03564518690109253,0.0002642077160999179,0.03541223704814911,0.035993315279483795,0.03547177091240883,28,5.905039142817259e-05,0.00027184217469766736,-0.0005482231499627233,0.0004939824575558305,4.876493403571658e-05,156,0.6692246198654175,0.3248492181301117,-0.09555040299892426,1.1929445266723633,0.7895270586013794,45954,0.11613789945840836,0.1587357223033905,-0.5608313679695129,0.7136662006378174,0.07192977517843246,0.14930406212806702,0.12621207535266876,-0.39689722657203674,0.5969114303588867,0.16662418842315674,-0.14743778109550476,0.14322121441364288,-0.6310662627220154,0.5887666940689087,-0.13022556900978088
4946813,Số 1 đường Giải Phóng - phường Bạch Mai - ĐHBK,21.0052,105.8418,2024-09-20,15,4.350385643192567e-05,1.10458058770746e-05,1.5594512660754845e-05,6.179096089908853e-05,4.224145959597081e-05,39,0.03244008868932724,0.002226313343271613,0.028471097350120544,0.0357714518904686,0.0319269597530365,30,6.457952622440644e-06,0.00012852427607867867,-0.0002935177180916071,0.0002428379375487566,1.670727760938462e-05,156,-0.2649005055427551,0.988301157951355,-2.3796119689941406,2.053645610809326,-0.33606472611427307,0,,,,,,,,,,,,,,,
4946813,Số 1 đường Giải Phóng - phường Bạch Mai - ĐHBK,21.0052,105.8418,2024-09-21,52,3.264917540946044e-05,1.0617892257869244e-05,1.2635563507501502e-05,5.9980389778502285e-05,3.2532487239222974e-05,105,0.040630798786878586,0.0030615024734288454,0.03299776464700699,0.04617149382829666,0.04086257889866829,87,1.4966719390940852e-05,0.00011472727783257142,-0.00028862649924121797,0.0006241704686544836,5.7900701904145535e-06,156,-1.3408849239349365,0.4944925010204315,-2.2539594173431396,0.894966721534729,-1.4343100786209106,0,,,,,,,,,,,,,,,
4946813,Số 1 đường Giải Phóng - phường Bạch Mai - ĐHBK,21.0052,105.8418,2024-09-22,0,,,,,,0,,,,,,0,,,,,,156,-0.8189670443534851,0.10693630576133728,-1.1264568567276,-0.6384706497192383,-0.8058221340179443,0,,,,,,,,,,,,,,,
4946813,Số 1 đường Giải Phóng - phường Bạch Mai - ĐHBK,21.0052,105.8418,2024-09-23,0,,,,,,71,0.038284868001937866,0.0022222064435482025,0.034786004573106766,0.04236022010445595,0.03796779364347458,5,0.00011617799464147538,0.00022797618294134736,-0.0001578818482812494,0.00038839603075757623,-1.9010092728422023e-05,156,-1.16184663772583,0.4582976996898651,-2.6016275882720947,-0.383365660905838,-1.1402130126953125,0,,,,,,,,,,,,,,,
4946813,Số 1 đường Giải Phóng - phường Bạch Mai - ĐHBK,21.0052,105.8418,2024-09-24,154,6.129396933829412e-05,1.5589592294418253e-05,2.0859388314420357e-05,0.00010362459579482675,6.0366332036210224e-05,14,0.04474269598722458,0.004964424762874842,0.038881298154592514,0.05029147490859032,0.04273693263530731,156,5.6404478527838364e-06,0.0004641084815375507,-0.0009310358436778188,0.00139264902099967,-3.771817864617333e-05,156,0.2801682651042938,0.19094984233379364,-0.06725409626960754,1.0171700716018677,0.2328055500984192,45954,0.2546175718307495,0.21131612360477448,-0.5459787249565125,0.9011381268501282,0.19924867153167725,0.1175512969493866,0.167522594332695,-0.672875702381134,0.7667726278305054,0.139263316988945,-0.2828111946582794,0.20178617537021637,-0.7976352572441101,0.7402648329734802,-0.2747511863708496
4946813,Số 1 đường Giải Phóng - phường Bạch Mai - ĐHBK,21.0052,105.8418,2024-09-25,0,,,,,,9,0.035482630133628845,5.401900125434622e-05,0.03541044145822525,0.035540372133255005,0.03549708053469658,0,,,,,,156,-0.20073874294757843,0.2515818476676941,-0.8373197913169861,0.23677518963813782,-0.1521124541759491,0,,,,,,,,,,,,,,,
4946813,Số 1 đường Giải Phóng - phường Bạch Mai - ĐHBK,21.0052,105.8418,2024-09-26,76,7.470190757885575e-05,3.291080065537244e-05,3.0381796022993512e-05,0.00017264863708987832,6.454548565670848e-05,130,0.04097924008965492,0.003623015945777297,0.03210888430476189,0.04921640083193779,0.04131866246461868,109,-4.568913482216885e-06,0.0001105000774259679,-0.0005899427342228591,0.00032077220384962857,-4.570774763124064e-06,156,-1.2518362998962402,0.807421863079071,-2.172950506210327,1.522002935409546,-1.5896648168563843,0,,,,,,,,,,,,,,,
4946813,Số 1 đường Giải Phóng - phường Bạch Mai - ĐHBK,21.0052,105.8418,2024-09-27,126,5.559033888857812e-05,1.8893188098445535e-05,1.687931035121437e-05,0.00010927165567409247,5.265606159809977e-05,142,0.03742986172437668,0.004567056894302368,0.02809617854654789,0.04919077455997467,0.03750748187303543,151,7.520082817791263e-06,0.00011141654249513522,-0.000277228478807956,0.0004105600237380713,-7.203854693216272e-06,156,-1.4194570779800415,0.26551350951194763,-1.8811204433441162,-0.059459444135427475,-1.4734687805175781,0,,,,,,,,,,,,,,,
4946813,Số 1 đường Giải Phóng - phường Bạch Mai - ĐHBK,21.0052,105.8418,2024-09-28,135,7.917056791484356e-05,5.149393837200478e-05,1.7012454918585718e-05,0.00020088162273168564,5.314698501024395e-05,146,0.03849277272820473,0.0025603417307138443,0.03346274420619011,0.04388854280114174,0.03853931277990341,156,3.6299477415013826e-06,0.0001195785662275739,-0.0002718161849770695,0.00026601372519508004,8.545734999643173e-06,156,-1.2729498147964478,0.17666107416152954,-1.686453104019165,-0.7720186710357666,-1.2659955024719238,0,,,,,,,,,,,,,,,
4946813,Số 1 đường Giải Phóng - phường Bạch Mai - ĐHBK,21.0052,105.8418,2024-09-29,0,,,,,,156,0.036426980048418045,0.0021661031059920788,0.033179204910993576,0.04158330708742142,0.0363849475979805,0,,,,,,143,-0.6264432072639465,0.6106778383255005,-1.8121709823608398,0.761867105960846,-0.7223889231681824,45954,-0.0238819383084774,0.17272384464740753,-0.5381205081939697,0.7742943167686462,-0.05811404809355736,0.06469044834375381,0.14571212232112885,-0.6243200898170471,0.6554870009422302,0.04536959528923035,0.04854302480816841,0.16458427906036377,-0.6596327424049377,0.5957649946212769,0.0788225382566452
4946813,Số 1 đường Giải Phóng - phường Bạch Mai - ĐHBK,21.0052,105.8418,2024-09-30,0,,,,,,78,0.03816486522555351,0.00170227512717247,0.035437218844890594,0.04059360548853874,0.03779437020421028,9,-2.759190829237923e-05,3.4486754884710535e-05,-8.808247366687283e-05,8.483634701406118e-06,-1.4771791029488668e-05,156,0.29674583673477173,0.4457632601261139,-0.7535016536712646,2.38348388671875,0.27389538288116455,0,,,,,,,,,,,,,,,
4946813,Số 1 đường Giải Phóng - phường Bạch Mai - ĐHBK,21.0052,105.8418,2024-10-01,5,7.446047675330192e-05,6.454531558119925e-06,6.643577944487333e-05,8.256301953224465e-05,7.25697900634259e-05,64,0.03423970565199852,0.0020772856660187244,0.029103828594088554,0.03899143636226654,0.034825246781110764,9,-3.071769970119931e-05,9.034972754307091e-05,-0.00016560193034820259,0.00011213051766389981,-5.8290312153985724e-05,156,-0.37130704522132874,0.9841212034225464,-1.9683655500411987,2.727004051208496,-0.589137852191925,0,,,,,,,,,,,,,,,
4946813,Số 1 đường Giải Phóng - phường Bạch Mai - ĐHBK,21.0052,105.8418,2024-10-02,107,4.850973709835671e-05,1.0443065548315644e-05,2.2951313439989462e-05,7.032850407995284e-05,4.788952355738729e-05,118,0.04502888396382332,0.0030286693945527077,0.036396220326423645,0.050721604377031326,0.04569271206855774,120,7.027519586699782e-06,0.0001591974578332156,-0.0003724373527802527,0.0004593352787196636,6.266768650675658e-07,156,-0.9625509977340698,0.5368176698684692,-2.3607633113861084,0.3332135081291199,-1.070230484008789,0,,,,,,,,,,,,,,,
4946813,Số 1 đường Giải Phóng - phường Bạch Mai - ĐHBK,21.0052,105.8418,2024-10-03,156,5.418986256700009e-05,1.0463820217410102e-05,2.6744301067083143e-05,8.231594983953983e-05,5.2463889005593956e-05,85,0.04468538239598274,0.003138370346277952,0.03875770792365074,0.05131474882364273,0.04496564343571663,156,-2.387889617239125e-05,0.00019578223873395473,-0.0006736984942108393,0.0004254659288562834,-9.271946510125417e-06,156,-0.6517419815063477,0.12387562543153763,-1.1355485916137695,-0.4440562129020691,-0.6389254331588745,0,,,,,,,,,,,,,,,
4946813,Số 1 đường Giải Phóng - phường Bạch Mai - ĐHBK,21.0052,105.8418,2024-10-04,107,7.50121398596093e-05,2.0780104023288004e-05,3.474703771644272e-05,0.00013179982488509268,6.961428152862936e-05,25,0.04964863881468773,0.0026113211642950773,0.04585214704275131,0.05350720137357712,0.04998376965522766,137,0.0001337314461125061,0.0003456100239418447,-0.0007169948657974601,0.0008819787763059139,0.00010278045374434441,156,-0.7792173624038696,0.43385443091392517,-1.6232577562332153,0.18195486068725586,-0.6398159265518188,45954,0.2608051002025604,0.19319753348827362,-0.35954850912094116,0.8784446716308594,0.19980409741401672,0.09066396206617355,0.16254203021526337,-0.7005313634872437,0.6534141302108765,0.11221720278263092,-0.29149454832077026,0.17662999033927917,-0.7846951484680176,0.7045313715934753,-0.2761041522026062
4946813,Số 1 đường Giải Phóng - phường Bạch Mai - ĐHBK,21.0052,105.8418,2024-10-05,156,7.115364132914692e-05,1.5696088667027652e-05,3.9025311707518995e-05,0.00011861464736284688,7.064861711114645e-05,102,0.04730536788702011,0.002317315200343728,0.04317648708820343,0.052026472985744476,0.04771014302968979,156,0.0001800523605197668,0.0003779115213546902,-0.0006431862129829824,0.0010840205941349268,0.00015579651517327875,156,-0.005879836156964302,0.06499812752008438,-0.29103317856788635,0.1171017661690712,0.002387607702985406,0,,,,,,,,,,,,,,,
4946813,Số 1 đường Giải Phóng - phường Bạch Mai - ĐHBK,21.0052,105.8418,2024-10-06,156,6.051951277186163e-05,1.4109082258073613e-05,2.6563462597550824e-05,0.00010099577775690705,6.0341662901919335e-05,130,0.04944222420454025,0.002661910140886903,0.04482470080256462,0.056815870106220245,0.048661161214113235,156,4.8935460654320195e-05,0.00028722325805574656,-0.0007935075554996729,0.0007650483166798949,5.649832746712491e-05,156,-0.6027563810348511,0.08853128552436829,-0.9737534523010254,-0.39199045300483704,-0.5931757688522339,0,,,,,,,,,,,,,,,
4946813,Số 1 đường Giải Phóng - phường Bạch Mai - ĐHBK,21.0052,105.8418,2024-10-07,132,5.474640056490898e-05,1.5104459635040257e-05,1.5831099517527036e-05,9.60736651904881e-05,5.4148928029462695e-05,138,0.04397357627749443,0.00184534618165344,0.03973807021975517,0.04946928471326828,0.04390367120504379,144,4.5915036025689915e-05,0.00019754262757487595,-0.0005022351397201419,0.0005465748836286366,6.79673976264894e-05,156,-1.0318694114685059,0.42701008915901184,-2.0282042026519775,1.2761411666870117,-1.045488953590393,0,,,,,,,,,,,,,,,
4946813,Số 1 đường Giải Phóng - phường Bạch Mai - ĐHBK,21.0052,105.8418,2024-10-08,155,6.605230737477541e-05,1.7985719750868157e-05,3.284835838712752e-05,0.00012127264199079946,6.480044248746708e-05,110,0.0492735430598259,0.003634140593931079,0.043639663606882095,0.05986081063747406,0.04831096529960632,156,2.984356615343131e-05,0.00019233561761211604,-0.00044956020428799093,0.0006899088039062917,2.760057213890832e-05,156,-1.2359203100204468,0.13076455891132355,-1.7738946676254272,-0.772903561592102,-1.2175641059875488,0,,,,,,,,,,,,,,,
4946813,Số 1 đường Giải Phóng - phường Bạch Mai - ĐHBK,21.0052,105.8418,2024-10-09,23,5.569119821302593e-05,1.006384536594851e-05,3.468953582341783e-05,7.041433855192736e-05,5.813932148157619e-05,56,0.045643653720617294,0.0036902904976159334,0.03771667927503586,0.05077274143695831,0.04636301472783089,65,0.00010865819058381021,0.00017678449512459338,-0.0002469872706569731,0.000463694566860795,0.00012141872139181942,156,-0.7506507635116577,0.5201044082641602,-2.1327383518218994,0.8002697825431824,-0.7925861477851868,45954,0.027930613607168198,0.1408478170633316,-0.2915504574775696,0.764373242855072,-0.02087312564253807,0.07116012275218964,0.10143440961837769,-0.43259668350219727,0.557838499546051,0.06588861346244812,-0.019138995558023453,0.14413021504878998,-0.6773550510406494,0.4794686436653137,0.03363450616598129
4946813,Số 1 đường Giải Phóng - phường Bạch Mai - ĐHBK,21.0052,105.8418,2024-10-10,31,5.8333218476036564e-05,1.092772072297521e-05,3.9675291191088036e-05,7.987997378222644e-05,5.604798934655264e-05,60,0.043179117143154144,0.0028818396385759115,0.04089010879397392,0.05103907734155655,0.04258287325501442,52,-3.3366224670317024e-05,0.0003262547543272376,-0.0005675701540894806,0.0005125694442540407,-0.000114414346171543,156,-0.25891852378845215,0.643455445766449,-1.654321312904358,0.6208547353744507,-0.07665068656206131,0,,,,,,,,,,,,,,,
4946813,Số 1 đường Giải Phóng - phường Bạch Mai - ĐHBK,21.0052,105.8418,2024-10-11,60,7.47546655475162e-05,1.6786594642326236e-05,3.460406151134521e-05,0.00012655649334192276,7.377866131719202e-05,125,0.04743390530347824,0.002675081370398402,0.03997838497161865,0.05257429927587509,0.04765895754098892,115,5.0612656195880845e-05,0.00013660304830409586,-0.00029072989127598703,0.00034825518378056586,5.6867109378799796e-05,156,-0.4159163534641266,0.6248165369033813,-1.4000670909881592,1.4578787088394165,-0.5334774255752563,0,,,,,,,,,,,,,,,
4946813,Số 1 đường Giải Phóng - phường Bạch Mai - ĐHBK,21.0052,105.8418,2024-10-12,44,5.59023319510743e-05,1.3445408512779977e-05,3.098835804848932e-05,9.387604950461537e-05,5.478202365338802e-05,133,0.04818195849657059,0.004036624915897846,0.038501083850860596,0.059539053589105606,0.04811033606529236,102,1.7149899576907046e-05,9.321554534835741e-05,-0.00018829628243111074,0.00022691350022796541,1.8788614397635683e-05,156,-1.0939491987228394,0.5868964195251465,-1.9984766244888306,1.0132718086242676,-1.183703899383545,0,,,,,,,,,,,,,,,
4946813,Số 1 đường Giải Phóng - phường Bạch Mai - ĐHBK,21.0052,105.8418,2024-10-13,31,4.940105645800941e-05,1.141792381531559e-05,3.395204112166539e-05,8.230915409512818e-05,4.707841435447335e-05,114,0.045399077236652374,0.004707378800958395,0.03601597994565964,0.05813293904066086,0.045032911002635956,71,3.9987415220821276e-05,0.00011013694165740162,-0.0001814496354199946,0.0002919398248195648,2.5618341169320047e-05,156,-1.6046439409255981,0.7934659123420715,-3.087129831314087,0.5044722557067871,-1.7373896837234497,0,,,,,,,,,,,,,,,
4946813,Số 1 đường Giải Phóng - phường Bạch Mai - ĐHBK,21.0052,105.8418,2024-10-14,34,5.633994078380056e-05,2.0276824216125533e-05,3.776212179218419e-05,0.00013300168211571872,4.907857874059118e-05,153,0.047044552862644196,0.002965539461001754,0.040512584149837494,0.05346929281949997,0.04689210653305054,156,6.773124914616346e-05,0.00013781430607195944,-0.0002799757057800889,0.0005132442456670105,4.976135096512735e-05,156,-1.0615391731262207,0.29866650700569153,-1.7796601057052612,-0.5432520508766174,-1.0063068866729736,45954,0.030992822721600533,0.15305741131305695,-0.4528035819530487,0.6519853472709656,0.014772302471101284,0.07372631877660751,0.14224238693714142,-0.513633668422699,0.5193183422088623,0.06967458128929138,-0.01605408638715744,0.15978196263313293,-0.551750659942627,0.6164571642875671,-0.01429106667637825
4946813,Số 1 đường Giải Phóng - phường Bạch Mai - ĐHBK,21.0052,105.8418,2024-10-15,3,4.8838130169315264e-05,1.4616239241149742e-05,3.819234188995324e-05,6.950546958250925e-05,3.8816571759525687e-05,156,0.03984818235039711,0.0022983753588050604,0.032250091433525085,0.04753376916050911,0.039363522082567215,11,0.00011191135854460299,0.00020289306121412665,-0.00019729361520148814,0.0004304967587813735,0.00015168586105573922,146,-0.0271369069814682,0.9689738154411316,-1.4692696332931519,3.9565773010253906,-0.25609642267227173,0,,,,,,,,,,,,,,,
4946813,Số 1 đường Giải Phóng - phường Bạch Mai - ĐHBK,21.0052,105.8418,2024-10-16,0,,,,,,49,0.04041902720928192,0.0015516894636675715,0.03816929832100868,0.04266700893640518,0.040575459599494934,25,9.806763046071865e-06,0.00012881842849310488,-0.0002711499691940844,0.00021261897927615792,4.1339411836816e-05,156,-0.250191330909729,0.39183369278907776,-1.4148952960968018,0.7095549702644348,-0.24788716435432434,0,,,,,,,,,,,,,,,
4946813,Số 1 đường Giải Phóng - phường Bạch Mai - ĐHBK,21.0052,105.8418,2024-10-17,81,6.324531568679959e-05,1.4185592590365559e-05,3.489459413685836e-05,0.00010359386214986444,6.309925811365247e-05,153,0.04306618869304657,0.003482850966975093,0.03710951656103134,0.051472391933202744,0.04243114963173866,125,4.9006848712451756e-05,0.00011543332220753655,-0.0003313837805762887,0.00040486245416104794,4.582162364386022e-05,156,-0.9878894090652466,0.49562448263168335,-1.6515555381774902,1.1286054849624634,-1.0895060300827026,0,,,,,,,,,,,,,,,
4946813,Số 1 đường Giải Phóng - phường Bạch Mai - ĐHBK,21.0052,105.8418,2024-10-18,86,9.208408300764859e-05,5.546032480197027e-05,3.425186514505185e-05,0.0002740947820711881,7.285422179847956e-05,150,0.04066155105829239,0.003866272047162056,0.03124978020787239,0.05022535100579262,0.04067877307534218,125,4.680255733546801e-05,0.00012314216291997582,-0.00021266833937261254,0.00043550340342335403,4.182834891253151e-05,156,-1.5591901540756226,0.43352988362312317,-2.236152172088623,-0.024326248094439507,-1.61929452419281,0,,,,,,,,,,,,,,,
4946813,Số 1 đường Giải Phóng - phường Bạch Mai - ĐHBK,21.0052,105.8418,2024-10-19,21,5.505967419594526e-05,1.5000269740994554e-05,3.7749367038486525e-05,8.216168498620391e-05,5.120596324559301e-05,119,0.03582761436700821,0.0037827789783477783,0.0270876195281744,0.043942391872406006,0.0364871472120285,79,5.181924643693492e-05,0.00011320992780383676,-0.00020729909010697156,0.0005058463430032134,5.3661879064748064e-05,156,-1.7906783819198608,0.6654891967773438,-3.187962293624878,-0.282119482755661,-1.7912342548370361,45954,0.13521715998649597,0.19275805354118347,-0.7124372720718384,0.819172739982605,0.09455994516611099,0.09962894767522812,0.16730545461177826,-0.6136655807495117,0.7160657644271851,0.11055535078048706,-0.14128534495830536,0.1860978901386261,-0.7296496629714966,0.783635139465332,-0.13038849830627441
4946813,Số 1 đường Giải Phóng - phường Bạch Mai - ĐHBK,21.0052,105.8418,2024-10-20,0,,,,,,156,0.03874285891652107,0.002327016554772854,0.034210022538900375,0.04339240491390228,0.03876027092337608,152,3.1071696867002174e-05,0.00016820873133838177,-0.0003485483175609261,0.0005248020752333105,2.428733932902105e-05,156,-0.7869035601615906,0.21600918471813202,-1.3947619199752808,-0.26248446106910706,-0.7658934593200684,0,,,,,,,,,,,,,,,
4946813,Số 1 đường Giải Phóng - phường Bạch Mai - ĐHBK,21.0052,105.8418,2024-10-21,0,,,,,,0,,,,,,0,,,,,,156,0.6024060249328613,0.404945969581604,0.23081277310848236,1.9089120626449585,0.46036797761917114,0,,,,,,,,,,,,,,,
4946813,Số 1 đường Giải Phóng - phường Bạch Mai - ĐHBK,21.0052,105.8418,2024-10-22,145,4.806811921298504e-05,1.0829309758264571e-05,1.8273651221534237e-05,7.551274757133797e-05,4.8147168854484335e-05,156,0.040387704968452454,0.001736696227453649,0.03729269281029701,0.04498860612511635,0.04013364762067795,153,5.1613653340609744e-05,0.00011268534581176937,-0.00019111151050310582,0.000355366850271821,5.2989082178100944e-05,156,-0.9299750924110413,0.21313419938087463,-1.3369206190109253,-0.20077189803123474,-0.9478950500488281,0,,,,,,,,,,,,,,,
4946813,Số 1 đường Giải Phóng - phường Bạch Mai - ĐHBK,21.0052,105.8418,2024-10-23,103,4.314530815463513e-05,9.482710993324872e-06,2.196713467128575e-05,7.193123019533232e-05,4.347883441369049e-05,109,0.04317919537425041,0.002229786477982998,0.038658108562231064,0.0491957850754261,0.042907796800136566,111,5.3543066314887255e-05,0.00015102949691936374,-0.0002646261709742248,0.0004122330865357071,5.5385069572366774e-05,156,-0.8335586190223694,0.6156867146492004,-2.0648958683013916,1.0221974849700928,-0.9122912883758545,0,,,,,,,,,,,,,,,
4946813,Số 1 đường Giải Phóng - phường Bạch Mai - ĐHBK,21.0052,105.8418,2024-10-24,156,6.078416481614113e-05,1.3543694876716472e-05,2.7979114747722633e-05,9.202185174217448e-05,6.071482494007796e-05,88,0.03859775885939598,0.0044549270533025265,0.03174302726984024,0.049042731523513794,0.038066647946834564,156,9.955663699656725e-06,0.00018906197510659695,-0.00037622760282829404,0.0004735835245810449,-4.183935288892826e-06,156,-1.5828320980072021,0.23809802532196045,-2.162921190261841,-0.9300153851509094,-1.5934240818023682,45954,0.24338944256305695,0.10546160489320755,-0.03379705920815468,0.6235937476158142,0.2070196568965912,0.0010227712336927652,0.1013755053281784,-0.4145853817462921,0.2843191921710968,0.015313336625695229,-0.26427388191223145,0.08956572413444519,-0.5772175788879395,0.3217964768409729,-0.2470269352197647
4946813,Số 1 đường Giải Phóng - phường Bạch Mai - ĐHBK,21.0052,105.8418,2024-10-25,85,8.286958473036066e-05,2.0743806089740247e-05,3.995226870756596e-05,0.00013647612649947405,7.722894224571064e-05,0,,,,,,156,3.6457688111113384e-05,0.0002888210292439908,-0.0007686570752412081,0.000998293748125434,2.659717392816674e-05,156,-1.6465203762054443,0.27015984058380127,-2.2277393341064453,-1.1841356754302979,-1.6326475143432617,0,,,,,,,,,,,,,,,
4946813,Số 1 đường Giải Phóng - phường Bạch Mai - ĐHBK,21.0052,105.8418,2024-10-26,147,4.8398225771961734e-05,1.4079011634748895e-05,1.4148640730127227e-05,8.796215843176469e-05,4.8556652473052964e-05,0,,,,,,152,0.00033735259785316885,0.0009671848965808749,-0.0024373382329940796,0.0027890196070075035,0.0002720236370805651,156,1.0197887420654297,0.37643519043922424,0.500643789768219,1.8982656002044678,0.9211498498916626,0,,,,,,,,,,,,,,,
4946813,Số 1 đường Giải Phóng - phường Bạch Mai - ĐHBK,21.0052,105.8418,2024-10-27,0,,,,,,0,,,,,,0,,,,,,156,0.0743643045425415,0.21225856244564056,-0.6468957662582397,0.4655624330043793,0.062438126653432846,0,,,,,,,,,,,,,,,
4946813,Số 1 đường Giải Phóng - phường Bạch Mai - ĐHBK,21.0052,105.8418,2024-10-28,0,,,,,,4,0.0464450865983963,0.000931207207031548,0.04484991729259491,0.04720165580511093,0.04686438664793968,0,,,,,,156,-0.6725525259971619,0.23301652073860168,-1.20087730884552,-0.2138730138540268,-0.6543298363685608,0,,,,,,,,,,,,,,,
4946813,Số 1 đường Giải Phóng - phường Bạch Mai - ĐHBK,21.0052,105.8418,2024-10-29,2,4.490683204494417e-05,4.157160219619982e-06,4.074967364431359e-05,4.906399408355355e-05,4.490683204494417e-05,147,0.04558901488780975,0.0038260938599705696,0.03759760409593582,0.05293998122215271,0.04504638537764549,5,0.00013679786934517324,0.00021115981508046389,-0.00013008699170313776,0.0003673325409181416,0.00021897991246078163,156,-1.275460124015808,0.7043648362159729,-2.9116601943969727,0.12060089409351349,-1.2543206214904785,45954,-0.004530451260507107,0.009918060153722763,-0.05557487905025482,0.06204132363200188,-0.005436297971755266,-0.09055022150278091,0.019091030582785606,-0.16597989201545715,0.002319751074537635,-0.09093710780143738,0.0071107205003499985,0.00558699993416667,-0.029119031503796577,0.03495587408542633,0.0076196156442165375
4946813,Số 1 đường Giải Phóng - phường Bạch Mai - ĐHBK,21.0052,105.8418,2024-10-30,148,6.609124829992652e-05,1.5416233509313315e-05,3.9720598579151556e-05,0.00011069999891333282,6.388593465089798e-05,68,0.047555822879076004,0.0027280068024992943,0.04134185612201691,0.050887931138277054,0.04825783148407936,156,3.364741132827476e-05,0.0003175192978233099,-0.0007613269262947142,0.0008286253432743251,4.4612948840949684e-05,156,-0.9434677362442017,0.27110469341278076,-1.5291330814361572,-0.22472815215587616,-0.9062960147857666,0,,,,,,,,,,,,,,,
4946813,Số 1 đường Giải Phóng - phường Bạch Mai - ĐHBK,21.0052,105.8418,2024-10-31,150,8.34192760521546e-05,2.240540379716549e-05,2.99782204820076e-05,0.00013195208157412708,8.45155882416293e-05,92,0.05082206800580025,0.002474422100931406,0.04565158858895302,0.056342463940382004,0.05049070715904236,41,-7.219916733447462e-05,0.0007239625556394458,-0.001684392336755991,0.0015527469804510474,-0.00020935237989760935,155,0.5915231108665466,0.17762726545333862,0.2336397022008896,0.9907597899436951,0.5662288665771484,0,,,,,,,,,,,,,,,
4946813,Số 1 đường Giải Phóng - phường Bạch Mai - ĐHBK,21.0052,105.8418,2024-11-01,156,7.15629430487752e-05,1.2436094039003365e-05,3.09945571643766e-05,0.0001101481684600003,7.101082883309573e-05,152,0.045980434864759445,0.002573103876784444,0.039873965084552765,0.050405003130435944,0.04643978178501129,156,6.579130422323942e-05,0.00039781894884072244,-0.0009716799249872565,0.0011032362235710025,5.6224409490823746e-05,156,-0.04576699808239937,0.07366194576025009,-0.30585500597953796,0.0832429826259613,-0.039864856749773026,0,,,,,,,,,,,,,,,
4946813,Số 1 đường Giải Phóng - phường Bạch Mai - ĐHBK,21.0052,105.8418,2024-11-02,156,6.939260492799804e-05,1.482311199652031e-05,3.955547799705528e-05,0.00011332353460602462,6.791718624299392e-05,131,0.04664243385195732,0.003103885566815734,0.041941963136196136,0.052951931953430176,0.0456567108631134,156,1.7113614376285113e-05,0.0002919303660746664,-0.000670821696985513,0.0007817482110112906,-9.901146768243052e-06,156,-0.5064660906791687,0.08658858388662338,-0.8485016226768494,-0.29047712683677673,-0.5009070634841919,0,,,,,,,,,,,,,,,
4946813,Số 1 đường Giải Phóng - phường Bạch Mai - ĐHBK,21.0052,105.8418,2024-11-03,0,,,,,,0,,,,,,0,,,,,,156,-1.14523184299469,0.2960311472415924,-2.605203628540039,-0.48156699538230896,-1.0775058269500732,45954,-0.05352727696299553,0.007376823108643293,-0.09281954914331436,-0.010172486305236816,-0.05351414903998375,-0.04956613481044769,0.011868666857481003,-0.10808255523443222,0.03653579205274582,-0.05028229206800461,0.08010891824960709,0.004622571635991335,0.05980261042714119,0.09776316583156586,0.08013022691011429
4946813,Số 1 đường Giải Phóng - phường Bạch Mai - ĐHBK,21.0052,105.8418,2024-11-04,0,,,,,,145,0.04233792424201965,0.0038998331874608994,0.034050535410642624,0.049057766795158386,0.04331645369529724,0,,,,,,156,-1.0805389881134033,0.3684793710708618,-2.0703394412994385,-0.29466232657432556,-1.0285567045211792,0,,,,,,,,,,,,,,,
4946813,Số 1 đường Giải Phóng - phường Bạch Mai - ĐHBK,21.0052,105.8418,2024-11-05,0,,,,,,10,0.04423956200480461,0.0006704590050503612,0.04293914511799812,0.04483009874820709,0.04452263563871384,0,,,,,,156,-0.6428173780441284,0.24007491767406464,-1.3094544410705566,-0.00891623180359602,-0.6239908933639526,0,,,,,,,,,,,,,,,
4946813,Số 1 đường Giải Phóng - phường Bạch Mai - ĐHBK,21.0052,105.8418,2024-11-06,0,,,,,,0,,,,,,0,,,,,,156,0.15961754322052002,0.30932363867759705,-0.5981706380844116,0.7868671417236328,0.1406242549419403,0,,,,,,,,,,,,,,,
4946813,Số 1 đường Giải Phóng - phường Bạch Mai - ĐHBK,21.0052,105.8418,2024-11-07,111,7.885132072260603e-05,2.2209551389096305e-05,4.0842871385393664e-05,0.00016058800974860787,7.695922977291048e-05,130,0.05830812826752663,0.003637951333075762,0.04320642724633217,0.06367532163858414,0.059086937457323074,143,5.043444616603665e-05,0.00020946892618667334,-0.00048456946387887,0.0006945964996702969,5.713553946407046e-06,156,-0.9663546681404114,0.3288809061050415,-1.6884897947311401,0.6695435643196106,-0.9728497266769409,0,,,,,,,,,,,,,,,
4946813,Số 1 đường Giải Phóng - phường Bạch Mai - ĐHBK,21.0052,105.8418,2024-11-08,147,6.702249811496586e-05,1.7760454284143634e-05,2.678061900951434e-05,0.00012056319246767089,6.880738510517403e-05,82,0.05460777506232262,0.0031373053789138794,0.04478203132748604,0.06077272817492485,0.05452301353216171,156,3.0917646654415876e-05,0.00025002475013025105,-0.000569253577850759,0.0008022551774047315,1.2636062820092775e-05,156,-1.1756129264831543,0.22821106016635895,-1.865179181098938,0.1264927089214325,-1.1576852798461914,45954,0.23956416547298431,0.19527120888233185,-0.3381649851799011,0.8775347471237183,0.18003365397453308,0.08500760793685913,0.17888398468494415,-0.6725174784660339,0.5831924080848694,0.11589020490646362,-0.26351678371429443,0.18111345171928406,-0.7952385544776917,0.6326512694358826,-0.2481135129928589
4946813,Số 1 đường Giải Phóng - phường Bạch Mai - ĐHBK,21.0052,105.8418,2024-11-09,156,8.15258317743428e-05,3.0106159101705998e-05,3.595915768528357e-05,0.00020628684433177114,7.399009336950257e-05,119,0.05127760395407677,0.006299643311649561,0.04183705896139145,0.07077216356992722,0.05025235563516617,156,7.573184120701626e-05,0.0002781413495540619,-0.0006431799265556037,0.0008593649254180491,7.629480387549847e-05,156,-0.8345176577568054,0.17742590606212616,-1.416534662246704,-0.14738613367080688,-0.8031772971153259,0,,,,,,,,,,,,,,,
4946813,Số 1 đường Giải Phóng - phường Bạch Mai - ĐHBK,21.0052,105.8418,2024-11-10,156,6.730509630870074e-05,1.3292833500599954e-05,3.8940299418754876e-05,9.595270967110991e-05,6.629123527090997e-05,151,0.049304261803627014,0.0037000179290771484,0.042337242513895035,0.05602089688181877,0.04889102280139923,156,-3.7395952858787496e-06,0.00035108899464830756,-0.0006950609385967255,0.0008425342966802418,3.876578830386279e-06,156,-0.1806037425994873,0.2668578326702118,-0.7898627519607544,0.6358876824378967,-0.27629613876342773,0,,,,,,,,,,,,,,,
4946813,Số 1 đường Giải Phóng - phường Bạch Mai - ĐHBK,21.0052,105.8418,2024-11-11,156,8.774750313023105e-05,2.102912731061224e-05,3.284514605184086e-05,0.0001458379701944068,8.523836731910706e-05,111,0.05089261010289192,0.003677821485325694,0.04263222590088844,0.05794141814112663,0.0500519834458828,156,0.0001453509903512895,0.0005518783582374454,-0.0012129893293604255,0.0019520706264302135,9.434775711270049e-05,156,0.29556047916412354,0.09569604694843292,0.01516969595104456,0.5511062145233154,0.2709662616252899,0,,,,,,,,,,,,,,,
4946813,Số 1 đường Giải Phóng - phường Bạch Mai - ĐHBK,21.0052,105.8418,2024-11-12,71,0.00011247998190810904,3.774542346945964e-05,6.701707752654329e-05,0.000272062054136768,0.00010492478759260848,150,0.044094327837228775,0.004112796857953072,0.03544054552912712,0.05465761944651604,0.044681936502456665,153,0.00011678909504553303,0.00018808089953381568,-0.0004807033110409975,0.000678233162034303,9.558830788591877e-05,156,-0.49094098806381226,0.3693341910839081,-1.15965735912323,0.5251250863075256,-0.5272903442382812,0,,,,,,,,,,,,,,,
4946813,Số 1 đường Giải Phóng - phường Bạch Mai - ĐHBK,21.0052,105.8418,2024-11-13,120,6.149868568172678e-05,2.8980384740862064e-05,1.8456183170201257e-05,0.0002518314286135137,5.6653232604730874e-05,142,0.041278738528490067,0.004103551618754864,0.034438356757164,0.05738232284784317,0.04038470983505249,149,2.9349230317166075e-05,0.00015858277038205415,-0.000422631943365559,0.0004995294730179012,3.5710985685000196e-05,156,-1.0524699687957764,0.3512403964996338,-1.8009215593338013,0.3941696584224701,-1.1360450983047485,45954,0.13123169541358948,0.14752571284770966,-0.26945990324020386,0.7919973731040955,0.09790559113025665,0.07548259198665619,0.1491146683692932,-0.5401147603988647,0.6152013540267944,0.08808964490890503,-0.13273878395557404,0.1444198191165924,-0.6975924968719482,0.5276023745536804,-0.12517738342285156
4946813,Số 1 đường Giải Phóng - phường Bạch Mai - ĐHBK,21.0052,105.8418,2024-11-14,113,0.00010468417167430744,6.066838250262663e-05,2.805362419167068e-05,0.0003627735422924161,8.835596963763237e-05,130,0.04332897812128067,0.003615917405113578,0.0344376340508461,0.053899019956588745,0.04326452314853668,156,-1.7867725546238944e-05,0.00015134387649595737,-0.0004464498779270798,0.000418666226323694,-6.616828613914549e-06,156,-1.3062798976898193,0.24963495135307312,-1.7598564624786377,-0.4023062586784363,-1.345120906829834,0,,,,,,,,,,,,,,,
4946813,Số 1 đường Giải Phóng - phường Bạch Mai - ĐHBK,21.0052,105.8418,2024-11-15,31,8.666254143463448e-05,2.972111906274222e-05,4.177166192675941e-05,0.00015814109065104276,7.419762550853193e-05,156,0.04197768494486809,0.002329836832359433,0.03539431840181351,0.045882392674684525,0.042175404727458954,156,2.441385186102707e-05,0.00019745933241210878,-0.000666974694468081,0.0005390836158767343,1.1036424439225812e-05,156,-0.5644048452377319,0.22442567348480225,-1.3104870319366455,0.04631398618221283,-0.5525633692741394,0,,,,,,,,,,,,,,,
4946813,Số 1 đường Giải Phóng - phường Bạch Mai - ĐHBK,21.0052,105.8418,2024-11-16,62,6.797363312216476e-05,1.3575589036918245e-05,4.7306199121521786e-05,0.00012217010953463614,6.601307541131973e-05,156,0.04047941416501999,0.0016386042116209865,0.0375947542488575,0.04391157254576683,0.04039928317070007,67,-5.085709290142404e-06,0.0005990346544422209,-0.0011352580040693283,0.0015263304812833667,-8.909629104891792e-05,155,0.4108349680900574,0.38502591848373413,-0.3728107213973999,1.398023247718811,0.43466994166374207,0,,,,,,,,,,,,,,,
4946813,Số 1 đường Giải Phóng - phường Bạch Mai - ĐHBK,21.0052,105.8418,2024-11-17,156,6.679994839942083e-05,1.816402618715074e-05,3.53865725628566e-05,0.00012441050785128027,6.550995021825656e-05,156,0.041325170546770096,0.0031179278157651424,0.03482859954237938,0.04925782233476639,0.04111320897936821,156,2.7166242944076657e-05,0.0002654249838087708,-0.0006574448198080063,0.0006966831278987229,3.386438766028732e-05,156,-0.3114866018295288,0.11973968893289566,-0.5586825013160706,0.02388138510286808,-0.33838510513305664,0,,,,,,,,,,,,,,,
4946813,Số 1 đường Giải Phóng - phường Bạch Mai - ĐHBK,21.0052,105.8418,2024-11-18,13,6.0487691371235996e-05,2.429771666356828e-05,3.7726324080722407e-05,0.00012265161785762757,5.127093754708767e-05,81,0.04671202600002289,0.003058420494198799,0.039255835115909576,0.05285986512899399,0.046618103981018066,47,9.131831757258624e-05,0.00014803138037677854,-0.00021679452038370073,0.00044336359133012593,7.314518006751314e-05,156,-0.5773453116416931,0.9677362442016602,-2.186767578125,2.135005474090576,-0.6583038568496704,45954,-0.05214661732316017,0.08936761319637299,-0.4173434376716614,0.5140833854675293,-0.058382026851177216,-0.03878546133637428,0.12064775824546814,-0.5307012796401978,0.5348471403121948,-0.0646178275346756,0.08801072090864182,0.08111021667718887,-0.4393296241760254,0.46917709708213806,0.0902598649263382
4946813,Số 1 đường Giải Phóng - phường Bạch Mai - ĐHBK,21.0052,105.8418,2024-11-19,154,5.887378574698232e-05,1.1839677426905837e-05,2.0306890291976742e-05,9.317122749052942e-05,5.8411824284121394e-05,138,0.04678775370121002,0.0027013502549380064,0.04030880704522133,0.05461829900741577,0.046378061175346375,156,-2.820588633767329e-05,0.00016875563596840948,-0.0004403430793900043,0.0003412837686482817,-3.172428114339709e-05,156,-1.2471963167190552,0.3012251853942871,-2.4659969806671143,-0.8075620532035828,-1.2087904214859009,0,,,,,,,,,,,,,,,
4946813,Số 1 đường Giải Phóng - phường Bạch Mai - ĐHBK,21.0052,105.8418,2024-11-20,156,6.492610555142164e-05,1.5019075362943113e-05,3.3571719541214406e-05,0.0001216378077515401,6.283049151534215e-05,62,0.049081750214099884,0.002903349231928587,0.04317708685994148,0.05470505356788635,0.04839666932821274,156,5.338560731615871e-05,0.0002209113590652123,-0.0004883806686848402,0.0005008488660678267,3.777882375288755e-05,156,-1.0220820903778076,0.19926531612873077,-1.7511529922485352,-0.7275658845901489,-0.9726141691207886,0,,,,,,,,,,,,,,,
4946813,Số 1 đường Giải Phóng - phường Bạch Mai - ĐHBK,21.0052,105.8418,2024-11-21,145,5.160233558854088e-05,8.972191608336288e-06,2.547599251556676e-05,7.037581963231787e-05,5.0735430704662576e-05,72,0.050986312329769135,0.005367023404687643,0.0410693995654583,0.05787992477416992,0.05239694565534592,156,-2.1293388272169977e-05,0.0002658083103597164,-0.001106598530896008,0.0006670088041573763,-5.769566541857785e-06,156,0.014176668599247932,0.22641481459140778,-0.3098357319831848,1.0378735065460205,-0.01509656198322773,0,,,,,,,,,,,,,,,
4946813,Số 1 đường Giải Phóng - phường Bạch Mai - ĐHBK,21.0052,105.8418,2024-11-22,82,7.088222628226504e-05,1.5621577404090203e-05,4.39438117609825e-05,0.00010961307270918041,6.743812264176086e-05,124,0.041739050298929214,0.002596641657873988,0.036791879683732986,0.046203482896089554,0.04166104644536972,134,-6.746163126081228e-05,0.00023007942945696414,-0.0005558999837376177,0.0005902742268517613,-7.20158132025972e-05,156,0.4049760699272156,0.3820086121559143,-0.19543024897575378,1.4487860202789307,0.2936543822288513,0,,,,,,,,,,,,,,,
4946813,Số 1 đường Giải Phóng - phường Bạch Mai - ĐHBK,21.0052,105.8418,2024-11-23,19,7.699983689235523e-05,1.2003623851342127e-05,5.4817101045046e-05,9.571336704539135e-05,7.941720105009153e-05,92,0.043970003724098206,0.0021869081538170576,0.03800153359770775,0.04961003363132477,0.04374390095472336,92,5.7927860325435176e-05,0.0001778669684426859,-0.000429346167948097,0.0004914698074571788,5.4792893934063613e-05,156,-0.7479724287986755,0.3007771074771881,-1.6616045236587524,0.15253961086273193,-0.7304137945175171,45954,-0.01301684882491827,0.047158703207969666,-0.3347315490245819,0.3888876438140869,-0.01699589379131794,0.015368805266916752,0.05611315742135048,-0.2954418361186981,0.44564810395240784,0.009039916098117828,0.031047748401761055,0.024622006341814995,-0.297640860080719,0.16156747937202454,0.034926239401102066
4946813,Số 1 đường Giải Phóng - phường Bạch Mai - ĐHBK,21.0052,105.8418,2024-11-24,0,,,,,,0,,,,,,0,,,,,,156,-1.2198474407196045,0.39395830035209656,-2.1632983684539795,-0.49701300263404846,-1.1560134887695312,0,,,,,,,,,,,,,,,
4946813,Số 1 đường Giải Phóng - phường Bạch Mai - ĐHBK,21.0052,105.8418,2024-11-25,3,0.000103555059467908,2.026649053732399e-05,8.396748307859525e-05,0.00013146903074812144,9.522865730104968e-05,144,0.04598745331168175,0.0034902694169431925,0.03783764690160751,0.05289559066295624,0.046021007001399994,71,2.8322720027063042e-05,0.0001104996626963839,-0.0002899702813010663,0.0003144361835438758,3.212030424037948e-05,156,-1.3145493268966675,0.5174044370651245,-2.5678281784057617,0.18714354932308197,-1.3590587377548218,0,,,,,,,,,,,,,,,
4946813,Số 1 đường Giải Phóng - phường Bạch Mai - ĐHBK,21.0052,105.8418,2024-11-26,0,,,,,,0,,,,,,0,,,,,,156,-0.7678027153015137,0.1803278625011444,-1.1594712734222412,-0.38661670684814453,-0.7621533870697021,0,,,,,,,,,,,,,,,
4946813,Số 1 đường Giải Phóng - phường Bạch Mai - ĐHBK,21.0052,105.8418,2024-11-27,0,,,,,,0,,,,,,0,,,,,,156,0.27253302931785583,0.17808392643928528,-0.13381099700927734,0.674917995929718,0.2714722752571106,0,,,,,,,,,,,,,,,
4946813,Số 1 đường Giải Phóng - phường Bạch Mai - ĐHBK,21.0052,105.8418,2024-11-28,95,5.732399586122483e-05,1.486626479163533e-05,3.0844144930597395e-05,9.668204438639805e-05,5.363361560739577e-05,114,0.04444514960050583,0.001970181707292795,0.039563268423080444,0.04891093820333481,0.04387463629245758,114,3.0025319574633613e-05,0.00023723179765511304,-0.0005221415776759386,0.00107880390714854,4.26593360316474e-05,156,-0.4022485017776489,0.386936753988266,-1.1724697351455688,0.6099785566329956,-0.3814663290977478,45954,0.028861001133918762,0.018288375809788704,-0.03595949709415436,0.19075711071491241,0.027402495965361595,0.04525546729564667,0.02376367524266243,-0.04099814593791962,0.14707797765731812,0.04258588328957558,-0.029751595109701157,0.019048461690545082,-0.17935021221637726,0.022356480360031128,-0.02850348874926567
4946813,Số 1 đường Giải Phóng - phường Bạch Mai - ĐHBK,21.0052,105.8418,2024-11-29,129,7.33073175069876e-05,2.179471994168125e-05,3.0491950383293442e-05,0.00015340854588430375,6.995658623054624e-05,79,0.045664940029382706,0.003261737059801817,0.04066338762640953,0.056764744222164154,0.04522017762064934,135,1.1305771295155864e-05,0.00029800599440932274,-0.0007151721511036158,0.0007401399780064821,7.604673101013759e-06,156,-0.6135958433151245,0.19729174673557281,-1.0954616069793701,0.07020539045333862,-0.593543291091919,0,,,,,,,,,,,,,,,
4946813,Số 1 đường Giải Phóng - phường Bạch Mai - ĐHBK,21.0052,105.8418,2024-11-30,156,0.00019769507343880832,7.142918911995366e-05,7.652211934328079e-05,0.00043931251275353134,0.00018184467626269907,90,0.050871677696704865,0.007066003978252411,0.042687177658081055,0.08078372478485107,0.049434736371040344,156,0.0001893690205179155,0.0003503368061501533,-0.0005460360553115606,0.0014546249294653535,0.0001555684139020741,156,-0.889196515083313,0.207838237285614,-1.4951345920562744,-0.31953251361846924,-0.8659915328025818,0,,,,,,,,,,,,,,,
4946813,Số 1 đường Giải Phóng - phường Bạch Mai - ĐHBK,21.0052,105.8418,2024-12-01,28,0.00010677722457330674,2.5737139367265627e-05,7.075732719385996e-05,0.0001544349652249366,9.926580969477072e-05,67,0.04715709015727043,0.003565728198736906,0.042621273547410965,0.055471278727054596,0.04596561938524246,119,5.1374219765421e-05,0.0002776262990664691,-0.0006511714891530573,0.0007356566493399441,8.736306335777044e-05,156,-1.1143856048583984,0.4926392138004303,-2.1173975467681885,-0.1187506765127182,-1.1375612020492554,0,,,,,,,,,,,,,,,
4946813,Số 1 đường Giải Phóng - phường Bạch Mai - ĐHBK,21.0052,105.8418,2024-12-02,0,,,,,,1,0.04495814070105553,0.0,0.04495814070105553,0.04495814070105553,0.04495814070105553,0,,,,,,152,0.34423506259918213,0.38784244656562805,-0.5276075005531311,1.596757173538208,0.2826806306838989,0,,,,,,,,,,,,,,,
4946813,Số 1 đường Giải Phóng - phường Bạch Mai - ĐHBK,21.0052,105.8418,2024-12-03,0,,,,,,72,0.04415113478899002,0.001491207629442215,0.040654540061950684,0.04592893272638321,0.04459225758910179,8,5.907206650590524e-05,0.00010618461237754673,-5.789327769889496e-05,0.0003263482067268342,3.7791396607644856e-05,156,0.719680666923523,0.7312308549880981,-1.13975989818573,2.2055468559265137,0.7868412137031555,45954,-0.010573395527899265,0.030210435390472412,-0.2139735370874405,0.24264322221279144,-0.012345641851425171,-0.07607164978981018,0.05285128951072693,-0.3743872344493866,0.24473458528518677,-0.07840047776699066,0.02224613167345524,0.017446700483560562,-0.09356392920017242,0.10110578685998917,0.021980948746204376
4946813,Số 1 đường Giải Phóng - phường Bạch Mai - ĐHBK,21.0052,105.8418,2024-12-04,16,3.819035191554576e-05,1.8979586457135156e-05,2.0461726307985373e-05,9.267251880373806e-05,3.2520940294489264e-05,48,0.041717279702425,0.001675799023360014,0.038531575351953506,0.045617833733558655,0.042029477655887604,32,5.836336640641093e-05,0.00021509750513359904,-0.0003357039240654558,0.0005538886762224138,5.96782956563402e-05,156,-0.521266758441925,0.6357208490371704,-1.8139424324035645,1.2497795820236206,-0.5980057716369629,0,,,,,,,,,,,,,,,
4946813,Số 1 đường Giải Phóng - phường Bạch Mai - ĐHBK,21.0052,105.8418,2024-12-05,5,5.804387546959333e-05,5.3405010476126336e-06,5.201803651289083e-05,6.66952328174375e-05,5.879274976905435e-05,112,0.04445376992225647,0.0034373013768345118,0.03627319633960724,0.050731271505355835,0.045569419860839844,53,2.082256287394557e-05,0.0001528554130345583,-0.0007150509627535939,0.00036059063859283924,2.912888339778874e-05,156,-1.3809926509857178,0.5238878726959229,-2.6252121925354004,0.05796932429075241,-1.4284031391143799,0,,,,,,,,,,,,,,,
4946813,Số 1 đường Giải Phóng - phường Bạch Mai - ĐHBK,21.0052,105.8418,2024-12-06,0,,,,,,19,0.03798321262001991,0.0038827911484986544,0.03251881152391434,0.04442504420876503,0.03846314921975136,0,,,,,,156,-1.0312014818191528,0.5812082290649414,-3.129324436187744,-0.043913476169109344,-0.9262252449989319,0,,,,,,,,,,,,,,,
4946813,Số 1 đường Giải Phóng - phường Bạch Mai - ĐHBK,21.0052,105.8418,2024-12-07,0,,,,,,0,,,,,,0,,,,,,156,-0.12363018095493317,0.06434273719787598,-0.31863608956336975,0.012528261169791222,-0.12381372600793839,0,,,,,,,,,,,,,,,
4946813,Số 1 đường Giải Phóng - phường Bạch Mai - ĐHBK,21.0052,105.8418,2024-12-08,0,,,,,,0,,,,,,0,,,,,,156,0.26298508048057556,0.05357283353805542,0.10090822726488113,0.37348273396492004,0.26616936922073364,45954,0.013630569912493229,0.004786069039255381,-0.016112791374325752,0.042105238884687424,0.013582345098257065,-0.2213851660490036,0.018679466098546982,-0.346508264541626,-0.17561060190200806,-0.21888397634029388,-0.025881804525852203,0.0036834003403782845,-0.04039059206843376,-0.004749339073896408,-0.026079127565026283
4946813,Số 1 đường Giải Phóng - phường Bạch Mai - ĐHBK,21.0052,105.8418,2024-12-09,3,0.00011928013555007055,2.4143353584804572e-05,8.522646385245025e-05,0.0001384547504130751,0.0001341591851087287,17,0.045278050005435944,0.001945837284438312,0.041816793382167816,0.04777676984667778,0.04499664902687073,10,3.439939609961584e-05,6.962358020246029e-05,-8.052030898397788e-05,0.00011760328197851777,3.709769589477219e-05,156,-0.10039827227592468,0.5820187926292419,-2.247359037399292,0.8357733488082886,0.0840030163526535,0,,,,,,,,,,,,,,,
4946813,Số 1 đường Giải Phóng - phường Bạch Mai - ĐHBK,21.0052,105.8418,2024-12-10,66,0.00016435743600595742,4.325190820964053e-05,9.504276385996491e-05,0.000267444527707994,0.00015535032434854656,112,0.05009401962161064,0.004903051536530256,0.04099734127521515,0.06519884616136551,0.04941684380173683,97,3.844911407213658e-05,0.00014012097381055355,-0.00032414495944976807,0.0004084327956661582,5.855126801179722e-05,156,-1.3373026847839355,0.43735000491142273,-2.1164422035217285,-0.09913303703069687,-1.4514174461364746,0,,,,,,,,,,,,,,,
4946813,Số 1 đường Giải Phóng - phường Bạch Mai - ĐHBK,21.0052,105.8418,2024-12-11,0,,,,,,39,0.042824577540159225,0.0034083821810781956,0.03618589788675308,0.04734822362661362,0.04345260560512543,0,,,,,,156,-0.9044755101203918,0.38815930485725403,-2.1161324977874756,0.16214682161808014,-0.9511751532554626,0,,,,,,,,,,,,,,,
4946813,Số 1 đường Giải Phóng - phường Bạch Mai - ĐHBK,21.0052,105.8418,2024-12-12,0,,,,,,1,0.043184831738471985,0.0,0.043184831738471985,0.043184831738471985,0.043184831738471985,0,,,,,,156,-0.3857685625553131,0.06094718724489212,-0.540421187877655,-0.2037440985441208,-0.3854829967021942,0,,,,,,,,,,,,,,,
4946813,Số 1 đường Giải Phóng - phường Bạch Mai - ĐHBK,21.0052,105.8418,2024-12-13,0,,,,,,0,,,,,,0,,,,,,156,0.10937988758087158,0.3152799606323242,-0.5303314328193665,0.7642750144004822,0.07919097691774368,45954,0.007427160628139973,0.009970390237867832,-0.05590059235692024,0.0780903697013855,0.007424995303153992,-0.13721494376659393,0.027641182765364647,-0.26478874683380127,-0.05317959189414978,-0.13286280632019043,-0.007286639418452978,0.009181758388876915,-0.04653366282582283,0.028281332924962044,-0.008019005879759789
4946813,Số 1 đường Giải Phóng - phường Bạch Mai - ĐHBK,21.0052,105.8418,2024-12-14,0,,,,,,75,0.042217884212732315,0.0010394616983830929,0.040165871381759644,0.04409608617424965,0.04203538969159126,0,,,,,,156,0.18447467684745789,0.2699880003929138,-0.47708579897880554,0.9101390242576599,0.19048979878425598,0,,,,,,,,,,,,,,,
4946813,Số 1 đường Giải Phóng - phường Bạch Mai - ĐHBK,21.0052,105.8418,2024-12-15,0,,,,,,43,0.04996407404541969,0.003841330064460635,0.043056584894657135,0.05835064500570297,0.049906663596630096,0,,,,,,156,-0.07686105370521545,0.2528718113899231,-0.7418676614761353,0.6199648976325989,-0.06919462978839874,0,,,,,,,,,,,,,,,
4946813,Số 1 đường Giải Phóng - phường Bạch Mai - ĐHBK,21.0052,105.8418,2024-12-16,142,9.125602809945121e-05,2.910526018240489e-05,3.4053791750920936e-05,0.00015719779185019433,8.552218787372112e-05,104,0.04872202128171921,0.0035124653950333595,0.03877316042780876,0.05678797885775566,0.048731595277786255,156,-1.7073742128559388e-05,0.0002960551646538079,-0.0007466251845471561,0.0009650458232499659,1.853176399890799e-06,156,-1.0824183225631714,0.17944014072418213,-1.7764772176742554,-0.7722931504249573,-1.0642759799957275,0,,,,,,,,,,,,,,,
4946813,Số 1 đường Giải Phóng - phường Bạch Mai - ĐHBK,21.0052,105.8418,2024-12-17,7,0.00016618685913272202,4.772416650666855e-05,9.427607437828556e-05,0.00021737907081842422,0.00015828976756893098,60,0.05506181716918945,0.006152508780360222,0.04719254747033119,0.07009075582027435,0.05241116136312485,73,8.615691331215203e-05,0.00024027957988437265,-0.0006940988241694868,0.0006008289055898786,9.070033411262557e-05,156,-0.5945413112640381,0.43778184056282043,-1.8457587957382202,0.20881856977939606,-0.5408811569213867,0,,,,,,,,,,,,,,,
4946813,Số 1 đường Giải Phóng - phường Bạch Mai - ĐHBK,21.0052,105.8418,2024-12-18,150,7.388836093014106e-05,1.9127815903630108e-05,3.7070680264150724e-05,0.00012291452731005847,7.269381603691727e-05,102,0.0559128075838089,0.0015114427078515291,0.052352387458086014,0.05959289148449898,0.055733948945999146,152,-9.036208939505741e-05,0.0007215357036329806,-0.0017786851385608315,0.0018754596821963787,-9.066419806913473e-06,150,0.6209864020347595,0.11744620651006699,0.3307819366455078,1.1854182481765747,0.6012929677963257,45954,0.249802365899086,0.21242740750312805,-0.6290974020957947,0.89734947681427,0.19109922647476196,0.08196466416120529,0.1858368217945099,-0.8042895197868347,0.7390050292015076,0.10544350743293762,-0.28853192925453186,0.20799683034420013,-0.837851345539093,0.7829153537750244,-0.276949942111969
4946813,Số 1 đường Giải Phóng - phường Bạch Mai - ĐHBK,21.0052,105.8418,2024-12-19,153,0.00010275265231030062,2.6472342142369598e-05,5.1942290156148374e-05,0.00020162157306913286,0.00010148019646294415,125,0.059602152556180954,0.004052039701491594,0.05437924340367317,0.06724155694246292,0.05793650448322296,156,-4.140024429943878e-06,0.0003654200700111687,-0.000839275075122714,0.001055464381352067,-4.618890307028778e-05,156,0.01920711249113083,0.12602421641349792,-0.3956034779548645,0.6875137090682983,0.014514430426061153,0,,,,,,,,,,,,,,,
4946813,Số 1 đường Giải Phóng - phường Bạch Mai - ĐHBK,21.0052,105.8418,2024-12-20,145,0.00015513082325924188,4.69991828140337e-05,7.753007957944646e-05,0.00030799664091318846,0.00014359128545038402,55,0.059129245579242706,0.003578102681785822,0.05044063553214073,0.07055942714214325,0.05933193489909172,148,0.00016820333257783204,0.0003536304284352809,-0.0006128679378889501,0.0012853143271058798,0.00018495231051929295,156,-0.8930867314338684,0.3693053722381592,-2.174086570739746,0.09173474460840225,-0.8009285926818848,0,,,,,,,,,,,,,,,
4946813,Số 1 đường Giải Phóng - phường Bạch Mai - ĐHBK,21.0052,105.8418,2024-12-21,74,0.0001438958861399442,6.324853893602267e-05,4.413737042341381e-05,0.0002979581186082214,0.00014104272122494876,119,0.06091509014368057,0.005166384857147932,0.04849991574883461,0.07436873763799667,0.06088004633784294,114,8.882417023414746e-05,0.00023544146097265184,-0.0005258892197161913,0.0010044594528153539,7.4665920692496e-05,156,-1.3300427198410034,0.3200300335884094,-1.9521490335464478,-0.3595743775367737,-1.3480958938598633,0,,,,,,,,,,,,,,,
4946813,Số 1 đường Giải Phóng - phường Bạch Mai - ĐHBK,21.0052,105.8418,2024-12-22,49,0.00027270748978480697,9.249598952010274e-05,9.143286297330633e-05,0.0005201147287152708,0.00028575953911058605,21,0.06891578435897827,0.0017990346532315016,0.06649285554885864,0.07257457822561264,0.0686461329460144,156,0.0003028220671694726,0.0003545654471963644,-0.0006191338179633021,0.0011882983380928636,0.00028584798565134406,156,-0.6492201089859009,0.30525869131088257,-1.430754542350769,0.01472429372370243,-0.648464560508728,0,,,,,,,,,,,,,,,
4946813,Số 1 đường Giải Phóng - phường Bạch Mai - ĐHBK,21.0052,105.8418,2024-12-23,96,7.852487033233047e-05,2.0830540961469524e-05,4.3026004277635366e-05,0.00012146742665208876,7.693972293054685e-05,14,0.07503069937229156,0.010767195373773575,0.05791628733277321,0.08318977057933807,0.0803137868642807,156,-3.3997125683526974e-06,0.0003236810734961182,-0.0007755677797831595,0.0007651430205442011,1.3325608961167745e-05,156,0.5671538710594177,0.13214583694934845,0.26419180631637573,1.1680563688278198,0.5863419771194458,45954,0.18553775548934937,0.1479404866695404,-0.2062489241361618,0.7124019861221313,0.14080096781253815,0.03435193747282028,0.14886604249477386,-0.6477946043014526,0.48142167925834656,0.059642381966114044,-0.20451565086841583,0.13810180127620697,-0.6360792517662048,0.4940221905708313,-0.18862271308898926
4946813,Số 1 đường Giải Phóng - phường Bạch Mai - ĐHBK,21.0052,105.8418,2024-12-24,0,,,,,,12,0.04544994235038757,0.000974927272181958,0.04492057114839554,0.047636546194553375,0.0451107956469059,0,,,,,,156,0.4512473940849304,0.12395168095827103,0.14902037382125854,0.6895373463630676,0.44095826148986816,0,,,,,,,,,,,,,,,
4946813,Số 1 đường Giải Phóng - phường Bạch Mai - ĐHBK,21.0052,105.8418,2024-12-25,43,0.00017564492009114474,4.189166793366894e-05,6.593496073037386e-05,0.00027481935103423893,0.0001710656360955909,59,0.0579005628824234,0.008181760087609291,0.04741111025214195,0.08017941564321518,0.05437831953167915,66,0.0001640130503801629,0.0002861916145775467,-0.0004603154957294464,0.0009889701614156365,0.00017239924636669457,156,0.17208169400691986,0.4279317259788513,-0.9648795127868652,0.7971012592315674,0.31699907779693604,0,,,,,,,,,,,,,,,
4946813,Số 1 đường Giải Phóng - phường Bạch Mai - ĐHBK,21.0052,105.8418,2024-12-26,0,,,,,,131,0.04547465592622757,0.004221315495669842,0.03826909139752388,0.05588508024811745,0.04538552090525627,11,0.00012154359865235165,0.0001325308548985049,-0.0001713953970465809,0.0003033214306924492,0.00014067739539314061,156,-1.3007237911224365,0.25683334469795227,-2.146634817123413,-0.7595381736755371,-1.2822024822235107,0,,,,,,,,,,,,,,,
4946813,Số 1 đường Giải Phóng - phường Bạch Mai - ĐHBK,21.0052,105.8418,2024-12-27,0,,,,,,130,0.04469864070415497,0.0028086660895496607,0.03740967437624931,0.050548702478408813,0.04468020051717758,0,,,,,,156,-1.1077797412872314,0.3312932252883911,-1.8244109153747559,-0.15407705307006836,-1.1189777851104736,0,,,,,,,,,,,,,,,
4946813,Số 1 đường Giải Phóng - phường Bạch Mai - ĐHBK,21.0052,105.8418,2024-12-28,146,6.009774733684026e-05,1.1311311027384363e-05,2.824798139045015e-05,9.554561256663874e-05,6.0676091379718855e-05,129,0.057691119611263275,0.002806614385917783,0.05231054872274399,0.0650501400232315,0.057190898805856705,156,-5.2848739869659767e-05,0.00034621861414052546,-0.0011263415217399597,0.0006501444149762392,2.435033457004465e-05,156,-0.1592624932527542,0.2449779212474823,-0.7862268686294556,0.75667804479599,-0.21745944023132324,45954,0.2220880389213562,0.18723708391189575,-0.3445281982421875,0.8377988338470459,0.16572628915309906,0.07527689635753632,0.17754395306110382,-0.8136821985244751,0.6659747958183289,0.10374423861503601,-0.25137636065483093,0.1811465322971344,-0.7496609687805176,0.607550859451294,-0.23746350407600403
4946813,Số 1 đường Giải Phóng - phường Bạch Mai - ĐHBK,21.0052,105.8418,2024-12-29,152,0.0001105706105590798,3.065092096221633e-05,5.472483462654054e-05,0.00021220710186753422,0.00010899359040195122,108,0.05801570042967796,0.0025334537494927645,0.05333757400512695,0.0637991726398468,0.05748394876718521,156,-0.00020895860507152975,0.0011805526446551085,-0.003131336299702525,0.003941317554563284,-0.0002613377873785794,156,0.28677254915237427,0.1359245628118515,-0.13805660605430603,0.5104707479476929,0.3155740201473236,0,,,,,,,,,,,,,,,
4946813,Số 1 đường Giải Phóng - phường Bạch Mai - ĐHBK,21.0052,105.8418,2024-12-30,0,,,,,,0,,,,,,2,-0.00019967647676821798,0.0,-0.00019967647676821798,-0.00019967647676821798,-0.00019967647676821798,156,0.01279235165566206,0.41030558943748474,-1.4095574617385864,0.6702607870101929,0.04020325839519501,0,,,,,,,,,,,,,,,
4946813,Số 1 đường Giải Phóng - phường Bạch Mai - ĐHBK,21.0052,105.8418,2024-12-31,0,,,,,,0,,,,,,0,,,,,,156,-0.41806235909461975,0.2591777443885803,-1.1906564235687256,0.3382619619369507,-0.46161919832229614,0,,,,,,,,,,,,,,,
4946813,Số 1 đường Giải Phóng - phường Bạch Mai - ĐHBK,21.0052,105.8418,2025-01-01,156,0.00010683364962460473,5.559752753470093e-05,2.4366026991629042e-05,0.00031141869840212166,9.536288416711614e-05,101,0.05849843844771385,0.005714038852602243,0.047760192304849625,0.0761040598154068,0.05697706714272499,156,6.135884177638218e-05,0.0003539181489031762,-0.0007474586018361151,0.0013038481120020151,6.070735980756581e-05,156,-0.8620073199272156,0.13355208933353424,-1.3429920673370361,-0.5198572874069214,-0.8527783155441284,0,,,,,,,,,,,,,,,
4946813,Số 1 đường Giải Phóng - phường Bạch Mai - ĐHBK,21.0052,105.8418,2025-01-02,67,0.0001571343163959682,7.626164733665064e-05,4.967785207554698e-05,0.00035789466346614063,0.00012980237079318613,86,0.055917296558618546,0.006019718013703823,0.04683923348784447,0.06457479298114777,0.05825594812631607,92,0.00022464965877588838,0.00040219066431745887,-0.000686672399751842,0.0016078636981546879,0.00018920483125839382,156,-0.2877700626850128,0.2835939824581146,-0.8190438151359558,0.4555709660053253,-0.2860863208770752,45954,0.14752575755119324,0.12752477824687958,-0.16506832838058472,0.671451210975647,0.11162944883108139,0.021749110892415047,0.1531807780265808,-0.7201848030090332,0.49320343136787415,0.05164751783013344,-0.14928865432739258,0.12200576066970825,-0.6002182960510254,0.2651612460613251,-0.13663136959075928
4946813,Số 1 đường Giải Phóng - phường Bạch Mai - ĐHBK,21.0052,105.8418,2025-01-03,143,6.900434527778998e-05,1.800451173039619e-05,3.924403790733777e-05,0.00012547257938422263,6.586426025023684e-05,67,0.06160679832100868,0.0012864124728366733,0.05960536375641823,0.06516873836517334,0.06128884479403496,141,5.475488433148712e-05,0.0006596666644327343,-0.0015460164286196232,0.002253942657262087,9.053068060893565e-05,153,0.8535175323486328,0.0988035500049591,0.4431785047054291,1.0730515718460083,0.8461451530456543,0,,,,,,,,,,,,,,,
4946813,Số 1 đường Giải Phóng - phường Bạch Mai - ĐHBK,21.0052,105.8418,2025-01-04,147,0.00011382778029656038,2.6311465262551792e-05,5.508256072062068e-05,0.000222786286030896,0.00011090901534771547,122,0.0600719228386879,0.005553478375077248,0.05283273011445999,0.07286063581705093,0.05953872576355934,156,6.930382369318977e-05,0.00030103165772743523,-0.0005624452023766935,0.0010273667285218835,2.962882717838511e-05,156,0.17990265786647797,0.15416090190410614,-0.20673805475234985,0.5677329301834106,0.17041943967342377,0,,,,,,,,,,,,,,,
4946813,Số 1 đường Giải Phóng - phường Bạch Mai - ĐHBK,21.0052,105.8418,2025-01-05,156,7.399375317618251e-05,1.6712614524294622e-05,4.3010844819946215e-05,0.00012153416901128367,7.099122740328312e-05,31,0.06819446384906769,0.002128632739186287,0.062314245849847794,0.07111314684152603,0.06836661696434021,156,8.283693750854582e-05,0.0003438668209128082,-0.0007323421305045485,0.0010279967682436109,7.004549115663394e-05,156,0.039085544645786285,0.1229824647307396,-0.655531108379364,0.18289035558700562,0.06728659570217133,0,,,,,,,,,,,,,,,
4946813,Số 1 đường Giải Phóng - phường Bạch Mai - ĐHBK,21.0052,105.8418,2025-01-06,156,0.0001551783934701234,5.5318356317002326e-05,5.901685653952882e-05,0.00031575054163113236,0.00014260293391998857,91,0.07096201181411743,0.006665615830570459,0.055196795612573624,0.08481574803590775,0.06873541325330734,156,6.594387377845123e-05,0.00031784121529199183,-0.0011384071549400687,0.0009719281224533916,8.35907703731209e-05,156,-0.5822182297706604,0.12973591685295105,-1.3206053972244263,-0.3945962190628052,-0.5571925640106201,0,,,,,,,,,,,,,,,
4946813,Số 1 đường Giải Phóng - phường Bạch Mai - ĐHBK,21.0052,105.8418,2025-01-07,0,,,,,,17,0.0539078488945961,0.007873267866671085,0.038339197635650635,0.0624491311609745,0.057889070361852646,6,-2.28372955461964e-05,8.331493881996721e-05,-0.00010606023715808988,0.00013316523109097034,-4.324136534705758e-05,156,-0.7466827034950256,0.34230056405067444,-1.4527970552444458,0.07054710388183594,-0.77259361743927,45954,-0.00042263854993507266,0.01790575310587883,-0.20560996234416962,0.35136398673057556,-0.0011778754414990544,-0.08792795985937119,0.025009209290146828,-0.38811060786247253,0.22750981152057648,-0.08846119791269302,0.008381162770092487,0.009836382232606411,-0.15724791586399078,0.09374985843896866,0.00881357491016388
4946813,Số 1 đường Giải Phóng - phường Bạch Mai - ĐHBK,21.0052,105.8418,2025-01-08,0,,,,,,31,0.05313916131854057,0.0035083452239632607,0.049944888800382614,0.059193938970565796,0.05138767138123512,14,-9.280619269702584e-05,0.00013377585855778307,-0.0002516128297429532,5.671397229889408e-05,-8.005929703358561e-05,156,-0.13675807416439056,0.23211432993412018,-0.7067145109176636,0.2422928363084793,-0.11251275986433029,0,,,,,,,,,,,,,,,
4946813,Số 1 đường Giải Phóng - phường Bạch Mai - ĐHBK,21.0052,105.8418,2025-01-09,0,,,,,,4,0.0518893226981163,0.0,0.0518893226981163,0.0518893226981163,0.0518893226981163,12,-0.00018804783758241683,0.00033025522134266794,-0.0006376715609803796,0.0004167950537521392,-0.0001716621482046321,156,0.23160313069820404,0.42922064661979675,-0.8504111170768738,1.0978318452835083,0.20564451813697815,0,,,,,,,,,,,,,,,
4946813,Số 1 đường Giải Phóng - phường Bạch Mai - ĐHBK,21.0052,105.8418,2025-01-10,0,,,,,,0,,,,,,0,,,,,,156,0.03881065174937248,0.15193141996860504,-0.35778680443763733,0.3715030252933502,0.023445826023817062,0,,,,,,,,,,,,,,,
4946813,Số 1 đường Giải Phóng - phường Bạch Mai - ĐHBK,21.0052,105.8418,2025-01-11,44,6.001754809403792e-05,1.6442967535112984e-05,3.362586357980035e-05,0.00011876612552441657,5.7802397350315005e-05,62,0.05497307702898979,0.002536365296691656,0.04973817989230156,0.05953364446759224,0.05481557175517082,70,2.5482306227786466e-05,0.00018168332462664694,-0.00043156056199222803,0.0005492886411957443,-1.643571704335045e-05,156,-1.0000249147415161,0.22551754117012024,-1.4471454620361328,-0.16897600889205933,-1.033140778541565,0,,,,,,,,,,,,,,,
4946813,Số 1 đường Giải Phóng - phường Bạch Mai - ĐHBK,21.0052,105.8418,2025-01-12,156,7.251514034578577e-05,1.6873373169801198e-05,3.231829032301903e-05,0.0001222096907440573,7.442386413458735e-05,120,0.05208168923854828,0.0031978399492800236,0.04628225788474083,0.057641107589006424,0.052221667021512985,156,3.997326075477758e-06,0.0003065242199227214,-0.0009634630987420678,0.0008671524119563401,2.086636641251971e-06,156,-0.6266930103302002,0.09923075139522552,-1.2357927560806274,-0.3416476547718048,-0.6213111877441406,45954,0.21865589916706085,0.17940542101860046,-0.37966904044151306,0.8230255246162415,0.16685102880001068,0.05537790805101395,0.17596861720085144,-0.8068217039108276,0.7768723368644714,0.0791044533252716,-0.2534942328929901,0.17494645714759827,-0.750701904296875,0.6276814341545105,-0.24139223992824554
4946813,Số 1 đường Giải Phóng - phường Bạch Mai - ĐHBK,21.0052,105.8418,2025-01-13,156,0.00020786948152817786,6.405091698979959e-05,7.25468635209836e-05,0.00034283549757674336,0.00020268236403353512,133,0.056377820670604706,0.006766539067029953,0.045718882232904434,0.07647830992937088,0.05495795980095863,156,0.00036353012546896935,0.00047970106243155897,-0.0008695682627148926,0.0017773094587028027,0.00036090469802729785,156,0.11167190968990326,0.2860223054885864,-0.8546442985534668,0.8075769543647766,0.0975540354847908,0,,,,,,,,,,,,,,,
4946813,Số 1 đường Giải Phóng - phường Bạch Mai - ĐHBK,21.0052,105.8418,2025-01-14,74,7.466411625500768e-05,2.287015740876086e-05,4.078952406416647e-05,0.00013005390064790845,6.886931805638596e-05,88,0.04988761246204376,0.003139795735478401,0.04703514277935028,0.05698784440755844,0.048306506127119064,103,0.00042615877464413643,0.0009867358021438122,-0.002150540938600898,0.003584131831303239,0.0003402480506338179,156,0.6277267336845398,0.40659263730049133,-0.6434333920478821,1.3851072788238525,0.5277778506278992,0,,,,,,,,,,,,,,,
4946813,Số 1 đường Giải Phóng - phường Bạch Mai - ĐHBK,21.0052,105.8418,2025-01-15,0,,,,,,60,0.0518636517226696,0.002593884477391839,0.04640495032072067,0.05646967515349388,0.052330221980810165,56,-1.8123611880582757e-05,0.00028908654348924756,-0.0006690777954645455,0.0006184384692460299,-3.9365095290122554e-05,156,0.3862774968147278,0.25308090448379517,-0.12440603971481323,0.9033392667770386,0.36426958441734314,0,,,,,,,,,,,,,,,
4946813,Số 1 đường Giải Phóng - phường Bạch Mai - ĐHBK,21.0052,105.8418,2025-01-16,156,7.067883416311815e-05,1.6943344235187396e-05,3.502292383927852e-05,0.00011663273471640423,6.901910819578916e-05,91,0.05896386876702309,0.0033103323075920343,0.052214186638593674,0.06589309126138687,0.058953143656253815,156,7.690818165428936e-05,0.00030505115864798427,-0.0006437606061808765,0.0009574266150593758,7.898157491581514e-05,156,-0.5980443358421326,0.15456721186637878,-0.9915711879730225,0.0836322158575058,-0.6293960809707642,0,,,,,,,,,,,,,,,
4946813,Số 1 đường Giải Phóng - phường Bạch Mai - ĐHBK,21.0052,105.8418,2025-01-17,156,0.00020475331984926015,5.785513712908141e-05,6.822351133450866e-05,0.00034924122155644,0.00020865179249085486,70,0.06111606955528259,0.005850327666848898,0.05304362624883652,0.0819634348154068,0.05994538217782974,156,0.00023511734616477042,0.0003554454888217151,-0.0005247520166449249,0.0012311132159084082,0.00025104990345425904,156,-0.7375910878181458,0.14230597019195557,-1.360111951828003,-0.45958390831947327,-0.7060364484786987,45954,0.12454844266176224,0.10093957185745239,-0.12614519894123077,0.5767308473587036,0.09868963062763214,0.014149237424135208,0.1385328471660614,-0.6763684153556824,0.35658782720565796,0.0416010245680809,-0.1274135410785675,0.09819622337818146,-0.49916571378707886,0.32112470269203186,-0.11993724852800369
4946813,Số 1 đường Giải Phóng - phường Bạch Mai - ĐHBK,21.0052,105.8418,2025-01-18,0,,,,,,3,0.04717932641506195,0.0,0.04717932641506195,0.04717932641506195,0.04717932641506195,0,,,,,,156,-0.29298317432403564,0.2300923615694046,-1.5126750469207764,0.07439188659191132,-0.23646357655525208,0,,,,,,,,,,,,,,,
4946813,Số 1 đường Giải Phóng - phường Bạch Mai - ĐHBK,21.0052,105.8418,2025-01-19,0,,,,,,2,0.05016627162694931,0.0001990385353565216,0.04996723309159279,0.05036531016230583,0.05016627162694931,3,-0.0005382022936828434,0.0002511497586965561,-0.0008427970460616052,-0.00022769358474761248,-0.0005441161920316517,153,0.45036405324935913,0.18415603041648865,-0.3583241105079651,0.878132700920105,0.4402100145816803,0,,,,,,,,,,,,,,,
4946813,Số 1 đường Giải Phóng - phường Bạch Mai - ĐHBK,21.0052,105.8418,2025-01-20,156,0.00010544520046096295,3.0491550205624662e-05,5.3732339438283816e-05,0.00018575938884168863,0.00010180421668337658,129,0.06627848744392395,0.003580670803785324,0.05734963342547417,0.0734652578830719,0.06610869616270065,156,6.464287434937432e-05,0.0004482202639337629,-0.0009680362418293953,0.0012747908476740122,4.643531428882852e-05,156,0.12873771786689758,0.1689368039369583,-0.4141363501548767,0.47872766852378845,0.13165287673473358,0,,,,,,,,,,,,,,,
4946813,Số 1 đường Giải Phóng - phường Bạch Mai - ĐHBK,21.0052,105.8418,2025-01-21,156,0.00010684393055271357,5.424937990028411e-05,4.680853453464806e-05,0.00031557667534798384,8.72427481226623e-05,56,0.056939490139484406,0.0036521826405078173,0.050608161836862564,0.06812235713005066,0.05659739300608635,156,5.430346209323034e-05,0.0003543309576343745,-0.0010070395655930042,0.0011867096181958914,6.687150016659871e-05,156,-0.6111143827438354,0.09428896754980087,-1.0653022527694702,-0.39891764521598816,-0.6071836948394775,0,,,,,,,,,,,,,,,
4946813,Số 1 đường Giải Phóng - phường Bạch Mai - ĐHBK,21.0052,105.8418,2025-01-22,0,,,,,,0,,,,,,0,,,,,,156,-0.2567523121833801,0.4707024395465851,-1.741817831993103,0.553059995174408,-0.2802271246910095,45954,-0.00504825497046113,0.010825027711689472,-0.16695335507392883,0.06124842166900635,-0.005383018869906664,-0.12230926007032394,0.027729569002985954,-0.2973344027996063,0.19700473546981812,-0.12284840643405914,0.01831754297018051,0.007054303772747517,-0.010628013871610165,0.10426031053066254,0.0180145762860775
4946813,Số 1 đường Giải Phóng - phường Bạch Mai - ĐHBK,21.0052,105.8418,2025-01-23,0,,,,,,0,,,,,,0,,,,,,156,-0.46853119134902954,0.28167134523391724,-1.240988850593567,0.20614174008369446,-0.45633137226104736,0,,,,,,,,,,,,,,,
4946813,Số 1 đường Giải Phóng - phường Bạch Mai - ĐHBK,21.0052,105.8418,2025-01-24,0,,,,,,10,0.043712519109249115,0.0006099008023738861,0.04296554625034332,0.04421050101518631,0.04421050101518631,0,,,,,,156,-0.5107750296592712,0.40622061491012573,-1.4366735219955444,0.23581290245056152,-0.4831402897834778,0,,,,,,,,,,,,,,,
4946813,Số 1 đường Giải Phóng - phường Bạch Mai - ĐHBK,21.0052,105.8418,2025-01-25,0,,,,,,0,,,,,,0,,,,,,156,0.7558620572090149,0.34299248456954956,-0.15337705612182617,1.516616702079773,0.7105100154876709,0,,,,,,,,,,,,,,,
4946813,Số 1 đường Giải Phóng - phường Bạch Mai - ĐHBK,21.0052,105.8418,2025-01-26,0,,,,,,0,,,,,,0,,,,,,156,-0.04553467407822609,0.2532193064689636,-0.8200309872627258,0.46682488918304443,-0.04003070667386055,0,,,,,,,,,,,,,,,
4946813,Số 1 đường Giải Phóng - phường Bạch Mai - ĐHBK,21.0052,105.8418,2025-01-27,116,4.913806697004475e-05,9.205912647303194e-06,2.09806294151349e-05,7.603530684718862e-05,4.78410511277616e-05,102,0.06341618299484253,0.0032032786402851343,0.05614625662565231,0.07023990899324417,0.06313778460025787,134,8.404412074014544e-05,0.00029640490538440645,-0.0005979525158181787,0.0008114101365208626,8.24746530270204e-05,156,-0.3736153841018677,0.3258969783782959,-1.0094666481018066,1.003557801246643,-0.4569026827812195,45954,0.21637411415576935,0.18415188789367676,-0.4005734920501709,0.829570472240448,0.17121076583862305,0.06862282752990723,0.16805748641490936,-0.6619684100151062,0.6996248960494995,0.08336284756660461,-0.2711837589740753,0.1787308156490326,-0.8180592060089111,0.5647938251495361,-0.2602046728134155
4946813,Số 1 đường Giải Phóng - phường Bạch Mai - ĐHBK,21.0052,105.8418,2025-01-28,27,3.781489431275986e-05,1.1699937203957234e-05,2.3791864805389196e-05,7.167674630181864e-05,3.598674447857775e-05,92,0.05777818337082863,0.003450567601248622,0.047365702688694,0.06546138226985931,0.05837736651301384,98,1.638939829717856e-05,0.00024425191804766655,-0.000533602898940444,0.0004586342256516218,6.364152068272233e-05,156,-1.0955188274383545,0.4167848527431488,-2.02998685836792,-0.12806910276412964,-1.1374428272247314,0,,,,,,,,,,,,,,,
4946813,Số 1 đường Giải Phóng - phường Bạch Mai - ĐHBK,21.0052,105.8418,2025-01-29,0,,,,,,12,0.05955362692475319,0.0029826487880200148,0.05554167926311493,0.06301591545343399,0.06068580225110054,12,9.674931789049879e-05,0.0006149463588371873,-0.0005785404937341809,0.0010025346418842673,0.00013345424667932093,156,-0.9003932476043701,0.3836919963359833,-1.6670310497283936,-0.13280567526817322,-0.854565441608429,0,,,,,,,,,,,,,,,
4946813,Số 1 đường Giải Phóng - phường Bạch Mai - ĐHBK,21.0052,105.8418,2025-01-30,148,6.979606405366212e-05,2.4305250917677768e-05,2.9908251235610805e-05,0.00013451644917950034,6.813302752561867e-05,50,0.055919647216796875,0.0023567054886370897,0.05266521871089935,0.06038793921470642,0.05526181682944298,156,0.00022723074653185904,0.000870011979714036,-0.0016950322315096855,0.00223882426507771,0.000206654382054694,156,0.597752034664154,0.2053566575050354,0.2523277699947357,1.4982980489730835,0.549221396446228,0,,,,,,,,,,,,,,,
4946813,Số 1 đường Giải Phóng - phường Bạch Mai - ĐHBK,21.0052,105.8418,2025-01-31,30,3.78403601644095e-05,1.5009587514214218e-05,1.6111887816805393e-05,9.652696462580934e-05,3.560631739674136e-05,69,0.04834875464439392,0.002939460100606084,0.042876310646533966,0.0532086119055748,0.04915556311607361,50,3.119888560831896e-07,0.0001571705361129716,-0.0002418719814158976,0.0005749007104896009,4.294418431527447e-06,156,0.28526487946510315,0.457612544298172,-0.6088919043540955,1.189883828163147,0.3779821991920471,0,,,,,,,,,,,,,,,
4946813,Số 1 đường Giải Phóng - phường Bạch Mai - ĐHBK,21.0052,105.8418,2025-02-01,3,7.36879010219127e-05,1.0315680810890626e-05,6.604337249882519e-05,8.82707754499279e-05,6.674954784102738e-05,51,0.04367268458008766,0.002162445103749633,0.03842636197805405,0.04755161702632904,0.043990008533000946,19,2.2802121748100035e-05,7.153510523494333e-05,-0.00011080553667852655,0.0001551611494505778,2.852377474482637e-05,156,-0.40812745690345764,0.6490873694419861,-2.100212812423706,0.917179524898529,-0.3815266788005829,45954,-0.004862625617533922,0.014159675687551498,-0.12491169571876526,0.08573708683252335,-0.004646359011530876,-0.11558650434017181,0.02493802271783352,-0.24393896758556366,0.045558538287878036,-0.11323539912700653,0.013276008889079094,0.00936176162213087,-0.02419351227581501,0.07185621559619904,0.012436662800610065
4946813,Số 1 đường Giải Phóng - phường Bạch Mai - ĐHBK,21.0052,105.8418,2025-02-02,0,,,,,,0,,,,,,0,,,,,,156,-0.6753251552581787,0.5721050500869751,-2.400285482406616,0.3753700852394104,-0.5616828799247742,0,,,,,,,,,,,,,,,
4946813,Số 1 đường Giải Phóng - phường Bạch Mai - ĐHBK,21.0052,105.8418,2025-02-03,0,,,,,,0,,,,,,0,,,,,,156,-0.8497430682182312,0.16947628557682037,-1.2535479068756104,-0.3938857316970825,-0.8511182069778442,0,,,,,,,,,,,,,,,
4946813,Số 1 đường Giải Phóng - phường Bạch Mai - ĐHBK,21.0052,105.8418,2025-02-04,79,4.4419684854801744e-05,1.0094268873217516e-05,2.1335194105631672e-05,6.78014985169284e-05,4.358671139925718e-05,53,0.05240967497229576,0.003272934118285775,0.045172154903411865,0.05673511326313019,0.05306648835539818,145,0.0002915431105066091,0.0007924509118311107,-0.00138495780993253,0.0021237269975245,0.00018028917838819325,148,0.06624233722686768,0.40639522671699524,-0.6195479035377502,0.7983989715576172,-0.06649893522262573,0,,,,,,,,,,,,,,,
4946813,Số 1 đường Giải Phóng - phường Bạch Mai - ĐHBK,21.0052,105.8418,2025-02-05,0,,,,,,0,,,,,,0,,,,,,156,0.43793195486068726,0.14881321787834167,0.18003152310848236,0.8472774028778076,0.4076502323150635,0,,,,,,,,,,,,,,,
4946813,Số 1 đường Giải Phóng - phường Bạch Mai - ĐHBK,21.0052,105.8418,2025-02-06,0,,,,,,0,,,,,,0,,,,,,156,0.36677777767181396,0.2575056254863739,-0.4298807382583618,1.0019785165786743,0.39602065086364746,45954,-0.0010635260259732604,0.006339038256555796,-0.0401337668299675,0.027457881718873978,-0.00048123992746695876,-0.16949345171451569,0.041341427713632584,-0.336900919675827,-0.058350078761577606,-0.16134513914585114,-0.01486246008425951,0.007203991059213877,-0.04351764917373657,0.01879384182393551,-0.015763547271490097
4946813,Số 1 đường Giải Phóng - phường Bạch Mai - ĐHBK,21.0052,105.8418,2025-02-07,0,,,,,,0,,,,,,0,,,,,,156,-0.46479880809783936,0.2027505338191986,-1.234928011894226,-0.035262029618024826,-0.44963812828063965,0,,,,,,,,,,,,,,,
4946813,Số 1 đường Giải Phóng - phường Bạch Mai - ĐHBK,21.0052,105.8418,2025-02-08,0,,,,,,0,,,,,,0,,,,,,156,-0.7540677189826965,0.5447458028793335,-1.9295434951782227,0.3961717188358307,-0.6978124380111694,0,,,,,,,,,,,,,,,
4946813,Số 1 đường Giải Phóng - phường Bạch Mai - ĐHBK,21.0052,105.8418,2025-02-09,0,,,,,,2,0.05376555025577545,0.0,0.05376555025577545,0.05376555025577545,0.05376555025577545,0,,,,,,156,-0.21778243780136108,0.21457649767398834,-0.9980831146240234,0.17578738927841187,-0.22314754128456116,0,,,,,,,,,,,,,,,
4946813,Số 1 đường Giải Phóng - phường Bạch Mai - ĐHBK,21.0052,105.8418,2025-02-10,0,,,,,,0,,,,,,0,,,,,,156,0.3400278389453888,0.18651728332042694,-0.03847896307706833,0.6709223389625549,0.38915714621543884,0,,,,,,,,,,,,,,,
4946813,Số 1 đường Giải Phóng - phường Bạch Mai - ĐHBK,21.0052,105.8418,2025-02-11,65,0.00011637021088972688,3.698753789649345e-05,5.3234543884173036e-05,0.00021046957408543676,0.00010837895388249308,145,0.05778583139181137,0.005692936014384031,0.047248657792806625,0.07111486047506332,0.05875159800052643,150,5.1955325034214184e-05,0.00018749985611066222,-0.0005796176264993846,0.0008021045359782875,5.6340668379561976e-05,156,-0.31993165612220764,0.3885960876941681,-1.0016416311264038,0.9202911853790283,-0.30651140213012695,45954,-0.07160268723964691,0.08494231849908829,-0.39488357305526733,0.49078506231307983,-0.07257083058357239,0.05806261673569679,0.13086235523223877,-0.5619034171104431,0.5718390345573425,0.04853169620037079,0.0993177518248558,0.08756213635206223,-0.40716999769210815,0.46023818850517273,0.1059550866484642
4946813,Số 1 đường Giải Phóng - phường Bạch Mai - ĐHBK,21.0052,105.8418,2025-02-12,0,,,,,,13,0.04651698097586632,0.0029699888546019793,0.043436456471681595,0.05031409487128258,0.04545764997601509,6,-7.134765473892912e-05,2.618413964228239e-05,-0.00010916277824435383,-3.500919774523936e-05,-7.634707435499877e-05,156,-0.48521745204925537,0.4354347884654999,-1.4540146589279175,0.9341219663619995,-0.4489377737045288,0,,,,,,,,,,,,,,,
4946813,Số 1 đường Giải Phóng - phường Bạch Mai - ĐHBK,21.0052,105.8418,2025-02-13,0,,,,,,39,0.05004851147532463,0.0035902850795537233,0.04316685348749161,0.05916133522987366,0.05001651123166084,13,3.548431413946673e-05,7.837813609512523e-05,-6.264386320253834e-05,0.0002309936098754406,8.224315024563111e-06,156,-0.5913291573524475,0.8281159996986389,-3.0798983573913574,1.0719883441925049,-0.4748513102531433,0,,,,,,,,,,,,,,,
4946813,Số 1 đường Giải Phóng - phường Bạch Mai - ĐHBK,21.0052,105.8418,2025-02-14,0,,,,,,13,0.054913606494665146,0.0024347875732928514,0.05025259032845497,0.057558223605155945,0.05616975948214531,4,-6.121511978562921e-05,7.013065624050796e-05,-0.00013134577602613717,8.915544640331063e-06,-6.12151125096716e-05,156,0.2729109525680542,0.6258884072303772,-1.3647980690002441,0.940327525138855,0.48693740367889404,0,,,,,,,,,,,,,,,
4946813,Số 1 đường Giải Phóng - phường Bạch Mai - ĐHBK,21.0052,105.8418,2025-02-15,0,,,,,,0,,,,,,0,,,,,,156,0.9765366911888123,0.22580236196517944,0.47394025325775146,1.4556547403335571,0.9587844610214233,0,,,,,,,,,,,,,,,
4946813,Số 1 đường Giải Phóng - phường Bạch Mai - ĐHBK,21.0052,105.8418,2025-02-16,0,,,,,,0,,,,,,0,,,,,,156,0.5717555284500122,0.257148802280426,0.09321384876966476,1.3203864097595215,0.518267035484314,45954,-0.010510668158531189,0.011959126219153404,-0.05586102977395058,0.039830032736063004,-0.009970104321837425,-0.19851341843605042,0.051622238010168076,-0.3866439163684845,-0.06807859987020493,-0.18924543261528015,0.0017295668367296457,0.01563124917447567,-0.04237288236618042,0.04601422697305679,0.002158657182008028
4946813,Số 1 đường Giải Phóng - phường Bạch Mai - ĐHBK,21.0052,105.8418,2025-02-17,0,,,,,,0,,,,,,0,,,,,,156,0.7246575951576233,0.1330050677061081,0.2969423234462738,1.0134357213974,0.7419391870498657,0,,,,,,,,,,,,,,,
4946813,Số 1 đường Giải Phóng - phường Bạch Mai - ĐHBK,21.0052,105.8418,2025-02-18,0,,,,,,0,,,,,,0,,,,,,156,0.5110864639282227,0.18214333057403564,0.12926217913627625,0.8549430966377258,0.49535852670669556,0,,,,,,,,,,,,,,,
4946813,Số 1 đường Giải Phóng - phường Bạch Mai - ĐHBK,21.0052,105.8418,2025-02-19,0,,,,,,0,,,,,,0,,,,,,156,0.5350546836853027,0.14072391390800476,0.13549774885177612,0.7379765510559082,0.573973536491394,0,,,,,,,,,,,,,,,
4946813,Số 1 đường Giải Phóng - phường Bạch Mai - ĐHBK,21.0052,105.8418,2025-02-20,0,,,,,,8,0.05252561345696449,0.0,0.05252561345696449,0.05252561345696449,0.05252561345696449,0,,,,,,147,0.32347655296325684,0.15886124968528748,0.12434888631105423,0.908787190914154,0.26849356293678284,0,,,,,,,,,,,,,,,
4946813,Số 1 đường Giải Phóng - phường Bạch Mai - ĐHBK,21.0052,105.8418,2025-02-21,0,,,,,,0,,,,,,0,,,,,,156,0.34422820806503296,0.14456145465373993,0.04068804159760475,0.5858193039894104,0.3803602457046509,45954,0.006637273821979761,0.003891289234161377,-0.0234445258975029,0.023704269900918007,0.006849314086139202,-0.2504655122756958,0.02200843021273613,-0.3686351478099823,-0.1966157704591751,-0.2506374716758728,-0.02792476676404476,0.004263346549123526,-0.041978977620601654,0.0018744099652394652,-0.028151782229542732
4946813,Số 1 đường Giải Phóng - phường Bạch Mai - ĐHBK,21.0052,105.8418,2025-02-22,0,,,,,,0,,,,,,0,,,,,,156,0.6471768617630005,0.19520440697669983,-0.19393469393253326,0.9070520997047424,0.7010618448257446,0,,,,,,,,,,,,,,,
4946813,Số 1 đường Giải Phóng - phường Bạch Mai - ĐHBK,21.0052,105.8418,2025-02-23,0,,,,,,0,,,,,,0,,,,,,156,-0.027797089889645576,0.2601793706417084,-0.7515303492546082,0.5699540972709656,0.02402491867542267,0,,,,,,,,,,,,,,,
4946813,Số 1 đường Giải Phóng - phường Bạch Mai - ĐHBK,21.0052,105.8418,2025-02-24,0,,,,,,0,,,,,,0,,,,,,156,-0.6790860295295715,0.22449243068695068,-1.3799211978912354,0.17732587456703186,-0.6889944672584534,0,,,,,,,,,,,,,,,
4946813,Số 1 đường Giải Phóng - phường Bạch Mai - ĐHBK,21.0052,105.8418,2025-02-25,0,,,,,,0,,,,,,0,,,,,,156,-0.7942537665367126,0.10742205381393433,-1.0792471170425415,-0.4616486430168152,-0.8004317879676819,0,,,,,,,,,,,,,,,
4946813,Số 1 đường Giải Phóng - phường Bạch Mai - ĐHBK,21.0052,105.8418,2025-02-26,0,,,,,,7,0.05614883452653885,0.0007257797988131642,0.05552029237151146,0.05698689445853233,0.05552029237151146,0,,,,,,156,0.19989338517189026,0.3333929777145386,-0.8100658655166626,0.8743106126785278,0.26912233233451843,45954,-0.0009317980147898197,0.0045472788624465466,-0.020246483385562897,0.016980236396193504,-0.0012755155330523849,-0.48011714220046997,0.025594547390937805,-0.5550891160964966,-0.3859047293663025,-0.48328912258148193,-0.012815435416996479,0.003422114299610257,-0.024978460744023323,0.0008928385213948786,-0.012578621506690979
4946813,Số 1 đường Giải Phóng - phường Bạch Mai - ĐHBK,21.0052,105.8418,2025-02-27,0,,,,,,1,0.03964151069521904,0.0,0.03964151069521904,0.03964151069521904,0.03964151069521904,0,,,,,,156,-0.2675979435443878,0.30727270245552063,-1.1795178651809692,0.8840063214302063,-0.23184198141098022,0,,,,,,,,,,,,,,,
4946813,Số 1 đường Giải Phóng - phường Bạch Mai - ĐHBK,21.0052,105.8418,2025-02-28,0,,,,,,0,,,,,,0,,,,,,156,-0.028505858033895493,0.4918019473552704,-1.6186233758926392,1.2238374948501587,-0.04670168459415436,0,,,,,,,,,,,,,,,
4946813,Số 1 đường Giải Phóng - phường Bạch Mai - ĐHBK,21.0052,105.8418,2025-03-01,0,,,,,,27,0.04630984738469124,0.004777006339281797,0.03851091116666794,0.05229902267456055,0.047842465341091156,0,,,,,,156,0.10931383073329926,0.40269339084625244,-1.702991247177124,0.6755405068397522,0.17510639131069183,0,,,,,,,,,,,,,,,
4946813,Số 1 đường Giải Phóng - phường Bạch Mai - ĐHBK,21.0052,105.8418,2025-03-02,0,,,,,,114,0.04624947905540466,0.0008390226284973323,0.04452768713235855,0.04770144075155258,0.046284232288599014,0,,,,,,156,0.14534994959831238,0.2604209780693054,-0.5282600522041321,0.6095966100692749,0.13941442966461182,0,,,,,,,,,,,,,,,
4946813,Số 1 đường Giải Phóng - phường Bạch Mai - ĐHBK,21.0052,105.8418,2025-03-03,0,,,,,,0,,,,,,0,,,,,,156,1.499951720237732,0.23155534267425537,0.9183504581451416,2.1389987468719482,1.5042223930358887,45954,-0.012895086780190468,0.006358569487929344,-0.10411190986633301,0.04017462581396103,-0.013057640753686428,-0.1252882182598114,0.015978606417775154,-0.2429172694683075,0.04123459383845329,-0.1267147660255432,0.011894448660314083,0.004773985594511032,-0.007132656406611204,0.07356498390436172,0.011571851558983326
4946813,Số 1 đường Giải Phóng - phường Bạch Mai - ĐHBK,21.0052,105.8418,2025-03-04,40,8.234842971432954e-05,3.859640855807811e-05,4.771780004375614e-05,0.00018230259593110532,6.742107507307082e-05,156,0.049577973783016205,0.0020221651066094637,0.04560138285160065,0.0539945513010025,0.04938045144081116,133,-1.835000693972688e-05,0.00010725870379246771,-0.00033422140404582024,0.0002827227290254086,-1.4365860806719866e-05,156,0.6538384556770325,0.3970893323421478,-0.34892573952674866,1.4664230346679688,0.666290819644928,0,,,,,,,,,,,,,,,
4946813,Số 1 đường Giải Phóng - phường Bạch Mai - ĐHBK,21.0052,105.8418,2025-03-05,0,,,,,,39,0.05527503043413162,0.0024650930427014828,0.05109836533665657,0.061043426394462585,0.055535703897476196,12,3.229793946957216e-05,6.07848669460509e-05,-0.00011639186413958669,0.00012157679884694517,4.461359640117735e-05,156,0.8901994228363037,0.7964432835578918,-0.6488099098205566,2.5215036869049072,1.0582488775253296,0,,,,,,,,,,,,,,,
4946813,Số 1 đường Giải Phóng - phường Bạch Mai - ĐHBK,21.0052,105.8418,2025-03-06,0,,,,,,0,,,,,,0,,,,,,156,-0.3992094397544861,0.3428893983364105,-1.3457903861999512,0.5260603427886963,-0.4137815535068512,0,,,,,,,,,,,,,,,
4946813,Số 1 đường Giải Phóng - phường Bạch Mai - ĐHBK,21.0052,105.8418,2025-03-07,0,,,,,,18,0.062205467373132706,0.0029421402141451836,0.058131471276283264,0.06613460928201675,0.06241339072585106,0,,,,,,156,-0.0804998129606247,0.2980002164840698,-0.7856422662734985,0.5696286559104919,-0.09461332857608795,0,,,,,,,,,,,,,,,
4946813,Số 1 đường Giải Phóng - phường Bạch Mai - ĐHBK,21.0052,105.8418,2025-03-08,0,,,,,,0,,,,,,0,,,,,,145,0.2982744872570038,0.7839552760124207,-1.3093606233596802,2.113222599029541,0.08502840995788574,45954,-0.011948789469897747,0.016181742772459984,-0.11895086616277695,0.08722104877233505,-0.011505717411637306,-0.06471404433250427,0.02019464410841465,-0.18417784571647644,0.06349336355924606,-0.06544369459152222,0.02302081324160099,0.008667368441820145,-0.02369113080203533,0.08515208959579468,0.023017896339297295
4946813,Số 1 đường Giải Phóng - phường Bạch Mai - ĐHBK,21.0052,105.8418,2025-03-09,0,,,,,,0,,,,,,0,,,,,,156,0.04554370418190956,0.34547433257102966,-0.8180454969406128,0.6770965456962585,0.0920807272195816,0,,,,,,,,,,,,,,,
4946813,Số 1 đường Giải Phóng - phường Bạch Mai - ĐHBK,21.0052,105.8418,2025-03-10,0,,,,,,1,0.042930424213409424,0.0,0.042930424213409424,0.042930424213409424,0.042930424213409424,0,,,,,,156,-0.0012258172500878572,0.3081234097480774,-0.8792001605033875,0.6005240678787231,0.005157104693353176,0,,,,,,,,,,,,,,,
4946813,Số 1 đường Giải Phóng - phường Bạch Mai - ĐHBK,21.0052,105.8418,2025-03-11,0,,,,,,0,,,,,,0,,,,,,156,0.5398027896881104,0.48568201065063477,-0.7880876064300537,1.7952014207839966,0.4686644375324249,0,,,,,,,,,,,,,,,
4946813,Số 1 đường Giải Phóng - phường Bạch Mai - ĐHBK,21.0052,105.8418,2025-03-12,0,,,,,,38,0.068228580057621,0.004628353752195835,0.06108682230114937,0.08174335211515427,0.06848794966936111,0,,,,,,156,0.5543547868728638,0.7126318216323853,-0.5869274139404297,1.8727704286575317,0.6594634652137756,0,,,,,,,,,,,,,,,
4946813,Số 1 đường Giải Phóng - phường Bạch Mai - ĐHBK,21.0052,105.8418,2025-03-13,0,,,,,,21,0.07651166617870331,0.004805382806807756,0.06473828107118607,0.08330308645963669,0.07426220178604126,0,,,,,,156,-0.019004320725798607,0.3570502996444702,-0.44318559765815735,0.7609477043151855,-0.1430887132883072,45954,-0.006378880236297846,0.008490605279803276,-0.062244851142168045,0.03851505368947983,-0.005942278075963259,-0.2016844004392624,0.03496002033352852,-0.34570735692977905,-0.08152729272842407,-0.20038388669490814,-0.004645276814699173,0.00803559273481369,-0.028523458167910576,0.04431988298892975,-0.0050435722805559635
4946813,Số 1 đường Giải Phóng - phường Bạch Mai - ĐHBK,21.0052,105.8418,2025-03-14,12,8.369673741981387e-05,1.0504329111427069e-05,6.161026249174029e-05,9.886495536193252e-05,8.270570106105879e-05,61,0.05540655180811882,0.003434430807828903,0.0490952804684639,0.06294385343790054,0.05482659861445427,45,-2.48227715928806e-05,6.040594962541945e-05,-0.00015276364865712821,6.030630538589321e-05,-2.150237150999601e-06,156,1.319313883781433,0.5142936110496521,0.3313295245170593,2.2567622661590576,1.4297057390213013,0,,,,,,,,,,,,,,,
4946813,Số 1 đường Giải Phóng - phường Bạch Mai - ĐHBK,21.0052,105.8418,2025-03-15,0,,,,,,9,0.06485385447740555,0.00372759229503572,0.0588148832321167,0.06821101903915405,0.06663218885660172,2,-5.0215066949022e-07,1.1212760000489652e-05,-1.1714911124727223e-05,1.0710609785746783e-05,-5.0215066949022e-07,156,2.968020439147949,0.42801254987716675,1.2150365114212036,3.6106185913085938,3.0920257568359375,0,,,,,,,,,,,,,,,
4946813,Số 1 đường Giải Phóng - phường Bạch Mai - ĐHBK,21.0052,105.8418,2025-03-16,1,5.9527537814574316e-05,0.0,5.9527537814574316e-05,5.9527537814574316e-05,5.9527537814574316e-05,9,0.07233797758817673,0.005815932061523199,0.06188994273543358,0.08249267935752869,0.07023937255144119,9,-0.00019781774608418345,0.00012508570216596127,-0.00039331213338300586,2.19407709778352e-07,-0.0001852246350608766,156,0.8199414610862732,0.540153443813324,-0.48169922828674316,1.7142937183380127,0.9214709997177124,0,,,,,,,,,,,,,,,
4946813,Số 1 đường Giải Phóng - phường Bạch Mai - ĐHBK,21.0052,105.8418,2025-03-17,0,,,,,,0,,,,,,0,,,,,,156,1.0871546268463135,0.2751832902431488,0.12738586962223053,1.5474103689193726,1.0875117778778076,0,,,,,,,,,,,,,,,
4946813,Số 1 đường Giải Phóng - phường Bạch Mai - ĐHBK,21.0052,105.8418,2025-03-18,0,,,,,,0,,,,,,0,,,,,,156,0.4721668064594269,0.3582531213760376,-0.2942024767398834,1.072594165802002,0.5177809000015259,45954,0.025379221886396408,0.007867821492254734,-0.03893083333969116,0.06192515045404434,0.026370832696557045,-0.05491157993674278,0.021870533004403114,-0.19681395590305328,0.03584957867860794,-0.05125447362661362,-0.04575202986598015,0.006849457044154406,-0.06536279618740082,-0.0014164005406200886,-0.046623338013887405
4946813,Số 1 đường Giải Phóng - phường Bạch Mai - ĐHBK,21.0052,105.8418,2025-03-19,23,4.602842091117054e-05,9.289104127674364e-06,3.03585002257023e-05,6.83903563185595e-05,4.44065299234353e-05,105,0.07943610846996307,0.00626050028949976,0.06750473380088806,0.08845778554677963,0.08096229285001755,118,-5.4275908041745424e-05,0.0006278686341829598,-0.0017626035260036588,0.0012985498178750277,4.713995804195292e-05,156,1.2721588611602783,0.21660643815994263,0.7423131465911865,1.824676752090454,1.2685084342956543,0,,,,,,,,,,,,,,,
4946813,Số 1 đường Giải Phóng - phường Bạch Mai - ĐHBK,21.0052,105.8418,2025-03-20,95,7.537157216574997e-05,1.935407635755837e-05,3.25817491102498e-05,0.00010350819502491504,7.768798241158947e-05,115,0.06519373506307602,0.002101598074659705,0.060051724314689636,0.06897459924221039,0.06531482189893723,123,-1.0160230885958299e-05,0.00023846738622523844,-0.0004951984737999737,0.0004936627228744328,-1.5568442904623225e-05,156,0.8048744201660156,0.27894002199172974,0.06437826156616211,1.465680718421936,0.7398245334625244,0,,,,,,,,,,,,,,,
4946813,Số 1 đường Giải Phóng - phường Bạch Mai - ĐHBK,21.0052,105.8418,2025-03-21,156,0.00016834649431984872,8.477606024825945e-05,6.24796884949319e-05,0.0004329591756686568,0.00015091383829712868,90,0.06741395592689514,0.004342128522694111,0.06167308986186981,0.07922258228063583,0.06574897468090057,156,9.642055374570191e-05,0.0002560060820542276,-0.000405594939365983,0.001050802762620151,6.685609696432948e-05,156,-0.1457217037677765,0.15552784502506256,-0.5727927684783936,0.25625118613243103,-0.1683453917503357,0,,,,,,,,,,,,,,,
4946813,Số 1 đường Giải Phóng - phường Bạch Mai - ĐHBK,21.0052,105.8418,2025-03-22,156,9.607493848307058e-05,3.348774407641031e-05,4.344038097769953e-05,0.0002657099103089422,9.261717787012458e-05,86,0.06971452385187149,0.0038449845742434263,0.06403136253356934,0.07966835796833038,0.06879547983407974,156,5.3633393690688536e-05,0.0002421260578557849,-0.0007678797119297087,0.0006932973046787083,3.3411317417630926e-05,156,-0.050471026450395584,0.0996820256114006,-0.3636623024940491,0.14935968816280365,-0.03271254897117615,0,,,,,,,,,,,,,,,
4946813,Số 1 đường Giải Phóng - phường Bạch Mai - ĐHBK,21.0052,105.8418,2025-03-23,147,6.824469892308116e-05,2.586400296422653e-05,3.970124089391902e-05,0.00019870184769388288,6.184220546856523e-05,90,0.06936698406934738,0.003421744564548135,0.060776326805353165,0.07541176676750183,0.0689781978726387,156,4.3915508285863325e-05,0.0002029675233643502,-0.0005979046109132469,0.0004960169899277389,4.287348565412685e-05,156,0.10480742901563644,0.12231136113405228,-0.12481523305177689,0.6452324390411377,0.07117302715778351,45954,-0.08952856063842773,0.09804628044366837,-0.48406943678855896,0.38053014874458313,-0.08279508352279663,0.08791787922382355,0.13503754138946533,-0.47378790378570557,0.5183064937591553,0.07580479979515076,0.1047501489520073,0.10424794256687164,-0.3199026584625244,0.5365958213806152,0.08755537867546082
4946813,Số 1 đường Giải Phóng - phường Bạch Mai - ĐHBK,21.0052,105.8418,2025-03-24,136,5.897995288250968e-05,1.2059721484547481e-05,3.437162740738131e-05,9.062403842108324e-05,5.778545164503157e-05,83,0.06951439380645752,0.0017251841491088271,0.06664937734603882,0.07507362961769104,0.06931671500205994,137,7.085110701154917e-05,0.0004986991407349706,-0.001102012349292636,0.0013992689782753587,3.444229150773026e-05,136,1.1416109800338745,0.060831617563962936,0.9938713312149048,1.2601372003555298,1.1284128427505493,0,,,,,,,,,,,,,,,
4946813,Số 1 đường Giải Phóng - phường Bạch Mai - ĐHBK,21.0052,105.8418,2025-03-25,156,0.00013849276001565158,2.4446269890177064e-05,4.851353878621012e-05,0.0001853351859608665,0.00014175515389069915,150,0.08836939185857773,0.003956688567996025,0.0740487277507782,0.09665382653474808,0.08763229846954346,156,1.3131630112184212e-05,0.0001776310382410884,-0.00043719098903238773,0.00043319392716512084,3.991342964582145e-06,156,1.6514273881912231,0.20992261171340942,0.987019956111908,2.0447657108306885,1.651564121246338,45954,0.007770909462124109,0.004624856170266867,-0.014677365310490131,0.027126401662826538,0.00792862381786108,-0.03950148820877075,0.009788081049919128,-0.08482072502374649,0.0007464665686711669,-0.04015680029988289,-0.04048149287700653,0.006847468204796314,-0.06660272926092148,-0.009404371492564678,-0.040683064609766006
4946813,Số 1 đường Giải Phóng - phường Bạch Mai - ĐHBK,21.0052,105.8418,2025-03-26,3,4.942080704495311e-05,7.3434607656963635e-06,3.913604814442806e-05,5.5811164202168584e-05,5.331520515028387e-05,41,0.07369931787252426,0.002388596534729004,0.0660281553864479,0.07870589941740036,0.07410267740488052,14,-5.38472431799164e-06,6.456263508880511e-05,-9.992099512601271e-05,0.00010202045814367011,-1.875690941233188e-05,156,2.255568742752075,0.532136857509613,0.530228316783905,3.217528820037842,2.2613344192504883,0,,,,,,,,,,,,,,,
4946813,Số 1 đường Giải Phóng - phường Bạch Mai - ĐHBK,21.0052,105.8418,2025-03-27,1,4.7275916585931554e-05,0.0,4.7275916585931554e-05,4.7275916585931554e-05,4.7275916585931554e-05,18,0.06024246662855148,0.005309299565851688,0.05207785591483116,0.07385890930891037,0.06071140244603157,1,-0.0001734730030875653,0.0,-0.0001734730030875653,-0.0001734730030875653,-0.0001734730030875653,156,3.4006762504577637,0.5131335854530334,0.04851379990577698,3.9476852416992188,3.5000417232513428,0,,,,,,,,,,,,,,,
4946813,Số 1 đường Giải Phóng - phường Bạch Mai - ĐHBK,21.0052,105.8418,2025-03-28,0,,,,,,120,0.07644501328468323,0.006137702614068985,0.05834674462676048,0.08464155346155167,0.07791127264499664,50,-8.226649697462562e-06,0.00010531029693083838,-0.00020537515229079872,0.000333293282892555,-1.4524098332913127e-05,156,2.2220523357391357,0.7223391532897949,0.37436503171920776,4.137877941131592,2.1739282608032227,45954,0.01080652978271246,0.014647475443780422,-0.1089029535651207,0.042145587503910065,0.013766207732260227,-0.15279537439346313,0.04330825060606003,-0.394865483045578,-0.0040889279916882515,-0.15243031084537506,-0.04386620223522186,0.023089110851287842,-0.0859166607260704,0.1414760947227478,-0.04904048889875412
4946813,Số 1 đường Giải Phóng - phường Bạch Mai - ĐHBK,21.0052,105.8418,2025-03-29,0,,,,,,0,,,,,,0,,,,,,156,0.03976935148239136,0.33670249581336975,-0.6786150336265564,0.6677659153938293,0.08037158101797104,0,,,,,,,,,,,,,,,
4946813,Số 1 đường Giải Phóng - phường Bạch Mai - ĐHBK,21.0052,105.8418,2025-03-30,0,,,,,,5,0.06593094021081924,0.0,0.06593094021081924,0.06593094021081924,0.06593094021081924,0,,,,,,156,1.220807433128357,0.14111730456352234,0.9023968577384949,1.6286181211471558,1.2189903259277344,0,,,,,,,,,,,,,,,
4946813,Số 1 đường Giải Phóng - phường Bạch Mai - ĐHBK,21.0052,105.8418,2025-03-31,0,,,,,,9,0.07765530049800873,0.0022208341397345066,0.07503987848758698,0.08000245690345764,0.07903028279542923,34,-7.108615682227537e-05,0.00016357559070456773,-0.00036512894439511,0.0003323970304336399,-6.997610034886748e-05,156,1.0695542097091675,0.2756722569465637,0.37633588910102844,1.8877410888671875,1.0446126461029053,0,,,,,,,,,,,,,,,
4946813,Số 1 đường Giải Phóng - phường Bạch Mai - ĐHBK,21.0052,105.8418,2025-04-01,137,5.4887597798369825e-05,1.4362878573592752e-05,2.0546562154777348e-05,9.1228008386679e-05,5.346893522073515e-05,152,0.0693436935544014,0.0035900226794183254,0.0610034354031086,0.07639993727207184,0.06957096606492996,155,2.1250716599752195e-05,0.00018763495609164238,-0.0005215396522544324,0.000629391404800117,1.205417538585607e-05,156,-0.38552895188331604,0.20555000007152557,-0.8585522770881653,0.3343837857246399,-0.41017821431159973,0,,,,,,,,,,,,,,,
4946813,Số 1 đường Giải Phóng - phường Bạch Mai - ĐHBK,21.0052,105.8418,2025-04-02,62,8.005616837181151e-05,2.2038406314095482e-05,4.1140796383842826e-05,0.00014107284368947148,7.640365947736427e-05,138,0.0701676681637764,0.00484525365754962,0.06140424683690071,0.08321812748908997,0.06927476823329926,154,7.742668822174892e-05,0.00016668366151861846,-0.0005795506294816732,0.0006675661425106227,6.863822636660188e-05,156,-0.3483406901359558,0.23655399680137634,-0.8457736372947693,0.3222105801105499,-0.3605857193470001,45954,-0.0007500985520891845,0.005856531672179699,-0.027441442012786865,0.022350378334522247,-0.0006671221344731748,-0.0756063237786293,0.008367771282792091,-0.12404405325651169,-0.0436331108212471,-0.07525330036878586,0.013173600658774376,0.004644246771931648,-0.004935864824801683,0.03683162480592728,0.013121500611305237
4946813,Số 1 đường Giải Phóng - phường Bạch Mai - ĐHBK,21.0052,105.8418,2025-04-03,77,8.082843123702332e-05,2.4870421839295886e-05,4.072040246683173e-05,0.0001238006807398051,8.111632632790133e-05,92,0.08117087930440903,0.003359260270372033,0.07606469839811325,0.09006951749324799,0.08070962876081467,156,4.031425851280801e-05,0.0002342388324905187,-0.0005964954034425318,0.000645956548396498,2.8840020604548045e-05,156,1.4079153537750244,0.27343127131462097,0.9821422100067139,2.4283745288848877,1.3186619281768799,0,,,,,,,,,,,,,,,
4946813,Số 1 đường Giải Phóng - phường Bạch Mai - ĐHBK,21.0052,105.8418,2025-04-04,90,0.00011240208550589159,3.0162811526679434e-05,6.754593778168783e-05,0.00016781088197603822,0.00010751747322501615,118,0.08971121907234192,0.0037036212161183357,0.0807666927576065,0.09699182957410812,0.08939889073371887,149,2.8176507839816622e-05,0.00024622652563266456,-0.0007364889606833458,0.001196187804453075,8.924254871089943e-06,156,2.209094285964966,0.220400869846344,1.6355494260787964,2.7134931087493896,2.207899570465088,0,,,,,,,,,,,,,,,
4946813,Số 1 đường Giải Phóng - phường Bạch Mai - ĐHBK,21.0052,105.8418,2025-04-05,0,,,,,,0,,,,,,0,,,,,,156,1.1703433990478516,0.42819154262542725,0.6047896146774292,2.494981288909912,1.0060091018676758,0,,,,,,,,,,,,,,,
4946813,Số 1 đường Giải Phóng - phường Bạch Mai - ĐHBK,21.0052,105.8418,2025-04-06,0,,,,,,0,,,,,,0,,,,,,156,0.5164773464202881,0.45599228143692017,-0.9370294809341431,1.8535412549972534,0.5387440323829651,0,,,,,,,,,,,,,,,
4946813,Số 1 đường Giải Phóng - phường Bạch Mai - ĐHBK,21.0052,105.8418,2025-04-07,0,,,,,,18,0.054507285356521606,0.001777050900273025,0.051731761544942856,0.057933881878852844,0.05451527237892151,0,,,,,,156,0.5057344436645508,0.4473350942134857,-0.8945448398590088,1.1981544494628906,0.6393445730209351,45954,-0.020518044009804726,0.004562480840831995,-0.056856151670217514,0.009045221842825413,-0.020492997020483017,-0.03044375777244568,0.015544835478067398,-0.07809888571500778,0.038676854223012924,-0.032640039920806885,0.011461437679827213,0.004750994965434074,-0.0043103345669806,0.03448271006345749,0.011454218998551369
4946813,Số 1 đường Giải Phóng - phường Bạch Mai - ĐHBK,21.0052,105.8418,2025-04-08,0,,,,,,66,0.059267863631248474,0.0038353456184267998,0.05297640711069107,0.06784027814865112,0.058993592858314514,18,1.0591000318527222e-05,6.794228829676285e-05,-7.06456703483127e-05,0.00011760833876905963,2.039729224634357e-06,156,0.2212325632572174,0.6180256605148315,-1.2229609489440918,1.4271131753921509,0.21738800406455994,0,,,,,,,,,,,,,,,
4946813,Số 1 đường Giải Phóng - phường Bạch Mai - ĐHBK,21.0052,105.8418,2025-04-09,0,,,,,,0,,,,,,0,,,,,,142,0.6704419851303101,0.6627373695373535,-0.48557987809181213,1.4426188468933105,0.7013059854507446,0,,,,,,,,,,,,,,,
4946813,Số 1 đường Giải Phóng - phường Bạch Mai - ĐHBK,21.0052,105.8418,2025-04-10,0,,,,,,8,0.06153388321399689,0.0012719589285552502,0.0603412464261055,0.06335180997848511,0.06122124195098877,0,,,,,,156,0.7777015566825867,0.3230377435684204,0.13797511160373688,1.540330410003662,0.7144652009010315,0,,,,,,,,,,,,,,,
4946813,Số 1 đường Giải Phóng - phường Bạch Mai - ĐHBK,21.0052,105.8418,2025-04-11,0,,,,,,42,0.065754733979702,0.0037087711971253157,0.05664557218551636,0.07167040556669235,0.06667383760213852,8,-4.452802022569813e-05,7.086359983077273e-05,-0.00018185607041232288,5.1601742597995326e-05,-3.530220783432014e-05,156,1.83738374710083,0.771583080291748,0.10127639770507812,2.9635050296783447,1.9013116359710693,0,,,,,,,,,,,,,,,
4946813,Số 1 đường Giải Phóng - phường Bạch Mai - ĐHBK,21.0052,105.8418,2025-04-12,71,8.011135651031509e-05,2.528440745663829e-05,5.3440842748386785e-05,0.00017185868637170643,7.311160152312368e-05,135,0.07766042649745941,0.007755887228995562,0.05682036280632019,0.09173078089952469,0.07883066684007645,120,1.097060703614261e-05,0.0001487515401095152,-0.0005109848571009934,0.0004963979590684175,1.3917006072006188e-05,156,0.21744492650032043,0.46160438656806946,-1.264840006828308,1.239076018333435,0.2711295485496521,45954,-0.11232829838991165,0.009143482893705368,-0.17063578963279724,-0.07741185277700424,-0.11151073127985,-0.16408014297485352,0.016584813594818115,-0.23921550810337067,-0.10024575144052505,-0.1645638346672058,0.15182684361934662,0.013282764703035355,0.11123622953891754,0.23567454516887665,0.1503867506980896
4946813,Số 1 đường Giải Phóng - phường Bạch Mai - ĐHBK,21.0052,105.8418,2025-04-13,68,4.059288767166436e-05,1.5300453014788218e-05,1.2702670574071817e-05,7.572748290840536e-05,4.1090148442890495e-05,88,0.044763002544641495,0.0034884708002209663,0.035786233842372894,0.05070541426539421,0.04460952803492546,93,5.0204511353513226e-05,0.00019908614922314882,-0.00046772006317041814,0.0006160002085380256,3.499619197100401e-05,156,-1.0334731340408325,0.32579201459884644,-1.8813306093215942,-0.2709271013736725,-1.0066121816635132,0,,,,,,,,,,,,,,,
4946813,Số 1 đường Giải Phóng - phường Bạch Mai - ĐHBK,21.0052,105.8418,2025-04-14,64,9.015241084853187e-05,2.061852501356043e-05,5.548004628508352e-05,0.00014952916535548866,9.012664668262005e-05,1,0.04415621608495712,0.0,0.04415621608495712,0.04415621608495712,0.04415621608495712,138,1.378974957333412e-05,0.00047838635509833694,-0.0013927653199061751,0.0015038847923278809,2.5189476673403988e-06,156,-0.873970627784729,0.3394988775253296,-1.4991731643676758,-0.12307906895875931,-0.9202505350112915,45954,0.05636150389909744,0.0643044039607048,-0.11932124197483063,0.37771525979042053,0.03784576803445816,-0.008252407424151897,0.06982119381427765,-0.3411805331707001,0.18786972761154175,-0.0035126765724271536,-0.07418318837881088,0.058137357234954834,-0.3220933675765991,0.33846771717071533,-0.06597426533699036
4946813,Số 1 đường Giải Phóng - phường Bạch Mai - ĐHBK,21.0052,105.8418,2025-04-15,156,6.893752288306132e-05,1.7311085684923455e-05,4.002716741524637e-05,0.00011377643386367708,6.622619548579678e-05,48,0.043842751532793045,0.0014084832509979606,0.0422629788517952,0.046545758843421936,0.04354799911379814,156,7.042823563097045e-05,0.0003495884593576193,-0.0007046407554298639,0.0010408739326521754,9.035780385602266e-05,156,0.4618976414203644,0.21081146597862244,0.055044613778591156,1.085861086845398,0.3927241861820221,0,,,,,,,,,,,,,,,
4946813,Số 1 đường Giải Phóng - phường Bạch Mai - ĐHBK,21.0052,105.8418,2025-04-16,145,0.00010034257138613611,5.896425500395708e-05,2.5219511371687986e-05,0.00026936279027722776,7.856009324314073e-05,126,0.043603166937828064,0.0022824411280453205,0.03875157982110977,0.048227459192276,0.04384981840848923,149,2.595708610897418e-05,0.00021863529400434345,-0.0006849037599749863,0.000610572227742523,2.6135243388125673e-05,156,-0.031155139207839966,0.1331956684589386,-0.4530549943447113,0.2898775339126587,-0.03807505592703819,0,,,,,,,,,,,,,,,
4946813,Số 1 đường Giải Phóng - phường Bạch Mai - ĐHBK,21.0052,105.8418,2025-04-17,7,9.353765926789492e-05,2.8720191039610654e-05,3.77728501916863e-05,0.00013510107237379998,9.233156742993742e-05,61,0.04106021299958229,0.0038964268751442432,0.03230561316013336,0.05001017078757286,0.04150869697332382,26,-2.3174592570285313e-05,0.00017491652397438884,-0.00038787134690210223,0.00030496250838041306,-2.4491258955094963e-05,156,-0.6765864491462708,0.5010983347892761,-1.5905624628067017,0.7233476042747498,-0.7847081422805786,45954,-0.09072653204202652,0.007745052222162485,-0.16679346561431885,-0.01445876993238926,-0.09050644934177399,-0.1242971271276474,0.0172496996819973,-0.20038604736328125,-0.015250083059072495,-0.12638244032859802,0.1299581676721573,0.007429729215800762,0.09756091982126236,0.18435733020305634,0.1294722557067871
4946813,Số 1 đường Giải Phóng - phường Bạch Mai - ĐHBK,21.0052,105.8418,2025-04-18,125,6.128640234237537e-05,1.857675306382589e-05,1.943465213116724e-05,0.00011116734094684944,5.5459720897488296e-05,121,0.04079057276248932,0.003543032566085458,0.03531218692660332,0.048928968608379364,0.040262430906295776,147,4.760427327710204e-05,0.00023334487923420966,-0.0007338023278862238,0.0006926474161446095,4.289239950594492e-05,156,-1.3110530376434326,0.19333665072917938,-1.6901850700378418,-0.4581871032714844,-1.3167004585266113,0,,,,,,,,,,,,,,,
4946813,Số 1 đường Giải Phóng - phường Bạch Mai - ĐHBK,21.0052,105.8418,2025-04-19,2,0.00014761685451958328,0.0,0.00014761685451958328,0.00014761685451958328,0.00014761685451958328,0,,,,,,24,6.405269232345745e-06,0.0003529427049215883,-0.0006910611991770566,0.0009922644821926951,-4.0493519918527454e-05,156,-1.5336350202560425,0.34785550832748413,-2.275012969970703,-0.725135087966919,-1.5373907089233398,0,,,,,,,,,,,,,,,
4946813,Số 1 đường Giải Phóng - phường Bạch Mai - ĐHBK,21.0052,105.8418,2025-04-20,122,7.843248749850318e-05,2.0413301172084175e-05,4.448716208571568e-05,0.00014349306002259254,7.403628842439502e-05,31,0.04052160307765007,0.003793350188061595,0.03480912372469902,0.045084983110427856,0.04166385158896446,150,8.570894715376198e-05,0.000356355682015419,-0.0011324023362249136,0.0013974463799968362,0.0001411035773344338,156,0.40815746784210205,0.35724642872810364,-0.3096356987953186,1.2277765274047852,0.3166426122188568,0,,,,,,,,,,,,,,,
4946813,Số 1 đường Giải Phóng - phường Bạch Mai - ĐHBK,21.0052,105.8418,2025-04-21,27,7.213716889964417e-05,2.4569008019170724e-05,3.679475048556924e-05,0.000101608267868869,6.795415538363159e-05,131,0.03814125806093216,0.0019435349386185408,0.03292043134570122,0.043363165110349655,0.038016851991415024,46,-1.1067050991186989e-06,0.00012652981968130916,-0.00039944431046023965,0.0003041928866878152,-5.082552888779901e-06,156,-0.036873959004879,0.5982881784439087,-1.2134963274002075,0.8058615326881409,0.14689858257770538,0,,,,,,,,,,,,,,,
4946813,Số 1 đường Giải Phóng - phường Bạch Mai - ĐHBK,21.0052,105.8418,2025-04-22,66,8.744632941670716e-05,2.297881837876048e-05,5.060982584836893e-05,0.00016077366308309138,8.268780948128551e-05,132,0.0508686862885952,0.004668960813432932,0.04115687310695648,0.0632425919175148,0.05030600726604462,89,-3.0094577596173622e-05,9.482450695941225e-05,-0.00033490508212707937,0.00018843288125935942,-3.0651219276478514e-05,156,-0.5239499807357788,0.569027841091156,-1.3392034769058228,0.9563923478126526,-0.6755915880203247,45954,-0.12561772763729095,0.02956068515777588,-0.3630855083465576,-0.06330745667219162,-0.11691190302371979,-0.08911604434251785,0.0430169515311718,-0.2951638400554657,0.1973302811384201,-0.09053529053926468,0.18134336173534393,0.03609050437808037,0.13732491433620453,0.4499284029006958,0.17024032771587372
4946813,Số 1 đường Giải Phóng - phường Bạch Mai - ĐHBK,21.0052,105.8418,2025-04-23,142,9.51593610807322e-05,3.339427712489851e-05,4.899895429844037e-05,0.0002108620246872306,9.264014806831256e-05,121,0.054627567529678345,0.003967928700149059,0.04679955914616585,0.06654104590415955,0.05443236231803894,154,1.2395278645271901e-05,0.00018363665731158108,-0.00045427479199133813,0.0005126644973643124,1.7103766367654316e-05,156,-0.91243976354599,0.1162528470158577,-1.4135147333145142,-0.687248945236206,-0.9022325277328491,0,,,,,,,,,,,,,,,
4946813,Số 1 đường Giải Phóng - phường Bạch Mai - ĐHBK,21.0052,105.8418,2025-04-24,0,,,,,,53,0.05064726248383522,0.002345789922401309,0.04659905657172203,0.05472525581717491,0.050230760127305984,2,7.19612289685756e-05,0.0,7.19612289685756e-05,7.19612289685756e-05,7.19612289685756e-05,156,0.4379154145717621,0.5262439250946045,-1.6676914691925049,1.3863648176193237,0.49094122648239136,0,,,,,,,,,,,,,,,
4946813,Số 1 đường Giải Phóng - phường Bạch Mai - ĐHBK,21.0052,105.8418,2025-04-25,0,,,,,,30,0.051909446716308594,0.0018789967289194465,0.04860199987888336,0.053999319672584534,0.05294249951839447,8,-7.693825318710878e-05,4.057868500240147e-05,-0.00012525354395620525,-3.4898337162303505e-06,-7.7303615398705e-05,155,0.044349223375320435,0.5130563378334045,-1.0700069665908813,0.8966633081436157,0.18198895454406738,0,,,,,,,,,,,,,,,
4946813,Số 1 đường Giải Phóng - phường Bạch Mai - ĐHBK,21.0052,105.8418,2025-04-26,0,,,,,,15,0.05060403048992157,0.001414808793924749,0.0489848330616951,0.05239179730415344,0.04957331344485283,11,1.4476705473498441e-05,6.510644016088918e-05,-6.682278035441414e-05,0.00010403885244159028,-1.2471645277400967e-05,156,0.9030801057815552,0.5054711699485779,-0.6699779629707336,1.7647793292999268,0.9452452063560486,0,,,,,,,,,,,,,,,
4946813,Số 1 đường Giải Phóng - phường Bạch Mai - ĐHBK,21.0052,105.8418,2025-04-27,6,5.1675258873729035e-05,2.5946063033188693e-05,2.5156130504910834e-05,0.00010118257341673598,4.393640119815245e-05,35,0.0610601082444191,0.0025096721947193146,0.05611254274845123,0.06411609053611755,0.06153508648276329,19,-1.9444179997663014e-05,6.794463115511462e-05,-0.00013133263564668596,0.0001479377824580297,-3.4572465665405616e-05,156,1.3800262212753296,0.6476159691810608,-0.23001883924007416,2.599163055419922,1.5495867729187012,45954,0.01717309094965458,0.03488650918006897,-0.1147172674536705,0.281378835439682,0.014680694788694382,-0.013604969717562199,0.07424740493297577,-0.39292439818382263,0.4493767321109772,-0.006932883523404598,0.0013466185191646218,0.04129822179675102,-0.19870935380458832,0.1917804330587387,0.0
4946813,Số 1 đường Giải Phóng - phường Bạch Mai - ĐHBK,21.0052,105.8418,2025-04-28,1,9.820685954764485e-05,0.0,9.820685954764485e-05,9.820685954764485e-05,9.820685954764485e-05,23,0.05919799208641052,0.005866869352757931,0.04859329015016556,0.06835626065731049,0.06081347540020943,14,-2.1961022866889834e-06,0.00013324069732334465,-0.00034076638985425234,0.00022122634982224554,-1.962971055036178e-06,156,-0.7167677283287048,0.7188300490379333,-2.3814215660095215,0.8642054796218872,-0.6760321855545044,0,,,,,,,,,,,,,,,
4946813,Số 1 đường Giải Phóng - phường Bạch Mai - ĐHBK,21.0052,105.8418,2025-04-29,0,,,,,,58,0.05336005240678787,0.004151935689151287,0.0464012511074543,0.0605505034327507,0.053109802305698395,9,8.788130071479827e-05,0.00016582325042691082,-0.00012934378173667938,0.00031830076477490366,2.2355661712936126e-05,156,-0.9758502244949341,0.6914717555046082,-2.532985210418701,0.24360506236553192,-0.9401538372039795,0,,,,,,,,,,,,,,,
4946813,Số 1 đường Giải Phóng - phường Bạch Mai - ĐHBK,21.0052,105.8418,2025-04-30,0,,,,,,0,,,,,,0,,,,,,156,-1.7864714860916138,0.35949304699897766,-2.5367157459259033,-0.8557364344596863,-1.863408088684082,0,,,,,,,,,,,,,,,
4946813,Số 1 đường Giải Phóng - phường Bạch Mai - ĐHBK,21.0052,105.8418,2025-05-01,94,3.1077648600330576e-05,8.30443332233699e-06,7.992964128789026e-06,5.386107295635156e-05,3.119402754236944e-05,78,0.0438225120306015,0.0013783114263787866,0.040833890438079834,0.04644578695297241,0.04367602989077568,122,-1.7102338460972533e-05,0.0002563566085882485,-0.0004919804050587118,0.0008907830924727023,3.374441803316586e-05,156,-0.42934462428092957,0.3600562512874603,-0.9798071384429932,0.4847099184989929,-0.4796948730945587,0,,,,,,,,,,,,,,,
4946813,Số 1 đường Giải Phóng - phường Bạch Mai - ĐHBK,21.0052,105.8418,2025-05-02,115,3.9937654946697876e-05,1.2560621144075412e-05,2.114503877237439e-05,7.907574763521552e-05,3.8345307984855026e-05,147,0.04085762798786163,0.002489439444616437,0.03688734397292137,0.047034621238708496,0.04089293256402016,129,1.5227465155476239e-05,0.0001795642456272617,-0.0005069028702564538,0.0005433042533695698,1.8440478015691042e-05,156,-0.8255690336227417,0.5478336811065674,-1.7332080602645874,0.8381134867668152,-1.0063323974609375,45954,0.026224501430988312,0.10824481397867203,-0.41628655791282654,0.5824729204177856,-0.0030580777674913406,-0.007700247690081596,0.14834895730018616,-0.5773988962173462,0.5811106562614441,-0.0417398139834404,0.008908163756132126,0.11498518288135529,-0.5012214779853821,0.40659090876579285,0.04217691719532013
4946813,Số 1 đường Giải Phóng - phường Bạch Mai - ĐHBK,21.0052,105.8418,2025-05-03,25,7.127076969482005e-05,3.115721483482048e-05,2.609001603559591e-05,0.0001370552636217326,7.267353794304654e-05,61,0.04104047268629074,0.003504302818328142,0.03423679620027542,0.04627992957830429,0.04188995808362961,62,2.3563143258797936e-06,0.00014184745668899268,-0.0003257514617871493,0.0003394457162357867,3.8809379475424066e-05,156,-1.231555461883545,0.3508572280406952,-1.8497284650802612,0.11210044473409653,-1.278335690498352,0,,,,,,,,,,,,,,,
4946813,Số 1 đường Giải Phóng - phường Bạch Mai - ĐHBK,21.0052,105.8418,2025-05-04,83,4.566377538139932e-05,1.606503428774886e-05,1.8831207853509113e-05,8.862803224474192e-05,4.28372404712718e-05,89,0.04328310489654541,0.002881533931940794,0.03709733113646507,0.047906555235385895,0.043622881174087524,140,-5.046666774433106e-05,0.00018220003403257579,-0.0006224047392606735,0.0003093229606747627,-4.613850251189433e-05,156,-1.7463116645812988,0.3037134110927582,-2.3976008892059326,-0.6407155990600586,-1.7516942024230957,45954,-0.06863925606012344,0.08763032406568527,-0.39507293701171875,0.585100531578064,-0.07622604072093964,0.025393936783075333,0.11431124806404114,-0.45587998628616333,0.4590112566947937,-0.0005915050860494375,0.09704097360372543,0.09259326756000519,-0.49570798873901367,0.4553855359554291,0.10455235093832016
4946813,Số 1 đường Giải Phóng - phường Bạch Mai - ĐHBK,21.0052,105.8418,2025-05-05,150,6.297967047430575e-05,2.660722384462133e-05,2.7768901418312453e-05,0.00018001064017880708,5.700481779058464e-05,149,0.04535547271370888,0.0031483725178986788,0.03973337262868881,0.05154814198613167,0.045158904045820236,156,9.869426139630377e-05,0.00023542270355392247,-0.0005936973611824214,0.0006514768465422094,9.934273839462548e-05,156,-1.1081589460372925,0.1822018325328827,-1.5964545011520386,-0.6113544702529907,-1.1374129056930542,0,,,,,,,,,,,,,,,
4946813,Số 1 đường Giải Phóng - phường Bạch Mai - ĐHBK,21.0052,105.8418,2025-05-06,28,5.2122395572951064e-05,1.3450509868562222e-05,3.175004167133011e-05,7.452953286701813e-05,4.720881406683475e-05,141,0.04477839916944504,0.0032144631259143353,0.03942902386188507,0.05077337101101875,0.04463358223438263,119,5.542864164453931e-05,0.00019873549172189087,-0.0005850009038113058,0.00056447833776474,6.143245991552249e-05,156,0.6650874614715576,0.4491093158721924,-0.43670928478240967,1.8644429445266724,0.6985964775085449,0,,,,,,,,,,,,,,,
4946813,Số 1 đường Giải Phóng - phường Bạch Mai - ĐHBK,21.0052,105.8418,2025-05-07,57,4.894042285741307e-05,1.2543574484880082e-05,2.8689484679489397e-05,7.684024603804573e-05,4.522752351476811e-05,143,0.044217873364686966,0.0018705262336879969,0.03946222364902496,0.0481109544634819,0.04414305463433266,100,2.4025264792726375e-05,0.00011746744712581858,-0.00022063909273128957,0.00031167329871095717,8.178935786418151e-06,156,0.013444473035633564,0.5440139770507812,-0.9800283908843994,1.3096723556518555,0.08879762887954712,45954,-0.02402942255139351,0.005910519976168871,-0.08295955508947372,0.05075806379318237,-0.02432042919099331,-0.09315963834524155,0.02939792349934578,-0.21505112946033478,0.009884987957775593,-0.09166958928108215,0.029424108564853668,0.004841838497668505,0.008933251723647118,0.07115814089775085,0.029228536412119865
4946813,Số 1 đường Giải Phóng - phường Bạch Mai - ĐHBK,21.0052,105.8418,2025-05-08,155,8.721405902178958e-05,3.322015982121229e-05,3.980750625487417e-05,0.0002596257836557925,8.113369403872639e-05,148,0.04550250247120857,0.0035493115428835154,0.038400836288928986,0.05725445970892906,0.04538259655237198,156,1.0864184332604054e-05,0.0001657292159507051,-0.0004970169393345714,0.00045899179531261325,2.2798001737101004e-05,156,-0.7202383279800415,0.1508478969335556,-1.061549186706543,-0.22014272212982178,-0.7319427132606506,0,,,,,,,,,,,,,,,
4946813,Số 1 đường Giải Phóng - phường Bạch Mai - ĐHBK,21.0052,105.8418,2025-05-09,34,5.069723556516692e-05,7.581083536933875e-06,3.6745543184224516e-05,7.016743620624766e-05,5.147239062353037e-05,123,0.04820320010185242,0.003330179490149021,0.04027370363473892,0.059760794043540955,0.04756252467632294,52,-6.0379348724382e-05,0.00015299748338293284,-0.0003407248295843601,0.0003817667020484805,-5.8371468185214326e-05,156,-0.7545299530029297,0.6954047083854675,-1.7282923460006714,1.2148501873016357,-0.9349468350410461,0,,,,,,,,,,,,,,,
4946813,Số 1 đường Giải Phóng - phường Bạch Mai - ĐHBK,21.0052,105.8418,2025-05-10,0,,,,,,0,,,,,,0,,,,,,156,-0.06118068844079971,0.3546496331691742,-1.3195592164993286,0.6280370950698853,0.02888099104166031,0,,,,,,,,,,,,,,,
4946813,Số 1 đường Giải Phóng - phường Bạch Mai - ĐHBK,21.0052,105.8418,2025-05-11,0,,,,,,0,,,,,,10,0.00027937922277487814,0.0005998759297654033,-0.0008078281534835696,0.0010457087773829699,0.00041855653398670256,135,-0.969992995262146,0.9171094298362732,-1.94734525680542,1.134883999824524,-1.301869511604309,0,,,,,,,,,,,,,,,
4946813,Số 1 đường Giải Phóng - phường Bạch Mai - ĐHBK,21.0052,105.8418,2025-05-12,156,6.169417611090466e-05,1.6264910300378688e-05,2.7987174689769745e-05,0.00011639914009720087,6.25950560788624e-05,148,0.048585109412670135,0.0047773635014891624,0.04112761467695236,0.058854952454566956,0.04864443093538284,156,-1.2074552842022968e-06,0.0002715729351621121,-0.0005858665099367499,0.0005404918338172138,-2.82942783087492e-05,156,-0.06446569412946701,0.16789716482162476,-0.9466858506202698,0.14398278295993805,-0.025446336716413498,45954,0.2654891610145569,0.19556385278701782,-0.28288158774375916,0.9211447238922119,0.20421627163887024,0.09616520255804062,0.1643131971359253,-0.742455780506134,0.7119539976119995,0.1145128607749939,-0.3040602505207062,0.16834202408790588,-0.8300765752792358,0.6657973527908325,-0.28453999757766724
4946813,Số 1 đường Giải Phóng - phường Bạch Mai - ĐHBK,21.0052,105.8418,2025-05-13,103,9.396766108693555e-05,4.941925362800248e-05,3.739784733625129e-05,0.00024408941681031138,7.591773464810103e-05,117,0.04562097415328026,0.0031788265332579613,0.03969110921025276,0.053517866879701614,0.04515785723924637,121,-2.3064440028974786e-06,0.00016537551709916443,-0.00047504983376711607,0.0005437053041532636,-6.27094004812534e-06,156,-0.6965430974960327,0.4341273307800293,-1.3679907321929932,0.8488125205039978,-0.825563371181488,0,,,,,,,,,,,,,,,
4946813,Số 1 đường Giải Phóng - phường Bạch Mai - ĐHBK,21.0052,105.8418,2025-05-14,9,5.065385630587116e-05,9.839450285653584e-06,4.240829002810642e-05,6.827697507105768e-05,4.61887611891143e-05,83,0.049520861357450485,0.0030600319150835276,0.04259520396590233,0.05663841962814331,0.04916325956583023,24,-2.575515281932894e-05,7.626265869475901e-05,-0.00014271782129071653,0.00010489213309483603,-4.099031866644509e-05,156,-1.3199633359909058,0.9037718772888184,-3.6759040355682373,0.8898089528083801,-1.4428298473358154,0,,,,,,,,,,,,,,,
4946813,Số 1 đường Giải Phóng - phường Bạch Mai - ĐHBK,21.0052,105.8418,2025-05-15,40,6.165999366203323e-05,2.361277256568428e-05,3.209805436199531e-05,0.00011880632519023493,5.709648030460812e-05,9,0.03984932228922844,0.001290398184210062,0.03818438947200775,0.042925819754600525,0.03927341476082802,76,-6.088154259487055e-05,0.0001805001520551741,-0.0003971771220676601,0.0003076460270676762,-6.62135862512514e-05,156,-2.2546770572662354,0.6510313749313354,-3.8883862495422363,-0.6515897512435913,-2.2981011867523193,0,,,,,,,,,,,,,,,
4946813,Số 1 đường Giải Phóng - phường Bạch Mai - ĐHBK,21.0052,105.8418,2025-05-16,0,,,,,,17,0.037034545093774796,0.0016050058184191585,0.03457196429371834,0.039722055196762085,0.036132123321294785,3,0.00027479446725919843,0.0,0.00027479446725919843,0.00027479446725919843,0.00027479446725919843,156,-1.7559964656829834,0.2842184007167816,-2.3032350540161133,-0.26510804891586304,-1.741743564605713,0,,,,,,,,,,,,,,,
4946813,Số 1 đường Giải Phóng - phường Bạch Mai - ĐHBK,21.0052,105.8418,2025-05-17,20,2.4348428269149736e-05,1.0497295988898259e-05,1.1032628208340611e-05,5.3373605624074116e-05,2.2565089238923974e-05,96,0.02941003441810608,0.0015086265048012137,0.026681723073124886,0.03455599397420883,0.029332922771573067,0,,,,,,156,0.12685894966125488,0.4704616665840149,-0.9631115794181824,1.3292694091796875,0.1099126935005188,45954,-0.043224357068538666,0.03857065364718437,-0.34268900752067566,0.3314359188079834,-0.04832709953188896,0.009170220233500004,0.048682358115911484,-0.18914921581745148,0.4219920039176941,0.0025175760965794325,0.07271869480609894,0.02789592370390892,-0.20768478512763977,0.2306748926639557,0.07604832947254181
4946813,Số 1 đường Giải Phóng - phường Bạch Mai - ĐHBK,21.0052,105.8418,2025-05-18,45,7.762984751025215e-05,3.9474947698181495e-05,2.719505937420763e-05,0.0001759498700266704,7.307810301426798e-05,119,0.03312721475958824,0.0015530099626630545,0.02999911643564701,0.03631141781806946,0.033234499394893646,109,-1.1088662176916841e-05,0.00012470947694964707,-0.00038495013723149896,0.0003294830967206508,-1.2803400750271976e-05,156,-0.5403251647949219,0.32955294847488403,-1.2778728008270264,0.46959638595581055,-0.5607302188873291,0,,,,,,,,,,,,,,,
4946813,Số 1 đường Giải Phóng - phường Bạch Mai - ĐHBK,21.0052,105.8418,2025-05-19,19,2.8840502636739984e-05,1.096659525501309e-05,1.438614708604291e-05,5.386610428104177e-05,2.4736342311371118e-05,98,0.03282242268323898,0.002867884701117873,0.026014188304543495,0.03911363705992699,0.03316747397184372,46,-1.0132445822819136e-05,9.71817207755521e-05,-0.00029630240169353783,0.00025995689793489873,-4.209193775750464e-06,156,-1.147904396057129,0.5557294487953186,-2.0858347415924072,0.45914438366889954,-1.277813196182251,0,,,,,,,,,,,,,,,
4946813,Số 1 đường Giải Phóng - phường Bạch Mai - ĐHBK,21.0052,105.8418,2025-05-20,16,5.816581688122824e-05,2.2092752260505222e-05,2.924072941823397e-05,9.798154496820644e-05,5.282241909299046e-05,85,0.03456937521696091,0.00327215320430696,0.02787443995475769,0.042345013469457626,0.034329112619161606,53,-2.4216035399149405e-06,0.00014945190923754126,-0.000324283231748268,0.0006821730639785528,-1.3474649449563003e-06,156,-1.8320281505584717,0.5238590240478516,-2.8290090560913086,-0.30018752813339233,-1.9073355197906494,0,,,,,,,,,,,,,,,
4946813,Số 1 đường Giải Phóng - phường Bạch Mai - ĐHBK,21.0052,105.8418,2025-05-21,9,9.576929005561396e-05,5.977188266115263e-05,3.225003456464037e-05,0.00017675622075330466,5.03962037328165e-05,135,0.041273243725299835,0.002340621780604124,0.0377466157078743,0.04691784456372261,0.04069334641098976,82,-1.23937907119398e-05,0.00013557086640503258,-0.0004226509772706777,0.00027944217436015606,1.2855259228672367e-05,156,-1.6043550968170166,0.40021419525146484,-2.3414506912231445,-0.7843579053878784,-1.5925350189208984,0,,,,,,,,,,,,,,,
4946813,Số 1 đường Giải Phóng - phường Bạch Mai - ĐHBK,21.0052,105.8418,2025-05-22,1,0.00014559943519998342,0.0,0.00014559943519998342,0.00014559943519998342,0.00014559943519998342,68,0.037874601781368256,0.002295182552188635,0.035691630095243454,0.04187571257352829,0.03630860522389412,19,0.00017487083096057177,0.0003792783245444298,-0.00047848137910477817,0.0007220828556455672,0.0003861710138153285,156,0.662238597869873,0.28876572847366333,0.05690544471144676,1.196044921875,0.6777764558792114,45954,0.02044263295829296,0.016081133857369423,-0.10309671610593796,0.14613407850265503,0.020043855533003807,-0.09578145295381546,0.022178692743182182,-0.20739445090293884,0.05208877846598625,-0.09851345419883728,-0.008946584537625313,0.008252320811152458,-0.08975256979465485,0.041366152465343475,-0.008278582245111465
4946813,Số 1 đường Giải Phóng - phường Bạch Mai - ĐHBK,21.0052,105.8418,2025-05-23,0,,,,,,0,,,,,,0,,,,,,156,0.021296396851539612,0.05093986913561821,-0.12246190011501312,0.13099773228168488,0.017140140756964684,0,,,,,,,,,,,,,,,
4946813,Số 1 đường Giải Phóng - phường Bạch Mai - ĐHBK,21.0052,105.8418,2025-05-24,0,,,,,,0,,,,,,0,,,,,,156,-0.5046977400779724,0.4968531131744385,-1.9046026468276978,0.7478129267692566,-0.44402045011520386,45954,-0.003317740745842457,0.005292885471135378,-0.03350967541337013,0.03118736296892166,-0.0033277797047048807,-0.21346503496170044,0.016700923442840576,-0.2652527987957001,-0.15209686756134033,-0.21458086371421814,-0.007362211123108864,0.0033847724553197622,-0.02425220049917698,0.007173631805926561,-0.007255646865814924
4946813,Số 1 đường Giải Phóng - phường Bạch Mai - ĐHBK,21.0052,105.8418,2025-05-25,0,,,,,,7,0.03625313192605972,0.002319751074537635,0.030665645375847816,0.0375240333378315,0.03750062361359596,0,,,,,,156,-0.7459135055541992,0.7843979597091675,-2.9791221618652344,0.8466011881828308,-0.4581601023674011,0,,,,,,,,,,,,,,,
4946813,Số 1 đường Giải Phóng - phường Bạch Mai - ĐHBK,21.0052,105.8418,2025-05-26,0,,,,,,90,0.03333093598484993,0.0015887017361819744,0.02959158644080162,0.036528442054986954,0.0336325503885746,0,,,,,,156,-1.456007719039917,0.39357689023017883,-2.289868116378784,-0.5938182473182678,-1.4845526218414307,0,,,,,,,,,,,,,,,
4946813,Số 1 đường Giải Phóng - phường Bạch Mai - ĐHBK,21.0052,105.8418,2025-05-27,0,,,,,,100,0.03354999050498009,0.003075128188356757,0.030396783724427223,0.0404365248978138,0.032382894307374954,0,,,,,,139,-1.0455827713012695,0.42787113785743713,-2.308804988861084,0.3014540672302246,-1.1061172485351562,45954,-0.027148321270942688,0.008536268956959248,-0.07236836850643158,0.008818322792649269,-0.02699783630669117,-0.3533943295478821,0.02707739546895027,-0.48423442244529724,-0.2836638391017914,-0.34829890727996826,0.01919356919825077,0.00803186185657978,-0.007505510002374649,0.04842965677380562,0.019432008266448975
4946813,Số 1 đường Giải Phóng - phường Bạch Mai - ĐHBK,21.0052,105.8418,2025-05-28,12,4.142761099501513e-05,9.791325283003971e-06,2.6182757210335694e-05,5.5596658057766035e-05,3.879688665620051e-05,112,0.03209001198410988,0.0016678131651133299,0.028854697942733765,0.035211216658353806,0.03186895698308945,51,-6.9673451434937306e-06,9.547825902700424e-05,-0.00019371591042727232,0.00017018619109876454,2.4156344480275038e-08,156,-0.11580871790647507,0.6101265549659729,-1.4747596979141235,1.1334245204925537,0.012484248727560043,0,,,,,,,,,,,,,,,
4946813,Số 1 đường Giải Phóng - phường Bạch Mai - ĐHBK,21.0052,105.8418,2025-05-29,0,,,,,,9,0.03002103418111801,0.004027749877423048,0.022755969315767288,0.03427301347255707,0.031142568215727806,0,,,,,,156,-0.5994940400123596,0.2788596451282501,-1.2647738456726074,0.6161694526672363,-0.5966870784759521,0,,,,,,,,,,,,,,,
4946813,Số 1 đường Giải Phóng - phường Bạch Mai - ĐHBK,21.0052,105.8418,2025-05-30,8,2.7876558306161314e-05,3.894157998729497e-06,2.163127646781504e-05,3.619316703407094e-05,2.738579860306345e-05,56,0.033061034977436066,0.0032557458616793156,0.02375473454594612,0.0386713445186615,0.0330452024936676,16,4.7839821490924805e-05,7.699147681705654e-05,-5.710386540158652e-05,0.0002501492272131145,3.1332507205661386e-05,156,-1.5041993856430054,0.6346513628959656,-3.0129780769348145,0.27938053011894226,-1.568186640739441,0,,,,,,,,,,,,,,,
4946813,Số 1 đường Giải Phóng - phường Bạch Mai - ĐHBK,21.0052,105.8418,2025-05-31,86,3.732985715032555e-05,1.8276452465215698e-05,3.327180138512631e-06,9.478534775553271e-05,3.166207898175344e-05,156,0.030930304899811745,0.0029628188349306583,0.023809093981981277,0.03573713079094887,0.030840499326586723,153,-1.554982918605674e-05,0.00015200571215245873,-0.00040503559284843504,0.00034467113437131047,-2.189874794567004e-05,156,-1.669147253036499,0.27720311284065247,-2.5140271186828613,-0.7372910380363464,-1.6340705156326294,0,,,,,,,,,,,,,,,
4946813,Số 1 đường Giải Phóng - phường Bạch Mai - ĐHBK,21.0052,105.8418,2025-06-01,156,3.848179039778188e-05,9.966765901481267e-06,1.4231966815714259e-05,5.669681559083983e-05,3.928854857804254e-05,54,0.03264183923602104,0.0020867823623120785,0.02868865430355072,0.03596328943967819,0.03323822095990181,156,1.1700749382725917e-05,0.0002034003264270723,-0.0005106430035084486,0.0004706296313088387,3.8744172343285754e-05,156,-0.42214837670326233,0.1315544843673706,-0.8058671951293945,-0.198713019490242,-0.4229726493358612,45954,0.1450175791978836,0.13187097012996674,-0.6142908930778503,0.6742389798164368,0.10376578569412231,0.07695835083723068,0.11691102385520935,-0.5538369417190552,0.6472373604774475,0.08641041815280914,-0.1676144152879715,0.11522094905376434,-0.6158803105354309,0.5099202990531921,-0.14811405539512634
4946813,Số 1 đường Giải Phóng - phường Bạch Mai - ĐHBK,21.0052,105.8418,2025-06-02,156,3.5081469832221046e-05,1.1544556400622241e-05,1.0445563020766713e-05,6.033886529621668e-05,3.491955067147501e-05,0,,,,,,156,4.485951649257913e-05,0.00026525967405177653,-0.0003926044737454504,0.0010279490379616618,5.819725993205793e-05,156,0.7241120934486389,0.1575324833393097,0.34290823340415955,0.995924711227417,0.7303309440612793,0,,,,,,,,,,,,,,,
4946813,Số 1 đường Giải Phóng - phường Bạch Mai - ĐHBK,21.0052,105.8418,2025-06-03,9,6.018595740897581e-05,2.415862400084734e-05,3.974738865508698e-05,0.00012153503485023975,5.90670679230243e-05,32,0.03520502895116806,0.0016169889131560922,0.03042282722890377,0.03680378571152687,0.03564448282122612,113,-8.765564416535199e-06,0.00017117620154749602,-0.0003716610081028193,0.0005105111631564796,-2.0759873223141767e-05,156,-0.41446974873542786,0.2434677928686142,-1.6186933517456055,0.1911793053150177,-0.4055520296096802,0,,,,,,,,,,,,,,,
4946813,Số 1 đường Giải Phóng - phường Bạch Mai - ĐHBK,21.0052,105.8418,2025-06-04,50,9.579543984727934e-05,3.633474625530653e-05,3.936800203518942e-05,0.0001790848618838936,8.882125257514417e-05,113,0.039021771401166916,0.004007082432508469,0.02866843156516552,0.04798398166894913,0.039202988147735596,82,1.4988455404818524e-05,0.00010193140769843012,-0.0001730871299514547,0.0003965451323892921,3.22407640851452e-06,156,-1.4268560409545898,0.8531453013420105,-2.5656344890594482,1.1952604055404663,-1.6876220703125,0,,,,,,,,,,,,,,,
4946813,Số 1 đường Giải Phóng - phường Bạch Mai - ĐHBK,21.0052,105.8418,2025-06-05,19,5.4352462029783055e-05,2.409975786576979e-05,3.52337010554038e-05,0.00011961458949372172,4.239436020725407e-05,87,0.038450684398412704,0.0037847966887056828,0.0287880077958107,0.04781504347920418,0.038731977343559265,79,-1.4881287825119216e-05,0.00012300621892791241,-0.0003037624410353601,0.00034426269121468067,-2.785318429232575e-05,156,-1.8053549528121948,0.5729227066040039,-2.9619531631469727,0.20048148930072784,-1.873725414276123,0,,,,,,,,,,,,,,,
4946813,Số 1 đường Giải Phóng - phường Bạch Mai - ĐHBK,21.0052,105.8418,2025-06-06,10,4.399354656925425e-05,3.0848746973788366e-05,1.826908192015253e-05,0.00010204640420852229,2.9717481083935127e-05,64,0.034028373658657074,0.0015846156748011708,0.030873684212565422,0.037056077271699905,0.03417821228504181,71,5.358485577744432e-05,0.0001546489802422002,-0.0002351109724259004,0.00041954737389460206,7.242359424708411e-05,156,-1.801324725151062,0.3271331191062927,-2.5553958415985107,-0.7504374980926514,-1.8466343879699707,45954,-0.030076684430241585,0.013409520499408245,-0.07631781697273254,0.03297928720712662,-0.030302954837679863,-0.22347526252269745,0.015309630893170834,-0.28032174706459045,-0.15600094199180603,-0.22508305311203003,0.06525387614965439,0.011451300233602524,0.006310970056802034,0.10504481941461563,0.06494475901126862
4946813,Số 1 đường Giải Phóng - phường Bạch Mai - ĐHBK,21.0052,105.8418,2025-06-07,17,3.0196675652405247e-05,1.08952435766696e-05,1.3217505511420313e-05,5.362836236599833e-05,2.90196985588409e-05,148,0.03352970629930496,0.0025883433409035206,0.029851023107767105,0.03850096836686134,0.032538991421461105,49,-4.4664910092251375e-05,0.000198009263840504,-0.0006077486905269325,0.0002708500833250582,-3.8585483707720414e-05,156,0.3703470528125763,0.8399031758308411,-1.4224951267242432,2.1346492767333984,0.45014819502830505,0,,,,,,,,,,,,,,,
4946813,Số 1 đường Giải Phóng - phường Bạch Mai - ĐHBK,21.0052,105.8418,2025-06-08,18,4.8060279368655756e-05,1.1174449355166871e-05,2.5088673282880336e-05,7.451877900166437e-05,4.9824739107862115e-05,44,0.0337350033223629,0.001692399033345282,0.02999475970864296,0.037220921367406845,0.03378526493906975,47,-7.289324275916442e-05,0.00013595784548670053,-0.0003944965428672731,0.00018333835760131478,-4.6348224714165553e-05,156,0.083057701587677,0.3521929681301117,-0.8003080487251282,1.208695650100708,0.020574700087308884,0,,,,,,,,,,,,,,,
4946813,Số 1 đường Giải Phóng - phường Bạch Mai - ĐHBK,21.0052,105.8418,2025-06-09,37,5.149010758032091e-05,1.2678139682975598e-05,3.003233541676309e-05,9.371322812512517e-05,5.1438524678815156e-05,52,0.03674726560711861,0.002988180611282587,0.03016897477209568,0.042743295431137085,0.036070071160793304,64,-5.740732740378007e-05,9.79413089226e-05,-0.0002673379785846919,0.0002102185389958322,-5.649070953950286e-05,156,-0.9941584467887878,0.2151208370923996,-1.4952517747879028,0.06066378951072693,-1.0059798955917358,0,,,,,,,,,,,,,,,
4946813,Số 1 đường Giải Phóng - phường Bạch Mai - ĐHBK,21.0052,105.8418,2025-06-10,14,4.600355532602407e-05,8.919128049456049e-06,2.897474405472167e-05,6.588333053514361e-05,4.583167174132541e-05,51,0.03764021024107933,0.0034414029214531183,0.03151953965425491,0.045129407197237015,0.03766362741589546,46,-3.2929798180703074e-05,0.00011609873763518408,-0.00035911143640987575,0.00016558161587454379,-2.080180638586171e-05,156,-1.5932154655456543,0.45936131477355957,-2.364992380142212,-0.10758942365646362,-1.7273224592208862,0,,,,,,,,,,,,,,,
4946813,Số 1 đường Giải Phóng - phường Bạch Mai - ĐHBK,21.0052,105.8418,2025-06-11,107,3.3973199606407434e-05,9.104771379497834e-06,1.315042027272284e-05,5.120004789205268e-05,3.4708540624706075e-05,94,0.03716399148106575,0.00248814863152802,0.03129306435585022,0.041460588574409485,0.03732406720519066,138,1.6924856026889756e-05,0.00010978190402965993,-0.00020772354037035257,0.0003479517181403935,-1.3722172980124014e-06,156,-1.6244786977767944,0.3119409680366516,-2.238828659057617,-0.7200382351875305,-1.6183967590332031,45954,0.25835785269737244,0.22462809085845947,-0.4183884263038635,0.9689940214157104,0.18776622414588928,0.12510184943675995,0.17368283867835999,-0.5890207886695862,0.8246017098426819,0.1451011598110199,-0.2971447706222534,0.19580218195915222,-0.8543145656585693,0.7688422203063965,-0.27251535654067993
4946813,Số 1 đường Giải Phóng - phường Bạch Mai - ĐHBK,21.0052,105.8418,2025-06-12,0,,,,,,87,0.02854883298277855,0.0016848647501319647,0.024197077378630638,0.03212273493409157,0.028209298849105835,49,-4.26590304414276e-05,0.0001918704219860956,-0.0005848071305081248,0.00024383209529332817,-3.486904097371735e-05,148,-1.0691730976104736,0.8479700684547424,-2.345965623855591,1.4139070510864258,-1.4273945093154907,0,,,,,,,,,,,,,,,
4946813,Số 1 đường Giải Phóng - phường Bạch Mai - ĐHBK,21.0052,105.8418,2025-06-13,59,2.4769613446551375e-05,6.126655080151977e-06,1.046519901137799e-05,3.729380841832608e-05,2.5244535208912566e-05,15,0.030079098418354988,0.001848334795795381,0.02814337983727455,0.03405786678195,0.029860418289899826,138,-3.155373269692063e-05,0.000146917809615843,-0.00035428814589977264,0.0003340489056427032,-3.6506760807242244e-05,156,0.10478536784648895,0.4180632531642914,-1.1941473484039307,0.8657795190811157,0.19309724867343903,45954,0.11320631951093674,0.06920996308326721,-0.03719380497932434,0.6557151079177856,0.10664129257202148,0.025620758533477783,0.052836913615465164,-0.2790251672267914,0.3424941301345825,0.023749131709337234,-0.11716645210981369,0.0651492178440094,-0.5589227080345154,0.12368795275688171,-0.114942267537117
4946813,Số 1 đường Giải Phóng - phường Bạch Mai - ĐHBK,21.0052,105.8418,2025-06-14,81,3.908769940608181e-05,1.452460310247261e-05,5.460952252178686e-06,8.483024430461228e-05,3.852192821796052e-05,17,0.03379479795694351,0.0026665679179131985,0.02994651533663273,0.040716804563999176,0.033555544912815094,139,7.736015504633542e-06,0.00017721625044941902,-0.0003504275518935174,0.0005420720553956926,1.5961006738507422e-07,156,-0.4430693984031677,0.14490805566310883,-0.9825026988983154,-0.15480849146842957,-0.4504910111427307,0,,,,,,,,,,,,,,,
4946813,Số 1 đường Giải Phóng - phường Bạch Mai - ĐHBK,21.0052,105.8418,2025-06-15,95,4.867892857873812e-05,1.3897211829316802e-05,1.8839600670617074e-05,0.0001027772159432061,4.5759323256788775e-05,117,0.038238100707530975,0.0027725626714527607,0.024692285805940628,0.04399995878338814,0.0388629250228405,126,-2.9069575248286128e-05,0.0001265256869373843,-0.00032604855368845165,0.0002068042231258005,-1.881353819044307e-05,156,-1.160174012184143,0.353507936000824,-1.7718902826309204,0.2876889407634735,-1.1889076232910156,0,,,,,,,,,,,,,,,
4946813,Số 1 đường Giải Phóng - phường Bạch Mai - ĐHBK,21.0052,105.8418,2025-06-16,0,,,,,,0,,,,,,0,,,,,,156,-1.0592422485351562,0.4551595151424408,-2.3036248683929443,-0.5320906639099121,-0.8365790247917175,45954,-0.0014688329538330436,0.005186762660741806,-0.0208266694098711,0.029324540868401527,-0.0016061944188550115,-0.6808043718338013,0.009908964857459068,-0.7041804194450378,-0.6326287388801575,-0.6817257404327393,0.01682390458881855,0.0030133852269500494,0.0003409534983802587,0.02823086455464363,0.016938313841819763
4946813,Số 1 đường Giải Phóng - phường Bạch Mai - ĐHBK,21.0052,105.8418,2025-06-17,0,,,,,,0,,,,,,5,7.134096085792407e-05,0.00018117818399332464,-0.00013780442532151937,0.00032129031023941934,0.0001555116759845987,156,-1.4480823278427124,0.31249719858169556,-2.190528631210327,-1.0136334896087646,-1.4081778526306152,0,,,,,,,,,,,,,,,
4946813,Số 1 đường Giải Phóng - phường Bạch Mai - ĐHBK,21.0052,105.8418,2025-06-18,66,3.553331771399826e-05,1.8455413737683557e-05,4.298665317037376e-06,6.641482468694448e-05,2.6836105462280102e-05,0,,,,,,140,7.219312101369724e-05,0.00029438058845698833,-0.00044926279224455357,0.0011127401376143098,1.2474135473894421e-05,156,0.5739259123802185,0.30957213044166565,0.034934960305690765,1.2317464351654053,0.5283970236778259,0,,,,,,,,,,,,,,,
4946813,Số 1 đường Giải Phóng - phường Bạch Mai - ĐHBK,21.0052,105.8418,2025-06-19,12,2.670230605872348e-05,1.1559898666746449e-05,5.086068995296955e-06,4.378075391286984e-05,2.773012238321826e-05,0,,,,,,40,-8.896473445929587e-05,0.00025724212173372507,-0.0006847096956335008,0.0005350005812942982,-2.5614539481466636e-05,156,-0.20655876398086548,0.14902998507022858,-0.5281474590301514,0.5149763226509094,-0.20745520293712616,0,,,,,,,,,,,,,,,
4946813,Số 1 đường Giải Phóng - phường Bạch Mai - ĐHBK,21.0052,105.8418,2025-06-20,0,,,,,,7,0.029583528637886047,0.002839459804818034,0.026206906884908676,0.03317971155047417,0.029456188902258873,3,-0.00017793969891499728,0.00042785078403539956,-0.0004804758937098086,0.0004271326761227101,-0.0004804758937098086,156,-1.0461355447769165,0.21243345737457275,-1.6426540613174438,-0.38662561774253845,-1.080073595046997,0,,,,,,,,,,,,,,,
4946813,Số 1 đường Giải Phóng - phường Bạch Mai - ĐHBK,21.0052,105.8418,2025-06-21,0,,,,,,0,,,,,,0,,,,,,156,-0.9314878582954407,0.5088515877723694,-2.080759286880493,-0.24419648945331573,-0.7911298274993896,45954,0.061370473355054855,0.00788840837776661,0.03387332335114479,0.10323560237884521,0.060773398727178574,-0.3022019565105438,0.022405924275517464,-0.3599224388599396,-0.23163984715938568,-0.3049882650375366,-0.051742926239967346,0.00616536196321249,-0.08941404521465302,-0.03228406980633736,-0.051328979432582855
4946813,Số 1 đường Giải Phóng - phường Bạch Mai - ĐHBK,21.0052,105.8418,2025-06-22,0,,,,,,0,,,,,,0,,,,,,156,-1.2676748037338257,0.12159233540296555,-1.5897557735443115,-1.0109630823135376,-1.2619843482971191,0,,,,,,,,,,,,,,,
4946813,Số 1 đường Giải Phóng - phường Bạch Mai - ĐHBK,21.0052,105.8418,2025-06-23,4,4.816953878616914e-05,3.2188747809414053e-06,4.281613291823305e-05,5.071583291282877e-05,4.957309283781797e-05,0,,,,,,40,-8.938767859945074e-05,0.0004249274206813425,-0.0008202141616493464,0.0008751833811402321,-8.828191494103521e-05,156,0.6770143508911133,0.2681100368499756,-0.2557305693626404,1.5567331314086914,0.6271876096725464,0,,,,,,,,,,,,,,,
4946813,Số 1 đường Giải Phóng - phường Bạch Mai - ĐHBK,21.0052,105.8418,2025-06-24,3,5.356995461625047e-05,9.688165846455377e-06,4.36561276728753e-05,6.671697337878868e-05,5.033675552112982e-05,36,0.030777566134929657,0.0025211479514837265,0.026095913723111153,0.03469732776284218,0.031298186630010605,27,-3.902505341102369e-05,0.0001564547565067187,-0.0003279621887486428,0.00045703453361056745,-6.350836338242516e-05,156,0.07382847368717194,0.40361136198043823,-1.139297366142273,1.254868507385254,0.043433044105768204,0,,,,,,,,,,,,,,,
4946813,Số 1 đường Giải Phóng - phường Bạch Mai - ĐHBK,21.0052,105.8418,2025-06-25,110,4.899170744465664e-05,1.8167229427490383e-05,1.693887315923348e-05,0.0001751089293975383,4.6787699830019847e-05,97,0.03405147045850754,0.0027977796271443367,0.025084732100367546,0.03903767094016075,0.03396138548851013,124,1.8070331861963496e-05,0.0001137280123657547,-0.00026667496422305703,0.00044283957686275244,1.4526688573823776e-05,156,-0.6667006015777588,0.2722013592720032,-1.252221941947937,0.13373799622058868,-0.6777834892272949,0,,,,,,,,,,,,,,,
4946813,Số 1 đường Giải Phóng - phường Bạch Mai - ĐHBK,21.0052,105.8418,2025-06-26,31,4.903608714812435e-05,1.558483018015977e-05,2.1638721591443755e-05,8.806095866020769e-05,5.168004281586036e-05,93,0.029439155012369156,0.0033627906814217567,0.023102492094039917,0.03649565204977989,0.029141349717974663,114,-1.1786270079028327e-05,0.00011031926260329783,-0.0003361147246323526,0.00020245385530870408,-1.3400291209109128e-05,156,-1.5743098258972168,0.3413603603839874,-2.432431936264038,-0.05494144558906555,-1.6263973712921143,45954,-0.04943859949707985,0.10399432480335236,-0.578937828540802,0.5987152457237244,-0.0677594318985939,-0.021779874339699745,0.17827850580215454,-0.5264445543289185,0.6281020641326904,-0.06303158402442932,0.06432966887950897,0.10988380759954453,-0.5388087630271912,0.5775482058525085,0.10053578019142151
4946813,Số 1 đường Giải Phóng - phường Bạch Mai - ĐHBK,21.0052,105.8418,2025-06-27,0,,,,,,0,,,,,,0,,,,,,156,-1.2079962491989136,0.3188028931617737,-2.4474563598632812,-0.6232382655143738,-1.1654601097106934,0,,,,,,,,,,,,,,,
4946813,Số 1 đường Giải Phóng - phường Bạch Mai - ĐHBK,21.0052,105.8418,2025-06-28,0,,,,,,0,,,,,,0,,,,,,152,-1.4286763668060303,0.32255789637565613,-2.4034976959228516,-0.9097163677215576,-1.4090855121612549,0,,,,,,,,,,,,,,,
4946813,Số 1 đường Giải Phóng - phường Bạch Mai - ĐHBK,21.0052,105.8418,2025-06-29,1,0.00010025121446233243,0.0,0.00010025121446233243,0.00010025121446233243,0.00010025121446233243,3,0.027151474729180336,0.0,0.027151474729180336,0.027151474729180336,0.027151474729180336,25,-1.6644336938043125e-05,0.0001571276952745393,-0.0003744641144294292,0.00024994678096845746,3.711256795213558e-05,156,0.10474376380443573,0.2885298430919647,-1.1395479440689087,0.6770850419998169,0.08784597367048264,0,,,,,,,,,,,,,,,
4946813,Số 1 đường Giải Phóng - phường Bạch Mai - ĐHBK,21.0052,105.8418,2025-06-30,21,9.057164425030351e-05,3.616306639742106e-05,3.911797466571443e-05,0.00015725700359325856,9.274120384361595e-05,3,0.029500221833586693,0.0026646421756595373,0.02761603333055973,0.03326859325170517,0.02761603333055973,83,-6.235986074898392e-05,0.0001687588810455054,-0.000512440106831491,0.00035415703314356506,-4.181705298833549e-05,156,-0.38961702585220337,0.21568726003170013,-0.8776108622550964,0.19331014156341553,-0.4086189568042755,0,,,,,,,,,,,,,,,
4946813,Số 1 đường Giải Phóng - phường Bạch Mai - ĐHBK,21.0052,105.8418,2025-07-01,0,,,,,,53,0.032398343086242676,0.0019822902977466583,0.02752925455570221,0.03630002588033676,0.03220570832490921,2,3.545134313753806e-05,8.580092980992049e-05,-5.0349590310361236e-05,0.00012125227658543736,3.545134313753806e-05,156,-1.4019192457199097,0.26301562786102295,-1.9853503704071045,-0.7360605597496033,-1.4232368469238281,45954,-0.0004509106802288443,0.00261203246191144,-0.010590006597340107,0.010216332972049713,-0.0003003953897859901,-0.6140271425247192,0.011232388205826283,-0.6490604877471924,-0.5868860483169556,-0.6136453151702881,-0.001447224640287459,0.00253115501254797,-0.011275925673544407,0.008125185035169125,-0.0014974339865148067
4946813,Số 1 đường Giải Phóng - phường Bạch Mai - ĐHBK,21.0052,105.8418,2025-07-02,0,,,,,,0,,,,,,0,,,,,,156,-1.451221227645874,0.22424057126045227,-2.0241456031799316,-0.9591640830039978,-1.435156226158142,0,,,,,,,,,,,,,,,
4946813,Số 1 đường Giải Phóng - phường Bạch Mai - ĐHBK,21.0052,105.8418,2025-07-03,0,,,,,,0,,,,,,0,,,,,,156,-1.2019191980361938,0.19270935654640198,-1.7612742185592651,-0.9416584968566895,-1.1386926174163818,45954,-0.0011860487284138799,0.02688375487923622,-0.10702112317085266,0.16095994412899017,-0.002574996557086706,-0.6835652589797974,0.03568550944328308,-0.8229951858520508,-0.5829564929008484,-0.6826202869415283,0.022877175360918045,0.013139715418219566,-0.08458642661571503,0.10493826121091843,0.023483693599700928
4946813,Số 1 đường Giải Phóng - phường Bạch Mai - ĐHBK,21.0052,105.8418,2025-07-04,13,4.394044663058594e-05,1.4370979442901444e-05,1.9259541659266688e-05,6.656240293523297e-05,4.201120827929117e-05,19,0.026782169938087463,0.0017022540559992194,0.024542326107621193,0.028710031881928444,0.02601112611591816,72,-3.8739181036362424e-05,0.00011267667287029326,-0.000326022767694667,0.0002698175667319447,-3.9117352571338415e-05,156,0.2504108250141144,0.2804129123687744,-0.6934289336204529,0.8727063536643982,0.3287962079048157,0,,,,,,,,,,,,,,,
4946813,Số 1 đường Giải Phóng - phường Bạch Mai - ĐHBK,21.0052,105.8418,2025-07-05,98,3.931482569896616e-05,1.1641191122180317e-05,1.7548052710480988e-05,7.440413173753768e-05,3.8831323763588443e-05,152,0.030870236456394196,0.0021569188684225082,0.02533239684998989,0.035808417946100235,0.030764589086174965,130,3.238354338463978e-06,0.00012385162699501961,-0.00027881620917469263,0.0002738248440437019,1.322756907029543e-05,156,-0.8488282561302185,0.5863078832626343,-1.5734517574310303,2.2861716747283936,-1.0067070722579956,0,,,,,,,,,,,,,,,
4946813,Số 1 đường Giải Phóng - phường Bạch Mai - ĐHBK,21.0052,105.8418,2025-07-06,3,4.192913183942437e-05,6.657615358562907e-06,3.291665416327305e-05,4.879486368736252e-05,4.4075874029658735e-05,12,0.028439441695809364,0.0032433681190013885,0.021948959678411484,0.03313148766756058,0.02857378125190735,15,-1.8854507288779132e-05,0.00011183715832885355,-0.00024051062064245343,0.00021291052689775825,-7.0194428190006875e-06,156,-0.8793972730636597,0.3851853311061859,-1.6261690855026245,0.27846038341522217,-0.9043753147125244,45954,-0.0808945745229721,0.004576134029775858,-0.1027541309595108,-0.05652401223778725,-0.0809684619307518,-0.46334585547447205,0.01218337845057249,-0.5132867693901062,-0.4261705279350281,-0.462460458278656,0.15192432701587677,0.003348958445712924,0.13688495755195618,0.16780205070972443,0.15199251472949982
4946813,Số 1 đường Giải Phóng - phường Bạch Mai - ĐHBK,21.0052,105.8418,2025-07-07,82,5.352720108930953e-05,1.63214481290197e-05,2.6646588594303466e-05,9.730398596730083e-05,4.89310004923027e-05,141,0.031910862773656845,0.004690499976277351,0.020762918516993523,0.04584499076008797,0.0318954735994339,125,1.2174419680377468e-05,0.00012043917377013713,-0.00030645972583442926,0.00036381109384819865,4.124073598177347e-07,156,-1.4120712280273438,0.6027573347091675,-2.4250762462615967,0.9715701937675476,-1.4961071014404297,0,,,,,,,,,,,,,,,
4946813,Số 1 đường Giải Phóng - phường Bạch Mai - ĐHBK,21.0052,105.8418,2025-07-08,26,5.8468976931180805e-05,8.876168067217804e-06,4.138675285503268e-05,7.110577280400321e-05,6.224153185030445e-05,54,0.03306194394826889,0.0014906598953530192,0.02941625565290451,0.03642454743385315,0.032970938831567764,134,-1.3037807548244018e-05,0.000146195525303483,-0.00047649990301579237,0.00039449369069188833,-9.483612302574329e-06,156,-1.8498691320419312,0.26741155982017517,-2.4123709201812744,-0.9683406352996826,-1.9242887496948242,0,,,,,,,,,,,,,,,
4946813,Số 1 đường Giải Phóng - phường Bạch Mai - ĐHBK,21.0052,105.8418,2025-07-09,109,4.324848123360425e-05,1.0482103789399844e-05,1.5704334145993926e-05,7.408981036860496e-05,4.365004861028865e-05,107,0.030780600383877754,0.002464422257617116,0.02684333547949791,0.036651499569416046,0.03082425892353058,150,3.5898345231544226e-05,0.0002510438789613545,-0.0005004554986953735,0.000978007446974516,3.347911479067989e-05,156,0.6753444075584412,0.402189165353775,-0.07213069498538971,1.735152006149292,0.5940054059028625,0,,,,,,,,,,,,,,,
4946813,Số 1 đường Giải Phóng - phường Bạch Mai - ĐHBK,21.0052,105.8418,2025-07-10,124,5.3859919717069715e-05,1.3200222383602522e-05,3.163982182741165e-05,8.483330748276785e-05,5.353226879378781e-05,57,0.034573961049318314,0.003792950650677085,0.0290342066437006,0.0408966951072216,0.03323517367243767,156,-9.361558113596402e-06,0.00012646977847907692,-0.00035675440449267626,0.0003583283687476069,-1.772634277585894e-05,156,0.02676752209663391,0.19212181866168976,-0.39502808451652527,0.4460533857345581,0.02521665021777153,0,,,,,,,,,,,,,,,
4946813,Số 1 đường Giải Phóng - phường Bạch Mai - ĐHBK,21.0052,105.8418,2025-07-11,3,4.295483813621104e-05,1.9512433482304914e-06,4.019536208943464e-05,4.4334574340609834e-05,4.4334574340609834e-05,12,0.038103219121694565,0.001251098932698369,0.035932451486587524,0.03955933451652527,0.03851193189620972,22,-1.770692142599728e-05,0.0001212576826219447,-0.00023432608577422798,0.00018435098172631115,-1.066295135387918e-05,156,-0.9282881617546082,0.3676914870738983,-1.5514723062515259,0.1509874165058136,-1.027137041091919,45954,0.0025476610753685236,0.005678752902895212,-0.016042768955230713,0.028118832036852837,0.0020104574505239725,-0.15791144967079163,0.01111013162881136,-0.21096202731132507,-0.13065622746944427,-0.15474852919578552,-0.015366340056061745,0.0051361373625695705,-0.03459241986274719,0.00043608457781374454,-0.015088011510670185
4946813,Số 1 đường Giải Phóng - phường Bạch Mai - ĐHBK,21.0052,105.8418,2025-07-12,16,2.9437993362080306e-05,5.867923391633667e-06,1.9762392184929922e-05,4.514442480285652e-05,2.902408414229285e-05,130,0.038265809416770935,0.0028399561997503042,0.03238373622298241,0.049597159028053284,0.03834977746009827,0,,,,,,156,-1.270815134048462,0.5378662347793579,-2.8301682472229004,-0.17750012874603271,-1.1894023418426514,0,,,,,,,,,,,,,,,
4946813,Số 1 đường Giải Phóng - phường Bạch Mai - ĐHBK,21.0052,105.8418,2025-07-13,25,3.927386933355592e-05,1.0504598321858793e-05,2.316503923793789e-05,5.4054609790910035e-05,4.2728090193122625e-05,71,0.03431812673807144,0.0022015694994479418,0.029872052371501923,0.03859426826238632,0.03449342027306557,100,-1.041029918269487e-06,0.00010009013931266963,-0.0002478840760886669,0.0003104925563093275,1.8337708752369508e-05,156,-1.78083336353302,0.41215166449546814,-2.801708698272705,-0.7065058350563049,-1.813481092453003,0,,,,,,,,,,,,,,,
4946813,Số 1 đường Giải Phóng - phường Bạch Mai - ĐHBK,21.0052,105.8418,2025-07-14,0,,,,,,0,,,,,,0,,,,,,151,-1.6190918684005737,0.18709659576416016,-2.2115516662597656,-1.1053287982940674,-1.5988553762435913,0,,,,,,,,,,,,,,,
4946813,Số 1 đường Giải Phóng - phường Bạch Mai - ĐHBK,21.0052,105.8418,2025-07-15,8,5.407466596807353e-05,1.1612606613198295e-05,4.045731111546047e-05,6.954447599127889e-05,5.66974667890463e-05,37,0.033859312534332275,0.0010633100755512714,0.03179534897208214,0.03548897057771683,0.033981803804636,64,8.808011625660583e-05,0.00017821173241827637,-0.00035423997906036675,0.0004209160979371518,0.00012794433860108256,156,0.25181668996810913,0.4166472852230072,-0.45241865515708923,1.821532964706421,0.26601457595825195,0,,,,,,,,,,,,,,,
4946813,Số 1 đường Giải Phóng - phường Bạch Mai - ĐHBK,21.0052,105.8418,2025-07-16,1,9.319882519776002e-05,0.0,9.319882519776002e-05,9.319882519776002e-05,9.319882519776002e-05,0,,,,,,25,1.2860774404543918e-05,0.00018134369747713208,-0.0005266079679131508,0.00035815767478197813,8.550931852369104e-06,156,-0.6315327882766724,0.1956249624490738,-1.0034369230270386,-0.15700635313987732,-0.652660071849823,45954,0.05405659228563309,0.005569491535425186,0.027777748182415962,0.07756805419921875,0.053976066410541534,-0.4294512867927551,0.015313522890210152,-0.4760858416557312,-0.38883912563323975,-0.4274962246417999,-0.034422606229782104,0.004856334067881107,-0.05639722943305969,-0.015699658542871475,-0.03450918197631836
4946813,Số 1 đường Giải Phóng - phường Bạch Mai - ĐHBK,21.0052,105.8418,2025-07-17,89,4.3860007281182334e-05,1.4981334970798343e-05,1.508882542111678e-05,9.000486170407385e-05,4.1754803532967344e-05,145,0.03129177913069725,0.0029522317927330732,0.02237708307802677,0.03799714148044586,0.031022844836115837,119,4.099204033991555e-06,0.00010261689021717757,-0.0003504017076920718,0.00028208945877850056,1.4177802768244874e-05,156,-0.9502012729644775,0.4251302182674408,-1.9133588075637817,0.5630205869674683,-0.9321869015693665,0,,,,,,,,,,,,,,,
4946813,Số 1 đường Giải Phóng - phường Bạch Mai - ĐHBK,21.0052,105.8418,2025-07-18,51,3.845613537123427e-05,1.212430652230978e-05,1.2142247214796953e-05,6.990735710132867e-05,3.7209916627034545e-05,121,0.03328891098499298,0.0032862573862075806,0.026735469698905945,0.04170279949903488,0.03330836445093155,154,2.9937862677797966e-07,9.4991410151124e-05,-0.00018335363711230457,0.0002864476991817355,-7.35366256776615e-08,156,-1.6905118227005005,0.22643938660621643,-2.2106542587280273,-1.1207371950149536,-1.716179370880127,0,,,,,,,,,,,,,,,
4946813,Số 1 đường Giải Phóng - phường Bạch Mai - ĐHBK,21.0052,105.8418,2025-07-19,0,,,,,,0,,,,,,144,5.951416460447945e-05,0.00014002872921992093,-0.00020575785310938954,0.00040901885950006545,5.1212988182669505e-05,156,-1.5617389678955078,0.16428561508655548,-1.8796950578689575,-0.9991410970687866,-1.5834691524505615,0,,,,,,,,,,,,,,,
4946813,Số 1 đường Giải Phóng - phường Bạch Mai - ĐHBK,21.0052,105.8418,2025-07-20,0,,,,,,0,,,,,,0,,,,,,156,0.10883308947086334,0.2021941840648651,-0.6090638041496277,0.48580777645111084,0.12201495468616486,0,,,,,,,,,,,,,,,
4946813,Số 1 đường Giải Phóng - phường Bạch Mai - ĐHBK,21.0052,105.8418,2025-07-21,0,,,,,,0,,,,,,0,,,,,,156,-0.12930460274219513,0.06468550860881805,-0.2648722529411316,0.10688679665327072,-0.13781607151031494,45954,0.013755342923104763,0.0020593227818608284,0.0047169881872832775,0.0224667489528656,0.01376145426183939,-0.7295830249786377,0.005032614339143038,-0.7458441853523254,-0.7094536423683167,-0.7297290563583374,-0.020603299140930176,0.0019004130735993385,-0.028258875012397766,-0.01218915730714798,-0.020579969510436058
4946813,Số 1 đường Giải Phóng - phường Bạch Mai - ĐHBK,21.0052,105.8418,2025-07-22,0,,,,,,53,0.036502376198768616,0.002136773895472288,0.03119688108563423,0.041853636503219604,0.03596148267388344,0,,,,,,156,-0.7009554505348206,0.6673597097396851,-2.438538074493408,0.6639561057090759,-0.68305504322052,0,,,,,,,,,,,,,,,
4946813,Số 1 đường Giải Phóng - phường Bạch Mai - ĐHBK,21.0052,105.8418,2025-07-23,10,4.081211955053732e-05,2.070384653052315e-05,1.2796250302926637e-05,8.170749060809612e-05,3.8371814298443496e-05,100,0.03212110698223114,0.003671848215162754,0.023708287626504898,0.03973148390650749,0.03274156153202057,35,-5.9957350458716974e-05,0.00010573667532298714,-0.00030300364596769214,0.0001817509182728827,-7.59248505346477e-05,156,-1.548905611038208,1.0419749021530151,-3.4790680408477783,0.9013069868087769,-1.6264986991882324,45954,-0.04237764701247215,0.007284111343324184,-0.08817379176616669,0.0007610471802763641,-0.04291699454188347,-0.23179422318935394,0.0220418069511652,-0.34471413493156433,-0.15917840600013733,-0.23403748869895935,0.07961425930261612,0.006371928378939629,0.051568612456321716,0.1137286126613617,0.08007559180259705
4946813,Số 1 đường Giải Phóng - phường Bạch Mai - ĐHBK,21.0052,105.8418,2025-07-24,0,,,,,,13,0.030553119257092476,0.0005201782332733274,0.02921195887029171,0.030934277921915054,0.030747514218091965,46,-3.0036135285627097e-05,0.00014012615429237485,-0.0002587027847766876,0.00017008610302582383,-5.750278887717286e-06,156,-2.0640203952789307,0.6007031798362732,-3.263392210006714,-0.7138473987579346,-2.0600650310516357,0,,,,,,,,,,,,,,,
4946813,Số 1 đường Giải Phóng - phường Bạch Mai - ĐHBK,21.0052,105.8418,2025-07-25,0,,,,,,0,,,,,,2,-0.00023607489129062742,0.0,-0.00023607489129062742,-0.00023607489129062742,-0.00023607489129062742,156,0.38322359323501587,0.19731096923351288,0.05786816403269768,0.920649528503418,0.30373698472976685,0,,,,,,,,,,,,,,,
4946813,Số 1 đường Giải Phóng - phường Bạch Mai - ĐHBK,21.0052,105.8418,2025-07-26,91,4.1975359636126086e-05,1.156860435003182e-05,1.604294084245339e-05,6.566676893271506e-05,4.040400017402135e-05,156,0.033279139548540115,0.0028835758566856384,0.026087433099746704,0.040189240127801895,0.03289799392223358,130,8.636331585876178e-06,9.250210860045627e-05,-0.00022612971952185035,0.00021113389811944216,6.480964657384902e-06,156,-0.7835843563079834,0.4563858211040497,-1.491792917251587,0.8744512796401978,-0.8871514797210693,45954,-0.04320768639445305,0.036611709743738174,-0.42122694849967957,0.3482791781425476,-0.044969815760850906,-0.02452063001692295,0.04297606274485588,-0.419678270816803,0.4058137834072113,-0.028515852987766266,0.0776931643486023,0.018280982971191406,-0.10638270527124405,0.2932188808917999,0.07843128591775894
4946813,Số 1 đường Giải Phóng - phường Bạch Mai - ĐHBK,21.0052,105.8418,2025-07-27,130,3.752726479433477e-05,1.0826060133695137e-05,7.422857379424386e-06,6.280013622017577e-05,3.724438283825293e-05,153,0.03329237923026085,0.00239582359790802,0.027913285419344902,0.038143087178468704,0.03307247906923294,153,4.126847130692113e-08,8.026796422200277e-05,-0.00019956375763285905,0.00019453141430858523,8.978282494354062e-06,156,-1.0759241580963135,0.2927895784378052,-1.8690800666809082,-0.19399622082710266,-1.0636582374572754,0,,,,,,,,,,,,,,,
4946813,Số 1 đường Giải Phóng - phường Bạch Mai - ĐHBK,21.0052,105.8418,2025-07-28,116,4.182912743999623e-05,1.2659188541874755e-05,2.0695957573479973e-05,8.093677752185613e-05,4.0991391870193183e-05,154,0.03665629401803017,0.00308113731443882,0.025639550760388374,0.04405772313475609,0.03668920323252678,146,2.01790826395154e-05,0.00012219740892760456,-0.0002737151808105409,0.00034000733285211027,3.1159936042968184e-05,156,-1.3165463209152222,0.28239649534225464,-1.9255861043930054,-0.4217644929885864,-1.3697350025177002,0,,,,,,,,,,,,,,,
4946813,Số 1 đường Giải Phóng - phường Bạch Mai - ĐHBK,21.0052,105.8418,2025-07-29,130,5.987401891616173e-05,1.770096605469007e-05,2.528490404074546e-05,0.00010632309567881748,5.8493980759521946e-05,68,0.03956233337521553,0.0030311185400933027,0.03488132730126381,0.04529119282960892,0.038360290229320526,156,4.313956196710933e-06,0.00013880578626412898,-0.0002647167711984366,0.0003279463853687048,2.0824365492444485e-05,156,-1.7285573482513428,0.2551577389240265,-2.237484931945801,-1.147865653038025,-1.7326381206512451,0,,,,,,,,,,,,,,,
4946813,Số 1 đường Giải Phóng - phường Bạch Mai - ĐHBK,21.0052,105.8418,2025-07-30,0,,,,,,0,,,,,,131,6.721005047438666e-05,0.00020075590873602778,-0.0005695392610505223,0.0005402351962402463,6.843870505690575e-05,150,-1.3580394983291626,0.14097271859645844,-1.7496776580810547,-1.074902892112732,-1.33830988407135,0,,,,,,,,,,,,,,,
4946813,Số 1 đường Giải Phóng - phường Bạch Mai - ĐHBK,21.0052,105.8418,2025-07-31,128,5.561549187405035e-05,1.4255638234317303e-05,2.9580300179077312e-05,8.405301923630759e-05,5.6202083214884624e-05,41,0.037063077092170715,0.0013254893710836768,0.0351385623216629,0.040081195533275604,0.036924563348293304,153,-2.4633527573314495e-05,0.00010978971113217995,-0.00032354690483771265,0.00016541383229196072,-2.009856871154625e-05,156,0.09952070564031601,0.2610734701156616,-0.33806782960891724,0.5802007913589478,0.08398304134607315,45954,0.12436112761497498,0.019427772611379623,0.06527725607156754,0.2102755904197693,0.11955752223730087,-0.2539476454257965,0.03185891732573509,-0.35397544503211975,-0.13548363745212555,-0.2524572014808655,-0.1047540009021759,0.01750202849507332,-0.1813056617975235,-0.040609098970890045,-0.10193989425897598
4946813,Số 1 đường Giải Phóng - phường Bạch Mai - ĐHBK,21.0052,105.8418,2025-08-01,88,4.376354263513349e-05,1.519941542937886e-05,1.81592859007651e-05,7.845689106034115e-05,4.012931458419189e-05,74,0.036871034651994705,0.002266894094645977,0.032562367618083954,0.04327213764190674,0.03625614941120148,132,-6.85805207467638e-05,0.00016578860231675208,-0.0004469219711609185,0.0003819654812105,-6.758874224033207e-05,156,-0.7451878786087036,0.3596065044403076,-1.6162259578704834,0.9734361171722412,-0.8180789947509766,0,,,,,,,,,,,,,,,
4946813,Số 1 đường Giải Phóng - phường Bạch Mai - ĐHBK,21.0052,105.8418,2025-08-02,124,4.5826298446627334e-05,1.542081190564204e-05,1.6008434613468125e-05,0.00012300521484576166,4.4532964238896966e-05,154,0.04041556268930435,0.004005864728242159,0.032166145741939545,0.05575299635529518,0.0394938588142395,154,-2.5363881377415964e-06,0.00011854361946461722,-0.00043948349775746465,0.0002707879466470331,4.405921572470106e-06,156,-1.1500998735427856,0.25832897424697876,-1.7165685892105103,-0.14564953744411469,-1.1621239185333252,0,,,,,,,,,,,,,,,
4946813,Số 1 đường Giải Phóng - phường Bạch Mai - ĐHBK,21.0052,105.8418,2025-08-03,139,3.504094638628885e-05,1.1933620953641366e-05,4.982907171324769e-07,7.381986506516114e-05,3.3111726224888116e-05,120,0.035844650119543076,0.003382762661203742,0.02799791470170021,0.04554147273302078,0.03535458445549011,155,2.4287101041409187e-05,0.00013142572424840182,-0.0003166277310810983,0.0005425995914265513,3.091382313868962e-05,156,-1.137229323387146,0.2563384771347046,-1.6939036846160889,-0.2984052300453186,-1.117568016052246,0,,,,,,,,,,,,,,,
4946813,Số 1 đường Giải Phóng - phường Bạch Mai - ĐHBK,21.0052,105.8418,2025-08-04,156,4.349741357145831e-05,1.1838533282571007e-05,2.606714224384632e-05,7.045506208669394e-05,4.076984623679891e-05,4,0.03813982754945755,0.0012051034718751907,0.03693472594022751,0.03934493288397789,0.03813982754945755,156,8.038846317504067e-06,0.00015081978926900774,-0.0005295288283377886,0.0005432438920252025,2.6740322937257588e-05,156,-0.36468076705932617,0.09429872035980225,-0.6701624393463135,-0.17562676966190338,-0.36180150508880615,0,,,,,,,,,,,,,,,
4946813,Số 1 đường Giải Phóng - phường Bạch Mai - ĐHBK,21.0052,105.8418,2025-08-05,0,,,,,,0,,,,,,0,,,,,,156,0.4729722738265991,0.16641949117183685,0.024942079558968544,0.8432034850120544,0.47051218152046204,45954,0.08951393514871597,0.011285527609288692,0.04919419065117836,0.13959750533103943,0.08849547058343887,-0.21993303298950195,0.016308821737766266,-0.2819419205188751,-0.1720334142446518,-0.21725036203861237,-0.07884243130683899,0.00796489417552948,-0.11820310354232788,-0.04639793932437897,-0.07828271389007568
4946813,Số 1 đường Giải Phóng - phường Bạch Mai - ĐHBK,21.0052,105.8418,2025-08-06,0,,,,,,0,,,,,,0,,,,,,156,-0.546893298625946,0.1444326788187027,-0.9480997323989868,-0.24969208240509033,-0.5159496068954468,0,,,,,,,,,,,,,,,
4946813,Số 1 đường Giải Phóng - phường Bạch Mai - ĐHBK,21.0052,105.8418,2025-08-07,1,9.2059257440269e-05,0.0,9.2059257440269e-05,9.2059257440269e-05,9.2059257440269e-05,0,,,,,,3,0.00013861953630112112,9.171679266728461e-05,8.912414159567561e-06,0.00020347310055512935,0.00020347310055512935,156,-1.0993210077285767,0.36428016424179077,-1.8282437324523926,-0.370353639125824,-1.1677312850952148,0,,,,,,,,,,,,,,,
4946813,Số 1 đường Giải Phóng - phường Bạch Mai - ĐHBK,21.0052,105.8418,2025-08-08,90,4.046071626362391e-05,2.3506492652813904e-05,1.0508855666557793e-05,0.00013868256064597517,3.6893878132104874e-05,123,0.028436951339244843,0.0035833087749779224,0.017501691356301308,0.035246748477220535,0.028827056288719177,112,4.1710456571308896e-05,0.0001584851706866175,-0.0003679648507386446,0.00035873911110684276,5.7149740314343944e-05,156,-1.6550852060317993,0.4240998923778534,-2.5342559814453125,-0.43131574988365173,-1.593775987625122,0,,,,,,,,,,,,,,,
4946813,Số 1 đường Giải Phóng - phường Bạch Mai - ĐHBK,21.0052,105.8418,2025-08-09,122,4.083313251612708e-05,1.26136064864113e-05,1.738477840262931e-05,7.155894854804501e-05,4.075844481121749e-05,150,0.032457225024700165,0.0022009031381458044,0.026102999225258827,0.03845299780368805,0.03273796662688255,156,2.7864138246513903e-05,0.00013779258006252348,-0.0003176226746290922,0.0003490558883640915,2.9114486096659675e-05,156,-1.3450855016708374,0.27738356590270996,-2.1046783924102783,-0.8261715173721313,-1.314012885093689,0,,,,,,,,,,,,,,,
4946813,Số 1 đường Giải Phóng - phường Bạch Mai - ĐHBK,21.0052,105.8418,2025-08-10,0,,,,,,0,,,,,,0,,,,,,156,0.06818664073944092,0.17508703470230103,-0.25967568159103394,0.7283431887626648,0.035992201417684555,0,,,,,,,,,,,,,,,
4946813,Số 1 đường Giải Phóng - phường Bạch Mai - ĐHBK,21.0052,105.8418,2025-08-11,83,6.135557487141341e-05,2.0983377908123657e-05,2.687014057300985e-05,0.0001100011431844905,5.918801616644487e-05,123,0.03643446043133736,0.002713490277528763,0.030406584963202477,0.04138130694627762,0.036938127130270004,110,3.187621769029647e-05,0.00012494689144659787,-0.00031222894904203713,0.00039394013583660126,4.079049904248677e-05,156,-0.2479831725358963,0.41221243143081665,-1.0123616456985474,1.1073650121688843,-0.28141385316848755,0,,,,,,,,,,,,,,,
4946813,Số 1 đường Giải Phóng - phường Bạch Mai - ĐHBK,21.0052,105.8418,2025-08-12,119,5.580916695180349e-05,2.7375932404538617e-05,2.151577064068988e-05,0.00016900621994864196,4.597173028741963e-05,151,0.0349007211625576,0.002536776941269636,0.02824775129556656,0.04037712514400482,0.03498405963182449,123,6.171145287225954e-06,9.594393486622721e-05,-0.0002564379828982055,0.0002894993231166154,-1.2378293831716292e-05,156,-0.8185014128684998,0.490961492061615,-1.5463435649871826,0.7954808473587036,-0.8751649856567383,45954,0.11320288479328156,0.16791264712810516,-0.4851289689540863,0.8205809593200684,0.07897522300481796,0.08943069726228714,0.14141835272312164,-0.5656197667121887,0.6391519904136658,0.088536337018013,-0.13019543886184692,0.16553865373134613,-0.7188290357589722,0.6342768669128418,-0.12125417590141296
4946813,Số 1 đường Giải Phóng - phường Bạch Mai - ĐHBK,21.0052,105.8418,2025-08-13,78,6.318377563729882e-05,1.939577668963466e-05,3.731247124960646e-05,0.00014744589861948043,5.9995465562678874e-05,92,0.035892304033041,0.008230151608586311,0.01579565368592739,0.09027218073606491,0.03625211864709854,105,2.3839176719775423e-05,8.230136154452339e-05,-0.0001703956222627312,0.00037347114994190633,1.44162031574524e-05,156,-0.4297627806663513,1.141843318939209,-2.032302141189575,3.437464475631714,-0.7756414413452148,0,,,,,,,,,,,,,,,
4946813,Số 1 đường Giải Phóng - phường Bạch Mai - ĐHBK,21.0052,105.8418,2025-08-14,0,,,,,,0,,,,,,4,-4.051567884744145e-05,0.00014466274296864867,-0.00026902466197498143,0.00012657702609430999,-9.80754066404188e-06,156,-1.6598412990570068,0.49696576595306396,-2.5211267471313477,-0.5680809617042542,-1.6779060363769531,0,,,,,,,,,,,,,,,
4946813,Số 1 đường Giải Phóng - phường Bạch Mai - ĐHBK,21.0052,105.8418,2025-08-15,0,,,,,,0,,,,,,0,,,,,,156,-1.4973827600479126,0.22770445048809052,-1.9297603368759155,-0.92821204662323,-1.4868850708007812,45954,-0.0047298697754740715,0.005484319292008877,-0.03098106198012829,0.02116626873612404,-0.004635464400053024,-0.3961341083049774,0.04115574434399605,-0.6046759486198425,-0.31119605898857117,-0.39320504665374756,0.008006078191101551,0.003896282287314534,-0.007352940272539854,0.031304340809583664,0.007633586879819632
4946813,Số 1 đường Giải Phóng - phường Bạch Mai - ĐHBK,21.0052,105.8418,2025-08-16,0,,,,,,23,0.02769470028579235,0.0013699544360861182,0.025318726897239685,0.02948637865483761,0.027390433475375175,7,-6.316938652162207e-06,0.00010396628204034641,-0.0001154995770775713,0.00014078374078962952,1.638268940951093e-06,156,-0.02337905950844288,0.35108447074890137,-1.099656105041504,0.8030926585197449,0.06090869382023811,0,,,,,,,,,,,,,,,
4946813,Số 1 đường Giải Phóng - phường Bạch Mai - ĐHBK,21.0052,105.8418,2025-08-17,0,,,,,,0,,,,,,7,4.962388993590139e-05,0.0001304840116063133,-0.00010237696551484987,0.00032525460119359195,3.898641443811357e-05,156,-0.6326208710670471,0.10485684871673584,-0.7878988981246948,-0.032018955796957016,-0.6577051877975464,0,,,,,,,,,,,,,,,
4946813,Số 1 đường Giải Phóng - phường Bạch Mai - ĐHBK,21.0052,105.8418,2025-08-18,0,,,,,,0,,,,,,0,,,,,,156,-1.2438513040542603,0.39363619685173035,-1.7297524213790894,0.5221395492553711,-1.322086215019226,0,,,,,,,,,,,,,,,
4946813,Số 1 đường Giải Phóng - phường Bạch Mai - ĐHBK,21.0052,105.8418,2025-08-19,0,,,,,,0,,,,,,0,,,,,,156,-1.632541537284851,0.302574098110199,-2.3405003547668457,-1.0628235340118408,-1.5546393394470215,0,,,,,,,,,,,,,,,
4946813,Số 1 đường Giải Phóng - phường Bạch Mai - ĐHBK,21.0052,105.8418,2025-08-20,81,6.12334260949865e-05,2.6996927772415802e-05,2.004580346692819e-05,0.00010907512478297576,6.0523154388647527e-05,24,0.03085692971944809,0.0007612377521581948,0.029312614351511,0.031696971505880356,0.03100530430674553,143,3.210106115147937e-06,0.00012948170478921384,-0.0002847274881787598,0.0003743979032151401,1.8569113308330998e-05,156,-1.844521403312683,0.29618364572525024,-2.6489150524139404,-1.3635531663894653,-1.7637728452682495,45954,0.04997500404715538,0.0982670858502388,-0.1765083372592926,0.6213715672492981,0.02980276383459568,0.08865638077259064,0.07605275511741638,-0.289305716753006,0.3508055508136749,0.09351076185703278,-0.05327409505844116,0.09394608438014984,-0.5577762126922607,0.19458235800266266,-0.04166657105088234
4946813,Số 1 đường Giải Phóng - phường Bạch Mai - ĐHBK,21.0052,105.8418,2025-08-21,0,,,,,,0,,,,,,0,,,,,,156,0.480744868516922,0.06160470098257065,0.328589528799057,0.6075641512870789,0.47881895303726196,0,,,,,,,,,,,,,,,
4946813,Số 1 đường Giải Phóng - phường Bạch Mai - ĐHBK,21.0052,105.8418,2025-08-22,85,4.2532574298093095e-05,2.2301164790405892e-05,1.3979582035972271e-05,0.00010186906001763418,3.5329387173987925e-05,68,0.02912255935370922,0.0014834764879196882,0.02546108141541481,0.03235037624835968,0.029142912477254868,116,3.6728069972014055e-05,0.00014840210496913642,-0.000334457989083603,0.0004893880104646087,3.8617341488134116e-05,156,-0.40927553176879883,0.317962646484375,-1.2155014276504517,0.59701007604599,-0.3544495403766632,0,,,,,,,,,,,,,,,
4946813,Số 1 đường Giải Phóng - phường Bạch Mai - ĐHBK,21.0052,105.8418,2025-08-23,72,4.568513759295456e-05,1.9395589333726093e-05,1.8343354895478114e-05,0.00011623015598161146,4.066485053044744e-05,98,0.02796352095901966,0.0030411225743591785,0.022557508200407028,0.035923875868320465,0.027701545506715775,81,1.389171120536048e-05,0.00011458386870799586,-0.00030300061916932464,0.00027500942815095186,2.5813051252043806e-05,156,-0.8444151282310486,0.396528959274292,-1.6034075021743774,0.6292814016342163,-0.9135925769805908,0,,,,,,,,,,,,,,,
4946813,Số 1 đường Giải Phóng - phường Bạch Mai - ĐHBK,21.0052,105.8418,2025-08-24,1,1.1532163625815883e-05,0.0,1.1532163625815883e-05,1.1532163625815883e-05,1.1532163625815883e-05,19,0.028655244037508965,0.0026355714071542025,0.02494392916560173,0.03269016370177269,0.027887076139450073,10,2.114074959536083e-05,7.087470294209197e-05,-0.00014102572458796203,0.0001248647749889642,2.291008240717929e-05,156,-1.2061748504638672,0.9271907806396484,-3.7964766025543213,-0.26266247034072876,-0.7716383934020996,0,,,,,,,,,,,,,,,
4946813,Số 1 đường Giải Phóng - phường Bạch Mai - ĐHBK,21.0052,105.8418,2025-08-25,0,,,,,,0,,,,,,0,,,,,,156,-1.1701034307479858,0.1589164137840271,-1.5847793817520142,-0.9533704519271851,-1.1211261749267578,45954,0.029080811887979507,0.002617092337459326,0.01765746809542179,0.04059460386633873,0.029072938486933708,-0.4556675851345062,0.015846019610762596,-0.48643288016319275,-0.4125971496105194,-0.4573403596878052,-0.03236427903175354,0.0021523006726056337,-0.041142843663692474,-0.022988470271229744,-0.0323709137737751
4946813,Số 1 đường Giải Phóng - phường Bạch Mai - ĐHBK,21.0052,105.8418,2025-08-26,0,,,,,,0,,,,,,0,,,,,,156,0.17156299948692322,0.09491544961929321,-0.09871284663677216,0.3932833671569824,0.16470278799533844,0,,,,,,,,,,,,,,,
4946813,Số 1 đường Giải Phóng - phường Bạch Mai - ĐHBK,21.0052,105.8418,2025-08-27,0,,,,,,0,,,,,,2,2.102568578266073e-05,0.0,2.102568578266073e-05,2.102568578266073e-05,2.102568578266073e-05,156,-0.11304203420877457,0.1965513825416565,-0.7746990919113159,0.37849247455596924,-0.10664355754852295,0,,,,,,,,,,,,,,,
4946813,Số 1 đường Giải Phóng - phường Bạch Mai - ĐHBK,21.0052,105.8418,2025-08-28,84,6.0271388065302745e-05,1.8740096493274905e-05,2.9298696972546168e-05,0.00013551267329603434,5.518880789168179e-05,109,0.030898621305823326,0.0026635085232555866,0.024694418534636497,0.03551964461803436,0.0313422754406929,102,5.1738597903749906e-06,8.725572843104601e-05,-0.0001849087857408449,0.00031694569042883813,-1.2759847777488176e-05,156,-0.9103183150291443,0.5040181279182434,-1.8941153287887573,0.6165432333946228,-0.8709846138954163,0,,,,,,,,,,,,,,,
4946813,Số 1 đường Giải Phóng - phường Bạch Mai - ĐHBK,21.0052,105.8418,2025-08-29,6,3.604474841267802e-05,5.7296697377751116e-06,2.4158000087481923e-05,4.117139906156808e-05,3.729594754986465e-05,70,0.029287267476320267,0.004480287898331881,0.020767804235219955,0.043093856424093246,0.03030414506793022,19,-3.1457875593332574e-05,9.108101221499965e-05,-0.0002500003611203283,0.0001369739620713517,-5.151851655682549e-05,156,-1.4536986351013184,0.9086201190948486,-3.0603487491607666,0.6251177191734314,-1.472269058227539,0,,,,,,,,,,,,,,,
4946813,Số 1 đường Giải Phóng - phường Bạch Mai - ĐHBK,21.0052,105.8418,2025-08-30,0,,,,,,57,0.022990960627794266,0.0012582243653014302,0.02045712247490883,0.026700982823967934,0.022976648062467575,3,7.179343811003491e-05,6.536626460729167e-05,-2.0628218408091925e-05,0.0001196776720462367,0.00011633086978690699,156,-1.7772839069366455,0.6610407829284668,-3.2249855995178223,0.0783817395567894,-1.8632036447525024,45954,0.06367242336273193,0.06927338987588882,-0.22164656221866608,0.6073132157325745,0.04575154185295105,0.013855603523552418,0.05610436201095581,-0.3048231601715088,0.3760094940662384,0.006308454088866711,-0.06129974499344826,0.059010785073041916,-0.52642422914505,0.07304102182388306,-0.044064655900001526
4946813,Số 1 đường Giải Phóng - phường Bạch Mai - ĐHBK,21.0052,105.8418,2025-08-31,5,3.7888818042119965e-05,6.066205514798639e-06,2.8722457500407472e-05,4.759338480653241e-05,3.8504909753100947e-05,23,0.022851277142763138,0.0012344198767095804,0.02170599438250065,0.024983501061797142,0.022095751017332077,41,1.3209972848926554e-06,0.00019792070088442415,-0.0004189728351775557,0.00038139388198032975,-4.194057055428857e-06,144,-1.4691606760025024,0.5299923419952393,-2.887399673461914,-0.21203182637691498,-1.4695732593536377,0,,,,,,,,,,,,,,,
4946813,Số 1 đường Giải Phóng - phường Bạch Mai - ĐHBK,21.0052,105.8418,2025-09-01,0,,,,,,21,0.02758449874818325,0.0017040357924997807,0.024820899590849876,0.030605977401137352,0.028657397255301476,12,-9.529887029202655e-05,0.00015977224393282086,-0.00022054018336348236,0.00021582754561677575,-0.00020445260452106595,156,0.12302025407552719,0.7091144323348999,-1.7508043050765991,1.7512465715408325,0.11976403743028641,45954,0.03508149832487106,0.004734511952847242,0.018756922334432602,0.05157126486301422,0.035312309861183167,-0.4015689790248871,0.008297929540276527,-0.42454028129577637,-0.3754234313964844,-0.4017276167869568,-0.015529251657426357,0.004051816649734974,-0.031122008338570595,0.001097712549380958,-0.01580299250781536
4946813,Số 1 đường Giải Phóng - phường Bạch Mai - ĐHBK,21.0052,105.8418,2025-09-02,36,3.478127473499626e-05,1.0758391908893827e-05,1.2419139238772914e-05,5.577113188337535e-05,3.5426193790044636e-05,91,0.030745362862944603,0.002241862704977393,0.025329705327749252,0.03525153920054436,0.031237108632922173,52,-1.3489932825905271e-05,0.00010539651702856645,-0.00031836103880777955,0.00019799241272266954,-7.064927558531053e-06,156,-0.7271457314491272,0.7146610617637634,-2.2088515758514404,1.569406270980835,-0.8211311101913452,0,,,,,,,,,,,,,,,
4946813,Số 1 đường Giải Phóng - phường Bạch Mai - ĐHBK,21.0052,105.8418,2025-09-03,132,6.702076643705368e-05,4.3484949856065214e-05,1.4158298654365353e-05,0.0002064394357148558,5.065123696113005e-05,154,0.030705513432621956,0.003408675314858556,0.018137682229280472,0.040459342300891876,0.02980884164571762,153,3.147847019135952e-05,0.00010320209548808634,-0.00023992765636648983,0.0003032670065294951,3.950062091462314e-05,156,-1.1500970125198364,0.2719581127166748,-1.8711878061294556,-0.023927094414830208,-1.1780003309249878,0,,,,,,,,,,,,,,,
4946813,Số 1 đường Giải Phóng - phường Bạch Mai - ĐHBK,21.0052,105.8418,2025-09-04,144,6.136512820376083e-05,3.256664058426395e-05,1.8649590856512077e-05,0.00017391133587807417,5.0711776566458866e-05,143,0.02871810831129551,0.002756840316578746,0.022901205345988274,0.03577645123004913,0.02840055152773857,156,2.9034055842203088e-05,0.00010561976523604244,-0.0004115720512345433,0.00028733303770422935,2.6550114853307605e-05,156,-1.3773353099822998,0.19520550966262817,-1.9195959568023682,-0.6676018238067627,-1.3994231224060059,45954,0.15078134834766388,0.1913735568523407,-0.5119272470474243,0.8925327062606812,0.10703977942466736,0.07894404977560043,0.15976789593696594,-0.4756316542625427,0.6735785007476807,0.07678016275167465,-0.15108837187290192,0.18170377612113953,-0.7868446111679077,0.7209572196006775,-0.1392187476158142
4946813,Số 1 đường Giải Phóng - phường Bạch Mai - ĐHBK,21.0052,105.8418,2025-09-05,153,6.508975639007986e-05,3.6909812479279935e-05,2.1515250409720466e-05,0.0001920629438245669,5.194176992517896e-05,141,0.03224140778183937,0.0018672578735277057,0.028214816004037857,0.03637460246682167,0.032147545367479324,156,6.864062470413046e-06,0.0001184768698294647,-0.000260849337792024,0.00023977187811397016,2.4850138288456947e-05,156,-1.0604572296142578,0.2778792381286621,-1.982130765914917,-0.5066829323768616,-1.0225472450256348,0,,,,,,,,,,,,,,,
4946813,Số 1 đường Giải Phóng - phường Bạch Mai - ĐHBK,21.0052,105.8418,2025-09-06,122,5.3596453653881326e-05,1.6214778952416964e-05,3.0021630664123222e-05,0.0001185627406812273,5.162969318917021e-05,151,0.03192027658224106,0.0017771254060789943,0.029774276539683342,0.037675537168979645,0.03179704025387764,148,1.6210356989176944e-05,0.0001075454565580003,-0.00019950645219068974,0.000326743524055928,-1.4586821635020897e-06,156,0.03752519562840462,0.4683578610420227,-0.5882472395896912,1.7774680852890015,-0.06286878138780594,0,,,,,,,,,,,,,,,
4946813,Số 1 đường Giải Phóng - phường Bạch Mai - ĐHBK,21.0052,105.8418,2025-09-07,142,5.038144809077494e-05,1.9665021682158113e-05,2.5517430913168937e-05,0.00012916649575345218,4.57296337117441e-05,156,0.03328563645482063,0.0025943326763808727,0.02627401053905487,0.04010134935379028,0.03304024413228035,151,4.0240938687929884e-05,0.00013602797116618603,-0.0003153184661641717,0.0003490192466415465,2.3782928110449575e-05,156,-0.78633052110672,0.3216133117675781,-1.286674976348877,0.5781592726707458,-0.8496131896972656,0,,,,,,,,,,,,,,,
4946813,Số 1 đường Giải Phóng - phường Bạch Mai - ĐHBK,21.0052,105.8418,2025-09-08,111,3.783636566367932e-05,1.2761278412654065e-05,1.8505383195588365e-05,8.950524352258071e-05,3.4920405596494675e-05,129,0.03714759275317192,0.0027780153322964907,0.03203941881656647,0.04510758817195892,0.036886464804410934,125,1.540358061902225e-05,0.00011316125892335549,-0.0002768581034615636,0.00036904343869537115,8.035353857849259e-06,156,-1.2709436416625977,0.3140420913696289,-1.9438838958740234,-0.15707527101039886,-1.276172399520874,0,,,,,,,,,,,,,,,
4946813,Số 1 đường Giải Phóng - phường Bạch Mai - ĐHBK,21.0052,105.8418,2025-09-09,0,,,,,,0,,,,,,0,,,,,,156,-0.7738971710205078,0.3322608768939972,-1.9140979051589966,-0.2914848327636719,-0.6594396829605103,0,,,,,,,,,,,,,,,
4946813,Số 1 đường Giải Phóng - phường Bạch Mai - ĐHBK,21.0052,105.8418,2025-09-10,0,,,,,,102,0.034430526196956635,0.003735027741640806,0.028574597090482712,0.04259977117180824,0.03362329676747322,62,2.0150951968389563e-05,7.530557923018932e-05,-0.00011219103180337697,0.00020597083494067192,1.8752465621219017e-05,156,-1.7795003652572632,0.5368937253952026,-2.756134271621704,-0.5092979669570923,-1.6926507949829102,0,,,,,,,,,,,,,,,
4946813,Số 1 đường Giải Phóng - phường Bạch Mai - ĐHBK,21.0052,105.8418,2025-09-11,0,,,,,,0,,,,,,35,-0.00012557976879179478,0.00022648072626907378,-0.0006036701961420476,0.00037028983933851123,-0.00019521960348356515,156,0.7413476705551147,0.2578718662261963,-0.2592489719390869,1.1796727180480957,0.7554768919944763,0,,,,,,,,,,,,,,,
4946813,Số 1 đường Giải Phóng - phường Bạch Mai - ĐHBK,21.0052,105.8418,2025-09-12,10,2.27943583013257e-05,6.253406809264561e-06,1.656718632148113e-05,3.812449722317979e-05,2.0641602532123215e-05,0,,,,,,87,-4.809717574971728e-05,0.00010782527533592656,-0.00040570611599832773,0.0002727119135670364,-5.761986903962679e-05,156,0.10517362505197525,0.22335971891880035,-0.5268693566322327,0.6025533676147461,0.11738807708024979,0,,,,,,,,,,,,,,,
4946813,Số 1 đường Giải Phóng - phường Bạch Mai - ĐHBK,21.0052,105.8418,2025-09-13,35,6.750805914634839e-05,4.18339877796825e-05,9.23562856769422e-06,0.00016227613377850503,5.157276973477565e-05,57,0.031698208302259445,0.002921612234786153,0.024193082004785538,0.03622446209192276,0.03268924355506897,114,-1.825159415602684e-05,9.770308679435402e-05,-0.00024878259864635766,0.00018029080820269883,-1.0113272765011061e-05,156,-0.7966268658638,0.24407997727394104,-1.6558353900909424,0.18102580308914185,-0.8047584295272827,0,,,,,,,,,,,,,,,
4946813,Số 1 đường Giải Phóng - phường Bạch Mai - ĐHBK,21.0052,105.8418,2025-09-14,39,6.941097672097385e-05,2.866519571398385e-05,2.9619592169183306e-05,0.00013329132343642414,5.995450192131102e-05,57,0.0315542072057724,0.004604879766702652,0.02220500446856022,0.04063276946544647,0.031716033816337585,89,9.382503776578233e-06,8.341787906829268e-05,-0.00019983020320069045,0.00022099311172496527,1.5938994692987762e-05,156,-1.8656048774719238,0.35129693150520325,-2.5248312950134277,-0.7267683744430542,-1.9119617938995361,45954,-0.05571853742003441,0.02390271984040737,-0.15024852752685547,0.0975291058421135,-0.05945732071995735,-0.23572799563407898,0.05028838664293289,-0.38751181960105896,-0.0625557079911232,-0.245297372341156,0.09360529482364655,0.019563278183341026,-0.07807610183954239,0.15751336514949799,0.09758124500513077
4946813,Số 1 đường Giải Phóng - phường Bạch Mai - ĐHBK,21.0052,105.8418,2025-09-15,23,6.296604260569438e-05,1.1688320228131488e-05,4.7851845010882244e-05,9.152107668342069e-05,5.874880662304349e-05,9,0.03489583730697632,0.002099767792969942,0.0291365385055542,0.036263033747673035,0.035094253718853,26,1.9448187231319025e-05,6.952697003725916e-05,-0.00010850708349607885,0.0002264543145429343,3.4808468285518757e-07,156,-1.7334600687026978,0.5689985156059265,-2.9966020584106445,-0.8898549675941467,-1.7064595222473145,0,,,,,,,,,,,,,,,
4946813,Số 1 đường Giải Phóng - phường Bạch Mai - ĐHBK,21.0052,105.8418,2025-09-16,134,4.503524542087689e-05,1.2880785106972326e-05,2.227388358733151e-05,7.258341065607965e-05,4.2500403651501983e-05,132,0.030033808201551437,0.002171347150579095,0.024695739150047302,0.03364478796720505,0.030328873544931412,143,5.671587132383138e-05,0.00021402412676252425,-0.00047766853822395205,0.0005178176215849817,3.917190770152956e-05,136,-0.5936750769615173,0.4396611154079437,-1.2932771444320679,1.122756838798523,-0.7017210125923157,0,,,,,,,,,,,,,,,
4946813,Số 1 đường Giải Phóng - phường Bạch Mai - ĐHBK,21.0052,105.8418,2025-09-17,0,,,,,,0,,,,,,0,,,,,,156,0.3011629581451416,0.5093538165092468,-0.8801503777503967,2.208010196685791,0.2163091003894806,0,,,,,,,,,,,,,,,
4946813,Số 1 đường Giải Phóng - phường Bạch Mai - ĐHBK,21.0052,105.8418,2025-09-18,52,4.1699775465531275e-05,1.0075286809296813e-05,2.53064699791139e-05,6.854386447230354e-05,3.9883292629383504e-05,106,0.026873841881752014,0.0017549920594319701,0.023086251690983772,0.03158560395240784,0.027077853679656982,66,1.3592009963758755e-05,9.746828436618671e-05,-0.00026553089264780283,0.00019167887512594461,2.3325366782955825e-05,156,-0.695745050907135,0.8417505025863647,-2.196967363357544,2.111253023147583,-0.8945809602737427,0,,,,,,,,,,,,,,,
4946813,Số 1 đường Giải Phóng - phường Bạch Mai - ĐHBK,21.0052,105.8418,2025-09-19,56,4.030743730254471e-05,1.578276169311721e-05,6.390446742443601e-06,8.431089372606948e-05,3.7348865589592606e-05,112,0.029447296634316444,0.0024820889811962843,0.018771225586533546,0.03387749195098877,0.02954726666212082,80,3.059561277041212e-05,8.326488750753924e-05,-0.00024393529747612774,0.00019131724548060447,3.2738720619818196e-05,156,-1.3703275918960571,0.9503757953643799,-3.3594913482666016,1.299085021018982,-1.6516919136047363,45954,0.055781349539756775,0.17775672674179077,-0.6209521293640137,0.8302649259567261,0.012871420942246914,0.08445954322814941,0.15105821192264557,-0.6424793004989624,0.7524477243423462,0.06091556325554848,-0.04932234436273575,0.16992498934268951,-0.7286874055862427,0.48537659645080566,0.002368753543123603
4946813,Số 1 đường Giải Phóng - phường Bạch Mai - ĐHBK,21.0052,105.8418,2025-09-20,103,3.903712422470562e-05,8.040403372433502e-06,2.1866017050342634e-05,6.507485522888601e-05,3.779890539590269e-05,153,0.03346540778875351,0.003325242782011628,0.02728862687945366,0.039936598390340805,0.033456891775131226,0,,,,,,156,-1.5972918272018433,0.32737717032432556,-2.2448856830596924,-0.4446563422679901,-1.6472692489624023,0,,,,,,,,,,,,,,,
4946813,Số 1 đường Giải Phóng - phường Bạch Mai - ĐHBK,21.0052,105.8418,2025-09-21,0,,,,,,86,0.03428466618061066,0.0037118534091860056,0.028975144028663635,0.04070836305618286,0.032972246408462524,63,-8.638533586236008e-07,0.00010415903670946136,-0.00018974886916112155,0.0002038071397691965,-3.8963639781286474e-06,156,-1.5942221879959106,0.49222028255462646,-2.688631772994995,-0.7291678190231323,-1.5777915716171265,45954,-0.01104773674160242,0.1389968991279602,-0.4090053141117096,0.6919233202934265,-0.04067683592438698,0.05899311229586601,0.14415031671524048,-0.5703431963920593,0.5486734509468079,0.03709001839160919,0.039959557354450226,0.13886447250843048,-0.6037722229957581,0.5190578103065491,0.0633271262049675
4946813,Số 1 đường Giải Phóng - phường Bạch Mai - ĐHBK,21.0052,105.8418,2025-09-22,0,,,,,,124,0.04319600388407707,0.0014415680197998881,0.04101685434579849,0.04831649363040924,0.042891453951597214,54,1.0124195796379354e-05,8.82583117345348e-05,-0.00013430080434773117,0.0002768208796624094,-9.494453479419462e-06,156,0.1907246857881546,0.43051570653915405,-0.6573321223258972,1.3054016828536987,0.20451879501342773,0,,,,,,,,,,,,,,,
4946813,Số 1 đường Giải Phóng - phường Bạch Mai - ĐHBK,21.0052,105.8418,2025-09-23,148,4.296129918657243e-05,9.70441942627076e-06,1.8915123291662894e-05,6.65179468342103e-05,4.091952359885909e-05,156,0.05078362300992012,0.0016005910001695156,0.04453268647193909,0.05443594232201576,0.05098845064640045,155,2.8490017029980663e-06,9.011955989990383e-05,-0.00024119795125443488,0.00033647564123384655,6.991046461735095e-07,156,-0.738317608833313,0.24927988648414612,-1.0924837589263916,0.22598080337047577,-0.8003791570663452,0,,,,,,,,,,,,,,,
4946813,Số 1 đường Giải Phóng - phường Bạch Mai - ĐHBK,21.0052,105.8418,2025-09-24,109,3.33365096594207e-05,9.911741472024005e-06,3.4648073778953403e-06,5.121576032252051e-05,3.4684573620324954e-05,141,0.03275172784924507,0.0024990509264171124,0.027328267693519592,0.03838542848825455,0.032598283141851425,129,-4.7250118768715765e-06,0.00010344303154852241,-0.00030974962282925844,0.0002536310930736363,-6.593106263608206e-06,156,-0.9839076399803162,0.415558397769928,-1.8611750602722168,0.6339028477668762,-1.0262601375579834,45954,0.053477682173252106,0.04208968207240105,-0.14407604932785034,0.3583650588989258,0.04543832689523697,0.04195871576666832,0.040869854390621185,-0.1201576218008995,0.3807379901409149,0.03829780966043472,-0.046035442501306534,0.042747676372528076,-0.34180763363838196,0.07836515456438065,-0.03745826333761215
4946813,Số 1 đường Giải Phóng - phường Bạch Mai - ĐHBK,21.0052,105.8418,2025-09-25,0,,,,,,8,0.04730185493826866,0.0018917021807283163,0.043685946613550186,0.04951714351773262,0.047389253973960876,0,,,,,,156,-1.3185449838638306,0.3114224374294281,-2.077054500579834,-0.3040793538093567,-1.3335051536560059,0,,,,,,,,,,,,,,,
4946813,Số 1 đường Giải Phóng - phường Bạch Mai - ĐHBK,21.0052,105.8418,2025-09-26,0,,,,,,3,0.034560393542051315,0.0007862389320507646,0.0334484837949276,0.035116348415613174,0.035116348415613174,0,,,,,,156,-1.4965627193450928,0.22934137284755707,-2.0785458087921143,-0.9310231804847717,-1.4959080219268799,0,,,,,,,,,,,,,,,
4946813,Số 1 đường Giải Phóng - phường Bạch Mai - ĐHBK,21.0052,105.8418,2025-09-27,109,3.158678373438306e-05,8.750041160965338e-06,7.783921319060028e-06,5.1037375669693574e-05,3.2386818929808214e-05,156,0.028741346672177315,0.0020965570583939552,0.025363875553011894,0.03512244299054146,0.028238445520401,137,2.3834269086364657e-05,0.00019256171071901917,-0.00046389910858124495,0.0005527879111468792,2.4949462385848165e-05,156,0.01309301145374775,0.45001697540283203,-0.8172305822372437,1.4474915266036987,-0.04395868629217148,0,,,,,,,,,,,,,,,
4946813,Số 1 đường Giải Phóng - phường Bạch Mai - ĐHBK,21.0052,105.8418,2025-09-28,10,3.618269693106413e-05,4.86200769955758e-06,2.9344340873649344e-05,4.346128480392508e-05,3.610394196584821e-05,0,,,,,,18,-1.0504856618354097e-05,0.00016251705528702587,-0.0003319648967590183,0.00024673997540958226,-9.34826039156178e-06,156,-0.049335770308971405,0.2374878078699112,-0.7886176705360413,0.34232085943222046,0.0182497575879097,0,,,,,,,,,,,,,,,
4946813,Số 1 đường Giải Phóng - phường Bạch Mai - ĐHBK,21.0052,105.8418,2025-09-29,0,,,,,,0,,,,,,0,,,,,,156,-0.18887485563755035,0.12729312479496002,-0.5147960782051086,0.12507984042167664,-0.1804245114326477,45954,0.03218618407845497,0.0016565982950851321,0.024256281554698944,0.03860292583703995,0.032139554619789124,-0.6368116140365601,0.0028735878877341747,-0.6452398896217346,-0.6256053447723389,-0.6370593905448914,-0.0361202210187912,0.0016326558543369174,-0.042719319462776184,-0.02928866446018219,-0.03611111640930176
4946813,Số 1 đường Giải Phóng - phường Bạch Mai - ĐHBK,21.0052,105.8418,2025-09-30,0,,,,,,0,,,,,,0,,,,,,156,-0.6161208748817444,0.15265965461730957,-1.26918625831604,-0.3597269356250763,-0.5796390175819397,0,,,,,,,,,,,,,,,
4946813,Số 1 đường Giải Phóng - phường Bạch Mai - ĐHBK,21.0052,105.8418,2025-10-01,0,,,,,,0,,,,,,2,8.084081491688266e-05,9.191546268993989e-05,-1.1074645954067819e-05,0.00017275627760682255,8.084081491688266e-05,156,-1.6256253719329834,0.3496485948562622,-2.916213035583496,-0.6601431369781494,-1.6431448459625244,0,,,,,,,,,,,,,,,
4946813,Số 1 đường Giải Phóng - phường Bạch Mai - ĐHBK,21.0052,105.8418,2025-10-02,111,4.4088621507398784e-05,1.9093316950602457e-05,1.2418437108863145e-05,9.283754479838535e-05,3.8850921555422246e-05,156,0.02932741679251194,0.0020235723350197077,0.026045337319374084,0.0343487486243248,0.029227586463093758,143,5.2625255193561316e-05,0.00020135982776992023,-0.00038199301343411207,0.0005178247229196131,6.530357495648786e-05,143,-0.41822952032089233,0.5167186260223389,-1.62838613986969,0.876582145690918,-0.5708860754966736,0,,,,,,,,,,,,,,,
4946813,Số 1 đường Giải Phóng - phường Bạch Mai - ĐHBK,21.0052,105.8418,2025-10-03,142,5.0728489441098645e-05,2.88077299046563e-05,1.6848465747898445e-05,0.0001699405547697097,4.1833358409348875e-05,156,0.030023254454135895,0.0021262827794998884,0.025121107697486877,0.03458012640476227,0.029300507158041,154,1.2852173313149251e-05,0.0001055161701515317,-0.00029119045939296484,0.0002958928234875202,6.482104254246224e-06,156,-0.40539491176605225,0.32855910062789917,-0.9170632362365723,0.44211599230766296,-0.4286102056503296,0,,,,,,,,,,,,,,,
4946813,Số 1 đường Giải Phóng - phường Bạch Mai - ĐHBK,21.0052,105.8418,2025-10-04,61,7.527256093453616e-05,2.3889708245405927e-05,3.218982965336181e-05,0.00012690937728621066,6.962785118957981e-05,35,0.031099380925297737,0.002272258745506406,0.02755393646657467,0.03571132943034172,0.02994164638221264,105,1.1860174708999693e-05,0.00011330201959935948,-0.0002654087729752064,0.00032207078766077757,9.961803698388394e-06,156,-0.5623272657394409,0.2707797884941101,-1.1023598909378052,0.21325089037418365,-0.6096510887145996,45954,-0.015744369477033615,0.00208353903144598,-0.024704601615667343,-0.00707709975540638,-0.015706805512309074,-0.5993219614028931,0.008300520479679108,-0.6211990118026733,-0.5699419975280762,-0.5997745394706726,0.05203884467482567,0.0017924871062859893,0.04472392797470093,0.05927469581365585,0.05201175808906555
4946813,Số 1 đường Giải Phóng - phường Bạch Mai - ĐHBK,21.0052,105.8418,2025-10-05,139,4.0481198084307835e-05,1.0694160664570518e-05,1.765756132954266e-05,7.451422425219789e-05,3.952680708607659e-05,139,0.0325520895421505,0.002852547215297818,0.024151677265763283,0.03795873746275902,0.03274364024400711,154,2.9236476621008478e-05,0.00012007983605144545,-0.00023024078109301627,0.0004070584545843303,3.8389640394598246e-05,156,-1.339002013206482,0.29417914152145386,-2.1329188346862793,-0.22625160217285156,-1.3358750343322754,0,,,,,,,,,,,,,,,
4946813,Số 1 đường Giải Phóng - phường Bạch Mai - ĐHBK,21.0052,105.8418,2025-10-06,0,,,,,,0,,,,,,0,,,,,,156,-0.6917786002159119,0.09966089576482773,-0.9121906757354736,-0.4545518159866333,-0.689437210559845,0,,,,,,,,,,,,,,,
4946813,Số 1 đường Giải Phóng - phường Bạch Mai - ĐHBK,21.0052,105.8418,2025-10-07,0,,,,,,0,,,,,,0,,,,,,156,-0.7308909893035889,0.11419646441936493,-1.0689420700073242,-0.4776632487773895,-0.715229332447052,0,,,,,,,,,,,,,,,
4946813,Số 1 đường Giải Phóng - phường Bạch Mai - ĐHBK,21.0052,105.8418,2025-10-08,86,6.115227733971551e-05,1.1558795449673198e-05,3.4918542951345444e-05,8.789696585154161e-05,5.618963041342795e-05,87,0.03103317692875862,0.002704766346141696,0.026413805782794952,0.03656528890132904,0.03045482560992241,130,1.059284659277182e-05,0.0001281828008359298,-0.00031614204635843635,0.00037231779424473643,1.7120555639849044e-05,156,0.04714902117848396,0.3731304705142975,-0.7668939828872681,1.0503507852554321,-0.005714360158890486,0,,,,,,,,,,,,,,,
4946813,Số 1 đường Giải Phóng - phường Bạch Mai - ĐHBK,21.0052,105.8418,2025-10-09,116,4.427333260537125e-05,1.0017071872425731e-05,2.089221015921794e-05,7.944311073515564e-05,4.302517481846735e-05,156,0.03484944626688957,0.0018566487124189734,0.030808964744210243,0.04039808735251427,0.034831974655389786,149,1.9388480723137036e-05,0.00010372422548243776,-0.00023600069107487798,0.0003184234374202788,1.1490113138279412e-05,156,-1.0190905332565308,0.396444171667099,-1.6618680953979492,0.4681067168712616,-1.1194264888763428,45954,-0.020944494754076004,0.09997812658548355,-0.7969100475311279,0.5411481261253357,-0.03170666843652725,-0.031001757830381393,0.1466989368200302,-0.552623450756073,0.8511791825294495,-0.052490346133708954,0.04612519592046738,0.07424899190664291,-0.482276976108551,0.7533310651779175,0.058314017951488495
4946813,Số 1 đường Giải Phóng - phường Bạch Mai - ĐHBK,21.0052,105.8418,2025-10-10,128,4.549866571323946e-05,1.1600238394748885e-05,1.9268814867245965e-05,8.765311940805987e-05,4.490885476116091e-05,156,0.03620477393269539,0.0031243416015058756,0.027436355128884315,0.04376761242747307,0.03600453585386276,155,2.769921593426261e-05,0.0001588136365171522,-0.0003695329651236534,0.00045309748384170234,2.8301165002631024e-05,156,-1.4096747636795044,0.2744765877723694,-1.9494473934173584,-0.3853943645954132,-1.4731864929199219,0,,,,,,,,,,,,,,,
4946813,Số 1 đường Giải Phóng - phường Bạch Mai - ĐHBK,21.0052,105.8418,2025-10-11,32,6.303401460172608e-05,1.9432747649261728e-05,2.9739627279923297e-05,0.00010811140236910433,5.787325790151954e-05,92,0.037037987262010574,0.0038882580120116472,0.029616588726639748,0.04663635790348053,0.03677373006939888,81,6.622866203542799e-05,0.00013221859990153462,-0.00022471632109954953,0.00046196504263207316,6.547199154738337e-05,156,-2.004642963409424,0.6478469967842102,-3.448176145553589,0.5263913869857788,-2.0738816261291504,45954,0.009748590178787708,0.004452036693692207,-0.006882955320179462,0.034373316913843155,0.009372049942612648,-0.48791420459747314,0.01592479646205902,-0.5273038148880005,-0.4456571936607361,-0.48698025941848755,0.008662906475365162,0.0034210646990686655,-0.007824736647307873,0.019886337220668793,0.00891085248440504
4946813,Số 1 đường Giải Phóng - phường Bạch Mai - ĐHBK,21.0052,105.8418,2025-10-12,30,3.220910002710298e-05,8.894195161701646e-06,2.147896339010913e-05,4.9643698730506e-05,3.2311916584149e-05,150,0.03678650036454201,0.003073288593441248,0.029071006923913956,0.043194301426410675,0.03596263378858566,134,5.5138403695309535e-05,0.00011649201042018831,-0.00018255377653986216,0.00038832693826407194,6.705857231281698e-05,156,-1.385865330696106,0.5314427018165588,-2.7993392944335938,0.19149750471115112,-1.393417477607727,0,,,,,,,,,,,,,,,
4946813,Số 1 đường Giải Phóng - phường Bạch Mai - ĐHBK,21.0052,105.8418,2025-10-13,0,,,,,,1,0.032427508383989334,0.0,0.032427508383989334,0.032427508383989334,0.032427508383989334,0,,,,,,156,1.0534710884094238,0.5823081731796265,0.2588079869747162,2.837625741958618,0.9102200269699097,0,,,,,,,,,,,,,,,
4946813,Số 1 đường Giải Phóng - phường Bạch Mai - ĐHBK,21.0052,105.8418,2025-10-14,0,,,,,,0,,,,,,0,,,,,,156,0.028833074495196342,0.15218062698841095,-0.28040534257888794,0.6772114038467407,0.022021152079105377,45954,0.03256074711680412,0.0018886416219174862,0.024801548570394516,0.04077664390206337,0.032598234713077545,-0.6833468079566956,0.007054779212921858,-0.7043166160583496,-0.6617728471755981,-0.6838715672492981,-0.03665841743350029,0.0018553968984633684,-0.0444987416267395,-0.028028039261698723,-0.036679528653621674
4946813,Số 1 đường Giải Phóng - phường Bạch Mai - ĐHBK,21.0052,105.8418,2025-10-15,49,6.23279920546338e-05,1.8155955331167206e-05,3.834858944173902e-05,0.00011812705633928999,5.963564763078466e-05,111,0.029690852388739586,0.0022650263272225857,0.02397731877863407,0.034114524722099304,0.029681507498025894,66,2.309920273546595e-05,0.00010797991853905842,-0.00022969981364440173,0.00025681560509838164,4.8666704969946295e-05,156,-1.0770585536956787,0.5997281670570374,-2.1296956539154053,1.1114497184753418,-1.1855707168579102,0,,,,,,,,,,,,,,,
4946813,Số 1 đường Giải Phóng - phường Bạch Mai - ĐHBK,21.0052,105.8418,2025-10-16,59,4.377574077807367e-05,1.1721752343873959e-05,2.1362970073823817e-05,0.0001023285512928851,4.297642590245232e-05,108,0.03150429204106331,0.0035827006213366985,0.022485187277197838,0.042317308485507965,0.03132149577140808,101,2.0938952729920857e-05,0.0001049690690706484,-0.00023138859251048416,0.00027685414534062147,9.695042535895482e-06,156,-2.0698485374450684,0.5507019758224487,-3.196478843688965,0.08894442021846771,-2.155252695083618,0,,,,,,,,,,,,,,,
4946813,Số 1 đường Giải Phóng - phường Bạch Mai - ĐHBK,21.0052,105.8418,2025-10-17,73,4.2938292608596385e-05,9.383218639413826e-06,2.3507389414589852e-05,6.369334005285054e-05,4.2311115976190194e-05,156,0.03394855558872223,0.0017580041894689202,0.02882092446088791,0.03794349357485771,0.03352964296936989,140,2.3332855562330224e-05,0.0001069087375071831,-0.00020394094462972134,0.000292662822175771,1.7939277313416824e-05,156,-1.4999234676361084,0.3651270866394043,-2.1528217792510986,-0.5499807596206665,-1.5129834413528442,0,,,,,,,,,,,,,,,
4946813,Số 1 đường Giải Phóng - phường Bạch Mai - ĐHBK,21.0052,105.8418,2025-10-18,58,3.4673150366870686e-05,8.6305462900782e-06,1.6223562852246687e-05,5.8176879974780604e-05,3.647438279585913e-05,156,0.03147193789482117,0.0018187150126323104,0.027775444090366364,0.03451293334364891,0.0315835140645504,155,0.00011066214210586622,0.00024863562430255115,-0.0007242775172926486,0.0008151832153089345,0.00013691987260244787,153,-0.10309068113565445,0.36975863575935364,-0.8927811980247498,0.9983296394348145,-0.11261394619941711,0,,,,,,,,,,,,,,,
4946813,Số 1 đường Giải Phóng - phường Bạch Mai - ĐHBK,21.0052,105.8418,2025-10-19,15,3.4968841646332294e-05,8.73025601322297e-06,2.2309352061711252e-05,4.8933798098005354e-05,3.280328382970765e-05,78,0.03494800254702568,0.002807707991451025,0.030120953917503357,0.04063200578093529,0.03437746316194534,25,7.382192416116595e-05,0.00010407855006633326,-7.90684498497285e-05,0.000322698091622442,7.184605783550069e-05,156,0.7379508018493652,1.1021361351013184,-0.887584924697876,3.8566200733184814,0.5627880096435547,45954,0.09303450584411621,0.17678239941596985,-0.5839203000068665,0.8132836818695068,0.05076611787080765,0.06253504008054733,0.14854750037193298,-0.5458360314369202,0.5894098877906799,0.048459794372320175,-0.08362339437007904,0.17645353078842163,-0.694614827632904,0.6927037239074707,-0.04988790303468704
4946813,Số 1 đường Giải Phóng - phường Bạch Mai - ĐHBK,21.0052,105.8418,2025-10-20,91,3.3554661058587953e-05,9.605337254470214e-06,9.20697766559897e-06,6.036804188624956e-05,3.164503868902102e-05,154,0.036218877881765366,0.002383337588980794,0.03227950260043144,0.04179706051945686,0.036026906222105026,141,2.8025428036926314e-05,0.0001003478464554064,-0.00021868516341783106,0.00028438528534024954,1.9128998246742412e-05,156,-0.9918212890625,0.3941345810890198,-1.9413424730300903,0.2603401243686676,-1.0102412700653076,0,,,,,,,,,,,,,,,
4946813,Số 1 đường Giải Phóng - phường Bạch Mai - ĐHBK,21.0052,105.8418,2025-10-21,32,3.138472675345838e-05,7.715552783338353e-06,1.869224797701463e-05,4.522283416008577e-05,3.018426286871545e-05,110,0.031743161380290985,0.004116509109735489,0.019722172990441322,0.03876311331987381,0.032223839312791824,55,4.8591413360554725e-05,0.00011240174353588372,-0.00023395864991471171,0.0002917975070886314,5.889187741558999e-05,156,-1.5924015045166016,0.5051589012145996,-2.6845996379852295,-0.33775314688682556,-1.6237263679504395,0,,,,,,,,,,,,,,,
4946813,Số 1 đường Giải Phóng - phường Bạch Mai - ĐHBK,21.0052,105.8418,2025-10-22,0,,,,,,5,0.03276606649160385,0.0003004973696079105,0.0323980338871479,0.03301142156124115,0.03301142156124115,21,1.8727658243733458e-05,0.00015617224562447518,-0.00031969547853805125,0.00033500432618893683,-1.1112936590507161e-05,156,-2.306421995162964,0.3473483622074127,-3.1172075271606445,-1.444016695022583,-2.3387532234191895,0,,,,,,,,,,,,,,,
4946813,Số 1 đường Giải Phóng - phường Bạch Mai - ĐHBK,21.0052,105.8418,2025-10-23,0,,,,,,156,0.034897081553936005,0.002905572298914194,0.029647434130311012,0.03940927982330322,0.034001100808382034,0,,,,,,156,-0.7101695537567139,0.20255427062511444,-1.2037886381149292,-0.2653777003288269,-0.6788599491119385,0,,,,,,,,,,,,,,,
4946813,Số 1 đường Giải Phóng - phường Bạch Mai - ĐHBK,21.0052,105.8418,2025-10-24,0,,,,,,90,0.03527792915701866,0.0034636922646313906,0.02981739491224289,0.041586630046367645,0.035292353481054306,0,,,,,,156,0.10177775472402573,0.14319083094596863,-0.2361302673816681,0.38312530517578125,0.11829826980829239,45954,0.004910639952868223,0.010837824083864689,-0.0507812425494194,0.05790574848651886,0.004778938367962837,-0.13144616782665253,0.014439275488257408,-0.1902356743812561,-0.056715819984674454,-0.13140615820884705,-0.007031026296317577,0.005773076321929693,-0.040876735001802444,0.024096375331282616,-0.007007368374615908
4946813,Số 1 đường Giải Phóng - phường Bạch Mai - ĐHBK,21.0052,105.8418,2025-10-25,0,,,,,,56,0.03645867109298706,0.0020533485803753138,0.03165506571531296,0.039955202490091324,0.03670831769704819,11,5.980703281238675e-05,0.0001905292010633275,-0.0003225335094612092,0.00022304104641079903,0.00016519383643753827,156,-0.5719742178916931,0.32723018527030945,-1.6791050434112549,-0.006262321025133133,-0.4970413148403168,0,,,,,,,,,,,,,,,
4946813,Số 1 đường Giải Phóng - phường Bạch Mai - ĐHBK,21.0052,105.8418,2025-10-26,96,3.355658918735571e-05,1.0656493941496592e-05,1.3904263141739648e-05,6.185166421346366e-05,3.374658990651369e-05,145,0.03721137344837189,0.002780098468065262,0.03055001236498356,0.04259325563907623,0.03765639290213585,115,6.38396231806837e-05,0.00022029178217053413,-0.0004606514994520694,0.0006721162353642285,3.235317490180023e-05,156,-1.2805063724517822,0.46408703923225403,-2.5233707427978516,0.5148895382881165,-1.3613613843917847,0,,,,,,,,,,,,,,,
4946813,Số 1 đường Giải Phóng - phường Bạch Mai - ĐHBK,21.0052,105.8418,2025-10-27,5,3.848692722385749e-05,1.142461314884713e-05,2.394647162873298e-05,5.799323844257742e-05,3.821513018920086e-05,156,0.033451855182647705,0.0030967153143137693,0.025244425982236862,0.03976806625723839,0.034120313823223114,63,2.8122538424213417e-05,0.00022067557438276708,-0.0004728994390461594,0.0005154068348929286,-1.269925542146666e-05,156,-1.8057876825332642,0.3158101737499237,-2.6439239978790283,-1.0661866664886475,-1.8339624404907227,0,,,,,,,,,,,,,,,
4946813,Số 1 đường Giải Phóng - phường Bạch Mai - ĐHBK,21.0052,105.8418,2025-10-28,0,,,,,,156,0.037387993186712265,0.0016937508480623364,0.03393810614943504,0.04285426810383797,0.037145450711250305,13,0.00012528635852504522,0.00024267943808808923,-0.0002234028506791219,0.0004014575097244233,3.887733691954054e-05,156,-0.8241978883743286,0.27827146649360657,-1.834113597869873,-0.037673093378543854,-0.8358569741249084,0,,,,,,,,,,,,,,,
4946813,Số 1 đường Giải Phóng - phường Bạch Mai - ĐHBK,21.0052,105.8418,2025-10-29,0,,,,,,25,0.03753283992409706,0.0021516610868275166,0.03330167010426521,0.039047613739967346,0.038913436233997345,0,,,,,,156,0.6337082982063293,0.25107237696647644,-0.06377993524074554,1.1756073236465454,0.6606425046920776,45954,-0.005755358841270208,0.012210763990879059,-0.0689328983426094,0.07353947311639786,-0.006925939116626978,-0.09955944865942001,0.0169388297945261,-0.18054640293121338,-0.013549566268920898,-0.10012686252593994,0.012505427934229374,0.00669376365840435,-0.02521010860800743,0.03931279852986336,0.013364323414862156
4946813,Số 1 đường Giải Phóng - phường Bạch Mai - ĐHBK,21.0052,105.8418,2025-10-30,0,,,,,,137,0.035283248871564865,0.002174358582124114,0.02942562848329544,0.03880252316594124,0.0360754020512104,0,,,,,,156,-0.0722186490893364,0.3632138669490814,-1.021787405014038,0.7814202308654785,-0.002466613193973899,0,,,,,,,,,,,,,,,
4946813,Số 1 đường Giải Phóng - phường Bạch Mai - ĐHBK,21.0052,105.8418,2025-10-31,0,,,,,,96,0.03381632640957832,0.0026725211646407843,0.02845592424273491,0.0387440025806427,0.03365963697433472,0,,,,,,156,-0.5454628467559814,0.492180734872818,-1.9749953746795654,0.8831617832183838,-0.49904656410217285,45954,-0.029255807399749756,0.006771437358111143,-0.05853652581572533,0.0024553195107728243,-0.029423289000988007,-0.29419755935668945,0.028348011896014214,-0.3841184377670288,-0.20413550734519958,-0.29575610160827637,0.028015054762363434,0.007755554746836424,0.004551344085484743,0.053663790225982666,0.027566764503717422
4946813,Số 1 đường Giải Phóng - phường Bạch Mai - ĐHBK,21.0052,105.8418,2025-11-01,0,,,,,,140,0.03451569378376007,0.0032493923790752888,0.02716858498752117,0.04171043634414673,0.034953292459249496,0,,,,,,156,-0.8636435270309448,0.2679833173751831,-1.5203937292099,0.0377763956785202,-0.8465024828910828,0,,,,,,,,,,,,,,,
4946813,Số 1 đường Giải Phóng - phường Bạch Mai - ĐHBK,21.0052,105.8418,2025-11-02,0,,,,,,152,0.03867148607969284,0.0015742405084893107,0.035096168518066406,0.04375772550702095,0.03855001553893089,0,,,,,,156,-0.6354597806930542,0.22845274209976196,-1.1219409704208374,-0.11734398454427719,-0.6168354749679565,0,,,,,,,,,,,,,,,
4946813,Số 1 đường Giải Phóng - phường Bạch Mai - ĐHBK,21.0052,105.8418,2025-11-03,0,,,,,,121,0.03840385004878044,0.0019154599867761135,0.03406902775168419,0.042637430131435394,0.03810818865895271,0,,,,,,152,-0.463893324136734,0.46526259183883667,-0.9088603854179382,0.4871167540550232,-0.683623731136322,45954,-0.016678599640727043,0.003051083069294691,-0.03286382928490639,-0.0026223554741591215,-0.01669939048588276,-0.3337443768978119,0.015384657308459282,-0.39340969920158386,-0.2795516550540924,-0.33494535088539124,0.009004474617540836,0.0034519443288445473,-0.005529557820409536,0.020675742998719215,0.009300054982304573
4946813,Số 1 đường Giải Phóng - phường Bạch Mai - ĐHBK,21.0052,105.8418,2025-11-04,0,,,,,,117,0.03511064499616623,0.0020512009505182505,0.03188788518309593,0.041188694536685944,0.03496166318655014,0,,,,,,156,-0.015086243860423565,0.2838347852230072,-0.5622667670249939,0.717562735080719,-0.03925652429461479,0,,,,,,,,,,,,,,,
4946813,Số 1 đường Giải Phóng - phường Bạch Mai - ĐHBK,21.0052,105.8418,2025-11-05,0,,,,,,124,0.036785371601581573,0.002298839157447219,0.03239252045750618,0.04176315665245056,0.036545559763908386,3,-0.00042926683090627193,0.0002369483991060406,-0.0007625225698575377,-0.0002322701911907643,-0.0002930076443590224,156,-0.8285334706306458,0.4025346338748932,-1.7600661516189575,0.035654179751873016,-0.7863045930862427,0,,,,,,,,,,,,,,,
4946813,Số 1 đường Giải Phóng - phường Bạch Mai - ĐHBK,21.0052,105.8418,2025-11-06,0,,,,,,126,0.033250223845243454,0.004157321061939001,0.022611595690250397,0.039747074246406555,0.032822974026203156,0,,,,,,156,-1.3312947750091553,0.30625632405281067,-2.143998861312866,-0.6788204908370972,-1.312734842300415,0,,,,,,,,,,,,,,,
4946813,Số 1 đường Giải Phóng - phường Bạch Mai - ĐHBK,21.0052,105.8418,2025-11-07,0,,,,,,156,0.030378585681319237,0.003454516874626279,0.022909749299287796,0.036073315888643265,0.030824430286884308,0,,,,,,156,-0.9657422304153442,0.28331121802330017,-1.7670955657958984,-0.35537007451057434,-0.9566034078598022,0,,,,,,,,,,,,,,,
4946813,Số 1 đường Giải Phóng - phường Bạch Mai - ĐHBK,21.0052,105.8418,2025-11-08,0,,,,,,145,0.038122184574604034,0.0030420245602726936,0.03381055220961571,0.04353715106844902,0.03677830100059509,40,-8.97298195923213e-06,0.0001139007872552611,-0.0002600427542347461,0.0001583490229677409,2.1599025785690174e-05,156,-0.5976163148880005,0.6476539373397827,-2.222363233566284,0.4902815520763397,-0.6662073135375977,45954,-0.027620943263173103,0.017605911940336227,-0.14398552477359772,0.1499357521533966,-0.02925172634422779,-0.15378910303115845,0.05132558196783066,-0.3649153709411621,0.042081695050001144,-0.15103060007095337,0.03479206562042236,0.010223397053778172,-0.06232844293117523,0.09052180498838425,0.035564810037612915
4946813,Số 1 đường Giải Phóng - phường Bạch Mai - ĐHBK,21.0052,105.8418,2025-11-09,0,,,,,,33,0.0343952551484108,0.0028174384497106075,0.030426451936364174,0.04004290699958801,0.03402552381157875,0,,,,,,156,0.19184516370296478,0.40144214034080505,-0.6802653670310974,1.09603750705719,0.15289562940597534,0,,,,,,,,,,,,,,,
4946813,Số 1 đường Giải Phóng - phường Bạch Mai - ĐHBK,21.0052,105.8418,2025-11-10,0,,,,,,2,0.03569743409752846,0.0,0.03569743409752846,0.03569743409752846,0.03569743409752846,0,,,,,,156,-0.08525704592466354,0.40584906935691833,-1.2337188720703125,0.6754213571548462,-0.0028119035996496677,0,,,,,,,,,,,,,,,
4946813,Số 1 đường Giải Phóng - phường Bạch Mai - ĐHBK,21.0052,105.8418,2025-11-11,0,,,,,,2,0.040123917162418365,0.000615561380982399,0.03950835391879082,0.040739476680755615,0.040123917162418365,0,,,,,,156,-1.0932036638259888,0.4514138996601105,-2.2976438999176025,0.2414255291223526,-1.062870979309082,0,,,,,,,,,,,,,,,
4946813,Số 1 đường Giải Phóng - phường Bạch Mai - ĐHBK,21.0052,105.8418,2025-11-12,131,5.970048005110584e-05,1.6807811334729195e-05,2.4853439754224382e-05,0.0001061030343407765,5.879757372895256e-05,101,0.045280806720256805,0.003657387336716056,0.03325186297297478,0.052818283438682556,0.04628383740782738,139,-1.7487122931925114e-06,0.00028074916917830706,-0.0006052148528397083,0.0007462020730599761,-7.781518434057944e-06,156,-0.8413125276565552,0.5043209791183472,-2.1576123237609863,1.057964563369751,-0.8260520696640015,0,,,,,,,,,,,,,,,
4946813,Số 1 đường Giải Phóng - phường Bạch Mai - ĐHBK,21.0052,105.8418,2025-11-13,156,5.613289977191016e-05,1.158897066488862e-05,2.6762989364215173e-05,9.104696800932288e-05,5.6086450058501214e-05,108,0.04501490294933319,0.0023431049194186926,0.039892081171274185,0.050156667828559875,0.04520958662033081,156,-1.0321256922907196e-05,0.0003213578020222485,-0.0008876502397470176,0.0007978840731084347,-2.5568770070094615e-05,156,-0.40406039357185364,0.18048466742038727,-0.7698073387145996,0.2511545717716217,-0.4450315237045288,45954,0.28307896852493286,0.22658613324165344,-0.5031526684761047,0.9217849373817444,0.22291073203086853,0.10042016208171844,0.1834903210401535,-0.6665351390838623,0.7482545971870422,0.12230184674263,-0.31575095653533936,0.22231797873973846,-0.8374552726745605,0.6988147497177124,-0.3098733723163605
4946813,Số 1 đường Giải Phóng - phường Bạch Mai - ĐHBK,21.0052,105.8418,2025-11-14,156,6.681993545498699e-05,1.4870544873701874e-05,3.953640043619089e-05,0.00011311628622934222,6.561749614775181e-05,78,0.04126504808664322,0.0018289866857230663,0.03623029962182045,0.04349081590771675,0.04192918539047241,156,9.125067299464718e-05,0.0009314668131992221,-0.002110983245074749,0.0032361578196287155,8.155027171596885e-05,156,0.24572443962097168,0.0648566335439682,0.008856319822371006,0.38826507329940796,0.2480064332485199,0,,,,,,,,,,,,,,,
4946813,Số 1 đường Giải Phóng - phường Bạch Mai - ĐHBK,21.0052,105.8418,2025-11-15,156,6.399692938430235e-05,1.330795930698514e-05,3.733198172994889e-05,0.00010365338675910607,6.280994421103969e-05,141,0.039618734270334244,0.0018934474792331457,0.03608470410108566,0.04464713856577873,0.039294689893722534,156,9.972915904654656e-06,0.0003241710364818573,-0.0007962655508890748,0.0013314124662429094,4.5520177081925794e-05,156,-0.4590209424495697,0.10200249403715134,-0.8063921332359314,-0.28298863768577576,-0.4617849588394165,0,,,,,,,,,,,,,,,
4946813,Số 1 đường Giải Phóng - phường Bạch Mai - ĐHBK,21.0052,105.8418,2025-11-16,92,8.547769539291039e-05,3.1039537134347484e-05,2.726839556999039e-05,0.0001542739919386804,8.320724737131968e-05,152,0.038753021508455276,0.0029124978464096785,0.03204169496893883,0.045144326984882355,0.03860902786254883,124,0.00014062259288039058,0.00034118277835659683,-0.0008233771077357233,0.0013388136867433786,0.0001443893852410838,156,-1.301102876663208,0.2741296887397766,-2.0961127281188965,-0.1444886326789856,-1.320974349975586,0,,,,,,,,,,,,,,,
4946813,Số 1 đường Giải Phóng - phường Bạch Mai - ĐHBK,21.0052,105.8418,2025-11-17,0,,,,,,15,0.029675420373678207,0.005191864911466837,0.024709191173315048,0.03856902942061424,0.026898162439465523,0,,,,,,156,-1.593740463256836,0.4153960645198822,-2.4131672382354736,-0.6142178773880005,-1.5735700130462646,0,,,,,,,,,,,,,,,
4946813,Số 1 đường Giải Phóng - phường Bạch Mai - ĐHBK,21.0052,105.8418,2025-11-18,0,,,,,,2,0.02931029535830021,0.0,0.02931029535830021,0.02931029535830021,0.02931029535830021,0,,,,,,156,-0.8650295734405518,0.3614388704299927,-1.608201503753662,-0.04195394739508629,-0.8523064851760864,45954,0.0015267811249941587,0.0038887052796781063,-0.015347316861152649,0.024229981005191803,0.001606422127224505,-0.4127030372619629,0.038251206278800964,-0.5365927219390869,-0.3190080523490906,-0.40520554780960083,-0.0028407664503902197,0.0036325606051832438,-0.017128881067037582,0.013641978614032269,-0.0029901606030762196
4946813,Số 1 đường Giải Phóng - phường Bạch Mai - ĐHBK,21.0052,105.8418,2025-11-19,0,,,,,,0,,,,,,0,,,,,,156,-0.3764684796333313,0.4734439551830292,-0.8543591499328613,1.5162773132324219,-0.4744226932525635,0,,,,,,,,,,,,,,,
4946813,Số 1 đường Giải Phóng - phường Bạch Mai - ĐHBK,21.0052,105.8418,2025-11-20,156,6.144336657598615e-05,1.5257590348483063e-05,2.698585194593761e-05,9.605481318430975e-05,5.91898278798908e-05,118,0.04449285566806793,0.002266165567561984,0.04042103514075279,0.04862452670931816,0.044575657695531845,156,-2.5226292564184405e-05,0.000387233798392117,-0.0010254830121994019,0.0010204396676272154,-2.273163408972323e-05,156,-0.22176018357276917,0.06655316799879074,-0.5526469349861145,-0.08917781710624695,-0.22659410536289215,45954,0.24563826620578766,0.1561737060546875,-0.3170096278190613,0.8598569631576538,0.2015194296836853,0.08207745105028152,0.13385966420173645,-0.692913830280304,0.628639817237854,0.0919710099697113,-0.2806718349456787,0.13567793369293213,-0.7744458913803101,0.34621018171310425,-0.2567368149757385
4946813,Số 1 đường Giải Phóng - phường Bạch Mai - ĐHBK,21.0052,105.8418,2025-11-21,156,6.807999307056889e-05,1.5266603440977633e-05,3.3166168577736244e-05,0.00010454265429871157,6.699708319501951e-05,114,0.04083313047885895,0.0020967472810298204,0.036589786410331726,0.046245772391557693,0.040368299931287766,156,5.918363240198232e-05,0.0003654037427622825,-0.0011147179175168276,0.0011099723633378744,4.8443107516504824e-05,156,-0.7208788394927979,0.09299149364233017,-1.0507858991622925,-0.507338285446167,-0.7228684425354004,0,,,,,,,,,,,,,,,
4946813,Số 1 đường Giải Phóng - phường Bạch Mai - ĐHBK,21.0052,105.8418,2025-11-22,33,6.0782203945564106e-05,1.2189669178042095e-05,4.117489152122289e-05,9.110377141041681e-05,6.113554263720289e-05,156,0.038911789655685425,0.0033395609352737665,0.02581627480685711,0.04414212703704834,0.039031218737363815,94,6.40803700662218e-05,0.0003868303610943258,-0.0008086407906375825,0.0010044428054243326,6.621350621571764e-05,156,-1.6166237592697144,0.17053884267807007,-2.1620688438415527,-1.1965631246566772,-1.6129858493804932,0,,,,,,,,,,,,,,,
4946813,Số 1 đường Giải Phóng - phường Bạch Mai - ĐHBK,21.0052,105.8418,2025-11-23,156,7.347220525844023e-05,1.8224218365503475e-05,3.393144652363844e-05,0.00011596137483138591,7.079822535160929e-05,89,0.04420772194862366,0.002400473225861788,0.039731625467538834,0.0508880615234375,0.043852224946022034,156,7.051957800285891e-05,0.00031139852944761515,-0.0006722556427121162,0.0014568426413461566,8.795683970674872e-05,156,-0.25293654203414917,0.12497569620609283,-0.8845782279968262,0.0239856019616127,-0.2334834635257721,45954,0.2196163833141327,0.1768505573272705,-0.309682160615921,0.8041856288909912,0.16655682027339935,0.06287731230258942,0.1774512082338333,-0.6426331400871277,0.5690794587135315,0.09523142874240875,-0.2236981838941574,0.16643841564655304,-0.7063062787055969,0.5607060194015503,-0.20965544879436493
4946813,Số 1 đường Giải Phóng - phường Bạch Mai - ĐHBK,21.0052,105.8418,2025-11-24,156,6.502162432298064e-05,1.5404732039314695e-05,2.3822074581403285e-05,0.00011211467790417373,6.402153667295352e-05,117,0.04525654762983322,0.0035839881747961044,0.03863850608468056,0.052354056388139725,0.04415104538202286,156,9.807645983528346e-05,0.0003743546549230814,-0.0007278003613464534,0.0008157171541824937,3.648802885436453e-05,156,0.3915238380432129,0.16901427507400513,-0.04146449267864227,0.7408264875411987,0.34621214866638184,0,,,,,,,,,,,,,,,
4946813,Số 1 đường Giải Phóng - phường Bạch Mai - ĐHBK,21.0052,105.8418,2025-11-25,156,5.8588662795955315e-05,1.0832203770405613e-05,3.750882387976162e-05,8.518742833985016e-05,5.7317760365549475e-05,29,0.04238808527588844,0.0005856819916516542,0.041717544198036194,0.04416241869330406,0.04243573173880577,156,9.2396599939093e-05,0.00040390912909060717,-0.0011137300170958042,0.0010775855043902993,9.667676931712776e-05,156,0.5124965310096741,0.05008258670568466,0.2772535979747772,0.6117563843727112,0.5175285339355469,0,,,,,,,,,,,,,,,
4946813,Số 1 đường Giải Phóng - phường Bạch Mai - ĐHBK,21.0052,105.8418,2025-11-26,156,6.871621735626832e-05,1.8077538697980344e-05,2.5347286282340065e-05,0.00011995821114396676,6.78304277244024e-05,119,0.04345031455159187,0.002269675023853779,0.03750195354223251,0.048072122037410736,0.0435919314622879,156,1.3099986063025426e-05,0.0003262038517277688,-0.0009499815641902387,0.0007650267798453569,5.008229891245719e-06,156,0.06621992588043213,0.08930253982543945,-0.49022361636161804,0.2027120292186737,0.08113527297973633,0,,,,,,,,,,,,,,,
4946813,Số 1 đường Giải Phóng - phường Bạch Mai - ĐHBK,21.0052,105.8418,2025-11-27,156,5.6951557780848816e-05,1.611813422641717e-05,2.0072922779945657e-05,0.00010735547402873635,5.582474477705546e-05,122,0.03973301127552986,0.002703651785850525,0.033930037170648575,0.04527323693037033,0.03929181396961212,156,3.174078301526606e-05,0.00023764854995533824,-0.0005262038321234286,0.0007030582055449486,3.999241016572341e-05,156,0.007723917718976736,0.1203291192650795,-0.4229722321033478,0.31637072563171387,0.00624127360060811,0,,,,,,,,,,,,,,,
4946813,Số 1 đường Giải Phóng - phường Bạch Mai - ĐHBK,21.0052,105.8418,2025-11-28,156,8.913465717341751e-05,4.224658914608881e-05,2.308947659912519e-05,0.00020292865519877523,7.747134077362716e-05,64,0.040757112205028534,0.002131198300048709,0.035352449864149094,0.04636308178305626,0.040501918643713,156,0.00012714431795757264,0.00036012468626722693,-0.0009356861701235175,0.0010878468165174127,0.0001035847672028467,156,-0.2475811392068863,0.2551327347755432,-0.9481235146522522,0.14115141332149506,-0.16643792390823364,45954,0.19542819261550903,0.16008378565311432,-0.2772310972213745,0.7352735996246338,0.14738726615905762,0.053182970732450485,0.1384153813123703,-0.49753087759017944,0.45496270060539246,0.06928089261054993,-0.21843107044696808,0.14686018228530884,-0.665751576423645,0.5530483722686768,-0.20100949704647064
4946813,Số 1 đường Giải Phóng - phường Bạch Mai - ĐHBK,21.0052,105.8418,2025-11-29,156,0.0001490879076300189,5.566000982071273e-05,4.58018621429801e-05,0.00028105496312491596,0.00015331200847867876,156,0.046225015074014664,0.0032364348880946636,0.0389842763543129,0.05614844709634781,0.045718684792518616,156,0.00014659430598840117,0.0003795854572672397,-0.0008631876553408802,0.0009538398589938879,0.00014106942398939282,156,0.32219594717025757,0.15014828741550446,-0.0791608914732933,0.6237912774085999,0.3081147074699402,0,,,,,,,,,,,,,,,
4946813,Số 1 đường Giải Phóng - phường Bạch Mai - ĐHBK,21.0052,105.8418,2025-11-30,156,0.00011592898226808757,4.123083272133954e-05,5.605059050139971e-05,0.00022809796791989356,0.00010465545346960425,108,0.0464191772043705,0.002059759572148323,0.04282311722636223,0.05207425355911255,0.046196144074201584,156,0.0004694563103839755,0.0013022178318351507,-0.0024887274485081434,0.004006484989076853,0.0004649655893445015,156,0.7119981646537781,0.0955793559551239,0.5187141299247742,0.9492356181144714,0.6985042691230774,0,,,,,,,,,,,,,,,
4946813,Số 1 đường Giải Phóng - phường Bạch Mai - ĐHBK,21.0052,105.8418,2025-12-01,141,6.961929466342553e-05,2.164622492273338e-05,1.5990228348528035e-05,0.00011554684169823304,6.863847374916077e-05,142,0.045194465667009354,0.002897323342040181,0.03805018961429596,0.05093502998352051,0.04530266672372818,153,0.0005582963349297643,0.0004726243787445128,-0.0007198358071036637,0.0019986354745924473,0.0005162780289538205,156,-0.08049788326025009,0.2958160638809204,-0.45632901787757874,0.9124400615692139,-0.1670026332139969,0,,,,,,,,,,,,,,,
4946813,Số 1 đường Giải Phóng - phường Bạch Mai - ĐHBK,21.0052,105.8418,2025-12-02,100,8.732143032830209e-05,6.35126416455023e-05,2.7364743800717406e-05,0.00034282010165043175,6.333393685054034e-05,150,0.04281363636255264,0.0038781361654400826,0.035864561796188354,0.05335411801934242,0.04235798493027687,143,0.00017301559273619205,0.0002339336642762646,-0.0006254066247493029,0.0008492633351124823,0.000163868855452165,156,-0.5712653398513794,0.3684120774269104,-1.143798828125,0.681020200252533,-0.6657766103744507,0,,,,,,,,,,,,,,,
4946813,Số 1 đường Giải Phóng - phường Bạch Mai - ĐHBK,21.0052,105.8418,2025-12-03,9,4.781058305525221e-05,7.672185347473715e-06,3.023524914169684e-05,5.8765592257259414e-05,4.98010813316796e-05,71,0.044978298246860504,0.003911033272743225,0.037591174244880676,0.05182945728302002,0.045418985188007355,27,-5.594892172666732e-06,0.00010295359970768914,-0.0002362305676797405,0.00020486982248257846,-1.2534519555629231e-05,156,-1.0921987295150757,0.8553293347358704,-2.5443499088287354,0.9610558152198792,-1.2050986289978027,45954,-0.030967479571700096,0.033596258610486984,-0.33292245864868164,0.2266530692577362,-0.030500374734401703,-0.2848377525806427,0.08928295224905014,-0.7388186454772949,0.19397138059139252,-0.27683183550834656,0.04814714565873146,0.028989166021347046,-0.04786543920636177,0.21006546914577484,0.04928567633032799
4946813,Số 1 đường Giải Phóng - phường Bạch Mai - ĐHBK,21.0052,105.8418,2025-12-04,0,,,,,,54,0.041804272681474686,0.0023016638588160276,0.03812538459897041,0.04564313963055611,0.041385918855667114,12,4.033406366943382e-05,3.9494261727668345e-05,-2.621720159368124e-05,9.609578410163522e-05,5.4987933253869414e-05,156,-0.3161352574825287,0.43435099720954895,-1.2575130462646484,0.7399492263793945,-0.3066035807132721,0,,,,,,,,,,,,,,,
4946813,Số 1 đường Giải Phóng - phường Bạch Mai - ĐHBK,21.0052,105.8418,2025-12-05,0,,,,,,0,,,,,,0,,,,,,155,0.5441426038742065,0.3092212975025177,-0.19679246842861176,1.1174203157424927,0.6252458095550537,0,,,,,,,,,,,,,,,
4946813,Số 1 đường Giải Phóng - phường Bạch Mai - ĐHBK,21.0052,105.8418,2025-12-06,0,,,,,,0,,,,,,0,,,,,,156,0.7673248648643494,0.33004331588745117,-0.5722770690917969,1.2317975759506226,0.8354930877685547,0,,,,,,,,,,,,,,,
4946813,Số 1 đường Giải Phóng - phường Bạch Mai - ĐHBK,21.0052,105.8418,2025-12-07,3,6.09797025390435e-05,7.167292551457649e-06,5.16742147738114e-05,6.911253876751289e-05,6.215235771378502e-05,71,0.04409493878483772,0.002078736899420619,0.03998133912682533,0.04742385074496269,0.04426223784685135,16,-3.9850241591921076e-05,0.00011401550000300631,-0.0002777576446533203,0.00026748140226118267,-2.053457501460798e-05,156,-0.1919487863779068,0.6248577833175659,-1.3932260274887085,1.315150499343872,-0.19084587693214417,0,,,,,,,,,,,,,,,
4946813,Số 1 đường Giải Phóng - phường Bạch Mai - ĐHBK,21.0052,105.8418,2025-12-08,95,6.601150380447507e-05,1.6329047866747715e-05,3.9730457501718774e-05,0.0001284106692764908,6.410973583115265e-05,142,0.05072635039687157,0.003200148232281208,0.04269003868103027,0.058078449219465256,0.050959713757038116,143,3.124862632830627e-05,0.00019408093066886067,-0.0004999213851988316,0.00048353124293498695,4.214726504869759e-05,156,-0.8669748306274414,0.23809002339839935,-1.4474421739578247,0.10975252836942673,-0.8651254773139954,45954,0.18626978993415833,0.14263184368610382,-0.1572961062192917,0.7108771204948425,0.14410172402858734,0.025299672037363052,0.17167600989341736,-0.6080484986305237,0.46547970175743103,0.05179041251540184,-0.18042707443237305,0.13380932807922363,-0.6140924096107483,0.41985762119293213,-0.16761992871761322
4946813,Số 1 đường Giải Phóng - phường Bạch Mai - ĐHBK,21.0052,105.8418,2025-12-09,68,0.00015150908438954502,5.4109023039927706e-05,5.826200867886655e-05,0.00024450759519822896,0.00015491797239519656,136,0.047538407146930695,0.0049155703745782375,0.033648062497377396,0.05623791739344597,0.04871395602822304,147,3.2374995498685166e-05,0.00015841964341234416,-0.0004624590801540762,0.0006496304995380342,4.040830390295014e-05,156,-0.7145563960075378,0.3540547788143158,-1.4653198719024658,1.2807528972625732,-0.751031219959259,0,,,,,,,,,,,,,,,
4946813,Số 1 đường Giải Phóng - phường Bạch Mai - ĐHBK,21.0052,105.8418,2025-12-10,39,0.000111416018626187,3.729115633177571e-05,7.505955727538094e-05,0.0002218551089754328,0.00010029605618910864,122,0.042213112115859985,0.003829021006822586,0.03761015087366104,0.054494600743055344,0.040420062839984894,91,3.895114787155762e-05,0.00028453944833017886,-0.0005930620827712119,0.0006790220504626632,1.841417542891577e-05,156,0.27952104806900024,0.3582797944545746,-0.5603446960449219,0.892521858215332,0.34204328060150146,45954,0.0007929372368380427,0.04018743708729744,-0.20070107281208038,0.2822982966899872,-0.004482570104300976,0.016115330159664154,0.050506383180618286,-0.21025581657886505,0.32178470492362976,0.00995921716094017,0.013804717920720577,0.02800637111067772,-0.20964522659778595,0.14914214611053467,0.02009335532784462
4946813,Số 1 đường Giải Phóng - phường Bạch Mai - ĐHBK,21.0052,105.8418,2025-12-11,0,,,,,,7,0.03707250580191612,0.0010905021335929632,0.03566873073577881,0.03824575990438461,0.03671640157699585,0,,,,,,156,1.0747567415237427,0.3009391129016876,0.46220663189888,1.925706386566162,1.0615181922912598,0,,,,,,,,,,,,,,,
4946813,Số 1 đường Giải Phóng - phường Bạch Mai - ĐHBK,21.0052,105.8418,2025-12-12,0,,,,,,0,,,,,,0,,,,,,156,0.3458861708641052,0.32182231545448303,-0.43130362033843994,1.311516284942627,0.3541949689388275,0,,,,,,,,,,,,,,,
4946813,Số 1 đường Giải Phóng - phường Bạch Mai - ĐHBK,21.0052,105.8418,2025-12-13,0,,,,,,9,0.041823938488960266,0.0017277086153626442,0.039906542748212814,0.04521193727850914,0.04162507504224777,0,,,,,,156,-0.79835444688797,0.5532483458518982,-1.9794864654541016,1.4649150371551514,-0.8371235728263855,45954,-0.01379452832043171,0.013850866816937923,-0.08067537844181061,0.04087192565202713,-0.014169681817293167,-0.3278866112232208,0.08154463022947311,-0.595170259475708,-0.17347832024097443,-0.30941879749298096,0.025562336668372154,0.01032482273876667,-0.015446613542735577,0.0693068727850914,0.025306394323706627
4946813,Số 1 đường Giải Phóng - phường Bạch Mai - ĐHBK,21.0052,105.8418,2025-12-14,128,5.0692324293777347e-05,1.3233212484919932e-05,2.1136951545486227e-05,8.82436434039846e-05,5.18104134243913e-05,73,0.051278434693813324,0.00516690406948328,0.041909415274858475,0.060692671686410904,0.051524773240089417,142,-8.981674909591675e-05,0.0002883592387661338,-0.0009741440881043673,0.0006630040588788688,-9.045746992342174e-05,156,-1.1823532581329346,0.3600212037563324,-1.9250370264053345,0.26984310150146484,-1.2044146060943604,0,,,,,,,,,,,,,,,
4946813,Số 1 đường Giải Phóng - phường Bạch Mai - ĐHBK,21.0052,105.8418,2025-12-15,24,0.00022626196732744575,9.96363814920187e-05,8.46353214001283e-05,0.00044593517668545246,0.00021814671345055103,128,0.04647894948720932,0.0024004511069506407,0.04098189249634743,0.0531897209584713,0.04599643126130104,119,0.00022188137518242002,0.0002768111298792064,-0.0005859753582626581,0.0007315910188481212,0.0002164538746001199,156,0.047112930566072464,0.2860277593135834,-0.5353246927261353,0.7587474584579468,0.01365224365144968,0,,,,,,,,,,,,,,,
4946813,Số 1 đường Giải Phóng - phường Bạch Mai - ĐHBK,21.0052,105.8418,2025-12-16,0,,,,,,0,,,,,,0,,,,,,156,0.5053408741950989,0.1927541345357895,0.06263996660709381,1.023535966873169,0.5194237232208252,0,,,,,,,,,,,,,,,
4946813,Số 1 đường Giải Phóng - phường Bạch Mai - ĐHBK,21.0052,105.8418,2025-12-17,0,,,,,,9,0.03894862160086632,0.0006276605417951941,0.03809462860226631,0.039585281163454056,0.039165955036878586,6,-7.707151962677017e-05,0.00020029686857014894,-0.00031778719858266413,0.0002672291302587837,-3.211702642147429e-05,156,0.5115851163864136,0.44311192631721497,-0.6596395969390869,1.1778013706207275,0.6417232155799866,0,,,,,,,,,,,,,,,
4946813,Số 1 đường Giải Phóng - phường Bạch Mai - ĐHBK,21.0052,105.8418,2025-12-18,87,8.386138506466523e-05,2.823117574735079e-05,3.8404938095482066e-05,0.00018101230671163648,8.279408211819828e-05,127,0.047201063483953476,0.003366441000252962,0.04009701684117317,0.054921649396419525,0.04704129323363304,128,3.408653719816357e-05,0.0001703803864074871,-0.00041146480361931026,0.0005280551267787814,2.7307258278597146e-05,156,-0.5840000510215759,0.3829754889011383,-1.4701961278915405,0.4506354331970215,-0.6278401613235474,45954,0.22659540176391602,0.16900745034217834,-0.17152006924152374,0.792985200881958,0.17379352450370789,0.07097883522510529,0.1666698306798935,-0.5963916182518005,0.5445265769958496,0.09880857169628143,-0.24151206016540527,0.1567464917898178,-0.7163030505180359,0.46293535828590393,-0.22549176216125488
4946813,Số 1 đường Giải Phóng - phường Bạch Mai - ĐHBK,21.0052,105.8418,2025-12-19,79,0.00012835004599764943,5.805045293527655e-05,4.766471101902425e-05,0.00030493258964270353,0.00012329901801422238,139,0.04220648854970932,0.004077521152794361,0.03305017948150635,0.05431685596704483,0.041974227875471115,134,2.869572381314356e-05,0.00020430948643479496,-0.0004897709586657584,0.0005998624837957323,2.7812162443296984e-05,156,-1.0715837478637695,0.29098692536354065,-1.6955760717391968,-0.10159127414226532,-1.1102852821350098,0,,,,,,,,,,,,,,,
4946813,Số 1 đường Giải Phóng - phường Bạch Mai - ĐHBK,21.0052,105.8418,2025-12-20,4,0.00011477725638542324,2.7940441214013845e-06,0.00011198321590200067,0.00011757130414480343,0.00011477725638542324,155,0.04073883220553398,0.0018486117478460073,0.03687889873981476,0.04430787265300751,0.04090350866317749,83,1.3164381925889757e-05,0.00011367419938324019,-0.0002223597839474678,0.00023016614431980997,1.4888889381836634e-05,156,-0.6467140913009644,0.38758596777915955,-1.4436705112457275,0.4324517250061035,-0.6294715404510498,0,,,,,,,,,,,,,,,
4946813,Số 1 đường Giải Phóng - phường Bạch Mai - ĐHBK,21.0052,105.8418,2025-12-21,0,,,,,,156,0.03875244781374931,0.002605878747999668,0.030467301607131958,0.04278425872325897,0.0386810377240181,76,2.459165989421308e-05,0.0002558934793341905,-0.00046422466402873397,0.0009565418004058301,4.853069913224317e-05,156,0.3717971742153168,0.2829795181751251,-0.6195715069770813,1.0767641067504883,0.40615302324295044,0,,,,,,,,,,,,,,,
4946813,Số 1 đường Giải Phóng - phường Bạch Mai - ĐHBK,21.0052,105.8418,2025-12-22,17,7.727851334493607e-05,1.4366416507982649e-05,6.503707845695317e-05,0.00011189035285497084,7.126216223696247e-05,116,0.04278559610247612,0.0018888923805207014,0.03926287963986397,0.04702082648873329,0.04251868277788162,54,-9.367093298351392e-05,0.00015662329678889364,-0.00045428192242980003,0.00023653391690459102,-8.021717076189816e-05,156,0.6966985464096069,0.6262193322181702,-0.4781050682067871,2.2536959648132324,0.638268232345581,0,,,,,,,,,,,,,,,
4946813,Số 1 đường Giải Phóng - phường Bạch Mai - ĐHBK,21.0052,105.8418,2025-12-23,33,7.23613120499067e-05,3.306058351881802e-05,3.225596447009593e-05,0.00017788006516639143,6.175976886879653e-05,119,0.04345005005598068,0.0026502422988414764,0.038791459053754807,0.0491790845990181,0.04335395619273186,68,-3.792691131820902e-05,0.00013898563338443637,-0.0003199187631253153,0.0002481331757735461,-5.1303366490174085e-05,156,-0.20898041129112244,0.5844131112098694,-1.2631826400756836,2.496767044067383,-0.3502570390701294,45954,0.006105856038630009,0.08183484524488449,-0.4032039940357208,0.49922528862953186,-0.0015932263340801,0.010327613912522793,0.105616994202137,-0.43025296926498413,0.5204445123672485,-0.006429061759263277,0.007781826891005039,0.05713151767849922,-0.4397730827331543,0.19807392358779907,0.018515774980187416
4946813,Số 1 đường Giải Phóng - phường Bạch Mai - ĐHBK,21.0052,105.8418,2025-12-24,42,8.251940744230524e-05,3.466893031145446e-05,2.543545087974053e-05,0.0001973750040633604,8.032581536099315e-05,127,0.042730990797281265,0.002720422111451626,0.036206189543008804,0.04913128912448883,0.042361535131931305,81,2.3270336896530353e-05,0.00013004281208850443,-0.00033315797918476164,0.00039436816587112844,1.1689091479638591e-05,156,-1.0653177499771118,0.5020556449890137,-2.217440605163574,0.29325416684150696,-1.0807271003723145,0,,,,,,,,,,,,,,,
4946813,Số 1 đường Giải Phóng - phường Bạch Mai - ĐHBK,21.0052,105.8418,2025-12-25,4,2.454658897477202e-05,1.1345040547894314e-05,1.3201548426877707e-05,3.5891629522666335e-05,2.454658897477202e-05,19,0.046127017587423325,0.006226414814591408,0.033031269907951355,0.05229675769805908,0.04863574355840683,12,-4.045595778734423e-05,0.00025218442897312343,-0.0004520800430327654,0.0003066417993977666,1.836699084378779e-06,156,-0.6094575524330139,0.5296422243118286,-2.020200729370117,0.36962229013442993,-0.5594916343688965,0,,,,,,,,,,,,,,,
4946813,Số 1 đường Giải Phóng - phường Bạch Mai - ĐHBK,21.0052,105.8418,2025-12-26,156,7.72210187278688e-05,2.1406976884463802e-05,3.5724897315958515e-05,0.00013366210623644292,7.428716344293207e-05,31,0.04253928363323212,0.0013199052773416042,0.040293511003255844,0.04439114034175873,0.04259093850851059,156,-6.309283344307914e-05,0.00046694278717041016,-0.0010888052638620138,0.0011423856485635042,-0.00011120502313133329,156,0.20571263134479523,0.08157453685998917,-0.13710370659828186,0.3628304600715637,0.20224758982658386,0,,,,,,,,,,,,,,,
4946813,Số 1 đường Giải Phóng - phường Bạch Mai - ĐHBK,21.0052,105.8418,2025-12-27,0,,,,,,0,,,,,,0,,,,,,156,0.6780682802200317,0.2979457676410675,0.036269091069698334,1.2337498664855957,0.7458047270774841,0,,,,,,,,,,,,,,,
4946813,Số 1 đường Giải Phóng - phường Bạch Mai - ĐHBK,21.0052,105.8418,2025-12-28,3,0.00010326164920115843,1.6363870599889196e-05,8.817965135676786e-05,0.00012600344780366868,9.560183389112353e-05,25,0.047571778297424316,0.0013027045642957091,0.04560662433505058,0.04961514472961426,0.04772092401981354,21,9.493347897659987e-05,0.0001092903403332457,-7.657286187168211e-05,0.0002733298751991242,8.75328914844431e-05,156,0.2517387866973877,0.46435633301734924,-1.0527360439300537,0.9663619995117188,0.34856054186820984,45954,0.011889852583408356,0.007610023953020573,-0.025390028953552246,0.07614810019731522,0.011470798403024673,-0.12614433467388153,0.01309688575565815,-0.19563721120357513,-0.06493931263685226,-0.12575209140777588,-0.007315249647945166,0.004848102573305368,-0.033646516501903534,0.01630617119371891,-0.00727097550407052
4946813,Số 1 đường Giải Phóng - phường Bạch Mai - ĐHBK,21.0052,105.8418,2025-12-29,0,,,,,,0,,,,,,0,,,,,,156,-0.5478490591049194,0.5140761137008667,-1.794696569442749,0.7235722541809082,-0.49331581592559814,0,,,,,,,,,,,,,,,
4946813,Số 1 đường Giải Phóng - phường Bạch Mai - ĐHBK,21.0052,105.8418,2025-12-30,0,,,,,,14,0.04501337930560112,0.00196202308870852,0.04166530445218086,0.0474461205303669,0.04507765173912048,0,,,,,,156,-0.8600801229476929,0.5522720217704773,-2.3341331481933594,0.28907230496406555,-0.8300098180770874,45954,-0.001959717134013772,0.012823322787880898,-0.11070775985717773,0.137844517827034,-0.0010892886202782393,-0.14031070470809937,0.03589841350913048,-0.3272944390773773,0.03773316740989685,-0.12929004430770874,0.010538734495639801,0.01231667585670948,-0.061606645584106445,0.06113985553383827,0.008317062631249428
4946813,Số 1 đường Giải Phóng - phường Bạch Mai - ĐHBK,21.0052,105.8418,2025-12-31,0,,,,,,18,0.03987469896674156,0.002132875844836235,0.03648289665579796,0.041583530604839325,0.04148673638701439,0,,,,,,156,-0.32302942872047424,0.46755754947662354,-1.6187824010849,0.6343339681625366,-0.24159744381904602,0,,,,,,,,,,,,,,,
4946813,Số 1 đường Giải Phóng - phường Bạch Mai - ĐHBK,21.0052,105.8418,2026-01-01,0,,,,,,109,0.04332776740193367,0.0022356712725013494,0.04013296589255333,0.04751881584525108,0.043279923498630524,15,4.695252573583275e-05,0.000395578914321959,-0.0007612942135892808,0.000688190630171448,1.916719338623807e-05,156,1.1444860696792603,0.46923261880874634,0.3717338442802429,2.9465596675872803,1.0448393821716309,0,,,,,,,,,,,,,,,
4946813,Số 1 đường Giải Phóng - phường Bạch Mai - ĐHBK,21.0052,105.8418,2026-01-02,0,,,,,,0,,,,,,0,,,,,,156,0.4367835223674774,0.2029760777950287,-0.06950118392705917,0.8987796902656555,0.4202166795730591,45954,0.00853094644844532,0.008117659948766232,-0.02536129765212536,0.042307667434215546,0.009094834327697754,-0.22871164977550507,0.03598194196820259,-0.4025970995426178,-0.13357999920845032,-0.22325225174427032,-0.018037846311926842,0.008008738048374653,-0.04050333425402641,0.015531645156443119,-0.01890544779598713
4946813,Số 1 đường Giải Phóng - phường Bạch Mai - ĐHBK,21.0052,105.8418,2026-01-03,0,,,,,,0,,,,,,0,,,,,,156,0.007877429015934467,0.17676536738872528,-0.36286890506744385,0.43565407395362854,-0.0029039306100457907,0,,,,,,,,,,,,,,,
4946813,Số 1 đường Giải Phóng - phường Bạch Mai - ĐHBK,21.0052,105.8418,2026-01-04,16,9.751087054610252e-05,2.5725581508595496e-05,6.669815047644079e-05,0.00015234779857564718,8.674588025314733e-05,60,0.05153925344347954,0.005346497055143118,0.036132100969552994,0.0641544833779335,0.052418775856494904,42,2.948587280116044e-05,0.00013670969929080456,-0.00034664320992305875,0.0003212603915017098,3.0497409170493484e-05,156,-0.9879708886146545,0.863567054271698,-2.7755684852600098,0.4748653769493103,-0.6921834945678711,0,,,,,,,,,,,,,,,
4946813,Số 1 đường Giải Phóng - phường Bạch Mai - ĐHBK,21.0052,105.8418,2026-01-05,0,,,,,,0,,,,,,0,,,,,,156,-0.25307199358940125,0.19835777580738068,-0.8765537738800049,0.17643480002880096,-0.21912682056427002,0,,,,,,,,,,,,,,,
4946813,Số 1 đường Giải Phóng - phường Bạch Mai - ĐHBK,21.0052,105.8418,2026-01-06,0,,,,,,0,,,,,,0,,,,,,156,0.1201920360326767,0.11781951785087585,-0.11924534291028976,0.39071452617645264,0.13623300194740295,0,,,,,,,,,,,,,,,
4946813,Số 1 đường Giải Phóng - phường Bạch Mai - ĐHBK,21.0052,105.8418,2026-01-07,156,6.845708412583917e-05,1.3770457371720113e-05,3.521480903145857e-05,0.00010489030682947487,7.084727985784411e-05,129,0.053201787173748016,0.0020779024343937635,0.048136159777641296,0.057754021137952805,0.052998196333646774,156,9.759177919477224e-05,0.0003134673461318016,-0.0006284987321123481,0.0010153916664421558,3.2072715839603916e-05,156,-0.04850068315863609,0.11576737463474274,-0.6470169425010681,0.11619937419891357,-0.03041236288845539,45954,0.2631322741508484,0.2119707614183426,-0.49997591972351074,0.8901146650314331,0.20717820525169373,0.08777867257595062,0.17982035875320435,-0.7039163708686829,0.7584831714630127,0.10802459716796875,-0.29354327917099,0.2112055867910385,-0.8217926025390625,0.6456958055496216,-0.2851988673210144
4946813,Số 1 đường Giải Phóng - phường Bạch Mai - ĐHBK,21.0052,105.8418,2026-01-08,156,7.828290108591318e-05,1.8141032342100516e-05,3.176736936438829e-05,0.00012308696750551462,7.883398211561143e-05,79,0.05193689838051796,0.00222801580093801,0.04599642753601074,0.05964653566479683,0.051762551069259644,156,3.6990782973589376e-05,0.00025586775154806674,-0.0005183186731301248,0.0006855251849628985,4.9500893510412425e-05,156,-0.3842087984085083,0.12973201274871826,-0.8829116225242615,-0.09421791136264801,-0.3689393103122711,0,,,,,,,,,,,,,,,
4946813,Số 1 đường Giải Phóng - phường Bạch Mai - ĐHBK,21.0052,105.8418,2026-01-09,156,0.00022647567675448954,8.389857975998893e-05,7.417549204546958e-05,0.00047639443073421717,0.00022551753500010818,100,0.05730675533413887,0.006491268519312143,0.04355880618095398,0.08447621762752533,0.056637924164533615,156,0.00016536506882403046,0.0002994168025907129,-0.0006047270144335926,0.0009816529927775264,0.00014886059216223657,156,-0.6579575538635254,0.1797499656677246,-1.2731518745422363,-0.057729434221982956,-0.6643637418746948,0,,,,,,,,,,,,,,,
4946813,Số 1 đường Giải Phóng - phường Bạch Mai - ĐHBK,21.0052,105.8418,2026-01-10,156,0.00024605641374364495,6.415355164790526e-05,0.00014006998389959335,0.00044171008630655706,0.00023456726921722293,100,0.05373232811689377,0.005396964959800243,0.04130186513066292,0.07141577452421188,0.05286559462547302,156,0.00021607332746498287,0.0002920367696788162,-0.0005995192914269865,0.0009895486291497946,0.00022289977641776204,156,-0.4771004617214203,0.20589376986026764,-1.2619613409042358,0.20057827234268188,-0.4785035252571106,0,,,,,,,,,,,,,,,
4946813,Số 1 đường Giải Phóng - phường Bạch Mai - ĐHBK,21.0052,105.8418,2026-01-11,156,7.96567983343266e-05,2.601681262603961e-05,3.090352765866555e-05,0.0001483631058363244,7.52603227738291e-05,104,0.05451956018805504,0.003120702225714922,0.04742242395877838,0.061716366559267044,0.054328907281160355,156,5.3640913392882794e-05,0.0003161595086567104,-0.0011049079475924373,0.0007685284945182502,7.340508454944938e-05,156,0.8836968541145325,0.12360633164644241,0.5079036355018616,1.1122559309005737,0.8932902812957764,0,,,,,,,,,,,,,,,
4946813,Số 1 đường Giải Phóng - phường Bạch Mai - ĐHBK,21.0052,105.8418,2026-01-12,44,0.00015688632265664637,4.7130972234299406e-05,0.0001038341797539033,0.00032844330416992307,0.00015331682516261935,136,0.04940470680594444,0.00210313918069005,0.04446657374501228,0.05404084920883179,0.04966803267598152,141,3.5725886846194044e-05,0.0002467557496856898,-0.0010197738884016871,0.00048147415509447455,2.657667937455699e-05,156,0.6044459939002991,0.2653740644454956,0.2205628752708435,1.4180920124053955,0.5156739950180054,45954,-0.010345668531954288,0.08767755329608917,-0.2489841729402542,0.5035243034362793,-0.02243221551179886,0.017243701964616776,0.1357635259628296,-0.5003228783607483,0.4306492805480957,0.02517145872116089,0.03375647962093353,0.08603940904140472,-0.41726014018058777,0.32198742032051086,0.04030211642384529
4946813,Số 1 đường Giải Phóng - phường Bạch Mai - ĐHBK,21.0052,105.8418,2026-01-13,154,8.842448005452752e-05,3.193643351551145e-05,4.036819882458076e-05,0.0002151148801203817,8.120349230011925e-05,112,0.05883583426475525,0.004294918850064278,0.048764944076538086,0.0706409439444542,0.05815734714269638,155,9.53203027620475e-08,0.00027103221509605646,-0.0008392609306611121,0.000604556524194777,-3.981643203587737e-06,156,-0.08258796483278275,0.14751188457012177,-0.8820056319236755,0.5077598094940186,-0.05489975959062576,0,,,,,,,,,,,,,,,
4946813,Số 1 đường Giải Phóng - phường Bạch Mai - ĐHBK,21.0052,105.8418,2026-01-14,136,0.00018333170737605542,0.00013961916556581855,3.3307129342574626e-05,0.0005709428805857897,0.00012221801443956792,120,0.05071635916829109,0.005830142181366682,0.04225420951843262,0.06758343428373337,0.04875264689326286,147,0.00010036410094471648,0.00025075633311644197,-0.0005599288851954043,0.0011704585049301386,6.863193266326562e-05,156,-0.7968013286590576,0.2683185338973999,-1.2713841199874878,0.44377776980400085,-0.8632910251617432,0,,,,,,,,,,,,,,,
4946813,Số 1 đường Giải Phóng - phường Bạch Mai - ĐHBK,21.0052,105.8418,2026-01-15,0,,,,,,0,,,,,,0,,,,,,156,-0.2654486298561096,0.24590079486370087,-0.9280108213424683,0.26467132568359375,-0.2905665338039398,0,,,,,,,,,,,,,,,
4946813,Số 1 đường Giải Phóng - phường Bạch Mai - ĐHBK,21.0052,105.8418,2026-01-16,0,,,,,,6,0.04482327029109001,0.0012765007559210062,0.04197349026799202,0.04555124416947365,0.0453537255525589,0,,,,,,156,0.32377275824546814,0.2504827082157135,-0.3374691903591156,0.7861009240150452,0.3280335068702698,0,,,,,,,,,,,,,,,
4946813,Số 1 đường Giải Phóng - phường Bạch Mai - ĐHBK,21.0052,105.8418,2026-01-17,0,,,,,,70,0.045193132013082504,0.0026573450304567814,0.04101286828517914,0.050259318202733994,0.045537106692790985,4,-7.790695963194594e-05,0.0002644499181769788,-0.0005349551793187857,0.00010285563621437177,6.023585228831507e-05,156,1.032106876373291,0.4177382290363312,-0.11209749430418015,2.046666383743286,1.0640153884887695,45954,0.008477486670017242,0.00698457658290863,-0.02261965163052082,0.04218822345137596,0.00856284610927105,-0.15811064839363098,0.028447972610592842,-0.286114901304245,-0.09252478182315826,-0.15532547235488892,-0.0027793606277555227,0.004796734545379877,-0.02552204579114914,0.017171695828437805,-0.0027700597420334816
4946813,Số 1 đường Giải Phóng - phường Bạch Mai - ĐHBK,21.0052,105.8418,2026-01-18,10,0.00011422539682826027,6.25138491159305e-05,4.8082434659590945e-05,0.00021640742488671094,8.169662760337815e-05,133,0.04075430706143379,0.00222805910743773,0.035456687211990356,0.046127498149871826,0.04076050966978073,70,-1.2471753507270478e-05,0.00010841582115972415,-0.00036001333501189947,0.00025724206352606416,3.885109890688909e-06,156,0.28950807452201843,0.5597975850105286,-0.9438746571540833,1.8618769645690918,0.25079816579818726,0,,,,,,,,,,,,,,,
4946813,Số 1 đường Giải Phóng - phường Bạch Mai - ĐHBK,21.0052,105.8418,2026-01-19,8,0.00010039607877843082,1.593440720171202e-05,6.902036693645641e-05,0.00011747524695238099,0.00010068407573271543,50,0.039194125682115555,0.0027322443202137947,0.03349333629012108,0.04412313550710678,0.03939315304160118,24,3.1374500395031646e-05,9.000041609397158e-05,-0.00013043740182183683,0.00018233791342936456,4.480850475374609e-05,156,-0.23835162818431854,0.8263951539993286,-1.9246307611465454,1.3245409727096558,-0.12806068360805511,0,,,,,,,,,,,,,,,
4946813,Số 1 đường Giải Phóng - phường Bạch Mai - ĐHBK,21.0052,105.8418,2026-01-20,0,,,,,,83,0.039550021290779114,0.002888851799070835,0.03320467844605446,0.04378460720181465,0.039943110197782516,10,7.689159247092903e-07,8.258204616140574e-05,-0.00014039712550584227,0.00014751420530956239,8.802540833130479e-06,156,-1.04535710811615,0.7541578412055969,-2.888099431991577,0.7992739677429199,-1.1052302122116089,0,,,,,,,,,,,,,,,
4946813,Số 1 đường Giải Phóng - phường Bạch Mai - ĐHBK,21.0052,105.8418,2026-01-21,0,,,,,,30,0.039742667227983475,0.0016903100768104196,0.036727506667375565,0.04156866669654846,0.04057856649160385,0,,,,,,156,-0.5469525456428528,0.39085668325424194,-1.5777103900909424,0.27160176634788513,-0.4855232834815979,0,,,,,,,,,,,,,,,
4946813,Số 1 đường Giải Phóng - phường Bạch Mai - ĐHBK,21.0052,105.8418,2026-01-22,0,,,,,,0,,,,,,0,,,,,,152,0.12794728577136993,0.18002547323703766,-0.39739125967025757,0.45286643505096436,0.143976628780365,45954,0.008850914426147938,0.010575732216238976,-0.04536019638180733,0.06008963659405708,0.008650943636894226,-0.20533177256584167,0.03731526806950569,-0.41171321272850037,-0.10936673730611801,-0.1988157331943512,-0.01996314525604248,0.008045420050621033,-0.04881097748875618,0.017978888005018234,-0.020513925701379776
4946813,Số 1 đường Giải Phóng - phường Bạch Mai - ĐHBK,21.0052,105.8418,2026-01-23,0,,,,,,0,,,,,,0,,,,,,156,0.4624977111816406,0.12110698968172073,0.21020224690437317,0.8250413537025452,0.43014854192733765,0,,,,,,,,,,,,,,,
4946813,Số 1 đường Giải Phóng - phường Bạch Mai - ĐHBK,21.0052,105.8418,2026-01-24,0,,,,,,0,,,,,,0,,,,,,156,0.1677582710981369,0.12032711505889893,-0.19661292433738708,0.47731900215148926,0.17729312181472778,0,,,,,,,,,,,,,,,
4946813,Số 1 đường Giải Phóng - phường Bạch Mai - ĐHBK,21.0052,105.8418,2026-01-25,0,,,,,,4,0.0435977540910244,0.004378740210086107,0.036831196397542953,0.04908283054828644,0.04423849657177925,1,1.1692505722749047e-05,0.0,1.1692505722749047e-05,1.1692505722749047e-05,1.1692505722749047e-05,156,-0.35580867528915405,0.462327778339386,-2.1227078437805176,0.29601752758026123,-0.25451624393463135,0,,,,,,,,,,,,,,,
4946813,Số 1 đường Giải Phóng - phường Bạch Mai - ĐHBK,21.0052,105.8418,2026-01-26,0,,,,,,0,,,,,,0,,,,,,156,-0.1448429375886917,0.25010839104652405,-0.9416411519050598,0.5696122646331787,-0.14970709383487701,0,,,,,,,,,,,,,,,
4946813,Số 1 đường Giải Phóng - phường Bạch Mai - ĐHBK,21.0052,105.8418,2026-01-27,0,,,,,,11,0.042795732617378235,0.000280499312793836,0.042460840195417404,0.04316195473074913,0.04285596311092377,5,-0.00012532059918157756,0.000134080954012461,-0.00023431146109942347,5.8115198044106364e-05,-0.00023431146109942347,156,0.4281970262527466,0.3591166138648987,-0.37874704599380493,1.1122450828552246,0.4787438213825226,45954,0.03675532341003418,0.03575964644551277,-0.17356039583683014,0.34307754039764404,0.03340068459510803,0.003827689914032817,0.04373174160718918,-0.28112825751304626,0.3301798403263092,0.00024977061548270285,-0.03846830874681473,0.0184090007096529,-0.17766453325748444,0.0552300401031971,-0.036008961498737335
4946813,Số 1 đường Giải Phóng - phường Bạch Mai - ĐHBK,21.0052,105.8418,2026-01-28,0,,,,,,75,0.04693644121289253,0.0018829918699339032,0.04378562793135643,0.05094344541430473,0.0472465418279171,64,5.590702494373545e-05,0.00015964738850016147,-0.0002023993874900043,0.0003633063461165875,2.1920881408732384e-05,156,0.6448809504508972,0.610500693321228,-0.5468986630439758,1.8426098823547363,0.5163707733154297,0,,,,,,,,,,,,,,,
4946813,Số 1 đường Giải Phóng - phường Bạch Mai - ĐHBK,21.0052,105.8418,2026-01-29,6,0.00012447348854038864,6.884641334181651e-05,2.8205902708577923e-05,0.0002249736717203632,0.00012498513387981802,33,0.04636135697364807,0.0023286817595362663,0.04041941836476326,0.05049709603190422,0.046544309705495834,24,2.5032711619132897e-06,8.483698911732063e-05,-0.00017308101814705878,0.0001836068113334477,8.417843673669267e-06,156,0.3982745110988617,0.5035262107849121,-0.8005507588386536,1.4307727813720703,0.4323248863220215,0,,,,,,,,,,,,,,,
4946813,Số 1 đường Giải Phóng - phường Bạch Mai - ĐHBK,21.0052,105.8418,2026-01-30,0,,,,,,0,,,,,,0,,,,,,156,-0.033636752516031265,0.5326929092407227,-1.4851765632629395,1.177762746810913,-0.028833042830228806,0,,,,,,,,,,,,,,,
4946813,Số 1 đường Giải Phóng - phường Bạch Mai - ĐHBK,21.0052,105.8418,2026-01-31,0,,,,,,4,0.046781912446022034,0.0025940164923667908,0.04418789595365524,0.049375928938388824,0.046781912446022034,0,,,,,,156,-0.3391772508621216,0.6105861067771912,-2.3759047985076904,0.710955023765564,-0.188645139336586,0,,,,,,,,,,,,,,,
4946813,Số 1 đường Giải Phóng - phường Bạch Mai - ĐHBK,21.0052,105.8418,2026-02-01,2,0.00013968661369290203,8.855058695189655e-06,0.00013083155499771237,0.00014854167238809168,0.00013968661369290203,87,0.0524919219315052,0.00399879552423954,0.04749290272593498,0.06301731616258621,0.05143190547823906,95,7.982291572261602e-05,0.0002324277302250266,-0.0002409499284112826,0.0009044587495736778,3.312957414891571e-05,156,-0.4373037815093994,0.2897425591945648,-0.9903849959373474,0.5475245714187622,-0.435770720243454,45954,0.017325682565569878,0.0108206607401371,-0.05868719145655632,0.09574855118989944,0.017156822606921196,-0.08276007324457169,0.01824370212852955,-0.1770572066307068,0.04249345511198044,-0.08251948654651642,-0.021033765748143196,0.006053153891116381,-0.04802472144365311,0.012135903351008892,-0.02130211889743805
4946813,Số 1 đường Giải Phóng - phường Bạch Mai - ĐHBK,21.0052,105.8418,2026-02-02,0,,,,,,0,,,,,,1,-0.001408468117006123,0.0,-0.001408468117006123,-0.001408468117006123,-0.001408468117006123,156,0.31771883368492126,0.27541640400886536,-0.7176324725151062,0.8513867855072021,0.33435380458831787,0,,,,,,,,,,,,,,,
4946813,Số 1 đường Giải Phóng - phường Bạch Mai - ĐHBK,21.0052,105.8418,2026-02-03,0,,,,,,0,,,,,,0,,,,,,156,0.12682197988033295,0.25653085112571716,-0.5399736166000366,0.696431040763855,0.11772990226745605,0,,,,,,,,,,,,,,,
4946813,Số 1 đường Giải Phóng - phường Bạch Mai - ĐHBK,21.0052,105.8418,2026-02-04,0,,,,,,1,0.048916373401880264,0.0,0.048916373401880264,0.048916373401880264,0.048916373401880264,0,,,,,,156,-0.08776949346065521,0.4997263252735138,-1.7151156663894653,0.960570216178894,-0.10421440005302429,0,,,,,,,,,,,,,,,
4946813,Số 1 đường Giải Phóng - phường Bạch Mai - ĐHBK,21.0052,105.8418,2026-02-05,0,,,,,,0,,,,,,0,,,,,,156,-0.361040323972702,0.4715958535671234,-1.5575209856033325,0.9959941506385803,-0.3087688684463501,0,,,,,,,,,,,,,,,
4946813,Số 1 đường Giải Phóng - phường Bạch Mai - ĐHBK,21.0052,105.8418,2026-02-06,0,,,,,,63,0.04889164865016937,0.0034635039046406746,0.04345028102397919,0.05503638833761215,0.04770251736044884,25,-1.2723438885586802e-05,4.986968997400254e-05,-0.00010647133603924885,0.000127050414448604,-2.120929457305465e-05,156,-0.4236077070236206,0.4289306700229645,-1.3147358894348145,0.5903481841087341,-0.43888959288597107,45954,-0.007786798290908337,0.010635463520884514,-0.06303464621305466,0.05774327740073204,-0.007550489157438278,-0.23635876178741455,0.04243799299001694,-0.44906559586524963,-0.128262460231781,-0.23078912496566772,0.01575496979057789,0.009345276281237602,-0.020802725106477737,0.05736280977725983,0.015144988894462585
4946813,Số 1 đường Giải Phóng - phường Bạch Mai - ĐHBK,21.0052,105.8418,2026-02-07,0,,,,,,4,0.051089152693748474,0.00026599987177178264,0.05093557760119438,0.05154987797141075,0.05093557760119438,0,,,,,,154,0.21581114828586578,0.3519870340824127,-0.49099817872047424,1.3365198373794556,0.16013586521148682,0,,,,,,,,,,,,,,,
4946813,Số 1 đường Giải Phóng - phường Bạch Mai - ĐHBK,21.0052,105.8418,2026-02-08,0,,,,,,0,,,,,,0,,,,,,156,0.5299864411354065,0.15167640149593353,0.2500593662261963,1.0060343742370605,0.5202509164810181,0,,,,,,,,,,,,,,,
4946813,Số 1 đường Giải Phóng - phường Bạch Mai - ĐHBK,21.0052,105.8418,2026-02-09,0,,,,,,0,,,,,,0,,,,,,156,0.12617909908294678,0.37416383624076843,-0.7428959608078003,1.3082387447357178,0.15192043781280518,0,,,,,,,,,,,,,,,
4946813,Số 1 đường Giải Phóng - phường Bạch Mai - ĐHBK,21.0052,105.8418,2026-02-10,83,9.148379467660561e-05,2.8857206416432746e-05,5.235753269516863e-05,0.00022099346097093076,8.646362402942032e-05,140,0.05719763785600662,0.0056727584451437,0.04044143110513687,0.0710793063044548,0.05725795030593872,134,5.213211989030242e-05,0.00020995739032514393,-0.0005827730637975037,0.0004804214695468545,4.7430425183847547e-05,156,-1.0028295516967773,0.41172996163368225,-1.8928667306900024,0.8549343943595886,-1.0647203922271729,0,,,,,,,,,,,,,,,
4946813,Số 1 đường Giải Phóng - phường Bạch Mai - ĐHBK,21.0052,105.8418,2026-02-11,0,,,,,,2,0.048290401697158813,0.0,0.048290401697158813,0.048290401697158813,0.048290401697158813,0,,,,,,156,0.08914589136838913,0.26809170842170715,-0.8634784817695618,0.5582922101020813,0.09851726144552231,45954,-0.005035885144025087,0.009183654561638832,-0.05805272236466408,0.047346387058496475,-0.005179830826818943,-0.20305094122886658,0.034636273980140686,-0.4009982943534851,-0.11211299151182175,-0.196224182844162,0.0011259252205491066,0.0065796859562397,-0.022005168721079826,0.03494090214371681,0.000761942530516535
4946813,Số 1 đường Giải Phóng - phường Bạch Mai - ĐHBK,21.0052,105.8418,2026-02-12,0,,,,,,15,0.052961841225624084,0.0029376118909567595,0.04810032621026039,0.05495430529117584,0.05449025705456734,2,-0.0001620279799681157,0.0,-0.0001620279799681157,-0.0001620279799681157,-0.0001620279799681157,156,0.11236093938350677,0.478320837020874,-1.6170636415481567,0.8627880215644836,0.18638522922992706,0,,,,,,,,,,,,,,,
4946813,Số 1 đường Giải Phóng - phường Bạch Mai - ĐHBK,21.0052,105.8418,2026-02-13,0,,,,,,0,,,,,,0,,,,,,156,0.9110332131385803,0.30715060234069824,0.1294756829738617,1.7895829677581787,0.8577052354812622,0,,,,,,,,,,,,,,,
4946813,Số 1 đường Giải Phóng - phường Bạch Mai - ĐHBK,21.0052,105.8418,2026-02-14,0,,,,,,1,0.04595687985420227,0.0,0.04595687985420227,0.04595687985420227,0.04595687985420227,0,,,,,,156,0.29397711157798767,0.4632764458656311,-0.8761354088783264,1.563399314880371,0.2896873354911804,0,,,,,,,,,,,,,,,
4946813,Số 1 đường Giải Phóng - phường Bạch Mai - ĐHBK,21.0052,105.8418,2026-02-15,32,7.036191527731717e-05,5.560044155572541e-05,2.3308870368055068e-05,0.0002484938013367355,4.7867641114862636e-05,137,0.047177720814943314,0.00263339770026505,0.04222165420651436,0.053231917321681976,0.0468628965318203,103,-2.2452260964200832e-05,0.00012072924437234178,-0.0004336350248195231,0.0003105501818936318,-4.7348053158202674e-06,156,-0.3142841160297394,0.3950328826904297,-1.085340976715088,0.8717103600502014,-0.295115202665329,0,,,,,,,,,,,,,,,
4946813,Số 1 đường Giải Phóng - phường Bạch Mai - ĐHBK,21.0052,105.8418,2026-02-16,14,9.25510103115812e-05,3.456321792327799e-05,4.333033211878501e-05,0.00014937184459995478,9.063677862286568e-05,131,0.045539092272520065,0.0029647238552570343,0.03929806873202324,0.0511799231171608,0.04605709761381149,106,2.4909499188652262e-05,0.00010216286318609491,-0.0002370421279920265,0.00035983845009468496,2.3523145500803366e-05,156,-0.5600448250770569,0.5050292611122131,-1.5048209428787231,0.9269402027130127,-0.6144999265670776,45954,0.06372741609811783,0.1727542132139206,-0.6421723365783691,0.7131859660148621,0.042320363223552704,0.07266642898321152,0.14707504212856293,-0.568981945514679,0.6619358658790588,0.06625580787658691,-0.061248548328876495,0.1807931661605835,-0.6353079676628113,0.7033953666687012,-0.03266420215368271
4946813,Số 1 đường Giải Phóng - phường Bạch Mai - ĐHBK,21.0052,105.8418,2026-02-17,0,,,,,,0,,,,,,0,,,,,,156,-0.08842363953590393,0.40663963556289673,-1.5878733396530151,0.7335171699523926,-0.037479057908058167,0,,,,,,,,,,,,,,,
4946813,Số 1 đường Giải Phóng - phường Bạch Mai - ĐHBK,21.0052,105.8418,2026-02-18,0,,,,,,0,,,,,,0,,,,,,156,0.7610134482383728,0.05953921750187874,0.5546148419380188,0.8951271772384644,0.7598876953125,0,,,,,,,,,,,,,,,
4946813,Số 1 đường Giải Phóng - phường Bạch Mai - ĐHBK,21.0052,105.8418,2026-02-19,0,,,,,,0,,,,,,0,,,,,,156,0.2828342616558075,0.24237073957920074,-0.4940096139907837,0.8499847054481506,0.2724640369415283,0,,,,,,,,,,,,,,,
4946813,Số 1 đường Giải Phóng - phường Bạch Mai - ĐHBK,21.0052,105.8418,2026-02-20,148,4.548702054307796e-05,1.1168141099915374e-05,2.233982195321005e-05,7.320146687561646e-05,4.416076990310103e-05,153,0.054893769323825836,0.0031080497428774834,0.047804903239011765,0.061907168477773666,0.05401553213596344,156,9.610169945517555e-05,0.0002703980135265738,-0.0004837645392399281,0.0011151554062962532,8.582025475334376e-05,156,-0.31569093465805054,0.16905337572097778,-0.8074373602867126,0.06544908881187439,-0.27930623292922974,0,,,,,,,,,,,,,,,
4946813,Số 1 đường Giải Phóng - phường Bạch Mai - ĐHBK,21.0052,105.8418,2026-02-21,2,0.0001388851524097845,2.395992851234041e-05,0.00011492522753542289,0.00016284508456010371,0.0001388851524097845,38,0.044719938188791275,0.004696337506175041,0.03749188035726547,0.05445275083184242,0.04433216154575348,16,4.673682269640267e-06,9.072735701920465e-05,-9.422395669389516e-05,0.00027676939498633146,-3.226952321710996e-05,156,-0.4898048937320709,0.6279487609863281,-2.377936601638794,0.52245032787323,-0.38487136363983154,45954,0.044119589030742645,0.10045021027326584,-0.3733249008655548,0.5816037654876709,0.025640927255153656,0.064235620200634,0.11324369162321091,-0.5501948595046997,0.500393271446228,0.05313865840435028,-0.03589451685547829,0.09576430916786194,-0.4965859651565552,0.2648789584636688,-0.010760229080915451
4946813,Số 1 đường Giải Phóng - phường Bạch Mai - ĐHBK,21.0052,105.8418,2026-02-22,0,,,,,,0,,,,,,0,,,,,,156,0.4936509132385254,0.3541490435600281,-0.4697868824005127,0.9888449311256409,0.5940569639205933,0,,,,,,,,,,,,,,,
4946813,Số 1 đường Giải Phóng - phường Bạch Mai - ĐHBK,21.0052,105.8418,2026-02-23,5,3.820926576736383e-05,3.83705855711014e-06,3.3396783692296594e-05,4.2753985326271504e-05,3.607078906497918e-05,30,0.048386912792921066,0.003404926974326372,0.04381537437438965,0.05255910009145737,0.049340832978487015,15,0.00022461988555733114,0.0002601959859021008,-0.00023778429022058845,0.00072763382922858,0.00015274775796569884,148,0.08824766427278519,0.5355756878852844,-0.8821415901184082,1.894139051437378,0.06104251742362976,0,,,,,,,,,,,,,,,
4946813,Số 1 đường Giải Phóng - phường Bạch Mai - ĐHBK,21.0052,105.8418,2026-02-24,0,,,,,,0,,,,,,0,,,,,,156,0.6356959939002991,0.13931386172771454,0.3540419638156891,1.1186726093292236,0.6144445538520813,0,,,,,,,,,,,,,,,
4946813,Số 1 đường Giải Phóng - phường Bạch Mai - ĐHBK,21.0052,105.8418,2026-02-25,0,,,,,,26,0.050949398428201675,0.0030809224117547274,0.046549323946237564,0.05620206892490387,0.05105741694569588,3,2.2143569367472082e-05,5.4497581004397944e-05,-5.480193067342043e-05,6.442715675802901e-05,5.680548201780766e-05,156,-0.2117292881011963,0.5088493227958679,-1.7097221612930298,0.9648972749710083,-0.22339218854904175,0,,,,,,,,,,,,,,,
4946813,Số 1 đường Giải Phóng - phường Bạch Mai - ĐHBK,21.0052,105.8418,2026-02-26,0,,,,,,0,,,,,,0,,,,,,156,-0.03367002308368683,0.4333208501338959,-1.5658756494522095,0.7926874756813049,-0.02107347920536995,45954,0.010689521208405495,0.006589559838175774,-0.020387308672070503,0.04061340168118477,0.010573755949735641,-0.28427544236183167,0.027956176549196243,-0.4183524549007416,-0.21488310396671295,-0.27981722354888916,-0.017861638218164444,0.0036864876747131348,-0.035597484558820724,0.0,-0.01786492019891739
4946813,Số 1 đường Giải Phóng - phường Bạch Mai - ĐHBK,21.0052,105.8418,2026-02-27,0,,,,,,59,0.04166993126273155,0.003173589939251542,0.03649955615401268,0.047708310186862946,0.04223201796412468,0,,,,,,156,-0.42795875668525696,0.4984811544418335,-1.638676643371582,0.6257604360580444,-0.46782082319259644,0,,,,,,,,,,,,,,,
4946813,Số 1 đường Giải Phóng - phường Bạch Mai - ĐHBK,21.0052,105.8418,2026-02-28,1,3.5230579669587314e-05,0.0,3.5230579669587314e-05,3.5230579669587314e-05,3.5230579669587314e-05,139,0.047878798097372055,0.0027275527827441692,0.0426771454513073,0.05281360447406769,0.04646000638604164,57,-7.236193141579861e-06,0.00013793056132271886,-0.0003249517176300287,0.0002924840082414448,-1.4081269000598695e-05,156,-0.577795684337616,0.32283276319503784,-1.3658316135406494,0.2510601580142975,-0.5604037046432495,0,,,,,,,,,,,,,,,
4946813,Số 1 đường Giải Phóng - phường Bạch Mai - ĐHBK,21.0052,105.8418,2026-03-01,116,8.368496492039412e-05,3.390520214452408e-05,3.9833630580687895e-05,0.00016726111061871052,7.659885886823758e-05,156,0.04371214658021927,0.0027141983155161142,0.040352191776037216,0.04987427964806557,0.04275904595851898,152,8.592089216108434e-06,0.00018348761659581214,-0.0005575051764026284,0.00048194965347647667,1.3172633771318942e-05,156,0.7513552904129028,0.2833603620529175,0.36260679364204407,1.4443341493606567,0.7072856426239014,0,,,,,,,,,,,,,,,
4946813,Số 1 đường Giải Phóng - phường Bạch Mai - ĐHBK,21.0052,105.8418,2026-03-02,115,4.348541551735252e-05,1.1579684723983519e-05,1.7470272723585367e-05,8.728991815587506e-05,4.1066745325224474e-05,154,0.04621288925409317,0.0035897898487746716,0.04121308773756027,0.0563005767762661,0.0451815240085125,147,1.7709258827380836e-05,0.000157827977091074,-0.00043030770029872656,0.00047708311467431486,9.470129953115247e-06,156,-0.048323001712560654,0.21736638247966766,-0.5190689563751221,0.7591934204101562,-0.08088711649179459,0,,,,,,,,,,,,,,,
4946813,Số 1 đường Giải Phóng - phường Bạch Mai - ĐHBK,21.0052,105.8418,2026-03-03,0,,,,,,5,0.04778778553009033,0.000642068509478122,0.04702069237828255,0.04842815920710564,0.04804123938083649,2,-2.8514348741737194e-05,2.9588018151116557e-05,-5.810236689285375e-05,1.0736677040767972e-06,-2.8514348741737194e-05,156,0.7294308543205261,0.43975186347961426,-0.9482530355453491,1.4318116903305054,0.7773241400718689,45954,-0.026902781799435616,0.017997076734900475,-0.11079151928424835,0.06715137511491776,-0.02408754825592041,-0.15183506906032562,0.04102674126625061,-0.3266628682613373,-0.006463107652962208,-0.14177441596984863,0.03763793408870697,0.01925288699567318,-0.012656399048864841,0.10714277625083923,0.03191954642534256
4946813,Số 1 đường Giải Phóng - phường Bạch Mai - ĐHBK,21.0052,105.8418,2026-03-04,53,4.35436304542236e-05,1.1230848031118512e-05,2.479579416103661e-05,7.305902545340359e-05,4.032221477245912e-05,90,0.056055206805467606,0.003186872461810708,0.04824579879641533,0.062078241258859634,0.05607835203409195,87,3.2576554076513276e-05,0.0002170619263779372,-0.0004827281809411943,0.000701606331858784,2.6555038857623003e-05,156,-0.3719444274902344,0.7399192452430725,-1.7649585008621216,1.007806658744812,-0.6275531649589539,0,,,,,,,,,,,,,,,
4946813,Số 1 đường Giải Phóng - phường Bạch Mai - ĐHBK,21.0052,105.8418,2026-03-05,0,,,,,,0,,,,,,0,,,,,,156,1.1390923261642456,0.2541719079017639,0.6283290982246399,1.868676781654358,1.0978928804397583,0,,,,,,,,,,,,,,,
4946813,Số 1 đường Giải Phóng - phường Bạch Mai - ĐHBK,21.0052,105.8418,2026-03-06,0,,,,,,8,0.05146541818976402,0.0009860508143901825,0.05047936737537384,0.052451469004154205,0.05146541818976402,0,,,,,,156,1.1713919639587402,0.35458922386169434,0.27188459038734436,1.7453105449676514,1.2600746154785156,0,,,,,,,,,,,,,,,
4946813,Số 1 đường Giải Phóng - phường Bạch Mai - ĐHBK,21.0052,105.8418,2026-03-07,0,,,,,,8,0.05328703299164772,0.0006334820645861328,0.052456531673669815,0.05423495173454285,0.05322832614183426,3,-0.0001243069564225152,3.850456414511427e-05,-0.00017579295672476292,-8.320830238517374e-05,-0.00011391960288165137,156,0.8427872061729431,0.4437609910964966,-0.7165353298187256,1.506711483001709,0.9438512325286865,0,,,,,,,,,,,,,,,
4946813,Số 1 đường Giải Phóng - phường Bạch Mai - ĐHBK,21.0052,105.8418,2026-03-08,0,,,,,,0,,,,,,0,,,,,,156,0.630875289440155,0.6611013412475586,-0.7489110827445984,1.7336640357971191,0.7331559658050537,45954,0.008404645137488842,0.004156982060521841,-0.020945211872458458,0.03518985956907272,0.008525965735316277,0.021098192781209946,0.009821673855185509,-0.04802951589226723,0.05057119205594063,0.021465620025992393,-0.012300582602620125,0.0037635581102222204,-0.025857411324977875,0.010082824155688286,-0.012520958669483662
4946813,Số 1 đường Giải Phóng - phường Bạch Mai - ĐHBK,21.0052,105.8418,2026-03-09,0,,,,,,0,,,,,,0,,,,,,156,-0.15160883963108063,0.22588078677654266,-0.7077940702438354,0.36759206652641296,-0.1519647240638733,0,,,,,,,,,,,,,,,
4946813,Số 1 đường Giải Phóng - phường Bạch Mai - ĐHBK,21.0052,105.8418,2026-03-10,151,4.706711843027733e-05,1.1849632755911443e-05,2.6768273528432474e-05,8.868153963703662e-05,4.586704380926676e-05,46,0.07207542657852173,0.002984322141855955,0.06541690975427628,0.07604910433292389,0.07310982048511505,155,3.7776262615807354e-05,0.00021150094107724726,-0.0005429848679341376,0.0004920573555864394,2.1866853785468265e-05,156,-0.11116699129343033,0.2678956985473633,-0.7191804051399231,1.6348975896835327,-0.12491144239902496,0,,,,,,,,,,,,,,,
4946813,Số 1 đường Giải Phóng - phường Bạch Mai - ĐHBK,21.0052,105.8418,2026-03-11,0,,,,,,12,0.07358802109956741,0.0009901272132992744,0.07217783480882645,0.07495306432247162,0.07356534153223038,19,0.000127177539980039,0.0002702166966628283,-0.00026771280681714416,0.0009142339695245028,0.00022523051302414387,142,1.7409906387329102,0.22195123136043549,1.0919873714447021,2.105908155441284,1.7966227531433105,0,,,,,,,,,,,,,,,
4946813,Số 1 đường Giải Phóng - phường Bạch Mai - ĐHBK,21.0052,105.8418,2026-03-12,16,7.374152482952923e-05,2.4813329218886793e-05,4.5382264943327755e-05,0.00012840720592066646,7.01223179930821e-05,81,0.08187153935432434,0.004376760218292475,0.07631516456604004,0.09450719505548477,0.0819888487458229,60,-6.303476766333915e-06,0.0001776876306394115,-0.000398048956412822,0.00034869584487751126,-1.879942647065036e-05,156,1.248439073562622,0.3065069913864136,0.6799483299255371,2.158853769302368,1.2283724546432495,0,,,,,,,,,,,,,,,
4946813,Số 1 đường Giải Phóng - phường Bạch Mai - ĐHBK,21.0052,105.8418,2026-03-13,38,7.361714233411476e-05,4.3911641114391387e-05,2.8693808417301625e-05,0.0001985823328141123,5.0928672862937674e-05,89,0.07799840718507767,0.005362453404814005,0.06904421001672745,0.08722046762704849,0.07848864793777466,67,9.176876119454391e-06,0.00014508426829706877,-0.00023336448066402227,0.0005712287384085357,1.665650233917404e-05,156,0.1875665932893753,0.6418165564537048,-1.1581809520721436,1.7875711917877197,0.025520090013742447,45954,0.17671950161457062,0.1385228931903839,-0.19123995304107666,0.7088099718093872,0.14218544960021973,0.08442454785108566,0.15622851252555847,-0.6074029207229614,0.514721691608429,0.11458351463079453,-0.1873289793729782,0.1329985111951828,-0.6110758185386658,0.355959415435791,-0.17813298106193542
4946813,Số 1 đường Giải Phóng - phường Bạch Mai - ĐHBK,21.0052,105.8418,2026-03-14,0,,,,,,2,0.08613510429859161,0.0,0.08613510429859161,0.08613510429859161,0.08613510429859161,0,,,,,,156,0.45473161339759827,0.6148344874382019,-1.1414387226104736,1.6640634536743164,0.5059331059455872,0,,,,,,,,,,,,,,,
4946813,Số 1 đường Giải Phóng - phường Bạch Mai - ĐHBK,21.0052,105.8418,2026-03-15,0,,,,,,32,0.053274400532245636,0.003453509183600545,0.04441399127244949,0.05616739019751549,0.054291293025016785,3,2.667277294676751e-05,7.103058305801824e-05,-7.377963629551232e-05,7.689897756790742e-05,7.689897756790742e-05,156,-0.16197173297405243,0.7353827953338623,-2.1999897956848145,0.8447335362434387,-0.014500655233860016,0,,,,,,,,,,,,,,,
4946813,Số 1 đường Giải Phóng - phường Bạch Mai - ĐHBK,21.0052,105.8418,2026-03-16,5,5.6767552450764924e-05,2.7011051315639634e-06,5.456210783449933e-05,6.007571573718451e-05,5.456210783449933e-05,136,0.06366278231143951,0.003238627454265952,0.058362092822790146,0.07093764841556549,0.06273182481527328,102,1.6767900888225995e-05,9.20791644603014e-05,-0.00017508704331703484,0.0003493900294415653,1.9394326955080032e-05,156,-0.5690014362335205,0.4367365539073944,-1.602227807044983,0.2644737958908081,-0.5420458316802979,0,,,,,,,,,,,,,,,
4946813,Số 1 đường Giải Phóng - phường Bạch Mai - ĐHBK,21.0052,105.8418,2026-03-17,43,5.236411016085185e-05,1.211259495903505e-05,2.8509937692433596e-05,7.03579280525446e-05,4.9637055781204253e-05,71,0.056235603988170624,0.0025805803015828133,0.05147600546479225,0.06011923775076866,0.057187456637620926,72,3.813357807302964e-07,8.974258525995538e-05,-0.00016699693514965475,0.00016888674872461706,-1.1720223483280279e-05,156,1.2219948768615723,0.35230177640914917,0.5927883386611938,1.9523781538009644,1.2938485145568848,0,,,,,,,,,,,,,,,
4946813,Số 1 đường Giải Phóng - phường Bạch Mai - ĐHBK,21.0052,105.8418,2026-03-18,38,7.597950752824545e-05,9.807121386984363e-06,5.21931033290457e-05,8.905840513762087e-05,7.784461195115e-05,67,0.05840332806110382,0.0023289963137358427,0.05195312947034836,0.062059350311756134,0.05819310247898102,58,-3.162683060509153e-05,5.64813417440746e-05,-0.0001617939124116674,6.89592634444125e-05,-4.130152228754014e-05,156,0.6815595626831055,0.6344879269599915,-0.5385956764221191,2.429954767227173,0.6942446231842041,45954,-0.020663926377892494,0.010425831191241741,-0.13082830607891083,0.07990506291389465,-0.020088190212845802,-0.18531107902526855,0.0391581729054451,-0.37915149331092834,-0.024218454957008362,-0.17845988273620605,0.03235090523958206,0.010529271326959133,0.0018168786773458123,0.1343345195055008,0.031518351286649704
4946813,Số 1 đường Giải Phóng - phường Bạch Mai - ĐHBK,21.0052,105.8418,2026-03-19,21,5.1761595386778936e-05,1.5797671949258074e-05,3.583090074243955e-05,9.331500041298568e-05,4.814816202269867e-05,63,0.05685362219810486,0.0023127098102122545,0.051450856029987335,0.06020396202802658,0.05754336342215538,44,2.917940719271428e-06,7.593272312078625e-05,-0.00014274436398409307,0.00017887541616801172,3.0104433790256735e-06,156,0.7794208526611328,0.6562002301216125,-0.4254717230796814,2.2312119007110596,0.668377161026001,0,,,,,,,,,,,,,,,
4946813,Số 1 đường Giải Phóng - phường Bạch Mai - ĐHBK,21.0052,105.8418,2026-03-20,0,,,,,,8,0.06622214615345001,0.0009061772143468261,0.06546676903963089,0.06771568208932877,0.06588545441627502,0,,,,,,156,1.7134827375411987,0.6267416477203369,0.16075477004051208,2.711430788040161,1.831141471862793,0,,,,,,,,,,,,,,,
4946813,Số 1 đường Giải Phóng - phường Bạch Mai - ĐHBK,21.0052,105.8418,2026-03-21,0,,,,,,1,0.0620189793407917,0.0,0.0620189793407917,0.0620189793407917,0.0620189793407917,0,,,,,,156,0.9772021174430847,0.4029797613620758,-0.4296729564666748,1.7182247638702393,0.996814489364624,0,,,,,,,,,,,,,,,
4946813,Số 1 đường Giải Phóng - phường Bạch Mai - ĐHBK,21.0052,105.8418,2026-03-22,15,5.3596693760482594e-05,7.835133146727458e-06,3.604913945309818e-05,7.563440885860473e-05,5.2435756515478715e-05,53,0.05647310987114906,0.002371951937675476,0.051971178501844406,0.06115388125181198,0.056722790002822876,30,9.820883860811591e-06,0.00016935777966864407,-0.00031037809094414115,0.00048644072376191616,3.706725692609325e-05,156,0.9733638167381287,0.3946788012981415,0.11281249672174454,1.8558316230773926,0.9798048734664917,0,,,,,,,,,,,,,,,
4946813,Số 1 đường Giải Phóng - phường Bạch Mai - ĐHBK,21.0052,105.8418,2026-03-23,10,4.513544627116062e-05,3.331215793878073e-06,4.041099964524619e-05,5.0717670092126355e-05,4.3339769035810605e-05,52,0.04587876796722412,0.0015465489123016596,0.043764062225818634,0.049771420657634735,0.04569997638463974,13,-3.0087026971159503e-05,6.701368693029508e-05,-0.00011042509868275374,9.22363979043439e-05,-6.22812076471746e-05,156,0.7143370509147644,0.5704953670501709,-0.8208928108215332,1.6326230764389038,0.8368146419525146,45954,-0.029779084026813507,0.006325822323560715,-0.08559468388557434,0.005649700295180082,-0.029508190229535103,-0.16080676019191742,0.025497591122984886,-0.359365314245224,-0.1006380245089531,-0.155837282538414,0.03147408366203308,0.00630549993366003,0.008409528061747551,0.05845639109611511,0.03136977180838585
4946813,Số 1 đường Giải Phóng - phường Bạch Mai - ĐHBK,21.0052,105.8418,2026-03-24,31,4.984105544281192e-05,7.139844456105493e-06,3.448967618169263e-05,6.880402361275628e-05,5.00965652463492e-05,72,0.04860292747616768,0.0019593387842178345,0.04433056339621544,0.0529634989798069,0.048685960471630096,53,-3.4742541174637154e-05,6.964136264286935e-05,-0.0002243946655653417,0.00010580952948657796,-2.6493506084079854e-05,156,0.2846169173717499,0.819964587688446,-1.2676538228988647,2.4342525005340576,0.22150611877441406,0,,,,,,,,,,,,,,,
4946813,Số 1 đường Giải Phóng - phường Bạch Mai - ĐHBK,21.0052,105.8418,2026-03-25,7,4.9181038775714114e-05,2.1682824808522128e-05,2.3446185878128745e-05,7.065785030135885e-05,6.0793787270085886e-05,25,0.053676530718803406,0.004971591755747795,0.045055873692035675,0.06285059452056885,0.053535472601652145,15,-1.7691626226223889e-06,8.617191633675247e-05,-0.00012369378237053752,0.0001553824113216251,-2.621972089400515e-05,156,0.24883899092674255,0.8202145099639893,-1.916951060295105,1.7586420774459839,0.36673370003700256,0,,,,,,,,,,,,,,,
4946813,Số 1 đường Giải Phóng - phường Bạch Mai - ĐHBK,21.0052,105.8418,2026-03-26,0,,,,,,34,0.06283663213253021,0.0019694857764989138,0.05925171449780464,0.0659274086356163,0.06285258382558823,18,-2.1307176211848855e-05,4.9387450417270884e-05,-0.000130072861793451,5.0358612497802824e-05,-3.327287413412705e-05,156,2.5450379848480225,0.6956359148025513,0.6155030131340027,3.741846799850464,2.583991765975952,0,,,,,,,,,,,,,,,
4946813,Số 1 đường Giải Phóng - phường Bạch Mai - ĐHBK,21.0052,105.8418,2026-03-27,0,,,,,,80,0.06915612518787384,0.005092044360935688,0.05996359512209892,0.08461915701627731,0.06844952702522278,9,-3.228105924790725e-05,8.927402086555958e-05,-0.0001423174107912928,0.000109100692498032,-4.189139508525841e-05,135,3.1107420921325684,0.6093404293060303,1.5979230403900146,4.028210163116455,3.218764066696167,0,,,,,,,,,,,,,,,
4946813,Số 1 đường Giải Phóng - phường Bạch Mai - ĐHBK,21.0052,105.8418,2026-03-28,0,,,,,,14,0.05504443496465683,0.001780940336175263,0.0519372932612896,0.05723300948739052,0.05538889765739441,0,,,,,,156,2.5073301792144775,0.4196102023124695,1.5888615846633911,3.37671160697937,2.6019208431243896,45954,-0.006408745888620615,0.008316272869706154,-0.07972780615091324,0.05426137521862984,-0.006406060419976711,-0.09314647316932678,0.023190347477793694,-0.22733326256275177,0.006329072639346123,-0.09074719250202179,0.00489866454154253,0.007254383526742458,-0.021614128723740578,0.06436730176210403,0.004569407552480698
4946813,Số 1 đường Giải Phóng - phường Bạch Mai - ĐHBK,21.0052,105.8418,2026-03-29,67,6.924588524270803e-05,2.1617808670271188e-05,3.140917033306323e-05,0.0001180312829092145,6.938623846508563e-05,108,0.05171341821551323,0.0037893331609666348,0.04360326752066612,0.05877365171909332,0.051861923187971115,86,-2.27232067118166e-05,9.414138912688941e-05,-0.00030092988163232803,0.0001469570561312139,-2.7646467060549185e-05,156,0.7226362824440002,0.7378556728363037,-0.6456761956214905,2.422877311706543,0.5987274646759033,0,,,,,,,,,,,,,,,
4946813,Số 1 đường Giải Phóng - phường Bạch Mai - ĐHBK,21.0052,105.8418,2026-03-30,123,0.00010132687748409808,4.502043884713203e-05,4.6211025619413704e-05,0.00022660013928543776,8.846257696859539e-05,147,0.06560312956571579,0.005279427394270897,0.054823439568281174,0.08089929074048996,0.06548279523849487,151,1.6513995433342643e-05,0.00012595551379490644,-0.000266493036178872,0.00046467542415484786,1.4963499779696576e-05,156,1.6728668212890625,0.5366725921630859,0.6384588479995728,3.047053575515747,1.6160157918930054,45954,-0.211395263671875,0.08598337322473526,-0.441799134016037,0.015622868202626705,-0.2177533060312271,-0.03306546062231064,0.09486140310764313,-0.45590078830718994,0.5436846613883972,-0.012886065989732742,0.25794944167137146,0.11269275844097137,-0.0677904561161995,0.521897554397583,0.2767372727394104
4946813,Số 1 đường Giải Phóng - phường Bạch Mai - ĐHBK,21.0052,105.8418,2026-03-31,75,0.0001168850067188032,3.6435794754652306e-05,6.675271288258955e-05,0.0002062650310108438,0.00010580239904811606,101,0.07105261087417603,0.01018543355166912,0.055191051214933395,0.10078102350234985,0.0693698599934578,156,4.2513311200309545e-05,0.00013243996363598853,-0.0003887641942128539,0.0005059800460003316,2.5436725991312414e-05,156,2.0205237865448,0.7540554404258728,0.7568442821502686,3.8503708839416504,1.857316255569458,0,,,,,,,,,,,,,,,
4946813,Số 1 đường Giải Phóng - phường Bạch Mai - ĐHBK,21.0052,105.8418,2026-04-01,0,,,,,,46,0.08208393305540085,0.004030851647257805,0.07647880911827087,0.08922532200813293,0.08209815621376038,27,3.862679659505375e-05,0.000148649764014408,-0.00022824030020274222,0.000285827845800668,1.9663335478981026e-05,156,2.473024845123291,0.33310699462890625,1.6808750629425049,3.118889570236206,2.433979034423828,0,,,,,,,,,,,,,,,
4946813,Số 1 đường Giải Phóng - phường Bạch Mai - ĐHBK,21.0052,105.8418,2026-04-02,13,5.769000563304871e-05,4.984282441000687e-06,5.0286434998270124e-05,6.911453965585679e-05,5.824575782753527e-05,50,0.08876683562994003,0.010659513995051384,0.07592789083719254,0.10683268308639526,0.08875544369220734,73,1.0608443517412525e-05,9.078205766854808e-05,-0.00018910366634372622,0.0001616317022126168,3.770998591789976e-05,156,3.0584709644317627,0.332491010427475,1.8557595014572144,3.4483823776245117,3.1825509071350098,45954,0.007857805117964745,0.005532641429454088,-0.026371363550424576,0.03493591398000717,0.0077664293348789215,-0.06811242550611496,0.009375215508043766,-0.1128978431224823,-0.021869033575057983,-0.06932424008846283,-0.034636300057172775,0.008146090433001518,-0.06643421947956085,0.009710274636745453,-0.03441623970866203
4946813,Số 1 đường Giải Phóng - phường Bạch Mai - ĐHBK,21.0052,105.8418,2026-04-03,45,8.595909457653761e-05,1.9567221897887066e-05,4.240718044457026e-05,0.00012168467219453305,8.350339339813218e-05,156,0.07878360897302628,0.003911746200174093,0.06948811560869217,0.08741661161184311,0.07845833152532578,144,4.132886715524364e-06,9.968489757739007e-05,-0.0004385137581266463,0.0004004060465376824,-3.5760954233410303e-06,156,2.604226589202881,0.4147918224334717,1.824926495552063,3.780182123184204,2.571134567260742,0,,,,,,,,,,,,,,,
4946813,Số 1 đường Giải Phóng - phường Bạch Mai - ĐHBK,21.0052,105.8418,2026-04-04,84,7.716118125244975e-05,2.4766453861957416e-05,3.881157681462355e-05,0.00016258000687230378,7.306844054255635e-05,142,0.08439656347036362,0.012861172668635845,0.06020628660917282,0.111737921833992,0.08457289636135101,124,-7.211857791844523e-06,0.00010299651330569759,-0.00027300810324959457,0.0002059945691144094,3.164454028592445e-06,156,1.4793474674224854,0.6777028441429138,0.04078149423003197,3.486401081085205,1.55873703956604,0,,,,,,,,,,,,,,,
4946813,Số 1 đường Giải Phóng - phường Bạch Mai - ĐHBK,21.0052,105.8418,2026-04-05,40,5.710304685635492e-05,2.2758795239496976e-05,2.51770943577867e-05,0.00010000896145356819,4.45315454271622e-05,120,0.08538646996021271,0.004442112985998392,0.07245154678821564,0.09405677765607834,0.08572391420602798,107,-7.889752851042431e-06,0.00011807830742327496,-0.0004972626338712871,0.0003722771070897579,7.441279876729823e-07,156,3.0682642459869385,0.5958698987960815,2.0501270294189453,4.377851963043213,3.0350160598754883,0,,,,,,,,,,,,,,,
4946813,Số 1 đường Giải Phóng - phường Bạch Mai - ĐHBK,21.0052,105.8418,2026-04-06,0,,,,,,106,0.09438910335302353,0.008255582302808762,0.06829853355884552,0.10723431408405304,0.09460125118494034,151,1.193318166770041e-05,0.00018311744497623295,-0.0004891846911050379,0.00040693176561035216,1.9967435946455225e-05,156,2.3436176776885986,0.3468770980834961,1.2394636869430542,2.8593270778656006,2.373678684234619,0,,,,,,,,,,,,,,,
4946813,Số 1 đường Giải Phóng - phường Bạch Mai - ĐHBK,21.0052,105.8418,2026-04-07,141,8.804922981653363e-05,1.553309084556531e-05,4.9962312914431095e-05,0.00012783592683263123,8.705834625288844e-05,21,0.08645585179328918,0.004478995688259602,0.08191724121570587,0.09931386262178421,0.08307870477437973,156,7.883204671088606e-05,0.0003583785437513143,-0.0009250082657672465,0.0007639231043867767,0.00011208487558178604,156,2.275372266769409,0.14078481495380402,1.958621859550476,2.6701276302337646,2.282650947570801,45954,0.14780525863170624,0.1183391809463501,-0.20965562760829926,0.6386280059814453,0.12043949961662292,0.08143908530473709,0.17140473425388336,-0.638997495174408,0.6541984677314758,0.11415120959281921,-0.15866278111934662,0.11043821275234222,-0.5593208074569702,0.27876201272010803,-0.1508767306804657
4946813,Số 1 đường Giải Phóng - phường Bạch Mai - ĐHBK,21.0052,105.8418,2026-04-08,156,0.00010591609316179529,2.747558210103307e-05,4.627180169336498e-05,0.00019487450481392443,0.00010403684427728876,137,0.08950997143983841,0.005451647564768791,0.07762671262025833,0.09662573039531708,0.09058389812707901,156,-2.6712123144534416e-06,0.00016877705638762563,-0.0006304778507910669,0.0005607025232166052,5.22616392117925e-06,156,1.8726351261138916,0.22291596233844757,1.2014110088348389,2.176978826522827,1.9543721675872803,0,,,,,,,,,,,,,,,
4946813,Số 1 đường Giải Phóng - phường Bạch Mai - ĐHBK,21.0052,105.8418,2026-04-09,156,9.869882342172787e-05,4.046275353175588e-05,3.5096294595859945e-05,0.00023243442410603166,8.814390457700938e-05,144,0.07041354477405548,0.0061095887795090675,0.059846021234989166,0.08518676459789276,0.06996970623731613,156,-2.1734811525675468e-05,0.0001573519839439541,-0.000481182592920959,0.00040360810817219317,-2.2898584575159475e-05,156,0.8239262700080872,0.23719166219234467,0.2298625111579895,1.2410396337509155,0.8549575805664062,0,,,,,,,,,,,,,,,
4946813,Số 1 đường Giải Phóng - phường Bạch Mai - ĐHBK,21.0052,105.8418,2026-04-10,156,0.00010621789988363162,3.4655062336241826e-05,6.03875560045708e-05,0.00021744149853475392,9.55442083068192e-05,116,0.07456006109714508,0.007749949581921101,0.05685732141137123,0.09398414194583893,0.07428664714097977,156,8.518192771589383e-06,0.00016272284847218543,-0.0004146691062487662,0.0003709305892698467,1.430660267942585e-05,156,2.0737040042877197,0.39645636081695557,1.3093757629394531,2.989943027496338,2.1525230407714844,0,,,,,,,,,,,,,,,
4946813,Số 1 đường Giải Phóng - phường Bạch Mai - ĐHBK,21.0052,105.8418,2026-04-11,120,8.99417937034741e-05,1.8784043277264573e-05,6.0586688050534576e-05,0.00014783359074499458,8.694858115632087e-05,116,0.0869048535823822,0.007412740960717201,0.07506442070007324,0.10497141629457474,0.08680634200572968,156,-1.92932002391899e-05,0.00020475449855439365,-0.00047492922749370337,0.0004933577729389071,1.2138129932282027e-05,156,3.09564208984375,0.35974782705307007,2.415025472640991,3.7275164127349854,3.1451568603515625,0,,,,,,,,,,,,,,,
4946813,Số 1 đường Giải Phóng - phường Bạch Mai - ĐHBK,21.0052,105.8418,2026-04-12,34,8.105338929453865e-05,1.5035293472465128e-05,5.47455383639317e-05,0.00010812415712280199,8.13979422673583e-05,110,0.09735371172428131,0.008789626881480217,0.06453471630811691,0.10894090682268143,0.09926553815603256,141,0.00010945735994027928,0.0005198894650675356,-0.0014357272302731872,0.0014617136912420392,0.0002162122109439224,137,3.203155994415283,0.37770360708236694,1.830889105796814,3.620270252227783,3.364114284515381,45954,0.06277941912412643,0.06199808418750763,-0.11013475805521011,0.36213234066963196,0.049585454165935516,0.03164057061076164,0.14318321645259857,-0.5684148073196411,0.47631415724754333,0.06084378436207771,-0.038911476731300354,0.06032424792647362,-0.3174346387386322,0.1659100204706192,-0.03234833851456642
4946813,Số 1 đường Giải Phóng - phường Bạch Mai - ĐHBK,21.0052,105.8418,2026-04-13,156,0.00012033462553517893,2.3419617718900554e-05,8.200833690352738e-05,0.00022177376376930624,0.00011489952157717198,156,0.12059690803289413,0.011099736206233501,0.0978529304265976,0.14068758487701416,0.12078068405389786,156,3.8259986467892304e-05,0.00017332400602754205,-0.00038195314118638635,0.0004561854584608227,-4.73391901323339e-06,156,3.8626201152801514,0.23255962133407593,3.33479380607605,4.243020534515381,3.9033684730529785,0,,,,,,,,,,,,,,,
4946813,Số 1 đường Giải Phóng - phường Bạch Mai - ĐHBK,21.0052,105.8418,2026-04-14,15,7.603624544572085e-05,1.4826016922597773e-05,5.376527406042442e-05,0.00010045399540103972,7.306157931452617e-05,152,0.10338117927312851,0.00700830202549696,0.08724505454301834,0.12427863478660583,0.10430110991001129,154,-5.182689051252964e-07,8.010414603631943e-05,-0.00028384156757965684,0.0002287148527102545,-3.447023289027129e-08,156,3.462444543838501,0.24854516983032227,2.8988046646118164,4.106731414794922,3.500154972076416,0,,,,,,,,,,,,,,,
4946813,Số 1 đường Giải Phóng - phường Bạch Mai - ĐHBK,21.0052,105.8418,2026-04-15,1,4.883888323092833e-05,0.0,4.883888323092833e-05,4.883888323092833e-05,4.883888323092833e-05,104,0.0807272270321846,0.0064024669118225574,0.0656280592083931,0.09287506341934204,0.0793066918849945,53,1.21522973017818e-07,7.137350621633232e-05,-0.00019076290482189506,0.00018816586816683412,2.682656713659526e-06,156,2.9496545791625977,0.6714120507240295,1.5926681756973267,4.580328464508057,3.0533764362335205,0,,,,,,,,,,,,,,,
4946813,Số 1 đường Giải Phóng - phường Bạch Mai - ĐHBK,21.0052,105.8418,2026-04-16,0,,,,,,144,0.08818331360816956,0.005664202384650707,0.0762108862400055,0.09824280440807343,0.08879144489765167,82,1.9163040633429773e-05,8.443220576737076e-05,-0.00022137847554404289,0.0003101050097029656,3.0212586352718063e-05,156,3.7390167713165283,0.46799537539482117,2.862257480621338,4.868515491485596,3.6675167083740234,0,,,,,,,,,,,,,,,
4946813,Số 1 đường Giải Phóng - phường Bạch Mai - ĐHBK,21.0052,105.8418,2026-04-17,0,,,,,,0,,,,,,0,,,,,,156,2.6766791343688965,0.6123268604278564,1.493701696395874,3.8136990070343018,2.5538792610168457,45954,0.019007006660103798,0.010741358622908592,-0.03448690474033356,0.07639624178409576,0.018669042736291885,-0.10478181391954422,0.022133201360702515,-0.2956669330596924,-0.02187151275575161,-0.10211484879255295,-0.02517133764922619,0.011101922951638699,-0.08094781637191772,0.010928959585726261,-0.02468971535563469
4946813,Số 1 đường Giải Phóng - phường Bạch Mai - ĐHBK,21.0052,105.8418,2026-04-18,0,,,,,,0,,,,,,0,,,,,,156,2.54675030708313,0.6723991632461548,1.3019691705703735,3.7397541999816895,2.4278500080108643,0,,,,,,,,,,,,,,,
4946813,Số 1 đường Giải Phóng - phường Bạch Mai - ĐHBK,21.0052,105.8418,2026-04-19,0,,,,,,0,,,,,,0,,,,,,156,0.8047126531600952,0.24274498224258423,0.13505089282989502,1.4048117399215698,0.7986323833465576,45954,-0.01636163517832756,0.010428582318127155,-0.06691489368677139,0.050140075385570526,-0.0164909977465868,-0.27269455790519714,0.025335870683193207,-0.3865671157836914,-0.19422508776187897,-0.2715114951133728,0.04380953684449196,0.00812014564871788,0.01525765098631382,0.07801741361618042,0.044976260513067245
4946813,Số 1 đường Giải Phóng - phường Bạch Mai - ĐHBK,21.0052,105.8418,2026-04-20,0,,,,,,0,,,,,,0,,,,,,156,0.2636823058128357,0.3877003788948059,-0.8066394925117493,0.9904462099075317,0.3689659535884857,0,,,,,,,,,,,,,,,
4946813,Số 1 đường Giải Phóng - phường Bạch Mai - ĐHBK,21.0052,105.8418,2026-04-21,6,3.997171006631106e-05,1.4498606105917133e-05,2.4520355509594083e-05,6.899646541569382e-05,3.904557161149569e-05,88,0.061768803745508194,0.002751497784629464,0.054994843900203705,0.06769467145204544,0.061723269522190094,30,4.053211159771308e-05,0.00014459238445851952,-0.00017065604333765805,0.0004483851371333003,-1.4919469322194345e-06,156,0.8225852847099304,0.5806044936180115,-0.5449163317680359,1.8310035467147827,0.8054540157318115,0,,,,,,,,,,,,,,,
4946813,Số 1 đường Giải Phóng - phường Bạch Mai - ĐHBK,21.0052,105.8418,2026-04-22,0,,,,,,156,0.06170584633946419,0.002708757296204567,0.054603300988674164,0.0661819651722908,0.06188133731484413,89,2.2582484234590083e-05,9.822246647672728e-05,-0.00022108880511950701,0.00024391904298681766,2.4471510187140666e-05,156,0.8885466456413269,0.40573084354400635,0.04781357944011688,1.7592530250549316,0.8832683563232422,45954,-0.13622243702411652,0.040144212543964386,-0.36929377913475037,-0.07902728021144867,-0.12344710528850555,-0.04808047041296959,0.03736388310790062,-0.27632781863212585,0.24448658525943756,-0.05125856772065163,0.17809928953647614,0.05256103351712227,0.10812469571828842,0.4489000141620636,0.16048423945903778
4946813,Số 1 đường Giải Phóng - phường Bạch Mai - ĐHBK,21.0052,105.8418,2026-04-23,0,,,,,,0,,,,,,0,,,,,,156,1.0773452520370483,0.21655935049057007,0.5554199814796448,1.5099343061447144,1.0971369743347168,0,,,,,,,,,,,,,,,
4946813,Số 1 đường Giải Phóng - phường Bạch Mai - ĐHBK,21.0052,105.8418,2026-04-24,0,,,,,,34,0.05303648114204407,0.002376841614022851,0.04977921396493912,0.057183098047971725,0.05240427702665329,10,-4.613354030880146e-05,6.488132203230634e-05,-0.000148559280205518,3.7989240809110925e-05,-3.767956513911486e-05,156,0.5752500891685486,0.4308183491230011,-0.5854786038398743,1.324485182762146,0.6519691944122314,0,,,,,,,,,,,,,,,
4946813,Số 1 đường Giải Phóng - phường Bạch Mai - ĐHBK,21.0052,105.8418,2026-04-25,65,6.150596891529858e-05,2.5736891984706745e-05,3.31153605657164e-05,0.00012301409151405096,5.22753871337045e-05,138,0.05618450790643692,0.0028377757407724857,0.04899270832538605,0.061990585178136826,0.05660954490303993,102,-4.1248549678130075e-06,0.00011283627100056037,-0.00028509635012596846,0.0003352626517880708,-9.334812602901366e-06,156,-0.383801132440567,0.5909257531166077,-1.2132561206817627,1.570048213005066,-0.5360647439956665,0,,,,,,,,,,,,,,,
4946813,Số 1 đường Giải Phóng - phường Bạch Mai - ĐHBK,21.0052,105.8418,2026-04-26,0,,,,,,0,,,,,,0,,,,,,156,-0.7870656251907349,0.20843356847763062,-1.30571711063385,-0.16780142486095428,-0.7965816259384155,0,,,,,,,,,,,,,,,
4946813,Số 1 đường Giải Phóng - phường Bạch Mai - ĐHBK,21.0052,105.8418,2026-04-27,42,4.857520616496913e-05,1.1396647096262313e-05,2.586919435998425e-05,7.86810924182646e-05,4.733097739517689e-05,156,0.06452613323926926,0.00284640584141016,0.056986335664987564,0.0709281712770462,0.06456147134304047,146,-1.0089169336424675e-05,0.00010113383177667856,-0.0002958201803267002,0.0002529452322050929,-5.78097296966007e-06,156,-0.20286960899829865,0.2630099058151245,-0.7958935499191284,0.5965054035186768,-0.26165568828582764,45954,0.07039649039506912,0.18331338465213776,-0.4458825886249542,0.7686609625816345,0.03804570436477661,0.10108711570501328,0.156908318400383,-0.5097622871398926,0.6229835152626038,0.10441537201404572,-0.06835666298866272,0.17637138068675995,-0.6685803532600403,0.5224436521530151,-0.06167948991060257
4946813,Số 1 đường Giải Phóng - phường Bạch Mai - ĐHBK,21.0052,105.8418,2026-04-28,132,5.879806121811271e-05,1.9613205950008705e-05,2.3657685233047232e-05,0.00011075495422119275,5.6303440942429006e-05,69,0.05248740687966347,0.002503273542970419,0.04870542883872986,0.05792771652340889,0.05220352113246918,136,9.539218444842845e-05,0.00034267487353645265,-0.0008473020861856639,0.0008691417169757187,8.859822992235422e-05,155,0.024323875084519386,0.38245004415512085,-0.6314415335655212,1.2276942729949951,-0.0431235209107399,0,,,,,,,,,,,,,,,
4946813,Số 1 đường Giải Phóng - phường Bạch Mai - ĐHBK,21.0052,105.8418,2026-04-29,149,5.6384262279607356e-05,6.841861704742769e-06,3.978675158577971e-05,7.162680412875488e-05,5.6551769375801086e-05,146,0.056767530739307404,0.002174157416447997,0.05177438631653786,0.061221104115247726,0.05670607462525368,156,0.00011486733274068683,0.000241372428718023,-0.00041364735807292163,0.000831323501188308,0.00011947538587264717,156,0.49964043498039246,0.14613330364227295,0.06682901829481125,0.9568413496017456,0.47957807779312134,0,,,,,,,,,,,,,,,
4946813,Số 1 đường Giải Phóng - phường Bạch Mai - ĐHBK,21.0052,105.8418,2026-04-30,24,3.436657789279707e-05,1.2223586054460611e-05,2.0653114916058257e-06,6.213923916220665e-05,3.507933433866128e-05,12,0.05132100358605385,0.002456838497892022,0.04799564555287361,0.0541229248046875,0.05167678743600845,51,4.130641900701448e-05,0.00023489205341320485,-0.0005436933715827763,0.0005305459490045905,6.079365630284883e-05,156,-0.07245878130197525,0.30339840054512024,-0.8180550336837769,0.7523590326309204,-0.09848198294639587,0,,,,,,,,,,,,,,,
4946813,Số 1 đường Giải Phóng - phường Bạch Mai - ĐHBK,21.0052,105.8418,2026-05-01,0,,,,,,97,0.04890286549925804,0.003979054745286703,0.03698297217488289,0.05582288280129433,0.04881622642278671,13,-1.3772993042948656e-05,0.0001381521433359012,-0.00032271904638037086,0.00019976746989414096,-2.0874715119134635e-05,156,-0.9064886569976807,0.5170215368270874,-2.27897047996521,0.44447430968284607,-0.9279249310493469,0,,,,,,,,,,,,,,,
4946813,Số 1 đường Giải Phóng - phường Bạch Mai - ĐHBK,21.0052,105.8418,2026-05-02,8,6.454554386436939e-05,2.2785869077779353e-05,3.106678923359141e-05,9.980994218494743e-05,6.975556607358158e-05,146,0.04307855665683746,0.002963097533211112,0.03663076087832451,0.04766248166561127,0.04375581443309784,49,2.2005822756909765e-05,9.233583114109933e-05,-0.0001394241553498432,0.0002679372555576265,1.58149723574752e-05,156,-1.112378478050232,0.44446972012519836,-1.998915433883667,0.18290643393993378,-1.1287331581115723,45954,-0.0011787717230618,0.012004013173282146,-0.08523668348789215,0.05548524111509323,-0.0006309059099294245,-0.18433263897895813,0.02706577256321907,-0.2765008509159088,-0.04424197971820831,-0.18404510617256165,0.015612334944307804,0.010576421394944191,-0.016681551933288574,0.07943997532129288,0.014148518443107605
4946813,Số 1 đường Giải Phóng - phường Bạch Mai - ĐHBK,21.0052,105.8418,2026-05-03,0,,,,,,49,0.045194100588560104,0.0022380102891474962,0.042255885899066925,0.05049854889512062,0.04427574947476387,0,,,,,,156,-0.2192872315645218,0.8001474738121033,-2.0416691303253174,0.8011064529418945,-0.053393810987472534,0,,,,,,,,,,,,,,,
4946813,Số 1 đường Giải Phóng - phường Bạch Mai - ĐHBK,21.0052,105.8418,2026-05-04,82,5.2422859880607575e-05,1.2401925232552458e-05,2.8344329621177167e-05,8.66461341502145e-05,5.2429102652240545e-05,10,0.04419534280896187,0.001412092475220561,0.04347992315888405,0.04838351905345917,0.043930038809776306,107,0.00012315493950154632,0.0003031645901501179,-0.00044032130972482264,0.0008445317507721484,9.725604468258098e-05,156,0.4286351203918457,0.26932165026664734,-0.32779836654663086,1.0863665342330933,0.42670226097106934,0,,,,,,,,,,,,,,,
4946813,Số 1 đường Giải Phóng - phường Bạch Mai - ĐHBK,21.0052,105.8418,2026-05-05,92,5.603148019872606e-05,1.534991679363884e-05,2.4605666112620384e-05,0.00010347783245379105,5.612758104689419e-05,108,0.05053436756134033,0.0018172689015045762,0.045213982462882996,0.05472993105649948,0.05031072720885277,127,-4.7981022362364456e-05,0.00015161569172050804,-0.0004651312774512917,0.0003685767005663365,-5.523376967175864e-05,156,-0.35743340849876404,0.4947469234466553,-1.2640961408615112,1.4370869398117065,-0.39756250381469727,0,,,,,,,,,,,,,,,
4946813,Số 1 đường Giải Phóng - phường Bạch Mai - ĐHBK,21.0052,105.8418,2026-05-06,19,7.082607771735638e-05,2.0550916815409437e-05,2.7745976694859564e-05,0.00010978054342558607,6.927472713869065e-05,83,0.045814789831638336,0.0021885386668145657,0.041336655616760254,0.050887491554021835,0.045602526515722275,44,-2.5222667318303138e-05,8.905217691790313e-05,-0.0002933506912086159,0.00013504628441296518,-1.2374234756862279e-05,156,-0.5830157995223999,0.5081201195716858,-1.6416659355163574,0.6805667281150818,-0.6228282451629639,0,,,,,,,,,,,,,,,
4946813,Số 1 đường Giải Phóng - phường Bạch Mai - ĐHBK,21.0052,105.8418,2026-05-07,8,4.927543704980053e-05,1.0559388101682998e-05,3.827122418442741e-05,7.416643347823992e-05,4.582912151818164e-05,123,0.04065276309847832,0.003990666940808296,0.03179067000746727,0.04837704077363014,0.04095328226685524,36,2.3658387362957e-05,8.938934479374439e-05,-0.00018014729721471667,0.0002778972266241908,5.5127020459622145e-06,156,-1.2676562070846558,0.8008233904838562,-2.9075767993927,0.7495114803314209,-1.2955660820007324,45954,-0.03396745026111603,0.01223127543926239,-0.12388865649700165,0.06093422695994377,-0.033714115619659424,-0.18746234476566315,0.043662913143634796,-0.43310341238975525,0.03476133942604065,-0.18427518010139465,0.05056123062968254,0.008860575035214424,0.014968866482377052,0.10041110962629318,0.05011872947216034
4946813,Số 1 đường Giải Phóng - phường Bạch Mai - ĐHBK,21.0052,105.8418,2026-05-08,0,,,,,,10,0.04433700442314148,0.00024571255198679864,0.044089701026678085,0.04468262195587158,0.044321127235889435,0,,,,,,156,-0.9997395277023315,0.39032185077667236,-2.65494704246521,0.12625844776630402,-0.9644590616226196,0,,,,,,,,,,,,,,,
4946813,Số 1 đường Giải Phóng - phường Bạch Mai - ĐHBK,21.0052,105.8418,2026-05-09,0,,,,,,5,0.04607035592198372,0.0009547123336233199,0.04503494128584862,0.04720773175358772,0.04570568725466728,0,,,,,,156,0.2869495153427124,0.291077584028244,-0.6040577292442322,1.1464934349060059,0.29855847358703613,45954,0.0038031016010791063,0.002253165002912283,-0.005016015842556953,0.01470849197357893,0.003793708048760891,-0.6206156015396118,0.00807581190019846,-0.6440672278404236,-0.6031864881515503,-0.6183897256851196,-0.007548212073743343,0.0019747952464967966,-0.01570868492126465,0.0003067061770707369,-0.007569895591586828
4946813,Số 1 đường Giải Phóng - phường Bạch Mai - ĐHBK,21.0052,105.8418,2026-05-10,0,,,,,,0,,,,,,0,,,,,,156,0.15175296366214752,0.21857398748397827,-0.6277288198471069,0.5549867749214172,0.1973283439874649,0,,,,,,,,,,,,,,,
4946813,Số 1 đường Giải Phóng - phường Bạch Mai - ĐHBK,21.0052,105.8418,2026-05-11,51,5.143256930750795e-05,1.3439102076517884e-05,1.7915284843184054e-05,8.274019637610763e-05,5.079199036117643e-05,69,0.04517462104558945,0.002988365013152361,0.03887682035565376,0.0514584556221962,0.04500095918774605,59,-2.201908682764042e-05,0.00012675618927460164,-0.00043849460780620575,0.00020562192366924137,-8.323027032020036e-06,156,-0.5828744173049927,0.6700522899627686,-1.8612271547317505,1.3022536039352417,-0.6695982217788696,0,,,,,,,,,,,,,,,
4946813,Số 1 đường Giải Phóng - phường Bạch Mai - ĐHBK,21.0052,105.8418,2026-05-12,44,5.4232452384894714e-05,2.399944787612185e-05,1.6637048247503117e-05,0.00010682635911507532,4.76610912301112e-05,104,0.04326526075601578,0.004273647908121347,0.032879363745450974,0.05516709014773369,0.04311051964759827,85,-3.9727317926008254e-05,0.00015103623445611447,-0.0005571771180257201,0.00035536265932023525,-2.6080897441715933e-05,156,-1.1172616481781006,0.47452688217163086,-2.199005126953125,0.6465967297554016,-1.1879501342773438,45954,0.05199713632464409,0.15250717103481293,-0.35042399168014526,0.6670607924461365,0.011683800257742405,0.10509142279624939,0.12745438516139984,-0.40280184149742126,0.6816837787628174,0.09909474849700928,-0.05365099012851715,0.14248917996883392,-0.5737837553024292,0.5863372087478638,-0.023642275482416153
4946813,Số 1 đường Giải Phóng - phường Bạch Mai - ĐHBK,21.0052,105.8418,2026-05-13,77,5.204241460887715e-05,3.425393151701428e-05,-2.4266882974188775e-06,0.00013605003186967224,3.907950303982943e-05,33,0.03656982257962227,0.0013167662546038628,0.034870173782110214,0.03884195536375046,0.036124929785728455,121,-2.7539263101061806e-06,0.00021155747526790947,-0.00044091063318774104,0.0006125849322415888,-1.0163214483327465e-06,156,-1.285194754600525,0.2581256330013275,-2.23620343208313,-0.6650044322013855,-1.2625888586044312,0,,,,,,,,,,,,,,,
4946813,Số 1 đường Giải Phóng - phường Bạch Mai - ĐHBK,21.0052,105.8418,2026-05-14,72,6.187710823724046e-05,2.2667560187983327e-05,3.610905196183012e-06,0.00010451234265929088,6.208298145793378e-05,1,0.03329326957464218,0.0,0.03329326957464218,0.03329326957464218,0.03329326957464218,97,-6.65502593619749e-05,0.0005394462496042252,-0.0014303425559774041,0.0011103884316980839,-2.446435064484831e-05,137,-0.8217580914497375,0.40165314078330994,-1.4300825595855713,1.5050100088119507,-0.8628979325294495,0,,,,,,,,,,,,,,,
4946813,Số 1 đường Giải Phóng - phường Bạch Mai - ĐHBK,21.0052,105.8418,2026-05-15,54,8.04947194410488e-05,2.2436088329413906e-05,3.077222572756e-05,0.00012786666047759354,7.760323933325708e-05,55,0.03651805222034454,0.0021907479967921972,0.030634088441729546,0.04466405138373375,0.0362103171646595,90,-6.487858286163828e-07,0.00019834218255709857,-0.0006198018090799451,0.0004519937210716307,-2.0024850527988747e-05,156,-0.0946359857916832,0.3424394130706787,-0.9028343558311462,0.8071824908256531,-0.07105590403079987,0,,,,,,,,,,,,,,,
