location_id,location_name,latitude,longitude,date,no2_mean,co_mean,so2_mean,aer_ai_340_380_mean,no2_valid_pixels,co_valid_pixels,so2_valid_pixels,aer_ai_340_380_valid_pixels,ndvi_mean,ndbi_mean,ndwi_mean,s2_valid_pixels,no2_mean_was_missing,co_mean_was_missing,so2_mean_was_missing,aer_ai_340_380_mean_was_missing,ndvi_mean_was_missing,ndbi_mean_was_missing,ndwi_mean_was_missing,split
4946813,Số 1 đường Giải Phóng - phường Bạch Mai - ĐHBK,21.0052,105.8418,2024-01-29,0.20822729755292524,0.5402684832652487,0.9967430736750751,0.37208107675376945,0,4,0,156,-0.9040231736774028,0.6373032005989335,0.7307498687681094,0,1,0,1,0,1,1,1,train
4946813,Số 1 đường Giải Phóng - phường Bạch Mai - ĐHBK,21.0052,105.8418,2024-01-30,0.20822729755292524,0.15422714791170156,0.9967430736750751,0.4004298373764823,0,7,0,156,-0.9040231736774028,0.6373032005989335,0.7307498687681094,0,1,0,1,0,1,1,1,train
4946813,Số 1 đường Giải Phóng - phường Bạch Mai - ĐHBK,21.0052,105.8418,2024-01-31,0.20822729755292524,0.243017181397688,0.9967430736750751,-0.4191366412177291,0,32,0,156,-0.9040231736774028,0.6373032005989335,0.7307498687681094,0,1,0,1,0,1,1,1,train
4946813,Số 1 đường Giải Phóng - phường Bạch Mai - ĐHBK,21.0052,105.8418,2024-02-01,0.20822729755292524,-0.4184628272615991,0.9967430736750751,-0.14577228377953452,0,17,0,156,-0.9040231736774028,0.6373032005989335,0.7307498687681094,0,1,0,1,0,1,1,1,train
4946813,Số 1 đường Giải Phóng - phường Bạch Mai - ĐHBK,21.0052,105.8418,2024-02-02,0.20822729755292524,-0.35408610532420964,0.9967430736750751,0.5090892541484914,10,156,24,148,-0.9040231736774028,0.6373032005989335,0.7307498687681094,45954,0,0,0,0,0,0,0,train
4946813,Số 1 đường Giải Phóng - phường Bạch Mai - ĐHBK,21.0052,105.8418,2024-02-03,-0.1463257656019162,-0.24957688496826133,0.4635142439475675,0.9750948649771025,0,27,0,156,-0.8950807067836763,0.4345196428485008,0.7358061219244285,0,1,0,1,0,1,1,1,train
4946813,Số 1 đường Giải Phóng - phường Bạch Mai - ĐHBK,21.0052,105.8418,2024-02-04,-0.5008788287567574,-0.08848235545273683,-0.0697145857799402,-0.2171837315093366,134,152,149,156,-0.8861382398899499,0.231736085098068,0.7408623750807478,0,0,0,0,0,1,1,1,train
4946813,Số 1 đường Giải Phóng - phường Bạch Mai - ĐHBK,21.0052,105.8418,2024-02-05,-0.24798868686105516,-0.20919048178243768,-0.11763482521496774,-0.7293371170308945,81,156,128,156,-0.8771957729962233,0.028952527347635294,0.7459186282370669,0,0,0,0,0,1,1,1,train
4946813,Số 1 đường Giải Phóng - phường Bạch Mai - ĐHBK,21.0052,105.8418,2024-02-06,-0.4625996736360705,-0.32173247444255604,-0.11983386508399893,0.28376861092203315,0,81,1,156,-0.8682533061024967,-0.17383103040279743,0.7509748813933862,0,1,0,0,0,1,1,1,train
4946813,Số 1 đường Giải Phóng - phường Bạch Mai - ĐHBK,21.0052,105.8418,2024-02-07,-0.6772106604110859,-0.19847275519923396,-0.11471146566573795,0.7037617208680884,0,7,0,156,-0.8593108392087703,-0.37661458815323035,0.7560311345497053,45954,1,0,1,0,0,0,0,train
4946813,Số 1 đường Giải Phóng - phường Bạch Mai - ĐHBK,21.0052,105.8418,2024-02-08,-0.8918216471861015,0.4767306561335724,-0.10958906624747697,0.9455034303700732,0,0,0,156,-0.4104094847713533,0.003627058155698163,0.2645753425270033,0,1,1,1,0,1,1,1,train
4946813,Số 1 đường Giải Phóng - phường Bạch Mai - ĐHBK,21.0052,105.8418,2024-02-09,-1.1064326339611168,1.1519340674663783,-0.104466666829216,0.7618884762082975,0,2,0,156,0.03849186966606366,0.3838687044646267,-0.2268804494956987,0,1,0,1,0,1,1,1,train
4946813,Số 1 đường Giải Phóng - phường Bạch Mai - ĐHBK,21.0052,105.8418,2024-02-10,-1.3210436207361322,1.5870297493120442,-0.09934426741095502,-0.4322002983231806,114,128,143,156,0.48739322410348074,0.7641103507735552,-0.7183362415184007,0,0,0,0,0,1,1,1,train
4946813,Số 1 đường Giải Phóng - phường Bạch Mai - ĐHBK,21.0052,105.8418,2024-02-11,-1.2801710731993612,1.3242080429754064,1.271740142679097,-0.564328573860809,154,83,156,156,0.9362945785408975,1.1443519970824836,-1.2097920335411023,0,0,0,0,0,1,1,1,train
4946813,Số 1 đường Giải Phóng - phường Bạch Mai - ĐHBK,21.0052,105.8418,2024-02-12,-0.061122873178833914,0.7149800536291124,1.8160656228739298,0.04213040252815265,152,145,156,156,1.3851959329783148,1.5245936433914125,-1.701247825563805,45954,0,0,0,0,0,0,0,train
4946813,Số 1 đường Giải Phóng - phường Bạch Mai - ĐHBK,21.0052,105.8418,2024-02-13,-0.19066346885352836,0.8865615863840053,-0.5229409343264627,1.2979129856012128,36,89,97,156,0.9495790126779733,1.2863112179501226,-1.2429490926500237,0,0,0,0,0,1,1,1,train
4946813,Số 1 đường Giải Phóng - phường Bạch Mai - ĐHBK,21.0052,105.8418,2024-02-14,0.02471195058154652,0.37062969015552716,-0.9934181483576192,0.7674939393753654,0,0,0,156,0.513962092377632,1.0480287925088332,-0.7846503597362423,0,1,1,1,0,1,1,1,train
4946813,Số 1 đường Giải Phóng - phường Bạch Mai - ĐHBK,21.0052,105.8418,2024-02-15,0.2400873700166214,-0.1453022060729515,-1.4638953623887758,-0.005684826872822143,0,3,1,156,0.07834517207729078,0.8097463670675435,-0.326351626822461,0,1,0,0,0,1,1,1,train
4946813,Số 1 đường Giải Phóng - phường Bạch Mai - ĐHBK,21.0052,105.8418,2024-02-16,0.45546278945169627,0.30970413672234864,0.6036731537685689,-0.35561733564964837,16,48,34,156,-0.35727174822305047,0.5714639416262539,0.13194710609132032,0,0,0,0,0,1,1,1,train
4946813,Số 1 đường Giải Phóng - phường Bạch Mai - ĐHBK,21.0052,105.8418,2024-02-17,0.5275530749087503,0.585287353021273,-0.8089280280814857,0.5824076761775264,0,64,31,156,-0.792888668523392,0.33318151618496444,0.5902458390051016,45954,1,0,0,0,0,0,0,train
4946813,Số 1 đường Giải Phóng - phường Bạch Mai - ĐHBK,21.0052,105.8418,2024-02-18,0.5996433603658043,0.3087130626898463,3.9963475519341705,1.0563267353925598,27,56,63,153,-0.9111613317626895,0.15162926214753233,0.7885973590590225,0,0,0,0,0,1,1,1,train
4946813,Số 1 đường Giải Phóng - phường Bạch Mai - ĐHBK,21.0052,105.8418,2024-02-19,0.1790021542087523,-0.04401247634817848,0.19216470009761744,1.5905932050282112,14,122,27,156,-1.029433995001987,-0.02992299188989988,0.9869488791129434,0,0,0,0,0,1,1,1,train
4946813,Số 1 đường Giải Phóng - phường Bạch Mai - ĐHBK,21.0052,105.8418,2024-02-20,0.2055315984854868,0.040623446058253646,-0.18068752527409482,0.97540220017629,9,104,24,156,-1.1477066582412845,-0.21147524592733208,1.1853003991668642,0,0,0,0,0,1,1,1,train
4946813,Số 1 đường Giải Phóng - phường Bạch Mai - ĐHBK,21.0052,105.8418,2024-02-21,1.52133088405676,0.17762565855910079,-0.08230803712946924,0.22756709115957727,13,112,43,156,-1.2659793214805821,-0.3930274999647641,1.383651919220785,0,0,0,0,0,1,1,1,train
4946813,Số 1 đường Giải Phóng - phường Bạch Mai - ĐHBK,21.0052,105.8418,2024-02-22,1.2663808946636397,-0.14536111416073416,-0.0037386953633812624,0.38927496119478316,0,107,0,156,-1.3842519847198795,-0.5745797540021963,1.5820034392747062,45954,1,0,1,0,0,0,0,train
4946813,Số 1 đường Giải Phóng - phường Bạch Mai - ĐHBK,21.0052,105.8418,2024-02-23,1.0114309052705188,0.16125866453856472,0.07483064640270672,0.16375205160926243,0,0,0,156,-1.238971453173369,-0.5293432992014311,1.3394870282256839,0,1,1,1,0,1,1,1,train
4946813,Số 1 đường Giải Phóng - phường Bạch Mai - ĐHBK,21.0052,105.8418,2024-02-24,0.7564809158773985,0.4678784432378636,0.15339998816879474,0.8995995798487707,0,0,0,156,-1.0936909216268587,-0.48410684440066565,1.096970617176662,0,1,1,1,0,1,1,1,train
4946813,Số 1 đường Giải Phóng - phường Bạch Mai - ĐHBK,21.0052,105.8418,2024-02-25,0.5015309264842781,0.7744982219371626,0.23196932993488267,0.6969757106970685,0,2,0,156,-0.9484103900803483,-0.43887038959990043,0.8544542061276401,0,1,0,1,0,1,1,1,train
4946813,Số 1 đường Giải Phóng - phường Bạch Mai - ĐHBK,21.0052,105.8418,2024-02-26,0.24658093709115728,0.7653611957095986,0.31053867170097066,0.9156744768965129,0,7,0,156,-0.8031298585338378,-0.393633934799135,0.6119377950786181,0,1,0,1,0,1,1,1,train
4946813,Số 1 đường Giải Phóng - phường Bạch Mai - ĐHBK,21.0052,105.8418,2024-02-27,-0.008369052301962655,0.7165083912400521,0.3891080134670587,0.5094630163930142,0,17,0,156,-0.6578493269873273,-0.3483974799983698,0.36942138402959623,45954,1,0,1,0,0,0,0,train
4946813,Số 1 đường Giải Phóng - phường Bạch Mai - ĐHBK,21.0052,105.8418,2024-02-28,-0.2633190416950835,1.164058770090774,0.4676773552331467,1.0963448122614883,0,71,0,156,-0.6041120607949595,-0.10285355250488111,0.31243531268242114,0,1,0,1,0,1,1,1,train
4946813,Số 1 đường Giải Phóng - phường Bạch Mai - ĐHBK,21.0052,105.8418,2024-02-29,-0.5182690310882039,1.5231853819457732,0.5462466969992347,1.3704728791554945,0,20,0,156,-0.5503747946025916,0.14269037498860765,0.25544924133524605,0,1,0,1,0,1,1,1,train
4946813,Số 1 đường Giải Phóng - phường Bạch Mai - ĐHBK,21.0052,105.8418,2024-03-01,-0.7732190204813243,1.357467658429426,0.6248160387653227,0.6000936642344562,0,0,0,156,-0.4966375284102237,0.3882343024820964,0.19846316998807093,0,1,1,1,0,1,1,1,train
4946813,Số 1 đường Giải Phóng - phường Bạch Mai - ĐHBK,21.0052,105.8418,2024-03-02,-1.0281690098744452,1.191749934913079,0.7033853805314105,-0.08107383470092984,17,60,49,156,-0.44290026221785583,0.6337782299755851,0.1414770986408958,0,0,0,0,0,1,1,1,train
4946813,Số 1 đường Giải Phóng - phường Bạch Mai - ĐHBK,21.0052,105.8418,2024-03-03,-0.2692962291415657,0.8941844565773183,-0.4142921944791964,1.242213109290654,2,20,8,156,-0.3891629960254879,0.8793221574690739,0.0844910272937207,45954,0,0,0,0,0,0,0,train
4946813,Số 1 đường Giải Phóng - phường Bạch Mai - ĐHBK,21.0052,105.8418,2024-03-04,0.14943808202145709,0.7633659569584198,1.083513000019967,2.087536782961846,0,150,4,156,-0.417118447790068,0.6520717337133601,0.09491747266981371,0,1,0,0,0,1,1,1,train
4946813,Số 1 đường Giải Phóng - phường Bạch Mai - ĐHBK,21.0052,105.8418,2024-03-05,0.5681723931844799,0.9101270032801396,-0.8145673360595771,1.3182641180933812,142,129,63,142,-0.4450738995546481,0.4248213099576465,0.10534391804590673,0,0,0,0,0,1,1,1,train
4946813,Số 1 đường Giải Phóng - phường Bạch Mai - ĐHBK,21.0052,105.8418,2024-03-06,-0.5745517970953202,1.029879236796426,-0.2900607388765647,0.9724425012905282,73,103,91,156,-0.47302935131922824,0.19757088620193275,0.11577036342199967,0,0,0,0,0,1,1,1,train
4946813,Số 1 đường Giải Phóng - phường Bạch Mai - ĐHBK,21.0052,105.8418,2024-03-07,-0.5798466737763893,1.2181538489281711,0.2897109462547582,1.842361650749779,0,14,7,156,-0.5009848030838084,-0.029679537553780954,0.1261968087980927,0,1,0,0,0,1,1,1,train
4946813,Số 1 đường Giải Phóng - phường Bạch Mai - ĐHBK,21.0052,105.8418,2024-03-08,-0.5851415504574586,1.227543689032489,0.30104834327887436,1.3531837512615268,0,0,0,156,-0.5289402548483885,-0.2569299613094947,0.13662325417418572,45954,1,1,1,0,0,0,0,train
4946813,Số 1 đường Giải Phóng - phường Bạch Mai - ĐHBK,21.0052,105.8418,2024-03-09,-0.5904364271385276,1.2369335291368075,0.3123857403029906,0.8970377564190888,0,9,0,156,-0.6166624853919502,-0.1083498317302195,0.2894979299457457,0,1,0,1,0,1,1,1,train
4946813,Số 1 đường Giải Phóng - phường Bạch Mai - ĐHBK,21.0052,105.8418,2024-03-10,-0.5957313038195969,1.158712315678774,0.32372313732710684,1.3763201313925026,0,1,0,156,-0.704384715935512,0.04023029784905566,0.44237260571730563,0,1,0,1,0,1,1,1,train
4946813,Số 1 đường Giải Phóng - phường Bạch Mai - ĐHBK,21.0052,105.8418,2024-03-11,-0.601026180500666,1.479454853887475,0.335060534351223,1.2482693924637587,59,108,140,156,-0.7921069464790738,0.18881042742833093,0.5952472814888656,0,0,0,0,0,1,1,1,train
4946813,Số 1 đường Giải Phóng - phường Bạch Mai - ĐHBK,21.0052,105.8418,2024-03-12,1.4954043182598153,2.0786351961491496,0.4281367820463932,0.4354682299778933,67,147,0,156,-0.8798291770226355,0.33739055700760606,0.7481219572604256,0,0,0,1,0,1,1,1,train
4946813,Số 1 đường Giải Phóng - phường Bạch Mai - ĐHBK,21.0052,105.8418,2024-03-13,1.41000578071829,1.7212657361905197,0.5212130297415632,0.6762586546204811,0,0,0,156,-0.9675514075661973,0.48597068658688136,0.9009966330319856,45954,1,1,1,0,0,0,0,train
4946813,Số 1 đường Giải Phóng - phường Bạch Mai - ĐHBK,21.0052,105.8418,2024-03-14,1.3246072431767646,1.3638962762318911,0.6142892774367333,2.5912541576875205,0,3,0,156,-0.8840125044076049,0.6253523742500677,0.7568741203251074,0,1,0,1,0,1,1,1,train
4946813,Số 1 đường Giải Phóng - phường Bạch Mai - ĐHBK,21.0052,105.8418,2024-03-15,1.2392087056352397,1.1930922756912765,0.7073655251319035,2.8481218832336155,0,112,0,156,-0.8004736012490128,0.7647340619132541,0.612751607618229,0,1,0,1,0,1,1,1,train
4946813,Số 1 đường Giải Phóng - phường Bạch Mai - ĐHBK,21.0052,105.8418,2024-03-16,1.1538101680937143,1.7565126814394914,0.8004417728270735,2.9614035115108535,0,0,0,156,-0.7169346980904204,0.9041157495764405,0.4686290949113508,0,1,1,1,0,1,1,1,train
4946813,Số 1 đường Giải Phóng - phường Bạch Mai - ĐHBK,21.0052,105.8418,2024-03-17,1.0684116305521887,2.319933087187706,0.8935180205222436,2.797972853292679,0,7,0,156,-0.6333957949318283,1.0434974372396266,0.3245065822044725,0,1,0,1,0,1,1,1,train
4946813,Số 1 đường Giải Phóng - phường Bạch Mai - ĐHBK,21.0052,105.8418,2024-03-18,0.9830130930106633,1.7460843135652888,0.9865942682174136,3.2072793154207178,0,1,0,156,-0.5498568917732359,1.182879124902813,0.1803840694975942,45954,1,0,1,0,0,0,0,train
4946813,Số 1 đường Giải Phóng - phường Bạch Mai - ĐHBK,21.0052,105.8418,2024-03-19,0.8976145554691384,1.6917874199826894,1.079670515912584,0.3403880451152194,0,3,0,156,-0.6942568979591945,1.1210856240656122,0.40357094130214277,0,1,0,1,0,1,1,1,train
4946813,Số 1 đường Giải Phóng - phường Bạch Mai - ĐHBK,21.0052,105.8418,2024-03-20,0.812216017927613,3.489951345251536,1.172746763607754,-0.24962664670035392,0,78,0,156,-0.838656904145153,1.0592921232284112,0.6267578131066913,0,1,0,1,0,1,1,1,train
4946813,Số 1 đường Giải Phóng - phường Bạch Mai - ĐHBK,21.0052,105.8418,2024-03-21,0.7268174803860875,2.054293610651887,1.265823011302924,0.9741832512032206,131,60,46,137,-0.9830569103311115,0.99749862239121,0.84994468491124,0,0,0,0,0,1,1,1,train
4946813,Số 1 đường Giải Phóng - phường Bạch Mai - ĐHBK,21.0052,105.8418,2024-03-22,0.36035889934546744,1.1403771733548327,0.9393484743834367,1.442520945531962,0,2,0,156,-1.12745691651707,0.9357051215540091,1.0731315567157884,0,1,0,1,0,1,1,1,train
4946813,Số 1 đường Giải Phóng - phường Bạch Mai - ĐHBK,21.0052,105.8418,2024-03-23,-0.006099681695152683,0.6898689812351236,0.6128739374639492,1.2235914091790665,0,0,0,0,-1.2718569227030285,0.8739116207168081,1.2963184285203373,45954,1,1,1,1,0,0,0,train
4946813,Số 1 đường Giải Phóng - phường Bạch Mai - ĐHBK,21.0052,105.8418,2024-03-24,-0.3725582627357728,0.23936078911541503,0.28639940054446195,1.004661872826171,0,53,0,156,-1.201874932387911,0.6576210923166464,1.1920855307194966,0,1,0,1,0,1,1,1,train
4946813,Số 1 đường Giải Phóng - phường Bạch Mai - ĐHBK,21.0052,105.8418,2024-03-25,-0.7390168437763929,0.2066313464514848,-0.04007513637502548,-0.13687341876800704,81,156,148,156,-1.131892942072793,0.4413305639164849,1.087852632918656,0,0,0,0,0,1,1,1,train
4946813,Số 1 đường Giải Phóng - phường Bạch Mai - ĐHBK,21.0052,105.8418,2024-03-26,-0.056622725323924775,0.6973670808258342,-0.9090215701320962,-0.39800259828519,0,121,25,156,-1.0619109517576755,0.22504003551632332,0.9836197351178155,0,1,0,0,0,1,1,1,train
4946813,Số 1 đường Giải Phóng - phường Bạch Mai - ĐHBK,21.0052,105.8418,2024-03-27,0.6257713931285434,0.8477217932252334,-0.8347919770514347,0.998939382196451,9,16,43,156,-0.9919289614425576,0.008749507116161655,0.8793868373169751,0,0,0,0,0,1,1,1,train
4946813,Số 1 đường Giải Phóng - phường Bạch Mai - ĐHBK,21.0052,105.8418,2024-03-28,0.21662978951623701,2.423659320876807,-0.5297450813199498,2.2513565970599094,0,3,0,156,-0.92194697112744,-0.207541021284,0.7751539395161344,45954,1,0,1,0,0,0,0,train
4946813,Số 1 đường Giải Phóng - phường Bạch Mai - ĐHBK,21.0052,105.8418,2024-03-29,-0.1925118140960691,1.136166335968526,-0.2246981855884648,0.7448505437763934,2,13,4,156,-0.6685465885461009,0.11053448137953369,0.5544016349639401,0,0,0,0,0,1,1,1,train
4946813,Số 1 đường Giải Phóng - phường Bạch Mai - ĐHBK,21.0052,105.8418,2024-03-30,-0.23439144273211204,0.8770432939215963,-0.36092955492242756,1.39484612519692,3,83,26,156,-0.4151462059647619,0.4286099840430675,0.33364933041174577,0,0,0,0,0,1,1,1,train
4946813,Số 1 đường Giải Phóng - phường Bạch Mai - ĐHBK,21.0052,105.8418,2024-03-31,0.47435425054619884,2.160522892626713,-0.426372791185771,1.0778972349196698,152,62,156,156,-0.1617458233834228,0.7466854867066013,0.1128970258595513,0,0,0,0,0,1,1,1,train
4946813,Số 1 đường Giải Phóng - phường Bạch Mai - ĐHBK,21.0052,105.8418,2024-04-01,0.14607473817133815,1.506088400355889,0.23733046799192778,1.8981033929706819,151,1,156,156,0.0916545591979161,1.0647609893701349,-0.10785527869264308,0,0,0,0,0,1,1,1,train
4946813,Số 1 đường Giải Phóng - phường Bạch Mai - ĐHBK,21.0052,105.8418,2024-04-02,0.85538842112985,2.202094548356635,0.9070790024362818,1.8608387910382742,156,74,156,156,0.345054941779255,1.3828364920336687,-0.3286075832448375,45954,0,0,0,0,0,0,0,train
4946813,Số 1 đường Giải Phóng - phường Bạch Mai - ĐHBK,21.0052,105.8418,2024-04-03,0.6914392212300375,2.371309666862755,-0.15867081028222663,1.8441449832503105,156,67,156,156,0.06664485682243519,1.0034503597238738,-0.07904366138291709,0,0,0,0,0,1,1,1,train
4946813,Số 1 đường Giải Phóng - phường Bạch Mai - ĐHBK,21.0052,105.8418,2024-04-04,0.5484154360885624,1.6564927482737077,-0.08779200261764526,2.9335949913424835,9,155,53,156,-0.21176522813438461,0.6240642274140789,0.1705202604790034,0,0,0,0,0,1,1,1,train
4946813,Số 1 đường Giải Phóng - phường Bạch Mai - ĐHBK,21.0052,105.8418,2024-04-05,0.37946613181557926,3.861016117452933,-0.2308467492499606,4.492417516343328,0,44,7,156,-0.49017531309120443,0.2446780951042841,0.42008418234092393,0,1,0,0,0,1,1,1,train
4946813,Số 1 đường Giải Phóng - phường Bạch Mai - ĐHBK,21.0052,105.8418,2024-04-06,0.21051682754259618,2.6934719990761935,-0.16678950583760416,3.437424287203657,0,34,0,156,-0.7685853980480242,-0.1347080372055109,0.6696481042028444,0,1,0,1,0,1,1,1,train
4946813,Số 1 đường Giải Phóng - phường Bạch Mai - ĐHBK,21.0052,105.8418,2024-04-07,0.041567523269613084,1.4136534289380307,-0.1027322624252477,2.830231462921183,0,57,0,156,-1.0469954830048442,-0.5140941695153055,0.9192120260647648,45954,1,0,1,0,0,0,0,train
4946813,Số 1 đường Giải Phóng - phường Bạch Mai - ĐHBK,21.0052,105.8418,2024-04-08,-0.12738178100337,1.7417632962370029,-0.038675019012891235,2.9001767975267616,0,0,0,156,-0.9856471011178322,-0.33219356056275395,0.8592995031496857,0,1,1,1,0,1,1,1,train
4946813,Số 1 đường Giải Phóng - phường Bạch Mai - ĐHBK,21.0052,105.8418,2024-04-09,-0.2963310852763531,2.069873163535976,0.025382224399465195,1.8832492963128715,0,5,0,156,-0.9242987192308202,-0.15029295161020223,0.7993869802346066,0,1,0,1,0,1,1,1,train
4946813,Số 1 đường Giải Phóng - phường Bạch Mai - ĐHBK,21.0052,105.8418,2024-04-10,-0.4652803895493362,1.5295272739523296,0.08943946781182166,0.03963137796398675,0,8,0,156,-0.8629503373438081,0.0316076573423493,0.7394744573195275,0,1,0,1,0,1,1,1,train
4946813,Số 1 đường Giải Phóng - phường Bạch Mai - ĐHBK,21.0052,105.8418,2024-04-11,-0.6342296938223193,2.263681863248228,0.15349671122417813,1.0902660134704096,0,110,29,156,-0.801601955456796,0.21350826629490094,0.6795619344044483,0,1,0,0,0,1,1,1,train
4946813,Số 1 đường Giải Phóng - phường Bạch Mai - ĐHBK,21.0052,105.8418,2024-04-12,-0.8031789980953024,1.600261160363485,-0.07963300433565354,1.875366202204527,10,13,18,156,-0.7402535735697839,0.39540887524745266,0.6196494114893694,45954,0,0,0,0,0,0,0,train
4946813,Số 1 đường Giải Phóng - phường Bạch Mai - ĐHBK,21.0052,105.8418,2024-04-13,0.1666231001421936,1.0623686835471504,-1.3359072907140517,1.0011303847454966,10,16,11,156,-0.8083804531231343,0.39678214350445457,0.6855577021632985,0,0,0,0,0,1,1,1,train
4946813,Số 1 đường Giải Phóng - phường Bạch Mai - ĐHBK,21.0052,105.8418,2024-04-14,-0.47133017107608394,1.7155279248064146,0.4317523793713757,2.1295230951250654,2,23,2,156,-0.8765073326764846,0.3981554117614565,0.7514659928372277,0,0,0,0,0,1,1,1,train
4946813,Số 1 đường Giải Phóng - phường Bạch Mai - ĐHBK,21.0052,105.8418,2024-04-15,-0.3159255557109085,1.5711065659158578,0.27259892269912994,2.3565033385354925,0,14,0,156,-0.9446342122298349,0.3995286800184584,0.8173742835111569,0,1,0,1,0,1,1,1,train
4946813,Số 1 đường Giải Phóng - phường Bạch Mai - ĐHBK,21.0052,105.8418,2024-04-16,-0.16052094034573308,1.1385041143412873,0.11344546602688418,0.3759731581299924,153,114,156,156,-1.0127610917831853,0.4009019482754604,0.8832825741850862,0,0,0,0,0,1,1,1,train
4946813,Số 1 đường Giải Phóng - phường Bạch Mai - ĐHBK,21.0052,105.8418,2024-04-17,-0.1838903473308751,1.3753053546787146,-0.3420737279030154,1.662931884128978,3,80,27,156,-1.0808879713365356,0.4022752165324623,0.9491908648590152,45954,0,0,0,0,0,0,0,train
4946813,Số 1 đường Giải Phóng - phường Bạch Mai - ĐHBK,21.0052,105.8418,2024-04-18,0.9611839525839608,1.7678846696088149,0.17433011709604554,1.0729549671897136,152,87,156,156,-1.0721631746988631,0.2675141304766951,0.9511528620200947,0,0,0,0,0,1,1,1,train
4946813,Số 1 đường Giải Phóng - phường Bạch Mai - ĐHBK,21.0052,105.8418,2024-04-19,0.9870894582305337,1.5715303768807742,0.3427033988090225,0.2055638378716217,53,50,61,156,-1.063438378061191,0.13275304442092803,0.9531148591811743,0,0,0,0,0,1,1,1,train
4946813,Số 1 đường Giải Phóng - phường Bạch Mai - ĐHBK,21.0052,105.8418,2024-04-20,-0.48390904282106956,1.0808320055065501,0.5520514919981345,-0.24453100998642702,156,100,156,156,-1.0547135814235187,-0.0020080416348391686,0.9550768563422539,0,0,0,0,0,1,1,1,train
4946813,Số 1 đường Giải Phóng - phường Bạch Mai - ĐHBK,21.0052,105.8418,2024-04-21,-0.304430012953915,1.1977596507579442,0.26323241825366844,1.2987836293116197,1,156,64,156,-1.0459887847858462,-0.13676912769060634,0.9570388535033335,0,0,0,0,0,1,1,1,train
4946813,Số 1 đường Giải Phóng - phường Bạch Mai - ĐHBK,21.0052,105.8418,2024-04-22,-0.13481702853472816,1.1313045096676335,-0.18014146746756962,1.387922542808386,0,124,0,144,-1.0372639881481738,-0.27153021374637354,0.9590008506644131,45954,1,0,1,0,0,0,0,train
4946813,Số 1 đường Giải Phóng - phường Bạch Mai - ĐHBK,21.0052,105.8418,2024-04-23,0.0347959558844587,1.08484811893601,-0.6235153531888077,1.6404252246237758,4,88,50,156,-0.4627199221165774,0.08714817588075577,0.3505628691329794,0,0,0,0,0,1,1,1,train
4946813,Số 1 đường Giải Phóng - phường Bạch Mai - ĐHBK,21.0052,105.8418,2024-04-24,0.3314422364362755,1.1983498225263385,-0.375204865769592,0.48153624443793785,0,4,0,156,0.11182414391501895,0.4458265655078851,-0.25787511239845434,0,1,0,1,0,1,1,1,train
4946813,Số 1 đường Giải Phóng - phường Bạch Mai - ĐHBK,21.0052,105.8418,2024-04-25,0.6280885169880923,1.1087138034462842,-0.12689437835037637,-0.19828775294802733,136,134,152,156,0.6863682099466153,0.8045049551350144,-0.866313093929888,0,0,0,0,0,1,1,1,train
4946813,Số 1 đường Giải Phóng - phường Bạch Mai - ĐHBK,21.0052,105.8418,2024-04-26,-0.16122353736359235,0.5251397408863092,0.6264892782024913,-0.3925203737857326,155,78,156,156,1.2609122759782119,1.1631833447621436,-1.4747510754613218,0,0,0,0,0,1,1,1,train
4946813,Số 1 đường Giải Phóng - phường Bạch Mai - ĐHBK,21.0052,105.8418,2024-04-27,-0.23535817969059664,0.8119924016461837,0.8613718673018712,0.7683499807818076,156,23,156,156,1.8354563420098087,1.521861734389273,-2.083189056992755,45954,0,0,0,0,0,0,0,train
4946813,Số 1 đường Giải Phóng - phường Bạch Mai - ĐHBK,21.0052,105.8418,2024-04-28,-0.236324789780714,1.0774428814003594,0.4661391296878792,1.5516984006867443,156,34,156,156,1.358348922364158,1.251549841222267,-1.6019450585851125,0,0,0,0,0,1,1,1,train
4946813,Số 1 đường Giải Phóng - phường Bạch Mai - ĐHBK,21.0052,105.8418,2024-04-29,-0.03125095489839396,2.2172437449327242,0.4749334286356421,1.3280993222523747,156,147,156,156,0.8812415027185075,0.9812379480552608,-1.1207010601774703,0,0,0,0,0,1,1,1,train
4946813,Số 1 đường Giải Phóng - phường Bạch Mai - ĐHBK,21.0052,105.8418,2024-04-30,0.1507622706046832,2.620723783329846,0.468424277135159,1.4574008425795992,156,90,156,156,0.40413408307285675,0.7109260548882548,-0.6394570617698279,0,0,0,0,0,1,1,1,train
4946813,Số 1 đường Giải Phóng - phường Bạch Mai - ĐHBK,21.0052,105.8418,2024-05-01,0.028628440512898114,2.060110057060581,0.4283009364638419,1.915012442899701,0,0,0,156,-0.07297333657279371,0.4406141617212487,-0.15821306336218563,0,1,1,1,0,1,1,1,train
4946813,Số 1 đường Giải Phóng - phường Bạch Mai - ĐHBK,21.0052,105.8418,2024-05-02,-0.09350538957888697,1.4994963307913176,0.3881775957925248,1.4063581158021599,0,0,0,156,-0.5500807562184442,0.17030226855424266,0.32303093504545705,45954,1,1,1,0,0,0,0,train
4946813,Số 1 đường Giải Phóng - phường Bạch Mai - ĐHBK,21.0052,105.8418,2024-05-03,-0.21563921967067184,0.9388826045220532,0.34805425512120775,1.4352735443618507,0,13,0,156,-0.5938849951855709,0.23550874876998823,0.42511178760051727,0,1,0,1,0,1,1,1,train
4946813,Số 1 đường Giải Phóng - phường Bạch Mai - ĐHBK,21.0052,105.8418,2024-05-04,-0.3377730497624569,0.27397856326010195,0.3079309144498906,0.9215122928798338,124,142,153,156,-0.6376892341526977,0.3007152289857339,0.5271926401555774,0,0,0,0,0,1,1,1,train
4946813,Số 1 đường Giải Phóng - phường Bạch Mai - ĐHBK,21.0052,105.8418,2024-05-05,-0.5718231122523955,1.0012741784455215,-0.8743357398814192,0.9636471961770557,10,17,12,156,-0.6814934731198243,0.36592170920147943,0.6292734927106378,0,0,0,0,0,1,1,1,train
4946813,Số 1 đường Giải Phóng - phường Bạch Mai - ĐHBK,21.0052,105.8418,2024-05-06,0.8488356699611196,0.27192387097587567,0.09175142624801641,-0.9784566032839901,15,71,34,156,-0.725297712086951,0.431128189417225,0.731354345265698,0,0,0,0,0,1,1,1,train
4946813,Số 1 đường Giải Phóng - phường Bạch Mai - ĐHBK,21.0052,105.8418,2024-05-07,0.07493368183808752,0.6953595695563617,0.1589127325422385,-0.6587749619944552,0,61,3,156,-0.7691019510540779,0.49633466963297057,0.8334351978207583,45954,1,0,0,0,0,0,0,train
4946813,Số 1 đường Giải Phóng - phường Bạch Mai - ĐHBK,21.0052,105.8418,2024-05-08,-0.6989683062849446,-0.1933450243354107,-4.424682521116779,-0.8510929789037599,10,88,5,138,-0.9000282441303691,0.40242338438119674,0.9813235154629519,0,0,0,0,0,1,1,1,train
4946813,Số 1 đường Giải Phóng - phường Bạch Mai - ĐHBK,21.0052,105.8418,2024-05-09,-1.2411952711872392,0.08960006660120592,-0.8092305965063377,0.5941386117575471,24,71,37,156,-1.0309545372066602,0.30851209912942296,1.1292118331051457,0,0,0,0,0,1,1,1,train
4946813,Số 1 đường Giải Phóng - phường Bạch Mai - ĐHBK,21.0052,105.8418,2024-05-10,-0.39505094586899775,-0.016922937644669116,-0.1644400500027158,-0.5050235111338204,44,77,64,156,-1.1618808302829513,0.21460081387764915,1.2771001507473396,0,0,0,0,0,1,1,1,train
4946813,Số 1 đường Giải Phóng - phường Bạch Mai - ĐHBK,21.0052,105.8418,2024-05-11,-0.08664295272568605,0.10083623890146923,-0.7901024113913496,-1.0450825266243464,75,82,104,156,-1.2928071233592426,0.12068952862587523,1.424988468389533,0,0,0,0,0,1,1,1,train
4946813,Số 1 đường Giải Phóng - phường Bạch Mai - ĐHBK,21.0052,105.8418,2024-05-12,-0.03663778577204968,-0.32974097443277395,-0.06883399770625866,-1.1766592591063014,58,78,91,156,-1.4237334164355337,0.026778243374101333,1.5728767860317268,45954,0,0,0,0,0,0,0,train
4946813,Số 1 đường Giải Phóng - phường Bạch Mai - ĐHBK,21.0052,105.8418,2024-05-13,-0.3012217022485819,0.4205132498000457,-0.5108345925586804,-0.8439684879240742,0,91,12,156,-0.9739986285980305,0.29006940402854603,1.107699166350365,0,1,0,0,0,1,1,1,train
4946813,Số 1 đường Giải Phóng - phường Bạch Mai - ĐHBK,21.0052,105.8418,2024-05-14,-0.5658056187251144,0.485833592032556,0.15557452604213007,0.5716646208015007,72,110,102,156,-0.5242638407605272,0.5533605646829909,0.6425215466690029,0,0,0,0,0,1,1,1,train
4946813,Số 1 đường Giải Phóng - phường Bạch Mai - ĐHBK,21.0052,105.8418,2024-05-15,-0.8369482491836384,0.39702337707204155,-0.1003783432603412,0.11833887134888567,0,3,0,156,-0.07452905292302388,0.8166517253374357,0.1773439269876408,0,1,0,1,0,1,1,1,train
4946813,Số 1 đường Giải Phóng - phường Bạch Mai - ĐHBK,21.0052,105.8418,2024-05-16,-1.1080908796421627,0.2727892198765712,-0.3563312125628125,-0.7560583179928118,19,35,25,156,0.37520573491447934,1.0799428859918805,-0.2878336926937214,0,0,0,0,0,1,1,1,train
4946813,Số 1 đường Giải Phóng - phường Bạch Mai - ĐHBK,21.0052,105.8418,2024-05-17,-1.6123843296035203,0.32319054343157055,-0.5247379023881876,-0.8084861434759553,2,57,27,156,0.8249405227519827,1.3432340466463253,-0.7530113123750832,45954,0,0,0,0,0,0,0,train
4946813,Số 1 đường Giải Phóng - phường Bạch Mai - ĐHBK,21.0052,105.8418,2024-05-18,-1.3898097170929113,-0.300993282147087,0.3102033172778915,-1.3560760060859398,0,72,3,156,0.4080203143489482,1.0680844999632486,-0.3202672361442037,0,1,0,0,0,1,1,1,train
4946813,Số 1 đường Giải Phóng - phường Bạch Mai - ĐHBK,21.0052,105.8418,2024-05-19,-1.1672351045823026,0.000996848115841699,0.8757566353582259,0.9277955239264155,0,0,31,156,-0.00889989405408614,0.7929349532801719,0.11247684008667601,0,1,1,0,0,1,1,1,train
4946813,Số 1 đường Giải Phóng - phường Bạch Mai - ĐHBK,21.0052,105.8418,2024-05-20,-0.9446604920716938,0.3029869783787709,0.5424341185596769,0.23190052269389283,0,0,0,156,-0.4258201024571205,0.5177854065970953,0.5452209163175554,0,1,1,1,0,1,1,1,train
4946813,Số 1 đường Giải Phóng - phường Bạch Mai - ĐHBK,21.0052,105.8418,2024-05-21,-0.7220858795610849,0.6049771086416996,0.20911160176112809,-0.5585098095542352,53,95,70,156,-0.842740310860155,0.2426358599140186,0.9779649925484353,0,0,0,0,0,1,1,1,train
4946813,Số 1 đường Giải Phóng - phường Bạch Mai - ĐHBK,21.0052,105.8418,2024-05-22,-0.6270645173277556,0.08326035637567979,-0.2824426775874896,-1.2890486239020278,12,46,59,156,-1.2596605192631893,-0.03251368676905809,1.410709068779315,45954,0,0,0,0,0,0,0,train
4946813,Số 1 đường Giải Phóng - phường Bạch Mai - ĐHBK,21.0052,105.8418,2024-05-23,-0.6309603911494283,0.3825633505785502,0.007369395028622953,-1.242660836902098,1,1,10,156,-1.007040248311979,0.025223026150950283,1.1377075452273473,0,0,0,0,0,1,1,1,train
4946813,Số 1 đường Giải Phóng - phường Bạch Mai - ĐHBK,21.0052,105.8418,2024-05-24,-0.7226510781372069,-0.10281911131808735,1.5368875745351893,-0.06677071372910923,18,115,23,138,-0.7544199773607686,0.08295973907095856,0.8647060216753798,0,0,0,0,0,1,1,1,train
4946813,Số 1 đường Giải Phóng - phường Bạch Mai - ĐHBK,21.0052,105.8418,2024-05-25,-0.2927072489511674,-1.0846339378562482,0.6647278456829978,0.15299524498379793,0,11,0,156,-0.5017997064095583,0.14069645199096692,0.5917044981234121,0,1,0,1,0,1,1,1,train
4946813,Số 1 đường Giải Phóng - phường Bạch Mai - ĐHBK,21.0052,105.8418,2024-05-26,0.137236580234872,-1.1726787567594599,-0.20743188316919375,-0.61806349964893,86,30,106,156,-0.2491794354583479,0.1984331649109752,0.31870297457144453,0,0,0,0,0,1,1,1,train
4946813,Số 1 đường Giải Phóng - phường Bạch Mai - ĐHBK,21.0052,105.8418,2024-05-27,-0.6247175794019018,-0.913090858991996,-0.4289563208690886,-0.7134596049099526,89,68,93,156,0.0034408354928625565,0.2561698778309836,0.04570145101947689,45954,0,0,0,0,0,0,0,train
4946813,Số 1 đường Giải Phóng - phường Bạch Mai - ĐHBK,21.0052,105.8418,2024-05-28,-0.6725439090162973,-0.5780543823706518,0.37864234142464004,-1.204601320181275,0,6,11,156,-0.17104176775547034,0.3506724175017732,0.24363031264529733,0,1,0,0,0,1,1,1,train
4946813,Số 1 đường Giải Phóng - phường Bạch Mai - ĐHBK,21.0052,105.8418,2024-05-29,-0.7203702386306929,-0.3908041164321029,0.31740560861959594,-0.8890537135764958,91,121,147,156,-0.34552437100380323,0.44517495717256267,0.4415591742711177,0,0,0,0,0,1,1,1,train
4946813,Số 1 đường Giải Phóng - phường Bạch Mai - ĐHBK,21.0052,105.8418,2024-05-30,-0.8775331226976582,-0.19940164847240882,-0.33006119164957903,0.8309861903680027,19,110,71,156,-0.5200069742521363,0.5396774968433522,0.639488035896938,0,0,0,0,0,1,1,1,train
4946813,Số 1 đường Giải Phóng - phường Bạch Mai - ĐHBK,21.0052,105.8418,2024-05-31,-0.8722694810086072,-0.07840279982057428,2.5650382457603156,0.04560155532220055,0,21,2,156,-0.694489577500469,0.6341800365141418,0.8374168975227585,0,1,0,0,0,1,1,1,train
4946813,Số 1 đường Giải Phóng - phường Bạch Mai - ĐHBK,21.0052,105.8418,2024-06-01,-0.8670058393195561,0.14069546924612014,-0.3943729708462449,-1.1528840804346128,57,103,82,156,-0.868972180748802,0.7286825761849314,1.0353457591485788,45954,0,0,0,0,0,0,0,train
4946813,Số 1 đường Giải Phóng - phường Bạch Mai - ĐHBK,21.0052,105.8418,2024-06-02,-0.8419362693448273,-0.1644661524653491,-0.11061042945541545,-1.207221254211192,109,135,142,156,-0.8686190407263064,0.29939318787998787,0.9633224358372331,0,0,0,0,0,1,1,1,train
4946813,Số 1 đường Giải Phóng - phường Bạch Mai - ĐHBK,21.0052,105.8418,2024-06-03,-0.2054681192336392,-0.24408425122731137,0.2999412475054352,-1.474262814032758,53,9,101,156,-0.8682659007038105,-0.12989620042495556,0.8912991125258874,0,0,0,0,0,1,1,1,train
4946813,Số 1 đường Giải Phóng - phường Bạch Mai - ĐHBK,21.0052,105.8418,2024-06-04,0.11021234932584224,-0.2861228080974803,-0.5506442016349742,0.6330419565058318,0,0,16,156,-0.8679127606813147,-0.5591855887298992,0.8192757892145418,0,1,1,0,0,1,1,1,train
4946813,Số 1 đường Giải Phóng - phường Bạch Mai - ĐHBK,21.0052,105.8418,2024-06-05,0.4258928178853237,-0.32816136496764925,-2.5608695708316502,0.26895091270914445,0,0,0,156,-0.867559620658819,-0.9884749770348424,0.747252465903196,0,1,1,1,0,1,1,1,train
4946813,Số 1 đường Giải Phóng - phường Bạch Mai - ĐHBK,21.0052,105.8418,2024-06-06,0.7415732864448051,-0.3701999218378187,-4.571094940028327,-0.40083353411431594,0,0,1,156,-0.8672064806363232,-1.417764365339786,0.6752291425918504,45954,1,1,0,0,0,0,0,train
4946813,Số 1 đường Giải Phóng - phường Bạch Mai - ĐHBK,21.0052,105.8418,2024-06-07,1.0572537550042866,-0.41223847870798763,-0.704150419826986,-1.0320200042582623,4,86,9,156,-0.9142676426336196,-1.4151819820144864,0.8003240560173097,0,0,0,0,0,1,1,1,train
4946813,Số 1 đường Giải Phóng - phường Bạch Mai - ĐHBK,21.0052,105.8418,2024-06-08,0.6802157159695309,-0.41149676406561175,-1.194594952149249,-1.577847556907574,0,0,6,156,-0.9613288046309159,-1.412599598689187,0.9254189694427688,0,1,1,0,0,1,1,1,train
4946813,Số 1 đường Giải Phóng - phường Bạch Mai - ĐHBK,21.0052,105.8418,2024-06-09,0.30317767693477526,-0.4107550494232359,-0.8902157680690143,-0.3439579483728975,0,0,0,145,-1.0083899666282121,-1.4100172153638875,1.050513882868228,0,1,1,1,0,1,1,1,train
4946813,Số 1 đường Giải Phóng - phường Bạch Mai - ĐHBK,21.0052,105.8418,2024-06-10,-0.07386036209998037,-0.41001333478086,-0.5858365839887797,0.39428323044281194,0,2,0,156,-1.0554511286255086,-1.407434832038588,1.1756087962936874,0,1,0,1,0,1,1,1,train
4946813,Số 1 đường Giải Phóng - phường Bạch Mai - ĐHBK,21.0052,105.8418,2024-06-11,-0.450898401134736,-0.5290360352655145,-0.28145739990854507,-0.41435693983293187,47,41,76,156,-1.1025122906228049,-1.4048524487132885,1.3007037097191465,45954,0,0,0,0,0,0,0,train
4946813,Số 1 đường Giải Phóng - phường Bạch Mai - ĐHBK,21.0052,105.8418,2024-06-12,-0.9002665385577499,-0.7561878035561506,-0.5060133123881021,-0.5787745824082331,104,116,124,156,-0.6919443206852192,-1.0552059613277822,0.8415204402715654,0,0,0,0,0,1,1,1,train
4946813,Số 1 đường Giải Phóng - phường Bạch Mai - ĐHBK,21.0052,105.8418,2024-06-13,-1.1417767147790283,-0.6393018848669421,-0.03637448732171905,-0.9228112541861903,88,11,128,156,-0.28137635074763345,-0.7055594739422758,0.3823371708239841,0,0,0,0,0,1,1,1,train
4946813,Số 1 đường Giải Phóng - phường Bạch Mai - ĐHBK,21.0052,105.8418,2024-06-14,-1.0343358697594416,-0.599676105092414,-0.4790487213524692,-1.3227158631473284,0,0,17,156,0.12919161918995226,-0.3559129865567696,-0.07684609862359712,0,1,1,0,0,1,1,1,train
4946813,Số 1 đường Giải Phóng - phường Bạch Mai - ĐHBK,21.0052,105.8418,2024-06-15,-0.9268950247398549,-0.560050325317886,-0.3867213241131621,0.5211992076079996,0,0,0,156,0.539759589127538,-0.006266499171263255,-0.5360293680711784,0,1,1,1,0,1,1,1,train
4946813,Số 1 đường Giải Phóng - phường Bạch Mai - ĐHBK,21.0052,105.8418,2024-06-16,-0.8194541797202682,-0.5204245455433579,-0.2943939268738551,-0.2504630690603655,80,50,93,156,0.9503275590651237,0.3433799882142429,-0.9952126375187599,45954,0,0,0,0,0,0,0,train
4946813,Số 1 đường Giải Phóng - phường Bạch Mai - ĐHBK,21.0052,105.8418,2024-06-17,-0.6024108218608892,-0.365100826850008,-0.7467366581739568,-0.4142807331259433,135,113,154,156,0.6860084145453357,-0.09274081073336533,-0.7059612832774917,0,0,0,0,0,1,1,1,train
4946813,Số 1 đường Giải Phóng - phường Bạch Mai - ĐHBK,21.0052,105.8418,2024-06-18,1.382251943925291,-0.014383617249334965,-0.45297502106632176,-1.3800573489837449,65,11,113,156,0.4216892700255473,-0.5288616096809734,-0.41670992903622384,0,0,0,0,0,1,1,1,train
4946813,Số 1 đường Giải Phóng - phường Bạch Mai - ĐHBK,21.0052,105.8418,2024-06-19,-0.33194966483707633,-0.355438809562301,0.2859709586549001,-1.0304867922035525,116,109,156,156,0.15737012550575924,-0.9649824086285814,-0.1274585747949559,0,0,0,0,0,1,1,1,train
4946813,Số 1 đường Giải Phóng - phường Bạch Mai - ĐHBK,21.0052,105.8418,2024-06-20,-0.6013989197636618,-0.9447332292581447,-0.9315764298708005,1.2586045388987719,10,15,77,156,-0.10694901901402894,-1.4011032075761896,0.16179277944631218,0,0,0,0,0,1,1,1,train
4946813,Số 1 đường Giải Phóng - phường Bạch Mai - ĐHBK,21.0052,105.8418,2024-06-21,-0.5018491180295254,-0.7893784201851305,-1.7042273460332333,0.22302758125113678,0,6,3,156,-0.37126816353381714,-1.8372240065237981,0.4510441336875801,45954,1,0,0,0,0,0,0,train
4946813,Số 1 đường Giải Phóng - phường Bạch Mai - ĐHBK,21.0052,105.8418,2024-06-22,-0.402299316295389,-0.6050661951249942,-0.4693816950633537,-0.5222097958072288,25,3,88,156,-0.45043500541974435,-2.2012546356592866,0.5130763396264447,0,0,0,0,0,1,1,1,train
4946813,Số 1 đường Giải Phóng - phường Bạch Mai - ĐHBK,21.0052,105.8418,2024-06-23,0.43988868242418266,-1.0828094234706005,0.010236911109778226,-1.212247313484961,5,75,24,156,-0.5296018473056716,-2.5652852647947753,0.5751085455653093,0,0,0,0,0,1,1,1,train
4946813,Số 1 đường Giải Phóng - phường Bạch Mai - ĐHBK,21.0052,105.8418,2024-06-24,0.2831748172260254,-1.0757790886417928,-0.11076219042823418,-1.3466230299243815,0,0,0,156,-0.6087686891915988,-2.929315893930264,0.637140751504174,0,1,1,1,0,1,1,1,train
4946813,Số 1 đường Giải Phóng - phường Bạch Mai - ĐHBK,21.0052,105.8418,2024-06-25,0.12646095202786814,-1.0687487538129852,-0.2317612919662466,-0.7246071650088884,0,0,0,148,-0.6879355310775261,-3.2933465230657526,0.6991729574430386,0,1,1,1,0,1,1,1,train
4946813,Số 1 đường Giải Phóng - phường Bạch Mai - ĐHBK,21.0052,105.8418,2024-06-26,-0.030252913170289133,-1.0617184189841777,-0.352760393504259,0.3075167938082291,0,8,0,156,-0.7671023729634533,-3.6573771522012413,0.7612051633819032,45954,1,0,1,0,0,0,0,train
4946813,Số 1 đường Giải Phóng - phường Bạch Mai - ĐHBK,21.0052,105.8418,2024-06-27,-0.18696677836844638,-1.168761232560256,-0.4737594950422715,-0.41214921480899847,58,99,78,156,-0.6140536875194894,-2.820876305701343,0.6005685530664469,0,0,0,0,0,1,1,1,train
4946813,Số 1 đường Giải Phóng - phường Bạch Mai - ĐHBK,21.0052,105.8418,2024-06-28,0.5782092034547731,-1.2626588154355516,-0.5648795227506603,-0.9974074673968061,23,24,41,156,-0.4610050020755255,-1.9843754592014446,0.4399319427509905,0,0,0,0,0,1,1,1,train
4946813,Số 1 đường Giải Phóng - phường Bạch Mai - ĐHBK,21.0052,105.8418,2024-06-29,0.40453048961488697,-1.2641214041660993,-0.8903612148737049,-1.6946656302848289,0,0,88,156,-0.30795631663156164,-1.1478746127015464,0.2792953324355341,0,1,1,0,0,1,1,1,train
4946813,Số 1 đường Giải Phóng - phường Bạch Mai - ĐHBK,21.0052,105.8418,2024-06-30,0.23085177577500032,-1.265583992896647,-0.43829610347595255,-1.1146685669123368,0,0,18,156,-0.15490763118759776,-0.3113737662016478,0.11865872212007761,0,1,1,0,0,1,1,1,train
4946813,Số 1 đường Giải Phóng - phường Bạch Mai - ĐHBK,21.0052,105.8418,2024-07-01,0.057173061935114185,-1.2670465816271945,0.5313845220164897,0.40094008189149555,0,0,0,156,-0.0018589457436338716,0.5251270802982505,-0.041977888195378774,45954,1,1,1,0,0,0,0,train
4946813,Số 1 đường Giải Phóng - phường Bạch Mai - ĐHBK,21.0052,105.8418,2024-07-02,-0.11650565190477197,-1.2685091703577422,1.5010651475089318,-0.26437282367201353,0,0,9,156,0.15062435355548842,0.6953046848562434,-0.1718791732442009,0,1,1,0,0,1,1,1,train
4946813,Số 1 đường Giải Phóng - phường Bạch Mai - ĐHBK,21.0052,105.8418,2024-07-03,-0.29018436574465833,-1.26997175908829,0.5742600260105251,-0.18931103884358477,0,0,0,156,0.30310765285461055,0.8654822894142363,-0.301780458293023,0,1,1,1,0,1,1,1,train
4946813,Số 1 đường Giải Phóng - phường Bạch Mai - ĐHBK,21.0052,105.8418,2024-07-04,-0.46386307958454476,-1.2714343478188377,-0.3525450954878818,-1.355887042119708,14,12,36,156,0.4555909521537327,1.0356598939722295,-0.43168174334184517,0,0,0,0,0,1,1,1,train
4946813,Số 1 đường Giải Phóng - phường Bạch Mai - ĐHBK,21.0052,105.8418,2024-07-05,-0.7398616602339453,-1.37654287615124,-0.38467645518259347,-0.8825311122465204,124,153,146,156,0.608074251452855,1.2058374985302223,-0.5615830283906672,0,0,0,0,0,1,1,1,train
4946813,Số 1 đường Giải Phóng - phường Bạch Mai - ĐHBK,21.0052,105.8418,2024-07-06,-0.7500212790837416,-1.1961764020823724,-0.4748227404878814,0.6297509734479184,37,118,84,156,0.7605575507519773,1.3760151030882153,-0.6914843134394895,45954,0,0,0,0,0,0,0,train
4946813,Số 1 đường Giải Phóng - phường Bạch Mai - ĐHBK,21.0052,105.8418,2024-07-07,-0.9298328309414721,-1.2710260820437527,-0.820834944465478,0.1800757626594755,54,58,97,156,0.6914341492939914,1.5030965808297605,-0.7392654506806118,0,0,0,0,0,1,1,1,train
4946813,Số 1 đường Giải Phóng - phường Bạch Mai - ĐHBK,21.0052,105.8418,2024-07-08,-0.7164151172815121,-1.2138789642691656,-0.3919418184357659,-0.44813430851999336,38,110,52,156,0.6223107478360055,1.6301780585713057,-0.7870465879217343,0,0,0,0,0,1,1,1,train
4946813,Số 1 đường Giải Phóng - phường Bạch Mai - ĐHBK,21.0052,105.8418,2024-07-09,-0.7987700685964497,-1.1282718765821156,-0.5717033826235567,-1.2580580556550134,19,128,61,156,0.5531873463780199,1.7572595363128507,-0.8348277251628566,0,0,0,0,0,1,1,1,train
4946813,Số 1 đường Giải Phóng - phường Bạch Mai - ĐHBK,21.0052,105.8418,2024-07-10,-1.0917828391100777,-1.3851276390557927,-0.1965011536754683,-0.9829238930040087,3,17,10,156,0.48406394492003396,1.8843410140543964,-0.8826088624039792,0,0,0,0,0,1,1,1,train
4946813,Số 1 đường Giải Phóng - phường Bạch Mai - ĐHBK,21.0052,105.8418,2024-07-11,-0.25617930865105076,-1.2008110504336031,0.7333559807281368,-0.35022511389896194,112,87,12,141,0.41494054346204806,2.0114224917959413,-0.9303899996451015,45954,0,0,0,0,0,0,0,train
4946813,Số 1 đường Giải Phóng - phường Bạch Mai - ĐHBK,21.0052,105.8418,2024-07-12,-1.1296291954827102,-1.075673635892047,-0.010411441959894907,0.41408299158329004,71,148,115,156,0.1624258680629388,1.372215612024633,-0.5267218272321399,0,0,0,0,0,1,1,1,train
4946813,Số 1 đường Giải Phóng - phường Bạch Mai - ĐHBK,21.0052,105.8418,2024-07-13,-0.7265408622772512,-1.1698131237389502,-0.157129920692911,-0.350305560947797,79,112,97,156,-0.09008880733617046,0.7330087322533244,-0.12305365481917822,0,0,0,0,0,1,1,1,train
4946813,Số 1 đường Giải Phóng - phường Bạch Mai - ĐHBK,21.0052,105.8418,2024-07-14,-0.4193183271575721,-1.207739023369122,-0.32406632507322863,-0.7724633047502137,15,5,27,156,-0.34260348273527974,0.09380185248201593,0.2806145175937833,0,0,0,0,0,1,1,1,train
4946813,Số 1 đường Giải Phóng - phường Bạch Mai - ĐHBK,21.0052,105.8418,2024-07-15,-1.215041547580131,-1.2736243105268772,-0.007660790316470699,-1.3015901217291086,39,137,65,156,-0.595118158134389,-0.5454050272892925,0.684282690006745,0,0,0,0,0,1,1,1,train
4946813,Số 1 đường Giải Phóng - phường Bạch Mai - ĐHBK,21.0052,105.8418,2024-07-16,-0.8630711437775036,-1.1327262552758093,0.0018454398089685956,-0.686746944354853,17,73,69,156,-0.8476328335334984,-1.1846119070606012,1.0879508624197067,45954,0,0,0,0,0,0,0,train
4946813,Số 1 đường Giải Phóng - phường Bạch Mai - ĐHBK,21.0052,105.8418,2024-07-17,-0.6923878978121519,-1.0824875425881366,-0.47058057302654527,0.17253539716703398,0,0,3,156,-0.701782620310699,-0.7771762839500331,0.9100377824449537,0,1,1,0,0,1,1,1,train
4946813,Số 1 đường Giải Phóng - phường Bạch Mai - ĐHBK,21.0052,105.8418,2024-07-18,-0.5217046518468001,-1.032248829900464,-0.45356380852304573,-0.20268710761381464,0,55,0,156,-0.5559324070878998,-0.36974066083946516,0.7321247024702006,0,1,0,1,0,1,1,1,train
4946813,Số 1 đường Giải Phóng - phường Bạch Mai - ĐHBK,21.0052,105.8418,2024-07-19,-0.35102140588144826,-1.0579188473218721,-0.4365470440195462,-0.8449969201296721,13,94,39,156,-0.4100821938651005,0.037694962271103,0.5542116224954476,0,0,0,0,0,1,1,1,train
4946813,Số 1 đường Giải Phóng - phường Bạch Mai - ĐHBK,21.0052,105.8418,2024-07-20,-1.1015695918285109,-1.3661011448682314,-0.35302289079951693,-1.4266965703382373,1,29,15,156,-0.2642319806423012,0.44513058538167094,0.37629854252069467,0,0,0,0,0,1,1,1,train
4946813,Số 1 đường Giải Phóng - phường Bạch Mai - ĐHBK,21.0052,105.8418,2024-07-21,-0.704509155356448,-1.2089169124022519,0.5262324747881251,-1.1016083140249875,84,149,140,156,-0.1183817674195018,0.852566208492239,0.19838546254594153,45954,0,0,0,0,0,0,0,train
4946813,Số 1 đường Giải Phóng - phường Bạch Mai - ĐHBK,21.0052,105.8418,2024-07-22,-0.826579149514776,-1.1881600840434685,0.3512677364512561,0.7851738953967107,0,0,0,156,-0.05191814778496406,1.0443554348040882,0.019478932564409687,0,1,1,1,0,1,1,1,train
4946813,Số 1 đường Giải Phóng - phường Bạch Mai - ĐHBK,21.0052,105.8418,2024-07-23,-0.9486491436731036,-1.1674032556846852,0.176302998114387,0.3038675942484913,0,0,0,156,0.01454547184957361,1.2361446611159372,-0.1594275974171221,0,1,1,1,0,1,1,1,train
4946813,Số 1 đường Giải Phóng - phường Bạch Mai - ĐHBK,21.0052,105.8418,2024-07-24,-1.0707191378314316,-1.1466464273259018,0.0013382597775179416,-0.5393725495695453,12,89,33,156,0.08100909148411128,1.4279338874277865,-0.33833412739865387,0,0,0,0,0,1,1,1,train
4946813,Số 1 đường Giải Phóng - phường Bạch Mai - ĐHBK,21.0052,105.8418,2024-07-25,-1.060107486989105,-1.4640471588044692,-0.9652531560511984,-1.3411640974435175,4,8,27,156,0.14747271111864896,1.6197231137396355,-0.5172406573801859,0,0,0,0,0,1,1,1,train
4946813,Số 1 đường Giải Phóng - phường Bạch Mai - ĐHBK,21.0052,105.8418,2024-07-26,-1.0576009486572442,-0.8474418859919696,-0.1779487214171376,-1.1870514411253068,136,23,156,156,0.21393633075318663,1.8115123400514852,-0.6961471873617177,45954,0,0,0,0,0,0,0,train
4946813,Số 1 đường Giải Phóng - phường Bạch Mai - ĐHBK,21.0052,105.8418,2024-07-27,-0.76348607263727,-0.7399375348206775,-2.152677474079755,-0.7269690951405372,45,0,23,134,0.06513431080921835,1.200556678722902,-0.48182253982712453,0,0,1,0,0,1,1,1,train
4946813,Số 1 đường Giải Phóng - phường Bạch Mai - ĐHBK,21.0052,105.8418,2024-07-28,-0.7572160929350985,-0.6324331836493847,-3.5464599231951177,0.2030702481117943,0,0,3,156,-0.08366770913475005,0.5896010173943189,-0.2674978922925313,0,1,1,0,0,1,1,1,train
4946813,Số 1 đường Giải Phóng - phường Bạch Mai - ĐHBK,21.0052,105.8418,2024-07-29,-0.7509461132329268,-0.5249288324780925,-2.8595286573652916,0.06351974688757203,0,9,0,156,-0.2324697290787184,-0.021354643934264048,-0.05317324475793817,0,1,0,1,0,1,1,1,train
4946813,Số 1 đường Giải Phóng - phường Bạch Mai - ĐHBK,21.0052,105.8418,2024-07-30,-0.7446761335307553,-0.6950311517855263,-2.172597391535465,-0.3110097158246465,0,0,0,156,-0.38127174902268673,-0.6323103052628471,0.1611514027766551,0,1,1,1,0,1,1,1,train
4946813,Số 1 đường Giải Phóng - phường Bạch Mai - ĐHBK,21.0052,105.8418,2024-07-31,-0.7384061538285837,-0.8651334710929606,-1.485666125705639,-1.0376954927889228,0,0,0,156,-0.5300737689666551,-1.2432659665914303,0.3754760503112482,45954,1,1,1,0,0,0,0,train
4946813,Số 1 đường Giải Phóng - phường Bạch Mai - ĐHBK,21.0052,105.8418,2024-08-01,-0.7321361741264122,-1.0352357904003948,-0.7987348598758127,-1.1736295049953849,0,0,0,156,-0.47567649354725233,-0.7141072178850678,0.3364130056704477,0,1,1,1,0,1,1,1,train
4946813,Số 1 đường Giải Phóng - phường Bạch Mai - ĐHBK,21.0052,105.8418,2024-08-02,-0.7258661944242404,-1.2053381097078286,-0.11180359404598642,-0.05309952313867252,0,11,0,156,-0.4212792181278495,-0.18494846917870533,0.2973499610296471,0,1,0,1,0,1,1,1,train
4946813,Số 1 đường Giải Phóng - phường Bạch Mai - ĐHBK,21.0052,105.8418,2024-08-03,-0.7195962147220689,-0.8607313869633079,0.5751276717838398,-0.17275766998311623,5,38,11,156,-0.36688194270844676,0.34421027952765715,0.2582869163888466,0,0,0,0,0,1,1,1,train
4946813,Số 1 đường Giải Phóng - phường Bạch Mai - ĐHBK,21.0052,105.8418,2024-08-04,-1.2149498217506054,-1.1746525867842916,0.05650239080559148,-0.5933550874322546,113,149,132,156,-0.312484667289044,0.8733690282340196,0.21922387174804606,0,0,0,0,0,1,1,1,train
4946813,Số 1 đường Giải Phóng - phường Bạch Mai - ĐHBK,21.0052,105.8418,2024-08-05,-0.5750737335582081,-1.1086237111625568,-0.14713265934078712,-1.2686534157439056,69,120,93,156,-0.2580873918696412,1.4025277769403823,0.1801608271072455,45954,0,0,0,0,0,0,0,train
4946813,Số 1 đường Giải Phóng - phường Bạch Mai - ĐHBK,21.0052,105.8418,2024-08-06,-0.9653401152270206,-1.0489487273430356,-0.13992625739423314,-1.447563471734444,43,123,134,156,0.13646182748931404,1.457514877659996,-0.25962713776820157,0,0,0,0,0,1,1,1,train
4946813,Số 1 đường Giải Phóng - phường Bạch Mai - ĐHBK,21.0052,105.8418,2024-08-07,-1.1307856006502415,-1.0977465782029125,1.2183627933195769,1.089463155506423,88,94,56,156,0.531011046848269,1.5125019783796096,-0.6994151026436486,0,0,0,0,0,1,1,1,train
4946813,Số 1 đường Giải Phóng - phường Bạch Mai - ĐHBK,21.0052,105.8418,2024-08-08,-0.8335649869998604,-1.1704285223504935,0.12720111967427106,-0.06162443180552224,109,156,132,156,0.9255602662072242,1.5674890790992233,-1.1392030675190954,0,0,0,0,0,1,1,1,train
4946813,Số 1 đường Giải Phóng - phường Bạch Mai - ĐHBK,21.0052,105.8418,2024-08-09,-0.9134163179553839,-1.1781626633762967,-0.10122731979432407,-0.11464091826627752,147,76,154,156,1.3201094855661795,1.6224761798188372,-1.5789910323945429,0,0,0,0,0,1,1,1,train
4946813,Số 1 đường Giải Phóng - phường Bạch Mai - ĐHBK,21.0052,105.8418,2024-08-10,-0.6319235757936297,-1.068735299496643,0.3079151464720236,-0.03797664255860353,130,147,150,156,1.714658704925135,1.6774632805384508,-2.01877899726999,45954,0,0,0,0,0,0,0,train
4946813,Số 1 đường Giải Phóng - phường Bạch Mai - ĐHBK,21.0052,105.8418,2024-08-11,-0.5953719111088364,-1.1331910200887985,-1.405664731771243,-1.5553684894859372,0,0,7,156,1.4356109934362915,1.4091943631952224,-1.689278671271072,0,1,1,0,0,1,1,1,train
4946813,Số 1 đường Giải Phóng - phường Bạch Mai - ĐHBK,21.0052,105.8418,2024-08-12,-0.5588202464240427,-1.1976467406809537,-1.9989528066016615,1.1695808910324823,0,0,9,26,1.1565632819474483,1.1409254458519937,-1.3597783452721532,0,1,1,0,0,1,1,1,train
4946813,Số 1 đường Giải Phóng - phường Bạch Mai - ĐHBK,21.0052,105.8418,2024-08-13,-0.5222685817392493,-1.2621024612731089,-0.9389579831201728,0.23966924701863004,12,7,41,156,0.8775155704586047,0.8726565285087654,-1.030278019273235,0,0,0,0,0,1,1,1,train
4946813,Số 1 đường Giải Phóng - phường Bạch Mai - ĐHBK,21.0052,105.8418,2024-08-14,-0.9770319233481579,-1.1029595348881829,0.28102288347645904,-0.30495092428030857,1,1,4,156,0.5984678589697615,0.604387611165537,-0.7007776932743167,0,0,0,0,0,1,1,1,train
4946813,Số 1 đường Giải Phóng - phường Bạch Mai - ĐHBK,21.0052,105.8418,2024-08-15,-0.7832927621331518,-0.7526533182888894,0.12888033954729297,-1.1373527235438476,30,51,57,156,0.31942014748091835,0.3361186938223082,-0.3712773672753984,45954,0,0,0,0,0,0,0,train
4946813,Số 1 đường Giải Phóng - phường Bạch Mai - ĐHBK,21.0052,105.8418,2024-08-16,-0.9343912113769512,-0.2641626365935595,-0.22551042686206485,-1.4698815256121625,53,71,86,156,0.037189965090810996,0.29196122889638804,-0.0634536494356608,0,0,0,0,0,1,1,1,train
4946813,Số 1 đường Giải Phóng - phường Bạch Mai - ĐHBK,21.0052,105.8418,2024-08-17,-0.7419716080497665,-0.08533213636923687,-0.030226394606464858,-1.1799135721657108,0,0,105,156,-0.24504021729929645,0.2478037639704678,0.2443700684040768,0,1,1,0,0,1,1,1,train
4946813,Số 1 đường Giải Phóng - phường Bạch Mai - ĐHBK,21.0052,105.8418,2024-08-18,-0.5495520047225817,0.09349836385508575,-0.5783806561181409,0.77509018331626,6,14,31,156,-0.5272703996894039,0.20364629904454762,0.5521937862438144,0,0,0,0,0,1,1,1,train
4946813,Số 1 đường Giải Phóng - phường Bạch Mai - ĐHBK,21.0052,105.8418,2024-08-19,-0.3883624455473037,0.02342201170160524,-0.3474007694521684,0.03470072638176505,29,46,69,156,-0.8095005820795113,0.15948883411862746,0.860017504083552,0,0,0,0,0,1,1,1,train
4946813,Số 1 đường Giải Phóng - phường Bạch Mai - ĐHBK,21.0052,105.8418,2024-08-20,-0.5096800679983525,-0.31558012466290736,-0.7884022140610474,-0.9048072404907698,52,27,89,156,-1.0917307644696186,0.11533136919270721,1.1678412219232897,45954,0,0,0,0,0,0,0,train
4946813,Số 1 đường Giải Phóng - phường Bạch Mai - ĐHBK,21.0052,105.8418,2024-08-21,-0.5625932482320289,-0.534625621900952,-1.1005614300525617,-1.784039016768771,0,0,29,156,-0.8315972195373593,-0.024475776420185363,0.8881391357232465,0,1,1,0,0,1,1,1,train
4946813,Số 1 đường Giải Phóng - phường Bạch Mai - ĐHBK,21.0052,105.8418,2024-08-22,-0.6155064284657052,-0.7536711191389961,-0.29099071816410327,-1.6077156887508717,47,4,105,156,-0.5714636746050998,-0.16428292203307804,0.6084370495232035,0,0,0,0,0,1,1,1,train
4946813,Số 1 đường Giải Phóng - phường Bạch Mai - ĐHBK,21.0052,105.8418,2024-08-23,0.24276416569733883,-0.9578405515135483,-0.3400932099971635,0.5853461733540555,0,0,0,156,-0.3113301296728405,-0.30409006764597074,0.32873496332316055,0,1,1,1,0,1,1,1,train
4946813,Số 1 đường Giải Phóng - phường Bạch Mai - ĐHBK,21.0052,105.8418,2024-08-24,1.101034759860383,-1.1620099838881002,-0.38919570183022373,-0.04977685696315934,31,66,77,156,-0.05119658474058107,-0.4438972132588632,0.04903287712311752,0,0,0,0,0,1,1,1,train
4946813,Số 1 đường Giải Phóng - phường Bạch Mai - ĐHBK,21.0052,105.8418,2024-08-25,-1.0091218812933205,-1.1458238958778992,0.030280150586351785,-0.6624101891425583,2,8,10,156,0.20893696019167815,-0.5837043588717559,-0.2306692090769256,45954,0,0,0,0,0,0,0,train
4946813,Số 1 đường Giải Phóng - phường Bạch Mai - ĐHBK,21.0052,105.8418,2024-08-26,-0.9615072949838741,-0.9439578788249032,0.03792127079881205,-0.8508513391416316,98,156,134,156,-0.029100191000829476,-0.8812227040468494,0.011451302891304171,0,0,0,0,0,1,1,1,train
4946813,Số 1 đường Giải Phóng - phường Bạch Mai - ĐHBK,21.0052,105.8418,2024-08-27,-0.17813369516667046,-1.0511986890293803,-0.03846198851545506,-1.0748302566484518,136,155,152,156,-0.267137342193337,-1.1787410492219428,0.25357181485953395,0,0,0,0,0,1,1,1,train
4946813,Số 1 đường Giải Phóng - phường Bạch Mai - ĐHBK,21.0052,105.8418,2024-08-28,-0.731219260188154,-0.8820779325527759,-0.2662655288346522,0.18562378711146005,104,156,41,135,-0.5051744933858446,-1.4762593943970364,0.4956923268277637,0,0,0,0,0,1,1,1,train
4946813,Số 1 đường Giải Phóng - phường Bạch Mai - ĐHBK,21.0052,105.8418,2024-08-29,-0.6183407946585536,-0.5622415152777511,0.000802430516369822,0.620613484692055,0,0,0,156,-0.7432116445783522,-1.7737777395721295,0.7378128387959935,0,1,1,1,0,1,1,1,train
4946813,Số 1 đường Giải Phóng - phường Bạch Mai - ĐHBK,21.0052,105.8418,2024-08-30,-0.5054623291289532,-0.24240509800272644,0.26787038986739176,-0.11580898313718839,156,98,156,156,-0.9812487957708597,-2.071296084747223,0.9799333507642233,45954,0,0,0,0,0,0,0,train
4946813,Số 1 đường Giải Phóng - phường Bạch Mai - ĐHBK,21.0052,105.8418,2024-08-31,-0.36280392488517327,-0.7299532502934512,-0.3211000498209639,-1.2212871250705424,150,145,153,156,-0.5464995550126416,-1.3360955308822828,0.5077164511755802,0,0,0,0,0,1,1,1,train
4946813,Số 1 đường Giải Phóng - phường Bạch Mai - ĐHBK,21.0052,105.8418,2024-09-01,-0.8659967600435002,-1.5554913289124537,-0.5973426030239942,-1.4104916560482426,0,6,3,156,-0.11175031425442346,-0.6008949770173428,0.03549955158693702,0,1,0,0,0,1,1,1,train
4946813,Số 1 đường Giải Phóng - phường Bạch Mai - ĐHBK,21.0052,105.8418,2024-09-02,-1.3691895952018274,-1.1516785689083775,0.10649420647440754,-0.9515983974742424,72,154,155,156,0.3229989265037947,0.1343055768475973,-0.4367173480017061,0,0,0,0,0,1,1,1,train
4946813,Số 1 đường Giải Phóng - phường Bạch Mai - ĐHBK,21.0052,105.8418,2024-09-03,-1.0279271987664567,-0.7620592490282938,0.13419245035634186,0.6034856988191913,150,91,154,156,0.7577481672620128,0.8695061307125375,-0.9089342475903492,0,0,0,0,0,1,1,1,train
4946813,Số 1 đường Giải Phóng - phường Bạch Mai - ĐHBK,21.0052,105.8418,2024-09-04,-0.7145266816349183,-0.3685068597591814,0.32264974037362243,-0.10078061440179761,156,156,156,156,1.1924974080202306,1.6047066845774773,-1.3811511471789923,45954,0,0,0,0,0,0,0,train
4946813,Số 1 đường Giải Phóng - phường Bạch Mai - ĐHBK,21.0052,105.8418,2024-09-05,-0.8340700499699033,-0.3948630473142563,-0.28593534864069264,-0.7446372259832116,126,153,148,156,0.8926646898755881,0.9199577563890333,-1.0618910650219062,0,0,0,0,0,1,1,1,train
4946813,Số 1 đường Giải Phóng - phường Bạch Mai - ĐHBK,21.0052,105.8418,2024-09-06,-0.38682886072392286,-0.4967713119607998,-0.35851715896349695,-1.5616828960035596,57,123,105,156,0.5928319717309453,0.23520882820058914,-0.7426309828648203,0,0,0,0,0,1,1,1,train
4946813,Số 1 đường Giải Phóng - phường Bạch Mai - ĐHBK,21.0052,105.8418,2024-09-07,-0.43964154006600537,-0.5521438235907801,-0.291002670120778,-0.8592795859313175,0,0,0,156,0.29299925358630274,-0.44954009998785505,-0.4233709007077344,0,1,1,1,0,1,1,1,train
4946813,Số 1 đường Giải Phóng - phường Bạch Mai - ĐHBK,21.0052,105.8418,2024-09-08,-0.49245421940808765,-0.6075163352207603,-0.2234881812780591,0.8460705793942674,0,0,0,156,-0.006833464558339929,-1.1342890281762992,-0.10411081855064849,0,1,1,1,0,1,1,1,train
4946813,Số 1 đường Giải Phóng - phường Bạch Mai - ĐHBK,21.0052,105.8418,2024-09-09,-0.5452668987501701,-0.6628888468507405,-0.1559736924353402,0.33622544784612435,0,0,0,156,-0.3066661827029825,-1.8190379563647427,0.2151492636064375,45954,1,1,1,0,0,0,0,train
4946813,Số 1 đường Giải Phóng - phường Bạch Mai - ĐHBK,21.0052,105.8418,2024-09-10,-0.5980795780922525,-0.7182613584807207,-0.0884592035926213,-0.2492324740779993,0,9,0,156,-0.03650959982826091,-1.0962060644451457,-0.08829197959166343,0,1,0,1,0,1,1,1,train
4946813,Số 1 đường Giải Phóng - phường Bạch Mai - ĐHBK,21.0052,105.8418,2024-09-11,-0.6508922574343349,-0.7219416139929987,-0.020944714749902393,-0.22746596325595492,0,0,0,156,0.23364698304646064,-0.3733741725255484,-0.3917332227897644,0,1,1,1,0,1,1,1,train
4946813,Số 1 đường Giải Phóng - phường Bạch Mai - ĐHBK,21.0052,105.8418,2024-09-12,-0.7037049367764173,-0.7256218695052769,0.0465697740928165,-1.4472848036350643,2,29,41,156,0.5038035659211821,0.3494577193940486,-0.6951744659878653,0,0,0,0,0,1,1,1,train
4946813,Số 1 đường Giải Phóng - phường Bạch Mai - ĐHBK,21.0052,105.8418,2024-09-13,-1.2767385860890883,-0.8599838542381925,-0.6471173182895825,-0.28464966059718055,6,137,23,134,0.7739601487959039,1.0722896113136462,-0.9986157091859662,0,0,0,0,0,1,1,1,train
4946813,Số 1 đường Giải Phóng - phường Bạch Mai - ĐHBK,21.0052,105.8418,2024-09-14,-0.5300995317080767,-0.579440086046809,-0.794760104605709,0.23099992410380418,82,98,140,156,1.0441167316706252,1.795121503233243,-1.3020569523840668,45954,0,0,0,0,0,0,0,train
4946813,Số 1 đường Giải Phóng - phường Bạch Mai - ĐHBK,21.0052,105.8418,2024-09-15,-0.7623106372146509,-0.2808497160725872,-0.2934715466818446,-0.7787136880782656,95,148,139,156,0.9205687996110539,1.8141827353258102,-1.1976333654067857,0,0,0,0,0,1,1,1,train
4946813,Số 1 đường Giải Phóng - phường Bạch Mai - ĐHBK,21.0052,105.8418,2024-09-16,-0.9295861988355277,-0.3586392096094705,0.0876847531244154,-0.757580063207599,150,135,156,156,0.7970208675514823,1.8332439674183771,-1.0932097784295045,0,0,0,0,0,1,1,1,train
4946813,Số 1 đường Giải Phóng - phường Bạch Mai - ĐHBK,21.0052,105.8418,2024-09-17,-0.5094838872131201,-1.3105958173180963,-0.8625051051602642,-1.6067013512026798,0,57,20,156,0.6734729354919109,1.852305199510944,-0.9887861914522234,0,1,0,0,0,1,1,1,train
4946813,Số 1 đường Giải Phóng - phường Bạch Mai - ĐHBK,21.0052,105.8418,2024-09-18,-0.08938157559071236,-0.7851378560322967,0.25447686480904186,-0.49709484828140665,0,85,25,156,0.5499250034323392,1.871366431603511,-0.884362604474942,0,1,0,0,0,1,1,1,train
4946813,Số 1 đường Giải Phóng - phường Bạch Mai - ĐHBK,21.0052,105.8418,2024-09-19,0.3307207360316952,-0.7759623759140919,0.5534997272750282,0.9647429960672016,3,11,28,156,0.42637707137276787,1.890427663696078,-0.7799390174976608,45954,0,0,0,0,0,0,0,train
4946813,Số 1 đường Giải Phóng - phường Bạch Mai - ĐHBK,21.0052,105.8418,2024-09-20,-0.7866763414878479,-1.010602562142121,-0.1189184560591944,0.028761052609440216,15,39,30,156,0.7051369855354837,1.8465884963085761,-1.038790663340613,0,0,0,0,0,1,1,1,train
4946813,Số 1 đường Giải Phóng - phường Bạch Mai - ĐHBK,21.0052,105.8418,2024-09-21,-1.1652150112875899,-0.41097359115632726,-0.010130013788554831,-1.0493621662868746,52,105,87,156,0.9838968996981994,1.8027493289210745,-1.2976423091835652,0,0,0,0,0,1,1,1,train
4946813,Số 1 đường Giải Phóng - phường Bạch Mai - ĐHBK,21.0052,105.8418,2024-09-22,-0.8322354065110259,-0.49684453798659256,0.6368860153429596,-0.5264068383884364,0,0,0,156,1.262656813860915,1.758910161533573,-1.556493955026517,0,1,1,1,0,1,1,1,train
4946813,Số 1 đường Giải Phóng - phường Bạch Mai - ĐHBK,21.0052,105.8418,2024-09-23,-0.4992558017344619,-0.5827154848168579,1.2839020444744742,-0.8699679946483349,0,71,5,156,1.5414167280236304,1.7150709941460713,-1.8153456008694693,0,1,0,0,0,1,1,1,train
4946813,Số 1 đường Giải Phóng - phường Bạch Mai - ĐHBK,21.0052,105.8418,2024-09-24,-0.1662761969578979,-0.10994808083092109,-0.1293706253170266,0.5749132900256357,154,14,156,156,1.8201766421863466,1.6712318267585695,-2.074197246712422,45954,0,0,0,0,0,0,0,train
4946813,Số 1 đường Giải Phóng - phường Bạch Mai - ĐHBK,21.0052,105.8418,2024-09-25,0.06751340477406548,-0.7878629005377359,-0.19463628286945447,0.09305035349219709,0,9,0,156,1.2595564572105522,1.5982499753441404,-1.4406047058393703,0,1,0,1,0,1,1,1,train
4946813,Số 1 đường Giải Phóng - phường Bạch Mai - ĐHBK,21.0052,105.8418,2024-09-26,0.30130300650602887,-0.38546475280845005,-0.2599019404218823,-0.9601365348131907,76,130,109,156,0.6989362722347585,1.5252681239297108,-0.8070121649663193,0,0,0,0,0,1,1,1,train
4946813,Số 1 đường Giải Phóng - phường Bạch Mai - ĐHBK,21.0052,105.8418,2024-09-27,-0.36518067687733213,-0.645309146208156,-0.10533863978445934,-1.1280905030422588,126,142,151,156,0.1383160872589648,1.4522862725152814,-0.17341962409326794,0,0,0,0,0,1,1,1,train
4946813,Số 1 đường Giải Phóng - phường Bạch Mai - ĐHBK,21.0052,105.8418,2024-09-28,0.45713998926681,-0.567495107634692,-0.15507578109836412,-0.9812920183474609,135,146,156,156,-0.42230409771682914,1.379304421100852,0.46017291677978317,0,0,0,0,0,1,1,1,train
4946813,Số 1 đường Giải Phóng - phường Bạch Mai - ĐHBK,21.0052,105.8418,2024-09-29,0.4023878309050415,-0.7187285323435957,-0.35466857610235364,-0.3335003098093314,0,156,0,143,-0.9829242826926231,1.3063225696864225,1.0937654576528344,45954,1,0,1,0,0,0,0,train
4946813,Số 1 đường Giải Phóng - phường Bạch Mai - ĐHBK,21.0052,105.8418,2024-09-30,0.34763567254327343,-0.5915006988534611,-0.5542613711063432,0.5915238139163457,0,78,9,156,-0.40984858819505854,1.3421826659429608,0.4435692105732474,0,1,0,0,0,1,1,1,train
4946813,Số 1 đường Giải Phóng - phường Bạch Mai - ĐHBK,21.0052,105.8418,2024-10-01,0.2928835141815049,-0.8788554419726768,-0.5942260319649958,-0.07785699790220629,5,64,9,156,0.163227106302506,1.3780427621994986,-0.2066270365063397,0,0,0,0,0,1,1,1,train
4946813,Số 1 đường Giải Phóng - phường Bạch Mai - ĐHBK,21.0052,105.8418,2024-10-02,-0.6121047069344917,-0.08899671033036516,-0.11163628409510255,-0.6702762024372674,107,118,120,156,0.7363028008000706,1.4139028584560367,-0.8568232835859265,0,0,0,0,0,1,1,1,train
4946813,Số 1 đường Giải Phóng - phường Bạch Mai - ĐHBK,21.0052,105.8418,2024-10-03,-0.41401992353589323,-0.11414391847265332,-0.506788827122546,-0.35884937198358235,156,85,156,156,1.3093784952976353,1.4497629547125748,-1.5070195306655136,0,0,0,0,0,1,1,1,train
4946813,Số 1 đường Giải Phóng - phường Bạch Mai - ĐHBK,21.0052,105.8418,2024-10-04,0.31212183339208316,0.24920825779060554,1.5083308828678,-0.486578143547612,107,25,137,156,1.8824541897951999,1.4856230509691128,-2.1572157777451,45954,0,0,0,0,0,0,0,train
4946813,Số 1 đường Giải Phóng - phường Bạch Mai - ĐHBK,21.0052,105.8418,2024-10-05,0.17756321318734383,0.07766108808692886,2.100564782328549,0.28829659333425206,156,102,156,156,1.4136772871500727,1.4586952520333916,-1.6364363925491128,0,0,0,0,0,1,1,1,train
4946813,Số 1 đường Giải Phóng - phường Bạch Mai - ĐHBK,21.0052,105.8418,2024-10-06,-0.19328406184755173,0.23409696965989946,0.4241757497232596,-0.3097663998167407,156,130,156,156,0.9449003845049462,1.4317674530976705,-1.1156570073531247,0,0,0,0,0,1,1,1,train
4946813,Số 1 đường Giải Phóng - phường Bạch Mai - ĐHBK,21.0052,105.8418,2024-10-07,-0.394611600713193,-0.1662541220187576,0.385558250938241,-0.7397324046523793,132,138,144,156,0.47612348185981906,1.4048396541619492,-0.5948776221571367,0,0,0,0,0,1,1,1,train
4946813,Số 1 đường Giải Phóng - phường Bạch Mai - ĐHBK,21.0052,105.8418,2024-10-08,-0.0003371935860543248,0.22174808903476537,0.18007721943610383,-0.9441889077439694,155,110,156,156,0.0073465792146923,1.377911855226228,-0.07409823696114888,0,0,0,0,0,1,1,1,train
4946813,Số 1 đường Giải Phóng - phường Bạch Mai - ĐHBK,21.0052,105.8418,2024-10-09,-0.36166337826354905,-0.043990385815263655,1.1877579390048945,-0.4579547610672108,23,56,65,156,-0.46143032343043433,1.3509840562905069,0.44668114823483895,45954,0,0,0,0,0,0,0,train
4946813,Số 1 đường Giải Phóng - phường Bạch Mai - ĐHBK,21.0052,105.8418,2024-10-10,-0.2695273833067049,-0.22441522252665588,-0.6280886249287464,0.03475492511733887,31,60,52,156,-0.4552660891044586,1.3545270515676278,0.45257989744370325,0,0,0,0,0,1,1,1,train
4946813,Số 1 đường Giải Phóng - phường Bạch Mai - ĐHBK,21.0052,105.8418,2024-10-11,0.3031428515679637,0.08707110966576442,0.44561945541103515,-0.1225549788147268,60,125,115,156,-0.44910185477848286,1.3580700468447489,0.45847864665256755,0,0,0,0,0,1,1,1,train
4946813,Số 1 đường Giải Phóng - phường Bạch Mai - ĐHBK,21.0052,105.8418,2024-10-12,-0.35430044570152636,0.1418349043886019,0.01778293506634145,-0.8019355917236677,44,133,102,156,-0.442937620452507,1.3616130421218697,0.46437739586143195,0,0,0,0,0,1,1,1,train
4946813,Số 1 đường Giải Phóng - phường Bạch Mai - ĐHBK,21.0052,105.8418,2024-10-13,-0.5810214494834991,-0.06189544455382651,0.3097709304865888,-1.313645473321952,31,114,71,156,-0.4367733861265314,1.365156037398991,0.47027614507029625,0,0,0,0,0,1,1,1,train
4946813,Số 1 đường Giải Phóng - phường Bạch Mai - ĐHBK,21.0052,105.8418,2024-10-14,-0.3390395766727658,0.05856723141008591,0.6644884303864365,-0.769461142722862,34,153,156,156,-0.43060915180055553,1.3686990326761117,0.47617489427916054,45954,0,0,0,0,0,0,0,train
4946813,Số 1 đường Giải Phóng - phường Bạch Mai - ĐHBK,21.0052,105.8418,2024-10-15,-0.6006525531590995,-0.46826770642774995,1.2293511668520087,0.2669972685207324,3,156,11,146,-0.2208053097499364,1.404461262443282,0.23671637329642703,0,0,0,0,0,1,1,1,train
4946813,Số 1 đường Giải Phóng - phường Bạch Mai - ĐHBK,21.0052,105.8418,2024-10-16,-0.3494394207759598,-0.42647705442702116,-0.0761023959463214,0.04349946557490197,0,49,25,156,-0.011001467699317235,1.440223492210452,-0.0027421476863065055,0,1,0,0,0,1,1,1,train
4946813,Số 1 đường Giải Phóng - phường Bạch Mai - ĐHBK,21.0052,105.8418,2024-10-17,-0.09822628839282016,-0.2326825362914644,0.4250884784243928,-0.6956649804893769,81,153,125,156,0.19880237435130205,1.4759857219776222,-0.24220066866904005,0,0,0,0,0,1,1,1,train
4946813,Số 1 đường Giải Phóng - phường Bạch Mai - ĐHBK,21.0052,105.8418,2024-10-18,0.9074770204105522,-0.4087222658568464,0.39690561341739544,-1.2681013351801103,86,150,125,156,0.40860621640192124,1.5117479517447923,-0.48165918965177357,0,0,0,0,0,1,1,1,train
4946813,Số 1 đường Giải Phóng - phường Bạch Mai - ĐHBK,21.0052,105.8418,2024-10-19,-0.3836867118721134,-0.7626071487892446,0.46104625888967427,-1.5000497064334457,21,119,79,156,0.6184100584525404,1.5475101815119623,-0.721117710634507,45954,0,0,0,0,0,0,0,train
4946813,Số 1 đường Giải Phóng - phường Bạch Mai - ĐHBK,21.0052,105.8418,2024-10-20,-0.4649596028827314,-0.5491866921283617,0.19577942762551145,-0.49427961963405037,0,156,152,156,0.8361611239284139,1.4113704579276858,-0.9562878549965517,0,1,0,0,0,1,1,1,train
4946813,Số 1 đường Giải Phóng - phường Bạch Mai - ĐHBK,21.0052,105.8418,2024-10-21,-0.5462324938933494,-0.48897839920852487,0.3270985427661507,0.8977915816977796,0,0,0,156,1.0539121894042873,1.275230734343409,-1.1914579993585965,0,1,1,1,0,1,1,1,train
4946813,Số 1 đường Giải Phóng - phường Bạch Mai - ĐHBK,21.0052,105.8418,2024-10-22,-0.6275053849039675,-0.42877010628868806,0.45841765790678995,-0.6376355439807021,145,156,153,156,1.2716632548801607,1.1390910107591325,-1.4266281437206412,0,0,0,0,0,1,1,1,train
4946813,Số 1 đường Giải Phóng - phường Bạch Mai - ĐHBK,21.0052,105.8418,2024-10-23,-0.7991801071594185,-0.22440949535145227,0.48308607786459884,-0.541027417629064,103,109,111,156,1.4894143203560342,1.0029512871748558,-1.6617982880826858,0,0,0,0,0,1,1,1,train
4946813,Số 1 đường Giải Phóng - phường Bạch Mai - ĐHBK,21.0052,105.8418,2024-10-24,-0.18405476873483784,-0.5598092385141651,-0.07419863355662411,-1.2917902736598779,156,88,156,156,1.7071653858319076,0.8668115635905792,-1.8969684324447305,45954,0,0,0,0,0,0,0,train
4946813,Số 1 đường Giải Phóng - phường Bạch Mai - ĐHBK,21.0052,105.8418,2024-10-25,0.586136953987816,-0.4161866160222568,0.26464176848779847,-1.3556051489716,85,0,156,156,1.20810204218343,0.7403821413289814,-1.3780456311196634,0,0,1,0,0,1,1,1,train
4946813,Số 1 đường Giải Phóng - phường Bạch Mai - ĐHBK,21.0052,105.8418,2024-10-26,-0.6159934761275982,-0.27256399353034855,4.111719659866554,1.3160039561660497,147,0,152,156,0.7090386985349527,0.6139527190673836,-0.8591228297945965,0,0,1,0,0,1,1,1,train
4946813,Số 1 đường Giải Phóng - phường Bạch Mai - ĐHBK,21.0052,105.8418,2024-10-27,-0.6565789628387263,-0.12894137103844028,3.256991938133421,0.3687002402548966,0,0,0,156,0.20997535488647506,0.48752329680578593,-0.3402000284695295,0,1,1,1,0,1,1,1,train
4946813,Số 1 đường Giải Phóng - phường Bạch Mai - ĐHBK,21.0052,105.8418,2024-10-28,-0.6971644495498545,0.014681251453467985,2.4022642164002868,-0.37970128287551486,0,4,0,156,-0.2890879887620023,0.3610938745441881,0.17872277285553753,0,1,0,1,0,1,1,1,train
4946813,Số 1 đường Giải Phóng - phường Bạch Mai - ĐHBK,21.0052,105.8418,2024-10-29,-0.7377499362609825,-0.047990408609626806,1.5475364946671528,-0.9838073174630801,2,147,5,156,-0.7881513324104796,0.23466445228259034,0.6976455741806047,45954,0,0,0,0,0,0,0,train
4946813,Số 1 đường Giải Phóng - phường Bạch Mai - ĐHBK,21.0052,105.8418,2024-10-30,0.0010208054170453167,0.09599650313349878,0.22871110522339141,-0.6511550079730946,148,68,156,156,-0.886782060611128,0.2912487600308627,0.8372276614875946,0,0,0,0,0,1,1,1,train
4946813,Số 1 đường Giải Phóng - phường Bạch Mai - ĐHBK,21.0052,105.8418,2024-10-31,0.6053065105433418,0.33511315858813645,-1.1245854094990217,0.8868870349928378,150,92,41,155,-0.9854127888117763,0.34783306777913514,0.9768097487945848,0,0,0,0,0,1,1,1,train
4946813,Số 1 đường Giải Phóng - phường Bạch Mai - ĐHBK,21.0052,105.8418,2024-11-01,0.19183691945049167,-0.019335169295052728,0.6396853546884358,0.248330145240192,156,152,156,156,-1.0840435170124245,0.4044173755274076,1.1163918361015748,0,0,0,0,0,1,1,1,train
4946813,Số 1 đường Giải Phóng - phường Bạch Mai - ĐHBK,21.0052,105.8418,2024-11-02,0.11615004265012004,0.02912873270604362,0.01731901231930469,-0.21328470731987895,156,131,156,156,-1.1826742452130727,0.46100168327568,1.2559739234085647,0,0,0,0,0,1,1,1,train
4946813,Số 1 đường Giải Phóng - phường Bạch Mai - ĐHBK,21.0052,105.8418,2024-11-03,0.1821213906334353,-0.1284344478524441,0.10252340172597356,-0.8533201736663126,0,0,0,156,-1.2813049734137212,0.5175859910239523,1.3955560107155547,45954,1,1,1,0,0,0,0,train
4946813,Số 1 đường Giải Phóng - phường Bạch Mai - ĐHBK,21.0052,105.8418,2024-11-04,0.24809273861675105,-0.28599762841093135,0.18772779113264246,-0.7884987248125956,0,145,0,156,-0.6913111935642046,0.7033840089623368,0.7384987927113043,0,1,0,1,0,1,1,1,train
4946813,Số 1 đường Giải Phóng - phường Bạch Mai - ĐHBK,21.0052,105.8418,2024-11-05,0.3140640866000663,-0.14678172633335765,0.27293218053931134,-0.3499070285373467,0,10,0,156,-0.10131741371468808,0.8891820269007213,0.08144157470705349,0,1,0,1,0,1,1,1,train
4946813,Số 1 đường Giải Phóng - phường Bạch Mai - ĐHBK,21.0052,105.8418,2024-11-06,0.38003543458338207,0.3681870499320514,0.35813656994598025,0.45412294204660303,0,0,0,156,0.4886763661348283,1.0749800448391056,-0.5756156432971974,0,1,1,1,0,1,1,1,train
4946813,Số 1 đường Giải Phóng - phường Bạch Mai - ĐHBK,21.0052,105.8418,2024-11-07,0.44600678256669735,0.8831558261974605,0.44334095935264906,-0.6740874336335643,111,130,143,156,1.0786701459843449,1.26077806277749,-1.2326728613014482,0,0,0,0,0,1,1,1,train
4946813,Số 1 đường Giải Phóng - phường Bạch Mai - ĐHBK,21.0052,105.8418,2024-11-08,0.033496570067030954,0.6122588028265807,0.1938098257884079,-0.8837616475057621,147,82,156,156,1.6686639258338614,1.4465760807158743,-1.8897300793056981,45954,0,0,0,0,0,0,0,train
4946813,Số 1 đường Giải Phóng - phường Bạch Mai - ĐHBK,21.0052,105.8418,2024-11-09,0.5392758389114979,0.3684622270643527,0.766779628538109,-0.5419883627038649,156,119,156,156,1.4505904025690595,1.4334254537937838,-1.639665464794842,0,0,0,0,0,1,1,1,train
4946813,Số 1 đường Giải Phóng - phường Bạch Mai - ĐHBK,21.0052,105.8418,2024-11-10,0.04335170483541475,0.22399695983058787,-0.24929873114597162,0.11322537742070359,156,151,156,156,1.2325168793042578,1.4202748268716934,-1.3896008502839856,0,0,0,0,0,1,1,1,train
4946813,Số 1 đường Giải Phóng - phường Bạch Mai - ĐHBK,21.0052,105.8418,2024-11-11,0.7562461205913379,0.3402774342841989,1.656892025982288,0.5903361001374416,156,111,156,156,1.014443356039456,1.407124199949603,-1.1395362357731296,0,0,0,0,0,1,1,1,train
4946813,Số 1 đường Giải Phóng - phường Bạch Mai - ĐHBK,21.0052,105.8418,2024-11-12,1.6187495509591692,-0.15741409073379586,1.291715240304346,-0.1977287445017789,71,150,153,156,0.7963698327746541,1.3939735730275125,-0.8894716212622734,0,0,0,0,0,1,1,1,train
4946813,Số 1 đường Giải Phóng - phường Bạch Mai - ĐHBK,21.0052,105.8418,2024-11-13,-0.15913706019571336,-0.36353894435574585,0.17375691156435238,-0.7603739109763487,120,142,149,156,0.5782963095098523,1.3808229461054218,-0.6394070067514172,45954,0,0,0,0,0,0,0,train
4946813,Số 1 đường Giải Phóng - phường Bạch Mai - ĐHBK,21.0052,105.8418,2024-11-14,1.3468838342415297,-0.21344413662144462,-0.42993328431191596,-1.0146883534995794,113,130,156,156,0.20915532410692958,1.2230597941883177,-0.21730512463686358,0,0,0,0,0,1,1,1,train
4946813,Số 1 đường Giải Phóng - phường Bạch Mai - ĐHBK,21.0052,105.8418,2024-11-15,0.7184099136880856,-0.3123701793237317,0.11065585957088298,-0.27133863030963923,31,156,156,156,-0.15998566129599312,1.0652966422712133,0.20479675747769,0,0,0,0,0,1,1,1,train
4946813,Số 1 đường Giải Phóng - phường Bạch Mai - ĐHBK,21.0052,105.8418,2024-11-16,0.0666657972124335,-0.42205622061665765,-0.26650940921798894,0.7058397272653925,62,156,67,155,-0.5291266466989158,0.9075334903541091,0.6268986395922436,0,0,0,0,0,1,1,1,train
4946813,Số 1 đường Giải Phóng - phường Bạch Mai - ĐHBK,21.0052,105.8418,2024-11-17,0.025735524568561458,-0.3601397295122911,0.14584642790953561,-0.01791764573041213,156,156,156,156,-0.8982676321018385,0.7497703384370049,1.0490005217067973,0,0,0,0,0,1,1,1,train
4946813,Số 1 đường Giải Phóng - phường Bạch Mai - ĐHBK,21.0052,105.8418,2024-11-18,-0.19439377945593272,0.03422346413179397,0.9660597980893278,-0.28430481927574486,13,81,47,156,-1.2674086175047612,0.5920071865199007,1.471102403821351,45954,0,0,0,0,0,0,0,train
4946813,Số 1 đường Giải Phóng - phường Bạch Mai - ĐHBK,21.0052,105.8418,2024-11-19,-0.2506760126162548,0.03976736972693616,-0.5621113588840299,-0.9554873284556428,154,138,156,156,-1.188640299231678,0.6667747837672446,1.3621817613003917,0,0,0,0,0,1,1,1,train
4946813,Số 1 đường Giải Phóng - phường Bạch Mai - ĐHBK,21.0052,105.8418,2024-11-20,-0.039611580300511526,0.20770723722149484,0.481072893150618,-0.7299256287006949,156,62,156,156,-1.109871980958595,0.7415423810145886,1.253261118779433,0,0,0,0,0,1,1,1,train
4946813,Số 1 đường Giải Phóng - phường Bạch Mai - ĐHBK,21.0052,105.8418,2024-11-21,-0.504255557219622,0.34713722656255697,-0.47373193596591107,0.30839296564035673,145,72,156,156,-1.0311036626855117,0.8163099782619323,1.1443404762584737,0,0,0,0,0,1,1,1,train
4946813,Số 1 đường Giải Phóng - phường Bạch Mai - ĐHBK,21.0052,105.8418,2024-11-22,0.16809807177990252,-0.32984024546959845,-1.0640138620965616,0.6999691830097912,82,124,134,156,-0.9523353444124286,0.8910775755092764,1.0354198337375147,0,0,0,0,0,1,1,1,train
4946813,Số 1 đường Giải Phóng - phường Bạch Mai - ĐHBK,21.0052,105.8418,2024-11-23,0.3814394106827748,-0.16651566301962858,0.5391476580046336,-0.4552711024633465,19,92,92,156,-0.8735670261393456,0.9658451727566202,0.9264991912165557,45954,0,0,0,0,0,0,0,train
4946813,Số 1 đường Giải Phóng - phường Bạch Mai - ĐHBK,21.0052,105.8418,2024-11-24,0.8444736817580119,-0.09266851144115515,0.34989008496909163,-0.9280840894108029,0,0,0,156,-0.7892668132643756,1.0071079217474037,0.8102429063233996,0,1,1,1,0,1,1,1,train
4946813,Số 1 đường Giải Phóng - phường Bạch Mai - ĐHBK,21.0052,105.8418,2024-11-25,1.307507952833249,-0.0188213598626817,0.16063251193354955,-1.0229742203602215,3,144,71,156,-0.7049666003894056,1.0483706707381872,0.6939866214302434,0,0,0,0,0,1,1,1,train
4946813,Số 1 đường Giải Phóng - phường Bạch Mai - ĐHBK,21.0052,105.8418,2024-11-26,0.7700978626648087,-0.05645790078385921,0.16788868107573368,-0.4751408068481208,0,0,0,156,-0.6206663875144356,1.0896334197289708,0.5777303365370873,0,1,1,1,0,1,1,1,train
4946813,Số 1 đường Giải Phóng - phường Bạch Mai - ĐHBK,21.0052,105.8418,2024-11-27,0.23268777249636885,-0.09409444170503672,0.17514485021791776,0.5672628772107294,0,0,0,156,-0.5363661746394657,1.1308961687197543,0.4614740516439312,0,1,1,1,0,1,1,1,train
4946813,Số 1 đường Giải Phóng - phường Bạch Mai - ĐHBK,21.0052,105.8418,2024-11-28,-0.304722317672071,-0.13173098262621424,0.1824010193601019,-0.10885995869757506,95,114,114,156,-0.4520659617644957,1.1721589177105376,0.3452177667507751,45954,0,0,0,0,0,0,0,train
4946813,Số 1 đường Giải Phóng - phường Bạch Mai - ĐHBK,21.0052,105.8418,2024-11-29,0.25266903286568665,-0.04243204871516784,-0.05693689560937522,-0.3206274083638497,129,79,135,156,-0.5314474972648818,1.0046497334041713,0.4446442110109747,0,0,0,0,0,1,1,1,train
4946813,Số 1 đường Giải Phóng - phường Bạch Mai - ĐHBK,21.0052,105.8418,2024-11-30,4.590481960979674,0.3387450058338281,2.219682505959374,-0.5967759085630466,156,90,156,156,-0.6108290327652679,0.8371405490978049,0.5440706552711743,0,0,0,0,0,1,1,1,train
4946813,Số 1 đường Giải Phóng - phường Bạch Mai - ĐHBK,21.0052,105.8418,2024-12-01,1.4198755194479564,0.06680590929888904,0.4553563910533486,-0.8224126205624911,28,67,119,156,-0.690210568265654,0.6696313647914384,0.6434970995313738,0,0,0,0,0,1,1,1,train
4946813,Số 1 đường Giải Phóng - phường Bạch Mai - ĐHBK,21.0052,105.8418,2024-12-02,0.6225917335293255,-0.09417571304837304,0.50456662201394,0.6391074370401248,0,1,0,152,-0.7695921037660403,0.5021221804850718,0.7429235437915733,0,1,0,1,0,1,1,1,train
4946813,Số 1 đường Giải Phóng - phường Bạch Mai - ĐHBK,21.0052,105.8418,2024-12-03,-0.17469205238930552,-0.15325534336955304,0.5537768529745314,1.0152993377179051,0,72,8,156,-0.8489736392664262,0.3346129961787053,0.842349988051773,45954,1,0,0,0,0,0,0,train
4946813,Số 1 đường Giải Phóng - phường Bạch Mai - ĐHBK,21.0052,105.8418,2024-12-04,-0.9719758383079365,-0.33143403651141073,0.5447158007728827,-0.22811479528160042,16,48,32,156,-0.80025099851364,0.13398720730314337,0.750323088763765,0,0,0,0,0,1,1,1,train
4946813,Số 1 đường Giải Phóng - phường Bạch Mai - ĐHBK,21.0052,105.8418,2024-12-05,-0.2796177320279796,-0.131099902463528,0.06473960104859608,-1.0895496179371664,5,112,53,156,-0.7515283577608537,-0.06663858157241863,0.658296189475757,0,0,0,0,0,1,1,1,train
4946813,Số 1 đường Giải Phóng - phường Bạch Mai - ĐHBK,21.0052,105.8418,2024-12-06,0.2542600573417269,-0.6047991996715483,0.10813609368301795,-0.7390631473181207,0,19,0,156,-0.7028057170080674,-0.26726437044798074,0.5662692901877492,0,1,0,1,0,1,1,1,train
4946813,Số 1 đường Giải Phóng - phường Bạch Mai - ĐHBK,21.0052,105.8418,2024-12-07,0.7881378467114339,-0.42678468555213506,0.15153258631743982,0.17031218892304822,0,0,0,156,-0.6540830762552812,-0.4678901593235428,0.4742423908997412,0,1,1,1,0,1,1,1,train
4946813,Số 1 đường Giải Phóng - phường Bạch Mai - ĐHBK,21.0052,105.8418,2024-12-08,1.322015636081141,-0.24877017143272234,0.19492907895186168,0.5576959493274356,0,0,0,156,-0.6053604355024949,-0.6685159481991046,0.3822154916117332,45954,1,1,1,0,0,0,0,train
4946813,Số 1 đường Giải Phóng - phường Bạch Mai - ĐHBK,21.0052,105.8418,2024-12-09,1.8558934254508475,-0.07075565731330914,0.23832557158628356,0.19359027709791682,3,17,10,156,-0.6178479133394796,-0.5523070938546867,0.41777187573541275,0,0,0,0,0,1,1,1,train
4946813,Số 1 đường Giải Phóng - phường Bạch Mai - ĐHBK,21.0052,105.8418,2024-12-10,3.427888154492121,0.28181388438113053,0.29010305260702607,-1.0457728064984637,66,112,97,156,-0.6303353911764643,-0.4360982395102684,0.4533282598590923,0,0,0,0,0,1,1,1,train
4946813,Số 1 đường Giải Phóng - phường Bạch Mai - ĐHBK,21.0052,105.8418,2024-12-11,3.0030067960544558,-0.2503705078176227,0.17178890280465864,-0.6120852745996765,0,39,0,156,-0.6428228690134491,-0.31988938516585036,0.4888846439827718,0,1,0,1,0,1,1,1,train
4946813,Số 1 đường Giải Phóng - phường Bạch Mai - ĐHBK,21.0052,105.8418,2024-12-12,2.578125437616789,-0.22399686601431437,0.05347475300229123,-0.09234726128495849,0,1,0,156,-0.6553103468504339,-0.20368053082143212,0.5244410281064513,0,1,0,1,0,1,1,1,train
4946813,Số 1 đường Giải Phóng - phường Bạch Mai - ĐHBK,21.0052,105.8418,2024-12-13,2.1532440791791236,-0.25939121784406816,-0.06483939680007618,0.40378542592443084,0,0,0,156,-0.6677978246874186,-0.08747167647701408,0.5599974122301309,45954,1,1,1,0,0,0,0,train
4946813,Số 1 đường Giải Phóng - phường Bạch Mai - ĐHBK,21.0052,105.8418,2024-12-14,1.728362720741458,-0.29478556967382197,-0.18315354660244357,0.4790294857291363,0,75,0,156,-0.17989595245570533,0.21513666222368164,0.02221968879340686,0,1,0,1,0,1,1,1,train
4946813,Số 1 đường Giải Phóng - phường Bạch Mai - ĐHBK,21.0052,105.8418,2024-12-15,1.3034813623037922,0.2723007736486608,-0.30146769640481097,0.2171742820477635,0,43,0,156,0.30800591977600805,0.5177450009243774,-0.5155580346433172,0,1,0,1,0,1,1,1,train
4946813,Số 1 đường Giải Phóng - phường Bạch Mai - ĐHBK,21.0052,105.8418,2024-12-16,0.8786000038661266,0.18137204930882728,-0.41978184620717846,-0.7903817949312082,142,104,156,156,0.7959077920077211,0.8203533396250731,-1.0533357580800413,0,0,0,0,0,1,1,1,train
4946813,Số 1 đường Giải Phóng - phường Bạch Mai - ĐHBK,21.0052,105.8418,2024-12-17,3.4916861965982435,0.6454985095287081,0.9000689036743604,-0.3015350004457337,7,60,73,156,1.2838096642394348,1.1229616783257688,-1.5911134815167653,0,0,0,0,0,1,1,1,train
4946813,Số 1 đường Giải Phóng - phường Bạch Mai - ĐHBK,21.0052,105.8418,2024-12-18,0.2729319410102179,0.7077981759263283,-1.3568066058031387,0.9164088921597091,150,102,152,150,1.7717115364711478,1.4255700170264645,-2.1288912049534896,45954,0,0,0,0,0,0,0,train
4946813,Số 1 đường Giải Phóng - phường Bạch Mai - ĐHBK,21.0052,105.8418,2024-12-19,1.2795253582782304,0.977889303929553,-0.2544183993667389,0.31343340885541576,153,125,156,156,1.6423467208659324,1.3598339375599446,-1.9682411085609584,0,0,0,0,0,1,1,1,train
4946813,Số 1 đường Giải Phóng - phường Bạch Mai - ĐHBK,21.0052,105.8418,2024-12-20,3.106125616406968,0.9432685298359575,1.9490695859867417,-0.6006738577362615,145,55,148,156,1.5129819052607165,1.2940978580934248,-1.8075910121684267,0,0,0,0,0,1,1,1,train
4946813,Số 1 đường Giải Phóng - phường Bạch Mai - ĐHBK,21.0052,105.8418,2024-12-21,2.7143261573881627,1.0740073944472874,0.9341709931514951,-1.0384984104760342,74,119,114,156,1.3836170896555013,1.2283617786269048,-1.6469409157758954,0,0,0,0,0,1,1,1,train
4946813,Số 1 đường Giải Phóng - phường Bạch Mai - ĐHBK,21.0052,105.8418,2024-12-22,7.20641330371667,1.6597256023136846,3.6702311638173923,-0.3563224865817909,49,21,156,156,1.254252274050286,1.162625699160385,-1.4862908193833642,0,0,0,0,0,1,1,1,train
4946813,Số 1 đường Giải Phóng - phường Bạch Mai - ĐHBK,21.0052,105.8418,2024-12-23,0.43462237649941937,2.1073888883326615,-0.2449531764492258,0.8624693549467111,96,14,156,156,1.1248874584450705,1.0968896196938653,-1.325640722990833,45954,0,0,0,0,0,0,0,train
4946813,Số 1 đường Giải Phóng - phường Bạch Mai - ĐHBK,21.0052,105.8418,2024-12-24,2.1280712383536704,-0.058171689782279774,0.8252708755726067,0.7463324835286352,0,12,0,156,1.1984632670643593,1.1533922931705773,-1.4152445198837698,0,1,0,1,0,1,1,1,train
4946813,Số 1 đường Giải Phóng - phường Bạch Mai - ĐHBK,21.0052,105.8418,2024-12-25,3.821520100207922,0.8533186070103327,1.8954949275944393,0.4666118685932554,43,59,66,156,1.2720390756836477,1.2098949666472896,-1.5048483167767075,0,0,0,0,0,1,1,1,train
4946813,Số 1 đường Giải Phóng - phường Bạch Mai - ĐHBK,21.0052,105.8418,2024-12-26,2.4783492604263095,-0.05636244786383478,1.352503725313564,-1.009121202716942,0,131,11,156,1.3456148843029363,1.2663976401240018,-1.594452113669645,0,1,0,0,0,1,1,1,train
4946813,Số 1 đường Giải Phóng - phường Bạch Mai - ĐHBK,21.0052,105.8418,2024-12-27,1.135178420644697,-0.11317329863730052,0.23766115365131876,-0.8157936261094129,0,130,0,156,1.419190692922225,1.3229003136007138,-1.6840559105625819,0,1,0,1,0,1,1,1,train
4946813,Số 1 đường Giải Phóng - phường Bạch Mai - ĐHBK,21.0052,105.8418,2024-12-28,-0.20799241913691588,0.837985595382533,-0.8771814180109269,0.13460904808328605,146,129,156,156,1.492766501541514,1.3794029870774258,-1.7736597074555194,45954,0,0,0,0,0,0,0,train
4946813,Số 1 đường Giải Phóng - phường Bạch Mai - ĐHBK,21.0052,105.8418,2024-12-29,1.5521634496130143,0.8617476452939223,-2.8731168479558717,0.5815307018159119,152,108,156,156,1.3426724494799471,1.3055003353340966,-1.5784546807983801,0,0,0,0,0,1,1,1,train
4946813,Số 1 đường Giải Phóng - phường Bạch Mai - ĐHBK,21.0052,105.8418,2024-12-30,1.5087233823500612,0.8735278083307888,-2.754440627706129,0.3070058970047145,0,0,2,156,1.1925783974183803,1.2315976835907672,-1.383249654141241,0,1,1,0,0,1,1,1,train
4946813,Số 1 đường Giải Phóng - phường Bạch Mai - ĐHBK,21.0052,105.8418,2024-12-31,1.4652833150871076,0.8853079713676554,-1.0857131578679369,-0.12470525019279571,0,0,0,156,1.0424843453568136,1.157695031847438,-1.1880446274841014,0,1,1,1,0,1,1,1,train
4946813,Số 1 đường Giải Phóng - phường Bạch Mai - ĐHBK,21.0052,105.8418,2025-01-01,1.4218432478241545,0.8970881344045218,0.5830143119702557,-0.569532667769008,156,101,156,156,0.8923902932952467,1.0837923801041085,-0.9928396008269621,0,0,0,0,0,1,1,1,train
4946813,Số 1 đường Giải Phóng - phường Bạch Mai - ĐHBK,21.0052,105.8418,2025-01-02,3.175994056147364,0.7081268066938444,2.67076146755458,0.005846036239791237,67,86,92,156,0.7422962412336799,1.009889728360779,-0.7976345741698228,45954,0,0,0,0,0,0,0,train
4946813,Số 1 đường Giải Phóng - phường Bạch Mai - ĐHBK,21.0052,105.8418,2025-01-03,0.10261014302317627,1.124646259411841,0.4985797208246388,1.1494022389241565,143,67,141,153,0.4444757633893136,0.8584650749108577,-0.4961492929663939,0,0,0,0,0,1,1,1,train
4946813,Số 1 đường Giải Phóng - phường Bạch Mai - ĐHBK,21.0052,105.8418,2025-01-04,1.6657517436580846,1.0122804455698353,0.6845945092084328,0.47444837866441253,147,122,156,156,0.14665528554494725,0.7070404214609362,-0.19466401176296497,0,0,0,0,0,1,1,1,train
4946813,Số 1 đường Giải Phóng - phường Bạch Mai - ĐHBK,21.0052,105.8418,2025-01-05,0.276607317609601,1.6069188651740138,0.8576215072563955,0.333351354594085,156,31,156,156,-0.15116519229941924,0.5556157680110146,0.10682126944046404,0,0,0,0,0,1,1,1,train
4946813,Số 1 đường Giải Phóng - phường Bạch Mai - ĐHBK,21.0052,105.8418,2025-01-06,3.107784547177841,1.809526687776936,0.6416360256494572,-0.28918742360422645,156,91,156,156,-0.4489856701437856,0.4041911145610931,0.40830655064389276,0,0,0,0,0,1,1,1,train
4946813,Số 1 đường Giải Phóng - phường Bạch Mai - ĐHBK,21.0052,105.8418,2025-01-07,2.444069791283661,0.5610183117432319,-0.49347149070061547,-0.4539788134932694,0,17,6,156,-0.746806147988152,0.2527664611111715,0.7097918318473218,45954,1,0,0,0,0,0,0,train
4946813,Số 1 đường Giải Phóng - phường Bạch Mai - ĐHBK,21.0052,105.8418,2025-01-08,1.780355035389482,0.5047439063803093,-1.3880555750373185,0.1571582005916405,0,31,14,156,-0.30580052367761457,0.45062040849439783,0.20905187568355546,0,1,0,0,0,1,1,1,train
4946813,Số 1 đường Giải Phóng - phường Bạch Mai - ĐHBK,21.0052,105.8418,2025-01-09,1.116640279495302,0.41324519174660296,-2.6057632015679713,0.5262516197104978,0,4,12,156,0.1352051006329229,0.6484743558776241,-0.2916880804802107,0,1,0,0,0,1,1,1,train
4946813,Số 1 đường Giải Phóng - phường Bạch Mai - ĐHBK,21.0052,105.8418,2025-01-10,0.4529255236011227,0.5261235877691539,-1.240723334161288,0.33307591527612884,0,0,0,156,0.5762107249434605,0.8463283032608505,-0.7924280366439771,0,1,1,1,0,1,1,1,train
4946813,Số 1 đường Giải Phóng - phường Bạch Mai - ĐHBK,21.0052,105.8418,2025-01-11,-0.21078923229305674,0.6390019837917044,0.1243165332453954,-0.7078246086577703,44,62,70,156,1.017216349253998,1.0441822506440768,-1.293167992807743,0,0,0,0,0,1,1,1,train
4946813,Số 1 đường Giải Phóng - phường Bạch Mai - ĐHBK,21.0052,105.8418,2025-01-12,0.22504319215913274,0.42732804284467346,-0.15037868247471511,-0.33375060942452656,156,120,156,156,1.4582219735645354,1.2420361980273031,-1.7939079489715095,45954,0,0,0,0,0,0,0,train
4946813,Số 1 đường Giải Phóng - phường Bạch Mai - ĐHBK,21.0052,105.8418,2025-01-13,4.945297261047208,0.7418410507698238,4.446411223203588,0.40608200402698674,156,133,156,156,1.2687834368603699,1.1851142076870897,-1.5528252006957752,0,0,0,0,0,1,1,1,train
4946813,Số 1 đường Giải Phóng - phường Bạch Mai - ĐHBK,21.0052,105.8418,2025-01-14,0.29998509790698186,0.2667031416956822,5.247146908016032,0.9231626219818831,74,88,103,156,1.0793449001562045,1.1281922173468766,-1.3117424524200405,0,0,0,0,0,1,1,1,train
4946813,Số 1 đường Giải Phóng - phường Bạch Mai - ĐHBK,21.0052,105.8418,2025-01-15,0.23049510650519037,0.4113658601125962,-0.4332049071532733,0.6812334415917816,0,60,56,156,0.8899063634520396,1.071270227006663,-1.0706597041443062,0,1,0,0,0,1,1,1,train
4946813,Số 1 đường Giải Phóng - phường Bạch Mai - ĐHBK,21.0052,105.8418,2025-01-16,0.1610051151033989,0.9311615541824237,0.7818196746835206,-0.3050449882015523,156,91,156,156,0.7004678267478742,1.0143482366664498,-0.8295769558685716,0,0,0,0,0,1,1,1,train
4946813,Số 1 đường Giải Phóng - phường Bạch Mai - ĐHBK,21.0052,105.8418,2025-01-17,4.836626384918243,1.088720780262794,2.8045955984218405,-0.4448691258519068,156,70,156,156,0.511029290043709,0.9574262463262364,-0.588494207592837,45954,0,0,0,0,0,0,0,train
4946813,Số 1 đường Giải Phóng - phường Bạch Mai - ĐHBK,21.0052,105.8418,2025-01-18,3.682225399274065,0.06843379066928222,-2.1390255681464816,0.0006225621776598594,0,3,0,156,0.250150825437047,0.769026058832544,-0.30983734311919786,0,1,0,1,0,1,1,1,train
4946813,Số 1 đường Giải Phóng - phường Bạch Mai - ĐHBK,21.0052,105.8418,2025-01-19,2.5278244136298866,0.28710333976374247,-7.082646734714801,0.7454473868220752,0,2,3,153,-0.010727639169615246,0.5806258713388519,-0.03118047864555867,0,1,0,0,0,1,1,1,train
4946813,Số 1 đường Giải Phóng - phường Bạch Mai - ĐHBK,21.0052,105.8418,2025-01-20,1.3734234279857087,1.4666532536987826,0.6250021578828343,0.4231817349620698,156,129,156,156,-0.2716061037762773,0.3922256838451595,0.24747638582808051,0,0,0,0,0,1,1,1,train
4946813,Số 1 đường Giải Phóng - phường Bạch Mai - ĐHBK,21.0052,105.8418,2025-01-21,1.4222017778297091,0.7829599869361958,0.49280808276680815,-0.3181410152405365,156,56,156,156,-0.5324845683829393,0.20382549635146724,0.5261332503017198,0,0,0,0,0,1,1,1,train
4946813,Số 1 đường Giải Phóng - phường Bạch Mai - ĐHBK,21.0052,105.8418,2025-01-22,1.0868026875660282,0.4601847560686454,0.5561827177036918,0.036925442634646914,0,0,0,156,-0.7933630329896018,0.015425308857774957,0.8047901147753588,45954,1,1,1,0,0,0,0,train
4946813,Số 1 đường Giải Phóng - phường Bạch Mai - ĐHBK,21.0052,105.8418,2025-01-23,0.7514035973023473,0.13740952520109495,0.6195573526405753,-0.17527440245372575,0,0,0,156,-0.3476392704046369,0.27903396469766684,0.25122581799268034,0,1,1,1,0,1,1,1,train
4946813,Số 1 đường Giải Phóng - phường Bạch Mai - ĐHBK,21.0052,105.8418,2025-01-24,0.41600450703866587,-0.1853657056664555,0.6829319875774588,-0.21760221144340305,0,10,0,156,0.09808449218032801,0.5426426205375587,-0.30233847878999803,0,1,0,1,0,1,1,1,train
4946813,Số 1 đường Giải Phóng - phường Bạch Mai - ĐHBK,21.0052,105.8418,2025-01-25,0.08060541677498496,0.2954590156602296,0.7463066225143424,1.051552647981475,0,0,0,156,0.5438082547652928,0.8062512763774506,-0.8559027755726761,0,1,1,1,0,1,1,1,train
4946813,Số 1 đường Giải Phóng - phường Bạch Mai - ĐHBK,21.0052,105.8418,2025-01-26,-0.2547936734886962,0.7762837369869152,0.8096812574512259,0.2485629310490985,0,0,0,156,0.9895320173502578,1.0698599322173428,-1.4094670723553546,0,1,1,1,0,1,1,1,train
4946813,Số 1 đường Giải Phóng - phường Bạch Mai - ĐHBK,21.0052,105.8418,2025-01-27,-0.5901927637523774,1.2571084583136003,0.8730558923881093,-0.0801699252101212,116,102,134,156,1.4352557799352228,1.3334685880572343,-1.9630313691380328,45954,0,0,0,0,0,0,0,train
4946813,Số 1 đường Giải Phóng - phường Bạch Mai - ĐHBK,21.0052,105.8418,2025-01-28,-0.9850692881505092,0.8443593959366466,0.00805958128106981,-0.8035083404868626,27,92,98,156,0.9899056896849884,1.0791416439706643,-1.4191071439183085,0,0,0,0,0,1,1,1,train
4946813,Số 1 đường Giải Phóng - phường Bạch Mai - ĐHBK,21.0052,105.8418,2025-01-29,-0.42742464491752663,0.9743368189687941,1.0354976003739471,-0.6079948975190032,0,12,12,156,0.5445555994347537,0.8248146998840942,-0.8751829186985836,0,1,0,0,0,1,1,1,train
4946813,Số 1 đường Giải Phóng - phường Bạch Mai - ĐHBK,21.0052,105.8418,2025-01-30,0.13021999831545603,0.7082988946725187,2.703761845162598,0.8931283404059508,148,50,156,156,0.09920550918451937,0.5704877557975241,-0.33125869347885895,0,0,0,0,0,1,1,1,train
4946813,Số 1 đường Giải Phóng - phường Bạch Mai - ĐHBK,21.0052,105.8418,2025-01-31,-0.9841812095797229,0.15404578736364974,-0.1974973903025257,0.580020035240738,30,69,50,156,-0.3461445810657153,0.31616081171095395,0.21266553174086578,0,0,0,0,0,1,1,1,train
4946813,Số 1 đường Giải Phóng - phường Bạch Mai - ĐHBK,21.0052,105.8418,2025-02-01,0.265941240237722,-0.18828192873458188,0.09004915907991161,-0.11475059978460392,3,51,19,156,-0.7914946713159499,0.0618338676243838,0.7565897569605908,45954,0,0,0,0,0,0,0,train
4946813,Số 1 đường Giải Phóng - phường Bạch Mai - ĐHBK,21.0052,105.8418,2025-02-02,-0.07428529712373788,0.02492516792316063,1.2353743018311572,-0.382479423462495,0,0,0,156,-0.7838470746839219,-0.012592270571600462,0.7027853295360585,0,1,1,1,0,1,1,1,train
4946813,Số 1 đường Giải Phóng - phường Bạch Mai - ĐHBK,21.0052,105.8418,2025-02-03,-0.41451183448519724,0.23813226458090367,2.380699444582403,-0.5572440376514801,0,0,0,156,-0.7761994780518938,-0.08701840876758464,0.6489809021115263,0,1,1,1,0,1,1,1,train
4946813,Số 1 đường Giải Phóng - phường Bạch Mai - ĐHBK,21.0052,105.8418,2025-02-04,-0.754738371846657,0.45133936123864615,3.5260245873336484,0.36056212840451346,79,53,145,148,-0.7685518814198657,-0.1614445469635688,0.5951764746869938,0,0,0,0,0,1,1,1,train
4946813,Số 1 đường Giải Phóng - phường Bạch Mai - ĐHBK,21.0052,105.8418,2025-02-05,-0.39628793057392225,0.47119165954575043,3.0884190870679964,0.7329905763856761,0,0,0,156,-0.7609042847878376,-0.23587068515955298,0.5413720472624615,0,1,1,1,0,1,1,1,train
4946813,Số 1 đường Giải Phóng - phường Bạch Mai - ĐHBK,21.0052,105.8418,2025-02-06,-0.037837489301187466,0.49104395785285526,2.6508135868023444,0.6616949616560341,0,0,0,156,-0.7532566881558096,-0.31029682335553715,0.4875676198379291,45954,1,1,1,0,0,0,0,train
4946813,Số 1 đường Giải Phóng - phường Bạch Mai - ĐHBK,21.0052,105.8418,2025-02-07,0.3206129519715476,0.5108962561599595,2.2132080865366928,-0.17153460011444951,0,0,0,156,-0.8952521896483526,0.003876399628163646,0.7058950963897862,0,1,1,1,0,1,1,1,train
4946813,Số 1 đường Giải Phóng - phường Bạch Mai - ĐHBK,21.0052,105.8418,2025-02-08,0.6790633932442821,0.5307485544670643,1.7756025862710405,-0.46137850863110813,0,0,0,156,-1.0372476911408957,0.31804962261186454,0.9242225729416433,0,1,1,1,0,1,1,1,train
4946813,Số 1 đường Giải Phóng - phường Bạch Mai - ĐHBK,21.0052,105.8418,2025-02-09,1.0375138345170167,0.5506008527741686,1.3379970860053887,0.07597277983634035,0,2,0,156,-1.1792431926334386,0.6322228455955652,1.1425500494935004,0,1,0,1,0,1,1,1,train
4946813,Số 1 đường Giải Phóng - phường Bạch Mai - ĐHBK,21.0052,105.8418,2025-02-10,1.3959642757897517,0.6977600741337125,0.9003915857397369,0.6348918504287293,0,0,0,156,-1.3212386941259815,0.9463960685792662,1.3608775260453574,0,1,1,1,0,1,1,1,train
4946813,Số 1 đường Giải Phóng - phường Bạch Mai - ĐHBK,21.0052,105.8418,2025-02-11,1.7544147170624864,0.844919295493256,0.46278608547408473,-0.026379486777685,65,145,150,156,-1.4632341956185246,1.260569291562967,1.5792050025972146,45954,0,0,0,0,0,0,0,train
4946813,Số 1 đường Giải Phóng - phường Bạch Mai - ĐHBK,21.0052,105.8418,2025-02-12,1.6979169949597508,0.019944525463725764,-1.1136984347630163,-0.19199383146214238,0,13,6,156,-1.3402558140024206,0.9063299146072874,1.3926036483564934,0,1,0,0,0,1,1,1,train
4946813,Số 1 đường Giải Phóng - phường Bạch Mai - ĐHBK,21.0052,105.8418,2025-02-13,1.6414192728570152,0.27848230474957925,0.25219674078833915,-0.29831646153795915,0,39,13,156,-1.2172774323863167,0.552090537651608,1.2060022941157726,0,1,0,0,0,1,1,1,train
4946813,Số 1 đường Giải Phóng - phường Bạch Mai - ĐHBK,21.0052,105.8418,2025-02-14,1.5849215507542795,0.634648239747986,-0.9841493797926681,0.5676415516822507,0,13,4,156,-1.0942990507702126,0.19785116069592854,1.0194009398750514,0,1,0,0,0,1,1,1,train
4946813,Số 1 đường Giải Phóng - phường Bạch Mai - ĐHBK,21.0052,105.8418,2025-02-15,1.5284238286515441,0.6055113722712212,-0.9537021626189359,1.2726659305237773,0,0,0,156,-0.9713206691541086,-0.15638821625975088,0.8327995856343307,0,1,1,1,0,1,1,1,train
4946813,Số 1 đường Giải Phóng - phường Bạch Mai - ĐHBK,21.0052,105.8418,2025-02-16,1.4719261065488085,0.5763745047944565,-0.9232549454452037,0.8670801593351418,0,0,0,156,-0.8483422875380048,-0.5106275932154305,0.6461982313936095,45954,1,1,1,0,0,0,0,train
4946813,Số 1 đường Giải Phóng - phường Bạch Mai - ĐHBK,21.0052,105.8418,2025-02-17,1.4154283844460729,0.5472376373176917,-0.8928077282714717,1.0202861588988124,0,0,0,156,-0.8138234390119797,-0.5823547806005659,0.5894952728368551,0,1,1,1,0,1,1,1,train
4946813,Số 1 đường Giải Phóng - phường Bạch Mai - ĐHBK,21.0052,105.8418,2025-02-18,1.3589306623433373,0.5181007698409269,-0.8623605110977395,0.8062904991768667,0,0,0,156,-0.7793045904859547,-0.6540819679857012,0.5327923142801008,0,1,1,1,0,1,1,1,train
4946813,Số 1 đường Giải Phóng - phường Bạch Mai - ĐHBK,21.0052,105.8418,2025-02-19,-0.20193699196782527,0.4889639023641622,-0.8319132939240073,0.8303063620406902,0,0,0,156,-0.7447857419599296,-0.7258091553708366,0.47608935572334643,0,1,1,1,0,1,1,1,train
4946813,Số 1 đường Giải Phóng - phường Bạch Mai - ĐHBK,21.0052,105.8418,2025-02-20,-0.20193699196782527,0.45982703488739746,-0.8014660767502753,0.6183076644359674,0,8,0,147,-0.7102668934339046,-0.7975363427559721,0.41938639716659204,0,1,0,1,0,1,1,1,train
4946813,Số 1 đường Giải Phóng - phường Bạch Mai - ĐHBK,21.0052,105.8418,2025-02-21,-0.20193699196782527,0.5040354184448551,-0.771018859576543,0.6391005688807959,0,0,0,156,-0.6757480449078795,-0.8692635301411074,0.3626834386098376,45954,1,1,1,0,0,0,0,train
4946813,Số 1 đường Giải Phóng - phường Bạch Mai - ĐHBK,21.0052,105.8418,2025-02-22,-0.20193699196782527,0.5482438020023132,-0.025178106719131677,0.9426514122779639,0,0,0,156,-0.6909846047535447,-1.186329971077234,0.39157445335075153,0,1,1,1,0,1,1,1,train
4946813,Số 1 đường Giải Phóng - phường Bạch Mai - ĐHBK,21.0052,105.8418,2025-02-23,-0.20193699196782527,0.5924521855597709,-0.025178106719131677,0.2663357733263243,0,0,0,156,-0.70622116459921,-1.5033964120133603,0.42046546809166546,0,1,1,1,0,1,1,1,train
4946813,Số 1 đường Giải Phóng - phường Bạch Mai - ĐHBK,21.0052,105.8418,2025-02-24,-0.20193699196782527,0.6366605691172285,-0.025178106719131677,-0.3862477734553297,0,0,0,156,-0.7214577244448754,-1.8204628529494866,0.4493564828325794,0,1,1,1,0,1,1,1,train
4946813,Số 1 đường Giải Phóng - phường Bạch Mai - ĐHBK,21.0052,105.8418,2025-02-25,0.9634466076241888,0.6808689526746866,-0.6492299908816146,-0.5016444364671232,0,0,0,156,-0.7366942842905406,-2.1375292938856134,0.47824749757349333,0,1,1,1,0,1,1,1,train
4946813,Số 1 đường Giải Phóng - phường Bạch Mai - ĐHBK,21.0052,105.8418,2025-02-26,0.9069488855214533,0.7250773362321442,-0.6187827737078824,0.49447884276982673,0,7,0,156,-0.7519308441362059,-2.4545957348217398,0.5071385123144073,45954,1,0,1,0,0,0,0,train
4946813,Số 1 đường Giải Phóng - phường Bạch Mai - ĐHBK,21.0052,105.8418,2025-02-27,0.8504511634187176,-0.4833978124198332,-0.5883355565341502,0.026058252744141894,0,1,0,156,-0.7760129732474019,-1.9647043977042427,0.5543870376611832,0,1,0,1,0,1,1,1,train
4946813,Số 1 đường Giải Phóng - phường Bạch Mai - ĐHBK,21.0052,105.8418,2025-02-28,0.793953441315982,-0.23930860527707096,-0.5578883393604179,0.26562559631997723,0,0,0,156,-0.800095102358598,-1.4748130605867462,0.6016355630079594,0,1,1,1,0,1,1,1,train
4946813,Số 1 đường Giải Phóng - phường Bạch Mai - ĐHBK,21.0052,105.8418,2025-03-01,0.7374557192132465,0.004780601865691296,-0.5274411221866859,0.40371923777159385,0,27,0,156,-0.824177231469794,-0.9849217234692494,0.6488840883547353,0,1,0,1,0,1,1,1,train
4946813,Số 1 đường Giải Phóng - phường Bạch Mai - ĐHBK,21.0052,105.8418,2025-03-02,0.6809579971105109,0.0003611316684644232,-0.49699390501295376,0.43982698784973423,0,114,0,156,-0.8482593605809902,-0.4950303863517528,0.6961326137015114,0,1,0,1,0,1,1,1,train
4946813,Số 1 đường Giải Phóng - phường Bạch Mai - ĐHBK,21.0052,105.8418,2025-03-03,0.6244602750077753,0.12219805695813285,-0.46654668783922154,1.797121383865898,0,0,0,156,-0.8723414896921862,-0.005139049234256061,0.7433811390482874,45954,1,1,1,0,0,0,0,train
4946813,Số 1 đường Giải Phóng - phường Bạch Mai - ĐHBK,21.0052,105.8418,2025-03-04,0.5679625529050397,0.2440349822478013,-0.43609947066548954,0.9493262478525423,40,156,133,156,-0.8704365909263924,0.0784921348599671,0.7646562011769328,0,0,0,0,0,1,1,1,train
4946813,Số 1 đường Giải Phóng - phường Bạch Mai - ĐHBK,21.0052,105.8418,2025-03-05,0.5726645483322519,0.6611075164566955,0.21145749545942355,1.1861570442649856,0,39,12,156,-0.8685316921605986,0.16212331895419027,0.7859312633055784,0,1,0,0,0,1,1,1,train
4946813,Số 1 đường Giải Phóng - phường Bạch Mai - ĐHBK,21.0052,105.8418,2025-03-06,0.5773665437594641,0.9147906965913184,0.13031147346766023,-0.10581485574363653,0,0,0,156,-0.8666267933948048,0.24575450304841354,0.8072063254342238,0,1,1,1,0,1,1,1,train
4946813,Số 1 đường Giải Phóng - phường Bạch Mai - ĐHBK,21.0052,105.8418,2025-03-07,0.5820685391866762,1.168473876725941,0.0491654514758969,0.2135282898064514,0,18,0,156,-0.864721894629011,0.3293856871426367,0.8284813875628692,0,1,0,1,0,1,1,1,train
4946813,Số 1 đường Giải Phóng - phường Bạch Mai - ĐHBK,21.0052,105.8418,2025-03-08,0.5867705346138884,0.6981087045606695,-0.031980570515866384,0.5930555030313787,0,0,0,145,-0.8628169958632173,0.4130168712368599,0.8497564496915145,45954,1,1,1,0,0,0,0,train
4946813,Số 1 đường Giải Phóng - phường Bạch Mai - ĐHBK,21.0052,105.8418,2025-03-09,0.5914725300411006,0.2277435323953979,-0.1131265925076297,0.33982235141171124,0,0,0,156,-0.8516047551548651,0.22390999079037935,0.7968552724467541,0,1,1,1,0,1,1,1,train
4946813,Số 1 đường Giải Phóng - phường Bạch Mai - ĐHBK,21.0052,105.8418,2025-03-10,0.5961745254683127,-0.24262163976987372,-0.19427261449939304,0.29295986332117596,0,1,0,156,-0.840392514446513,0.03480311034389889,0.7439540952019938,0,1,0,1,0,1,1,1,train
4946813,Số 1 đường Giải Phóng - phường Bạch Mai - ĐHBK,21.0052,105.8418,2025-03-11,0.6008765208955249,0.6833974096186476,-0.27541863649115633,0.835063906146261,0,0,0,156,-0.829180273738161,-0.15430377010258176,0.6910529179572334,0,1,1,1,0,1,1,1,train
4946813,Số 1 đường Giải Phóng - phường Bạch Mai - ĐHBK,21.0052,105.8418,2025-03-12,0.605578516322737,1.6094164590071696,-0.35656465848291957,0.8496448292321548,0,38,0,156,-0.8179680330298088,-0.3434106505490622,0.6381517407124732,0,1,0,1,0,1,1,1,train
4946813,Số 1 đường Giải Phóng - phường Bạch Mai - ĐHBK,21.0052,105.8418,2025-03-13,0.6102805117499491,2.215808133015526,-0.4377106804746829,0.27514602041903236,0,21,0,156,-0.8067557923214568,-0.5325175309955429,0.5852505634677129,45954,1,0,1,0,0,0,0,train
4946813,Số 1 đường Giải Phóng - phường Bạch Mai - ĐHBK,21.0052,105.8418,2025-03-14,0.6149825071771613,0.6707359888610794,-0.5188567024664463,1.6161244824556145,12,61,45,156,-0.7428266562249359,-0.3298769669458356,0.506649083291181,0,0,0,0,0,1,1,1,train
4946813,Số 1 đường Giải Phóng - phường Bạch Mai - ĐHBK,21.0052,105.8418,2025-03-15,0.1935524969467001,1.3623581206063238,-0.20790653338845147,3.26810827339498,0,9,2,156,-0.6788975201284153,-0.1272364028961284,0.4280476031146492,0,1,0,0,0,1,1,1,train
4946813,Số 1 đường Giải Phóng - phường Bạch Mai - ĐHBK,21.0052,105.8418,2025-03-16,-0.2278775132837609,1.9102589724487509,-2.7306759128860607,1.115759426436817,1,9,9,156,-0.6149683840318947,0.07540416115357884,0.3494461229381173,0,0,0,0,0,1,1,1,train
4946813,Số 1 đường Giải Phóng - phường Bạch Mai - ĐHBK,21.0052,105.8418,2025-03-17,-0.3847971484012423,2.083473295581347,-2.118926745384212,1.3835037482655415,0,0,0,156,-0.5510392479353741,0.27804472520328605,0.2708446427615855,0,1,1,1,0,1,1,1,train
4946813,Số 1 đường Giải Phóng - phường Bạch Mai - ĐHBK,21.0052,105.8418,2025-03-18,-0.5417167835187235,2.256687618713943,-1.507177577882364,0.7672934787076482,0,0,0,156,-0.4871101118388534,0.4806852892529933,0.1922431625850536,45954,1,1,1,0,0,0,0,train
4946813,Số 1 đường Giải Phóng - phường Bạch Mai - ĐHBK,21.0052,105.8418,2025-03-19,-0.698636418636205,2.429901941846539,-0.8954284103805158,1.5688757268914628,23,105,118,156,-0.7184197549402745,0.6778814872146922,0.48002298333930415,0,0,0,0,0,1,1,1,train
4946813,Số 1 đường Giải Phóng - phường Bạch Mai - ĐHBK,21.0052,105.8418,2025-03-20,0.3246564280768967,1.3872402423535675,-0.33138946936033997,1.1006624358312618,95,115,123,156,-0.9497293980416956,0.8750776851763911,0.7678028040935546,0,0,0,0,0,1,1,1,train
4946813,Số 1 đường Giải Phóng - phường Bạch Mai - ĐHBK,21.0052,105.8418,2025-03-21,3.5669998266612195,1.5497791109104027,1.0312942016723516,0.14817675342957348,156,90,156,156,-1.1810390411431166,1.0722738831380898,1.0555826248478053,0,0,0,0,0,1,1,1,train
4946813,Số 1 đường Giải Phóng - phường Bạch Mai - ĐHBK,21.0052,105.8418,2025-03-22,1.0466513655527696,1.7182000611218953,0.48424095433203174,0.24361676638526222,156,86,156,156,-1.412348684244538,1.2694700810997885,1.3433624456020556,0,0,0,0,0,1,1,1,train
4946813,Số 1 đường Giải Phóng - phường Bạch Mai - ĐHBK,21.0052,105.8418,2025-03-23,0.07611875925661832,1.6927572216501563,0.35999338190246527,0.3992038784016632,147,90,156,156,-1.643658327345959,1.4666662790614875,1.6311422663563064,45954,0,0,0,0,0,0,0,train
4946813,Số 1 đường Giải Phóng - phường Bạch Mai - ĐHBK,21.0052,105.8418,2025-03-24,-0.24697361305464632,1.7035488560657248,0.704377228201133,1.438068347700594,136,83,137,136,-1.1539981579389416,1.026865292765211,0.9368876020443639,0,0,0,0,0,1,1,1,train
4946813,Số 1 đường Giải Phóng - phường Bạch Mai - ĐHBK,21.0052,105.8418,2025-03-25,2.525901258340485,3.0838935325684402,-0.033592462518792526,1.9488981493347854,156,150,156,156,-0.6643379885319243,0.587064306468935,0.24263293773242153,45954,0,0,0,0,0,0,0,train
4946813,Số 1 đường Giải Phóng - phường Bạch Mai - ĐHBK,21.0052,105.8418,2025-03-26,-0.5803326811176707,2.0099205480804954,-0.27033245196675193,2.554240392878429,3,41,14,156,-0.6541534701654245,0.32636734498739517,0.23184626053321167,0,0,0,0,0,1,1,1,train
4946813,Số 1 đường Giải Phóng - phường Bạch Mai - ĐHBK,21.0052,105.8418,2025-03-27,-0.6551321136890922,1.0247656875092908,-2.4194173321615597,3.7016241013105446,1,18,1,156,-0.6439689517989245,0.06567038350585534,0.22105958333400189,0,0,0,0,0,1,1,1,train
4946813,Số 1 đường Giải Phóng - phường Bạch Mai - ĐHBK,21.0052,105.8418,2025-03-28,-0.6020432080799306,2.210928579743772,-0.3066677568932652,2.520657363238814,0,120,50,156,-0.6337844334324247,-0.1950265779756845,0.21027290613479202,45954,1,0,0,0,0,0,0,train
4946813,Số 1 đường Giải Phóng - phường Bạch Mai - ĐHBK,21.0052,105.8418,2025-03-29,-0.5489543024707688,1.8260692242627798,-0.574563526361078,0.3340365206756586,0,0,0,156,-0.657047954116946,-0.08845621500590832,0.31934045838959124,0,1,1,1,0,1,1,1,train
4946813,Số 1 đường Giải Phóng - phường Bạch Mai - ĐHBK,21.0052,105.8418,2025-03-30,-0.4958653968616073,1.4412098687817865,-0.8424592958288908,1.5174222244630304,0,5,0,156,-0.6803114748014671,0.018114147963867698,0.4284080106443905,0,1,0,1,0,1,1,1,train
4946813,Số 1 đường Giải Phóng - phường Bạch Mai - ĐHBK,21.0052,105.8418,2025-03-31,-0.44277649125244556,2.2995317982291383,-1.1103550652967036,1.365868345695147,0,9,34,156,-0.7035749954859882,0.1246845109336439,0.5374755628991897,0,1,0,0,0,1,1,1,train
4946813,Số 1 đường Giải Phóng - phường Bạch Mai - ĐHBK,21.0052,105.8418,2025-04-01,-0.38968758564328404,1.691052159775861,0.07021374062136089,-0.09210717432406972,137,152,155,156,-0.7268385161705095,0.23125487390342,0.646543115153989,0,0,0,0,0,1,1,1,train
4946813,Số 1 đường Giải Phóng - phường Bạch Mai - ĐHBK,21.0052,105.8418,2025-04-02,0.4880238096444774,1.7513740416705288,0.7884490163161817,-0.05484499117820829,62,138,154,156,-0.7501020368550306,0.3378252368731961,0.7556106674087882,45954,0,0,0,0,0,0,0,train
4946813,Số 1 đường Giải Phóng - phường Bạch Mai - ĐHBK,21.0052,105.8418,2025-04-03,0.5149551729086763,2.556901779219126,0.31394977021380716,1.7049020710485554,77,92,156,156,-0.7898949586937645,0.4001785242059015,0.7523367881928644,0,0,0,0,0,1,1,1,train
4946813,Số 1 đường Giải Phóng - phường Bạch Mai - ĐHBK,21.0052,105.8418,2025-04-04,1.616033045476622,3.182126587071335,0.15876312280533816,2.507673555950951,90,118,149,156,-0.8296878805324984,0.46253181153860684,0.7490629089769406,0,0,0,0,0,1,1,1,train
4946813,Số 1 đường Giải Phóng - phường Bạch Mai - ĐHBK,21.0052,105.8418,2025-04-05,1.475272465139012,2.3230517613538315,0.10255345042184828,1.4668578799136307,0,0,0,156,-0.8694808023712322,0.5248850988713122,0.7457890297610167,0,1,1,1,0,1,1,1,train
4946813,Số 1 đường Giải Phóng - phường Bạch Mai - ĐHBK,21.0052,105.8418,2025-04-06,1.3345118848014015,1.4639769356363297,0.04634377803835842,0.8116920974581152,0,0,0,156,-0.9092737242099661,0.5872383862040176,0.7425151505450929,0,1,1,1,0,1,1,1,train
4946813,Số 1 đường Giải Phóng - phường Bạch Mai - ĐHBK,21.0052,105.8418,2025-04-07,1.1937513044637909,0.6049021099188273,-0.009865894345131444,0.8009278403728569,0,18,0,156,-0.9490666460487,0.649591673536723,0.7392412713291691,45954,1,0,1,0,0,0,0,train
4946813,Số 1 đường Giải Phóng - phường Bạch Mai - ĐHBK,21.0052,105.8418,2025-04-08,1.0529907241261804,0.953416538847909,-0.0660755667286213,0.5158604380538294,0,66,18,156,-1.133880909339573,0.46508780979503656,1.0076382585264385,0,1,0,0,0,1,1,1,train
4946813,Số 1 đường Giải Phóng - phường Bạch Mai - ĐHBK,21.0052,105.8418,2025-04-09,0.9122301437885701,1.0363623991246205,-0.3009827923243932,0.9659627811640153,0,0,0,142,-1.3186951726304457,0.28058394605335024,1.2760352457237076,0,1,1,1,0,1,1,1,train
4946813,Số 1 đường Giải Phóng - phường Bạch Mai - ĐHBK,21.0052,105.8418,2025-04-10,0.7714695634509594,1.119308259401332,-0.535890017920165,1.073435559173363,0,8,0,156,-1.5035094359213188,0.09608008231166384,1.5444322329209774,0,1,0,1,0,1,1,1,train
4946813,Số 1 đường Giải Phóng - phường Bạch Mai - ĐHBK,21.0052,105.8418,2025-04-11,0.6307089831133491,1.4283100884467843,-0.7707972435159369,2.135224145153054,0,42,8,156,-1.6883236992121915,-0.08842378143002246,1.8128292201182465,0,1,0,0,0,1,1,1,train
4946813,Số 1 đường Giải Phóng - phường Bạch Mai - ĐHBK,21.0052,105.8418,2025-04-12,0.48994840277573876,2.299907064566158,-0.06122212267398684,0.5120652723780498,71,135,120,156,-1.8731379625030644,-0.27292764517170887,2.0812262073155154,45954,0,0,0,0,0,0,0,train
4946813,Số 1 đường Giải Phóng - phường Bạch Mai - ĐHBK,21.0052,105.8418,2025-04-13,-0.8881914610991346,-0.10846146978216757,0.4404011384880299,-0.7413393150428446,68,88,93,156,-1.0242055163066905,0.26492773088616134,1.000824464830597,0,0,0,0,0,1,1,1,train
4946813,Số 1 đường Giải Phóng - phường Bạch Mai - ĐHBK,21.0052,105.8418,2025-04-14,0.8401132159755906,-0.15288334970407846,-0.025178106719131677,-0.5815197558304346,64,1,138,156,-0.17527307011031631,0.8027831069440315,-0.07957727765432167,45954,0,0,0,0,0,0,0,train
4946813,Số 1 đường Giải Phóng - phường Bạch Mai - ĐHBK,21.0052,105.8418,2025-04-15,0.10027982485343279,-0.1758315952915855,0.6989706258079047,0.7570039010167041,156,48,156,156,-0.668754021392275,0.5357562898626539,0.5709976100789752,0,0,0,0,0,1,1,1,train
4946813,Số 1 đường Giải Phóng - phường Bạch Mai - ĐHBK,21.0052,105.8418,2025-04-16,1.1954778560745036,-0.19337120570776437,0.13038680936191369,0.26297104900665974,145,126,149,156,-1.1622349726742336,0.26872947278127624,1.2215724978122722,0,0,0,0,0,1,1,1,train
4946813,Số 1 đường Giải Phóng - phường Bạch Mai - ĐHBK,21.0052,105.8418,2025-04-17,0.9581680377575698,-0.379536853752183,-0.497783986134031,-0.3837432245021383,7,61,26,156,-1.655715923956192,0.00170265569989857,1.8721473855455693,45954,0,0,0,0,0,0,0,train
4946813,Số 1 đường Giải Phóng - phường Bạch Mai - ĐHBK,21.0052,105.8418,2025-04-18,-0.1665400831617887,-0.3992767903362796,0.4071559153479628,-1.019470981317482,125,121,147,156,-1.7259519847624212,0.05027509871114208,1.9704025872513855,0,0,0,0,0,1,1,1,train
4946813,Số 1 đường Giải Phóng - phường Bạch Mai - ĐHBK,21.0052,105.8418,2025-04-19,2.844088645835823,-0.4091222135917537,-0.11959203709601142,-1.2424954038469582,2,0,24,156,-1.79618804556865,0.09884754172238559,2.0686577889572018,0,0,1,0,0,1,1,1,train
4946813,Số 1 đường Giải Phóng - phường Bạch Mai - ĐHBK,21.0052,105.8418,2025-04-20,0.4314006811813409,-0.4189676368472284,0.8943414531651246,0.7031569047852725,122,31,150,156,-1.866424106374879,0.147419984733629,2.1669129906630187,0,0,0,0,0,1,1,1,train
4946813,Số 1 đường Giải Phóng - phường Bạch Mai - ĐHBK,21.0052,105.8418,2025-04-21,0.21186207627478668,-0.5932289421512009,-0.21563603596579026,0.2572408615592571,27,131,46,156,-1.9366601671811081,0.1959924277448725,2.265168192368835,0,0,0,0,0,1,1,1,train
4946813,Số 1 đường Giải Phóng - phường Bạch Mai - ĐHBK,21.0052,105.8418,2025-04-22,0.745743195939749,0.3385260095630291,-0.586259133236369,-0.23080335118168185,66,132,89,156,-2.006896227987337,0.24456487075611602,2.3634233940746516,45954,0,0,0,0,0,0,0,train
4946813,Số 1 đường Giải Phóng - phường Bạch Mai - ĐHBK,21.0052,105.8418,2025-04-23,1.0147221498289194,0.6137077781525805,-0.04300704999410662,-0.6200653590623701,142,121,154,156,-1.7194579661065919,0.3488185513872508,2.019246114344067,0,0,0,0,0,1,1,1,train
4946813,Số 1 đường Giải Phóng - phường Bạch Mai - ĐHBK,21.0052,105.8418,2025-04-24,0.6356134921721917,0.32231592196150455,0.7185706409154676,0.7329740032186,0,53,2,156,-1.432019704225847,0.4530722320183856,1.6750688346134819,0,1,0,0,0,1,1,1,train
4946813,Số 1 đường Giải Phóng - phường Bạch Mai - ĐHBK,21.0052,105.8418,2025-04-25,0.25650483451546396,0.41471843938654723,-1.185176771528536,0.3386254962620483,0,30,8,155,-1.1445814423451015,0.5573259126495204,1.3308915548828975,0,1,0,0,0,1,1,1,train
4946813,Số 1 đường Giải Phóng - phường Bạch Mai - ĐHBK,21.0052,105.8418,2025-04-26,-0.12260382314126379,0.31915097585605207,-0.016395063967958225,1.1990633309371181,0,15,11,156,-0.8571431804643563,0.6615795932806551,0.9867142751523124,0,1,0,0,0,1,1,1,train
4946813,Số 1 đường Giải Phóng - phường Bạch Mai - ĐHBK,21.0052,105.8418,2025-04-27,-0.5017124807979914,1.0846239409352647,-0.4500889694713612,1.6769575016023484,6,35,19,156,-0.5697049185836112,0.7658332739117899,0.6425369954217278,45954,0,0,0,0,0,0,0,train
4946813,Số 1 đường Giải Phóng - phường Bạch Mai - ĐHBK,21.0052,105.8418,2025-04-28,1.120998512394926,0.9483013532250091,-0.22956447310294742,-0.4240043744881855,1,23,14,156,-0.5514844074746313,0.7739855748494479,0.6569956574159261,0,0,0,0,0,1,1,1,train
4946813,Số 1 đường Giải Phóng - phường Bạch Mai - ĐHBK,21.0052,105.8418,2025-04-29,0.3406592233173652,0.5209149946459363,0.9221159787098964,-0.6836018648903354,0,58,9,156,-0.5332638963656516,0.7821378757871058,0.6714543194101243,0,1,0,0,0,1,1,1,train
4946813,Số 1 đường Giải Phóng - phường Bạch Mai - ĐHBK,21.0052,105.8418,2025-04-30,-0.43968006576019536,0.17180084865645723,0.2509842577115012,-1.4958344482992354,0,0,0,156,-0.5150433852566719,0.7902901767247639,0.6859129814043226,0,1,1,1,0,1,1,1,train
4946813,Số 1 đường Giải Phóng - phường Bạch Mai - ĐHBK,21.0052,105.8418,2025-05-01,-1.2200193548377558,-0.17731329733302184,-0.42014746328689395,-0.13600994183255205,94,78,122,156,-0.4968228741476922,0.7984424776624218,0.7003716433985209,0,0,0,0,0,1,1,1,train
4946813,Số 1 đường Giải Phóng - phường Bạch Mai - ĐHBK,21.0052,105.8418,2025-05-02,-0.9110415958571009,-0.3943677830206338,-0.00679626092821268,-0.5330219508384157,115,147,129,156,-0.4786023630387125,0.8065947786000799,0.7148303053927191,45954,0,0,0,0,0,0,0,train
4946813,Số 1 đường Giải Phóng - phường Bạch Mai - ĐHBK,21.0052,105.8418,2025-05-03,0.1816478671394922,-0.3809820109613801,-0.17135976197115624,-0.9398153833295713,25,61,62,156,-0.9560047940661405,0.9208227430393546,1.136133910757494,0,0,0,0,0,1,1,1,train
4946813,Số 1 đường Giải Phóng - phường Bạch Mai - ĐHBK,21.0052,105.8418,2025-05-04,-0.7113528156912952,-0.21680244307059976,-0.8467255455042112,-1.4555947986380438,83,89,140,156,-1.4334072250935683,1.0350507074786297,1.5574375161222684,45954,0,0,0,0,0,0,0,train
4946813,Số 1 đường Giải Phóng - phường Bạch Mai - ĐHBK,21.0052,105.8418,2025-05-05,-0.10749021656979472,-0.06508766292214016,1.060364585221178,-0.8161735846281128,150,149,156,156,-1.2837410545205272,0.7622508429003982,1.3419503888076123,0,0,0,0,0,1,1,1,train
4946813,Số 1 đường Giải Phóng - phường Bạch Mai - ĐHBK,21.0052,105.8418,2025-05-06,-0.4861193435153899,-0.10733430715796477,0.507194013653389,0.9605976139887723,28,141,119,156,-1.1340748839474863,0.4894509783221669,1.1264632614929564,0,0,0,0,0,1,1,1,train
4946813,Số 1 đường Giải Phóng - phường Bạch Mai - ĐHBK,21.0052,105.8418,2025-05-07,-0.5970852684086178,-0.14836951747734478,0.10568759765971546,0.30765931464652063,57,143,100,156,-0.9844087133744455,0.21665111374393545,0.9109761341783001,45954,0,0,0,0,0,0,0,train
4946813,Số 1 đường Giải Phóng - phường Bạch Mai - ĐHBK,21.0052,105.8418,2025-05-08,0.7376431581639736,-0.05432384621469812,-0.06258278520654681,-0.4274818728642221,155,148,156,156,-0.4016071070393706,0.47804073900226823,0.27331048816760883,0,0,0,0,0,1,1,1,train
4946813,Số 1 đường Giải Phóng - phường Bạch Mai - ĐHBK,21.0052,105.8418,2025-05-09,-0.5358193920457772,0.14338996881715294,-0.9734636677122099,-0.4618416614623748,34,123,52,156,0.18119449929570447,0.739430364260601,-0.3643551578430825,0,0,0,0,0,1,1,1,train
4946813,Số 1 đường Giải Phóng - phường Bạch Mai - ĐHBK,21.0052,105.8418,2025-05-10,-0.40798614856814747,0.15270962829836482,1.1985200490308434,0.23288581614005371,0,0,0,156,0.7639961056307792,1.0008199895189338,-1.002020803853774,0,1,1,1,0,1,1,1,train
4946813,Số 1 đường Giải Phóng - phường Bạch Mai - ĐHBK,21.0052,105.8418,2025-05-11,-0.2801529050905179,0.1620292877795772,3.370503765773897,-0.677732992882223,0,0,10,135,1.346797711965854,1.2622096147772666,-1.6396864498644648,0,1,1,0,0,1,1,1,train
4946813,Số 1 đường Giải Phóng - phường Bạch Mai - ĐHBK,21.0052,105.8418,2025-05-12,-0.15231966161288804,0.1713489472607891,-0.21692417277714338,0.2295942806432378,156,148,156,156,1.9295993183009295,1.5235992400355995,-2.2773520958751563,45954,0,0,0,0,0,0,0,train
4946813,Số 1 đường Giải Phóng - phường Bạch Mai - ĐHBK,21.0052,105.8418,2025-05-13,0.9731636250304001,-0.04565072117846381,-0.23097524198995348,-0.4037395419110629,103,117,121,156,1.308158262531202,1.4034904063470313,-1.5569015469083232,0,0,0,0,0,1,1,1,train
4946813,Số 1 đường Giải Phóng - phường Bạch Mai - ĐHBK,21.0052,105.8418,2025-05-14,-0.5373321704569283,0.23985387162800786,-0.5307776193263619,-1.0283989912138138,9,83,24,156,0.6867172067614744,1.283381572658463,-0.8364509979414899,0,0,0,0,0,1,1,1,train
4946813,Số 1 đường Giải Phóng - phường Bạch Mai - ĐHBK,21.0052,105.8418,2025-05-15,-0.15351171679161787,-0.4681842533033865,-0.9798844441155034,-1.9649707005269927,40,9,76,156,0.06527615099174698,1.163272738969895,-0.11600044897465672,0,0,0,0,0,1,1,1,train
4946813,Số 1 đường Giải Phóng - phường Bạch Mai - ĐHBK,21.0052,105.8418,2025-05-16,-0.8041006333492278,-0.674249653392296,3.3118855870983235,-1.4652988508154174,0,17,3,156,-0.5561649047779805,1.0431639052813266,0.6044500999921767,0,1,0,0,0,1,1,1,train
4946813,Số 1 đường Giải Phóng - phường Bạch Mai - ĐHBK,21.0052,105.8418,2025-05-17,-1.4546895499068375,-1.2324280574952846,1.4843128512973955,0.42129923221314125,20,96,0,156,-1.1776059605477078,0.9230550715927582,1.32490064895901,45954,0,0,1,0,0,0,0,train
4946813,Số 1 đường Giải Phóng - phường Bạch Mai - ĐHBK,21.0052,105.8418,2025-05-18,0.403409967050561,-0.9602991460108025,-0.3432598845035325,-0.24721108520281534,45,119,109,156,-1.049444156213292,0.7781544954518711,1.1687459697645988,0,0,0,0,0,1,1,1,train
4946813,Số 1 đường Giải Phóng - phường Bạch Mai - ĐHBK,21.0052,105.8418,2025-05-19,-1.298036042334402,-0.9826124933188207,-0.33103422472624194,-0.8559980391270908,19,98,46,156,-0.9212823518788759,0.6332539193109838,1.0125912905701873,0,0,0,0,0,1,1,1,train
4946813,Số 1 đường Giải Phóng - phường Bạch Mai - ĐHBK,21.0052,105.8418,2025-05-20,-0.27536523122595263,-0.8547208529505557,-0.23244760890111588,-1.5414816685541355,16,85,53,156,-0.7931205475444599,0.4883533431700966,0.856436611375776,0,0,0,0,0,1,1,1,train
4946813,Số 1 đường Giải Phóng - phường Bạch Mai - ĐHBK,21.0052,105.8418,2025-05-21,1.035992392809457,-0.3639412102329977,-0.3599465447624241,-1.3133560550601444,9,135,82,156,-0.664958743210044,0.34345276702920935,0.7002819321813647,0,0,0,0,0,1,1,1,train
4946813,Số 1 đường Giải Phóng - phường Bạch Mai - ĐHBK,21.0052,105.8418,2025-05-22,2.773734553984652,-0.6127504279097559,2.034316576841069,0.9577430875254298,1,68,19,156,-0.536796938875628,0.19855219088832213,0.5441272529869534,45954,0,0,0,0,0,0,0,train
4946813,Số 1 đường Giải Phóng - phường Bạch Mai - ĐHBK,21.0052,105.8418,2025-05-23,2.168265145847622,-0.652318845024726,1.6468359845316354,0.31552684621503807,0,0,0,156,-0.6563711626727106,-0.20764473569214092,0.5517010751870421,0,1,1,1,0,1,1,1,train
4946813,Số 1 đường Giải Phóng - phường Bạch Mai - ĐHBK,21.0052,105.8418,2025-05-24,1.5627957377105905,-0.6918872621396956,1.259355392222202,-0.21151284165927037,0,0,0,156,-0.7759453864697932,-0.6138416622726042,0.5592748973871308,45954,1,1,1,0,0,0,0,train
4946813,Số 1 đường Giải Phóng - phường Bạch Mai - ĐHBK,21.0052,105.8418,2025-05-25,0.9573263295735603,-0.7314556792546657,0.8718747999127684,-0.4532080865703169,0,7,0,156,-0.8558970798341332,-0.9358285156620653,0.6439050974379481,0,1,0,1,0,1,1,1,train
4946813,Số 1 đường Giải Phóng - phường Bạch Mai - ĐHBK,21.0052,105.8418,2025-05-26,0.35185692143652975,-0.9453850363406092,0.4843942076033349,-1.1647137980627205,0,90,0,156,-0.9358487731984733,-1.2578153690515261,0.7285352974887654,0,1,0,1,0,1,1,1,train
4946813,Số 1 đường Giải Phóng - phường Bạch Mai - ĐHBK,21.0052,105.8418,2025-05-27,-0.25361248670050046,-0.9293484003309103,0.0969136152939014,-0.7534730233751623,0,100,0,139,-1.0158004665628133,-1.5798022224409873,0.8131654975395828,45954,1,0,1,0,0,0,0,train
4946813,Số 1 đường Giải Phóng - phường Bạch Mai - ĐHBK,21.0052,105.8418,2025-05-28,-0.8590818948375312,-1.0362311257239722,-0.29056697701553214,0.17814919917537392,12,112,51,156,-0.6692300940723714,-0.9856396956532332,0.45596423498561683,0,0,0,0,0,1,1,1,train
4946813,Số 1 đường Giải Phóng - phường Bạch Mai - ĐHBK,21.0052,105.8418,2025-05-29,-1.0953669339192207,-1.1876977282803634,0.05980026453930483,-0.3064975740380536,0,9,0,156,-0.32265972158192957,-0.39147716886547873,0.0987629724316509,0,1,0,1,0,1,1,1,train
4946813,Số 1 đường Giải Phóng - phường Bạch Mai - ĐHBK,21.0052,105.8418,2025-05-30,-1.3316519730009102,-0.9651440635087187,0.41016750609414176,-1.213001258209901,8,56,16,156,0.023910650908512455,0.20268535792227535,-0.258438290122315,0,0,0,0,0,1,1,1,train
4946813,Số 1 đường Giải Phóng - phường Bạch Mai - ĐHBK,21.0052,105.8418,2025-05-31,-1.0019841400831757,-1.121131452718881,-0.4002979280693974,-1.3782770026394433,86,156,153,156,0.37048102339895417,0.79684788471003,-0.6156395526762808,0,0,0,0,0,1,1,1,train
4946813,Số 1 đường Giải Phóng - phường Bạch Mai - ĐHBK,21.0052,105.8418,2025-06-01,-0.9618124134071225,-0.9958327227424831,-0.05188692161821408,-0.1287993898303189,156,54,156,156,0.7170513958893961,1.3910104114977841,-0.9728408152302467,45954,0,0,0,0,0,0,0,train
4946813,Số 1 đường Giải Phóng - phường Bạch Mai - ĐHBK,21.0052,105.8418,2025-06-02,-1.0803928508346405,-0.9020091840608705,0.37206295497849573,1.0197395728624807,156,0,156,156,0.3645862213031742,0.9762194668098857,-0.5275662305326118,0,0,1,0,0,1,1,1,train
4946813,Số 1 đường Giải Phóng - phường Bạch Mai - ĐHBK,21.0052,105.8418,2025-06-03,-0.2049162418360791,-0.8081856453792573,-0.31355802600037874,-0.12110549858070457,9,32,113,156,0.012121046716952185,0.5614285221219875,-0.08229164583497682,0,0,0,0,0,1,1,1,train
4946813,Số 1 đường Giải Phóng - phường Bạch Mai - ĐHBK,21.0052,105.8418,2025-06-04,1.0369043226332872,-0.5287679489215534,-0.009852108992800082,-1.1355041733912536,50,113,82,156,-0.3403441278692698,0.14663757743408912,0.36298293886265814,0,0,0,0,0,1,1,1,train
4946813,Số 1 đường Giải Phóng - phường Bạch Mai - ĐHBK,21.0052,105.8418,2025-06-05,-0.40834954186142214,-0.5705763278931447,-0.3917503235541186,-1.5147554508497516,19,87,79,156,-0.6928093024554918,-0.2681533672538093,0.8082575235602931,0,0,0,0,0,1,1,1,train
4946813,Số 1 đường Giải Phóng - phường Bạch Mai - ĐHBK,21.0052,105.8418,2025-06-06,-0.769599224913462,-0.8943267239731991,0.483620375096924,-1.5107172120568533,10,64,71,156,-1.0452744770417137,-0.6829443119417072,1.2535321082579278,45954,0,0,0,0,0,0,0,train
4946813,Số 1 đường Giải Phóng - phường Bạch Mai - ĐHBK,21.0052,105.8418,2025-06-07,-1.2507417986522746,-0.9308333750438914,-0.772547442545965,0.6652713316648449,17,148,49,156,-0.46465505879910163,-0.20168448235990996,0.560578568125271,0,0,0,0,0,1,1,1,train
4946813,Số 1 đường Giải Phóng - phường Bạch Mai - ĐHBK,21.0052,105.8418,2025-06-08,-0.6277787862354022,-0.9158039037017769,-1.1334594786003005,0.37741091770081203,18,44,47,156,0.11596435944351062,0.27957534722188754,-0.13237497200738613,0,0,0,0,0,1,1,1,train
4946813,Số 1 đường Giải Phóng - phường Bạch Mai - ĐHBK,21.0052,105.8418,2025-06-09,-0.5081693194810776,-0.6952809316230348,-0.9354650271735644,-0.7019464795653451,37,52,64,156,0.6965837776861228,0.760835176803685,-0.825328512140043,0,0,0,0,0,1,1,1,train
4946813,Số 1 đường Giải Phóng - phường Bạch Mai - ĐHBK,21.0052,105.8418,2025-06-10,-0.6995035639263942,-0.6299098629815972,-0.6225087143186082,-1.302194280857554,14,51,46,156,1.277203195928735,1.2420950063854823,-1.5182820522727005,0,0,0,0,0,1,1,1,train
4946813,Số 1 đường Giải Phóng - phường Bạch Mai - ĐHBK,21.0052,105.8418,2025-06-11,-1.1190419033668968,-0.664773087492065,0.014905651211286265,-1.3335196569410712,107,94,138,156,1.857822614171347,1.72335483596728,-2.211235592405357,45954,0,0,0,0,0,0,0,train
4946813,Số 1 đường Giải Phóng - phường Bạch Mai - ĐHBK,21.0052,105.8418,2025-06-12,-1.2795216657444737,-1.29547525661802,-0.746901361447193,-0.777110241629027,0,87,49,148,1.12734664902675,1.3799856702065247,-1.3508804691782121,0,1,0,0,0,1,1,1,train
4946813,Số 1 đường Giải Phóng - phường Bạch Mai - ĐHBK,21.0052,105.8418,2025-06-13,-1.4400014281220506,-1.1834469370289618,-0.6049150929965054,0.39918177338017097,59,15,138,156,0.3968706838821536,1.0366165044457696,-0.49052534595106745,45954,0,0,0,0,0,0,0,train
4946813,Số 1 đường Giải Phóng - phường Bạch Mai - ĐHBK,21.0052,105.8418,2025-06-14,-0.940682359972402,-0.9114264327893642,-0.10257784244731175,-0.14976199753369604,81,17,139,156,0.012135086832166929,-0.5889159157302565,-0.0635135784540737,0,0,0,0,0,1,1,1,train
4946813,Số 1 đường Giải Phóng - phường Bạch Mai - ĐHBK,21.0052,105.8418,2025-06-15,-0.6062044397785542,-0.5861392446968934,-0.5731540133307162,-0.8682920443258326,95,117,126,156,-0.37260051021781954,-2.2144483359062823,0.3634981890429199,0,0,0,0,0,1,1,1,train
4946813,Số 1 đường Giải Phóng - phường Bạch Mai - ĐHBK,21.0052,105.8418,2025-06-16,-0.7590147661911839,-0.7128567596043013,0.06874310923431118,-0.7671596523933079,0,0,0,156,-0.7573361072678062,-3.8399807560823085,0.7905099565399136,45954,1,1,1,0,0,0,0,train
4946813,Số 1 đường Giải Phóng - phường Bạch Mai - ĐHBK,21.0052,105.8418,2025-06-17,-0.9118250926038134,-0.8395742745117092,0.7106402317993383,-1.1567726530772655,0,0,5,156,-0.6308404322519771,-3.317266763607323,0.6594012214998819,0,1,1,0,0,1,1,1,train
4946813,Số 1 đường Giải Phóng - phường Bạch Mai - ĐHBK,21.0052,105.8418,2025-06-18,-1.064635419016443,-0.9662917894191165,0.7215354858865541,0.8692548574711718,66,0,140,156,-0.5043447572361479,-2.794552771132338,0.52829248645985,0,0,1,0,0,1,1,1,train
4946813,Số 1 đường Giải Phóng - phường Bạch Mai - ĐHBK,21.0052,105.8418,2025-06-19,-1.372602037110074,-1.0930093043265243,-1.3389407891816918,0.08721876364461568,12,0,40,156,-0.3778490822203188,-2.2718387786573535,0.39718375141981815,0,0,1,0,0,1,1,1,train
4946813,Số 1 đường Giải Phóng - phường Bạch Mai - ĐHBK,21.0052,105.8418,2025-06-20,-1.1854436649729623,-1.2197268192339323,-2.4765260641764653,-0.7540268956326952,0,7,3,156,-0.25135340720448973,-1.7491247861823684,0.2660750163797863,0,1,0,0,0,1,1,1,train
4946813,Số 1 đường Giải Phóng - phường Bạch Mai - ĐHBK,21.0052,105.8418,2025-06-21,-0.9982852928358504,-1.1978734186391302,-2.0991334833973436,-0.6391513168830296,0,0,0,156,-0.12485773218866064,-1.2264107937073834,0.13496628133975458,45954,1,1,1,0,0,0,0,train
4946813,Số 1 đường Giải Phóng - phường Bạch Mai - ĐHBK,21.0052,105.8418,2025-06-22,-0.8111269206987387,-1.1760200180443285,-1.7217409026182224,-0.9760065218204332,0,0,0,156,-0.3479166628428083,-0.8392485881400543,0.3569122417258864,0,1,1,1,0,1,1,1,train
4946813,Số 1 đường Giải Phóng - phường Bạch Mai - ĐHBK,21.0052,105.8418,2025-06-23,-0.623968548561627,-1.1541666174495269,-1.344348321839101,0.9725482112210688,4,0,40,156,-0.570975593496956,-0.4520863825727253,0.5788582021120182,0,0,1,0,0,1,1,1,train
4946813,Số 1 đường Giải Phóng - phường Bạch Mai - ĐHBK,21.0052,105.8418,2025-06-24,-0.4356381664478118,-1.132313216854725,-0.7004393169299462,0.36816334429553105,3,36,27,156,-0.7940345241511038,-0.06492417700539647,0.8008041624981501,0,0,0,0,0,1,1,1,train
4946813,Số 1 đường Giải Phóng - phường Bạch Mai - ĐHBK,21.0052,105.8418,2025-06-25,-0.5952968050354213,-0.8926358436755844,0.02955107929114151,-0.37383772622549166,110,97,124,156,-1.0170934548052515,0.32223802856193257,1.022750122884282,0,0,0,0,0,1,1,1,train
4946813,Số 1 đường Giải Phóng - phường Bạch Mai - ĐHBK,21.0052,105.8418,2025-06-26,-0.5937491378232751,-1.230296184707149,-0.35217911793079626,-1.2832510613046866,31,93,114,156,-1.2401523854593992,0.7094002341292613,1.2446960832704137,45954,0,0,0,0,0,0,0,train
4946813,Số 1 đường Giải Phóng - phường Bạch Mai - ĐHBK,21.0052,105.8418,2025-06-27,0.0015978873298564673,-1.2861220067997126,-0.37288331398403124,-0.9162093405467474,0,0,0,156,-1.1415400498315549,-0.10828058764012251,1.1189220727174445,0,1,1,1,0,1,1,1,train
4946813,Số 1 đường Giải Phóng - phường Bạch Mai - ĐHBK,21.0052,105.8418,2025-06-28,0.596944912482988,-1.341947828892276,-0.39358751003726633,-1.137328117616513,0,0,0,152,-1.0429277142037108,-0.9259614094095064,0.9931480621644753,0,1,1,1,0,1,1,1,train
4946813,Số 1 đường Giải Phóng - phường Bạch Mai - ĐHBK,21.0052,105.8418,2025-06-29,1.1922919376361196,-1.3977736509848395,-0.41429170609050137,0.39914008663920075,1,3,25,156,-0.9443153785758666,-1.74364223117889,0.867374051611506,0,0,0,0,0,1,1,1,train
4946813,Số 1 đường Giải Phóng - phường Bạch Mai - ĐHBK,21.0052,105.8418,2025-06-30,0.8547332728813452,-1.2258255790170551,-0.9987854122042958,-0.09620337440939157,21,3,83,156,-0.8457030429480225,-2.5613230529482736,0.7416000410585368,0,0,0,0,0,1,1,1,train
4946813,Số 1 đường Giải Phóng - phường Bạch Mai - ĐHBK,21.0052,105.8418,2025-07-01,0.4481872057605293,-1.0136586919187425,0.2517751915747444,-1.1105178097526935,0,53,2,156,-0.7470907073201782,-3.3790038747176583,0.6158260305055676,45954,1,0,0,0,0,0,0,train
4946813,Số 1 đường Giải Phóng - phường Bạch Mai - ĐHBK,21.0052,105.8418,2025-07-02,0.041641138639712916,-1.150709085417312,-0.06441130860450954,-1.1599177922649078,0,0,0,156,-0.7507902939760954,-3.6190217999228453,0.7321046041328512,0,1,1,1,0,1,1,1,train
4946813,Số 1 đường Giải Phóng - phường Bạch Mai - ĐHBK,21.0052,105.8418,2025-07-03,-0.36490492848110295,-1.2877594789158822,-0.3805978087837635,-0.9101202096551131,0,0,0,156,-0.7544898806320125,-3.859039725128033,0.8483831777601349,45954,1,1,1,0,0,0,0,train
4946813,Số 1 đường Giải Phóng - phường Bạch Mai - ĐHBK,21.0052,105.8418,2025-07-04,-0.7714509956019189,-1.424809872414452,-0.6967843089630172,0.5450966992388675,13,19,72,156,-1.021912304778909,-3.352299853397227,1.2596415225869688,0,0,0,0,0,1,1,1,train
4946813,Số 1 đường Giải Phóng - phường Bạch Mai - ĐHBK,21.0052,105.8418,2025-07-05,-0.9327617140679255,-1.125528968744504,-0.16008248036265796,-0.5563274071351318,98,152,130,156,-1.2893347289258053,-2.845559981666422,1.6708998674138027,0,0,0,0,0,1,1,1,train
4946813,Số 1 đường Giải Phóng - phường Bạch Mai - ĐHBK,21.0052,105.8418,2025-07-06,-0.8415922023328313,-1.3034836202469275,-0.44254973644331874,-0.5869571879864426,3,12,15,156,-1.5567571530727013,-2.338820109935617,2.0821582122406364,45954,0,0,0,0,0,0,0,train
4946813,Số 1 đường Giải Phóng - phường Bạch Mai - ĐHBK,21.0052,105.8418,2025-07-07,-0.4371291234997949,-1.049346356935606,-0.045830832030455244,-1.1206899717806755,82,141,125,156,-1.3887877317528952,-1.9171248664952114,1.76227660944973,0,0,0,0,0,1,1,1,train
4946813,Số 1 đường Giải Phóng - phường Bạch Mai - ĐHBK,21.0052,105.8418,2025-07-08,-0.26479303644584246,-0.9650775191873309,-0.3681805921072135,-1.5593581136554118,26,54,134,156,-1.2208183104330887,-1.495429623054806,1.4423950066588234,0,0,0,0,0,1,1,1,train
4946813,Số 1 đường Giải Phóng - phường Bạch Mai - ĐHBK,21.0052,105.8418,2025-07-09,-0.795582120264061,-1.132091084273692,0.2574903160835827,0.9708749484391735,109,107,150,156,-1.0528488891132826,-1.0737343796144008,1.1225134038679168,0,0,0,0,0,1,1,1,train
4946813,Số 1 đường Giải Phóng - phường Bạch Mai - ĐHBK,21.0052,105.8418,2025-07-10,-0.42552612323573596,-0.8543851313946916,-0.3211780757291406,0.3210088467527782,124,57,156,156,-0.8848794677934761,-0.6520391361739952,0.8026318010770104,0,0,0,0,0,1,1,1,train
4946813,Số 1 đường Giải Phóng - phường Bạch Mai - ĐHBK,21.0052,105.8418,2025-07-11,-0.8058224273954316,-0.596013712912316,-0.42787733070221623,-0.6359452601082961,3,12,22,156,-0.7169100464736698,-0.2303438927335899,0.48275019828610355,45954,0,0,0,0,0,0,0,train
4946813,Số 1 đường Giải Phóng - phường Bạch Mai - ĐHBK,21.0052,105.8418,2025-07-12,-1.27719956230151,-0.5841107337850137,-0.3213368398469965,-0.9791530943630657,16,130,0,156,-0.613222443832761,-0.6052429071966641,0.44631212870605635,0,0,0,1,0,1,1,1,train
4946813,Số 1 đường Giải Phóng - phường Bạch Mai - ĐHBK,21.0052,105.8418,2025-07-13,-0.9341899981464845,-0.8731143579170294,-0.2147963489917768,-1.4901851184971493,25,71,100,156,-0.5095348411918522,-0.9801419216597383,0.409874059126009,0,0,0,0,0,1,1,1,train
4946813,Số 1 đường Giải Phóng - phường Bạch Mai - ĐHBK,21.0052,105.8418,2025-07-14,-0.6761136042657568,-0.8899088901117441,0.35493078829627456,-1.3281221198322954,0,0,0,151,-0.4058472385509433,-1.3550409361228126,0.3734359895459617,0,1,1,1,0,1,1,1,train
4946813,Số 1 đường Giải Phóng - phường Bạch Mai - ĐHBK,21.0052,105.8418,2025-07-15,-0.4180372103850291,-0.9067034223064593,0.9246579255843258,0.5465053587172259,8,37,64,156,-0.3021596359100345,-1.7299399505858866,0.33699791996591444,0,0,0,0,0,1,1,1,train
4946813,Số 1 đường Giải Phóng - phường Bạch Mai - ĐHBK,21.0052,105.8418,2025-07-16,0.9463517717681551,-1.0006859582805732,-0.03705547558707682,-0.338600007695731,1,0,25,156,-0.19847203326912555,-2.1048389650489607,0.30055985038586713,45954,0,1,0,0,0,0,0,train
4946813,Số 1 đường Giải Phóng - phường Bạch Mai - ĐHBK,21.0052,105.8418,2025-07-17,-0.7742561820702986,-1.094668494254687,-0.14907612656855737,-0.6579019293590644,89,145,119,156,-0.27959854534478856,-2.519213128514479,0.32698417027420135,0,0,0,0,0,1,1,1,train
4946813,Số 1 đường Giải Phóng - phường Bạch Mai - ĐHBK,21.0052,105.8418,2025-07-18,-0.9627070891330063,-0.9484616203143805,-0.19765861780353888,-1.3996840399745252,51,121,154,156,-0.36072505742045147,-2.9335872919799977,0.35340849016253545,0,0,0,0,0,1,1,1,train
4946813,Số 1 đường Giải Phóng - phường Bạch Mai - ĐHBK,21.0052,105.8418,2025-07-19,-0.9462748952167254,-0.8896484400013872,0.5594292776775741,-1.2706552154342206,0,0,144,156,-0.4418515694961144,-3.347961455445516,0.37983281005086966,0,1,1,0,0,1,1,1,train
4946813,Số 1 đường Giải Phóng - phường Bạch Mai - ĐHBK,21.0052,105.8418,2025-07-20,-0.9298427013004446,-0.8308352596883933,0.17755490113589234,0.40323754091013914,0,0,0,156,-0.5229780815717774,-3.7623356189110346,0.4062571299392039,0,1,1,1,0,1,1,1,train
4946813,Số 1 đường Giải Phóng - phường Bạch Mai - ĐHBK,21.0052,105.8418,2025-07-21,-0.9134105073841635,-0.7720220793753995,-0.2043194754057894,0.1646264877380814,0,0,0,156,-0.6041045936474403,-4.176709782376553,0.4326814498275381,45954,1,1,1,0,0,0,0,train
4946813,Số 1 đường Giải Phóng - phường Bạch Mai - ĐHBK,21.0052,105.8418,2025-07-22,-0.8969783134678827,-0.713208899062406,-0.5861938519474712,-0.40816066565576664,0,53,0,156,-0.8865942036398904,-2.458540791230187,0.9117540990047847,0,1,0,1,0,1,1,1,train
4946813,Số 1 đường Giải Phóng - phường Bạch Mai - ĐHBK,21.0052,105.8418,2025-07-23,-0.8805461195516018,-1.033954709942653,-0.968068228489153,-1.2577963489230197,10,100,35,156,-1.1690838136323405,-0.7403718000838208,1.390826748182031,45954,0,0,0,0,0,0,0,train
4946813,Số 1 đường Giải Phóng - phường Bạch Mai - ĐHBK,21.0052,105.8418,2025-07-24,-0.867024108364441,-1.1487446188693966,-0.5855119217896303,-1.7739350585490812,0,13,46,156,-1.1718685990922904,-0.26342112114493743,1.3847044407857751,0,1,0,0,0,1,1,1,train
4946813,Số 1 đường Giải Phóng - phường Bạch Mai - ĐHBK,21.0052,105.8418,2025-07-25,-0.8535020971772802,-1.0489607953193563,-3.219810865808316,0.6781734675798177,0,0,2,156,-1.17465338455224,0.21352955779394572,1.3785821333895192,0,1,1,0,0,1,1,1,train
4946813,Số 1 đường Giải Phóng - phường Bạch Mai - ĐHBK,21.0052,105.8418,2025-07-26,-0.8399800859901194,-0.9491769717693167,-0.09106689301193817,-0.49095381799449567,91,156,130,156,-1.17743817001219,0.6904802367328289,1.3724598259932637,45954,0,0,0,0,0,0,0,train
4946813,Số 1 đường Giải Phóng - phường Bạch Mai - ĐHBK,21.0052,105.8418,2025-07-27,-0.995099881870807,-0.9482077155471076,-0.200958673206618,-0.783874721613629,130,153,153,156,-0.8401217436415428,0.37372390779182507,1.0235970193192983,0,0,0,0,0,1,1,1,train
4946813,Số 1 đường Giải Phóng - phường Bạch Mai - ĐHBK,21.0052,105.8418,2025-07-28,-0.8450796868803094,-0.7019408182146002,0.05651241440214116,-1.024975183926792,116,154,146,156,-0.5028053172708955,0.056967578850821404,0.674734212645333,0,0,0,0,0,1,1,1,train
4946813,Số 1 đường Giải Phóng - phường Bạch Mai - ĐHBK,21.0052,105.8418,2025-07-29,-0.21579456998637606,-0.4891942591690965,-0.14633042276774558,-1.4378051909599345,130,68,156,156,-0.16548889090024807,-0.2597887500901824,0.3258714059713678,0,0,0,0,0,1,1,1,train
4946813,Số 1 đường Giải Phóng - phường Bạch Mai - ĐHBK,21.0052,105.8418,2025-07-30,-0.2900490394862529,-0.5806775649742894,0.6578246689790804,-1.0665508398852672,0,0,131,150,0.17182753547039922,-0.576545079031186,-0.02299140070259758,0,1,1,0,0,1,1,1,train
4946813,Số 1 đường Giải Phóng - phường Bạch Mai - ĐHBK,21.0052,105.8418,2025-07-31,-0.3643035089861297,-0.6721608707794822,-0.5164371318450199,0.39390664628065186,128,41,153,156,0.5091439618410465,-0.8933014079721897,-0.37185420737656255,45954,0,0,0,0,0,0,0,train
4946813,Số 1 đường Giải Phóng - phường Bạch Mai - ĐHBK,21.0052,105.8418,2025-08-01,-0.7776202236964374,-0.6862199950088654,-1.0783193716447,-0.45248101725144646,88,74,132,156,0.43899647943953424,-0.8463394416733641,-0.32230790238502205,0,0,0,0,0,1,1,1,train
4946813,Số 1 đường Giải Phóng - phường Bạch Mai - ĐHBK,21.0052,105.8418,2025-08-02,-0.7056850982525367,-0.42673068647166496,-0.23391518204467082,-0.858197880698577,124,154,154,156,0.3688489970380218,-0.7993774753745384,-0.2727615973934816,0,0,0,0,0,1,1,1,train
4946813,Số 1 đường Giải Phóng - phường Bạch Mai - ĐHBK,21.0052,105.8418,2025-08-03,-1.081806037577496,-0.7613599882084469,0.10903529285446953,-0.8453017469576264,139,120,155,156,0.2987015146365096,-0.7524155090757125,-0.22321529240194107,0,0,0,0,0,1,1,1,train
4946813,Số 1 đường Giải Phóng - phường Bạch Mai - ĐHBK,21.0052,105.8418,2025-08-04,-0.786901025366257,-0.5933336676406004,-0.09870601315640935,-0.07121754827895282,156,4,156,156,0.22855403223499737,-0.7054535427768868,-0.17366898741040057,0,0,0,0,0,1,1,1,train
4946813,Số 1 đường Giải Phóng - phường Bạch Mai - ĐHBK,21.0052,105.8418,2025-08-05,-0.22239692668670383,-0.7709167345614945,0.4578051022001529,0.7681005471519192,0,0,0,156,0.158406549833485,-0.6584915764780611,-0.12412268241886008,45954,1,1,1,0,0,0,0,train
4946813,Số 1 đường Giải Phóng - phường Bạch Mai - ĐHBK,21.0052,105.8418,2025-08-06,0.34210717199284923,-0.9484998014823881,1.0143162175567153,-0.2537922749180223,0,0,0,156,0.1924679160583547,-0.3534056981793617,-0.19426100877512956,0,1,1,1,0,1,1,1,train
4946813,Số 1 đường Giải Phóng - phường Bạch Mai - ĐHBK,21.0052,105.8418,2025-08-07,0.9066112706724023,-1.1260828684032824,1.5708273329132774,-0.8073180786050447,1,0,3,156,0.2265292822832244,-0.0483198198806623,-0.264399335131399,0,0,1,0,0,1,1,1,train
4946813,Số 1 đường Giải Phóng - phường Bạch Mai - ĐHBK,21.0052,105.8418,2025-08-08,-0.8928007157498832,-1.3036659353241762,0.33180079563477727,-1.3641870036377548,90,123,112,156,0.26059064850809405,0.2567660584180369,-0.3345376614876684,0,0,0,0,0,1,1,1,train
4946813,Số 1 đường Giải Phóng - phường Bạch Mai - ĐHBK,21.0052,105.8418,2025-08-09,-0.8798133278623358,-1.0093480380503461,0.15476933588031402,-1.0535710937698775,122,150,156,156,0.2946520147329639,0.5618519367167363,-0.4046759878439378,0,0,0,0,0,1,1,1,train
4946813,Số 1 đường Giải Phóng - phường Bạch Mai - ĐHBK,21.0052,105.8418,2025-08-10,-0.5219705679445671,-0.8637644716778096,0.1804174635602841,0.36251029672893886,0,0,0,156,0.3287133809578336,0.8669378150154355,-0.4748143142002073,0,1,1,1,0,1,1,1,train
4946813,Số 1 đường Giải Phóng - phường Bạch Mai - ĐHBK,21.0052,105.8418,2025-08-11,-0.16412780802679836,-0.7181809053052733,0.20606559124025417,0.045712013241146744,83,123,110,156,0.36277474718270325,1.172023693314135,-0.5449526405564767,0,0,0,0,0,1,1,1,train
4946813,Số 1 đường Giải Phóng - phường Bạch Mai - ĐHBK,21.0052,105.8418,2025-08-12,-0.3575494177185647,-0.8304635387455438,-0.1225854179208484,-0.5259402813390676,119,151,123,156,0.39683611340757297,1.4771095716128346,-0.6150909669127462,45954,0,0,0,0,0,0,0,train
4946813,Số 1 đường Giải Phóng - phường Bạch Mai - ĐHBK,21.0052,105.8418,2025-08-13,-0.1003723936933091,-0.7578713203427883,0.10330837724713772,-0.13642892941317766,78,92,105,156,0.001171248216318125,0.3597918267929557,-0.17465871849148462,0,0,0,0,0,1,1,1,train
4946813,Số 1 đường Giải Phóng - phường Bạch Mai - ĐHBK,21.0052,105.8418,2025-08-14,-0.11008884321223063,-0.9579158684128256,-0.7194976392049454,-1.3689525506420221,0,0,4,156,-0.39449361697493657,-0.7575259180269232,0.26577352992977715,0,1,1,0,0,1,1,1,train
4946813,Số 1 đường Giải Phóng - phường Bạch Mai - ĐHBK,21.0052,105.8418,2025-08-15,-0.11980529273115169,-1.1579604164828627,-0.500874437119074,-1.2061710827882401,0,0,0,156,-0.7901584821661911,-1.8748436628468017,0.7062057783510389,45954,1,1,1,0,0,0,0,train
4946813,Số 1 đường Giải Phóng - phường Bạch Mai - ĐHBK,21.0052,105.8418,2025-08-16,-0.12952174225007324,-1.3580049645529002,-0.2822512350332025,0.2707625856986461,0,23,7,156,-0.6800374393457276,-1.2055220689967652,0.5890300842046423,0,1,0,0,0,1,1,1,train
4946813,Số 1 đường Giải Phóng - phường Bạch Mai - ĐHBK,21.0052,105.8418,2025-08-17,-0.13923819176899477,-1.300129506908183,0.43297763032409703,-0.33969025333528907,0,0,7,156,-0.5699163965252642,-0.5362004751467286,0.47185439005824564,0,1,1,0,0,1,1,1,train
4946813,Số 1 đường Giải Phóng - phường Bạch Mai - ĐHBK,21.0052,105.8418,2025-08-18,-0.1489546412879163,-1.2422540492634655,0.2351705379795037,-0.9521356667031369,0,0,0,156,-0.45979535370480074,0.13312111870330798,0.35467869591184903,0,1,1,1,0,1,1,1,train
4946813,Số 1 đường Giải Phóng - phường Bạch Mai - ĐHBK,21.0052,105.8418,2025-08-19,-0.15867109080683736,-1.1843785916187481,0.037363445634910473,-1.341598523451852,0,0,0,156,-0.3496743108843373,0.8024427125533448,0.23750300176545236,0,1,1,1,0,1,1,1,train
4946813,Số 1 đường Giải Phóng - phường Bạch Mai - ĐHBK,21.0052,105.8418,2025-08-20,-0.1683875403257589,-1.1265031339740308,-0.16044364670968278,-1.553999754916373,81,24,143,156,-0.23955326806387386,1.4717643064033814,0.12032730761905568,45954,0,0,0,0,0,0,0,train
4946813,Số 1 đường Giải Phóng - phường Bạch Mai - ĐHBK,21.0052,105.8418,2025-08-21,-0.4944678529884343,-1.1899883938190303,0.05382753825046084,0.7758885919074642,0,0,0,156,-0.2816133272264233,0.7202483574726721,0.16030960658259294,0,1,1,1,0,1,1,1,train
4946813,Số 1 đường Giải Phóng - phường Bạch Mai - ĐHBK,21.0052,105.8418,2025-08-22,-0.8205481656511098,-1.2534736536640299,0.26809872321060446,-0.11590095674907108,85,68,116,156,-0.3236733863889727,-0.03126759145803692,0.2002919055461301,0,0,0,0,0,1,1,1,train
4946813,Số 1 đường Giải Phóng - phường Bạch Mai - ĐHBK,21.0052,105.8418,2025-08-23,-0.7106078446387727,-1.3383250269471016,-0.02387448100916584,-0.5519055069898083,72,98,81,156,-0.36573344555152215,-0.7827835403887461,0.24027420450966736,0,0,0,0,0,1,1,1,train
4946813,Số 1 đường Giải Phóng - phường Bạch Mai - ĐHBK,21.0052,105.8418,2025-08-24,-1.9016351358571133,-1.287685071092033,0.06880776259488669,-0.9143843213052456,1,19,10,156,-0.40779350471407155,-1.5342994893194553,0.28025650347320463,0,0,0,0,0,1,1,1,train
4946813,Số 1 đường Giải Phóng - phường Bạch Mai - ĐHBK,21.0052,105.8418,2025-08-25,-1.4767105998847914,-1.2466265429879053,0.0683173815841036,-0.8782412002065613,0,0,0,156,-0.44985356387662095,-2.2858154382501636,0.32023880243674185,45954,1,1,1,0,0,0,0,train
4946813,Số 1 đường Giải Phóng - phường Bạch Mai - ĐHBK,21.0052,105.8418,2025-08-26,-1.0517860639124694,-1.205568014883778,0.06782700057332046,0.4660921430322122,0,0,0,156,-0.3802205666268531,-1.6375725043177691,0.2649104126865331,0,1,1,1,0,1,1,1,train
4946813,Số 1 đường Giải Phóng - phường Bạch Mai - ĐHBK,21.0052,105.8418,2025-08-27,-0.6268615279401473,-1.1645094867796504,0.06733661956253736,0.18092138238067534,0,0,2,156,-0.3105875693770852,-0.9893295703853743,0.20958202293632436,0,1,1,0,0,1,1,1,train
4946813,Số 1 đường Giải Phóng - phường Bạch Mai - ĐHBK,21.0052,105.8418,2025-08-28,-0.20193699196782527,-1.1234509586755228,-0.1353361653150728,-0.6179396936116361,84,109,102,156,-0.24095457212731736,-0.3410866364529796,0.15425363318611565,0,0,0,0,0,1,1,1,train
4946813,Số 1 đường Giải Phóng - phường Bạch Mai - ĐHBK,21.0052,105.8418,2025-08-29,-1.04680013707934,-1.241415631722347,-0.6036895164513207,-1.162400124215748,6,70,19,156,-0.1713215748775495,0.30715629747941475,0.09892524343590685,0,0,0,0,0,1,1,1,train
4946813,Số 1 đường Giải Phóng - phường Bạch Mai - ĐHBK,21.0052,105.8418,2025-08-30,-1.0146457300036118,-1.7023583279754058,0.7164253586877927,-1.486628606427268,0,57,3,156,-0.1016885776277816,0.9553992314118097,0.043596853685698066,45954,1,0,0,0,0,0,0,train
4946813,Số 1 đường Giải Phóng - phường Bạch Mai - ĐHBK,21.0052,105.8418,2025-08-31,-0.9824913229278837,-1.7125843356591532,-0.18459675990629784,-1.177892899968022,5,23,41,144,-0.24557258011078079,-0.4784812281908042,0.26239475534271645,0,0,0,0,0,1,1,1,train
4946813,Số 1 đường Giải Phóng - phường Bạch Mai - ĐHBK,21.0052,105.8418,2025-09-01,-1.0366764854116606,-1.3660726453535372,-1.4199255886386961,0.41745290621575176,0,21,12,156,-0.3894565825937801,-1.9123616877934173,0.48119265699973485,45954,1,0,0,0,0,0,0,train
4946813,Số 1 đường Giải Phóng - phường Bạch Mai - ĐHBK,21.0052,105.8418,2025-09-02,-1.0908616478954376,-1.1346707676180605,-0.37396121884269257,-0.4344030066046476,36,91,52,156,-0.0012831211214828862,-0.8066684259666885,0.049181421640894826,0,0,0,0,0,1,1,1,train
4946813,Số 1 đường Giải Phóng - phường Bạch Mai - ĐHBK,21.0052,105.8418,2025-09-03,0.03343618072421748,-1.1375880815767017,0.20098020906870587,-0.8581950139885963,132,154,153,156,0.3868903403508142,0.2990248358600406,-0.3828298137179452,0,0,0,0,0,1,1,1,train
4946813,Số 1 đường Giải Phóng - phường Bạch Mai - ĐHBK,21.0052,105.8418,2025-09-04,-0.1637946516943862,-1.28308287673361,0.16972726295515286,-1.0858850070117605,144,143,156,156,0.7750638018231116,1.4047180976867695,-0.8148410490767851,45954,0,0,0,0,0,0,0,train
4946813,Số 1 đường Giải Phóng - phường Bạch Mai - ĐHBK,21.0052,105.8418,2025-09-05,-0.033904533667903684,-1.0251476780957558,-0.11372615746249996,-0.7683770485651377,153,141,156,156,0.5672214180094151,1.187493544277721,-0.5808979258121237,0,0,0,0,0,1,1,1,train
4946813,Số 1 đường Giải Phóng - phường Bạch Mai - ĐHBK,21.0052,105.8418,2025-09-06,-0.43471405726072493,-1.0486571868530161,0.005770456954416452,0.33178790397485125,122,151,148,156,0.35937903419571876,0.9702689908686727,-0.3469548025474627,0,0,0,0,0,1,1,1,validation
4946813,Số 1 đường Giải Phóng - phường Bạch Mai - ĐHBK,21.0052,105.8418,2025-09-07,-0.5468319469286302,-0.9487013435049577,0.31301234299867003,-0.49370544151415385,142,156,151,156,0.15153665038202233,0.7530444374596245,-0.11301167928280148,0,0,0,0,0,1,1,1,validation
4946813,Số 1 đường Giải Phóng - phường Bạch Mai - ĐHBK,21.0052,105.8418,2025-09-08,-0.984320511046969,-0.6659736125033672,-0.0045445448499355535,-0.9792818574197016,111,129,125,156,-0.05630573343167409,0.5358198840505762,0.12093144398185986,0,0,0,0,0,1,1,1,validation
4946813,Số 1 đường Giải Phóng - phường Bạch Mai - ĐHBK,21.0052,105.8418,2025-09-09,-1.1154616621844091,-0.7654296916344288,0.02580410308162407,-0.4812473768921381,0,0,0,156,-0.2641481172453705,0.31859533064152784,0.35487456724652106,0,1,1,1,0,1,1,1,validation
4946813,Số 1 đường Giải Phóng - phường Bạch Mai - ĐHBK,21.0052,105.8418,2025-09-10,-1.2466028133218492,-0.8648857707654903,0.05615275101318369,-1.4888494705386133,0,102,62,156,-0.4719905010590669,0.10137077723247949,0.5888176905111822,0,1,0,0,0,1,1,1,validation
4946813,Số 1 đường Giải Phóng - phường Bạch Mai - ĐHBK,21.0052,105.8418,2025-09-11,-1.3777439644592895,-0.9315619990000917,-1.8070806098022945,1.0370094101872034,0,0,35,156,-0.6798328848727632,-0.11585377617656888,0.8227608137758435,0,1,1,0,0,1,1,1,validation
4946813,Số 1 đường Giải Phóng - phường Bạch Mai - ĐHBK,21.0052,105.8418,2025-09-12,-1.5088851155967296,-0.9982382272346931,-0.8164305156743807,0.39957080234841946,10,0,87,156,-0.8876752686864597,-0.333078329585617,1.056703937040505,0,0,1,0,0,1,1,1,validation
4946813,Số 1 đường Giải Phóng - phường Bạch Mai - ĐHBK,21.0052,105.8418,2025-09-13,0.05042969104458226,-1.0649144554692944,-0.4348412185909492,-0.5040222529499151,35,57,114,156,-1.095517652500156,-0.5503028829946656,1.290647060305166,0,0,0,0,0,1,1,1,validation
4946813,Số 1 đường Giải Phóng - phường Bạch Mai - ĐHBK,21.0052,105.8418,2025-09-14,0.11679072790475878,-1.0754565486796424,-0.08152674312880118,-1.5751251379958457,39,57,89,156,-1.3033600363138524,-0.7675274364037138,1.524590183569827,45954,0,0,0,0,0,0,0,validation
4946813,Số 1 đường Giải Phóng - phường Bạch Mai - ĐHBK,21.0052,105.8418,2025-09-15,-0.10796546547353271,-0.8308210781117016,0.047167585112095615,-1.4427176568507156,23,9,26,156,-1.0789104951964237,-0.3254634135513654,1.251293871789327,0,0,0,0,0,1,1,1,validation
4946813,Số 1 đường Giải Phóng - phường Bạch Mai - ĐHBK,21.0052,105.8418,2025-09-16,-0.7332717366336086,-1.1867625623867346,0.5236518289237684,-0.30066704427593377,134,132,143,136,-0.8544609540789949,0.11660060930098304,0.9779975600088269,0,0,0,0,0,1,1,1,validation
4946813,Số 1 đường Giải Phóng - phường Bạch Mai - ĐHBK,21.0052,105.8418,2025-09-17,-0.7914311775900219,-1.3024306381777182,0.24797276580589153,0.5959497155110174,0,0,0,156,-0.6300114129615662,0.5586646321533314,0.7047012482283267,0,1,1,1,0,1,1,1,validation
4946813,Số 1 đường Giải Phóng - phường Bạch Mai - ĐHBK,21.0052,105.8418,2025-09-18,-0.849590618546435,-1.418098713968702,-0.027706297311985373,-0.4029399089958045,52,106,66,156,-0.4055618718441372,1.0007286550056798,0.4314049364478265,0,0,0,0,0,1,1,1,validation
4946813,Số 1 đường Giải Phóng - phường Bạch Mai - ĐHBK,21.0052,105.8418,2025-09-19,-0.8981460606674465,-1.2297001494022402,0.18969247652354979,-1.0788633592526347,56,112,80,156,-0.18111233072670843,1.4427926778580282,0.15810862466732645,45954,0,0,0,0,0,0,0,validation
4946813,Số 1 đường Giải Phóng - phường Bạch Mai - ĐHBK,21.0052,105.8418,2025-09-20,-0.9424460840139838,-0.9355405676143352,-0.011419294897527401,-1.306278745348892,103,153,0,156,-0.5174301100119308,1.3548926853597199,0.5849052643333096,0,0,0,1,0,1,1,1,validation
4946813,Số 1 đường Giải Phóng - phường Bạch Mai - ĐHBK,21.0052,105.8418,2025-09-21,-0.896829759067718,-0.8755639525675382,-0.2125310663186046,-1.303203004432034,0,86,63,156,-0.8537478892971533,1.2669926928614113,1.0117019039992927,45954,1,0,0,0,0,0,0,validation
4946813,Số 1 đường Giải Phóng - phường Bạch Mai - ĐHBK,21.0052,105.8418,2025-09-22,-0.8512134341214523,-0.22317897085100086,-0.07204387426260582,0.48529191819757633,0,124,54,156,-0.6372648497063944,1.2277953842917848,0.7376457869094479,0,1,0,0,0,1,1,1,validation
4946813,Số 1 đường Giải Phóng - phường Bạch Mai - ĐHBK,21.0052,105.8418,2025-09-23,-0.8055971091751865,0.332298661060501,-0.16506053039725432,-0.4455970910176463,148,156,155,156,-0.4207818101156356,1.1885980757221584,0.46358966981960326,0,0,0,0,0,1,1,1,validation
4946813,Số 1 đường Giải Phóng - phường Bạch Mai - ĐHBK,21.0052,105.8418,2025-09-24,-1.1412453900569635,-0.9877879506426547,-0.26189772919567955,-0.6916752965967776,109,141,129,156,-0.20429877052487672,1.149400767152532,0.18953355272975853,45954,0,0,0,0,0,0,0,validation
4946813,Số 1 đường Giải Phóng - phường Bạch Mai - ĐHBK,21.0052,105.8418,2025-09-25,-1.1615849689847728,0.07740391064811113,-0.14018327582107534,-1.0269778197408517,0,8,0,156,-0.2471586074931706,0.21226266473955355,0.2084927510841409,0,1,0,1,0,1,1,1,validation
4946813,Số 1 đường Giải Phóng - phường Bạch Mai - ĐHBK,21.0052,105.8418,2025-09-26,-1.1819245479125817,-0.8553783872082242,-0.01846882244647116,-1.2053494120400046,0,3,0,156,-0.29001844446146446,-0.724875437673425,0.2274519494385233,0,1,0,1,0,1,1,1,validation
4946813,Số 1 đường Giải Phóng - phường Bạch Mai - ĐHBK,21.0052,105.8418,2025-09-27,-1.2022641268403909,-1.2813816329761099,0.10324563092813305,0.3073071544428001,109,156,137,156,-0.3328782814297583,-1.6620135400864031,0.2464111477929056,0,0,0,0,0,1,1,1,validation
4946813,Số 1 đường Giải Phóng - phường Bạch Mai - ĐHBK,21.0052,105.8418,2025-09-28,-1.0419894154613902,-1.2728005790993082,-0.33579566565338104,0.2447542791452452,10,0,18,156,-0.37573811839805216,-2.5991516424993817,0.265370346147288,0,0,1,0,0,1,1,1,validation
4946813,Số 1 đường Giải Phóng - phường Bạch Mai - ĐHBK,21.0052,105.8418,2025-09-29,-0.9730629733469462,-1.2642195252225066,0.053502947759175315,0.10493782338179228,0,0,0,156,-0.41859795536634603,-3.53628974491236,0.28432954450167036,45954,1,1,1,0,0,0,0,validation
4946813,Số 1 đường Giải Phóng - phường Bạch Mai - ĐHBK,21.0052,105.8418,2025-09-30,-0.9041365312325024,-1.255638471345705,0.44280156117173164,-0.3231574590912449,0,0,0,156,-0.5150822751658205,-3.4845299958682,0.45290119125406325,0,1,1,1,0,1,1,1,validation
4946813,Số 1 đường Giải Phóng - phường Bạch Mai - ĐHBK,21.0052,105.8418,2025-10-01,-0.8352100891180585,-1.2470574174689033,0.8321001745842881,-1.3346686104121104,0,0,2,156,-0.6115665949652951,-3.432770246824041,0.621472838006456,0,1,1,0,0,1,1,1,validation
4946813,Số 1 đường Giải Phóng - phường Bạch Mai - ĐHBK,21.0052,105.8418,2025-10-02,-0.7662836470036146,-1.2384763635921017,0.4713514464069175,-0.12487274369573413,111,156,143,143,-0.7080509147647694,-3.381010497779882,0.790044484758849,0,0,0,0,0,1,1,1,validation
4946813,Số 1 đường Giải Phóng - phường Bạch Mai - ĐHBK,21.0052,105.8418,2025-10-03,-0.5347294659026879,-1.1875351855936958,-0.03716544444156664,-0.11201262299891668,142,156,154,156,-0.8045352345642441,-3.3292507487357224,0.9586161315112419,0,0,0,0,0,1,1,1,validation
4946813,Số 1 đường Giải Phóng - phường Bạch Mai - ĐHBK,21.0052,105.8418,2025-10-04,0.32120357859367926,-1.1087536634951058,-0.049848596514743236,-0.26925692107861016,61,35,105,156,-0.9010195543637185,-3.2774909996915627,1.1271877782636348,45954,0,0,0,0,0,0,0,validation
4946813,Số 1 đường Giải Phóng - phường Bạch Mai - ĐHBK,21.0052,105.8418,2025-10-05,-0.8920864468422361,-1.0024031563118447,0.1723153044197481,-1.0474755127807864,139,139,154,156,-0.9114874190764981,-2.4928448627673148,1.1158801095514697,0,0,0,0,0,1,1,1,validation
4946813,Số 1 đường Giải Phóng - phường Bạch Mai - ĐHBK,21.0052,105.8418,2025-10-06,-0.6517967866034086,-1.0394688887712649,0.09285954918815544,-0.3989655739462273,0,0,0,156,-0.9219552837892777,-1.7081987258430658,1.1045724408393047,0,1,1,1,0,1,1,1,validation
4946813,Số 1 đường Giải Phóng - phường Bạch Mai - ĐHBK,21.0052,105.8418,2025-10-07,-0.411507126364581,-1.0765346212306852,0.013403793956562791,-0.4381557091388373,0,0,0,156,-0.9324231485020572,-0.9235525889188171,1.0932647721271396,0,1,1,1,0,1,1,1,validation
4946813,Số 1 đường Giải Phóng - phường Bạch Mai - ĐHBK,21.0052,105.8418,2025-10-08,-0.17121746612575334,-1.1136003536901053,-0.06605196127502985,0.3414308593957599,86,87,130,156,-0.9428910132148368,-0.1389064519945684,1.0819571034149746,0,0,0,0,0,1,1,1,validation
4946813,Số 1 đường Giải Phóng - phường Bạch Mai - ĐHBK,21.0052,105.8418,2025-10-09,-0.7598421593929664,-0.8342172930062468,0.04640421032521304,-0.726928125077062,116,156,149,156,-0.9533588779276164,0.6457396849296798,1.0706494347028095,45954,0,0,0,0,0,0,0,validation
4946813,Số 1 đường Giải Phóng - phường Bạch Mai - ĐHBK,21.0052,105.8418,2025-10-10,-0.7171107365391723,-0.7349958916971381,0.15266072931797284,-1.1182887438330409,128,156,155,156,-0.7988957431097343,-0.9313403837303385,0.891567460172171,0,0,0,0,0,1,1,1,validation
4946813,Số 1 đường Giải Phóng - phường Bạch Mai - ĐHBK,21.0052,105.8418,2025-10-11,-0.10559505689973658,-0.6739976576834246,0.64527717268009,-1.7144395985008705,32,92,81,156,-0.6444326082918524,-2.508420452390357,0.7124854856415326,45954,0,0,0,0,0,0,0,validation
4946813,Số 1 đường Giải Phóng - phường Bạch Mai - ĐHBK,21.0052,105.8418,2025-10-12,-1.1805618970693494,-0.6924086168981242,0.5034831898356036,-1.0944319833731497,30,150,134,156,-0.5678977301521256,-2.958124205928472,0.5680516688769721,0,0,0,0,0,1,1,1,validation
4946813,Số 1 đường Giải Phóng - phường Bạch Mai - ĐHBK,21.0052,105.8418,2025-10-13,-0.8304467316905507,-1.0115235464590617,0.36693795130504064,1.3497532549845497,0,1,0,156,-0.49136285201239893,-3.407827959466588,0.4236178521124116,0,1,0,1,0,1,1,1,validation
4946813,Số 1 đường Giải Phóng - phường Bạch Mai - ĐHBK,21.0052,105.8418,2025-10-14,-0.4803315663117519,-1.1116966815614946,0.23039271277447773,0.32307850497707175,0,0,0,156,-0.4148279738726722,-3.857531713004704,0.2791840353478512,45954,1,1,1,0,0,0,0,validation
4946813,Số 1 đường Giải Phóng - phường Bạch Mai - ĐHBK,21.0052,105.8418,2025-10-15,-0.1302164009329529,-1.2118698166639281,0.09384747424391489,-0.7850113721210005,49,111,66,156,-0.29309415183851983,-2.8277367013451022,0.18938086604701693,0,0,0,0,0,1,1,1,validation
4946813,Số 1 đường Giải Phóng - phường Bạch Mai - ĐHBK,21.0052,105.8418,2025-10-16,-0.7771948340610307,-1.0791107591808846,0.06622769814564311,-1.7797747856723893,59,108,101,156,-0.1713603298043676,-1.7979416896855007,0.09957769674618261,0,0,0,0,0,1,1,1,validation
4946813,Số 1 đường Giải Phóng - phường Bạch Mai - ĐHBK,21.0052,105.8418,2025-10-17,-0.806399424729708,-0.9001700790145871,0.09683483160818028,-1.2087168406974047,73,156,140,156,-0.04962650777021538,-0.7681466780258988,0.009774527445348282,0,0,0,0,0,1,1,1,validation
4946813,Số 1 đường Giải Phóng - phường Bạch Mai - ĐHBK,21.0052,105.8418,2025-10-18,-1.0946323026386293,-1.0814793552106887,1.2133793681021554,0.19089251637125654,58,156,155,153,0.072107314263937,0.26164833363370266,-0.0800286418554859,0,0,0,0,0,1,1,1,validation
4946813,Số 1 đường Giải Phóng - phường Bạch Mai - ĐHBK,21.0052,105.8418,2025-10-19,-1.084320568616494,-0.8270021431427617,0.742360472867584,1.033605789316296,15,78,25,156,0.19384113629808924,1.2914433452933045,-0.16983181115632023,45954,0,0,0,0,0,0,0,validation
4946813,Số 1 đường Giải Phóng - phường Bạch Mai - ĐHBK,21.0052,105.8418,2025-10-20,-1.1336377284145056,-0.7339633638250783,0.1568314990034216,-0.6996046761266865,91,154,141,156,0.016447581917919705,1.0236249491435647,-0.023377200807673672,0,0,0,0,0,1,1,1,validation
4946813,Số 1 đường Giải Phóng - phường Bạch Mai - ĐHBK,21.0052,105.8418,2025-10-21,-1.2093105228261118,-1.061623511509413,0.4197769490304568,-1.3013787018680274,32,110,55,156,-0.16094597246224976,0.7558065529938246,0.12307740954097289,0,0,0,0,0,1,1,1,validation
4946813,Số 1 đường Giải Phóng - phường Bạch Mai - ĐHBK,21.0052,105.8418,2025-10-22,-1.1941625158968616,-0.9867382412449907,0.037955295211230033,-2.0168184950240287,0,5,21,156,-0.3383395268424192,0.48798815684408464,0.2695320198896194,0,1,0,0,0,1,1,1,validation
4946813,Số 1 đường Giải Phóng - phường Bạch Mai - ĐHBK,21.0052,105.8418,2025-10-23,-1.1790145089676112,-0.8307299887537325,0.2130281069893203,-0.41739308431818056,0,156,0,156,-0.5157330812225888,0.22016976069434468,0.41598663023826593,0,1,0,1,0,1,1,1,validation
4946813,Số 1 đường Giải Phóng - phường Bạch Mai - ĐHBK,21.0052,105.8418,2025-10-24,-1.163866502038361,-0.8028487362592633,0.38810091876741054,0.3961681818398491,0,90,0,156,-0.6931266356027581,-0.047648635455395286,0.5624412405869124,45954,1,0,1,0,0,0,0,validation
4946813,Số 1 đường Giải Phóng - phường Bạch Mai - ĐHBK,21.0052,105.8418,2025-10-25,-1.1487184951091107,-0.7164084809416967,0.5631737305455007,-0.27892304907186327,0,56,11,156,-0.7145973168758855,-0.0036245257079665152,0.5997974924418419,0,1,0,0,0,1,1,1,validation
4946813,Số 1 đường Giải Phóng - phường Bạch Mai - ĐHBK,21.0052,105.8418,2025-10-26,-1.1335704881798603,-0.6613043283783062,0.614732227378049,-0.9888635966378961,96,145,115,156,-0.7360679981490129,0.04039958403946245,0.6371537442967714,0,0,0,0,0,1,1,1,validation
4946813,Số 1 đường Giải Phóng - phường Bạch Mai - ĐHBK,21.0052,105.8418,2025-10-27,-0.9616332752725583,-0.9365327325373533,0.15807309934912298,-1.5151890407343416,5,156,63,156,-0.7575386794221404,0.08442369378689131,0.6745099961517009,0,0,0,0,0,1,1,1,validation
4946813,Số 1 đường Giải Phóng - phường Bạch Mai - ĐHBK,21.0052,105.8418,2025-10-28,-0.9153965983705973,-0.6483742758315192,1.4003566078078225,-0.5316480800801361,0,156,13,156,-0.7790093606952679,0.12844780353432017,0.7118662480066305,0,1,0,0,0,1,1,1,validation
4946813,Số 1 đường Giải Phóng - phường Bạch Mai - ĐHBK,21.0052,105.8418,2025-10-29,-0.8691599214686364,-0.6377702745844649,0.51407985237695,0.9291560764279095,0,25,0,156,-0.8004800419683952,0.17247191328174905,0.7492224998615601,45954,1,0,1,0,0,0,0,validation
4946813,Số 1 đường Giải Phóng - phường Bạch Mai - ĐHBK,21.0052,105.8418,2025-10-30,-0.8229232445666754,-0.8024592883455554,-0.3721969030539225,0.2218259146572483,0,137,0,156,-0.918746190904192,-0.49934144429740357,0.8233635798050536,0,1,0,1,0,1,1,1,validation
4946813,Số 1 đường Giải Phóng - phường Bạch Mai - ĐHBK,21.0052,105.8418,2025-10-31,-0.7766865676647146,-0.9098503687184134,-1.258473658484795,-0.25235897965076654,0,96,0,156,-1.0370123398399889,-1.1711548018765565,0.8975046597485471,45954,1,0,1,0,0,0,0,validation
4946813,Số 1 đường Giải Phóng - phường Bạch Mai - ĐHBK,21.0052,105.8418,2025-11-01,-0.7304498907627537,-0.8586507860293642,-2.1447504139156677,-0.5711721272623802,0,140,0,156,-0.99481575729892,-1.2621547270837166,0.8369201398711789,0,1,0,1,0,1,1,1,validation
4946813,Số 1 đường Giải Phóng - phường Bạch Mai - ĐHBK,21.0052,105.8418,2025-11-02,-0.6842132138607927,-0.5544117849706084,-3.0310271693465403,-0.34253480603682357,0,152,0,156,-0.9526191747578511,-1.3531546522908762,0.7763356199938104,0,1,0,1,0,1,1,1,validation
4946813,Số 1 đường Giải Phóng - phường Bạch Mai - ĐHBK,21.0052,105.8418,2025-11-03,-0.6379765369588318,-0.574004996780498,-3.9173039247774124,-0.17062731626710106,0,121,0,152,-0.910422592216782,-1.4441545774980362,0.715751100116442,45954,1,0,1,0,0,0,0,validation
4946813,Số 1 đường Giải Phóng - phường Bạch Mai - ĐHBK,21.0052,105.8418,2025-11-04,-0.20193699196782527,-0.8150953458986563,-4.803580680208285,0.2790718854871283,0,117,0,156,-0.9324495562951666,-1.195700960028498,0.765060341848205,0,1,0,1,0,1,1,1,validation
4946813,Số 1 đường Giải Phóng - phường Bạch Mai - ĐHBK,21.0052,105.8418,2025-11-05,-0.54550318315491,-0.6924912518546092,-5.689857435639157,-0.5359922804403561,0,124,3,156,-0.954476520373551,-0.9472473425589599,0.8143695835799681,0,1,0,0,0,1,1,1,validation
4946813,Số 1 đường Giải Phóng - phường Bạch Mai - ĐHBK,21.0052,105.8418,2025-11-06,-0.49926650625294905,-0.951293844812878,-3.898641608211971,-1.0397529544313646,0,126,0,156,-0.9765034844519355,-0.6987937250894218,0.8636788253117311,0,1,0,1,0,1,1,1,validation
4946813,Số 1 đường Giải Phóng - phường Bạch Mai - ĐHBK,21.0052,105.8418,2025-11-07,-0.4530298293509881,-1.1615219467441364,-2.1074257807847854,-0.6734737785283077,0,156,0,156,-0.9985304485303199,-0.4503401076198838,0.9129880670434941,0,1,0,1,0,1,1,1,validation
4946813,Số 1 đường Giải Phóng - phường Bạch Mai - ĐHBK,21.0052,105.8418,2025-11-08,-0.4067931524490272,-0.5946252820098717,-0.3162099533576002,-0.30461611644380554,0,145,40,156,-1.0205574126087045,-0.2018864901503457,0.9622973087752571,45954,1,0,0,0,0,0,0,validation
4946813,Số 1 đường Giải Phóng - phường Bạch Mai - ĐHBK,21.0052,105.8418,2025-11-09,-0.36055647554706627,-0.867467908613518,-0.2931185622989988,0.48641462335535396,0,33,0,156,-0.395117741524426,0.14908522717963887,0.2920132711957181,0,1,0,1,0,1,1,1,validation
4946813,Số 1 đường Giải Phóng - phường Bạch Mai - ĐHBK,21.0052,105.8418,2025-11-10,-0.31431979864510534,-0.7721374410473192,-0.2700271712403973,0.2087616005974263,0,2,0,156,0.23032192955985248,0.5000569445096236,-0.3782707663838208,0,1,0,1,0,1,1,1,validation
4946813,Số 1 đường Giải Phóng - phường Bạch Mai - ĐHBK,21.0052,105.8418,2025-11-11,-0.26808312174314447,-0.4480815956231858,-0.24693578018179588,-0.8011885748811811,0,2,0,156,0.8557616006441312,0.8510286618396082,-1.0485548039633596,0,1,0,1,0,1,1,1,validation
4946813,Số 1 đường Giải Phóng - phường Bạch Mai - ĐHBK,21.0052,105.8418,2025-11-12,-0.22184644484118352,-0.07055384256810779,-0.22384438912319443,-0.5487967391850471,131,101,139,156,1.4812012717284098,1.2020003791695928,-1.7188388415428986,0,0,0,0,0,1,1,1,validation
4946813,Số 1 đường Giải Phóng - phường Bạch Mai - ĐHBK,21.0052,105.8418,2025-11-13,-0.3462597823216264,-0.0900202383556826,-0.33344826027579155,-0.11067545210070327,156,108,156,156,2.1066409428126884,1.5529720964995777,-2.3891228791224375,45954,0,0,0,0,0,0,0,validation
4946813,Số 1 đường Giải Phóng - phường Bạch Mai - ĐHBK,21.0052,105.8418,2025-11-14,0.026432539378261517,-0.3645412000160202,0.9651949314803042,0.540400998428819,156,78,156,156,1.5398757111554258,0.8445332030723787,-1.7907977311275514,0,0,0,0,0,1,1,1,validation
4946813,Số 1 đường Giải Phóng - phường Bạch Mai - ĐHBK,21.0052,105.8418,2025-11-15,-0.0720150299811617,-0.48506523857138123,-0.07397805629102,-0.16574524944674088,156,141,156,156,0.9731104794981636,0.1360943096451798,-1.1924725831326652,0,0,0,0,0,1,1,1,validation
4946813,Số 1 đường Giải Phóng - phường Bạch Mai - ĐHBK,21.0052,105.8418,2025-11-16,0.6770904088934746,-0.5484427047974131,1.5964373197609405,-1.0095010417893928,92,152,124,156,0.4063452478409011,-0.5723445837820195,-0.5941474351377795,0,0,0,0,0,1,1,1,validation
4946813,Số 1 đường Giải Phóng - phường Bạch Mai - ĐHBK,21.0052,105.8418,2025-11-17,0.46755125152305693,-1.2129995701530925,1.0663240145455173,-1.3027203221390236,0,15,0,156,-0.1604199838163612,-1.280783477209218,0.004177712857106792,0,1,0,1,0,1,1,1,validation
4946813,Số 1 đường Giải Phóng - phường Bạch Mai - ĐHBK,21.0052,105.8418,2025-11-18,0.2580120941526393,-1.2397297967933611,0.5362107093300941,-0.5725609288018095,0,2,0,156,-0.7271852154736235,-1.9892223706364167,0.6025028608519929,45954,1,0,1,0,0,0,0,validation
4946813,Số 1 đường Giải Phóng - phường Bạch Mai - ĐHBK,21.0052,105.8418,2025-11-19,0.04847293678222171,-0.6839841467185608,0.006097404114670973,-0.08302869201531028,0,0,0,156,0.5013073037079591,-0.2814368813151576,-0.7256203550289893,0,1,1,1,0,1,1,1,validation
4946813,Số 1 đường Giải Phóng - phường Bạch Mai - ĐHBK,21.0052,105.8418,2025-11-20,-0.16106622058819592,-0.1282384966437607,-0.5240159011007525,0.07198712725465156,156,118,156,156,1.7297998228895415,1.4263486080061016,-2.0537435709099716,45954,0,0,0,0,0,0,0,validation
4946813,Số 1 đường Giải Phóng - phường Bạch Mai - ĐHBK,21.0052,105.8418,2025-11-21,0.07037492079750648,-0.3961612070266178,0.5552032735563818,-0.42812365756116494,156,114,156,156,1.64249630128523,1.3821677788359605,-1.8721751354218419,0,0,0,0,0,1,1,1,validation
4946813,Số 1 đường Giải Phóng - phường Bạch Mai - ĐHBK,21.0052,105.8418,2025-11-22,-0.1841231507847884,-0.5368195390871011,0.6178102854999564,-1.3256491046888925,33,156,94,156,1.555192779680919,1.3379869496658194,-1.6906066999337124,0,0,0,0,0,1,1,1,validation
4946813,Số 1 đường Giải Phóng - phường Bạch Mai - ĐHBK,21.0052,105.8418,2025-11-23,0.25841921474316126,-0.14911268664040697,0.7001384794606618,0.040748797625237455,156,89,156,156,1.4678892580766083,1.2938061204956781,-1.5090382644455826,45954,0,0,0,0,0,0,0,validation
4946813,Số 1 đường Giải Phóng - phường Bạch Mai - ĐHBK,21.0052,105.8418,2025-11-24,-0.03628052444985904,-0.07232981232585836,1.052465712060783,0.6864902112958771,156,117,156,156,1.4191983719170125,1.280421715691454,-1.4989668556750986,0,0,0,0,0,1,1,1,validation
4946813,Số 1 đường Giải Phóng - phường Bạch Mai - ĐHBK,21.0052,105.8418,2025-11-25,-0.26061919403151346,-0.28232541821619783,0.9798461271980813,0.8077033691355096,156,29,156,156,1.3705074857574173,1.2670373108872295,-1.4888954469046145,0,0,0,0,0,1,1,1,validation
4946813,Số 1 đường Giải Phóng - phường Bạch Mai - ĐHBK,21.0052,105.8418,2025-11-26,0.09256216833656457,-0.20456128788378225,-0.03399704603938732,0.36053967250966423,156,119,156,156,1.3218165995978217,1.253652906083005,-1.4788240381341298,0,0,0,0,0,1,1,1,validation
4946813,Số 1 đường Giải Phóng - phường Bạch Mai - ĐHBK,21.0052,105.8418,2025-11-27,-0.3177104667698219,-0.47669919921500603,0.20433399749384507,0.301927388229701,156,122,156,156,1.2731257134382266,1.2402685012787804,-1.4687526293636457,0,0,0,0,0,1,1,1,validation
4946813,Số 1 đường Giải Phóng - phường Bạch Mai - ĐHBK,21.0052,105.8418,2025-11-28,0.8046207752890104,-0.40172638498678837,1.4241114618263846,0.04611484571656823,156,64,156,156,1.224434827278631,1.2268840964745562,-1.4586812205931614,45954,0,0,0,0,0,0,0,validation
4946813,Số 1 đường Giải Phóng - phường Bạch Mai - ĐHBK,21.0052,105.8418,2025-11-29,2.8953891388213813,-0.001429837833860715,1.672788380307388,0.6170245131039539,156,156,156,156,0.7686997936483682,0.7601988491778382,-0.9489488575775817,0,0,0,0,0,1,1,1,validation
4946813,Số 1 đường Giải Phóng - phường Bạch Mai - ĐHBK,21.0052,105.8418,2025-11-30,1.7390276140061904,0.012784465571227793,5.800725539966293,1.007601564465192,156,108,156,156,0.31296476001810525,0.29351360188112013,-0.439216494562002,0,0,0,0,0,1,1,1,validation
4946813,Số 1 đường Giải Phóng - phường Bạch Mai - ĐHBK,21.0052,105.8418,2025-12-01,0.12405546435052595,-0.07687473493226389,6.936585547012475,0.2135302233426104,141,142,153,156,-0.14277027361215766,-0.1731716454155978,0.07051586845357764,0,0,0,0,0,1,1,1,validation
4946813,Số 1 đường Giải Phóng - phường Bạch Mai - ĐHBK,21.0052,105.8418,2025-12-02,0.7413875511551435,-0.2511714941779601,2.010596514702264,-0.2782127619510052,100,150,143,156,-0.5985053072424206,-0.6398568927123159,0.5802482314691573,0,0,0,0,0,1,1,1,validation
4946813,Số 1 đường Giải Phóng - phường Bạch Mai - ĐHBK,21.0052,105.8418,2025-12-03,-0.6364865234903302,-0.09270001090476236,-0.2730195433100131,-0.8001816430004388,9,71,27,156,-1.0542403408726833,-1.106542140009034,1.089980594484737,45954,0,0,0,0,0,0,0,validation
4946813,Số 1 đường Giải Phóng - phường Bạch Mai - ĐHBK,21.0052,105.8418,2025-12-04,-0.5216738228335571,-0.32506541768725106,0.3142029881238601,-0.0225755418025893,0,54,12,156,-0.61694119390784,-0.6783537162781068,0.6529168349865323,0,1,0,0,0,1,1,1,validation
4946813,Số 1 đường Giải Phóng - phường Bạch Mai - ĐHBK,21.0052,105.8418,2025-12-05,-0.40686112217678416,-0.2691667331990651,-0.027527915279188627,0.8394123468483276,0,0,0,155,-0.17964204694299654,-0.2501652925471795,0.21585307548832772,0,1,1,1,0,1,1,1,validation
4946813,Số 1 đường Giải Phóng - phường Bạch Mai - ĐHBK,21.0052,105.8418,2025-12-06,-0.2920484215200112,-0.21326804871087965,-0.36925881868223737,1.0630382409656423,0,0,0,156,0.25765710002184683,0.17802313118374788,-0.22121068400987684,0,1,1,1,0,1,1,1,validation
4946813,Số 1 đường Giải Phóng - phường Bạch Mai - ĐHBK,21.0052,105.8418,2025-12-07,-0.1772357208632382,-0.15736936422269368,-0.7109897220852861,0.10185778239996317,3,71,16,156,0.6949562469866903,0.6062115549146752,-0.6582744435080814,0,0,0,0,0,1,1,1,validation
4946813,Số 1 đường Giải Phóng - phường Bạch Mai - ĐHBK,21.0052,105.8418,2025-12-08,-0.001760149193188628,0.32810582336767774,0.1980415510343129,-0.5745100526962285,95,142,143,156,1.1322553939515334,1.0343999786456024,-1.0953382030062864,45954,0,0,0,0,0,0,0,validation
4946813,Số 1 đường Giải Phóng - phường Bạch Mai - ĐHBK,21.0052,105.8418,2025-12-09,2.9798235895430873,0.09472152484456724,0.21244269174025227,-0.4217886465655558,68,136,147,156,0.19884201545117913,1.0026992827648842,-0.1668468212345163,0,0,0,0,0,1,1,1,validation
4946813,Số 1 đường Giải Phóng - phường Bạch Mai - ĐHBK,21.0052,105.8418,2025-12-10,1.5816456282689955,-0.2951349273611239,0.29652178242912136,0.5742647864771754,39,122,91,156,-0.734571363049175,0.9709985868841657,0.7616445605372537,45954,0,0,0,0,0,0,0,validation
4946813,Số 1 đường Giải Phóng - phường Bạch Mai - ĐHBK,21.0052,105.8418,2025-12-11,1.0522365551163537,-0.6714706098063771,-0.11506720886329541,1.3710812189026622,0,7,0,156,-0.7835123685764752,0.17942665054797596,0.7991147314263634,0,1,0,1,0,1,1,1,validation
4946813,Số 1 đường Giải Phóng - phường Bạch Mai - ĐHBK,21.0052,105.8418,2025-12-12,0.522827481963712,-0.4975481623684994,-0.5266562001557122,0.6407618273146469,0,0,0,156,-0.8324533741037752,-0.6121452857882139,0.836584902315473,0,1,1,1,0,1,1,1,validation
4946813,Số 1 đường Giải Phóng - phường Bạch Mai - ĐHBK,21.0052,105.8418,2025-12-13,-0.006581591188929638,-0.3236257149306223,-0.938245191448129,-0.5057532679932978,0,9,0,156,-0.8813943796310753,-1.4037172221244039,0.8740550732045826,45954,1,0,1,0,0,0,0,validation
4946813,Số 1 đường Giải Phóng - phường Bạch Mai - ĐHBK,21.0052,105.8418,2025-12-14,-0.5359906643415715,0.3685230442105446,-1.3498341827405458,-0.8905153773279362,128,73,142,156,-0.39748887113365466,-0.8530272594222188,0.36337394783812255,0,0,0,0,0,1,1,1,validation
4946813,Số 1 đường Giải Phóng - phường Bạch Mai - ĐHBK,21.0052,105.8418,2025-12-15,5.586704142960025,0.01716030014786809,2.635367706263079,0.3413946970438151,24,128,119,156,0.08641663736376606,-0.3023372967200337,-0.14730717752833755,0,0,0,0,0,1,1,1,validation
4946813,Số 1 đường Giải Phóng - phường Bạch Mai - ĐHBK,21.0052,105.8418,2025-12-16,3.9313775338874826,-0.2584814151548996,0.7242435314303632,0.8005334885811285,0,0,0,156,0.5703221458611867,0.24835266598215142,-0.6579883028947977,0,1,1,1,0,1,1,1,validation
4946813,Số 1 đường Giải Phóng - phường Bạch Mai - ĐHBK,21.0052,105.8418,2025-12-17,2.27605092481494,-0.5341231304576672,-1.1868806434023529,0.8067901428372635,0,9,6,156,1.0542276543586073,0.7990426286843365,-1.1686694282612577,0,1,0,0,0,1,1,1,validation
4946813,Số 1 đường Giải Phóng - phường Bạch Mai - ĐHBK,21.0052,105.8418,2025-12-18,0.6207243157423971,0.07002512720743569,0.23432552863464257,-0.2909727866909944,87,127,128,156,1.538133162856028,1.3497325913865217,-1.6793505536277176,45954,0,0,0,0,0,0,0,validation
4946813,Số 1 đường Giải Phóng - phường Bạch Mai - ĐHBK,21.0052,105.8418,2025-12-19,2.172191235486129,-0.2956198281948538,0.16540153451376338,-0.7795256836803163,79,139,134,156,1.0942871760248722,1.2659950325182956,-1.2026680850038827,0,0,0,0,0,1,1,1,validation
4946813,Số 1 đường Giải Phóng - phường Bạch Mai - ĐHBK,21.0052,105.8418,2025-12-20,1.698863118829314,-0.40306463492556294,-0.03317371572604286,-0.3538114875311429,4,155,83,156,0.650441189193717,1.1822574736500695,-0.7259856163800471,0,0,0,0,0,1,1,1,validation
4946813,Số 1 đường Giải Phóng - phường Bạch Mai - ĐHBK,21.0052,105.8418,2025-12-21,1.0450104500902855,-0.5484847040822202,0.11292921591966933,0.6667243355632183,0,156,76,156,0.2065952023625612,1.098519914781843,-0.24930314775621207,0,1,0,0,0,1,1,1,validation
4946813,Số 1 đường Giải Phóng - phường Bạch Mai - ĐHBK,21.0052,105.8418,2025-12-22,0.3911577813512575,-0.25322427740378484,-1.3991116718014194,0.9922715342274505,17,116,54,156,-0.2372507844685942,1.0147823559136169,0.227379320867623,0,0,0,0,0,1,1,1,validation
4946813,Số 1 đường Giải Phóng - phường Bạch Mai - ĐHBK,21.0052,105.8418,2025-12-23,0.21967869011811395,-0.2045806511904167,-0.6863990722130041,0.08479230267683772,33,119,68,156,-0.6810967712997501,0.9310447970453907,0.7040617894914581,45954,0,0,0,0,0,0,0,validation
4946813,Số 1 đường Giải Phóng - phường Bạch Mai - ĐHBK,21.0052,105.8418,2025-12-24,0.5739251124292996,-0.2572218456944963,0.0960355021107042,-0.7732472304837026,42,127,81,156,-0.6694535723181363,0.742626038423546,0.6751942075440466,0,0,0,0,0,1,1,1,validation
4946813,Số 1 đường Giải Phóng - phường Bạch Mai - ĐHBK,21.0052,105.8418,2025-12-25,-1.447779029942447,-0.008604079303047315,-0.7187340783652266,-0.316480891546053,4,19,12,156,-0.6578103733365225,0.5542072798017013,0.6463266255966348,0,0,0,0,0,1,1,1,validation
4946813,Số 1 đường Giải Phóng - phường Bạch Mai - ĐHBK,21.0052,105.8418,2025-12-26,0.38915275367515634,-0.27125642488729823,-1.0081568005367074,0.5003096562167885,156,31,156,156,-0.6461671743549089,0.36578852117985655,0.6174590436492231,0,0,0,0,0,1,1,1,validation
4946813,Số 1 đường Giải Phóng - phường Bạch Mai - ĐHBK,21.0052,105.8418,2025-12-27,0.84321425947539,-0.08704592536765235,0.002062237876337588,0.9736042355102316,0,0,0,156,-0.6345239753732952,0.17736976255801182,0.5885914617018114,0,1,1,1,0,1,1,1,validation
4946813,Số 1 đường Giải Phóng - phường Bạch Mai - ĐHBK,21.0052,105.8418,2025-12-28,1.2972757652756237,0.09716457415199356,1.0122812762893827,0.546427300593375,3,25,21,156,-0.6228807763916815,-0.011048996063832722,0.5597238797543997,45954,0,0,0,0,0,0,0,validation
4946813,Số 1 đường Giải Phóng - phường Bạch Mai - ĐHBK,21.0052,105.8418,2025-12-29,1.2686259518531917,0.003516396120599955,0.8589167140755241,-0.2547499352209702,0,0,0,156,-0.692578819423559,-0.05994567196816814,0.6450717530699722,0,1,1,1,0,1,1,1,validation
4946813,Số 1 đường Giải Phóng - phường Bạch Mai - ĐHBK,21.0052,105.8418,2025-12-30,1.2399761384307595,-0.09013178191079416,0.7055521518616652,-0.5676016399813426,0,14,0,156,-0.7622768624554368,-0.10884234787250376,0.7304196263855448,45954,1,0,1,0,0,0,0,validation
4946813,Số 1 đường Giải Phóng - phường Bạch Mai - ĐHBK,21.0052,105.8418,2025-12-31,1.2113263250083277,-0.46632646675704437,0.5521875896478069,-0.029483417009353734,0,18,0,156,-0.7270806440062144,-0.31225895354529065,0.6393493689407845,0,1,0,1,0,1,1,1,validation
4946813,Số 1 đường Giải Phóng - phường Bạch Mai - ĐHBK,21.0052,105.8418,2026-01-01,1.182676511585896,-0.21353277147575492,0.3988230274339481,1.4409491523387608,0,109,15,156,-0.691884425556992,-0.5156755592180777,0.5482791114960243,0,1,0,0,0,1,1,1,validation
4946813,Số 1 đường Giải Phóng - phường Bạch Mai - ĐHBK,21.0052,105.8418,2026-01-02,1.1540266981634641,-0.013149456447167087,0.3243833341880205,0.7318398610824615,0,0,0,156,-0.6566882071077697,-0.7190921648908647,0.4572088540512641,45954,1,1,1,0,0,0,0,validation
4946813,Số 1 đường Giải Phóng - phường Bạch Mai - ĐHBK,21.0052,105.8418,2026-01-03,1.1253768847410317,0.18723385858142125,0.24994364094209284,0.3020812046705193,0,0,0,156,-0.14417512096177146,-0.28213267049679447,-0.06959351324793678,0,1,1,1,0,1,1,1,validation
4946813,Số 1 đường Giải Phóng - phường Bạch Mai - ĐHBK,21.0052,105.8418,2026-01-04,1.0967270713186,0.3876171736100091,0.17550394769616517,-0.6957466220007038,16,60,42,156,0.36833796518422673,0.15482682389727562,-0.5963958805471378,0,0,0,0,0,1,1,1,validation
4946813,Số 1 đường Giải Phóng - phường Bạch Mai - ĐHBK,21.0052,105.8418,2026-01-05,0.7589931590580591,0.4281876645701725,0.46575891521272444,0.040613076824585814,0,0,0,156,0.8808510513302251,0.5917863182913459,-1.1231982478463385,0,1,1,1,0,1,1,1,validation
4946813,Số 1 đường Giải Phóng - phường Bạch Mai - ĐHBK,21.0052,105.8418,2026-01-06,0.4212592467975177,0.46875815553033595,0.7560138827292835,0.41461906634969237,0,0,0,156,1.3933641374762231,1.0287458126854159,-1.6500006151455395,0,1,1,1,0,1,1,1,validation
4946813,Số 1 đường Giải Phóng - phường Bạch Mai - ĐHBK,21.0052,105.8418,2026-01-07,0.08352533453697679,0.5093286464904994,1.0462688502458428,0.24559102624974682,156,129,156,156,1.9058772236222221,1.4657053070794863,-2.17680298244474,45954,0,0,0,0,0,0,0,validation
4946813,Số 1 đường Giải Phóng - phường Bạch Mai - ĐHBK,21.0052,105.8418,2026-01-08,0.42618410765654163,0.4167281324370498,0.27145762808873886,-0.09078439669888477,156,79,156,156,1.3553654660360548,1.3683218393436132,-1.5509630998742698,0,0,0,0,0,1,1,1,validation
4946813,Số 1 đường Giải Phóng - phường Bạch Mai - ĐHBK,21.0052,105.8418,2026-01-09,5.594156898324538,0.8098468927266175,1.9127810966051546,-0.36507729941678513,156,100,156,156,0.8048537084498881,1.2709383716077403,-0.9251232173037996,0,0,0,0,0,1,1,1,validation
4946813,Số 1 đường Giải Phóng - phường Bạch Mai - ĐHBK,21.0052,105.8418,2026-01-10,6.277002033824154,0.5481687123718927,2.5611091819655867,-0.18386070649266342,156,100,156,156,0.2543419508637212,1.173554903871867,-0.2992833347333292,0,0,0,0,0,1,1,1,test
4946813,Số 1 đường Giải Phóng - phường Bạch Mai - ĐHBK,21.0052,105.8418,2026-01-11,0.47409645402393624,0.6058007309802167,0.4843370971351325,1.1796415499868378,156,104,156,156,-0.2961698067224457,1.076171436135994,0.3265565478371411,0,0,0,0,0,1,1,1,test
4946813,Số 1 đường Giải Phóng - phường Bạch Mai - ĐHBK,21.0052,105.8418,2026-01-12,3.1673456932890725,0.2313503800667961,0.2552853574087003,0.8998356056371867,44,136,141,156,-0.8466815643086132,0.9787879684001207,0.9523964304076118,45954,0,0,0,0,0,0,0,test
4946813,Số 1 đường Giải Phóng - phường Bạch Mai - ĐHBK,21.0052,105.8418,2026-01-13,0.7798545475803886,0.921788350158456,-0.20026759602635644,0.21143598718619655,154,112,155,156,-0.8087905075312355,0.7366865742625376,0.882535132448668,0,0,0,0,0,1,1,1,test
4946813,Số 1 đường Giải Phóng - phường Bạch Mai - ĐHBK,21.0052,105.8418,2026-01-14,4.089583825695341,0.32737438127764484,1.0817142412000498,-0.5041970625356169,136,120,147,156,-0.770899450753858,0.49458518012495445,0.8126738344897242,0,0,0,0,0,1,1,1,test
4946813,Số 1 đường Giải Phóng - phường Bạch Mai - ĐHBK,21.0052,105.8418,2026-01-15,3.4870923564529086,0.11166250909086788,0.3219554532064373,0.02821183875562613,0,0,0,156,-0.7330083939764805,0.2524837859873712,0.7428125365307805,0,1,1,1,0,1,1,1,test
4946813,Số 1 đường Giải Phóng - phường Bạch Mai - ĐHBK,21.0052,105.8418,2026-01-16,2.884600887210477,-0.1040493630959096,-0.43780333478717526,0.618604458503663,0,6,0,156,-0.695117337199103,0.010382391849787951,0.6729512385718367,0,1,0,1,0,1,1,1,test
4946813,Số 1 đường Giải Phóng - phường Bạch Mai - ĐHBK,21.0052,105.8418,2026-01-17,2.282109417968045,-0.07697236963331597,-1.1975621227807878,1.3283465759882154,0,70,4,156,-0.6572262804217254,-0.2317190022877953,0.603089940612893,45954,1,0,0,0,0,0,0,test
4946813,Số 1 đường Giải Phóng - phường Bạch Mai - ĐHBK,21.0052,105.8418,2026-01-18,1.6796179487256127,-0.40193174512616364,-0.36094333446060783,0.5842716647578292,10,133,70,156,-0.656474569448832,-0.2969144192904532,0.5702323002847184,0,0,0,0,0,1,1,1,test
4946813,Số 1 đường Giải Phóng - phường Bạch Mai - ĐHBK,21.0052,105.8418,2026-01-19,1.1973438360202777,-0.5161501637845723,0.19965090806734598,0.05536270280669106,8,50,24,156,-0.6557228584759386,-0.3621098362931113,0.5373746599565438,0,0,0,0,0,1,1,1,test
4946813,Số 1 đường Giải Phóng - phường Bạch Mai - ĐHBK,21.0052,105.8418,2026-01-20,1.2813097364887467,-0.49009560745677394,-0.19165537049171769,-0.7532469116254298,0,83,10,156,-0.6549711475030452,-0.4273052532957692,0.5045170196283691,0,1,0,0,0,1,1,1,test
4946813,Số 1 đường Giải Phóng - phường Bạch Mai - ĐHBK,21.0052,105.8418,2026-01-21,1.3652756369572157,-0.4759923021615539,-0.16372276050335716,-0.2538516397038739,0,30,0,156,-0.6542194365301518,-0.4925006702984271,0.4716593793001945,0,1,0,1,0,1,1,1,test
4946813,Số 1 đường Giải Phóng - phường Bạch Mai - ĐHBK,21.0052,105.8418,2026-01-22,1.449241537425685,-0.4054360945429613,-0.1357901505149966,0.422389731675979,0,0,0,152,-0.6534677255572585,-0.5576960873010852,0.43880173897201996,45954,1,1,1,0,0,0,0,test
4946813,Số 1 đường Giải Phóng - phường Bạch Mai - ĐHBK,21.0052,105.8418,2026-01-23,1.533207437894154,-0.3348798869243692,-0.10785754052663608,0.7576051635736064,0,0,0,156,-0.5972960830349219,-0.2689219715748857,0.4034174496931056,0,1,1,1,0,1,1,1,test
4946813,Số 1 đường Giải Phóng - phường Bạch Mai - ĐHBK,21.0052,105.8418,2026-01-24,1.617173338362623,-0.26432367930577655,-0.07992493053827555,0.4622798517504537,0,0,0,156,-0.5411244405125853,0.019852144151313714,0.3680331604141913,0,1,1,1,0,1,1,1,test
4946813,Số 1 đường Giải Phóng - phường Bạch Mai - ĐHBK,21.0052,105.8418,2026-01-25,1.701139238831092,-0.19376747168718397,-0.05199232054991501,-0.06232782090548906,0,4,1,156,-0.4849527979902489,0.30862625987751313,0.33264887113527697,0,1,0,0,0,1,1,1,test
4946813,Số 1 đường Giải Phóng - phường Bạch Mai - ĐHBK,21.0052,105.8418,2026-01-26,1.785105139299561,-0.22312483540921035,-0.9278796646699535,0.1490572663863204,0,0,0,156,-0.4287811554679124,0.5974003756037126,0.29726458185636273,0,1,1,1,0,1,1,1,test
4946813,Số 1 đường Giải Phóng - phường Bạch Mai - ĐHBK,21.0052,105.8418,2026-01-27,1.8690710397680304,-0.25248219913123726,-1.803767008789992,0.7232362970605146,0,11,5,156,-0.37260951294557587,0.8861744913299121,0.26188029257744844,45954,1,0,0,0,0,0,0,test
4946813,Số 1 đường Giải Phóng - phường Bạch Mai - ĐHBK,21.0052,105.8418,2026-01-28,1.953036940236499,0.050652548004124616,0.5133103611034685,0.940350937241528,0,75,64,156,-0.41172142678266443,0.7666278810911259,0.295217415657625,0,1,0,0,0,1,1,1,test
4946813,Số 1 đường Giải Phóng - phường Bạch Mai - ĐHBK,21.0052,105.8418,2026-01-29,2.037002840704968,0.008551537651991943,-0.16948085217046796,0.693254303080169,6,33,24,156,-0.45083334061975294,0.6470812708523397,0.3285545387378016,0,0,0,0,0,1,1,1,test
4946813,Số 1 đường Giải Phóng - phường Bạch Mai - ĐHBK,21.0052,105.8418,2026-01-30,2.213846856874695,0.023945639148604515,0.1600413891261214,0.26048450284283975,0,0,0,156,-0.4899452544568416,0.5275346606135535,0.3618916618179781,0,1,1,1,0,1,1,1,test
4946813,Số 1 đường Giải Phóng - phường Bạch Mai - ĐHBK,21.0052,105.8418,2026-01-31,2.390690873044421,0.03933974064521658,0.4895636304227108,-0.04566333717170372,0,4,0,156,-0.5290571682939301,0.4079880503747672,0.39522878489815466,0,1,0,1,0,1,1,1,test
4946813,Số 1 đường Giải Phóng - phường Bạch Mai - ĐHBK,21.0052,105.8418,2026-02-01,2.567534889214148,0.4573605314339202,0.8190858717193,-0.14398491996809248,2,87,95,156,-0.5681690821310187,0.28844144013598094,0.4285659079783312,45954,0,0,0,0,0,0,0,test
4946813,Số 1 đường Giải Phóng - phường Bạch Mai - ĐHBK,21.0052,105.8418,2026-02-02,2.38075801025738,0.37010710814526965,-18.209389993351007,0.6125385001843732,0,0,1,156,-0.6187205666055218,0.07637680325668458,0.4989107747587137,0,1,1,0,0,1,1,1,test
4946813,Số 1 đường Giải Phóng - phường Bạch Mai - ĐHBK,21.0052,105.8418,2026-02-03,2.193981131300613,0.28285368485661866,-13.748082806556708,0.42126218894510864,0,0,0,156,-0.6692720510800249,-0.1356878336226118,0.5692556415390962,0,1,1,1,0,1,1,1,test
4946813,Số 1 đường Giải Phóng - phường Bạch Mai - ĐHBK,21.0052,105.8418,2026-02-04,2.0072042523438456,0.19560026156796814,-9.28677561976241,0.20624415891471207,0,1,0,156,-0.7198235355545278,-0.34775247050190805,0.6396005083194788,0,1,0,1,0,1,1,1,test
4946813,Số 1 đường Giải Phóng - phường Bạch Mai - ĐHBK,21.0052,105.8418,2026-02-05,1.8204273733870775,0.19469523152480242,-4.825468432968114,-0.0675698688593709,0,0,0,156,-0.770375020029031,-0.5598171073812045,0.7099453750998612,0,1,1,1,0,1,1,1,test
4946813,Số 1 đường Giải Phóng - phường Bạch Mai - ĐHBK,21.0052,105.8418,2026-02-06,1.6336504944303103,0.1937902014816372,-0.3641612461738179,-0.13026162095144306,0,63,25,156,-0.8209265045035339,-0.771881744260501,0.7802902418802437,45954,1,0,0,0,0,0,0,test
4946813,Số 1 đường Giải Phóng - phường Bạch Mai - ĐHBK,21.0052,105.8418,2026-02-07,1.4468736154735429,0.35466600744898424,-0.15685931265682557,0.5104282466020049,0,4,0,154,-0.8153889097103256,-0.7258956037602254,0.7523175981801138,0,1,0,1,0,1,1,1,test
4946813,Số 1 đường Giải Phóng - phường Bạch Mai - ĐHBK,21.0052,105.8418,2026-02-08,1.2600967365167752,0.5037301963696298,0.05044262086016679,0.825228045032897,0,0,0,156,-0.8098513149171173,-0.6799094632599499,0.7243449544799839,0,1,1,1,0,1,1,1,test
4946813,Số 1 đường Giải Phóng - phường Bạch Mai - ĐHBK,21.0052,105.8418,2026-02-09,1.0733198575600074,0.6527943852902749,0.25774455437715915,0.42061803025396294,0,0,0,156,-0.8043137201239089,-0.6339233227596741,0.6963723107798538,0,1,1,1,0,1,1,1,test
4946813,Số 1 đường Giải Phóng - phường Bạch Mai - ĐHBK,21.0052,105.8418,2026-02-10,0.88654297860324,0.8018585742109204,0.46504648789415143,-0.7106348205626603,83,140,134,156,-0.7987761253307006,-0.5879371822593986,0.668399667079724,0,0,0,0,0,1,1,1,test
4946813,Số 1 đường Giải Phóng - phường Bạch Mai - ĐHBK,21.0052,105.8418,2026-02-11,0.7392250037142581,0.14977386010852295,-0.9040205164084502,0.3835112093513558,0,2,0,156,-0.7932385305374923,-0.541951041759123,0.6404270233795941,45954,1,0,1,0,0,0,0,test
4946813,Số 1 đường Giải Phóng - phường Bạch Mai - ĐHBK,21.0052,105.8418,2026-02-12,0.5919070288252758,0.49176258197933814,-2.273087520711052,0.4067724033473533,0,15,2,156,-0.6548178394467091,-0.1612843541068389,0.5211588841495122,0,1,0,0,0,1,1,1,test
4946813,Số 1 đường Giải Phóng - phường Bạch Mai - ĐHBK,21.0052,105.8418,2026-02-13,0.44458905393629383,0.23535149375167433,-1.678241230120062,1.2070322471755117,0,0,0,156,-0.5163971483559261,0.21938233354544526,0.4018907449194302,0,1,1,1,0,1,1,1,test
4946813,Số 1 đường Giải Phóng - phường Bạch Mai - ĐHBK,21.0052,105.8418,2026-02-14,0.2972710790473115,-0.021059594475989513,-1.0833949395290723,0.5887495851940266,0,1,0,156,-0.377976457265143,0.6000490211977294,0.2826226056893482,0,1,0,1,0,1,1,1,test
4946813,Số 1 đường Giải Phóng - phường Bạch Mai - ĐHBK,21.0052,105.8418,2026-02-15,0.14995310415832955,0.06831624721633789,-0.4885486489380826,-0.02072072072191248,32,137,103,156,-0.23955576617435992,0.9807157088500136,0.16335446645926632,0,0,0,0,0,1,1,1,test
4946813,Số 1 đường Giải Phóng - phường Bạch Mai - ĐHBK,21.0052,105.8418,2026-02-16,0.923760321611022,-0.05164516455612635,0.11699293545449597,-0.26696994346833364,14,131,106,156,-0.1011350750835769,1.3613823965022978,0.04408632722918435,45954,0,0,0,0,0,0,0,test
4946813,Số 1 đường Giải Phóng - phường Bạch Mai - ĐHBK,21.0052,105.8418,2026-02-17,0.5134410306625774,0.11956512452051561,0.34454907782892225,0.2055887125530172,0,0,0,156,-0.14060567821673822,1.349742476786594,0.09256654651980452,0,1,1,1,0,1,1,1,test
4946813,Số 1 đường Giải Phóng - phường Bạch Mai - ĐHBK,21.0052,105.8418,2026-02-18,0.10312173971413285,0.2907754135971576,0.5721052202033485,1.0567142787480839,0,0,0,156,-0.18007628134989956,1.3381025570708902,0.1410467658104247,0,1,1,1,0,1,1,1,test
4946813,Số 1 đường Giải Phóng - phường Bạch Mai - ĐHBK,21.0052,105.8418,2026-02-19,-0.3071975512343117,0.4619857026737995,0.7996613625777748,0.577584585942708,0,0,0,156,-0.2195468844830609,1.3264626373551864,0.18952698510104488,0,1,1,1,0,1,1,1,test
4946813,Số 1 đường Giải Phóng - phường Bạch Mai - ĐHBK,21.0052,105.8418,2026-02-20,-0.7175168421827562,0.6331959917504415,1.027217504952201,-0.022130335770264638,148,153,156,156,-0.25901748761622223,1.3148227176394827,0.23800720439166503,0,0,0,0,0,1,1,1,test
4946813,Số 1 đường Giải Phóng - phường Bạch Mai - ĐHBK,21.0052,105.8418,2026-02-21,2.539585280431483,-0.11161414336932587,-0.14173116177225178,-0.19659039188535624,2,38,16,156,-0.29848809074938354,1.303182797923779,0.28648742368228525,45954,0,0,0,0,0,0,0,test
4946813,Số 1 đường Giải Phóng - phường Bạch Mai - ĐHBK,21.0052,105.8418,2026-02-22,0.7841345153824533,0.022612570939776238,1.264324820840109,0.7888202907691138,0,0,0,156,-0.36578289782801277,0.8220141588431635,0.32096864264327674,0,1,1,1,0,1,1,1,test
4946813,Số 1 đường Giải Phóng - phường Bạch Mai - ĐHBK,21.0052,105.8418,2026-02-23,-0.9713162496665767,0.15683928524887786,2.67038080345247,0.3826111967944271,5,30,15,148,-0.43307770490664194,0.3408455197625481,0.3554498616042683,0,0,0,0,0,1,1,1,test
4946813,Số 1 đường Giải Phóng - phường Bạch Mai - ĐHBK,21.0052,105.8418,2026-02-24,-0.9920915791464517,0.2506370516420844,1.376005035830422,0.9311477231870431,0,0,0,156,-0.5003725119852712,-0.1403231193180672,0.38993108056525977,0,1,1,1,0,1,1,1,test
4946813,Số 1 đường Giải Phóng - phường Bạch Mai - ĐHBK,21.0052,105.8418,2026-02-25,-1.0128669086263267,0.34443481803529036,0.0816292682083741,0.08203796175501028,0,26,3,156,-0.5676673190639004,-0.6214917583986826,0.4244122995262512,0,1,0,0,0,1,1,1,test
4946813,Số 1 đường Giải Phóng - phường Bạch Mai - ĐHBK,21.0052,105.8418,2026-02-26,-1.0336422381062016,0.004767238456885559,-0.04358192806327513,0.2604511661412275,0,0,0,156,-0.6349621261425297,-1.102660397479298,0.4588935184872427,45954,1,1,1,0,0,0,0,test
4946813,Số 1 đường Giải Phóng - phường Bạch Mai - ĐHBK,21.0052,105.8418,2026-02-27,-1.0544175675860767,-0.33490034112151873,-0.16879312433492435,-0.13462131946249645,0,59,0,156,-0.7106355226787969,-0.9198077967260799,0.5650159487128185,0,1,0,1,0,1,1,1,test
4946813,Số 1 đường Giải Phóng - phường Bạch Mai - ĐHBK,21.0052,105.8418,2026-02-28,-1.0751928970659517,0.11964100959193665,-0.2940043206065735,-0.2847560872052163,1,139,57,156,-0.7863089192150643,-0.7369551959728617,0.6711383789383941,0,0,0,0,0,1,1,1,test
4946813,Số 1 đường Giải Phóng - phường Bạch Mai - ĐHBK,21.0052,105.8418,2026-03-01,0.6145719611407235,-0.18539297792932427,-0.09163255177546341,1.0470369228074061,116,156,152,156,-0.8619823157513314,-0.5541025952196438,0.7772608091639699,0,0,0,0,0,1,1,1,test
4946813,Số 1 đường Giải Phóng - phường Bạch Mai - ĐHBK,21.0052,105.8418,2026-03-02,-0.7873194372414646,-0.0023175499901073515,0.024934596779998,0.24576906088417697,115,154,147,156,-0.9376557122875988,-0.3712499944664257,0.8833832393895457,0,0,0,0,0,1,1,1,test
4946813,Số 1 đường Giải Phóng - phường Bạch Mai - ĐHBK,21.0052,105.8418,2026-03-03,-0.7863043634350557,0.11297812305146224,-0.5660551906225373,1.025068906162964,0,5,2,156,-1.013329108823866,-0.1883973937132077,0.9895056696151214,45954,1,0,0,0,0,0,0,test
4946813,Số 1 đường Giải Phóng - phường Bạch Mai - ĐHBK,21.0052,105.8418,2026-03-04,-0.7852892896286469,0.7182229984063611,0.21501970957430333,-0.0784956471351077,53,90,87,156,-0.9422551733239348,0.0503613465122884,0.8940167039733453,0,0,0,0,0,1,1,1,test
4946813,Số 1 đường Giải Phóng - phường Bạch Mai - ĐHBK,21.0052,105.8418,2026-03-05,-0.7648100074837618,0.5502174047582934,-0.4535892357439266,1.4355446873475315,0,0,0,156,-0.8711812378240035,0.28912008673778444,0.7985277383315692,0,1,1,1,0,1,1,1,test
4946813,Số 1 đường Giải Phóng - phường Bạch Mai - ĐHBK,21.0052,105.8418,2026-03-06,-0.7443307253388769,0.3822118111102257,-1.1221981810621569,1.4679085291215794,0,8,0,156,-0.8001073023240721,0.5278788269632805,0.7030387726897933,0,1,0,1,0,1,1,1,test
4946813,Số 1 đường Giải Phóng - phường Bạch Mai - ĐHBK,21.0052,105.8418,2026-03-07,-0.723851443193992,0.5155693584018292,-1.7908071263803866,1.1386505834181886,0,8,3,156,-0.7290333668241408,0.7666375671887765,0.6075498070480172,0,1,0,0,0,1,1,1,test
4946813,Số 1 đường Giải Phóng - phường Bạch Mai - ĐHBK,21.0052,105.8418,2026-03-08,-0.7033721610491069,0.9740589146102078,-1.100037970397815,0.9263174363157103,0,0,0,156,-0.6579594313242094,1.0053963074142727,0.5120608414062412,45954,1,1,1,0,0,0,0,test
4946813,Số 1 đường Giải Phóng - phường Bạch Mai - ĐHBK,21.0052,105.8418,2026-03-09,-0.682892878904222,1.4325484708185858,-0.409268814415243,0.14227791534369336,0,0,0,156,-0.31914121966852943,1.0928272654529332,0.1773836889220039,0,1,1,1,0,1,1,1,test
4946813,Số 1 đường Giải Phóng - phường Bạch Mai - ĐHBK,21.0052,105.8418,2026-03-10,-0.662413596759337,1.8910380270269647,0.28150034156732867,0.1828001524343164,151,46,155,156,0.01967699198715063,1.1802582234915937,-0.15729346356223325,0,0,0,0,0,1,1,1,test
4946813,Số 1 đường Giải Phóng - phường Bạch Mai - ĐHBK,21.0052,105.8418,2026-03-11,-0.1973011583941367,2.0017726868270396,1.4245362204518337,2.038639430266259,0,12,19,142,0.35849520364283066,1.2676891815302542,-0.4919706160464704,0,1,0,0,0,1,1,1,test
4946813,Số 1 đường Giải Phóng - phường Bạch Mai - ĐHBK,21.0052,105.8418,2026-03-12,0.2678112799710636,2.608195996660318,-0.2820791187172744,1.5451087900109688,16,81,60,156,0.6973134152985105,1.3551201395689145,-0.8266477685307076,0,0,0,0,0,1,1,1,test
4946813,Số 1 đường Giải Phóng - phường Bạch Mai - ĐHBK,21.0052,105.8418,2026-03-13,0.26347365049460836,2.3246500977727855,-0.08415578598717147,0.48212754816381326,38,89,67,156,1.0361316269541907,1.442551097607575,-1.1613249210149448,45954,0,0,0,0,0,0,0,test
4946813,Số 1 đường Giải Phóng - phường Bạch Mai - ĐHBK,21.0052,105.8418,2026-03-14,0.06760665302399806,2.920324863365833,0.02769070209718297,0.7498236286386427,0,2,0,156,0.6387983107951375,1.0701430496639344,-0.7412682925087712,0,1,0,1,0,1,1,1,test
4946813,Số 1 đường Giải Phóng - phường Bạch Mai - ĐHBK,21.0052,105.8418,2026-03-15,-0.12826034444661225,0.514644555968086,0.1395371901815374,0.13189442303931714,0,32,3,156,0.24146499463608426,0.6977350017202932,-0.32121166400259793,0,1,0,0,0,1,1,1,test
4946813,Số 1 đường Giải Phóng - phường Bạch Mai - ĐHBK,21.0052,105.8418,2026-03-16,-0.3241273419172223,1.275161605439521,0.01289890857675845,-0.27594435823247904,5,136,102,156,-0.15586832152296898,0.32532695377665233,0.09884496450357536,0,0,0,0,0,1,1,1,test
4946813,Số 1 đường Giải Phóng - phường Bạch Mai - ĐHBK,21.0052,105.8418,2026-03-17,-0.47768995545821974,0.7314295916985931,-0.19661075841874356,1.5186120285512954,43,71,72,156,-0.5532016376820222,-0.0470810941669888,0.5189015930097489,0,0,0,0,0,1,1,1,test
4946813,Số 1 đường Giải Phóng - phường Bạch Mai - ĐHBK,21.0052,105.8418,2026-03-18,0.34585714719217836,0.8901252529725362,-0.6058496829058907,0.9771024578105041,38,67,58,156,-0.9505349538410753,-0.41948914211062965,0.9389582215159223,45954,0,0,0,0,0,0,0,test
4946813,Số 1 đường Giải Phóng - phường Bạch Mai - ĐHBK,21.0052,105.8418,2026-03-19,-0.4987016407062912,0.7766737303458779,-0.1641791138070366,1.0751582727024267,21,63,44,156,-0.9688837881520119,-0.38565747645861675,0.9372816241510054,0,0,0,0,0,1,1,1,test
4946813,Số 1 đường Giải Phóng - phường Bạch Mai - ĐHBK,21.0052,105.8418,2026-03-20,-0.47736965512035623,1.4625285966631278,-0.13476002751315927,2.0110768499249883,0,8,0,156,-0.9872326224629484,-0.35182581080660413,0.9356050267860884,0,1,0,1,0,1,1,1,test
4946813,Số 1 đường Giải Phóng - phường Bạch Mai - ĐHBK,21.0052,105.8418,2026-03-21,-0.45603766953442104,1.1548213819358706,-0.10534094121928197,1.2733326794868025,0,1,0,156,-1.005581456773885,-0.31799414515459123,0.9339284294211714,0,1,0,1,0,1,1,1,test
4946813,Số 1 đường Giải Phóng - phường Bạch Mai - ĐHBK,21.0052,105.8418,2026-03-22,-0.4347056839484861,0.7488170228879825,-0.07592185492540468,1.2694867491551136,15,53,30,156,-1.0239302910848216,-0.2841624795025786,0.9322518320562544,0,0,0,0,0,1,1,1,test
4946813,Số 1 đường Giải Phóng - phường Bạch Mai - ĐHBK,21.0052,105.8418,2026-03-23,-0.7297774011942986,-0.026778042553457178,-0.5861625950709916,1.009945099874464,10,52,13,156,-1.0422791253957582,-0.2503308138505657,0.9305752346913372,45954,0,0,0,0,0,0,0,test
4946813,Số 1 đường Giải Phóng - phường Bạch Mai - ĐHBK,21.0052,105.8418,2026-03-24,-0.5656772279374519,0.17265337959360483,-0.6456854556622735,0.5793707851532203,31,72,53,156,-0.9952345784109872,-0.15691625195088843,0.8797595627121765,0,0,0,0,0,1,1,1,test
4946813,Số 1 đường Giải Phóng - phường Bạch Mai - ĐHBK,21.0052,105.8418,2026-03-25,-0.5886941945983589,0.5440838728400219,-0.22410585586016435,0.5435217407200623,7,25,15,156,-0.9481900314262163,-0.06350169005121092,0.8289438907330158,0,0,0,0,0,1,1,1,test
4946813,Số 1 đường Giải Phóng - phường Bạch Mai - ĐHBK,21.0052,105.8418,2026-03-26,-0.41376228559908973,1.2146804535297233,-0.47390822102819985,2.8442850308168657,0,34,18,156,-0.9011454844414454,0.029912871848466385,0.7781282187538551,0,1,0,0,0,1,1,1,test
4946813,Số 1 đường Giải Phóng - phường Bạch Mai - ĐHBK,21.0052,105.8418,2026-03-27,-0.23883037659982054,1.6773205754234795,-0.6142142928284756,3.4111136230002344,0,80,9,135,-0.8541009374566744,0.1233274337481439,0.7273125467746944,0,1,0,0,0,1,1,1,test
4946813,Số 1 đường Giải Phóng - phường Bạch Mai - ĐHBK,21.0052,105.8418,2026-03-28,-0.06389846760055132,0.644225985743443,-0.5531135530183832,2.806502271055435,0,14,0,156,-0.8070563904719034,0.2167419956478212,0.6764968747955337,45954,1,0,1,0,0,0,0,test
4946813,Số 1 đường Giải Phóng - phường Bạch Mai - ĐHBK,21.0052,105.8418,2026-03-29,0.11103344139871789,0.4003675019445162,-0.4920128132082908,1.0182608282974048,67,108,86,156,-1.8386522760422368,0.4241177589110861,1.8861622074850972,0,0,0,0,0,1,1,1,test
4946813,Số 1 đường Giải Phóng - phường Bạch Mai - ĐHBK,21.0052,105.8418,2026-03-30,1.229803868990378,1.417211368351358,0.009652612177727317,1.970380198914364,123,147,151,156,-2.87024816161257,0.6314935221743511,3.095827540174661,45954,0,0,0,0,0,0,0,test
4946813,Số 1 đường Giải Phóng - phường Bạch Mai - ĐHBK,21.0052,105.8418,2026-03-31,1.772367352240126,1.8161593021056321,0.34206565619977636,2.3187282233340114,75,101,156,156,-2.1346532353113736,0.5508480649299645,2.163390626069483,0,0,0,0,0,1,1,1,test
4946813,Số 1 đường Giải Phóng - phường Bạch Mai - ĐHBK,21.0052,105.8418,2026-04-01,0.740204503630433,2.623745004610001,0.29237480425010026,2.772128746138625,0,46,27,156,-1.3990583090101771,0.47020260768557787,1.2309537119643057,0,1,0,0,0,1,1,1,test
4946813,Số 1 đường Giải Phóng - phường Bạch Mai - ĐHBK,21.0052,105.8418,2026-04-02,-0.29195834497926,3.1129897643735363,-0.06585254751954225,3.3587385927592366,13,50,73,156,-0.6634633827089804,0.3895571504411913,0.2985167978591283,45954,0,0,0,0,0,0,0,test
4946813,Số 1 đường Giải Phóng - phường Bạch Mai - ĐHBK,21.0052,105.8418,2026-04-03,0.6938783924588859,2.382133482548495,-0.14864547820844273,2.9035912880063464,45,156,144,156,-0.3817488215718968,0.5960340880747271,0.06136196881164973,0,0,0,0,0,1,1,1,test
4946813,Số 1 đường Giải Phóng - phường Bạch Mai - ĐHBK,21.0052,105.8418,2026-04-04,0.38706602277054286,2.7930490306930587,-0.29369318212295453,1.7764761747082032,84,142,124,156,-0.10003426043481313,0.802511025708263,-0.17579286023582882,0,0,0,0,0,1,1,1,test
4946813,Số 1 đường Giải Phóng - phường Bạch Mai - ĐHBK,21.0052,105.8418,2026-04-05,-0.31242754108894816,2.865518523912923,-0.3023603779128448,3.3685513410233807,40,120,107,156,0.18168030070227043,1.008987963341799,-0.41294768928330755,0,0,0,0,0,1,1,1,test
4946813,Số 1 đường Giải Phóng - phường Bạch Mai - ĐHBK,21.0052,105.8418,2026-04-06,0.22717039407290066,3.5245871190897136,-0.048915169435584036,2.6424643481063352,0,106,151,156,0.46339486183935413,1.2154649009753349,-0.650102518330786,0,1,0,0,0,1,1,1,test
4946813,Số 1 đường Giải Phóng - phường Bạch Mai - ĐHBK,21.0052,105.8418,2026-04-07,0.7667683292347495,2.9438062816923383,0.8064171619975327,2.5740832815802586,141,21,156,156,0.7451094229764377,1.421941838608871,-0.8872573473782646,45954,0,0,0,0,0,0,0,test
4946813,Số 1 đường Giải Phóng - phường Bạch Mai - ĐHBK,21.0052,105.8418,2026-04-08,1.3898450157053595,3.167393565226564,-0.2356389702931867,2.170545595503503,156,137,156,156,0.5739522031715201,1.353187970747814,-0.6582772144490467,0,0,0,0,0,1,1,1,test
4946813,Số 1 đường Giải Phóng - phường Bạch Mai - ĐHBK,21.0052,105.8418,2026-04-09,1.1381549216988474,1.769374280606485,-0.4793757324686755,1.1197521562087707,156,144,156,156,0.4027949833666024,1.2844341028867579,-0.42929708151982887,0,0,0,0,0,1,1,1,test
4946813,Số 1 đường Giải Phóng - phường Bạch Mai - ĐHBK,21.0052,105.8418,2026-04-10,1.4003700154550711,2.0729342023199075,-0.09257735133423463,2.3720141506713963,156,116,156,156,0.23163776356168475,1.2156802350257012,-0.20031694859061117,0,0,0,0,0,1,1,1,test
4946813,Số 1 đường Giải Phóng - phường Bạch Mai - ĐHBK,21.0052,105.8418,2026-04-11,0.8327682987217178,2.9766769946779155,-0.44815862478269336,3.3959836055067756,120,116,156,156,0.06048054375676709,1.1469263671646446,0.028663184338606672,0,0,0,0,0,1,1,1,test
4946813,Số 1 đường Giải Phóng - phường Bạch Mai - ĐHBK,21.0052,105.8418,2026-04-12,0.5228002052662688,3.741621423302804,1.1979756816882459,3.5037112220887883,34,110,141,137,-0.11067667604815057,1.0781724993035882,0.25764331726782436,45954,0,0,0,0,0,0,0,test
4946813,Số 1 đường Giải Phóng - phường Bạch Mai - ĐHBK,21.0052,105.8418,2026-04-13,1.892666982909678,5.443219174775048,0.28768497040828933,4.164486200406659,156,156,156,156,-0.1987906478111505,0.8898221708464701,0.28391625758824185,0,0,0,0,0,1,1,1,test
4946813,Số 1 đường Giải Phóng - phường Bạch Mai - ĐHBK,21.0052,105.8418,2026-04-14,0.34783578624789047,4.18288281833692,-0.20811261234144174,3.7635151753326777,15,152,154,156,-0.2869046195741504,0.7014718423893519,0.31018919790865934,0,0,0,0,0,1,1,1,test
4946813,Số 1 đường Giải Phóng - phường Bạch Mai - ĐHBK,21.0052,105.8418,2026-04-15,-0.6006262914070776,2.524422695928294,-0.199932583002964,3.2497059064584826,1,104,53,156,-0.3750185913371504,0.5131215139322338,0.3364621382290769,0,0,0,0,0,1,1,1,test
4946813,Số 1 đường Giải Phóng - phường Bạch Mai - ĐHBK,21.0052,105.8418,2026-04-16,-0.6521642396844355,3.0702710372675184,0.04352185653037167,4.040637162462841,0,144,82,156,-0.46313256310015033,0.3247711854751157,0.3627350785494944,0,1,0,0,0,1,1,1,test
4946813,Số 1 đường Giải Phóng - phường Bạch Mai - ĐHBK,21.0052,105.8418,2026-04-17,-0.7037021879617935,2.683518114031303,0.09816450936653343,2.976187851559132,0,0,0,156,-0.5512465348631502,0.1364208570179976,0.3890080188699119,45954,1,1,1,0,0,0,0,test
4946813,Số 1 đường Giải Phóng - phường Bạch Mai - ĐHBK,21.0052,105.8418,2026-04-18,-0.7552401362391514,2.296765190795088,0.15280716220269525,2.846000756740351,0,0,0,156,-0.7292394379735663,-0.4431471623858852,0.7187591203686011,0,1,1,1,0,1,1,1,test
4946813,Số 1 đường Giải Phóng - phường Bạch Mai - ĐHBK,21.0052,105.8418,2026-04-19,-0.8067780845165092,1.9100122675588724,0.20744981503885704,1.1005003472710995,0,0,0,156,-0.9072323410839824,-1.0227151817897684,1.0485102218672904,45954,1,1,1,0,0,0,0,test
4946813,Số 1 đường Giải Phóng - phường Bạch Mai - ĐHBK,21.0052,105.8418,2026-04-20,-0.8583160327938674,1.523259344322658,0.26209246787501883,0.5583945605774346,0,0,0,156,-1.3093658126326426,-0.5058628423818521,1.4764761297625397,0,1,1,1,0,1,1,1,test
4946813,Số 1 đường Giải Phóng - phường Bạch Mai - ĐHBK,21.0052,105.8418,2026-04-21,-0.9098539810712252,1.1365064210864426,0.31673512071118054,1.1184085053515382,6,88,30,156,-1.7114992841813033,0.010989497026064226,1.9044420376577886,0,0,0,0,0,1,1,1,test
4946813,Số 1 đường Giải Phóng - phường Bạch Mai - ĐHBK,21.0052,105.8418,2026-04-22,-0.722111253234536,1.1318974086623081,0.08724099385350056,1.1845009817429748,0,156,89,156,-2.113632755729964,0.5278418364339805,2.332407945553037,45954,1,0,0,0,0,0,0,test
4946813,Số 1 đường Giải Phóng - phường Bạch Mai - ĐHBK,21.0052,105.8418,2026-04-23,-0.5343685253978468,0.8145621306146095,-0.3520417760527821,1.3736748747577556,0,0,0,156,-1.6977083569712867,0.7337887119207971,1.8611519783734722,0,1,1,1,0,1,1,1,test
4946813,Số 1 đường Giải Phóng - phường Bạch Mai - ĐHBK,21.0052,105.8418,2026-04-24,-0.34662579756115763,0.49722685256691135,-0.7913245459590648,0.8705816664072673,0,34,10,156,-1.28178395821261,0.9397355874076136,1.389896011193907,0,1,0,0,0,1,1,1,test
4946813,Số 1 đường Giải Phóng - phường Bạch Mai - ĐHBK,21.0052,105.8418,2026-04-25,-0.15888306972446847,0.7276889281240703,-0.2542244509133143,-0.09037592038818866,65,138,102,156,-0.8658595594539333,1.14568246289443,0.9186400440143415,0,0,0,0,0,1,1,1,test
4946813,Số 1 đường Giải Phóng - phường Bạch Mai - ĐHBK,21.0052,105.8418,2026-04-26,-0.3843523267609178,1.0330275468215275,-0.29235268306651657,-0.4944420068098356,0,0,0,156,-0.4499351606952566,1.3516293383812465,0.4473840768347764,0,1,1,1,0,1,1,1,test
4946813,Số 1 đường Giải Phóng - phường Bạch Mai - ĐHBK,21.0052,105.8418,2026-04-27,-0.6098215837973672,1.3383661655189851,-0.3304809152197188,0.09091525178777633,42,156,146,156,-0.03401076193657989,1.557576213868063,-0.023871890344788937,45954,0,0,0,0,0,0,0,test
4946813,Số 1 đường Giải Phóng - phường Bạch Mai - ĐHBK,21.0052,105.8418,2026-04-28,-0.25331677768067173,0.4570299916079949,1.0181460337917254,0.31856034235298014,132,69,136,155,-0.17809193704635834,1.1635140170521607,0.13668779964673058,0,0,0,0,0,1,1,1,test
4946813,Số 1 đường Giải Phóng - phường Bạch Mai - ĐHBK,21.0052,105.8418,2026-04-29,-0.3374939393544955,0.7703711103978483,1.2671446376244753,0.794821718252274,149,146,156,156,-0.3221731121561368,0.7694518202362586,0.2972474896382501,0,0,0,0,0,1,1,1,test
4946813,Số 1 đường Giải Phóng - phường Bạch Mai - ĐHBK,21.0052,105.8418,2026-04-30,-1.105323499947225,0.3716394456880923,0.3266349921247863,0.2215853051190194,24,12,51,156,-0.46625428726591533,0.37538962342035637,0.4578071796297695,0,0,0,0,0,1,1,1,test
4946813,Số 1 đường Giải Phóng - phường Bạch Mai - ĐHBK,21.0052,105.8418,2026-05-01,-0.5791032632047841,0.19461136931649547,-0.37758027209902795,-0.6141024231330141,0,97,13,156,-0.6103354623756938,-0.01867257339554593,0.6183668696212892,0,1,0,0,0,1,1,1,test
4946813,Số 1 đường Giải Phóng - phường Bạch Mai - ĐHBK,21.0052,105.8418,2026-05-02,-0.052883026462343295,-0.2317770971643557,0.07986811531761553,-0.8204015040647382,8,146,49,156,-0.7544166374854722,-0.41273477021144833,0.7789265596128085,45954,0,0,0,0,0,0,0,test
4946813,Số 1 đường Giải Phóng - phường Bạch Mai - ĐHBK,21.0052,105.8418,2026-05-03,-0.2642620923288794,-0.07690146174986774,0.7264867821044255,0.07446499490192815,0,49,0,156,-0.820420326389364,-0.41705577013334216,0.8457534123194358,0,1,0,1,0,1,1,1,test
4946813,Số 1 đường Giải Phóng - phường Bạch Mai - ĐHBK,21.0052,105.8418,2026-05-04,-0.4756411581954156,-0.1500189439354021,1.3731054488912355,0.7236752620263187,82,10,107,156,-0.8864240152932558,-0.421376770055236,0.912580265026063,0,0,0,0,0,1,1,1,test
4946813,Số 1 đường Giải Phóng - phường Bạch Mai - ĐHBK,21.0052,105.8418,2026-05-05,-0.34979661866396683,0.3140510627003549,-0.8149454419359218,-0.06395578369737588,92,108,127,156,-0.9524277041971476,-0.42569776997713005,0.9794071177326904,0,0,0,0,0,1,1,1,test
4946813,Số 1 đường Giải Phóng - phường Bạch Mai - ĐHBK,21.0052,105.8418,2026-05-06,0.16613998539968577,-0.031461780977842524,-0.5239695506879369,-0.28998657873448813,19,83,44,156,-1.0184313931010394,-0.4300187698990239,1.0462339704393178,0,0,0,0,0,1,1,1,test
4946813,Số 1 đường Giải Phóng - phường Bạch Mai - ĐHBK,21.0052,105.8418,2026-05-07,-0.5854022142048211,-0.40936561853781916,0.10099690332353718,-0.9759878882055583,8,123,36,156,-1.084435082004931,-0.4343397698209177,1.1130608231459451,45954,0,0,0,0,0,0,0,test
4946813,Số 1 đường Giải Phóng - phường Bạch Mai - ĐHBK,21.0052,105.8418,2026-05-08,-0.5665956280480122,-0.13964812053584147,-0.04500490279155527,-0.7075386543371897,0,10,0,156,-0.8943545522309657,-1.9294125627964704,0.835278714995451,0,1,0,1,0,1,1,1,test
4946813,Số 1 đường Giải Phóng - phường Bạch Mai - ĐHBK,21.0052,105.8418,2026-05-09,-0.5477890418912035,-0.012752190484768349,-0.19100670890664773,0.581708019772847,0,5,0,156,-0.7042740224570004,-3.424485355772023,0.5574966068449569,45954,1,0,1,0,0,0,0,test
4946813,Số 1 đường Giải Phóng - phường Bạch Mai - ĐHBK,21.0052,105.8418,2026-05-10,-0.5289824557343946,-0.045539859429917263,-0.3370085150217402,0.4462427295790204,0,0,0,156,-0.5425828424141839,-1.754583982084914,0.41057238611190217,0,1,1,1,0,1,1,1,test
4946813,Số 1 đường Giải Phóng - phường Bạch Mai - ĐHBK,21.0052,105.8418,2026-05-11,-0.5101758695775858,-0.07832752837506618,-0.4830103211368327,-0.28984491548293884,51,69,59,156,-0.3808916623713672,-0.08468260839780459,0.2636481653788474,0,0,0,0,0,1,1,1,test
4946813,Số 1 đường Giải Phóng - phường Bạch Mai - ĐHBK,21.0052,105.8418,2026-05-12,-0.4125346755604364,-0.21810878446182416,-0.7094180872647903,-0.8252943807706509,44,104,85,156,-0.21920048232855052,1.5852187652893053,0.11672394464579254,45954,0,0,0,0,0,0,0,test
4946813,Số 1 đường Giải Phóng - phường Bạch Mai - ĐHBK,21.0052,105.8418,2026-05-13,-0.4889085445694952,-0.7082712558707555,-0.23669650624238606,-0.9935612981726186,77,33,121,156,-0.21920048232855052,1.5852187652893053,0.11672394464579254,0,0,0,0,0,1,1,1,test
4946813,Số 1 đường Giải Phóng - phường Bạch Mai - ĐHBK,21.0052,105.8418,2026-05-14,-0.14594021263382764,-0.9481425348388635,-1.0523615590188935,-0.5292034334209178,72,1,97,137,-0.21920048232855052,1.5852187652893053,0.11672394464579254,0,0,0,0,0,1,1,1,test
4946813,Số 1 đường Giải Phóng - phường Bạch Mai - ĐHBK,21.0052,105.8418,2026-05-15,0.503317537580357,-0.7120612822410614,-0.20978133040398353,0.19936401763393333,54,55,90,156,-0.21920048232855052,1.5852187652893053,0.11672394464579254,0,0,0,0,0,1,1,1,test
