location_id,location_name,latitude,longitude,date,no2_mean,co_mean,so2_mean,aer_ai_340_380_mean,no2_valid_pixels,co_valid_pixels,so2_valid_pixels,aer_ai_340_380_valid_pixels,ndvi_mean,ndbi_mean,ndwi_mean,s2_valid_pixels,no2_mean_was_missing,co_mean_was_missing,so2_mean_was_missing,aer_ai_340_380_mean_was_missing,ndvi_mean_was_missing,ndbi_mean_was_missing,ndwi_mean_was_missing,split
2161292,"Số 46, phố Lưu Quang Vũ",21.0152,105.7999,2024-01-29,0.09234293979794758,0.5402684832652487,0.5314868859613511,0.39291894524603055,0,2,0,156,-0.8884517339189166,0.6018043534812301,0.7166202513388875,0,1,0,1,0,1,1,1,train
2161292,"Số 46, phố Lưu Quang Vũ",21.0152,105.7999,2024-01-30,0.09234293979794758,0.15635029357571725,0.5314868859613511,0.4124831285215272,0,8,0,156,-0.8884517339189166,0.6018043534812301,0.7166202513388875,0,1,0,1,0,1,1,1,train
2161292,"Số 46, phố Lưu Quang Vũ",21.0152,105.7999,2024-01-31,0.09234293979794758,0.2015813415368285,0.5314868859613511,-0.4522823781390296,0,30,0,156,-0.8884517339189166,0.6018043534812301,0.7166202513388875,0,1,0,1,0,1,1,1,train
2161292,"Số 46, phố Lưu Quang Vũ",21.0152,105.7999,2024-02-01,0.09234293979794758,-0.3766200852387993,0.5314868859613511,-0.12090336566549863,0,16,0,156,-0.8884517339189166,0.6018043534812301,0.7166202513388875,0,1,0,1,0,1,1,1,train
2161292,"Số 46, phố Lưu Quang Vũ",21.0152,105.7999,2024-02-02,0.09234293979794758,-0.3383641912279674,0.5314868859613511,0.6315106257295464,11,155,27,149,-0.8884517339189166,0.6018043534812301,0.7166202513388875,45954,0,0,0,0,0,0,0,train
2161292,"Số 46, phố Lưu Quang Vũ",21.0152,105.7999,2024-02-03,-0.24250416734461294,-0.20894557686190654,-1.4031710656078047,0.93291982774015,0,29,2,156,-0.8819205988717781,0.41400084400404336,0.7254025314688658,0,1,0,0,0,1,1,1,train
2161292,"Số 46, phố Lưu Quang Vũ",21.0152,105.7999,2024-02-04,-0.5773512744871735,-0.08474469182713062,-0.028242269019836244,-0.23827883496463698,139,151,153,156,-0.8753894638246399,0.22619733452685667,0.7341848115988441,0,0,0,0,0,1,1,1,train
2161292,"Số 46, phố Lưu Quang Vũ",21.0152,105.7999,2024-02-05,-0.25553659350253594,-0.20370875694663057,0.1748841126724022,-0.7200791965942765,89,156,135,156,-0.8688583287775015,0.03839382504966998,0.7429670917288225,0,0,0,0,0,1,1,1,train
2161292,"Số 46, phố Lưu Quang Vũ",21.0152,105.7999,2024-02-06,-0.46892347814925284,-0.2941053994379808,-0.11983386508399893,0.316104128071066,0,86,2,156,-0.8623271937303629,-0.1494096844275167,0.7517493718588008,0,1,0,0,0,1,1,1,train
2161292,"Số 46, phố Lưu Quang Vũ",21.0152,105.7999,2024-02-07,-0.6823103627959697,-0.19126087800729355,-0.10004843815040947,0.7024899467913113,0,10,0,156,-0.8557960586832245,-0.3372131939047034,0.760531651988779,45954,1,0,1,0,0,0,0,train
2161292,"Số 46, phố Lưu Quang Vũ",21.0152,105.7999,2024-02-08,-0.8956972474426866,0.4803365947295426,-0.08026301121682002,0.9283297472759552,0,0,0,156,-0.3986970754746591,0.037712257060123294,0.2594919266698227,0,1,1,1,0,1,1,1,train
2161292,"Số 46, phố Lưu Quang Vũ",21.0152,105.7999,2024-02-09,-1.1090841320894036,1.1519340674663783,-0.06047758428323058,0.742377976556425,0,2,0,156,0.058401907733906244,0.41263770802495,-0.24154779864913373,0,1,0,1,0,1,1,1,train
2161292,"Số 46, phố Lưu Quang Vũ",21.0152,105.7999,2024-02-10,-1.3224710167361204,1.5919714833431267,-0.040692157349641114,-0.4398870825209676,105,120,137,156,0.5155008909424719,0.7875631589897767,-0.7425875239680901,0,0,0,0,0,1,1,1,train
2161292,"Số 46, phố Lưu Quang Vũ",21.0152,105.7999,2024-02-11,-1.330077029089804,1.348889440867963,1.3534751071712123,-0.5714671594979002,155,79,156,156,0.972599874151037,1.1624886099546035,-1.2436272492870464,0,0,0,0,0,1,1,1,train
2161292,"Số 46, phố Lưu Quang Vũ",21.0152,105.7999,2024-02-12,-0.1042776557741586,0.7212772191245738,1.6698472570720206,0.03863585320004291,156,148,156,156,1.4296988573596026,1.5374140609194304,-1.7446669746060035,45954,0,0,0,0,0,0,0,train
2161292,"Số 46, phố Lưu Quang Vũ",21.0152,105.7999,2024-02-13,-0.2685281680462027,0.8844635312018215,-0.3787280901869879,1.2696729658576138,39,101,100,156,1.0015937074871315,1.3339126081343387,-1.2971053984129404,0,0,0,0,0,1,1,1,train
2161292,"Số 46, phố Lưu Quang Vũ",21.0152,105.7999,2024-02-14,-0.06469311819121804,0.3329011053471787,-0.9213117262878817,0.7910864847320297,0,0,0,156,0.5734885576146607,1.1304111553492466,-0.8495438222198767,0,1,1,1,0,1,1,1,train
2161292,"Số 46, phố Lưu Quang Vũ",21.0152,105.7999,2024-02-15,0.13914193166376618,-0.21866132050746462,-1.4638953623887758,-0.014838411010765105,0,3,1,156,0.14538340774218939,0.9269097025641546,-0.4019822460268135,0,1,0,0,0,1,1,1,train
2161292,"Số 46, phố Lưu Quang Vũ",21.0152,105.7999,2024-02-16,0.3429769815187509,0.2922147072698398,0.3405282551011393,-0.2801128531601282,12,39,26,156,-0.28272174213028156,0.7234082497790626,0.04557933016624971,0,0,0,0,0,1,1,1,train
2161292,"Số 46, phố Lưu Quang Vũ",21.0152,105.7999,2024-02-17,0.4273695656801742,0.5757941510406951,-0.6267249041526916,0.564540129821815,0,73,38,156,-0.710826892002753,0.5199067969939707,0.493140906359313,45954,1,0,0,0,0,0,0,train
2161292,"Số 46, phố Lưu Quang Vũ",21.0152,105.7999,2024-02-18,0.5117621498415975,0.36760615073302766,4.267457791137866,1.1422944106962338,32,52,73,153,-0.8640537583408433,0.22432011659772624,0.716451405582678,0,0,0,0,0,1,1,1,train
2161292,"Số 46, phố Lưu Quang Vũ",21.0152,105.7999,2024-02-19,0.32121931027121886,-0.025021708824969704,-0.2187107785680153,1.5451025788060104,26,130,37,156,-1.0172806246789337,-0.07126656379851821,0.9397619048060428,0,0,0,0,0,1,1,1,train
2161292,"Số 46, phố Lưu Quang Vũ",21.0152,105.7999,2024-02-20,-0.14961964902096292,0.07815744327106647,-0.0381064648021028,0.918360404979112,12,112,34,156,-1.1705074910170241,-0.36685324419476245,1.1630724040294076,0,0,0,0,0,1,1,1,train
2161292,"Số 46, phố Lưu Quang Vũ",21.0152,105.7999,2024-02-21,1.3781315130934622,0.2106788229832371,-0.32583000130557804,0.13777476188735271,14,121,49,156,-1.3237343573551148,-0.6624399245910069,1.3863829032527726,0,0,0,0,0,1,1,1,train
2161292,"Số 46, phố Lưu Quang Vũ",21.0152,105.7999,2024-02-22,1.1434871230506085,-0.14703454021011497,-0.14553430268169373,0.3171465952109448,0,109,1,156,-1.476961223693205,-0.9580266049872511,1.6096934024761373,45954,1,0,0,0,0,0,0,train
2161292,"Số 46, phố Lưu Quang Vũ",21.0152,105.7999,2024-02-23,0.9088427330077548,0.16014304717231068,-0.041765251967266756,0.14766022305569634,0,0,0,156,-1.3119572296553295,-0.8570804174637081,1.3622599709310501,0,1,1,1,0,1,1,1,train
2161292,"Số 46, phố Lưu Quang Vũ",21.0152,105.7999,2024-02-24,0.674198342964901,0.4673206345547368,0.062003798747160214,0.8726353057697348,0,0,0,156,-1.146953235617454,-0.7561342299401652,1.114826539385963,0,1,1,1,0,1,1,1,train
2161292,"Số 46, phố Lưu Quang Vũ",21.0152,105.7999,2024-02-25,0.4395539529220473,0.7744982219371626,0.16577284946158719,0.6894453712241692,0,3,0,156,-0.9819492415795786,-0.6551880424166222,0.8673931078408762,0,1,0,1,0,1,1,1,train
2161292,"Số 46, phố Lưu Quang Vũ",21.0152,105.7999,2024-02-26,0.2049095628791936,0.7654689211479146,0.26954190017601415,0.9574761251584715,0,6,0,156,-0.8169452475417032,-0.5542418548930793,0.6199596762957891,0,1,0,1,0,1,1,1,train
2161292,"Số 46, phố Lưu Quang Vũ",21.0152,105.7999,2024-02-27,-0.029734827163660573,0.7764645520897072,0.3733109508904411,0.5237018006288603,0,13,0,156,-0.6519412535038277,-0.4532956673695363,0.37252624475070206,45954,1,0,1,0,0,0,0,train
2161292,"Số 46, phố Lưu Quang Vũ",21.0152,105.7999,2024-02-28,-0.26437921720651403,1.165517290708773,0.477080001604868,1.1179897865249735,0,80,0,156,-0.5545933654990384,-0.16081712751302138,0.2657251049464769,0,1,0,1,0,1,1,1,train
2161292,"Số 46, phố Lưu Quang Vũ",21.0152,105.7999,2024-02-29,-0.49902360724936773,1.514172989959501,0.580849052319295,1.3798527542125443,0,23,0,156,-0.45724547749424926,0.13166141234349354,0.15892396514225174,0,1,0,1,0,1,1,1,train
2161292,"Số 46, phố Lưu Quang Vũ",21.0152,105.7999,2024-03-01,-0.7336679972922214,1.33651492431573,0.684618103033722,0.6227387022193547,0,0,0,156,-0.35989758948946,0.4241399522000085,0.05212282533802659,0,1,1,1,0,1,1,1,train
2161292,"Số 46, phố Lưu Quang Vũ",21.0152,105.7999,2024-03-02,-0.9683123873350754,1.1588568586719579,0.7883871537481489,-0.06369180748664756,16,55,44,156,-0.2625497014846708,0.7166184920565234,-0.05467831446619857,0,0,0,0,0,1,1,1,train
2161292,"Số 46, phố Lưu Quang Vũ",21.0152,105.7999,2024-03-03,0.37486027089365476,0.9115669787593899,-0.6352165881623933,1.254672189205788,1,19,9,156,-0.16520181347988158,1.0090970319130383,-0.16147945427042387,45954,0,0,0,0,0,0,0,train
2161292,"Số 46, phố Lưu Quang Vũ",21.0152,105.7999,2024-03-04,-0.3647934746204693,0.7690372240211341,0.38086478906612425,1.9978884312122491,1,147,7,156,-0.23994680154869605,0.778897129703151,-0.09568369612138554,0,0,0,0,0,1,1,1,train
2161292,"Số 46, phố Lưu Quang Vũ",21.0152,105.7999,2024-03-05,0.5093610391229256,0.8986292899790053,-0.21183229474524407,1.3203047378146862,141,135,73,141,-0.3146917896175106,0.5486972274932638,-0.029887937972347213,0,0,0,0,0,1,1,1,train
2161292,"Số 46, phố Lưu Quang Vũ",21.0152,105.7999,2024-03-06,-0.5301109498611296,1.0336335365023792,-0.2337243005559678,0.9434350991189543,75,100,97,156,-0.38943677768632506,0.3184973252833763,0.03590782017669111,0,0,0,0,0,1,1,1,train
2161292,"Số 46, phố Lưu Quang Vũ",21.0152,105.7999,2024-03-07,-0.5508163494969737,1.2136086535991375,0.1727921345822954,1.7838135189039606,0,15,9,156,-0.46418176575513953,0.08829742307348909,0.10170357832572943,0,1,0,0,0,1,1,1,train
2161292,"Số 46, phố Lưu Quang Vũ",21.0152,105.7999,2024-03-08,-0.5715217491328174,1.2146152728214756,0.30519008872187764,1.3497297240734576,0,0,0,156,-0.538926753823954,-0.1419024791363983,0.16749933647476775,45954,1,1,1,0,0,0,0,train
2161292,"Số 46, phố Lưu Quang Vũ",21.0152,105.7999,2024-03-09,-0.5922271487686614,1.215621892043814,0.43758804286145986,0.9253599551821362,0,11,0,156,-0.6133423850069605,-0.03326039964794288,0.30686930789471806,0,1,0,1,0,1,1,1,train
2161292,"Số 46, phố Lưu Quang Vũ",21.0152,105.7999,2024-03-10,-0.6129325484045052,1.158712315678774,0.5699859970010421,1.3894758218329613,0,2,0,156,-0.6877580161899669,0.07538167984051256,0.44623927931466834,0,1,0,1,0,1,1,1,train
2161292,"Số 46, phố Lưu Quang Vũ",21.0152,105.7999,2024-03-11,-0.6336379480403492,1.510481961903391,0.7023839511406244,1.2358049971905354,59,103,137,156,-0.7621736473729733,0.18402375932896797,0.5856092507346187,0,0,0,0,0,1,1,1,train
2161292,"Số 46, phố Lưu Quang Vũ",21.0152,105.7999,2024-03-12,1.5998768663825096,2.089835369062424,0.684604802581595,0.5274961899040203,57,140,0,156,-0.8365892785559796,0.2926658388174233,0.7249792221545691,0,0,0,1,0,1,1,1,train
2161292,"Số 46, phố Lưu Quang Vũ",21.0152,105.7999,2024-03-13,1.5122936555565916,1.6956690811562227,0.6668256540225656,0.7521207293185388,0,0,0,156,-0.9110049097389861,0.40130791830587875,0.8643491935745193,45954,1,1,1,0,0,0,0,train
2161292,"Số 46, phố Lưu Quang Vũ",21.0152,105.7999,2024-03-14,1.424710444730674,1.3015027932500214,0.6490465054635361,2.669128334314887,0,2,0,156,-0.8364755896883274,0.5310711554172012,0.718542340539153,0,1,0,1,0,1,1,1,train
2161292,"Số 46, phố Lưu Quang Vũ",21.0152,105.7999,2024-03-15,1.337127233904756,1.2045204447221065,0.6312673569045065,2.818922292047082,0,112,0,156,-0.7619462696376683,0.6608343925285235,0.5727354875037867,0,1,0,1,0,1,1,1,train
2161292,"Số 46, phố Lưu Quang Vũ",21.0152,105.7999,2024-03-16,1.2495440230788384,1.7244020464199639,0.6134882083454771,2.9924905923272203,0,0,0,156,-0.6874169495870096,0.7905976296398459,0.42692863446842033,0,1,1,1,0,1,1,1,train
2161292,"Số 46, phố Lưu Quang Vũ",21.0152,105.7999,2024-03-17,1.1619608122529206,2.2442836481178214,0.5957090597864477,2.8092189565472028,0,8,0,156,-0.6128876295363507,0.9203608667511683,0.281121781433054,0,1,0,1,0,1,1,1,train
2161292,"Số 46, phố Lưu Quang Vũ",21.0152,105.7999,2024-03-18,1.074377601427003,1.8579240454566364,0.5779299112274183,3.2246207607718356,0,2,0,156,-0.538358309485692,1.0501241038624907,0.13531492839768783,45954,1,0,1,0,0,0,0,train
2161292,"Số 46, phố Lưu Quang Vũ",21.0152,105.7999,2024-03-19,0.986794390601085,1.6917874199826894,0.5601507626683889,0.3199122144715832,0,2,0,156,-0.6422928702674984,0.9870827551387873,0.3300869901866009,0,1,0,1,0,1,1,1,train
2161292,"Số 46, phố Lưu Quang Vũ",21.0152,105.7999,2024-03-20,0.8992111797751675,3.5314264571709217,0.5423716141093595,-0.2661685188593372,0,80,0,156,-0.746227431049305,0.9240414064150839,0.5248590519755141,0,1,0,1,0,1,1,1,train
2161292,"Số 46, phố Lưu Quang Vũ",21.0152,105.7999,2024-03-21,0.8116279689492495,2.06962662227968,0.5245924655503301,1.0699673178816393,138,54,58,140,-0.8501619918311115,0.8610000576913804,0.7196311137644271,0,0,0,0,0,1,1,1,train
2161292,"Số 46, phố Lưu Quang Vũ",21.0152,105.7999,2024-03-22,0.43258043012844694,1.1403774460774614,0.41674096792028387,1.4424995646533554,0,3,0,156,-0.9540965526129181,0.7979587089676771,0.9144031755533403,0,1,0,1,0,1,1,1,train
2161292,"Số 46, phố Lưu Quang Vũ",21.0152,105.7999,2024-03-23,0.05353289130764441,0.7060875232381367,0.30888947029023756,1.2076682088678061,0,0,0,0,-1.0580311133947247,0.7349173602439735,1.1091752373422534,45954,1,1,1,1,0,0,0,train
2161292,"Số 46, phố Lưu Quang Vũ",21.0152,105.7999,2024-03-24,-0.3255146475131582,0.27179760039881157,0.20103797266019136,0.9728368530822566,0,58,0,156,-1.0199661562566307,0.5802046823184173,1.034300907830736,0,1,0,1,0,1,1,1,train
2161292,"Số 46, phố Lưu Quang Vũ",21.0152,105.7999,2024-03-25,-0.7045621863339607,0.21888613776974072,0.09318647503014515,-0.09921521158292843,77,156,146,156,-0.9819011991185365,0.42549200439286095,0.9594265783192184,0,0,0,0,0,1,1,1,train
2161292,"Số 46, phố Lưu Quang Vũ",21.0152,105.7999,2024-03-26,-0.07326113108434225,0.7150495978994246,-1.0185548284192085,-0.4452638957055074,0,119,32,156,-0.9438362419804422,0.2707793264673047,0.884552248807701,0,1,0,0,0,1,1,1,train
2161292,"Số 46, phố Lưu Quang Vũ",21.0152,105.7999,2024-03-27,0.5580399241652761,0.7562844411829681,-0.9167082965460273,0.9870740098629575,14,20,58,156,-0.9057712848423481,0.11606664854174842,0.8096779192961835,0,0,0,0,0,1,1,1,train
2161292,"Số 46, phố Lưu Quang Vũ",21.0152,105.7999,2024-03-28,0.2549909777231913,2.2893237902388814,-0.7595763969653908,2.1442633595073897,0,5,0,156,-0.8677063277042539,-0.03864602938380776,0.734803589784666,45954,1,0,1,0,0,0,0,train
2161292,"Số 46, phố Lưu Quang Vũ",21.0152,105.7999,2024-03-29,-0.0480579687188936,1.2215045191437286,-0.6024444973847544,0.7263375397515764,2,12,2,156,-0.6065377307646262,0.2376176769793641,0.5065041182022839,0,0,0,0,0,1,1,1,train
2161292,"Số 46, phố Lưu Quang Vũ",21.0152,105.7999,2024-03-30,-0.2119753246585256,0.7508062617413355,-0.43796639459362147,1.3642880718182528,2,75,21,156,-0.3453691338249987,0.513881383342536,0.2782046466199019,0,0,0,0,0,1,1,1,train
2161292,"Số 46, phố Lưu Quang Vũ",21.0152,105.7999,2024-03-31,0.48669245299850133,2.125275129209847,-0.4798500974311434,1.022580124114667,149,67,156,156,-0.0842005368853711,0.790145089705708,0.04990517503751986,0,0,0,0,0,1,1,1,train
2161292,"Số 46, phố Lưu Quang Vũ",21.0152,105.7999,2024-04-01,0.1386372070093694,2.192870250887904,0.4146372394307414,1.926141966615008,150,0,156,156,0.17696806005425655,1.0664087960688797,-0.1783942965448622,0,0,1,0,0,1,1,1,train
2161292,"Số 46, phố Lưu Quang Vũ",21.0152,105.7999,2024-04-02,0.8594202978412208,2.260465372565962,0.7903103819158325,1.8769153006103807,156,81,156,156,0.4381366569938842,1.3426725024320518,-0.4066937681272444,45954,0,0,0,0,0,0,0,train
2161292,"Số 46, phố Lưu Quang Vũ",21.0152,105.7999,2024-04-03,0.6677394490165629,2.3943672742243427,-0.11634088006663484,1.8577603028576848,156,67,156,156,0.14727418960594452,0.8979086441232705,-0.1486728133447697,0,0,0,0,0,1,1,1,train
2161292,"Số 46, phố Lưu Quang Vũ",21.0152,105.7999,2024-04-04,0.5145202681457256,1.6330920558452706,-0.04135123789353766,2.9245703494305504,12,154,55,156,-0.14358827778199504,0.4531447858144892,0.10934814143770491,0,0,0,0,0,1,1,1,train
2161292,"Số 46, phố Lưu Quang Vũ",21.0152,105.7999,2024-04-05,0.34698741747605494,3.8577887178655237,-0.18496491050236863,4.382944073383031,0,51,13,156,-0.43445074516993476,0.008380927505707953,0.36736909622017955,0,1,0,0,0,1,1,1,train
2161292,"Số 46, phố Lưu Quang Vũ",21.0152,105.7999,2024-04-06,0.17945456680638433,2.6416519724069647,1.4454081857744632,3.3718112680565024,0,41,4,156,-0.7253132125578743,-0.43638293080307355,0.6253900510026542,0,1,0,0,0,1,1,1,train
2161292,"Số 46, phố Lưu Quang Vũ",21.0152,105.7999,2024-04-07,0.011921716136713712,1.4135061587185593,1.1500941261273365,2.8564243531228954,0,53,0,156,-1.016175679945814,-0.8811467891118547,0.8834110057851288,45954,1,0,1,0,0,0,0,train
2161292,"Số 46, phố Lưu Quang Vũ",21.0152,105.7999,2024-04-08,-0.1556111345329569,1.765133716453654,0.85478006648021,2.8720006218033594,0,0,0,156,-0.9498354979027799,-0.6153112797489317,0.8230932964178771,0,1,1,1,0,1,1,1,train
2161292,"Số 46, phố Lưu Quang Vũ",21.0152,105.7999,2024-04-09,-0.3231439852026275,2.11676127418875,0.5594660068330836,1.939905399571388,0,5,0,156,-0.883495315859746,-0.3494757703860087,0.7627755870506254,0,1,0,1,0,1,1,1,train
2161292,"Số 46, phố Lưu Quang Vũ",21.0152,105.7999,2024-04-10,-0.4906768358722981,1.5345437339836623,0.264151947185957,-0.007797084482083744,0,8,0,156,-0.8171551338167121,-0.08364026102308579,0.7024578776833736,0,1,0,1,0,1,1,1,train
2161292,"Số 46, phố Lưu Quang Vũ",21.0152,105.7999,2024-04-11,-0.6582096865419688,2.279865769477399,-0.03116211246116959,1.157715040913992,0,104,31,156,-0.7508149517736782,0.18219524833983727,0.642140168316122,0,1,0,0,0,1,1,1,train
2161292,"Số 46, phố Lưu Quang Vũ",21.0152,105.7999,2024-04-12,-0.8257425372116394,1.5954857871358734,-0.014378007029324173,1.838338701076778,17,15,27,156,-0.6844747697306443,0.44803075770276035,0.5818224589488702,45954,0,0,0,0,0,0,0,train
2161292,"Số 46, phố Lưu Quang Vũ",21.0152,105.7999,2024-04-13,0.23249949983945525,1.0888585051902664,-1.400343155524153,0.9228216626635464,10,14,11,156,-0.7658499061353436,0.36005737819564665,0.657970639528567,0,0,0,0,0,1,1,1,train
2161292,"Số 46, phố Lưu Quang Vũ",21.0152,105.7999,2024-04-14,-0.23680828512832355,1.7060999035340882,-0.21023298674567187,2.076459696149937,3,28,6,156,-0.8472250425400433,0.2720839986885329,0.734118820108264,0,0,0,0,0,1,1,1,train
2161292,"Số 46, phố Lưu Quang Vũ",21.0152,105.7999,2024-04-15,-0.1680841346254681,1.5180009247751898,-0.031813115332223064,2.360831831713943,0,12,0,156,-0.9286001789447428,0.18411061918141922,0.810267000687961,0,1,0,1,0,1,1,1,train
2161292,"Số 46, phố Lưu Quang Vũ",21.0152,105.7999,2024-04-16,-0.09935998412261261,1.1527647805932433,0.1466067560812257,0.37470593047607526,155,111,156,156,-1.0099753153494422,0.0961372396743055,0.886415181267658,0,0,0,0,0,1,1,1,train
2161292,"Số 46, phố Lưu Quang Vũ",21.0152,105.7999,2024-04-17,-0.07685861050623065,1.3937370408131924,0.09015646505318349,1.6801266494860796,4,84,31,156,-1.0913504517541417,0.008163860167191797,0.9625633618473548,45954,0,0,0,0,0,0,0,train
2161292,"Số 46, phố Lưu Quang Vũ",21.0152,105.7999,2024-04-18,0.9748276305353188,1.75348491481625,0.1584867413171797,1.0180743129792815,154,78,156,156,-1.0780057986249838,-0.0314362707404262,0.9599436757934564,0,0,0,0,0,1,1,1,train
2161292,"Số 46, phố Lưu Quang Vũ",21.0152,105.7999,2024-04-19,0.9792665009688433,1.512739014378076,0.03224475225348288,0.19260533825780818,48,40,54,156,-1.0646611454958257,-0.0710364016480441,0.957323989739558,0,0,0,0,0,1,1,1,train
2161292,"Số 46, phố Lưu Quang Vũ",21.0152,105.7999,2024-04-20,-0.49521732786799444,1.0783035940163666,0.562490079398925,-0.2503606439016779,156,107,156,156,-1.0513164923666678,-0.110636532555662,0.9547043036856598,0,0,0,0,0,1,1,1,train
2161292,"Số 46, phố Lưu Quang Vũ",21.0152,105.7999,2024-04-21,-0.3237421695542358,1.203232648469631,0.2542918817766611,1.266905635156186,2,156,69,156,-1.03797183923751,-0.1502366634632799,0.9520846176317616,0,0,0,0,0,1,1,1,train
2161292,"Số 46, phố Lưu Quang Vũ",21.0152,105.7999,2024-04-22,-0.14392554296181512,1.1293799060772678,-0.18062939103047473,1.45338947919277,0,122,0,144,-1.0246271861083518,-0.1898367943708978,0.9494649315778633,45954,1,0,1,0,0,0,0,train
2161292,"Số 46, phố Lưu Quang Vũ",21.0152,105.7999,2024-04-23,0.035891083630605565,1.1165668515381748,-0.6155506638376107,1.6116076225421783,3,90,49,156,-0.4200554420752464,0.14940527343607204,0.2981243286191444,0,0,0,0,0,1,1,1,train
2161292,"Số 46, phố Lưu Quang Vũ",21.0152,105.7999,2024-04-24,0.2811786386185403,1.1983498225263385,-0.4033556893530913,0.4677571042997882,0,4,0,156,0.18451630195785915,0.4886473412430418,-0.3532162743395744,0,1,0,1,0,1,1,1,train
2161292,"Số 46, phố Lưu Quang Vũ",21.0152,105.7999,2024-04-25,0.5264661936064751,1.1192395332989138,-0.1911607148685719,-0.23749532729302028,140,135,154,156,0.7890880459909644,0.8278894090500115,-1.0045568772982931,0,0,0,0,0,1,1,1,train
2161292,"Số 46, phố Lưu Quang Vũ",21.0152,105.7999,2024-04-26,-0.20151033364874604,0.530457832144926,0.8501940919829026,-0.3899411709267923,155,75,156,156,1.39365979002407,1.1671314768569814,-1.6558974802570123,0,0,0,0,0,1,1,1,train
2161292,"Số 46, phố Lưu Quang Vũ",21.0152,105.7999,2024-04-27,-0.2553554254740955,0.7914852963077009,0.7915763784396792,0.7803858626360317,156,27,156,156,1.9982315340571757,1.5063735446639512,-2.307238083215731,45954,0,0,0,0,0,0,0,train
2161292,"Số 46, phố Lưu Quang Vũ",21.0152,105.7999,2024-04-28,-0.2594985657435483,1.076222174914529,0.5793143722433872,1.5722958313447597,156,25,156,156,1.4651712998062,1.129352090573193,-1.7521523297075932,0,0,0,0,0,1,1,1,train
2161292,"Số 46, phố Lưu Quang Vũ",21.0152,105.7999,2024-04-29,-0.01047905086443487,2.236177786149173,0.4077235625511748,1.3425505267116389,156,148,156,156,0.9321110655552244,0.7523306364824348,-1.1970665761994557,0,0,0,0,0,1,1,1,train
2161292,"Số 46, phố Lưu Quang Vũ",21.0152,105.7999,2024-04-30,0.16838251065928866,2.6576209732047675,0.7372777884621604,1.4684717181865496,156,90,156,156,0.39905083130424884,0.37530918239167665,-0.6419808226913183,0,0,0,0,0,1,1,1,train
2161292,"Số 46, phố Lưu Quang Vũ",21.0152,105.7999,2024-05-01,0.04092192186574319,2.074327814952298,0.5720803065657524,1.9362749502732528,0,0,0,156,-0.134009402946727,-0.0017122716990816674,-0.08689506918318064,0,1,1,1,0,1,1,1,train
2161292,"Số 46, phố Lưu Quang Vũ",21.0152,105.7999,2024-05-02,-0.08653866692780228,1.4910346566998294,0.4068828246693444,1.4016012883740843,0,0,0,156,-0.6670696371977024,-0.37873372578984,0.46819068432495664,45954,1,1,1,0,0,0,0,train
2161292,"Số 46, phố Lưu Quang Vũ",21.0152,105.7999,2024-05-03,-0.21399925572134776,0.9077414984473599,0.24168534277293646,1.4350412214071604,0,13,0,156,-0.7335084735139801,-0.2479155668211727,0.5776286024011923,0,1,0,1,0,1,1,1,train
2161292,"Số 46, phố Lưu Quang Vũ",21.0152,105.7999,2024-05-04,-0.34145984451489325,0.26012725367374573,0.07648786087652847,0.8877408965052324,126,143,148,156,-0.7999473098302577,-0.11709740785250518,0.6870665204774279,0,0,0,0,0,1,1,1,train
2161292,"Số 46, phố Lưu Quang Vũ",21.0152,105.7999,2024-05-05,-0.6079888433639985,1.0026956087860308,-0.5702457981916446,0.9798856151399506,11,21,14,156,-0.8663861461465352,0.013720751116162139,0.7965044385536635,0,0,0,0,0,1,1,1,train
2161292,"Số 46, phố Lưu Quang Vũ",21.0152,105.7999,2024-05-06,0.8138786137843568,0.30537711949623464,0.16783705916589275,-0.9648445087253446,13,69,33,156,-0.9328249824628129,0.14453891008482955,0.9059423566298991,0,0,0,0,0,1,1,1,train
2161292,"Số 46, phố Lưu Quang Vũ",21.0152,105.7999,2024-05-07,0.039963875390415564,0.7136933482671592,1.7013078614081232,-0.6216292688031244,0,53,2,156,-0.9992638187790905,0.2753570690534969,1.0153802747061347,45954,1,0,0,0,0,0,0,train
2161292,"Số 46, phố Lưu Quang Vũ",21.0152,105.7999,2024-05-08,-0.7339508630035256,-0.15189854829203756,-5.349883460177867,-0.7879894060060141,10,90,6,137,-1.0701494370555333,0.37041296996690865,1.1236559255123473,0,0,0,0,0,1,1,1,train
2161292,"Số 46, phố Lưu Quang Vũ",21.0152,105.7999,2024-05-09,-1.2290393151444987,0.10591215246584242,-0.7359099645568766,0.5088780881106898,28,77,46,156,-1.141035055331976,0.46546887088032035,1.2319315763185603,0,0,0,0,0,1,1,1,train
2161292,"Số 46, phố Lưu Quang Vũ",21.0152,105.7999,2024-05-10,-0.3934907186884931,-0.02099195926408657,-0.3297931011409333,-0.46232171593790305,42,72,59,156,-1.2119206736084187,0.5605247717937322,1.340207227124773,0,0,0,0,0,1,1,1,train
2161292,"Số 46, phố Lưu Quang Vũ",21.0152,105.7999,2024-05-11,-0.08253013399600703,0.11422392001912397,-0.5829602071413009,-1.019741646518166,76,92,108,156,-1.2828062918848613,0.6555806727071439,1.4484828779309857,0,0,0,0,0,1,1,1,train
2161292,"Số 46, phố Lưu Quang Vũ",21.0152,105.7999,2024-05-12,0.17353032152903558,-0.3371770296254668,-0.10687865143695419,-1.1850869086647413,51,69,89,156,-1.353691910161304,0.7506365736205558,1.5567585287371986,45954,0,0,0,0,0,0,0,train
2161292,"Số 46, phố Lưu Quang Vũ",21.0152,105.7999,2024-05-13,-0.2164464830915169,0.4223516730397534,-0.6459287662587994,-0.7947512581731333,0,89,11,156,-1.1315881744681455,0.7979630961925788,1.3305203950426288,0,1,0,0,0,1,1,1,train
2161292,"Số 46, phố Lưu Quang Vũ",21.0152,105.7999,2024-05-14,-0.6064232877120694,0.4837655363395209,-0.00981111922732726,0.502793406591838,79,118,113,156,-0.9094844387749872,0.8452896187646018,1.1042822613480592,0,0,0,0,0,1,1,1,train
2161292,"Số 46, phố Lưu Quang Vũ",21.0152,105.7999,2024-05-15,-0.8738787428130558,0.3960721205433232,-0.47314309036767577,0.17733335143178686,0,0,0,156,-0.6873807030818287,0.8926161413366248,0.8780441276534896,0,1,1,1,0,1,1,1,train
2161292,"Số 46, phố Lưu Quang Vũ",21.0152,105.7999,2024-05-16,-1.1413341979140421,0.30837870474712603,-0.9364750615080243,-0.6958389539513342,14,29,18,156,-0.46527696738867036,0.9399426639086479,0.6518059939589199,0,0,0,0,0,1,1,1,train
2161292,"Số 46, phố Lưu Quang Vũ",21.0152,105.7999,2024-05-17,-1.521301849568363,0.30873406233225315,-0.3262800166031097,-0.7163160425132823,2,49,22,156,-0.243173231695512,0.9872691864806707,0.4255678602643502,45954,0,0,0,0,0,0,0,train
2161292,"Số 46, phố Lưu Quang Vũ",21.0152,105.7999,2024-05-18,-1.3141826587277006,-0.2932907769462126,1.3956351449832236,-1.3936646656924228,0,76,4,156,-0.44335810165976053,0.8052986570956139,0.630140768739745,0,1,0,0,0,1,1,1,train
2161292,"Số 46, phố Lưu Quang Vũ",21.0152,105.7999,2024-05-19,-1.1070634678870381,-0.004533875885578827,0.6455909507883224,0.8728406338721068,0,0,24,156,-0.643542971624009,0.6233281277105568,0.8347136772151397,0,1,1,0,0,1,1,1,train
2161292,"Số 46, phố Lưu Quang Vũ",21.0152,105.7999,2024-05-20,-0.8999442770463757,0.28422302517505443,0.40784117120025065,0.23896740698720745,0,0,0,156,-0.8437278415882575,0.44135759832549976,1.0392865856905347,0,1,1,1,0,1,1,1,train
2161292,"Số 46, phố Lưu Quang Vũ",21.0152,105.7999,2024-05-21,-0.6928250862057133,0.5729799262356883,0.1700913916121789,-0.6033581135713718,59,99,72,156,-1.0439127115525062,0.2593870689404427,1.2438594941659293,0,0,0,0,0,1,1,1,train
2161292,"Số 46, phố Lưu Quang Vũ",21.0152,105.7999,2024-05-22,-0.7119242308174126,0.11811649009779968,-0.4275276909098084,-1.3041487798331868,16,45,59,156,-1.2440975815167545,0.07741653955538581,1.448432402641324,45954,0,0,0,0,0,0,0,train
2161292,"Số 46, phố Lưu Quang Vũ",21.0152,105.7999,2024-05-23,-0.7115613238528791,0.0052285487832425415,2.4421427192921086,-1.2074382880459855,0,0,4,156,-0.9644416696438824,0.11171490718581216,1.149864325702652,0,1,1,0,0,1,1,1,train
2161292,"Số 46, phố Lưu Quang Vũ",21.0152,105.7999,2024-05-24,-0.7111984168883456,-0.10765939253131458,0.6624598032870519,0.07844645193411391,13,104,31,138,-0.6847857577710103,0.14601327481623852,0.8512962487639801,0,0,0,0,0,1,1,1,train
2161292,"Số 46, phố Lưu Quang Vũ",21.0152,105.7999,2024-05-25,-0.38835191547282155,-1.0654528099382463,0.24002037411110522,0.16045990395041942,0,12,0,156,-0.40512984589813816,0.18031164244666495,0.5527281718253082,0,1,0,1,0,1,1,1,train
2161292,"Số 46, phố Lưu Quang Vũ",21.0152,105.7999,2024-05-26,-0.06550541405729748,-1.1905543614541314,-0.1824190550648415,-0.6237696858656345,72,26,99,156,-0.12547393402526602,0.2146100100770913,0.25416009488663643,0,0,0,0,0,1,1,1,train
2161292,"Số 46, phố Lưu Quang Vũ",21.0152,105.7999,2024-05-27,-0.6106048690968007,-0.9032627536234477,-0.39234537866576163,-0.7140107299037538,85,62,87,156,0.15418197784760612,0.24890837770751764,-0.04440798205203557,45954,0,0,0,0,0,0,0,train
2161292,"Số 46, phố Lưu Quang Vũ",21.0152,105.7999,2024-05-28,-0.6381793281146163,-0.5522621852116109,-0.11298709745564676,-1.147464923554732,0,3,5,156,-0.06023267312886284,0.3224292971664425,0.18471297023949249,0,1,0,0,0,1,1,1,train
2161292,"Số 46, phố Lưu Quang Vũ",21.0152,105.7999,2024-05-29,-0.6657537871324318,-0.3928579905484428,0.4443818784579165,-0.9003995544491007,90,114,147,156,-0.27464732410533177,0.3959502166253674,0.41383392253102047,0,0,0,0,0,1,1,1,train
2161292,"Số 46, phố Lưu Quang Vũ",21.0152,105.7999,2024-05-30,-0.8486977189776929,-0.21234779165428502,-0.25430219192808556,0.8319746080801191,23,119,75,156,-0.4890619750818007,0.4694711360842923,0.6429548748225484,0,0,0,0,0,1,1,1,train
2161292,"Số 46, phố Lưu Quang Vũ",21.0152,105.7999,2024-05-31,-0.8477149966049344,-0.10203094292129385,2.5650382457603156,0.08183756081041772,0,22,1,156,-0.7034766260582697,0.5429920555432172,0.8720758271140765,0,1,0,0,0,1,1,1,train
2161292,"Số 46, phố Lưu Quang Vũ",21.0152,105.7999,2024-06-01,-0.8467322742321757,0.16054476760430525,-0.42454782217219966,-1.1786229554431225,50,102,77,156,-0.9178912770347386,0.616512975002142,1.1011967794056043,45954,0,0,0,0,0,0,0,train
2161292,"Số 46, phố Lưu Quang Vũ",21.0152,105.7999,2024-06-02,-0.8581482705229001,-0.17353636164888894,-0.21508342997155389,-1.1923798188557968,106,136,141,156,-0.8927942345299456,0.3096131588542722,0.9993847900414358,0,0,0,0,0,1,1,1,train
2161292,"Số 46, phố Lưu Quang Vũ",21.0152,105.7999,2024-06-03,-0.21495520886861566,-0.2493347072740253,0.4641449688763986,-1.448820404614759,58,9,110,156,-0.8676971920251524,0.002713342706402458,0.8975728006772667,0,0,0,0,0,1,1,1,train
2161292,"Số 46, phố Lưu Quang Vũ",21.0152,105.7999,2024-06-04,0.1030970320996099,-0.28933009439102775,-0.17614559907644062,0.6213094084014469,0,0,13,156,-0.8426001495203594,-0.3041864734414675,0.7957608113130981,0,1,1,0,0,1,1,1,train
2161292,"Số 46, phố Lưu Quang Vũ",21.0152,105.7999,2024-06-05,0.42114927306783545,-0.3293254815080307,0.04937700324089547,0.25599109172119927,0,0,0,156,-0.8175031070155663,-0.6110862895893372,0.6939488219489292,0,1,1,1,0,1,1,1,train
2161292,"Số 46, phố Lưu Quang Vũ",21.0152,105.7999,2024-06-06,0.739201514036061,-0.36932086862503366,0.27489960555823156,-0.3545122786751897,0,0,2,156,-0.7924060645107732,-0.917986105737207,0.5921368325847604,45954,1,1,0,0,0,0,0,train
2161292,"Số 46, phố Lưu Quang Vũ",21.0152,105.7999,2024-06-07,1.0572537550042866,-0.4093162557420361,-0.5758950599964722,-1.0197326880494757,4,91,7,156,-0.7633891482588292,-0.8937304816535554,0.6426875751831786,0,0,0,0,0,1,1,1,train
2161292,"Số 46, phố Lưu Quang Vũ",21.0152,105.7999,2024-06-08,0.6528065981513407,-0.4095486154216439,-1.3690319516162683,-1.596824699195214,0,0,7,156,-0.7343722320068851,-0.8694748575699043,0.693238317781597,0,1,1,0,0,1,1,1,train
2161292,"Số 46, phố Lưu Quang Vũ",21.0152,105.7999,2024-06-09,0.24835944129839482,-0.40978097510125217,-1.0685075419836187,-0.22753171841613862,0,0,0,145,-0.7053553157549409,-0.8452192334862528,0.7437890603800152,0,1,1,1,0,1,1,1,train
2161292,"Số 46, phố Lưu Quang Vũ",21.0152,105.7999,2024-06-10,-0.15608771555455106,-0.41001333478086,-0.7679831323509693,0.38042743567423926,0,3,0,156,-0.6763383995029968,-0.8209636094026015,0.7943398029784335,0,1,0,1,0,1,1,1,train
2161292,"Số 46, phố Lưu Quang Vũ",21.0152,105.7999,2024-06-11,-0.5605348724074969,-0.577697661172381,-0.4674587227183199,-0.4654587925037243,54,52,79,156,-0.6473214832510528,-0.7967079853189502,0.8448905455768518,45954,0,0,0,0,0,0,0,train
2161292,"Số 46, phố Lưu Quang Vũ",21.0152,105.7999,2024-06-12,-0.9347907198654379,-0.7545097412220878,-0.6495207023142603,-0.6254811714472733,106,119,124,156,-0.3098938276907708,-0.5976532858541673,0.4647683478509629,0,0,0,0,0,1,1,1,train
2161292,"Số 46, phố Lưu Quang Vũ",21.0152,105.7999,2024-06-13,-1.1589059742523562,-0.6703161749193136,-0.0990523505109748,-0.9445885748937871,88,11,131,156,0.02753382786951128,-0.39859858638938445,0.08464615012507387,0,0,0,0,0,1,1,1,train
2161292,"Số 46, phố Lưu Quang Vũ",21.0152,105.7999,2024-06-14,-1.06128296470118,-0.6293436908045269,-0.14902398526121546,-1.3475433632744551,0,0,24,156,0.36496148342979334,-0.1995438869246016,-0.29547604760081514,0,1,1,0,0,1,1,1,train
2161292,"Số 46, phố Lưu Quang Vũ",21.0152,105.7999,2024-06-15,-0.9636599551500042,-0.5883712066897399,-0.31420569627268086,0.509729724936693,0,0,0,156,0.7023891389900753,-0.0004891874598187647,-0.6755982453267042,0,1,1,1,0,1,1,1,train
2161292,"Số 46, phố Lưu Quang Vũ",21.0152,105.7999,2024-06-16,-0.8660369455988282,-0.5473987225749531,-0.47938740728414636,-0.27864838242183165,79,42,96,156,1.0398167945503574,0.19856551200496408,-1.0557204430525933,45954,0,0,0,0,0,0,0,train
2161292,"Số 46, phố Lưu Quang Vũ",21.0152,105.7999,2024-06-17,-0.575467406101801,-0.35340975320516393,-0.4711802445741862,-0.4315892710354063,138,110,154,156,0.7770321366598589,-0.21505137426754495,-0.7707225722332545,0,0,0,0,0,1,1,1,train
2161292,"Số 46, phố Lưu Quang Vũ",21.0152,105.7999,2024-06-18,1.4122674772005248,0.008502447578836999,-0.5377643917139461,-1.381759935819819,63,11,111,156,0.5142474787693606,-0.628668260540054,-0.4857247014139156,0,0,0,0,0,1,1,1,train
2161292,"Số 46, phố Lưu Quang Vũ",21.0152,105.7999,2024-06-19,-0.4145449048395953,-0.36127425564746285,0.06950325135316493,-1.0209276283264561,124,110,156,156,0.25146282087886235,-1.0422851468125631,-0.20072683059457674,0,0,0,0,0,1,1,1,train
2161292,"Số 46, phố Lưu Quang Vũ",21.0152,105.7999,2024-06-20,-0.6487946581395932,-0.9094901021259757,-1.1780915074207943,1.246803607816721,10,14,89,156,-0.011321837011636075,-1.455902033085072,0.08427104022476213,0,0,0,0,0,1,1,1,train
2161292,"Số 46, phố Lưu Quang Vũ",21.0152,105.7999,2024-06-21,-0.5012563255835255,-0.7893784201851305,-1.3581947460139434,0.24377093789871965,0,4,7,156,-0.27410649490213457,-1.8695189193575807,0.36926891104410103,45954,1,0,0,0,0,0,0,train
2161292,"Số 46, phố Lưu Quang Vũ",21.0152,105.7999,2024-06-22,-0.3537179930274577,-0.6021390631517245,-0.260457046501105,-0.543686530028718,19,1,82,156,-0.36026540368479576,-2.0303374056736567,0.4321811676553966,0,0,0,0,0,1,1,1,train
2161292,"Số 46, phố Lưu Quang Vũ",21.0152,105.7999,2024-06-23,0.7132017134755252,-1.0506911522174636,0.5393083611418916,-1.2074147571348934,5,78,24,156,-0.44642431246745695,-2.191155891989733,0.4950934242666922,0,0,0,0,0,1,1,1,train
2161292,"Số 46, phố Lưu Quang Vũ",21.0152,105.7999,2024-06-24,0.45968921880425234,-1.0529818404830142,0.3040344447864955,-1.3724831428758273,0,0,0,156,-0.5325832212501181,-2.3519743783058087,0.5580056808779879,0,1,1,1,0,1,1,1,train
2161292,"Số 46, phố Lưu Quang Vũ",21.0152,105.7999,2024-06-25,0.20617672413297947,-1.0552725287485654,0.06876052843109925,-0.5970589364505222,0,0,0,149,-0.6187421300327793,-2.512792864621885,0.6209179374892834,0,1,1,1,0,1,1,1,train
2161292,"Số 46, phố Lưu Quang Vũ",21.0152,105.7999,2024-06-26,-0.04733577053829338,-1.0575632170141158,-0.16651338792429696,0.27324260524475597,0,10,0,156,-0.7049010388154405,-2.673611350937961,0.683830194100579,45954,1,0,1,0,0,0,0,train
2161292,"Số 46, phố Lưu Quang Vũ",21.0152,105.7999,2024-06-27,-0.30084826520956626,-1.173490106579683,-0.4017873042796932,-0.43259411260678754,66,106,88,156,-0.5472466165941611,-2.0348627484388655,0.5240570426471601,0,0,0,0,0,1,1,1,train
2161292,"Số 46, phố Lưu Quang Vũ",21.0152,105.7999,2024-06-28,0.36665036511183635,-1.219504686652899,-0.7014536769928476,-1.0294198983057123,27,31,48,156,-0.38959219437288156,-1.3961141459397697,0.3642838911937413,0,0,0,0,0,1,1,1,train
2161292,"Số 46, phố Lưu Quang Vũ",21.0152,105.7999,2024-06-29,0.2128882299186023,-1.2429781505694075,-0.6800218321733789,-1.7001027041020893,0,0,90,156,-0.23193777215160213,-0.7573655434406737,0.20451073974032255,0,1,1,0,0,1,1,1,train
2161292,"Số 46, phố Lưu Quang Vũ",21.0152,105.7999,2024-06-30,0.059126094725368734,-1.2664516144859157,-0.3162550130288647,-1.0893126365787569,0,0,15,156,-0.07428334993032247,-0.11861694094157796,0.044737588286903766,0,1,1,0,0,1,1,1,train
2161292,"Số 46, phố Lưu Quang Vũ",21.0152,105.7999,2024-07-01,-0.0946360404678653,-1.289925078402424,0.8210365601225111,0.39882383029827634,0,0,0,156,0.08337107229095699,0.5201316615575179,-0.115035563166515,45954,1,1,1,0,0,0,0,train
2161292,"Số 46, phố Lưu Quang Vũ",21.0152,105.7999,2024-07-02,-0.24839817566109887,-1.3133985423189325,1.9583281332738869,-0.2897997648007419,0,0,12,156,-0.12436641900360845,0.5749846098889569,0.13500607889032473,0,1,1,0,0,1,1,1,train
2161292,"Số 46, phố Lưu Quang Vũ",21.0152,105.7999,2024-07-03,-0.4021603108543329,-1.3368720062354407,0.7423756361734697,-0.2140174503355863,0,0,0,156,-0.3321039102981739,0.6298375582203961,0.38504772094716444,0,1,1,1,0,1,1,1,train
2161292,"Số 46, phố Lưu Quang Vũ",21.0152,105.7999,2024-07-04,-0.5559224460475667,-1.3603454701519493,-0.4735768609269477,-1.4009753733746086,17,16,46,156,-0.5398414015927393,0.6846905065518354,0.6350893630040041,0,0,0,0,0,1,1,1,train
2161292,"Số 46, phố Lưu Quang Vũ",21.0152,105.7999,2024-07-05,-0.7197150903821871,-1.3654985642202324,-0.4323930656025635,-0.8405333332433784,127,153,148,156,-0.7475788928873047,0.7395434548832744,0.8851310050608439,0,0,0,0,0,1,1,1,train
2161292,"Số 46, phố Lưu Quang Vũ",21.0152,105.7999,2024-07-06,-0.6890100275339822,-1.198602133502876,-0.6017104259195715,0.6959516382795664,31,123,75,156,-0.9553163841818703,0.7943964032147136,1.1351726471176835,45954,0,0,0,0,0,0,0,train
2161292,"Số 46, phố Lưu Quang Vũ",21.0152,105.7999,2024-07-07,-0.9311327242323688,-1.247811113725436,-0.7272426931830216,0.13732824194628696,61,66,100,156,-0.5906431414327699,0.9906366181840418,0.6280809124861751,0,0,0,0,0,1,1,1,train
2161292,"Số 46, phố Lưu Quang Vũ",21.0152,105.7999,2024-07-08,-0.7170597354555358,-1.2346260655208614,-0.24687826223819567,-0.4964574830956842,44,116,58,156,-0.22596989868366954,1.18687683315337,0.12098917785466702,0,0,0,0,0,1,1,1,train
2161292,"Số 46, phố Lưu Quang Vũ",21.0152,105.7999,2024-07-09,-0.8678633426138341,-1.1163909879877356,-0.5841217815108366,-1.255619082692632,16,132,61,156,0.1387033440654309,1.3831170481226982,-0.38610255677684113,0,0,0,0,0,1,1,1,train
2161292,"Số 46, phố Lưu Quang Vũ",21.0152,105.7999,2024-07-10,-1.1100265103213751,-1.4166517840624144,-0.08814382853087828,-0.9307672105065458,2,8,9,156,0.5033765868145312,1.579357263092026,-0.8931942914083493,0,0,0,0,0,1,1,1,train
2161292,"Số 46, phố Lưu Quang Vũ",21.0152,105.7999,2024-07-11,-0.2720751538579236,-1.2138924640392854,0.24931310788024902,-0.24883531529941474,106,90,20,141,0.8680498295636317,1.7755974780613542,-1.4002860260398575,45954,0,0,0,0,0,0,0,train
2161292,"Số 46, phố Lưu Quang Vũ",21.0152,105.7999,2024-07-12,-1.0938930406626333,-1.056314965542796,-0.089536771230517,0.4227119677947538,70,152,109,156,0.48591310160769857,1.0146669250947773,-0.8465355562158847,0,0,0,0,0,1,1,1,train
2161292,"Số 46, phố Lưu Quang Vũ",21.0152,105.7999,2024-07-13,-0.7378265647548045,-1.1562867631646256,-0.1292328357493754,-0.30509664870433056,73,118,88,156,0.10377637365176555,0.2537363721282001,-0.2927850863919122,0,0,0,0,0,1,1,1,train
2161292,"Số 46, phố Lưu Quang Vũ",21.0152,105.7999,2024-07-14,-0.4209087490094833,-1.2904983413678424,-0.3935840719358975,-0.8050330718578796,13,4,25,156,-0.2783603543041675,-0.5071941808383769,0.2609653834320603,0,0,0,0,0,1,1,1,train
2161292,"Số 46, phố Lưu Quang Vũ",21.0152,105.7999,2024-07-15,-1.1538984797967935,-1.2745673853767399,0.09267692282503309,-1.3174325166527863,35,141,61,156,-0.6604970822601006,-1.2681247338049542,0.8147158532560329,0,0,0,0,0,1,1,1,train
2161292,"Số 46, phố Lưu Quang Vũ",21.0152,105.7999,2024-07-16,-0.8598647995318629,-1.1162049911550018,-0.04286506842349003,-0.6695950602012136,12,79,67,156,-1.0426338102160333,-2.0290552867715306,1.3684663230800056,45954,0,0,0,0,0,0,0,train
2161292,"Số 46, phố Lưu Quang Vũ",21.0152,105.7999,2024-07-17,-0.6911446301025068,-1.0804558953660335,-0.6291627079520643,0.19040087560955604,0,0,2,156,-1.1655240521199939,-1.5979954834902097,1.4545929950865262,0,1,1,0,0,1,1,1,train
2161292,"Số 46, phố Lưu Quang Vũ",21.0152,105.7999,2024-07-18,-0.5224244606731506,-1.0447067995770651,-0.44486571342697023,-0.2565013755729659,0,56,0,156,-1.288414294023954,-1.1669356802088882,1.5407196670930472,0,1,0,1,0,1,1,1,train
2161292,"Số 46, phố Lưu Quang Vũ",21.0152,105.7999,2024-07-19,-0.35370429124379416,-1.0400342427804516,-0.26056871890187616,-0.8782412002065613,16,106,41,156,-1.4113045359279144,-0.735875876927567,1.6268463390995682,0,0,0,0,0,1,1,1,train
2161292,"Số 46, phố Lưu Quang Vũ",21.0152,105.7999,2024-07-20,-1.1015695918285109,-1.376346106774674,-0.5888094757450314,-1.3784025406473508,1,28,20,156,-1.5341947778318745,-0.3048160736462458,1.7129730111060888,0,0,0,0,0,1,1,1,train
2161292,"Số 46, phố Lưu Quang Vũ",21.0152,105.7999,2024-07-21,-0.7273632230337994,-1.1902307760552433,0.6069508465837069,-1.1048339599845893,85,153,143,156,-1.6570850197358347,0.12624372963507577,1.79909968311261,45954,0,0,0,0,0,0,0,train
2161292,"Số 46, phố Lưu Quang Vũ",21.0152,105.7999,2024-07-22,-0.8814346633064014,-1.1726378483651654,0.4719527536690765,0.7940314021444531,0,0,0,156,-1.1906272410076995,0.3975820379841417,1.2250280440256027,0,1,1,1,0,1,1,1,train
2161292,"Số 46, phố Lưu Quang Vũ",21.0152,105.7999,2024-07-23,-1.0355061035790036,-1.1550449206750872,0.3369546607544461,0.3047455027171013,0,0,0,156,-0.724169462279564,0.6689203463332076,0.6509564049385953,0,1,1,1,0,1,1,1,train
2161292,"Số 46, phố Lưu Quang Vũ",21.0152,105.7999,2024-07-24,-1.1895775438516056,-1.137451992985009,0.2019565678398156,-0.5398907073985677,14,89,29,156,-0.25771168355142876,0.9402586546822737,0.07688476585158793,0,0,0,0,0,1,1,1,train
2161292,"Số 46, phố Lưu Quang Vũ",21.0152,105.7999,2024-07-25,-1.2402582848608759,-1.3108096318589562,-0.5523982612613532,-1.3644434547347837,5,10,31,156,0.2087460951767067,1.2115969630313397,-0.49718687323541944,0,0,0,0,0,1,1,1,train
2161292,"Số 46, phố Lưu Quang Vũ",21.0152,105.7999,2024-07-26,-1.0766691373873332,-0.8403696427858955,-0.20566260391207636,-1.177190078237739,140,24,156,156,0.6752038739048418,1.4829352713804056,-1.071258512322427,45954,0,0,0,0,0,0,0,train
2161292,"Số 46, phố Lưu Quang Vũ",21.0152,105.7999,2024-07-27,-0.918111335622397,-0.7265092180313543,-0.837471835590689,-0.5671517456837369,51,0,33,133,0.43221229376777986,0.8287131889604656,-0.7794119973479361,0,0,1,0,0,1,1,1,train
2161292,"Số 46, phố Lưu Quang Vũ",21.0152,105.7999,2024-07-28,-0.8897520326366359,-0.6126487932768131,-3.5464599231951177,0.18736102829058224,0,0,2,156,0.189220713630718,0.17449110654052555,-0.4875654823734451,0,1,1,0,0,1,1,1,train
2161292,"Số 46, phố Lưu Quang Vũ",21.0152,105.7999,2024-07-29,-0.8613927296508748,-0.4987883685222718,-2.857641546704433,0.059397716550861,0,8,0,156,-0.053770866506344,-0.47973097587941427,-0.19571896739895417,0,1,0,1,0,1,1,1,train
2161292,"Số 46, phố Lưu Quang Vũ",21.0152,105.7999,2024-07-30,-0.8330334266651136,-0.6845204216774676,-2.1688231702137486,-0.3353404390013568,0,0,0,156,-0.29676244664340584,-1.1339530582993544,0.09612754757553678,0,1,1,1,0,1,1,1,train
2161292,"Số 46, phố Lưu Quang Vũ",21.0152,105.7999,2024-07-31,-0.8046741236793523,-0.8702524748326635,-1.4800047937230638,-1.061624518229579,0,0,0,156,-0.5397540267804679,-1.7881751407192943,0.38797406255002775,45954,1,1,1,0,0,0,0,train
2161292,"Số 46, phố Lưu Quang Vũ",21.0152,105.7999,2024-08-01,-0.7763148206935911,-1.0559845279878592,-0.791186417232379,-1.1740756367361407,0,0,0,156,-0.4778110816207561,-1.265693630017797,0.3902328923099662,0,1,1,1,0,1,1,1,train
2161292,"Số 46, phố Lưu Quang Vũ",21.0152,105.7999,2024-08-02,-0.7479555177078301,-1.2417165811430553,-0.10236804074169432,-0.031535593155268556,0,9,0,156,-0.4158681364610442,-0.7432121193162996,0.39249172206990457,0,1,0,1,0,1,1,1,train
2161292,"Số 46, phố Lưu Quang Vũ",21.0152,105.7999,2024-08-03,-0.7195962147220689,-0.8522077139275752,0.5864503357489903,-0.1847676320012643,5,47,8,156,-0.3539251913013324,-0.2207306086148021,0.3947505518298431,0,0,0,0,0,1,1,1,train
2161292,"Số 46, phố Lưu Quang Vũ",21.0152,105.7999,2024-08-04,-1.2218706180527437,-1.1536177631593714,-0.08869285882216915,-0.6283755332347234,112,148,133,156,-0.2919822461416206,0.30175090208669536,0.39700938158978144,0,0,0,0,0,1,1,1,train
2161292,"Số 46, phố Lưu Quang Vũ",21.0152,105.7999,2024-08-05,-0.5990056748837597,-1.1283166030932175,-0.12418773401686196,-1.2480876383419273,63,115,86,156,-0.23003930098190875,0.8242324127881928,0.3992682113497199,45954,0,0,0,0,0,0,0,train
2161292,"Số 46, phố Lưu Quang Vũ",21.0152,105.7999,2024-08-06,-0.9588069017868469,-1.0313207547951828,-0.10681788192933402,-1.455117371979998,45,129,139,156,0.24275009391122024,0.9658634970069357,-0.17028308275534407,0,0,0,0,0,1,1,1,train
2161292,"Số 46, phố Lưu Quang Vũ",21.0152,105.7999,2024-08-07,-1.086937989901336,-1.086603540680338,1.778218382831818,1.0507367106532008,96,95,48,156,0.7155394888043491,1.107494581225679,-0.7398343768604081,0,0,0,0,0,1,1,1,train
2161292,"Số 46, phố Lưu Quang Vũ",21.0152,105.7999,2024-08-08,-0.9084626156875372,-1.1814586527048059,0.28158876317772735,-0.05688095249579444,110,156,133,156,1.1883288836974784,1.2491256654444218,-1.3093856709654719,0,0,0,0,0,1,1,1,train
2161292,"Số 46, phố Lưu Quang Vũ",21.0152,105.7999,2024-08-09,-0.9721032141486607,-1.208801141646391,-0.09247387107240687,-0.1167539821377212,149,77,153,156,1.6611182785906071,1.3907567496631645,-1.8789369650705356,0,0,0,0,0,1,1,1,train
2161292,"Số 46, phố Lưu Quang Vũ",21.0152,105.7999,2024-08-10,-0.7041908426230047,-1.0911370089363355,0.2288132947436681,-0.12744483950284718,137,152,152,156,2.1339076734837366,1.5323878338819077,-2.4484882591756,45954,0,0,0,0,0,0,0,train
2161292,"Số 46, phố Lưu Quang Vũ",21.0152,105.7999,2024-08-11,-0.39631474510941045,-1.052009402496801,-1.665843157505229,-1.583216665809041,0,0,7,156,1.8311535852586414,1.286050360655201,-2.084915388830212,0,1,1,0,0,1,1,1,train
2161292,"Số 46, phố Lưu Quang Vũ",21.0152,105.7999,2024-08-12,-0.08843864759581613,-1.0128817960572665,-2.1884807376647615,1.1302127212054423,2,0,15,36,1.5283994970335462,1.0397128874284942,-1.7213425184848241,0,0,1,0,0,1,1,1,train
2161292,"Số 46, phố Lưu Quang Vũ",21.0152,105.7999,2024-08-13,-0.5985145674341148,-0.973754189617732,-0.9370166148009608,0.22670195690741454,13,4,42,156,1.2256454088084514,0.7933754142017875,-1.357769648139436,0,0,0,0,0,1,1,1,train
2161292,"Số 46, phố Lưu Quang Vũ",21.0152,105.7999,2024-08-14,-0.6907585273714933,-1.1029595348881829,0.40968521062953134,-0.3064632929645337,0,2,4,156,0.9228913205833563,0.5470379409750808,-0.9941967777940481,0,1,0,0,0,1,1,1,train
2161292,"Số 46, phố Lưu Quang Vũ",21.0152,105.7999,2024-08-15,-0.7830024873088719,-0.7492903755550382,0.33926058410176696,-1.1478639934733037,31,38,53,156,0.6201372323582613,0.30070046774837417,-0.6306239074486599,45954,0,0,0,0,0,0,0,train
2161292,"Số 46, phố Lưu Quang Vũ",21.0152,105.7999,2024-08-16,-0.9548552058835823,-0.2715798739248757,-0.4109785469534649,-1.5017926661017482,50,69,86,156,0.3553828973067318,0.29191994886466305,-0.3295929697421755,0,0,0,0,0,1,1,1,train
2161292,"Số 46, phố Lưu Quang Vũ",21.0152,105.7999,2024-08-17,-0.8559408243668433,-0.08360498396201259,-0.0016551443039235741,-1.2009368287021185,0,1,108,156,0.09062856225520213,0.2831394299809518,-0.028562032035690983,0,1,0,0,0,1,1,1,train
2161292,"Số 46, phố Lưu Quang Vũ",21.0152,105.7999,2024-08-18,-0.7570264428501046,0.11770822432271505,-0.6415641992878556,0.7567073159799447,12,15,30,156,-0.17412577279632763,0.27435891109724064,0.2724689056707935,0,0,0,0,0,1,1,1,train
2161292,"Số 46, phố Lưu Quang Vũ",21.0152,105.7999,2024-08-19,-0.4419308374636696,0.02616614679105027,-0.2461122827116064,0.028484982465980548,27,43,63,156,-0.43888010784785725,0.2655783922135294,0.573499843377278,0,0,0,0,0,1,1,1,train
2161292,"Số 46, phố Lưu Quang Vũ",21.0152,105.7999,2024-08-20,-0.5641535388467169,-0.31530494753059896,-0.6429772240655004,-0.9378559870577212,50,33,92,156,-0.7036344428993869,0.2567978733298183,0.8745307810837624,45954,0,0,0,0,0,0,0,train
2161292,"Số 46, phố Lưu Quang Vũ",21.0152,105.7999,2024-08-21,-0.5885125825306331,-0.5344880333347976,-0.8296908269020195,-1.8063073810068222,0,0,32,156,-0.48844501959385206,0.04602109526236699,0.6178896907927275,0,1,1,0,0,1,1,1,train
2161292,"Số 46, phố Lưu Quang Vũ",21.0152,105.7999,2024-08-22,-0.6128716262145494,-0.7536711191389961,-0.019154855456960187,-1.56922986836666,40,4,101,156,-0.2732555962883172,-0.16475568280508432,0.36124860050169244,0,0,0,0,0,1,1,1,train
2161292,"Số 46, phố Lưu Quang Vũ",21.0152,105.7999,2024-08-23,0.13857085485329493,-0.9593702527376317,-0.3493512892452605,0.6113743471781237,0,0,0,156,-0.05806617298278258,-0.37553246087253545,0.10460751021065746,0,1,1,1,0,1,1,1,train
2161292,"Số 46, phố Lưu Quang Vũ",21.0152,105.7999,2024-08-24,0.8900133359211392,-1.1650693863362669,-0.6795477230335608,-0.045779438925924475,29,77,71,156,0.15712325032275234,-0.5863092389399869,-0.15203358008037765,0,0,0,0,0,1,1,1,train
2161292,"Số 46, phố Lưu Quang Vũ",21.0152,105.7999,2024-08-25,-1.148957210628938,-1.166634268779438,0.3697367363676272,-0.7016130453607079,2,8,14,156,0.3723126736282871,-0.797086017007438,-0.40867467037141253,45954,0,0,0,0,0,0,0,train
2161292,"Số 46, phố Lưu Quang Vũ",21.0152,105.7999,2024-08-26,-0.9722965615403574,-0.9344671313479841,-0.05900447752133675,-0.8554037940373289,94,156,135,156,0.11396830448544254,-1.084091686672304,-0.14473628924071502,0,0,0,0,0,1,1,1,train
2161292,"Số 46, phố Lưu Quang Vũ",21.0152,105.7999,2024-08-27,-0.24675159341194972,-1.032170831228675,-0.1316410164487362,-1.0750672380068613,140,155,153,156,-0.14437606465740194,-1.37109735633717,0.11920209188998249,0,0,0,0,0,1,1,1,train
2161292,"Số 46, phố Lưu Quang Vũ",21.0152,105.7999,2024-08-28,-0.7682186433409909,-0.8847113422549883,-0.008233553972677925,0.3034528918020557,102,156,50,135,-0.40272043380024647,-1.658103026002036,0.38314047302068,0,0,0,0,0,1,1,1,train
2161292,"Số 46, phố Lưu Quang Vũ",21.0152,105.7999,2024-08-29,-0.6448501302990782,-0.5643297524453,0.13741139698845328,0.6192345673297468,0,0,0,156,-0.661064802943091,-1.9451086956669017,0.6470788541513776,0,1,1,1,0,1,1,1,train
2161292,"Số 46, phố Lưu Quang Vũ",21.0152,105.7999,2024-08-30,-0.5214816172571656,-0.24394816263561192,0.2830563479495845,-0.12139324459502349,155,99,156,156,-0.9194091720859355,-2.2321143653317677,0.911017235282075,45954,0,0,0,0,0,0,0,train
2161292,"Số 46, phố Lưu Quang Vũ",21.0152,105.7999,2024-08-31,-0.3679604896722608,-0.7105809438127693,-0.28756818321599226,-1.2361622442682116,147,143,153,156,-0.29826523492214146,-1.4976423479649357,0.24904593511890094,0,0,0,0,0,1,1,1,train
2161292,"Số 46, phố Lưu Quang Vũ",21.0152,105.7999,2024-09-01,-0.8615969650670899,-1.524580946181603,-0.953196327594447,-1.4117055882788456,0,9,5,156,0.3228787022416526,-0.7631703305981035,-0.41292536504427313,0,1,0,0,0,1,1,1,train
2161292,"Số 46, phố Lưu Quang Vũ",21.0152,105.7999,2024-09-02,-1.3552334404619193,-1.1572088383720813,0.06089247027169772,-0.8957539314790288,70,155,156,156,0.9440226394054467,-0.02869831323127133,-1.0748966652074472,0,0,0,0,0,1,1,1,train
2161292,"Số 46, phố Lưu Quang Vũ",21.0152,105.7999,2024-09-03,-1.0629688761441787,-0.7715669053081885,0.27147665199123927,0.5981072133871629,150,89,155,156,1.5651665765692409,0.7057737041355606,-1.7368679653706214,0,0,0,0,0,1,1,1,train
2161292,"Số 46, phố Lưu Quang Vũ",21.0152,105.7999,2024-09-04,-0.7314160330257667,-0.412400475949405,0.33382621332273754,-0.07118846311727303,156,156,156,156,2.186310513733035,1.4402457215023927,-2.3988392655337956,45954,0,0,0,0,0,0,0,train
2161292,"Số 46, phố Lưu Quang Vũ",21.0152,105.7999,2024-09-05,-0.8678016845873482,-0.3826996180765982,-0.20322907115178596,-0.7413307149129025,129,154,150,156,1.6880265561846606,0.7176460593351576,-1.877000305279669,0,0,0,0,0,1,1,1,train
2161292,"Số 46, phố Lưu Quang Vũ",21.0152,105.7999,2024-09-06,-0.43237282841139746,-0.49804083579714875,-0.33451702916497583,-1.5618632598398496,66,122,110,156,1.1897425986362868,-0.004953602832077488,-1.3551613450255433,0,0,0,0,0,1,1,1,train
2161292,"Số 46, phố Lưu Quang Vũ",21.0152,105.7999,2024-09-07,-0.5198468126214428,-0.5552866109826494,-0.3010781298675621,-0.8592423187015676,0,0,0,156,0.6914586410879128,-0.7275532649993129,-0.8333223847714168,0,1,1,1,0,1,1,1,train
2161292,"Số 46, phố Lưu Quang Vũ",21.0152,105.7999,2024-09-08,-0.6073207968314885,-0.6125323861681505,-0.2676392305701484,0.8219318063400189,0,0,0,156,0.19317468353953907,-1.4501529271665479,-0.31148342451729066,0,1,1,1,0,1,1,1,train
2161292,"Số 46, phố Lưu Quang Vũ",21.0152,105.7999,2024-09-09,-0.6947947810415339,-0.6697781613536511,-0.23420033127273465,0.33505190337853163,0,0,0,156,-0.3051092740088349,-2.172752589333783,0.21035553573683544,45954,1,1,1,0,0,0,0,train
2161292,"Số 46, phố Lưu Quang Vũ",21.0152,105.7999,2024-09-10,-0.7822687652515793,-0.7270239365391518,-0.20076143197532095,-0.3089538667065688,0,9,0,156,0.1125053434931476,-1.4257780816605952,-0.2218877481197267,0,1,0,1,0,1,1,1,train
2161292,"Số 46, phố Lưu Quang Vũ",21.0152,105.7999,2024-09-11,-0.8697427494616249,-0.734089498040825,-0.1673225326779072,-0.21178499993806885,0,0,0,156,0.5301199609951301,-0.6788035739874072,-0.6541310319762891,0,1,1,1,0,1,1,1,train
2161292,"Số 46, phố Lưu Quang Vũ",21.0152,105.7999,2024-09-12,-0.9572167336716703,-0.7411550595424984,-0.1338836333804935,-1.4438142928646063,3,36,39,156,0.9477345784971126,0.06817093368578074,-1.0863743158328512,0,0,0,0,0,1,1,1,train
2161292,"Số 46, phố Lưu Quang Vũ",21.0152,105.7999,2024-09-13,-1.2767385860890883,-0.8727080012003459,-0.7507807491345655,-0.15378243883546378,6,136,30,135,1.3653491959990953,0.8151454413589686,-1.5186175996894131,0,0,0,0,0,1,1,1,train
2161292,"Số 46, phố Lưu Quang Vũ",21.0152,105.7999,2024-09-14,-0.6000440924697432,-0.558887436029338,-0.8740001935913527,0.17733018610618306,83,105,141,156,1.7829638135010781,1.5621199490321567,-1.9508608835459753,45954,0,0,0,0,0,0,0,train
2161292,"Số 46, phố Lưu Quang Vũ",21.0152,105.7999,2024-09-15,-0.6835893228062694,-0.2711416086606419,-0.3375192474995318,-0.7655947870825603,96,146,137,156,1.4348217667493623,1.490745416351142,-1.5733884461998315,0,0,0,0,0,1,1,1,train
2161292,"Số 46, phố Lưu Quang Vũ",21.0152,105.7999,2024-09-16,-0.943368924517398,-0.37264597109415354,-0.02676575371184199,-0.7693850554621227,151,132,156,156,1.0866797199976466,1.419370883670127,-1.195916008853688,0,0,0,0,0,1,1,1,train
2161292,"Số 46, phố Lưu Quang Vũ",21.0152,105.7999,2024-09-17,-0.5186723710010335,-1.2951989885952038,-0.738671686344054,-1.6605491536962933,0,66,20,156,0.7385376732459309,1.3479963509891124,-0.8184435715075445,0,1,0,0,0,1,1,1,train
2161292,"Số 46, phố Lưu Quang Vũ",21.0152,105.7999,2024-09-18,-0.09397581748466925,-0.8112235027397587,0.24147772525020317,-0.5337835998464291,0,85,29,156,0.3903956264942149,1.2766218183080975,-0.4409711341614009,0,1,0,0,0,1,1,1,train
2161292,"Số 46, phố Lưu Quang Vũ",21.0152,105.7999,2024-09-19,0.3307207360316952,-0.7742177692586414,0.6919091764631953,0.9282094051798878,2,17,28,156,0.04225357974249921,1.2052472856270826,-0.06349869681525738,45954,0,0,0,0,0,0,0,train
2161292,"Số 46, phố Lưu Quang Vũ",21.0152,105.7999,2024-09-20,-0.7589718423935958,-1.0048412966119529,-0.14191523198290495,-0.0923352270753517,17,44,33,156,0.43695127216571006,1.271354453342914,-0.5095895480092197,0,0,0,0,0,1,1,1,train
2161292,"Số 46, phố Lưu Quang Vũ",21.0152,105.7999,2024-09-21,-1.1678465149611972,-0.36758942083640717,0.19833942162505117,-1.0522752214123243,52,106,87,156,0.8316489645889212,1.3374616210587456,-0.9556803992031823,0,0,0,0,0,1,1,1,train
2161292,"Số 46, phố Lưu Quang Vũ",21.0152,105.7999,2024-09-22,-0.8656746941208592,-0.4689677854154869,-0.6450352242557991,-0.5370359420427268,0,0,0,156,1.2263466570121322,1.4035687887745771,-1.4017712503971445,0,1,1,1,0,1,1,1,train
2161292,"Số 46, phố Lưu Quang Vũ",21.0152,105.7999,2024-09-23,-0.5635028732805211,-0.5703461499945667,-1.4884098701366493,-0.8377412771683663,0,74,8,156,1.621044349435343,1.4696759564904087,-1.8478621015911072,0,1,0,0,0,1,1,1,train
2161292,"Số 46, phố Lưu Quang Vũ",21.0152,105.7999,2024-09-24,-0.26133105244018284,0.012113022459492674,0.04057029108046815,0.5256967022982846,155,20,156,156,2.0157420418585543,1.53578312420624,-2.2939529527850695,45954,0,0,0,0,0,0,0,train
2161292,"Số 46, phố Lưu Quang Vũ",21.0152,105.7999,2024-09-25,0.10067489294906547,-0.7878626278151067,-0.11838825198926535,0.10340214774819234,0,6,0,156,1.4185368010194073,1.482050013745156,-1.6243039165739954,0,1,0,1,0,1,1,1,train
2161292,"Số 46, phố Lưu Quang Vũ",21.0152,105.7999,2024-09-26,0.4626808383383135,-0.4008610360860928,-0.2773467950589989,-0.9381377607595801,68,129,107,156,0.8213315601802598,1.428316903284072,-0.9546548803629209,0,0,0,0,0,1,1,1,train
2161292,"Số 46, phố Lưu Quang Vũ",21.0152,105.7999,2024-09-27,-0.4026082407696554,-0.6446044309357271,-0.20076210357034063,-1.146650777920196,126,143,152,156,0.22412631934111263,1.3745837928229874,-0.28500584415184654,0,0,0,0,0,1,1,1,train
2161292,"Số 46, phố Lưu Quang Vũ",21.0152,105.7999,2024-09-28,0.5000077956154034,-0.5549405941475535,-0.005291477217419993,-0.9977973399541895,127,146,156,156,-0.37307892149803473,1.3208506823619035,0.38464319205922776,0,0,0,0,0,1,1,1,train
2161292,"Số 46, phố Lưu Quang Vũ",21.0152,105.7999,2024-09-29,0.48504206469833405,-0.7210434020155487,-0.27097115972508584,-0.27742644729253235,0,156,0,144,-0.9702841623371816,1.2671175719008194,1.0542922282703018,45954,1,0,1,0,0,0,0,train
2161292,"Số 46, phố Lưu Quang Vũ",21.0152,105.7999,2024-09-30,0.4700763337812652,-0.586104063477798,-0.5366508422327515,0.5514129571733525,0,75,9,156,-0.40638926103543505,1.3045419838574734,0.40645723604097994,0,1,0,0,0,1,1,1,train
2161292,"Số 46, phố Lưu Quang Vũ",21.0152,105.7999,2024-10-01,0.45511060286419586,-0.8826779223357979,-0.6144860695089384,-0.16340759676524189,7,65,11,156,0.1575056402663115,1.3419663958141275,-0.2413777561883418,0,0,0,0,0,1,1,1,train
2161292,"Số 46, phố Lưu Quang Vũ",21.0152,105.7999,2024-10-02,-0.6605556095208847,-0.09682030437836443,-0.04464095437321435,-0.6909936765757272,103,116,115,156,0.721400541568058,1.3793908077707815,-0.8892127484176638,0,0,0,0,0,1,1,1,train
2161292,"Số 46, phố Lưu Quang Vũ",21.0152,105.7999,2024-10-03,-0.42334614408119015,-0.0998968883521353,-0.4415650052945806,-0.3707366029806791,156,79,156,156,1.2852954428698047,1.4168152197274355,-1.5370477406469853,0,0,0,0,0,1,1,1,train
2161292,"Số 46, phố Lưu Quang Vũ",21.0152,105.7999,2024-10-04,0.26202861979157166,0.29988148580636853,1.3364900646759053,-0.4930192825356338,111,27,138,156,1.8491903441715511,1.4542396316840895,-2.184882732876307,45954,0,0,0,0,0,0,0,train
2161292,"Số 46, phố Lưu Quang Vũ",21.0152,105.7999,2024-10-05,0.14897291915291588,0.09257983404180353,2.257977203073489,0.27877802251840705,156,103,156,156,1.2241097598313178,1.3226016801392069,-1.4397596115844675,0,0,0,0,0,1,1,1,train
2161292,"Số 46, phố Lưu Quang Vũ",21.0152,105.7999,2024-10-06,-0.18780804251171562,0.23408196991532537,0.418426065900099,-0.31135210849797357,156,132,156,156,0.5990291754910845,1.1909637285943242,-0.6946364902926279,0,0,0,0,0,1,1,1,train
2161292,"Số 46, phố Lưu Quang Vũ",21.0152,105.7999,2024-10-07,-0.39045983339476664,-0.15082593019356516,0.46927616655885845,-0.7787717389553762,130,139,146,156,-0.02605140884914887,1.059325777049441,0.05048663099921177,0,0,0,0,0,1,1,1,train
2161292,"Số 46, phố Lưu Quang Vũ",21.0152,105.7999,2024-10-08,0.009474552200728193,0.23760445538692807,0.23750172962763957,-0.9498626045808918,155,105,156,156,-0.6511319931893822,0.9276878255045585,0.7956097522910517,0,0,0,0,0,1,1,1,train
2161292,"Số 46, phố Lưu Quang Vũ",21.0152,105.7999,2024-10-09,-0.321106479224509,-0.10688949655064094,1.233320790164774,-0.41750249708244624,17,55,58,156,-1.276212577529616,0.7960498739596756,1.5407328735828913,45954,0,0,0,0,0,0,0,train
2161292,"Số 46, phố Lưu Quang Vũ",21.0152,105.7999,2024-10-10,-0.3136147752697223,-0.27374801882262173,-0.8187935727468146,0.10506919932512927,20,59,41,156,-1.1636701822992979,0.8839784129937531,1.392012572011878,0,0,0,0,0,1,1,1,train
2161292,"Số 46, phố Lưu Quang Vũ",21.0152,105.7999,2024-10-11,0.2935371400096037,0.09618222724360385,0.34540274638286766,-0.11922263749302849,60,123,117,156,-1.05112778706898,0.9719069520278304,1.2432922704408649,0,0,0,0,0,1,1,1,train
2161292,"Số 46, phố Lưu Quang Vũ",21.0152,105.7999,2024-10-12,-0.29676855912374084,0.10777130262533541,0.14150295467889465,-0.8781255762373374,50,135,105,156,-0.9385853918386621,1.0598354910619077,1.0945719688698516,0,0,0,0,0,1,1,1,train
2161292,"Số 46, phố Lưu Quang Vũ",21.0152,105.7999,2024-10-13,-0.5477670936636683,-0.06448140051865626,0.3051613319303843,-1.3578682970551614,32,115,78,156,-0.8260429966083441,1.147764030095985,0.9458516672988382,0,0,0,0,0,1,1,1,train
2161292,"Số 46, phố Lưu Quang Vũ",21.0152,105.7999,2024-10-14,-0.3086971036181763,0.067331718526918,0.5549687074431567,-0.7926453013535172,40,154,156,156,-0.7135006013780263,1.2356925691300624,0.7971313657278251,45954,0,0,0,0,0,0,0,train
2161292,"Số 46, phố Lưu Quang Vũ",21.0152,105.7999,2024-10-15,-0.6079089162926278,-0.4636764209744775,1.6739074881158025,0.40398621506933335,3,156,15,145,-0.411608277844333,1.254768408161341,0.47077057638990427,0,0,0,0,0,1,1,1,train
2161292,"Số 46, phố Lưu Quang Vũ",21.0152,105.7999,2024-10-16,-0.3462425916578633,-0.43126497289554866,0.07210171177658668,-0.008905754705580676,0,50,28,156,-0.10971595431063978,1.2738442471926195,0.14440978705198365,0,1,0,0,0,1,1,1,train
2161292,"Số 46, phố Lưu Quang Vũ",21.0152,105.7999,2024-10-17,-0.08457626702309887,-0.21085681704347062,0.3918028818188725,-0.6709918646393394,81,153,125,156,0.1921763692230536,1.292920086223898,-0.1819510022859371,0,0,0,0,0,1,1,1,train
2161292,"Số 46, phố Lưu Quang Vũ",21.0152,105.7999,2024-10-18,0.8255086370106407,-0.41936772094345054,0.3122896672697036,-1.3067246381971496,97,151,133,156,0.4940686927567468,1.3119959252551767,-0.5083117916238578,0,0,0,0,0,1,1,1,train
2161292,"Số 46, phố Lưu Quang Vũ",21.0152,105.7999,2024-10-19,-0.41124949900014146,-0.7691484010373435,0.3706212780640778,-1.555609173678072,29,126,88,156,0.7959610162904399,1.3310717642864551,-0.8346725809617784,45954,0,0,0,0,0,0,0,train
2161292,"Số 46, phố Lưu Quang Vũ",21.0152,105.7999,2024-10-20,-0.29012522394078966,-0.547294815253432,0.13064407392115374,-0.49524803009942614,2,156,151,156,0.9990376127156145,1.241049220615398,-1.0718884918055953,0,0,0,0,0,1,1,1,train
2161292,"Số 46, phố Lưu Quang Vũ",21.0152,105.7999,2024-10-21,-0.4649071428128714,-0.48888662804398364,0.26439672527423563,0.913347484792755,0,0,0,156,1.2021142091407895,1.151026676944341,-1.309104402649412,0,1,1,1,0,1,1,1,train
2161292,"Số 46, phố Lưu Quang Vũ",21.0152,105.7999,2024-10-22,-0.6396890616849531,-0.4304784408345357,0.39814937662731753,-0.6397913098862343,141,156,153,156,1.405190805565964,1.0610041332732838,-1.5463203134932284,0,0,0,0,0,1,1,1,train
2161292,"Số 46, phố Lưu Quang Vũ",21.0152,105.7999,2024-10-23,-0.7796450428378301,-0.1865187769403757,0.5895077420060808,-0.5940222544571521,99,108,105,156,1.6082674019911392,0.9709815896022267,-1.7835362243370452,0,0,0,0,0,1,1,1,train
2161292,"Số 46, phố Lưu Quang Vũ",21.0152,105.7999,2024-10-24,-0.22052231969214103,-0.5485613391408725,0.050923433716238815,-1.270168949753734,156,86,156,156,1.8113439984163138,0.8809590459311696,-2.020752135180862,45954,0,0,0,0,0,0,0,train
2161292,"Số 46, phố Lưu Quang Vũ",21.0152,105.7999,2024-10-25,0.5414612734058359,-0.4000766176254468,0.5172633326875538,-1.3342857851834296,90,0,156,156,1.3348581536539146,0.7511065608743567,-1.504316573027426,0,0,1,0,0,1,1,1,train
2161292,"Số 46, phố Lưu Quang Vũ",21.0152,105.7999,2024-10-26,-0.6342730510868287,-0.25159189611002153,3.4264613888915316,1.2451045446449989,150,0,156,156,0.8583723088915153,0.6212540758175438,-0.9878810108739898,0,0,1,0,0,1,1,1,train
2161292,"Số 46, phố Lưu Quang Vũ",21.0152,105.7999,2024-10-27,-0.6124400200291472,-0.1031071745945958,3.068216404739653,0.3809581502902087,0,0,0,156,0.381886464129116,0.49140159076073087,-0.4714454487205537,0,1,1,1,0,1,1,1,train
2161292,"Số 46, phố Lưu Quang Vũ",21.0152,105.7999,2024-10-28,-0.5906069889714656,0.04537754692082993,2.709971420587775,-0.35609297061395623,0,1,0,156,-0.09459938063328305,0.3615491057039179,0.04499011343288247,0,1,0,1,0,1,1,1,train
2161292,"Số 46, phố Lưu Quang Vũ",21.0152,105.7999,2024-10-29,-0.568773957913784,-0.06317615001794745,2.3517264364358965,-1.0181797673636481,3,148,8,156,-0.5710852253956824,0.23169662064710506,0.5614256755863187,45954,0,0,0,0,0,0,0,train
2161292,"Số 46, phố Lưu Quang Vũ",21.0152,105.7999,2024-10-30,-0.009978682023980367,0.12090071541365785,-0.04892662331331191,-0.6217411899386234,151,68,156,156,-0.6959926582409216,0.2934290462218179,0.7138263379197838,0,0,0,0,0,1,1,1,train
2161292,"Số 46, phố Lưu Quang Vũ",21.0152,105.7999,2024-10-31,0.5197812455990641,0.3393332685438208,-1.7102426202794352,0.8943676549645084,149,90,51,155,-0.8209000910861609,0.3551614717965309,0.8662270002532488,0,0,0,0,0,1,1,1,train
2161292,"Số 46, phố Lưu Quang Vũ",21.0152,105.7999,2024-11-01,0.14159146380927395,0.00720619692487709,0.6381760940812723,0.22989688278480072,156,152,156,156,-0.9458075239314003,0.41689389737124377,1.0186276625867139,0,0,0,0,0,1,1,1,train
2161292,"Số 46, phố Lưu Quang Vũ",21.0152,105.7999,2024-11-02,0.08688709253250504,0.05954385114327148,-0.15291423959705167,-0.22937728241250255,156,130,156,156,-1.0707149567766396,0.47862632294595664,1.1710283249201792,0,0,0,0,0,1,1,1,train
2161292,"Số 46, phố Lưu Quang Vũ",21.0152,105.7999,2024-11-03,0.1644860786168003,-0.11763313178356614,-4.386311914446249,-0.8687015060680846,0,0,0,156,-1.195622389621879,0.5403587485206696,1.323428987253644,45954,1,1,1,0,0,0,0,train
2161292,"Số 46, phố Lưu Quang Vũ",21.0152,105.7999,2024-11-04,0.24208506470109512,-0.29481011471040325,-8.619709589295447,-0.8313390776575834,0,146,1,156,-0.6535217203641123,0.7190676436422502,0.7112159512577355,0,1,0,0,0,1,1,1,train
2161292,"Số 46, phố Lưu Quang Vũ",21.0152,105.7999,2024-11-05,0.31968405078539036,-0.13960421219262625,-5.576424230826675,-0.3510538319759002,0,13,0,156,-0.11142105110634559,0.8977765387638309,0.09900291526182695,0,1,0,1,0,1,1,1,train
2161292,"Số 46, phố Lưu Quang Vũ",21.0152,105.7999,2024-11-06,0.3972830368696852,0.34327056513359866,-2.5331388723579025,0.47272591895862875,0,0,0,156,0.4306796181514211,1.0764854338854115,-0.5132101207340816,0,1,1,1,0,1,1,1,train
2161292,"Số 46, phố Lưu Quang Vũ",21.0152,105.7999,2024-11-07,0.47488202295398046,0.8261453424598236,0.510146486110869,-0.6577292698058482,100,129,135,156,0.9727802874091878,1.2551943290069922,-1.1254231567299904,0,0,0,0,0,1,1,1,train
2161292,"Số 46, phố Lưu Quang Vũ",21.0152,105.7999,2024-11-08,0.003363556686779807,0.6159552853352588,0.3595944381084675,-0.9081069431248746,144,85,156,156,1.5148809566669543,1.433903224128573,-1.7376361927258988,45954,0,0,0,0,0,0,0,train
2161292,"Số 46, phố Lưu Quang Vũ",21.0152,105.7999,2024-11-09,0.5293585386431591,0.3779758832420803,0.8026014043801366,-0.5652174331242186,156,118,156,156,1.0856167172741433,1.3525439590492792,-1.2323614972898158,0,0,0,0,0,1,1,1,train
2161292,"Số 46, phố Lưu Quang Vũ",21.0152,105.7999,2024-11-10,0.07446261959046896,0.2623611247249937,-0.24433578918308893,0.12489745586143187,156,148,156,156,0.6563524778813328,1.2711846939699856,-0.7270868018537328,0,0,0,0,0,1,1,1,train
2161292,"Số 46, phố Lưu Quang Vũ",21.0152,105.7999,2024-11-11,0.6293498422953435,0.33451671419928786,1.0897625147872823,0.5773258952285066,156,117,156,156,0.22708823848852203,1.1898254288906922,-0.2218121064176495,0,0,0,0,0,1,1,1,train
2161292,"Số 46, phố Lưu Quang Vũ",21.0152,105.7999,2024-11-12,1.4769358363019491,-0.13215479359113125,1.4884537420599389,-0.1916741037146007,79,151,151,156,-0.20217600090428864,1.1084661638113984,0.2834625890184335,0,0,0,0,0,1,1,1,train
2161292,"Số 46, phố Lưu Quang Vũ",21.0152,105.7999,2024-11-13,-0.1798980535500885,-0.34334710637597754,0.38876291801517476,-0.7926322817123546,125,143,149,156,-0.6314402402970994,1.0271068987321048,0.7887372844545169,45954,0,0,0,0,0,0,0,train
2161292,"Số 46, phố Lưu Quang Vũ",21.0152,105.7999,2024-11-14,1.2118783836445612,-0.1819583091441383,-0.41233452328021336,-1.0263989832172369,113,127,156,156,-0.854009303201982,0.8043976558549432,1.0097742266160274,0,0,0,0,0,1,1,1,train
2161292,"Số 46, phố Lưu Quang Vũ",21.0152,105.7999,2024-11-15,0.4620287349306218,-0.2939845833134846,0.21427163763319715,-0.28029202253392577,30,156,156,156,-1.0765783661068646,0.5816884129777815,1.230811168777538,0,0,0,0,0,1,1,1,train
2161292,"Số 46, phố Lưu Quang Vũ",21.0152,105.7999,2024-11-16,-0.0338560699516122,-0.4217183172797635,-0.23755641628757057,0.7691477921417659,69,156,77,154,-1.299147429011747,0.3589791701006198,1.4518481109390484,0,0,0,0,0,1,1,1,train
2161292,"Số 46, phố Lưu Quang Vũ",21.0152,105.7999,2024-11-17,-0.11469126509519978,-0.3342474431485387,-0.060487272112552413,-0.025218021312042392,156,156,156,156,-1.5217164919166297,0.13626992722345807,1.672885053100559,0,0,0,0,0,1,1,1,train
2161292,"Số 46, phố Lưu Quang Vũ",21.0152,105.7999,2024-11-18,-0.1282466426629487,0.03814330647333844,0.684149284771433,-0.2235198175211885,12,84,41,156,-1.744285554821512,-0.08643931565370362,1.8939219952620698,45954,0,0,0,0,0,0,0,train
2161292,"Số 46, phố Lưu Quang Vũ",21.0152,105.7999,2024-11-19,-0.30009441337133586,0.047597781840647044,-0.4913038588759934,-0.9825958936037102,151,138,156,156,-1.558952973443142,0.1356362612492958,1.6831791949496213,0,0,0,0,0,1,1,1,train
2161292,"Số 46, phố Lưu Quang Vũ",21.0152,105.7999,2024-11-20,-0.10227110567765038,0.22346460525946885,0.32399829784352785,-0.7367961769545849,156,51,156,156,-1.3736203920647718,0.35771183815229507,1.4724363946371728,0,0,0,0,0,1,1,1,train
2161292,"Số 46, phố Lưu Quang Vũ",21.0152,105.7999,2024-11-21,-0.5014241089992202,0.36984083995216205,-0.479802514418288,0.32829880811455653,139,73,156,156,-1.1882878106864019,0.5797874150552945,1.2616935943247245,0,0,0,0,0,1,1,1,train
2161292,"Số 46, phố Lưu Quang Vũ",21.0152,105.7999,2024-11-22,0.1675289402843957,-0.33531651585283007,-1.115624825828915,0.6370260861478433,86,127,140,156,-1.0029552293080317,0.8018629919582938,1.050950794012276,0,0,0,0,0,1,1,1,train
2161292,"Số 46, phố Lưu Quang Vũ",21.0152,105.7999,2024-11-23,0.464559251383894,-0.1743842563013587,0.4979583508649773,-0.4345048345320892,16,81,83,156,-0.8176226479296618,1.0239385688612932,0.8402079936998277,45954,0,0,0,0,0,0,0,train
2161292,"Số 46, phố Lưu Quang Vũ",21.0152,105.7999,2024-11-24,0.8860336021085715,-0.10038574366398208,0.400495270325613,-0.8853100292341205,0,0,0,156,-0.7247742768568095,1.0378792177212197,0.72551446964829,0,1,1,1,0,1,1,1,train
2161292,"Số 46, phố Lưu Quang Vũ",21.0152,105.7999,2024-11-25,1.307507952833249,-0.026387231026605455,0.3030321897862487,-0.9791014935834121,3,137,65,156,-0.6319259057839574,1.0518198665811467,0.6108209455967524,0,0,0,0,0,1,1,1,train
2161292,"Số 46, phố Lưu Quang Vũ",21.0152,105.7999,2024-11-26,0.7799983317297586,-0.060519558892297605,0.2254220941940519,-0.4795241258549533,0,0,0,156,-0.5390775347111052,1.0657605154410732,0.4961274215452148,0,1,1,1,0,1,1,1,train
2161292,"Số 46, phố Lưu Quang Vũ",21.0152,105.7999,2024-11-27,0.2524887106262683,-0.09465188675798925,0.14781199860185518,0.5605672579887906,0,0,0,156,-0.4462291636382531,1.079701164301,0.3814338974936771,0,1,1,1,0,1,1,1,train
2161292,"Số 46, phố Lưu Quang Vũ",21.0152,105.7999,2024-11-28,-0.275020910477222,-0.1287842146236814,0.07020190300965838,-0.09220741958870945,84,103,104,156,-0.3533807925654009,1.0936418131609267,0.2667403734421396,45954,0,0,0,0,0,0,0,train
2161292,"Số 46, phố Lưu Quang Vũ",21.0152,105.7999,2024-11-29,0.21653590692446817,-0.05441957185734917,0.024650238276487952,-0.3367148472677578,124,77,132,156,-0.43821126665196314,0.9372575768313544,0.3633067721086337,0,0,0,0,0,1,1,1,train
2161292,"Số 46, phố Lưu Quang Vũ",21.0152,105.7999,2024-11-30,4.552572677896515,0.29222616162024756,2.085779349489245,-0.5891243012856485,156,90,156,156,-0.5230417407385255,0.780873340501782,0.4598731707751279,0,0,0,0,0,1,1,1,train
2161292,"Số 46, phố Lưu Quang Vũ",21.0152,105.7999,2024-12-01,1.4070004100639966,0.10559797599764305,0.4413416820881733,-0.821823153322697,26,65,125,156,-0.6078722148250878,0.6244891041722096,0.5564395694416221,0,0,0,0,0,1,1,1,train
2161292,"Số 46, phố Lưu Quang Vũ",21.0152,105.7999,2024-12-02,0.5722652512899317,-0.013147774657623425,0.25372965336230313,0.6756986607426768,0,0,0,153,-0.69270268891165,0.4681048678426372,0.6530059681081162,0,1,1,1,0,1,1,1,train
2161292,"Số 46, phố Lưu Quang Vũ",21.0152,105.7999,2024-12-03,-0.26246990748413296,-0.1318935253128894,0.06611762463643295,0.9713047160437892,0,77,10,156,-0.7775331629982123,0.31172063151306484,0.7495723667746105,45954,1,0,0,0,0,0,0,train
2161292,"Số 46, phố Lưu Quang Vũ",21.0152,105.7999,2024-12-04,-1.0972050662581976,-0.3316713051983367,0.9892640287395401,-0.12302774706905392,8,39,22,156,-0.7452911936066967,0.1312305487978064,0.6780612116543464,0,0,0,0,0,1,1,1,train
2161292,"Số 46, phố Lưu Quang Vũ",21.0152,105.7999,2024-12-05,-0.030696286396754237,-0.12304231240014805,-0.15928924990971818,-1.068237898708945,8,110,44,156,-0.7130492242151812,-0.049259533917452025,0.6065500565340823,0,0,0,0,0,1,1,1,train
2161292,"Số 46, phố Lưu Quang Vũ",21.0152,105.7999,2024-12-06,0.36672838915722,-0.5598043295068473,-0.10019832187918183,-0.7979764263477387,0,21,0,156,-0.6808072548236657,-0.2297496166327103,0.5350389014138184,0,1,0,1,0,1,1,1,train
2161292,"Số 46, phố Lưu Quang Vũ",21.0152,105.7999,2024-12-07,0.7641530647111937,-0.38798152813315007,-0.04110739384864551,0.16669462488904535,0,0,0,156,-0.6485652854321503,-0.4102396993479689,0.4635277462935543,0,1,1,1,0,1,1,1,train
2161292,"Số 46, phố Lưu Quang Vũ",21.0152,105.7999,2024-12-08,1.1615777402651675,-0.21615872675945272,0.01798353418189082,0.5595311513616815,0,0,0,156,-0.6163233160406348,-0.5907297820632271,0.3920165911732903,45954,1,1,1,0,0,0,0,train
2161292,"Số 46, phố Lưu Quang Vũ",21.0152,105.7999,2024-12-09,1.5590024158191418,-0.0443359253857554,0.07707446221242717,0.18984132218979569,4,16,10,156,-0.6200798949137672,-0.4715654914080756,0.41441074660489124,0,0,0,0,0,1,1,1,train
2161292,"Số 46, phố Lưu Quang Vũ",21.0152,105.7999,2024-12-10,3.42248254710055,0.24313363396011672,0.11103089557543054,-1.0705780896232393,69,122,99,156,-0.6238364737868999,-0.352401200752924,0.4368049020364922,0,0,0,0,0,1,1,1,train
2161292,"Số 46, phố Lưu Quang Vũ",21.0152,105.7999,2024-12-11,2.9863920301001685,-0.24410552359234736,-0.020592962482583715,-0.6187256499313614,0,46,0,156,-0.6275930526600323,-0.23323691009777267,0.45919905746809314,0,1,0,1,0,1,1,1,train
2161292,"Số 46, phố Lưu Quang Vũ",21.0152,105.7999,2024-12-12,2.550301513099787,-0.3687864004535431,-0.15221682054059796,-0.09312246744225589,0,2,0,156,-0.6313496315331649,-0.11407261944262112,0.4815932128996941,0,1,0,1,0,1,1,1,train
2161292,"Số 46, phố Lưu Quang Vũ",21.0152,105.7999,2024-12-13,2.114210996099405,-0.3290837128977341,-0.28384067859861223,0.36540949608948153,0,0,0,156,-0.6351062104062974,0.005091671212530443,0.5039873683312951,45954,1,1,1,0,0,0,0,train
2161292,"Số 46, phố Lưu Quang Vũ",21.0152,105.7999,2024-12-14,1.6781204790990238,-0.289381025341925,-0.4154645366566265,0.4436377113994721,0,70,0,156,-0.1394090673580988,0.2911852712803497,-0.055964380112835256,0,1,0,1,0,1,1,1,train
2161292,"Số 46, phố Lưu Quang Vũ",21.0152,105.7999,2024-12-15,1.2420299620986426,0.2523729311734218,-0.5470883947146408,0.1977895294347345,0,43,0,156,0.35628807569009985,0.5772788713481689,-0.6159161285569654,0,1,0,1,0,1,1,1,train
2161292,"Số 46, phố Lưu Quang Vũ",21.0152,105.7999,2024-12-16,0.805939445098261,0.17346500213646404,-0.678712252772655,-0.8156765687851985,143,98,156,156,0.8519852187382984,0.8633724714159883,-1.1758678770010957,0,0,0,0,0,1,1,1,train
2161292,"Số 46, phố Lưu Quang Vũ",21.0152,105.7999,2024-12-17,3.668357502630077,0.7323069403949466,0.6252806789786088,-0.3074999072382017,9,69,80,156,1.347682361786497,1.1494660714838074,-1.735819625445226,0,0,0,0,0,1,1,1,train
2161292,"Số 46, phố Lưu Quang Vũ",21.0152,105.7999,2024-12-18,0.25520766889446317,0.7207331374804254,-1.2881858545486429,0.9200242912304453,150,102,152,150,1.8433795048346957,1.4355596715516266,-2.295771373889356,45954,0,0,0,0,0,0,0,train
2161292,"Số 46, phố Lưu Quang Vũ",21.0152,105.7999,2024-12-19,1.2842547572703022,1.000136379638805,-0.09354933786369395,0.3169163215059668,149,122,155,156,1.6937697393779894,1.3656967564390237,-2.104199969735608,0,0,0,0,0,1,1,1,train
2161292,"Số 46, phố Lưu Quang Vũ",21.0152,105.7999,2024-12-20,2.8440373910167804,0.9429453535210093,2.126035415603263,-0.6233754535201553,139,53,143,156,1.544159973921283,1.295833841326421,-1.9126285655818593,0,0,0,0,0,1,1,1,train
2161292,"Số 46, phố Lưu Quang Vũ",21.0152,105.7999,2024-12-21,2.524170773812126,1.0805140109215483,0.6813588643342734,-1.0599129729248156,72,111,113,156,1.3945502084645767,1.225970926213818,-1.721057161428111,0,0,0,0,0,1,1,1,train
2161292,"Số 46, phố Lưu Quang Vũ",21.0152,105.7999,2024-12-22,6.132755237621889,1.6738237258789659,3.4366150363740453,-0.3538200279379605,41,22,156,156,1.24494044300787,1.1561080111012154,-1.5294857572743628,0,0,0,0,0,1,1,1,train
2161292,"Số 46, phố Lưu Quang Vũ",21.0152,105.7999,2024-12-23,0.47023331224101544,2.493699946365942,-0.10994380795750212,0.8777849919114239,84,18,156,156,1.0953306775511638,1.0862450959886125,-1.337914353120614,45954,0,0,0,0,0,0,0,train
2161292,"Số 46, phố Lưu Quang Vũ",21.0152,105.7999,2024-12-24,1.9881488773173737,-0.06864423872232323,0.6757525545707224,0.736261163996539,0,9,0,156,1.181226263460139,1.1533508794133573,-1.4479548440081333,0,1,0,1,0,1,1,1,train
2161292,"Số 46, phố Lưu Quang Vũ",21.0152,105.7999,2024-12-25,3.5060644423937317,0.9924556922482243,1.4614489170989469,0.4960365263748415,46,65,69,156,1.2671218493691143,1.220456662838102,-1.5579953348956523,0,0,0,0,0,1,1,1,train
2161292,"Số 46, phố Lưu Quang Vũ",21.0152,105.7999,2024-12-26,2.271865791114426,-0.020589420664198454,1.4859863093471524,-1.0428430288981263,0,135,12,156,1.3530174352780897,1.2875624462628463,-1.6680358257831718,0,1,0,0,0,1,1,1,train
2161292,"Số 46, phố Lưu Quang Vũ",21.0152,105.7999,2024-12-27,1.0376671398351216,-0.09895408622490146,0.4834411945873101,-0.7501966127596511,0,131,0,156,1.4389130211870655,1.3546682296875912,-1.7780763166706905,0,1,0,1,0,1,1,1,train
2161292,"Số 46, phố Lưu Quang Vũ",21.0152,105.7999,2024-12-28,-0.19653151144418304,0.8364657121730851,-0.5191039201725322,0.15723784137829355,139,127,155,156,1.524808607096041,1.4217740131123358,-1.88811680755821,45954,0,0,0,0,0,0,0,train
2161292,"Số 46, phố Lưu Quang Vũ",21.0152,105.7999,2024-12-29,1.558506867977358,0.8460025497742425,-2.760871543988119,0.5764533105165501,146,105,156,156,1.36685090441919,1.3505731075570349,-1.6732031391793931,0,0,0,0,0,1,1,1,train
2161292,"Số 46, phố Lưu Quang Vũ",21.0152,105.7999,2024-12-30,1.4289144677197672,0.8558095645928482,-2.754440627706129,0.3400533865865279,0,0,2,156,1.208893201742339,1.2793722020017342,-1.4582894708005758,0,1,1,0,0,1,1,1,train
2161292,"Số 46, phố Lưu Quang Vũ",21.0152,105.7999,2024-12-31,1.2993220674621768,0.8656165794114533,-1.041864504514216,-0.10045151012369381,0,0,0,156,1.0509354990654884,1.2081712964464333,-1.2433758024217592,0,1,1,1,0,1,1,1,train
2161292,"Số 46, phố Lưu Quang Vũ",21.0152,105.7999,2025-01-01,1.169729667204586,0.875423594230059,0.6707116186776974,-0.5778442752963516,156,102,156,156,0.8929777963886376,1.1369703908911322,-1.0284621340429418,0,0,0,0,0,1,1,1,train
2161292,"Số 46, phố Lưu Quang Vũ",21.0152,105.7999,2025-01-02,2.7504435516512107,0.6773358764743395,1.7098848971560725,-0.0008722180463708448,54,80,82,156,0.7350200937117869,1.0657694853358315,-0.8135484656641249,45954,0,0,0,0,0,0,0,train
2161292,"Số 46, phố Lưu Quang Vũ",21.0152,105.7999,2025-01-03,0.07304829103230802,1.1219073060523428,0.4825738744065711,1.1457078261595757,141,59,136,151,0.461588991360344,0.9266867410172709,-0.5322723790376935,0,0,0,0,0,1,1,1,train
2161292,"Số 46, phố Lưu Quang Vũ",21.0152,105.7999,2025-01-04,1.6379647801246577,1.0462046860698646,0.8492038257622878,0.4803428121698536,147,124,156,156,0.18815788900890112,0.7876039966987103,-0.25099629241126226,0,0,0,0,0,1,1,1,train
2161292,"Số 46, phố Lưu Quang Vũ",21.0152,105.7999,2025-01-05,0.24910707658662973,1.5482235010366021,0.3400891704077338,0.3081771533300961,156,29,156,156,-0.08527321334254187,0.6485212523801496,0.030279794215169048,0,0,0,0,0,1,1,1,train
2161292,"Số 46, phố Lưu Quang Vũ",21.0152,105.7999,2025-01-06,2.831384555013296,1.768072302777328,0.3705422986351157,-0.3081097997866086,156,93,156,156,-0.3587043156939847,0.5094385080615891,0.31155588084160035,0,0,0,0,0,1,1,1,train
2161292,"Số 46, phố Lưu Quang Vũ",21.0152,105.7999,2025-01-07,2.215026462038163,0.5575544616367832,-0.15156745544324116,-0.43954033005954474,0,21,9,156,-0.6321354180454278,0.3703557637430284,0.5928319674680319,45954,1,0,0,0,0,0,0,train
2161292,"Số 46, phố Lưu Quang Vũ",21.0152,105.7999,2025-01-08,1.5986683690630306,0.5666102165210063,-1.457567984509249,0.14363955779221127,0,39,17,156,-0.23337172225404362,0.5450917155471146,0.13358234591576587,0,1,0,0,0,1,1,1,train
2161292,"Số 46, phố Lưu Quang Vũ",21.0152,105.7999,2025-01-09,0.9823102760878972,0.41324519174660296,-2.7570141105357964,0.4982322470507305,0,5,13,156,0.16539197353734045,0.7198276673512005,-0.32566727563650005,0,1,0,0,0,1,1,1,train
2161292,"Số 46, phố Lưu Quang Vũ",21.0152,105.7999,2025-01-10,0.3659521831127644,0.5249875616595276,-1.363081179561732,0.3348452128423798,0,0,0,156,0.5641556693287249,0.8945636191552868,-0.7849168971887661,0,1,1,1,0,1,1,1,train
2161292,"Số 46, phố Lưu Quang Vũ",21.0152,105.7999,2025-01-11,-0.25040590986236844,0.636729931572452,0.030851751412332852,-0.696854008177022,39,63,66,156,0.9629193651201089,1.069299570959373,-1.2441665187410322,0,0,0,0,0,1,1,1,train
2161292,"Số 46, phố Lưu Quang Vũ",21.0152,105.7999,2025-01-12,0.23893121858582478,0.459277226068045,-0.031298628729723145,-0.34814035878857824,156,119,156,156,1.3616830609114927,1.2440355227634587,-1.703416140293298,45954,0,0,0,0,0,0,0,train
2161292,"Số 46, phố Lưu Quang Vũ",21.0152,105.7999,2025-01-13,4.838341137771576,0.7585777657672637,4.198212646565039,0.4207745048404129,156,133,156,156,1.2252760071646696,1.209693262310862,-1.5323446275332115,0,0,0,0,0,1,1,1,train
2161292,"Số 46, phố Lưu Quang Vũ",21.0152,105.7999,2025-01-14,0.1756931734540022,0.2878394181384568,4.54436245987218,0.9158359682254291,85,89,108,156,1.088868953417846,1.175351001858265,-1.3612731147731252,0,0,0,0,0,1,1,1,train
2161292,"Số 46, phố Lưu Quang Vũ",21.0152,105.7999,2025-01-15,0.16841714572354935,0.3816704566923572,-0.8606409952812797,0.6841217713436473,0,58,57,156,0.9524618996710226,1.1410087414056678,-1.1902016020130384,0,1,0,0,0,1,1,1,train
2161292,"Số 46, phố Lưu Quang Vũ",21.0152,105.7999,2025-01-16,0.16114111799309647,0.9314509128914202,0.9377152996808916,-0.3063722151995199,156,95,156,156,0.8160548459241989,1.1066664809530706,-1.0191300892529522,0,0,0,0,0,1,1,1,train
2161292,"Số 46, phố Lưu Quang Vũ",21.0152,105.7999,2025-01-17,4.842296893462414,1.1005623967986549,2.493474696796515,-0.4525458765647612,156,74,156,156,0.6796477921773755,1.0723242205004735,-0.8480585764928655,45954,0,0,0,0,0,0,0,train
2161292,"Số 46, phố Lưu Quang Vũ",21.0152,105.7999,2025-01-18,3.640445616044315,0.06843379066928222,1.0255321802203554,0.01831016275895386,0,4,0,156,0.3799375292528332,0.8074444369655074,-0.5100536628127684,0,1,0,1,0,1,1,1,train
2161292,"Số 46, phố Lưu Quang Vũ",21.0152,105.7999,2025-01-19,2.4385943386262157,0.7690852232037739,-0.4424103363558044,0.7348355431507941,0,0,9,150,0.08022726632829087,0.5425646534305412,-0.1720487491326714,0,1,1,0,0,1,1,1,train
2161292,"Số 46, phố Lưu Quang Vũ",21.0152,105.7999,2025-01-20,1.236743061208116,1.469736655738266,0.6705990567118031,0.3842724701590592,156,135,156,156,-0.2194829965962516,0.2776848698955749,0.16595616454742565,0,0,0,0,0,1,1,1,train
2161292,"Số 46, phố Lưu Quang Vũ",21.0152,105.7999,2025-01-21,1.5350489068729618,0.7462869750620258,0.7871138081372728,-0.3317783726808877,156,50,156,156,-0.5191932595207939,0.012805086360608675,0.5039610782275227,0,0,0,0,0,1,1,1,train
2161292,"Số 46, phố Lưu Quang Vũ",21.0152,105.7999,2025-01-22,1.180766728826956,0.4368407899469715,0.8158589403196357,0.010670529968037828,0,0,0,156,-0.8189035224453364,-0.25207469717435765,0.8419659919076198,45954,1,1,1,0,0,0,0,train
2161292,"Số 46, phố Lưu Quang Vũ",21.0152,105.7999,2025-01-23,0.8264845507809505,0.1273946048319172,0.8446040725019983,-0.19243939583321465,0,0,0,156,-0.2994179990205054,0.09601337386268831,0.1889991457785398,0,1,1,1,0,1,1,1,train
2161292,"Số 46, phố Lưu Quang Vũ",21.0152,105.7999,2025-01-24,0.472202372734945,-0.18205158028313712,0.8733492046843611,-0.2261800646602099,0,11,0,156,0.2200675244043254,0.44410144489973424,-0.46396770035054025,0,1,0,1,0,1,1,1,train
2161292,"Số 46, phố Lưu Quang Vũ",21.0152,105.7999,2025-01-25,0.11792019468893983,0.3042355934802632,0.9020943368667238,1.047705821802917,0,0,0,156,0.7395530478291563,0.7921895159367803,-1.1169345464796203,0,1,1,1,0,1,1,1,train
2161292,"Số 46, phố Lưu Quang Vũ",21.0152,105.7999,2025-01-26,-0.23636198335706576,0.7905227672436634,0.9308394690490867,0.22195906736354223,0,0,0,156,1.259038571253987,1.1402775869738262,-1.7699013926087,0,1,1,1,0,1,1,1,train
2161292,"Số 46, phố Lưu Quang Vũ",21.0152,105.7999,2025-01-27,-0.5906441614030711,1.2768099410070637,0.9595846012314494,-0.09550703263812746,118,104,135,156,1.7785240946788183,1.488365658010872,-2.42286823873778,45954,0,0,0,0,0,0,0,train
2161292,"Số 46, phố Lưu Quang Vũ",21.0152,105.7999,2025-01-28,-0.9648137383712788,0.8134367406875015,0.2259242663033285,-0.7928500322246431,27,97,101,156,1.2526867246122475,1.0421146178962912,-1.7714988543215564,0,0,0,0,0,1,1,1,train
2161292,"Số 46, phố Lưu Quang Vũ",21.0152,105.7999,2025-01-29,-0.38119368502136514,1.0334169947352319,0.9715772879729248,-0.579711996571942,0,16,12,156,0.7268493545456769,0.59586357778171,-1.1201294699053326,0,1,0,0,0,1,1,1,train
2161292,"Số 46, phố Lưu Quang Vũ",21.0152,105.7999,2025-01-30,0.20242636832854854,0.7695316701468706,3.320957895497001,0.8623683034198892,152,41,156,156,0.20101198447910618,0.14961253766712912,-0.46876008548910864,0,0,0,0,0,1,1,1,train
2161292,"Số 46, phố Lưu Quang Vũ",21.0152,105.7999,2025-01-31,-0.9762055028038575,0.14504730423143697,-0.1786040721830837,0.5970145190994961,32,73,52,156,-0.3248253855874645,-0.29663850244745205,0.1826092989271148,0,0,0,0,0,1,1,1,train
2161292,"Số 46, phố Lưu Quang Vũ",21.0152,105.7999,2025-02-01,0.011664553956287425,-0.19329184342282454,0.06498805135472165,-0.10326396164575623,2,56,20,156,-0.8506627556540347,-0.7428895425620329,0.8339786833433388,45954,0,0,0,0,0,0,0,train
2161292,"Số 46, phố Lưu Quang Vũ",21.0152,105.7999,2025-02-02,-0.2650965901592283,-0.1913099680804485,0.9328099856459213,-0.46667099276371393,0,1,0,156,-0.8247622969135333,-0.6431867758396067,0.7531935699063494,0,1,0,1,0,1,1,1,train
2161292,"Số 46, phố Lưu Quang Vũ",21.0152,105.7999,2025-02-03,-0.541857734274744,0.10436922419427533,1.800631919937121,-0.5517068678773914,0,0,0,156,-0.7988618381730318,-0.5434840091171804,0.6724084564693599,0,1,1,1,0,1,1,1,train
2161292,"Số 46, phố Lưu Quang Vũ",21.0152,105.7999,2025-02-04,-0.8186188783902599,0.40004841646899914,2.668453854228321,0.4061394651382417,84,54,145,149,-0.7729613794325303,-0.4437812423947542,0.5916233430323703,0,0,0,0,0,1,1,1,train
2161292,"Số 46, phố Lưu Quang Vũ",21.0152,105.7999,2025-02-05,-0.4722466319133952,0.43015890373003285,2.3321623693949607,0.7365812500828283,0,0,0,156,-0.7470609206920289,-0.3440784756723279,0.5108382295953807,0,1,1,1,0,1,1,1,train
2161292,"Số 46, phố Lưu Quang Vũ",21.0152,105.7999,2025-02-06,-0.12587438543653046,0.460269390991067,1.9958708845616,0.6774341251588423,0,0,0,156,-0.7211604619515274,-0.24437570894990168,0.4300531161583912,45954,1,1,1,0,0,0,0,train
2161292,"Số 46, phố Lưu Quang Vũ",21.0152,105.7999,2025-02-07,0.22049786104033384,0.4903798782521007,1.65957939972824,-0.15007581269190245,0,0,0,156,-0.8790940876239085,0.0010329918510731974,0.680242444382401,0,1,1,1,0,1,1,1,train
2161292,"Số 46, phố Lưu Quang Vũ",21.0152,105.7999,2025-02-08,0.5668701075171986,0.5204903655131349,1.3232879148948795,-0.3952512733811549,0,0,0,156,-1.0370277132962897,0.24644169265204807,0.9304317726064107,0,1,1,1,0,1,1,1,train
2161292,"Số 46, phố Lưu Quang Vũ",21.0152,105.7999,2025-02-09,0.9132423539940634,0.5506008527741686,0.9869964300615193,0.07329649703836398,0,2,0,156,-1.1949613389686708,0.49185039345302295,1.1806211008304204,0,1,0,1,0,1,1,1,train
2161292,"Số 46, phố Lưu Quang Vũ",21.0152,105.7999,2025-02-10,1.2596146004709277,0.7204711873956114,0.6507049452281591,0.6230786462445732,0,0,0,156,-1.352894964641052,0.7372590942539978,1.4308104290544303,0,1,1,1,0,1,1,1,train
2161292,"Số 46, phố Lưu Quang Vũ",21.0152,105.7999,2025-02-11,1.6059868469477925,0.8903415220170549,0.31441346039479867,-0.005399141306301952,65,146,152,156,-1.510828590313433,0.9826677950549727,1.68099975727844,45954,0,0,0,0,0,0,0,train
2161292,"Số 46, phố Lưu Quang Vũ",21.0152,105.7999,2025-02-12,1.5480778652931904,0.04778977857121355,-1.1505398731737766,-0.14612399326029912,0,9,5,156,-1.3603902536326613,0.6786343103200515,1.4436821657230392,0,1,0,0,0,1,1,1,train
2161292,"Số 46, phố Lưu Quang Vũ",21.0152,105.7999,2025-02-13,1.4901688836385882,0.2603522498423775,0.1778806796520589,-0.2114375905222754,0,31,9,156,-1.2099519169518895,0.37460082558513025,1.2063645741676388,0,1,0,0,0,1,1,1,train
2161292,"Số 46, phố Lưu Quang Vũ",21.0152,105.7999,2025-02-14,1.4322599019839861,0.6253549434542088,-1.1216272624300379,0.5458611850952992,0,19,6,156,-1.0595135802711175,0.0705673408502089,0.969046982612238,0,1,0,0,0,1,1,1,train
2161292,"Số 46, phố Lưu Quang Vũ",21.0152,105.7999,2025-02-15,1.374350920329384,0.5977670041468449,-1.082611969760912,1.2504067039237896,0,0,0,156,-0.9090752435903456,-0.23346614388471243,0.7317293910568372,0,1,1,1,0,1,1,1,train
2161292,"Số 46, phố Lưu Quang Vũ",21.0152,105.7999,2025-02-16,1.3164419386747819,0.570179064839481,-1.0435966770917857,0.8701379235914953,0,0,0,156,-0.7586369069095739,-0.5374996286196337,0.4944117995014366,45954,1,1,1,0,0,0,0,train
2161292,"Số 46, phố Lưu Quang Vũ",21.0152,105.7999,2025-02-17,1.2585329570201798,0.5425911255321177,-1.0045813844226599,1.0218748537362752,0,0,0,156,-0.746551856393172,-0.593811722692465,0.48180651124483165,0,1,1,1,0,1,1,1,train
2161292,"Số 46, phố Lưu Quang Vũ",21.0152,105.7999,2025-02-18,1.2006239753655776,0.5150031862247538,-0.9655660917535336,0.8319925250174989,0,0,0,156,-0.73446680587677,-0.6501238167652964,0.46920122298822664,0,1,1,1,0,1,1,1,train
2161292,"Số 46, phố Lưu Quang Vũ",21.0152,105.7999,2025-02-19,-0.22842894664203586,0.48741524691738997,-0.9265507990844076,0.8213433543933432,0,0,0,156,-0.7223817553603683,-0.7064359108381276,0.4565959347316216,0,1,1,1,0,1,1,1,train
2161292,"Số 46, phố Lưu Quang Vũ",21.0152,105.7999,2025-02-20,-0.22842894664203586,0.4598273076100261,-0.8875355064152814,0.629424586571984,0,5,0,146,-0.7102967048439665,-0.7627480049109591,0.44399064647501657,0,1,0,1,0,1,1,1,train
2161292,"Số 46, phố Lưu Quang Vũ",21.0152,105.7999,2025-02-21,-0.22842894664203586,0.5035243816925423,-0.8485202137461555,0.6473923184692104,0,0,0,156,-0.6982116543275645,-0.8190600989837903,0.43138535821841156,45954,1,1,1,0,0,0,0,train
2161292,"Số 46, phố Lưu Quang Vũ",21.0152,105.7999,2025-02-22,-0.22842894664203586,0.547221455775058,-0.03199496635406649,0.9500797745156102,0,0,0,156,-0.7220386012181793,-0.9774894661749292,0.46464614240924296,0,1,1,1,0,1,1,1,train
2161292,"Số 46, phố Lưu Quang Vũ",21.0152,105.7999,2025-02-23,-0.22842894664203586,0.5909185298575742,-0.03199496635406649,0.259062192897815,0,0,0,156,-0.745865548108794,-1.1359188333660681,0.4979069266000743,0,1,1,1,0,1,1,1,train
2161292,"Số 46, phố Lưu Quang Vũ",21.0152,105.7999,2025-02-24,-0.22842894664203586,0.6346156039400903,-0.03199496635406649,-0.4060878551703028,0,0,0,156,-0.7696924949994087,-1.294348200557207,0.5311677107909056,0,1,1,1,0,1,1,1,train
2161292,"Số 46, phố Lưu Quang Vũ",21.0152,105.7999,2025-02-25,0.7952611037833626,0.6783126780226061,-0.6924590430696512,-0.5026301069155081,0,0,0,156,-0.7935194418900235,-1.4527775677483459,0.5644284949817371,0,1,1,1,0,1,1,1,train
2161292,"Số 46, phố Lưu Quang Vũ",21.0152,105.7999,2025-02-26,0.7373521221287604,0.7220097521051222,-0.653443750400525,0.5151353097365085,0,5,0,156,-0.8173463887806381,-1.6112069349394846,0.5976892791725684,45954,1,0,1,0,0,0,0,train
2161292,"Số 46, phố Lưu Quang Vũ",21.0152,105.7999,2025-02-27,0.6794431404741583,-0.4833978124198332,-0.614428457731399,0.05039197700786334,0,1,0,156,-0.8252015767537174,-1.3203141120056134,0.6231068633182173,0,1,0,1,0,1,1,1,train
2161292,"Số 46, phố Lưu Quang Vũ",21.0152,105.7999,2025-02-28,0.6215341588195563,-0.23511440397110756,-0.575413165062273,0.3060372896396623,0,0,0,156,-0.8330567647267966,-1.029421289071742,0.6485244474638662,0,1,1,1,0,1,1,1,train
2161292,"Số 46, phố Lưu Quang Vũ",21.0152,105.7999,2025-03-01,0.5636251771649542,0.013169004477618092,-0.5363978723931468,0.40426337515981703,0,24,0,156,-0.840911952699876,-0.7385284661378712,0.673942031609515,0,1,0,1,0,1,1,1,train
2161292,"Số 46, phố Lưu Quang Vũ",21.0152,105.7999,2025-03-02,0.5057161955103521,0.003231537334973546,-0.4973825797240209,0.43837299851980494,0,116,0,156,-0.8487671406729551,-0.4476356432040001,0.6993596157551639,0,1,0,1,0,1,1,1,train
2161292,"Số 46, phố Lưu Quang Vũ",21.0152,105.7999,2025-03-03,0.44780721385575,0.12643739385913377,-0.4583672870548947,1.8101214358436513,0,0,0,156,-0.8566223286460344,-0.1567428202701289,0.7247771999008128,45954,1,1,1,0,0,0,0,train
2161292,"Số 46, phố Lưu Quang Vũ",21.0152,105.7999,2025-03-04,0.3898982322011479,0.24964325038329402,-0.41935199438576876,0.936986435017233,41,156,133,156,-0.8538870560796399,-0.0648447569194401,0.7542494729334656,0,0,0,0,0,1,1,1,train
2161292,"Số 46, phố Lưu Quang Vũ",21.0152,105.7999,2025-03-05,0.3957111631730671,0.6054721002126935,0.038446823547836344,1.1566327384500057,0,45,11,156,-0.8511517835132455,0.027053306431248616,0.7837217459661184,0,1,0,0,0,1,1,1,train
2161292,"Số 46, phố Lưu Quang Vũ",21.0152,105.7999,2025-03-06,0.40152409414498585,0.8950830776387083,-0.025093233032956394,-0.11109351397289755,0,0,0,156,-0.8484165109468511,0.11895136978193742,0.8131940189987712,0,1,1,1,0,1,1,1,train
2161292,"Số 46, phố Lưu Quang Vũ",21.0152,105.7999,2025-03-07,0.40733702511690506,1.1846940550647225,-0.08863328961374911,0.19913408360422652,0,26,0,156,-0.8456812383804565,0.21084943313262614,0.8426662920314242,0,1,0,1,0,1,1,1,train
2161292,"Số 46, phố Lưu Quang Vũ",21.0152,105.7999,2025-03-08,0.41314995608882377,1.2683384125379251,-0.15217334619454184,0.6862141411524172,0,0,0,145,-0.8429459658140621,0.30274749648331495,0.8721385650640769,45954,1,1,1,0,0,0,0,train
2161292,"Số 46, phố Lưu Quang Vũ",21.0152,105.7999,2025-03-09,0.41896288706074303,1.3519827700111267,-0.21571340277533457,0.3815867585727869,0,0,0,156,-0.8527623514331765,0.1715038949948062,0.847592859451984,0,1,1,1,0,1,1,1,train
2161292,"Số 46, phố Lưu Quang Vũ",21.0152,105.7999,2025-03-10,0.42477581803266223,1.4356271274843293,-0.27925345935612733,0.2931445646660362,0,0,0,156,-0.862578737052291,0.04026029350629737,0.8230471538398912,0,1,1,1,0,1,1,1,train
2161292,"Số 46, phố Lưu Quang Vũ",21.0152,105.7999,2025-03-11,0.43058874900458094,1.5192714849575308,-0.34279351593692003,0.8640528538723339,0,0,0,156,-0.8723951226714054,-0.09098330798221146,0.7985014482277983,0,1,1,1,0,1,1,1,train
2161292,"Số 46, phố Lưu Quang Vũ",21.0152,105.7999,2025-03-12,0.4364016799765002,1.6029158424307335,-0.4063335725177128,0.9502787719667747,0,42,0,156,-0.8822115082905198,-0.22222690947072019,0.7739557426157057,0,1,0,1,0,1,1,1,train
2161292,"Số 46, phố Lưu Quang Vũ",21.0152,105.7999,2025-03-13,0.4422146109484189,2.113215880016339,-0.46987362909850544,0.2523708662754565,0,20,0,156,-0.8920278939096341,-0.35347051095922893,0.7494100370036128,45954,1,0,1,0,0,0,0,train
2161292,"Số 46, phố Lưu Quang Vũ",21.0152,105.7999,2025-03-14,0.4480275419203381,0.7276469288392561,-0.5334136856792983,1.6278103867996874,12,71,50,156,-0.8082306495689818,-0.2054883760782586,0.6308177616171785,0,0,0,0,0,1,1,1,train
2161292,"Số 46, phố Lưu Quang Vũ",21.0152,105.7999,2025-03-15,0.21641479838108615,1.443375286453245,-0.20790653338845147,3.3065831047242655,0,5,2,156,-0.7244334052283297,-0.057506241197288456,0.5122254862307444,0,1,0,0,0,1,1,1,train
2161292,"Số 46, phố Lưu Quang Vũ",21.0152,105.7999,2025-03-16,-0.015197945158165324,1.7409271286575743,-1.720373755369315,1.166193634297715,0,8,8,156,-0.6406361608876773,0.09047589368368178,0.39363321084431013,0,1,0,0,0,1,1,1,train
2161292,"Số 46, phố Lưu Quang Vũ",21.0152,105.7999,2025-03-17,-0.24681068869741704,1.9804025052764274,-1.4722513363587473,1.401115142139847,0,0,0,156,-0.556838916547025,0.23845802856465204,0.2750409354578759,0,1,1,1,0,1,1,1,train
2161292,"Số 46, phố Lưu Quang Vũ",21.0152,105.7999,2025-03-18,-0.4784234322366688,2.2198778818952802,-1.2241289173481793,0.7656365203387684,0,0,0,156,-0.4730416722063727,0.38644016344562215,0.15644866007144168,45954,1,1,1,0,0,0,0,train
2161292,"Số 46, phố Lưu Quang Vũ",21.0152,105.7999,2025-03-19,-0.7100361757759205,2.4593532585141333,-0.9760064983376112,1.5798957183962548,19,98,111,156,-0.7362174601463134,0.5960656575781821,0.49929803334749895,0,0,0,0,0,1,1,1,train
2161292,"Số 46, phố Lưu Quang Vũ",21.0152,105.7999,2025-03-20,0.30748834688318877,1.380043092183572,0.20985818527954467,1.0967288319526611,90,112,117,156,-0.9993932480862542,0.8056911517107419,0.8421474066235562,0,0,0,0,0,1,1,1,train
2161292,"Số 46, phố Lưu Quang Vũ",21.0152,105.7999,2025-03-21,3.2047708466837572,1.5393736517370045,1.0748503799675835,0.1416566604708315,156,87,156,156,-1.262569036026195,1.0153166458433018,1.1849967798996135,0,0,0,0,0,1,1,1,train
2161292,"Số 46, phố Lưu Quang Vũ",21.0152,105.7999,2025-03-22,1.0682385257147111,1.744041075631463,0.3687079572099213,0.25074777091822453,156,86,156,156,-1.5257448239661355,1.2249421399758618,1.5278461531756709,0,0,0,0,0,1,1,1,train
2161292,"Số 46, phố Lưu Quang Vũ",21.0152,105.7999,2025-03-23,0.061570256109995725,1.7186805983935725,0.2613154693692063,0.41425323234996003,143,94,156,156,-1.7889206119060765,1.4345676341084217,1.870695526451728,45954,0,0,0,0,0,0,0,train
2161292,"Số 46, phố Lưu Quang Vũ",21.0152,105.7999,2025-03-24,-0.2731620351601988,1.7068624360037854,1.2717567944077708,1.435460119403099,137,90,137,137,-1.2356980904202282,0.9573169257338717,1.080370219715829,0,0,0,0,0,1,1,1,train
2161292,"Số 46, phố Lưu Quang Vũ",21.0152,105.7999,2025-03-25,2.4369959663553775,3.09433499112882,0.06578882276167826,1.900079033932423,156,145,156,156,-0.68247556893438,0.48006621735932176,0.2900449129799302,45954,0,0,0,0,0,0,0,train
2161292,"Số 46, phố Lưu Quang Vũ",21.0152,105.7999,2025-03-26,0.9956867565706581,1.963260978990533,0.07572283487072466,2.6308035274745944,0,38,11,156,-0.7185313084624525,0.45160171703825297,0.37045358921926436,0,1,0,0,0,1,1,1,train
2161292,"Số 46, phố Lưu Quang Vũ",21.0152,105.7999,2025-03-27,-0.44562245321406135,1.0877185246025192,-0.742325903586429,3.6424513850276674,3,21,6,156,-0.7545870479905249,0.4231372167171842,0.4508622654585986,0,0,0,0,0,1,1,1,train
2161292,"Số 46, phố Lưu Quang Vũ",21.0152,105.7999,2025-03-28,-0.4413681001338725,2.2343205450480883,-0.23589226960135548,2.4793937008832443,0,123,56,156,-0.7906427875185974,0.3946727163961154,0.5312709416979327,45954,1,0,0,0,0,0,0,train
2161292,"Số 46, phố Lưu Quang Vũ",21.0152,105.7999,2025-03-29,-0.4371137470536836,1.8377652069149368,-0.5484817637853623,0.37802384119779225,0,0,0,156,-0.7834635434835079,0.37130989515161855,0.5694329140900669,0,1,1,1,0,1,1,1,train
2161292,"Số 46, phố Lưu Quang Vũ",21.0152,105.7999,2025-03-30,-0.4328593939734945,1.4412098687817865,-0.8610712579693692,1.5205428771695868,0,4,0,156,-0.7762842994484185,0.34794707390712165,0.6075948864822012,0,1,0,1,0,1,1,1,train
2161292,"Số 46, phố Lưu Quang Vũ",21.0152,105.7999,2025-03-31,-0.42860504089330564,2.228175558779409,-1.1736607521533762,1.3781154085179539,0,13,35,156,-0.769105055413329,0.32458425266262486,0.6457568588743353,0,1,0,0,0,1,1,1,train
2161292,"Số 46, phố Lưu Quang Vũ",21.0152,105.7999,2025-04-01,-0.4243506878131168,1.6822824909290826,-0.027557896918520286,-0.11482895652407804,135,152,155,156,-0.7619258113782394,0.30122143141812796,0.6839188312664695,0,0,0,0,0,1,1,1,train
2161292,"Số 46, phố Lưu Quang Vũ",21.0152,105.7999,2025-04-02,0.5002917270213205,1.7391560679071414,0.6112462484127976,-0.05306700389732826,58,136,153,156,-0.7547465673431498,0.27785861017363106,0.7220808036586037,45954,0,0,0,0,0,0,0,train
2161292,"Số 46, phố Lưu Quang Vũ",21.0152,105.7999,2025-04-03,0.5853039362884183,2.569033572631863,0.33047944839216453,1.670099256312126,73,91,156,156,-0.7834151014653955,0.34853594441202035,0.7037419276891644,0,0,0,0,0,1,1,1,train
2161292,"Số 46, phố Lưu Quang Vũ",21.0152,105.7999,2025-04-04,1.6035679746589606,3.1783450151025128,0.09736324491956097,2.485229605726578,98,122,152,156,-0.8120836355876411,0.4192132786504097,0.685403051719725,0,0,0,0,0,1,1,1,train
2161292,"Số 46, phố Lưu Quang Vũ",21.0152,105.7999,2025-04-05,1.477763779268461,2.317936484823384,0.04438342360862849,1.4936229176490037,0,0,0,156,-0.8407521697098866,0.4898906128887991,0.6670641757502856,0,1,1,1,0,1,1,1,train
2161292,"Số 46, phố Lưu Quang Vũ",21.0152,105.7999,2025-04-06,1.3519595838779614,1.4575279545442557,-0.00859639770230399,0.7565551115969036,0,0,0,156,-0.8694207038321323,0.5605679471271884,0.6487252997808463,0,1,1,1,0,1,1,1,train
2161292,"Số 46, phố Lưu Quang Vũ",21.0152,105.7999,2025-04-07,1.2261553884874625,0.5971194242651271,-0.061576219013236476,0.7645212507100033,0,18,0,156,-0.8980892379543779,0.6312452813655777,0.630386423811407,45954,1,0,1,0,0,0,0,train
2161292,"Số 46, phố Lưu Quang Vũ",21.0152,105.7999,2025-04-08,1.100351193096963,1.004674211456862,-0.11455604032416895,0.5404551225104869,0,67,20,156,-1.1160711757081057,0.5078225280307135,0.9515735046264858,0,1,0,0,0,1,1,1,train
2161292,"Số 46, phố Lưu Quang Vũ",21.0152,105.7999,2025-04-09,0.9745469977064636,1.0859962812026127,-0.17767599218491453,1.07317229964013,0,0,0,144,-1.3340531134618332,0.38439977469584913,1.272760585441565,0,1,1,1,0,1,1,1,train
2161292,"Số 46, phố Lưu Quang Vũ",21.0152,105.7999,2025-04-10,0.8487428023159646,1.1673183509483627,-0.24079594404566018,1.069587717701687,0,11,0,156,-1.552035051215561,0.2609770213609849,1.5939476662566436,0,1,0,1,0,1,1,1,train
2161292,"Số 46, phố Lưu Quang Vũ",21.0152,105.7999,2025-04-11,0.722938606925465,1.4416102256006371,-0.3039158959064058,2.0375043325601268,0,39,7,156,-1.7700169889692885,0.13755426802612067,1.9151347470717228,0,1,0,0,0,1,1,1,train
2161292,"Số 46, phố Lưu Quang Vũ",21.0152,105.7999,2025-04-12,0.5971344115349655,2.244008743708141,-0.3922039319970491,0.4132952883621703,68,125,112,156,-1.9879989267230163,0.01413151469125638,2.2363218278868016,45954,0,0,0,0,0,0,0,train
2161292,"Số 46, phố Lưu Quang Vũ",21.0152,105.7999,2025-04-13,-0.9435859962937718,-0.1289126669817762,0.5661610413965571,-0.7498182070421907,63,84,89,156,-0.9832241309412347,0.23915404147932937,0.9662195436567528,0,0,0,0,0,1,1,1,train
2161292,"Số 46, phố Lưu Quang Vũ",21.0152,105.7999,2025-04-14,0.8923786697602452,-0.15288334970407846,-0.09236350685564014,-0.6038941883377741,60,1,137,156,0.02155066484054679,0.4641765682674022,-0.30388274057329634,45954,0,0,0,0,0,0,0,train
2161292,"Số 46, phố Lưu Quang Vũ",21.0152,105.7999,2025-04-15,0.07585918657721419,-0.16787109448400744,0.5046598809980796,0.7263038260477402,156,46,156,156,-0.5454673851279922,0.25549038087218384,0.4312177661527145,0,0,0,0,0,1,1,1,train
2161292,"Số 46, phố Lưu Quang Vũ",21.0152,105.7999,2025-04-16,1.5068521585114492,-0.1776503825020296,-0.03797821625645741,0.25950184467955184,141,119,149,156,-1.1124854350965312,0.046804193476965364,1.1663182728787254,0,0,0,0,0,1,1,1,train
2161292,"Số 46, phố Lưu Quang Vũ",21.0152,105.7999,2025-04-17,1.3989579705283204,-0.320763490942968,-0.6568034615076164,-0.4329482110125361,7,62,30,156,-1.6795034850650703,-0.16188199391825311,1.9014187796047362,45954,0,0,0,0,0,0,0,train
2161292,"Số 46, phố Lưu Quang Vũ",21.0152,105.7999,2025-04-18,-0.09127542428764236,-0.3761654566168472,0.21743593124467808,-1.0185678482272933,116,115,145,156,-1.747147090234572,-0.02411842589386677,1.9943740616495338,0,0,0,0,0,1,1,1,train
2161292,"Số 46, phố Lưu Quang Vũ",21.0152,105.7999,2025-04-19,2.844088645835823,-0.3788201386840955,0.4370205584544795,-1.239934356817896,1,0,27,156,-1.8147906954040742,0.11364514213051959,2.087329343694332,0,0,1,0,0,1,1,1,train
2161292,"Số 46, phố Lưu Quang Vũ",21.0152,105.7999,2025-04-20,0.4341562621181238,-0.3814748207513438,0.968851706949177,0.6509887554478863,129,34,154,156,-1.882434300573576,0.25140871015490596,2.18028462573913,0,0,0,0,0,1,1,1,train
2161292,"Số 46, phố Lưu Quang Vũ",21.0152,105.7999,2025-04-21,0.19562267152938678,-0.5643789788797728,-0.2712529890728539,0.2066732471687855,28,130,48,156,-1.9500779057430784,0.3891722781792923,2.2732399077839283,0,0,0,0,0,1,1,1,train
2161292,"Số 46, phố Lưu Quang Vũ",21.0152,105.7999,2025-04-22,0.8231549750613223,0.3696188437324469,-0.8093792992356615,-0.34575776445581846,76,136,99,156,-2.01772151091258,0.5269358462036786,2.3661951898287263,45954,0,0,0,0,0,0,0,train
2161292,"Số 46, phố Lưu Quang Vũ",21.0152,105.7999,2025-04-23,1.0735735942945264,0.6565186855070819,0.10111200025932447,-0.6178735203895802,142,121,154,156,-1.7887669270240696,0.5280840338790262,2.0505764375223943,0,0,0,0,0,1,1,1,train
2161292,"Số 46, phố Lưu Quang Vũ",21.0152,105.7999,2025-04-24,0.6561856419619074,0.33520642972713577,0.8278840312634138,0.7314753708530326,0,51,4,156,-1.5598123431355593,0.5292322215543738,1.7349576852160622,0,1,0,0,0,1,1,1,train
2161292,"Số 46, phố Lưu Quang Vũ",21.0152,105.7999,2025-04-25,0.23879768962928868,0.37681599390244136,-1.1836196953424718,0.3253261325136279,0,28,6,154,-1.3308577592470487,0.5303804092297212,1.4193389329097301,0,1,0,0,0,1,1,1,train
2161292,"Số 46, phố Lưu Quang Vũ",21.0152,105.7999,2025-04-26,-0.17859026270333012,0.33077959601893187,-0.2516113213865893,1.2058520585103072,0,21,13,156,-1.1019031753585382,0.5315285969050688,1.103720180603398,0,1,0,0,0,1,1,1,train
2161292,"Số 46, phố Lưu Quang Vũ",21.0152,105.7999,2025-04-27,-0.5959782150359489,1.0653399965862569,-0.4601130544097275,1.5885979748816017,7,39,20,156,-0.8729485914700279,0.5326767845804162,0.7881014282970659,45954,0,0,0,0,0,0,0,train
2161292,"Số 46, phố Lưu Quang Vũ",21.0152,105.7999,2025-04-28,0.9991855958381128,0.9799289964692047,-0.12290998127942862,-0.4158188424768707,2,23,14,156,-0.6092010821208079,0.6769371126239664,0.5470172981124697,0,0,0,0,0,1,1,1,train
2161292,"Số 46, phố Lưu Quang Vũ",21.0152,105.7999,2025-04-29,0.26684894111597685,0.49482934793847366,0.2448144898408311,-0.6735576297952448,0,56,7,156,-0.3454535727715879,0.8211974406675165,0.30593316792787334,0,1,0,0,0,1,1,1,train
2161292,"Số 46, phố Lưu Quang Vũ",21.0152,105.7999,2025-04-30,-0.46548771360615876,-0.23553003325716515,-0.12649765556211054,-1.5139014101679833,0,1,0,156,-0.08170606342236794,0.9654577687110665,0.06484903774327701,0,1,0,1,0,1,1,1,train
2161292,"Số 46, phố Lưu Quang Vũ",21.0152,105.7999,2025-05-01,-1.197824368328295,-0.177603746932534,-0.49780980096505223,-0.16096133758165937,88,75,109,156,0.182041445926852,1.1097180967546165,-0.17623509244131924,0,0,0,0,0,1,1,1,train
2161292,"Số 46, phố Lưu Quang Vũ",21.0152,105.7999,2025-05-02,-0.858602078672572,-0.4012245753500758,-0.16282494568128986,-0.47655081009678296,114,147,127,156,0.4457889552760717,1.2539784247981667,-0.4173192226259155,45954,0,0,0,0,0,0,0,train
2161292,"Số 46, phố Lưu Quang Vũ",21.0152,105.7999,2025-05-03,0.4315843865771264,-0.3689503067533615,-0.46288093919710355,-0.9547417449681466,27,51,60,156,-0.43449321211083497,1.1664238426824383,0.505334845224191,0,0,0,0,0,1,1,1,train
2161292,"Số 46, phố Lưu Quang Vũ",21.0152,105.7999,2025-05-04,-0.671347159707979,-0.20668088815362354,-1.0911864136898444,-1.4691201752197716,76,76,136,156,-1.3147753794977417,1.0788692605667096,1.4279889130742975,45954,0,0,0,0,0,0,0,train
2161292,"Số 46, phố Lưu Quang Vũ",21.0152,105.7999,2025-05-05,-0.11991621193223787,-0.04420010951669171,0.9474360022132475,-0.7834504485364762,150,148,156,156,-1.160702898229178,0.842463886754896,1.2032875492937207,0,0,0,0,0,1,1,1,train
2161292,"Số 46, phố Lưu Quang Vũ",21.0152,105.7999,2025-05-06,-0.5500486943803858,-0.07894933596838195,0.30095714250423505,0.9354027569222364,26,148,119,156,-1.0066304169606146,0.6060585129430823,0.9785861855131438,0,0,0,0,0,1,1,1,train
2161292,"Số 46, phố Lưu Quang Vũ",21.0152,105.7999,2025-05-07,-0.6122796584129366,-0.14228589380011417,0.1037020650485132,0.26821542989509617,60,146,108,156,-0.8525579356920509,0.36965313913126857,0.7538848217325668,45954,0,0,0,0,0,0,0,train
2161292,"Số 46, phố Lưu Quang Vũ",21.0152,105.7999,2025-05-08,0.7372290598132527,-0.05182488876840577,-0.17063902816866763,-0.44138171343718674,155,144,156,156,-0.27125104119295235,0.5881596725736594,0.10944392766690102,0,0,0,0,0,1,1,1,train
2161292,"Số 46, phố Lưu Quang Vũ",21.0152,105.7999,2025-05-09,-0.5381919573818167,0.15301189587844677,-0.7250194083037745,-0.4759665984919537,34,126,55,156,0.3100558533061461,0.8066662060160502,-0.5349969663987648,0,0,0,0,0,1,1,1,train
2161292,"Số 46, phố Lưu Quang Vũ",21.0152,105.7999,2025-05-10,-0.44115968923803667,0.15979196224169837,0.9542312332055581,0.2451366303216245,0,0,0,156,0.8913627478052445,1.025172739458441,-1.1794378604644307,0,1,1,1,0,1,1,1,train
2161292,"Số 46, phố Lưu Quang Vũ",21.0152,105.7999,2025-05-11,-0.34412742109425687,0.1665720286049495,2.6334818747148905,-0.5086211127134259,0,0,16,135,1.472669642304343,1.243679272900832,-1.823878754530096,0,1,1,0,0,1,1,1,train
2161292,"Số 46, phố Lưu Quang Vũ",21.0152,105.7999,2025-05-12,-0.2470951529504768,0.17335209496820111,-0.030790599832207378,0.22470065739826772,156,148,156,156,2.0539765368034413,1.4621858063432227,-2.4683196485957617,45954,0,0,0,0,0,0,0,train
2161292,"Số 46, phố Lưu Quang Vũ",21.0152,105.7999,2025-05-13,0.871605243305879,-0.020833507416843144,-0.12536398911800317,-0.44869367530498927,111,113,130,156,1.3800645571968417,1.2858289780978192,-1.6716836662767065,0,0,0,0,0,1,1,1,train
2161292,"Số 46, phố Lưu Quang Vũ",21.0152,105.7999,2025-05-14,-0.5523693705542179,0.2477805548296342,-0.7525563443767332,-1.0285155707530316,9,88,25,156,0.7061525775902419,1.1094721498524156,-0.8750476839576518,0,0,0,0,0,1,1,1,train
2161292,"Số 46, phố Lưu Quang Vũ",21.0152,105.7999,2025-05-15,-0.208635768627267,-0.5086369280879769,-0.7824372671064165,-1.9677220254310275,34,10,83,156,0.03224059798364222,0.933115321607012,-0.07841170163859672,0,0,0,0,0,1,1,1,train
2161292,"Số 46, phố Lưu Quang Vũ",21.0152,105.7999,2025-05-16,-0.8093272294750401,-0.6949413919503754,3.3118855870983235,-1.4856486693988447,0,16,2,156,-0.6416713816229574,0.7567584933616085,0.7182242806804585,0,1,0,0,0,1,1,1,train
2161292,"Số 46, phố Lưu Quang Vũ",21.0152,105.7999,2025-05-17,-1.4100186903228134,-1.2224935903015568,1.4334101267567503,0.44025575509201303,16,88,0,156,-1.315583361229557,0.580401665116205,1.5148602629995134,45954,0,0,1,0,0,0,0,train
2161292,"Số 46, phố Lưu Quang Vũ",21.0152,105.7999,2025-05-18,0.46521033984464766,-0.9577680072943312,-0.44506533358482303,-0.23453945068723292,41,111,103,156,-1.1634405098643785,0.4968411960925264,1.3214386039749668,0,0,0,0,0,1,1,1,train
2161292,"Số 46, phố Lưu Quang Vũ",21.0152,105.7999,2025-05-19,-1.2121570683822167,-0.9452230390991918,-0.35862065085362693,-0.8556020748109983,21,97,51,156,-1.0112976584991997,0.4132807270688478,1.12801694495042,0,0,0,0,0,1,1,1,train
2161292,"Số 46, phố Lưu Quang Vũ",21.0152,105.7999,2025-05-20,-0.27969968899322645,-0.8430690513642459,-0.05054182938238264,-1.5286132463429989,15,79,51,156,-0.859154807134021,0.3297202580451691,0.9345952859258734,0,0,0,0,0,1,1,1,train
2161292,"Số 46, phố Lưu Quang Vũ",21.0152,105.7999,2025-05-21,1.3532521188042448,-0.344853080731366,-0.4995304175941262,-1.3189261919990118,6,136,80,156,-0.7070119557688421,0.24615978902149055,0.7411736269013266,0,0,0,0,0,1,1,1,train
2161292,"Số 46, phố Lưu Quang Vũ",21.0152,105.7999,2025-05-22,2.773734553984652,-0.6076717871190875,0.4993887715828058,0.9949502955350977,2,66,21,156,-0.5548691044036637,0.16259931999781188,0.5477519678767798,45954,0,0,0,0,0,0,0,train
2161292,"Số 46, phố Lưu Quang Vũ",21.0152,105.7999,2025-05-23,2.1856858008158064,-0.6639915553459025,0.3886852802015861,0.30957214181196446,0,0,0,156,-0.6523032788671004,-0.29502645188882076,0.5572099030503876,0,1,1,1,0,1,1,1,train
2161292,"Số 46, phố Lưu Quang Vũ",21.0152,105.7999,2025-05-24,1.5976370476469615,-0.7203113235727174,0.27798178882036634,-0.1901115676057123,0,0,0,156,-0.7497374533305371,-0.7526522237754535,0.5666678382239954,45954,1,1,1,0,0,0,0,train
2161292,"Số 46, phố Lưu Quang Vũ",21.0152,105.7999,2025-05-25,1.0095882944781158,-0.7766310917995325,0.1672782974391466,-0.4566135588580869,0,8,0,156,-0.805804819542141,-0.9717733115899774,0.6033700954772577,0,1,0,1,0,1,1,1,train
2161292,"Số 46, phố Lưu Quang Vũ",21.0152,105.7999,2025-05-26,0.4215395413092707,-0.9365717318732513,0.05657480605792684,-1.2248435176941745,0,101,0,156,-0.8618721857537449,-1.1908943994045018,0.6400723527305201,0,1,0,1,0,1,1,1,train
2161292,"Số 46, phố Lưu Quang Vũ",21.0152,105.7999,2025-05-27,-0.16650921185957498,-0.9517372918070581,-0.05412868532329291,-0.6412841491087155,0,96,0,139,-0.9179395519653488,-1.4100154872190256,0.6767746099837822,45954,1,0,1,0,0,0,0,train
2161292,"Số 46, phố Lưu Quang Vũ",21.0152,105.7999,2025-05-28,-0.7545579650284202,-1.0144697690163367,-0.16483217670451267,0.16199750565478765,12,113,52,156,-0.6132380736617504,-1.0036836007541283,0.41990270351581427,0,0,0,0,0,1,1,1,train
2161292,"Số 46, phố Lưu Quang Vũ",21.0152,105.7999,2025-05-29,-1.0906090212591408,-1.11300077299103,0.14729759497213696,-0.27945004592332645,0,11,0,156,-0.30853659535815214,-0.597351714289231,0.16303079704784623,0,1,0,1,0,1,1,1,train
2161292,"Số 46, phố Lưu Quang Vũ",21.0152,105.7999,2025-05-30,-1.4266600774898612,-1.0017848941127028,0.45942736664878653,-1.26692275903927,10,66,21,156,-0.0038351170545538374,-0.19101982782433358,-0.09384110942012186,0,0,0,0,0,1,1,1,train
2161292,"Số 46, phố Lưu Quang Vũ",21.0152,105.7999,2025-05-31,-1.0733275514621985,-1.1262039572503986,-0.6087752242153324,-1.359028478473625,93,156,154,156,0.30086636124904453,0.2153120586405638,-0.35071301588808995,0,0,0,0,0,1,1,1,train
2161292,"Số 46, phố Lưu Quang Vũ",21.0152,105.7999,2025-06-01,-0.9985992920448071,-1.0056455556438355,-0.0069938839251519865,-0.14392406210412592,156,55,156,156,0.6055678395526428,0.6216439451054611,-0.6075849223560578,45954,0,0,0,0,0,0,0,train
2161292,"Số 46, phố Lưu Quang Vũ",21.0152,105.7999,2025-06-02,-1.1670100718158838,-0.9080926713767857,0.42170664253419793,0.9895177606753068,156,0,156,156,0.3041205677598178,0.38526105432114294,-0.2648084768270457,0,0,1,0,0,1,1,1,train
2161292,"Số 46, phố Lưu Quang Vũ",21.0152,105.7999,2025-06-03,-0.5315285769968392,-0.8105397871097366,-0.4338366030453433,-0.11300232475821204,7,32,102,156,0.002673295966992808,0.1488781635368248,0.07796796870196616,0,0,0,0,0,1,1,1,train
2161292,"Số 46, phố Lưu Quang Vũ",21.0152,105.7999,2025-06-04,0.8298982825176706,-0.4944618967414151,0.0179132650780917,-1.1519231353598123,54,116,84,156,-0.29877397582583204,-0.08750472724749338,0.4207444142309782,0,0,0,0,0,1,1,1,train
2161292,"Số 46, phố Lưu Quang Vũ",21.0152,105.7999,2025-06-05,-0.5014167506339197,-0.5299889281300052,-0.44366323941130426,-1.5365729054970791,16,85,77,156,-0.600221247618657,-0.32388761803181143,0.7635208597599901,0,0,0,0,0,1,1,1,train
2161292,"Số 46, phố Lưu Quang Vũ",21.0152,105.7999,2025-06-06,-1.2986397454599858,-0.8879624687110922,0.596091965825966,-1.5228226116281114,5,68,74,156,-0.9016685194114819,-0.5602705088161297,1.1062973052890024,45954,0,0,0,0,0,0,0,train
2161292,"Số 46, phố Lưu Quang Vũ",21.0152,105.7999,2025-06-07,-1.2472990986384376,-0.9254462849602278,-0.6408177087958571,0.5816390694254973,19,146,53,156,-0.34379705461673377,-0.15480046773823705,0.44550764405126125,0,0,0,0,0,1,1,1,train
2161292,"Số 46, phố Lưu Quang Vũ",21.0152,105.7999,2025-06-08,-0.5931749315930781,-0.8967337738936358,-0.9381689330418961,0.39532791480369145,18,44,43,156,0.21407441017801454,0.2506695733396555,-0.21528201718647977,0,0,0,0,0,1,1,1,train
2161292,"Số 46, phố Lưu Quang Vũ",21.0152,105.7999,2025-06-09,-0.5445981755863679,-0.6767657923641927,-0.8436449291558061,-0.7140813226370301,41,51,68,156,0.7719458749727626,0.6561396144175481,-0.8760716784242206,0,0,0,0,0,1,1,1,train
2161292,"Số 46, phố Lưu Quang Vũ",21.0152,105.7999,2025-06-10,-0.7165048132171615,-0.6428221885575222,-0.7107844127805518,-1.263923463721899,16,43,38,156,1.329817339767511,1.0616096554954406,-1.536861339661962,0,0,0,0,0,1,1,1,train
2161292,"Số 46, phố Lưu Quang Vũ",21.0152,105.7999,2025-06-11,-1.1488511486739126,-0.6334950746577928,-0.07737789279311594,-1.304387433439085,106,85,134,156,1.8876888045622593,1.467079696573333,-2.197651000899702,45954,0,0,0,0,0,0,0,train
2161292,"Số 46, phố Lưu Quang Vũ",21.0152,105.7999,2025-06-12,-1.2934142911494788,-1.2786976332262812,-0.8272463252005439,-0.7588399822441433,0,97,54,144,0.8477857759629013,0.9164071850482779,-1.0106935071589032,0,1,0,0,0,1,1,1,train
2161292,"Số 46, phố Lưu Quang Vũ",21.0152,105.7999,2025-06-13,-1.4379774336250448,-1.1272869388087565,-0.6396366919049397,0.32730439196111305,56,21,142,156,-0.19211725263645665,0.3657346735232228,0.1762639865818963,45954,0,0,0,0,0,0,0,train
2161292,"Số 46, phố Lưu Quang Vũ",21.0152,105.7999,2025-06-14,-0.9754252623452379,-0.801995932599483,-0.34110612524350875,-0.1661665960907881,86,23,143,156,-0.37209176275248834,-1.0068254726928194,0.37367832222367975,0,0,0,0,0,1,1,1,train
2161292,"Số 46, phố Lưu Quang Vũ",21.0152,105.7999,2025-06-15,-0.6256382631430727,-0.6037860351061235,-0.5919413496498064,-0.8823721292888376,94,113,122,156,-0.5520662728685201,-2.3793856189088616,0.5710926578654631,0,0,0,0,0,1,1,1,train
2161292,"Số 46, phố Lưu Quang Vũ",21.0152,105.7999,2025-06-16,-0.8030925161582901,-0.7371802635912815,-0.3377050561413731,-0.8585060520215091,0,0,0,156,-0.7320407829845518,-3.7519457651249035,0.7685069935072467,45954,1,1,1,0,0,0,0,train
2161292,"Số 46, phố Lưu Quang Vũ",21.0152,105.7999,2025-06-17,-0.9805467691735074,-0.8705744920764396,-0.08346876263293981,-1.1932835491772316,0,0,8,156,-0.6303424440032197,-3.448471718427706,0.6555841612799536,0,1,1,0,0,1,1,1,train
2161292,"Số 46, phố Lưu Quang Vũ",21.0152,105.7999,2025-06-18,-1.158001022188725,-1.003968720561597,1.1955101095031526,0.8580998917047856,66,0,137,156,-0.5286441050218876,-3.1449976717305077,0.5426613290526604,0,0,1,0,0,1,1,1,train
2161292,"Số 46, phố Lưu Quang Vũ",21.0152,105.7999,2025-06-19,-1.426581926575632,-1.1373629490467552,-0.660613870105972,0.09281747809860379,10,0,38,156,-0.4269457660405556,-2.841523625033309,0.4297384968253673,0,0,1,0,0,1,1,1,train
2161292,"Số 46, phố Lưu Quang Vũ",21.0152,105.7999,2025-06-20,-1.2217683462901903,-1.270757177531913,-0.5424949246136733,-0.7845535346478231,0,6,2,156,-0.3252474270592236,-2.5380495783361114,0.31681566459807414,0,1,0,0,0,1,1,1,train
2161292,"Số 46, phố Lưu Quang Vũ",21.0152,105.7999,2025-06-21,-1.0169547660047482,-1.241849226611568,-0.2918081238574453,-0.6050528169549982,0,0,0,156,-0.22354908807789148,-2.2345755316389138,0.20389283237078107,45954,1,1,1,0,0,0,0,train
2161292,"Số 46, phố Lưu Quang Vũ",21.0152,105.7999,2025-06-22,-0.8121411857193064,-1.2129412756912226,-0.041121323101217334,-1.0014421228022283,0,0,0,156,-0.22809237584254338,-1.449850974998279,0.16399218000195298,0,1,1,1,0,1,1,1,train
2161292,"Số 46, phố Lưu Quang Vũ",21.0152,105.7999,2025-06-23,-0.6073276054338644,-1.1840333247708774,0.20956547765501066,0.9895961771379056,6,0,49,156,-0.2326356636071953,-0.6651264183576447,0.1240915276331249,0,0,1,0,0,1,1,1,train
2161292,"Số 46, phố Lưu Quang Vũ",21.0152,105.7999,2025-06-24,-0.7868309940275318,-1.1551253738505323,-0.6363028111332726,0.363546575060031,8,35,31,156,-0.23717895137184714,0.11959813828298956,0.08419087526429683,0,0,0,0,0,1,1,1,train
2161292,"Số 46, phố Lưu Quang Vũ",21.0152,105.7999,2025-06-25,-0.571841761902382,-0.8842970765820704,-0.03199496635406649,-0.38776199355641733,115,105,132,156,-0.24172223913649904,0.904322694923624,0.044290222895468745,0,0,0,0,0,1,1,1,train
2161292,"Số 46, phố Lưu Quang Vũ",21.0152,105.7999,2025-06-26,-0.61626839987944,-1.2223427746879112,-0.5247538331622863,-1.2635834002504314,33,96,122,156,-0.24626552690115094,1.689047251564258,0.004389570526640669,45954,0,0,0,0,0,0,0,train
2161292,"Số 46, phố Lưu Quang Vũ",21.0152,105.7999,2025-06-27,-0.013414954040920158,-1.280819733453554,-0.3824083703308324,-0.8828982900165564,0,0,0,156,-0.3421388304352073,0.7100179456231824,0.12030512317363648,0,1,1,1,0,1,1,1,train
2161292,"Số 46, phố Lưu Quang Vũ",21.0152,105.7999,2025-06-28,0.5894384917975997,-1.339296692219197,-0.24006290749937859,-1.1022946521728814,0,0,0,148,-0.4380121339692638,-0.2690113603178931,0.2362206758206323,0,1,1,1,0,1,1,1,train
2161292,"Số 46, phố Lưu Quang Vũ",21.0152,105.7999,2025-06-29,1.1922919376361196,-1.3977736509848395,-0.09771744466792472,0.395277082959267,1,2,16,156,-0.5338854375033202,-1.2480406662589687,0.35213622846762804,0,0,0,0,0,1,1,1,train
2161292,"Số 46, phố Lưu Quang Vũ",21.0152,105.7999,2025-06-30,0.9138425138692136,-1.3637640483020383,-1.237043557910649,-0.09985084479803753,19,2,75,156,-0.6297587410373766,-2.2270699722000447,0.46805178111462387,0,0,0,0,0,1,1,1,train
2161292,"Số 46, phố Lưu Quang Vũ",21.0152,105.7999,2025-07-01,0.4459935882565023,-1.028402895391284,-1.817690830945194,-1.1054402691455203,0,57,2,156,-0.725632044571433,-3.2060992781411204,0.5839673337616197,45954,1,0,0,0,0,0,0,train
2161292,"Số 46, phố Lưu Quang Vũ",21.0152,105.7999,2025-07-02,-0.021855337356208492,-1.171913724332331,-1.462073998148581,-1.1824571800423902,0,0,0,156,-0.798178649480286,-3.5352775457791026,0.7613673618181355,0,1,1,1,0,1,1,1,train
2161292,"Số 46, phố Lưu Quang Vũ",21.0152,105.7999,2025-07-03,-0.4897042629689198,-1.315424553273378,-1.1064571653519681,-0.9040100562236199,0,0,0,156,-0.870725254389139,-3.8644558134170843,0.9387673898746512,45954,1,1,1,0,0,0,0,train
2161292,"Số 46, phố Lưu Quang Vũ",21.0152,105.7999,2025-07-04,-0.9575531885816311,-1.4589353822144249,-0.750840332555355,0.5356796614675362,15,26,80,156,-1.1014785571928294,-3.5108329367109365,1.329797402645643,0,0,0,0,0,1,1,1,train
2161292,"Số 46, phố Lưu Quang Vũ",21.0152,105.7999,2025-07-05,-0.9715273586296894,-1.137240769309119,-0.2600291540486264,-0.5166219211003555,96,150,130,156,-1.3322318599965202,-3.157210060004789,1.7208274154166352,0,0,0,0,0,1,1,1,train
2161292,"Số 46, phố Lưu Quang Vũ",21.0152,105.7999,2025-07-06,-0.9243578265525739,-1.2350205588031977,-0.48056467986173546,-0.6066378089587359,6,11,21,156,-1.5629851628002105,-2.8035871832986414,2.1118574281876272,45954,0,0,0,0,0,0,0,train
2161292,"Số 46, phố Lưu Quang Vũ",21.0152,105.7999,2025-07-07,-0.44918504383495483,-1.0166976401697518,-0.032761573808977894,-1.1880356782187014,90,139,132,156,-1.4139464307178498,-2.281825768959186,1.8105554506947532,0,0,0,0,0,1,1,1,train
2161292,"Số 46, phố Lưu Quang Vũ",21.0152,105.7999,2025-07-08,-0.16953366915554235,-0.9530452695340479,-0.2855502134556307,-1.5435099853117726,24,65,139,156,-1.2649076986354892,-1.760064354619731,1.5092534732018794,0,0,0,0,0,1,1,1,train
2161292,"Số 46, phố Lưu Quang Vũ",21.0152,105.7999,2025-07-09,-0.8419202839305532,-1.1194351179686988,0.36307362614519795,0.9399274405649951,111,114,146,156,-1.1158689665531285,-1.2383029402802763,1.2079514957090056,0,0,0,0,0,1,1,1,train
2161292,"Số 46, phố Lưu Quang Vũ",21.0152,105.7999,2025-07-10,-0.49182194975514354,-0.923239686171841,-0.26210509089576306,0.33428051576851336,124,57,156,156,-0.966830234470768,-0.7165415259408212,0.9066495182161316,0,0,0,0,0,1,1,1,train
2161292,"Số 46, phố Lưu Quang Vũ",21.0152,105.7999,2025-07-11,-0.7577064572985922,-0.6103278327994867,-0.16169112806925307,-0.6530383169842052,1,11,17,156,-0.8177915023884073,-0.19478011160136657,0.6053475407232578,45954,0,0,0,0,0,0,0,train
2161292,"Số 46, phố Lưu Quang Vũ",21.0152,105.7999,2025-07-12,-1.3514977379539062,-0.5767417683589736,-0.24189438497062837,-0.9563125825913543,17,125,0,156,-0.7398564600360253,-0.767367665296623,0.5898037839902447,0,0,0,1,0,1,1,1,train
2161292,"Số 46, phố Lưu Quang Vũ",21.0152,105.7999,2025-07-13,-1.0101524330405345,-0.8701482266078622,-0.3220976418720036,-1.460549429054792,28,85,108,156,-0.6619214176836434,-1.3399552189918793,0.5742600272572317,0,0,0,0,0,1,1,1,train
2161292,"Số 46, phố Lưu Quang Vũ",21.0152,105.7999,2025-07-14,-0.7278392965819246,-0.8917402225631079,0.14947209766985797,-1.317230055260395,0,0,0,145,-0.5839863753312614,-1.9125427726871354,0.5587162705242186,0,1,1,1,0,1,1,1,train
2161292,"Số 46, phố Lưu Quang Vũ",21.0152,105.7999,2025-07-15,-0.44552616012331464,-0.9133322185183532,0.6210418372117196,0.5448732750297418,9,43,70,156,-0.5060513329788795,-2.485130326382392,0.5431725137912055,0,0,0,0,0,1,1,1,train
2161292,"Số 46, phố Lưu Quang Vũ",21.0152,105.7999,2025-07-16,0.9463517717681551,-1.0133961963886675,-0.09111080148127872,-0.36783674666576577,1,0,22,156,-0.4281162906264976,-3.057717880077648,0.5276287570581923,45954,0,1,0,0,0,0,0,train
2161292,"Số 46, phố Lưu Quang Vũ",21.0152,105.7999,2025-07-17,-0.8156598005923997,-1.1134601742589816,-0.08477583032037514,-0.6445991408627179,98,145,124,156,-0.4599008611434368,-3.2914340838984892,0.5042754945481623,0,0,0,0,0,1,1,1,train
2161292,"Số 46, phố Lưu Quang Vũ",21.0152,105.7999,2025-07-18,-1.0024782923736348,-0.9671840287709991,-0.07725601655711002,-1.4087491741649367,57,117,155,156,-0.4916854316603761,-3.525150287719331,0.4809222320381323,0,0,0,0,0,1,1,1,train
2161292,"Số 46, phố Lưu Quang Vũ",21.0152,105.7999,2025-07-19,-0.5947527934766309,-0.9054788977038335,0.604209265016047,-1.2898507054653947,2,0,142,156,-0.5234700021773152,-3.7588664915401733,0.4575689695281023,0,0,1,0,0,1,1,1,train
2161292,"Số 46, phố Lưu Quang Vũ",21.0152,105.7999,2025-07-20,-0.6435868702492265,-0.8437737666366679,0.1598626485540049,0.4043998574303074,0,0,0,156,-0.5552545726942545,-3.9925826953610146,0.4342157070180722,0,1,1,1,0,1,1,1,train
2161292,"Số 46, phố Lưu Quang Vũ",21.0152,105.7999,2025-07-21,-0.6924209470218219,-0.7820686355695018,-0.2844839679080372,0.17542381650358654,0,0,0,156,-0.5870391432111938,-4.226298899181856,0.4108624445080422,45954,1,1,1,0,0,0,0,train
2161292,"Số 46, phố Lưu Quang Vũ",21.0152,105.7999,2025-07-22,-0.7412550237944173,-0.7203635045023362,-0.7288305843700794,-0.3669517694054551,0,46,0,156,-0.7385922933332284,-2.157092048018241,0.7455593372754397,0,1,0,1,0,1,1,1,train
2161292,"Số 46, phố Lưu Quang Vũ",21.0152,105.7999,2025-07-23,-0.7900891005670128,-1.0188974208924193,-1.1731772008321215,-1.3231453918594456,8,101,33,156,-0.890145443455263,-0.08788519685462551,1.080256230042837,45954,0,0,0,0,0,0,0,train
2161292,"Số 46, phố Lưu Quang Vũ",21.0152,105.7999,2025-07-24,-0.8130138762143811,-1.1259009624099785,-0.25697598049355924,-1.734769827899429,0,11,47,156,-0.9515427469167526,0.14739382254058428,1.1458725751068168,0,1,0,0,0,1,1,1,train
2161292,"Số 46, phố Lưu Quang Vũ",21.0152,105.7999,2025-07-25,-0.8359386518617493,-1.0370857020808357,0.19481841821338727,0.694042827494252,0,0,1,156,-1.0129400503782418,0.3826728419357941,1.2114889201707968,0,1,1,0,0,1,1,1,train
2161292,"Số 46, phố Lưu Quang Vũ",21.0152,105.7999,2025-07-26,-0.8588634275091177,-0.9482704417516928,-0.10125603007260846,-0.49669673393282854,89,155,134,156,-1.0743373538397312,0.617951861331004,1.277105265234776,45954,0,0,0,0,0,0,0,train
2161292,"Số 46, phố Lưu Quang Vũ",21.0152,105.7999,2025-07-27,-1.02269248306514,-0.9505804024163353,-0.19042257131729068,-0.7693138654976004,132,154,153,156,-0.7099908283219805,0.3644946575789464,0.892995605104469,0,0,0,0,0,1,1,1,train
2161292,"Số 46, phố Lưu Quang Vũ",21.0152,105.7999,2025-07-28,-0.8640838070849346,-0.70037402671302,0.16141856190984272,-1.0637325056354316,118,154,150,156,-0.3456443028042298,0.11103745382688886,0.5088859449741614,0,0,0,0,0,1,1,1,train
2161292,"Số 46, phố Lưu Quang Vũ",21.0152,105.7999,2025-07-29,-0.31644482793808404,-0.5067185971180721,-0.07082080943070973,-1.4340194615378414,134,72,156,156,0.01870222271352079,-0.1424197499251686,0.1247762848438539,0,0,0,0,0,1,1,1,train
2161292,"Số 46, phố Lưu Quang Vũ",21.0152,105.7999,2025-07-30,-0.8960902856444433,-0.5844107286765284,0.7613192568752222,-1.0566745462165494,1,0,128,141,0.3830487482312715,-0.39587695367722603,-0.25933337528645345,0,0,1,0,0,1,1,1,train
2161292,"Số 46, phố Lưu Quang Vũ",21.0152,105.7999,2025-07-31,-0.4383657094754313,-0.6621028602349848,-0.44060855417694306,0.35830210831960296,127,45,151,156,0.7473952737490219,-0.6493341574292835,-0.643443035416761,45954,0,0,0,0,0,0,0,train
2161292,"Số 46, phố Lưu Quang Vũ",21.0152,105.7999,2025-08-01,-0.7822547251522698,-0.7121826438108083,-0.9444521233728279,-0.4533000004590751,91,74,130,156,0.6115293791622036,-0.653294365965,-0.5315955775973762,0,0,0,0,0,1,1,1,train
2161292,"Số 46, phố Lưu Quang Vũ",21.0152,105.7999,2025-08-02,-0.7752094709818541,-0.4275676722189843,-0.44371861338667495,-0.8549564678340811,126,153,153,156,0.47566348457538543,-0.6572545745007162,-0.4197481197779913,0,0,0,0,0,1,1,1,train
2161292,"Số 46, phố Lưu Quang Vũ",21.0152,105.7999,2025-08-03,-1.1330589549230874,-0.7710871862043979,0.20332926566521653,-0.8359784894226969,144,115,155,156,0.3397975899885672,-0.6612147830364327,-0.30790066195860655,0,0,0,0,0,1,1,1,train
2161292,"Số 46, phố Lưu Quang Vũ",21.0152,105.7999,2025-08-04,-0.8242193555943734,-0.5570042862785287,-0.08193803617980103,-0.07637780541369603,156,9,156,156,0.20393169540174896,-0.665174991572149,-0.19605320413922162,0,0,0,0,0,1,1,1,train
2161292,"Số 46, phố Lưu Quang Vũ",21.0152,105.7999,2025-08-05,-0.2472758135054482,-0.7312369557064938,0.5112641365065344,0.7527289197578947,0,0,0,156,0.0680658008149306,-0.6691352001078654,-0.08420574631983684,45954,1,1,1,0,0,0,0,train
2161292,"Số 46, phố Lưu Quang Vũ",21.0152,105.7999,2025-08-06,0.32966772858347704,-0.9054696251344595,1.10446630919287,-0.2669991480762626,0,0,0,156,0.19007311526206927,-0.3854516391226796,-0.23039774234124644,0,1,1,1,0,1,1,1,train
2161292,"Số 46, phố Lưu Quang Vũ",21.0152,105.7999,2025-08-07,0.9066112706724023,-1.0797022945624246,1.6976684818792052,-0.849985712173691,1,0,5,156,0.3120804297092079,-0.10176807813749383,-0.376589738362656,0,0,1,0,0,1,1,1,train
2161292,"Số 46, phố Lưu Quang Vũ",21.0152,105.7999,2025-08-08,-0.9614829362573608,-1.25393496399039,0.2864621381424385,-1.3725211267830724,99,125,125,156,0.4340877441563466,0.18191548284769204,-0.5227817343840656,0,0,0,0,0,1,1,1,train
2161292,"Số 46, phố Lưu Quang Vũ",21.0152,105.7999,2025-08-09,-0.9227528148384284,-1.0080422421043795,0.15532854093608395,-1.0248269511315369,127,151,156,156,0.5560950586034851,0.4655990438328779,-0.6689737304054753,0,0,0,0,0,1,1,1,train
2161292,"Số 46, phố Lưu Quang Vũ",21.0152,105.7999,2025-08-10,-0.5876309108123932,-0.8657297109398391,0.1849096744051558,0.3509951072038374,0,0,0,156,0.6781023730506239,0.7492826048180637,-0.8151657264268849,0,1,1,1,0,1,1,1,train
2161292,"Số 46, phố Lưu Quang Vũ",21.0152,105.7999,2025-08-11,-0.25250900678635785,-0.7234171797752992,0.21449080787422764,0.0190338875828467,87,126,116,156,0.8001096874977627,1.0329661658032496,-0.9613577224482944,0,0,0,0,0,1,1,1,train
2161292,"Số 46, phố Lưu Quang Vũ",21.0152,105.7999,2025-08-12,-0.3492654208102693,-0.8201349873534265,-0.05394187519391934,-0.5159405399718034,118,152,122,156,0.9221170019449012,1.3166497267884354,-1.107549718469704,45954,0,0,0,0,0,0,0,train
2161292,"Số 46, phố Lưu Quang Vũ",21.0152,105.7999,2025-08-13,-0.18599039941405038,-0.7576531422398757,0.09104523945165736,-0.34146098425653026,82,103,112,156,0.3299828804000538,0.2611787719870063,-0.4855784594839714,0,0,0,0,0,1,1,1,train
2161292,"Số 46, phố Lưu Quang Vũ",21.0152,105.7999,2025-08-14,-0.18658575641347414,-0.9532560386722233,-0.186764906283295,-1.3142521408216306,0,0,5,156,-0.2621512411447935,-0.7942921828144227,0.13639279950176128,0,1,1,0,0,1,1,1,train
2161292,"Số 46, phố Lưu Quang Vũ",21.0152,105.7999,2025-08-15,-0.1871811134128979,-1.1488589351045706,-0.37265971166404505,-1.155087624839824,0,0,0,155,-0.8542853626896407,-1.8497631376158516,0.758364058487494,45954,1,1,1,0,0,0,0,train
2161292,"Số 46, phố Lưu Quang Vũ",21.0152,105.7999,2025-08-16,-0.18777647041232162,-1.344461831536918,-0.5585545170447951,0.2510755612875871,0,21,6,156,-0.6503470184458555,-1.1532087889814702,0.510737880929967,0,1,0,0,0,1,1,1,train
2161292,"Số 46, phố Lưu Quang Vũ",21.0152,105.7999,2025-08-17,-0.18837182741174516,-1.2925537836392975,1.0256976393333745,-0.34600035978794036,0,0,7,156,-0.44640867420207037,-0.4566544403470888,0.26311170337244005,0,1,1,0,0,1,1,1,train
2161292,"Số 46, phố Lưu Quang Vũ",21.0152,105.7999,2025-08-18,-0.1889671844111689,-1.240645735741677,0.5863839381430754,-0.8895676907867965,0,0,0,156,-0.24247032995828513,0.23989990828729263,0.015485525814913026,0,1,1,1,0,1,1,1,train
2161292,"Số 46, phố Lưu Quang Vũ",21.0152,105.7999,2025-08-19,-0.18956254141059264,-1.1887376878440565,0.14707023695277646,-1.4032369686569306,0,0,0,156,-0.03853198571449979,0.936454256921674,-0.23214065174261386,0,1,1,1,0,1,1,1,train
2161292,"Số 46, phố Lưu Quang Vũ",21.0152,105.7999,2025-08-20,-0.1901578984100164,-1.1368296399464362,-0.29224346423752257,-1.5023853583902704,83,24,136,156,0.16540635852928542,1.633008605556055,-0.47976682930014103,45954,0,0,0,0,0,0,0,train
2161292,"Số 46, phố Lưu Quang Vũ",21.0152,105.7999,2025-08-21,-0.4489642294417469,-1.1831699190189109,0.030968673991575248,0.7757694144123265,0,0,0,156,0.03608384488656647,0.7419904771476534,-0.31705851856121914,0,1,1,1,0,1,1,1,train
2161292,"Số 46, phố Lưu Quang Vũ",21.0152,105.7999,2025-08-22,-0.7077705604734774,-1.2295101980913858,0.35418081222067305,-0.13110434410109975,77,63,111,156,-0.09323866875615248,-0.1490276512607481,-0.15435020782229733,0,0,0,0,0,1,1,1,train
2161292,"Số 46, phố Lưu Quang Vũ",21.0152,105.7999,2025-08-23,-0.705332911665036,-1.3359989756473696,-0.01316911709788522,-0.5221925955473443,64,85,76,156,-0.22256118239887135,-1.0400457796691498,0.008358102916624664,0,0,0,0,0,1,1,1,train
2161292,"Số 46, phố Lưu Quang Vũ",21.0152,105.7999,2025-08-24,-1.7015762172298405,-1.268346445855984,-0.707514859776997,-1.0582046526687805,6,31,18,156,-0.3518836960415903,-1.9310639080775511,0.1710664136555465,0,0,0,0,0,1,1,1,train
2161292,"Số 46, phố Lưu Quang Vũ",21.0152,105.7999,2025-08-25,-1.362467236884622,-1.2279223728570765,-0.4492310333304856,-0.8940852673777276,0,0,0,156,-0.48120620968430916,-2.822082036485953,0.3337747243944685,45954,1,1,1,0,0,0,0,train
2161292,"Số 46, phố Lưu Quang Vũ",21.0152,105.7999,2025-08-26,-1.0233582565394035,-1.187498299858169,-0.19094720688397418,0.4720777140257915,0,0,0,156,-0.3794342795551156,-2.1077834564422373,0.2606066142478767,0,1,1,1,0,1,1,1,train
2161292,"Số 46, phố Lưu Quang Vũ",21.0152,105.7999,2025-08-27,-0.684249276194185,-1.147074226859261,0.06733661956253736,0.15111707216140283,0,0,1,156,-0.277662349425922,-1.3934848763985213,0.18743850410128482,0,1,1,0,0,1,1,1,train
2161292,"Số 46, phố Lưu Quang Vũ",21.0152,105.7999,2025-08-28,-0.34514029584896655,-1.1066501538603537,-0.26421757549690855,-0.5708734519162596,81,101,96,156,-0.17589041929672844,-0.6791862963548054,0.11427039395469299,0,0,0,0,0,1,1,1,train
2161292,"Số 46, phố Lưu Quang Vũ",21.0152,105.7999,2025-08-29,-0.9377123714949579,-1.2240320186497529,-0.37191306782381045,-1.1598724026902123,3,72,21,156,-0.07411848916753486,0.035112283688910687,0.041102283808101214,0,0,0,0,0,1,1,1,train
2161292,"Số 46, phố Lưu Quang Vũ",21.0152,105.7999,2025-08-30,-0.921990272517041,-1.6906563454254186,0.8869294802770354,-1.5610113691905663,0,59,6,156,0.027653440961658587,0.7494108637326264,-0.032065826338490554,45954,1,0,0,0,0,0,0,train
2161292,"Số 46, phố Lưu Quang Vũ",21.0152,105.7999,2025-08-31,-0.9062681735391243,-1.711669760323985,-0.12703449939263106,-1.0885266802590317,5,24,37,139,-0.16728719674450054,-0.7147915015308252,0.2150569642039823,0,0,0,0,0,1,1,1,train
2161292,"Số 46, phố Lưu Quang Vũ",21.0152,105.7999,2025-09-01,-0.9790906163436081,-1.3649105742328753,-0.6898334215162131,0.3816050637104765,0,20,13,156,-0.3622278344506597,-2.178993866794277,0.4621797547464552,45954,1,0,0,0,0,0,0,train
2161292,"Số 46, phố Lưu Quang Vũ",21.0152,105.7999,2025-09-02,-1.0519130591480919,-1.1165977117402548,-0.2829144494385531,-0.43804175741710205,42,101,60,156,-0.03322921424443771,-1.0024362761972083,0.07640955541211034,0,0,0,0,0,1,1,1,train
2161292,"Số 46, phố Lưu Quang Vũ",21.0152,105.7999,2025-09-03,-0.02065211776116019,-1.1575463326250361,0.13894554216245703,-0.8589189777049876,130,153,154,156,0.29576940596178425,0.17412131439986028,-0.3093606439222346,0,0,0,0,0,1,1,1,train
2161292,"Số 46, phố Lưu Quang Vũ",21.0152,105.7999,2025-09-04,-0.2053614229367776,-1.2903457530571136,0.08806192873657909,-1.039216760218713,140,143,156,156,0.6247680261680063,1.3506789049969283,-0.6951308432565796,45954,0,0,0,0,0,0,0,train
2161292,"Số 46, phố Lưu Quang Vũ",21.0152,105.7999,2025-09-05,-0.06663987099729346,-1.0015642615061313,-0.20998121437894385,-0.7200831383205004,153,143,156,156,0.4408851896994713,1.1727153957858567,-0.47865360910984817,0,0,0,0,0,1,1,1,train
2161292,"Số 46, phố Lưu Quang Vũ",21.0152,105.7999,2025-09-06,-0.4376731350585851,-1.044972976862625,0.1284218821023193,0.38212031750256537,117,150,149,156,0.2570023532309363,0.9947518865747852,-0.26217637496311674,0,0,0,0,0,1,1,1,validation
2161292,"Số 46, phố Lưu Quang Vũ",21.0152,105.7999,2025-09-07,-0.6135685141558821,-0.926556538781447,0.2440588362466503,-0.512070839836524,144,156,151,156,0.07311951676240125,0.8167883773637135,-0.04569914081638537,0,0,0,0,0,1,1,1,validation
2161292,"Số 46, phố Lưu Quang Vũ",21.0152,105.7999,2025-09-08,-1.0633853849938777,-0.6741457460707748,0.0492308645522203,-0.9437881655779089,116,135,126,156,-0.11076331970613366,0.6388248681526418,0.17077809333034602,0,0,0,0,0,1,1,1,validation
2161292,"Số 46, phố Lưu Quang Vũ",21.0152,105.7999,2025-09-09,-1.2141613348481144,-0.7633021824083531,0.008546266429784042,-0.47419867455756876,0,0,0,156,-0.2946461561746686,0.4608613589415702,0.3872553274770774,0,1,1,1,0,1,1,1,validation
2161292,"Số 46, phố Lưu Quang Vũ",21.0152,105.7999,2025-09-10,-1.364937284702351,-0.8524586187459315,-0.03213833169265222,-1.526613596685169,0,99,64,156,-0.47852899264320364,0.2828978497304985,0.6037325616238088,0,1,0,0,0,1,1,1,validation
2161292,"Số 46, phố Lưu Quang Vũ",21.0152,105.7999,2025-09-11,-1.515713234556588,-1.1454636974661134,-1.3270908979919913,0.9881623443625284,0,0,35,156,-0.6624118291117387,0.10493434051942696,0.8202097957705402,0,1,1,0,0,1,1,1,validation
2161292,"Số 46, phố Lưu Quang Vũ",21.0152,105.7999,2025-09-12,-1.6664891844108247,-1.438468776186295,-0.996693434114189,0.4169973382213093,4,2,80,156,-0.8462946655802736,-0.07302916869164476,1.0366870299172717,0,0,0,0,0,1,1,1,validation
2161292,"Số 46, phố Lưu Quang Vũ",21.0152,105.7999,2025-09-13,0.47741812161541186,-1.053558285212428,-0.3982031359301432,-0.48683519187588686,26,45,113,156,-1.0301775020488084,-0.25099267790271645,1.253164264064003,0,0,0,0,0,1,1,1,validation
2161292,"Số 46, phố Lưu Quang Vũ",21.0152,105.7999,2025-09-14,0.11005274891983521,-1.0715907054185705,-0.07710545329942424,-1.57419763787082,33,56,83,156,-1.2140603385173432,-0.42895618711378797,1.4696414982107346,45954,0,0,0,0,0,0,0,validation
2161292,"Số 46, phố Lưu Quang Vũ",21.0152,105.7999,2025-09-15,-0.13351497848158805,-0.812915473927881,0.09688913577974288,-1.4509496534529687,31,11,33,156,-1.0764315634489448,-0.12061074178612272,1.289175260586996,0,0,0,0,0,1,1,1,validation
2161292,"Số 46, phố Lưu Quang Vũ",21.0152,105.7999,2025-09-16,-0.78106914026027,-1.2065791340294905,0.41144122381069026,-0.1654689404107827,135,131,143,136,-0.938802788380546,0.18773470354154265,1.1087090229632572,0,0,0,0,0,1,1,1,validation
2161292,"Số 46, phố Lưu Quang Vũ",21.0152,105.7999,2025-09-17,-0.8088077035111301,-1.3070095829320487,0.1935168914119797,0.7081732889128564,0,0,0,156,-0.8011740133121473,0.49608014886920804,0.9282427853395188,0,1,1,1,0,1,1,1,validation
2161292,"Số 46, phố Lưu Quang Vũ",21.0152,105.7999,2025-09-18,-0.8365462667619903,-1.4074400318346068,-0.024407440986730925,-0.38291797036642683,51,111,66,156,-0.6635452382437488,0.8044255941968733,0.7477765477157801,0,0,0,0,0,1,1,1,validation
2161292,"Số 46, phố Lưu Quang Vũ",21.0152,105.7999,2025-09-19,-0.9469279628240083,-1.2396583434646555,0.1077966693541471,-1.0584814096281732,50,107,75,156,-0.52591646317535,1.1127710395245387,0.5673103100920416,45954,0,0,0,0,0,0,0,validation
2161292,"Số 46, phố Lưu Quang Vũ",21.0152,105.7999,2025-09-20,-0.9587434676032194,-0.9497491438442202,-0.0741124067882773,-1.2926232918017873,104,153,0,156,-1.002701940589583,0.6332166909046,1.1610947753599377,0,0,0,1,0,1,1,1,validation
2161292,"Số 46, phố Lưu Quang Vũ",21.0152,105.7999,2025-09-21,-0.9059318454975307,-0.8316970631949184,-0.2560214829307017,-1.273123094388908,0,97,66,156,-1.479487418003816,0.15366234228466125,1.7548792406278337,45954,1,0,0,0,0,0,0,validation
2161292,"Số 46, phố Lưu Quang Vũ",21.0152,105.7999,2025-09-22,-0.8531202233918421,-0.2013090705371632,-0.029103193634393103,0.49571145340764816,0,132,53,156,-1.045743384409781,0.36919374490828455,1.2559995041561984,0,1,0,0,0,1,1,1,validation
2161292,"Số 46, phố Lưu Quang Vũ",21.0152,105.7999,2025-09-23,-0.8003086012861534,0.3423735804079816,-0.1928102207954705,-0.42880533730534,144,156,153,156,-0.6119993508157463,0.5847251475319077,0.7571197676845631,0,0,0,0,0,1,1,1,validation
2161292,"Số 46, phố Lưu Quang Vũ",21.0152,105.7999,2025-09-24,-1.1131633307017599,-0.9740945474582845,-0.34325494247507127,-0.6963117222056613,108,141,128,156,-0.17825531722171142,0.8002565501555312,0.2582400312129279,45954,0,0,0,0,0,0,0,validation
2161292,"Số 46, phố Lưu Quang Vũ",21.0152,105.7999,2025-09-25,-1.1463831360362415,0.05765224699097812,-0.23512996849438167,-1.0474291676360976,0,8,0,156,-0.22735187027781525,-0.06243411827634487,0.2642768715825871,0,1,0,1,0,1,1,1,validation
2161292,"Số 46, phố Lưu Quang Vũ",21.0152,105.7999,2025-09-26,-1.1796029413707232,-0.9115979753227877,-0.12700499451369207,-1.1891816455335105,0,6,0,156,-0.27644842333391917,-0.9251247867082208,0.2703137119522463,0,1,0,1,0,1,1,1,validation
2161292,"Số 46, phố Lưu Quang Vũ",21.0152,105.7999,2025-09-27,-1.2128227467052048,-1.274689837837002,-0.018880020533002532,0.3003359736571343,98,156,135,156,-0.32554497639002294,-1.7878154551400969,0.27635055232190553,0,0,0,0,0,1,1,1,validation
2161292,"Số 46, phố Lưu Quang Vũ",21.0152,105.7999,2025-09-28,-1.0413026769894376,-1.2693199292789412,-0.10313633817664372,0.25664863585764575,8,0,14,156,-0.3746415294461268,-2.6505061235719722,0.28238739269156476,0,0,1,0,0,1,1,1,validation
2161292,"Số 46, phố Lưu Quang Vũ",21.0152,105.7999,2025-09-29,-0.9691069639191945,-1.2639500207208807,0.6003361256029935,0.11755422893790159,0,0,0,156,-0.4237380825022306,-3.513196792003849,0.28842423306122394,45954,1,1,1,0,0,0,0,validation
2161292,"Số 46, phố Lưu Quang Vũ",21.0152,105.7999,2025-09-30,-0.8969112508489516,-1.2585801121628197,1.303808589382631,-0.30423794961884354,0,0,0,156,-0.5140961092590569,-3.37305699907824,0.4514152973120703,0,1,1,1,0,1,1,1,validation
2161292,"Số 46, phố Lưu Quang Vũ",21.0152,105.7999,2025-10-01,-0.8247155377787085,-1.2532102036047592,2.0072810531622682,-1.2845698673420858,0,0,2,156,-0.6044541360158833,-3.232917206152631,0.6144063615629166,0,1,1,0,0,1,1,1,validation
2161292,"Số 46, phố Lưu Quang Vũ",21.0152,105.7999,2025-10-02,-0.7525198247084655,-1.2478402950466985,0.5292442981003495,-0.016967002894604583,111,156,143,145,-0.6948121627727095,-3.0927774132270223,0.7773974258137629,0,0,0,0,0,1,1,1,validation
2161292,"Số 46, phố Lưu Quang Vũ",21.0152,105.7999,2025-10-03,-0.5670397942017725,-1.1674645728223565,-0.1253562795536036,-0.13334963497040606,140,156,153,156,-0.7851701895295359,-2.9526376203014135,0.9403884900646093,0,0,0,0,0,1,1,1,validation
2161292,"Số 46, phố Lưu Quang Vũ",21.0152,105.7999,2025-10-04,0.2791482372689881,-1.066623608183028,-0.16746900761832278,-0.3060968318719931,65,35,110,156,-0.8755282162863621,-2.812497827375805,1.1033795543154556,45954,0,0,0,0,0,0,0,validation
2161292,"Số 46, phố Lưu Quang Vũ",21.0152,105.7999,2025-10-05,-0.918263450794736,-1.0002944649471461,0.09713307430459091,-1.0458221377993828,146,144,154,156,-0.8323041613707196,-2.060779284319796,1.0260547976542607,0,0,0,0,0,1,1,1,validation
2161292,"Số 46, phố Lưu Quang Vũ",21.0152,105.7999,2025-10-06,-0.6739082091483038,-1.021335379377437,0.016637779859599418,-0.4009775862908491,0,0,0,156,-0.789080106455077,-1.309060741263787,0.9487300409930659,0,1,1,1,0,1,1,1,validation
2161292,"Số 46, phố Lưu Quang Vũ",21.0152,105.7999,2025-10-07,-0.429552967501872,-1.042376293807728,-0.06385751458539206,-0.4405512036665105,0,0,0,156,-0.7458560515394344,-0.5573421982077782,0.8714052843318709,0,1,1,1,0,1,1,1,validation
2161292,"Số 46, phố Lưu Quang Vũ",21.0152,105.7999,2025-10-08,-0.18519772585543992,-1.0634172082380187,-0.14435280903038356,0.3515424509773125,76,86,124,156,-0.7026319966237918,0.19437634484823085,0.7940805276706762,0,0,0,0,0,1,1,1,validation
2161292,"Số 46, phố Lưu Quang Vũ",21.0152,105.7999,2025-10-09,-0.7866986703204849,-0.8441143971998496,0.010696554641582642,-0.7048888587449731,112,156,147,156,-0.6594079417081492,0.9460948879042393,0.7167557710094812,45954,0,0,0,0,0,0,0,validation
2161292,"Số 46, phố Lưu Quang Vũ",21.0152,105.7999,2025-10-10,-0.6823772224255132,-0.7047692245962952,0.39278896185067314,-1.134943731590015,131,156,151,156,-0.6825860423635716,-1.004695439857207,0.7455749282703938,0,0,0,0,0,1,1,1,validation
2161292,"Số 46, phố Lưu Quang Vũ",21.0152,105.7999,2025-10-11,-0.08864848787525623,-0.6493552591267581,0.8632881184881976,-1.7171813677049697,31,88,72,156,-0.7057641430189939,-2.9554857676186526,0.7743940855313063,45954,0,0,0,0,0,0,0,validation
2161292,"Số 46, phố Lưu Quang Vũ",21.0152,105.7999,2025-10-12,-1.1442266698190935,-0.6692552838938776,0.5714176852038172,-1.0819769646304884,37,154,138,156,-0.6071950906509714,-3.2018989260468103,0.6065376466600862,0,0,0,0,0,1,1,1,validation
2161292,"Số 46, phố Lưu Quang Vũ",21.0152,105.7999,2025-10-13,-0.847927458830631,-0.9889336584055983,0.4416777865367484,1.31516950466915,0,2,0,156,-0.508626038282949,-3.448312084474969,0.43868120778886616,0,1,0,1,0,1,1,1,validation
2161292,"Số 46, phố Lưu Quang Vũ",21.0152,105.7999,2025-10-14,-0.5516282478421686,-1.1048349802247353,0.31193788786967963,0.3237412076984054,0,0,0,156,-0.41005698591492656,-3.694725242903127,0.27082476891764606,45954,1,1,1,0,0,0,0,validation
2161292,"Số 46, phố Lưu Quang Vũ",21.0152,105.7999,2025-10-15,-0.25532903685370617,-1.2207363020438724,0.18219798920261082,-0.7952827939820662,49,122,69,156,-0.2026942955573527,-2.6913700864202412,0.09303358185239045,0,0,0,0,0,1,1,1,validation
2161292,"Số 46, phố Lưu Quang Vũ",21.0152,105.7999,2025-10-16,-0.8240120526822784,-1.109860508283469,0.15091543743149932,-1.7804663794552478,60,113,102,156,0.0046683948002210615,-1.6880149299373566,-0.084757605212865,0,0,0,0,0,1,1,1,validation
2161292,"Số 46, phố Lưu Quang Vũ",21.0152,105.7999,2025-10-17,-0.8520210358579431,-0.8945252660468557,0.06043429190597833,-1.182728084135572,76,156,144,156,0.21203108515779495,-0.6846597734544712,-0.2625487922781206,0,0,0,0,0,1,1,1,validation
2161292,"Số 46, phố Lưu Quang Vũ",21.0152,105.7999,2025-10-18,-1.0943486249694467,-1.0824927924987422,1.180839192185507,0.23278502590190212,61,156,155,153,0.4193937755153688,0.31869538302841394,-0.4403399793433762,0,0,0,0,0,1,1,1,validation
2161292,"Số 46, phố Lưu Quang Vũ",21.0152,105.7999,2025-10-19,-1.173628540798853,-0.7850192216888301,1.0368503905458757,1.1090385443331725,20,85,35,156,0.6267564658729428,1.3220505395112991,-0.6181311664086317,45954,0,0,0,0,0,0,0,validation
2161292,"Số 46, phố Lưu Quang Vũ",21.0152,105.7999,2025-10-20,-1.1159905922660418,-0.7430864811985762,0.04268994452995795,-0.6439044414773799,80,154,131,156,0.3747036006459525,1.0328130016173305,-0.39192965686051945,0,0,0,0,0,1,1,1,validation
2161292,"Số 46, phố Lưu Quang Vũ",21.0152,105.7999,2025-10-21,-1.0928718771745962,-1.0612815173330876,0.756645981735832,-1.292638222582937,26,103,45,156,0.12265073541896221,0.7435754637233617,-0.16572814731240712,0,0,0,0,0,1,1,1,validation
2161292,"Số 46, phố Lưu Quang Vũ",21.0152,105.7999,2025-10-22,-1.1015271924201744,-0.9867382412449907,0.22415411310661926,-2.016877262578634,0,5,21,156,-0.12940212980802793,0.45433792582939275,0.06047336223570534,0,1,0,0,0,1,1,1,validation
2161292,"Số 46, phố Lưu Quang Vũ",21.0152,105.7999,2025-10-23,-1.110182507665752,-0.8359433545229494,0.27962451035966407,-0.44005574062483566,0,156,0,156,-0.3814549950350182,0.1651003879354241,0.2866748717838177,0,1,0,1,0,1,1,1,validation
2161292,"Số 46, phố Lưu Quang Vũ",21.0152,105.7999,2025-10-24,-1.11883782291133,-0.8004427772293411,0.335094907612709,0.3820887015734806,0,97,0,156,-0.6335078602620084,-0.12413714995854479,0.51287638133193,45954,1,0,1,0,0,0,0,validation
2161292,"Số 46, phố Lưu Quang Vũ",21.0152,105.7999,2025-10-25,-1.127493138156908,-0.7427226692119641,0.39056530486575386,-0.3045836867871482,0,65,12,156,-0.6678152899011491,-0.11651382979124551,0.562380230022989,0,1,0,0,0,1,1,1,validation
2161292,"Số 46, phố Lưu Quang Vũ",21.0152,105.7999,2025-10-26,-1.136148453402486,-0.6564869558658798,0.4434281251064035,-0.9812348035940949,92,141,110,156,-0.7021227195402897,-0.10889050962394625,0.611884078714048,0,0,0,0,0,1,1,1,validation
2161292,"Số 46, phố Lưu Quang Vũ",21.0152,105.7999,2025-10-27,-0.9973015555161537,-0.9435245225679796,0.41239758190190967,-1.5359105760452743,9,156,65,156,-0.7364301491794303,-0.10126718945664698,0.6613879274051071,0,0,0,0,0,1,1,1,validation
2161292,"Số 46, phố Lưu Quang Vũ",21.0152,105.7999,2025-10-28,-0.9491630980012185,-0.6436610833632425,0.8393585608561035,-0.4989902810868109,0,156,14,156,-0.7707375788185711,-0.0936438692893477,0.7108917760961659,0,1,0,0,0,1,1,1,validation
2161292,"Số 46, phố Lưu Quang Vũ",21.0152,105.7999,2025-10-29,-0.9010246404862833,-0.6858444559492246,0.023206561294196053,0.9064894783950308,0,37,0,156,-0.8050450084577117,-0.08602054912204844,0.7603956247872249,45954,1,0,1,0,0,0,0,validation
2161292,"Số 46, phố Lưu Quang Vũ",21.0152,105.7999,2025-10-30,-0.8528861829713481,-0.7975802805190587,-0.7929454382677115,0.23985690080881586,0,139,0,156,-0.9131481994859043,-0.827003907730315,0.8337909725722737,0,1,0,1,0,1,1,1,validation
2161292,"Số 46, phố Lưu Quang Vũ",21.0152,105.7999,2025-10-31,-0.8047477254564129,-0.9179559579644332,-1.609097437829619,-0.3024038524624026,0,95,0,156,-1.0212513905140967,-1.5679872663385814,0.9071863203573224,45954,1,0,1,0,0,0,0,validation
2161292,"Số 46, phố Lưu Quang Vũ",21.0152,105.7999,2025-11-01,-0.7566092679414776,-0.8531338799744621,-2.4252494373915265,-0.5568478941660138,0,140,0,156,-0.969404080668548,-1.493990297832011,0.8103878610984356,0,1,0,1,0,1,1,1,validation
2161292,"Số 46, phố Lưu Quang Vũ",21.0152,105.7999,2025-11-02,-0.7084708104265425,-0.5410890118385691,-3.2414014369534336,-0.3462817154279271,0,153,0,156,-0.9175567708229994,-1.419993329325441,0.7135894018395489,0,1,0,1,0,1,1,1,validation
2161292,"Số 46, phố Lưu Quang Vũ",21.0152,105.7999,2025-11-03,-0.6603323529116073,-0.5753988821355099,-4.057553436515342,-0.10144870713512637,0,124,0,154,-0.8657094609774505,-1.3459963608188705,0.6167909425806621,45954,1,0,1,0,0,0,0,validation
2161292,"Số 46, phố Lưu Quang Vũ",21.0152,105.7999,2025-11-04,-0.22842894664203586,-0.7632573195359443,-4.873705436077249,0.26988937016118614,0,119,0,156,-0.8876683433430155,-1.044243752135416,0.6749548844358865,0,1,0,1,0,1,1,1,validation
2161292,"Số 46, phố Lưu Quang Vũ",21.0152,105.7999,2025-11-05,-0.5640554378817368,-0.6824108780545532,-5.689857435639157,-0.575317270448311,0,123,3,156,-0.9096272257085806,-0.7424911434519615,0.7331188262911107,0,1,0,0,0,1,1,1,validation
2161292,"Số 46, phố Lưu Quang Vũ",21.0152,105.7999,2025-11-06,-0.5159169803668017,-0.9688389096816248,-3.799430584533218,-1.0344736691092953,0,128,0,156,-0.9315861080741455,-0.44073853476850683,0.791282768146335,0,1,0,1,0,1,1,1,validation
2161292,"Số 46, phố Lưu Quang Vũ",21.0152,105.7999,2025-11-07,-0.4677785228518665,-1.1733182913236377,-1.9090037334272791,-0.6606377859738283,0,156,0,156,-0.9535449904397106,-0.1389859260850523,0.8494467100015592,0,1,0,1,0,1,1,1,validation
2161292,"Số 46, phố Lưu Quang Vũ",21.0152,105.7999,2025-11-08,-0.41964006533693127,-0.5870078662691343,-0.018576882321339652,-0.24292260651784645,0,139,36,156,-0.9755038728052757,0.1627666825984024,0.9076106518567834,45954,1,0,0,0,0,0,0,validation
2161292,"Số 46, phố Lưu Quang Vũ",21.0152,105.7999,2025-11-09,-0.3715016078219961,-0.8493092178303184,-0.030439407661447614,0.4840368218033433,0,47,0,156,-0.33675783108050145,0.4341416625928958,0.20514827520197046,0,1,0,1,0,1,1,1,validation
2161292,"Số 46, phố Lưu Quang Vũ",21.0152,105.7999,2025-11-10,-0.32336315030706086,-0.6486954067267521,-0.042301933001555596,0.1914519652755488,0,0,0,156,0.30198821064427284,0.7055166425873891,-0.4973141014528425,0,1,1,1,0,1,1,1,validation
2161292,"Số 46, phố Lưu Quang Vũ",21.0152,105.7999,2025-11-11,-0.2752246927921257,-0.4480815956231858,-0.05416445834166355,-0.8083340884007257,0,4,0,156,0.9407342523690474,0.9768916225818824,-1.1997764781076554,0,1,0,1,0,1,1,1,validation
2161292,"Số 46, phố Lưu Quang Vũ",21.0152,105.7999,2025-11-12,-0.22708623527719046,-0.08905098213346643,-0.06602698368177154,-0.5905718703796835,127,107,134,156,1.5794802940938217,1.2482666025763758,-1.9022388547624685,0,0,0,0,0,1,1,1,validation
2161292,"Số 46, phố Lưu Quang Vũ",21.0152,105.7999,2025-11-13,-0.3840482867187907,-0.054702657945884296,-0.18246262631341645,-0.12088664319061086,156,106,156,156,2.218226335818596,1.5196415825708693,-2.6047012314172813,45954,0,0,0,0,0,0,0,validation
2161292,"Số 46, phố Lưu Quang Vũ",21.0152,105.7999,2025-11-14,0.02048012932338213,-0.33508633795425197,0.4423418556223152,0.5313595295265299,156,68,156,156,1.625347468717178,0.6030562709945827,-1.955938516221418,0,0,0,0,0,1,1,1,validation
2161292,"Số 46, phố Lưu Quang Vũ",21.0152,105.7999,2025-11-15,-0.09369886383895115,-0.46302897745407295,-0.5871173949697078,-0.17732093476436595,156,143,156,156,1.0324686016157605,-0.31352904058170383,-1.3071758010255552,0,0,0,0,0,1,1,1,validation
2161292,"Số 46, phố Lưu Quang Vũ",21.0152,105.7999,2025-11-16,0.6321252146974182,-0.5669673893482615,2.0508434642266202,-1.0098566332732568,91,153,119,156,0.43958973451434247,-1.23011435215799,-0.658413085829692,0,0,0,0,0,1,1,1,validation
2161292,"Số 46, phố Lưu Quang Vũ",21.0152,105.7999,2025-11-17,0.4289353750688379,-1.1422896833332599,1.4576497443471723,-1.3207989897401928,0,23,0,156,-0.15328913258707527,-2.146699663734277,-0.009650370633829307,0,1,0,1,0,1,1,1,validation
2161292,"Số 46, phố Lưu Quang Vũ",21.0152,105.7999,2025-11-18,0.22574553544025752,-1.1141984344147338,0.8644560244677244,-0.5597098860199312,0,2,0,156,-0.7461679996884931,-3.0632849753105633,0.6391123445620338,45954,1,0,1,0,0,0,0,validation
2161292,"Số 46, phố Lưu Quang Vũ",21.0152,105.7999,2025-11-19,0.02255569581167717,-0.6138182733622248,0.2712623045882766,0.05941388658684628,0,0,0,156,0.7191449782760281,-0.7861699533975085,-0.9466102283685105,0,1,1,1,0,1,1,1,validation
2161292,"Số 46, phố Lưu Quang Vũ",21.0152,105.7999,2025-11-20,-0.18063414381690318,-0.1134381123097163,-0.3219314152911712,0.06390239294687897,156,117,156,156,2.18445795624055,1.4909450685155463,-2.532332801299054,45954,0,0,0,0,0,0,0,validation
2161292,"Số 46, phố Lưu Quang Vũ",21.0152,105.7999,2025-11-21,0.045391748180878336,-0.36512509916395297,0.9058451930530959,-0.444506128700593,156,114,156,156,1.9337059307282067,1.4310245085346642,-2.19377439038037,0,0,0,0,0,1,1,1,validation
2161292,"Số 46, phố Lưu Quang Vũ",21.0152,105.7999,2025-11-22,-0.07105514391450887,-0.5465930999299268,1.2058171575490302,-1.3155176738318872,35,155,97,156,1.6829539052158637,1.3711039485537821,-1.8552159794616865,0,0,0,0,0,1,1,1,validation
2161292,"Số 46, phố Lưu Quang Vũ",21.0152,105.7999,2025-11-23,0.20677617716826027,-0.148664876084167,0.7575824786867883,0.03729375514405007,156,86,156,156,1.432201879703521,1.3111833885729003,-1.5166575685430024,45954,0,0,0,0,0,0,0,validation
2161292,"Số 46, phố Lưu Quang Vũ",21.0152,105.7999,2025-11-24,-0.07476934223427205,-0.026292050829212717,1.184997566100596,0.678585945339862,156,122,156,156,1.3955126624753253,1.2985459023790922,-1.530644851140272,0,0,0,0,0,1,1,1,validation
2161292,"Số 46, phố Lưu Quang Vũ",21.0152,105.7999,2025-11-25,-0.28616134867426796,-0.2531577330823965,0.9635760857526255,0.8040772199023456,156,28,156,156,1.3588234452471297,1.285908416185284,-1.544632133737542,0,0,0,0,0,1,1,1,validation
2161292,"Số 46, phố Lưu Quang Vũ",21.0152,105.7999,2025-11-26,0.06546993598268601,-0.1887529207142523,0.03133174447309542,0.3547878615584614,156,118,156,156,1.3221342280189345,1.273270929991476,-1.5586194163348122,0,0,0,0,0,1,1,1,validation
2161292,"Số 46, phố Lưu Quang Vũ",21.0152,105.7999,2025-11-27,-0.34432478598425037,-0.45139026655392916,0.5488555228912925,0.2873454736466216,156,121,156,156,1.285445010790739,1.260633443797668,-1.5726066989320822,0,0,0,0,0,1,1,1,validation
2161292,"Số 46, phố Lưu Quang Vũ",21.0152,105.7999,2025-11-28,0.7106356738794215,-0.4069983861211669,1.4209483775583067,0.03737046949759772,156,70,156,156,1.2487557935625433,1.2479959576038602,-1.5865939815293517,45954,0,0,0,0,0,0,0,validation
2161292,"Số 46, phố Lưu Quang Vũ",21.0152,105.7999,2025-11-29,2.73220800001598,-0.017829194939663753,1.7756856455728278,0.5985593473019409,156,156,156,156,0.7966152943927032,0.7039776472954694,-1.0583206897802868,0,0,0,0,0,1,1,1,validation
2161292,"Số 46, phố Lưu Quang Vũ",21.0152,105.7999,2025-11-30,1.6313191613136444,0.0014893851831818163,4.889925462533091,1.012003696256273,156,110,156,156,0.3444747952228633,0.15995933698707868,-0.5300473980312215,0,0,0,0,0,1,1,1,validation
2161292,"Số 46, phố Lưu Quang Vũ",21.0152,105.7999,2025-12-01,0.11100959014567391,-0.08390852424769726,7.154952039790161,0.18977999400622292,144,140,153,156,-0.1076657039469769,-0.384058973321312,-0.0017741062821564472,0,0,0,0,0,1,1,1,validation
2161292,"Số 46, phố Lưu Quang Vũ",21.0152,105.7999,2025-12-02,0.8148661571550712,-0.2227608870612809,1.6846436670286788,-0.2597215867282292,102,150,140,156,-0.5598062031168166,-0.9280772836297027,0.5264991854669089,0,0,0,0,0,1,1,1,validation
2161292,"Số 46, phố Lưu Quang Vũ",21.0152,105.7999,2025-12-03,-0.5697262318784015,-0.09304255052634508,0.45338348677840257,-0.6499730276141523,9,64,20,156,-1.0119467022866566,-1.4720955939380935,1.0547724772159737,45954,0,0,0,0,0,0,0,validation
2161292,"Số 46, phố Lưu Quang Vũ",21.0152,105.7999,2025-12-04,-0.5070559544071378,-0.322823092234512,0.3550425624446905,-0.010472202679130344,0,46,13,156,-0.5141864949271953,-0.9355496277128679,0.5287600453506904,0,1,0,0,0,1,1,1,validation
2161292,"Số 46, phố Lưu Quang Vũ",21.0152,105.7999,2025-12-05,-0.44438567693587405,-0.2635454652849327,0.08363963887320763,0.8377699011987254,0,0,0,155,-0.016426287567733726,-0.39900366148764205,0.0027476134854071683,0,1,1,1,0,1,1,1,validation
2161292,"Số 46, phố Lưu Quang Vũ",21.0152,105.7999,2025-12-06,-0.3817153994646103,-0.20426783833535397,-0.18776328469827525,1.04454724491224,0,0,0,156,0.48133391979172785,0.13754230473758383,-0.523264818379876,0,1,1,1,0,1,1,1,validation
2161292,"Số 46, phố Lưu Quang Vũ",21.0152,105.7999,2025-12-07,-0.31904512199334656,-0.1449902113857747,-0.4591662082697582,0.11456260804204162,2,67,15,156,0.9790941271511893,0.6740882709628095,-1.0492772502451593,0,0,0,0,0,1,1,1,validation
2161292,"Số 46, phố Lưu Quang Vũ",21.0152,105.7999,2025-12-08,-0.054250921198088844,0.2965046342184573,0.16432119546382865,-0.6096568129072245,101,139,143,156,1.4768543345106508,1.210634237188035,-1.5752896821104423,45954,0,0,0,0,0,0,0,validation
2161292,"Số 46, phố Lưu Quang Vũ",21.0152,105.7999,2025-12-09,2.9033133370404567,0.0719265493743644,0.19451240781106582,-0.4206700921649377,66,137,145,156,0.26460930682393324,0.9081859216155563,-0.24289299432392294,0,0,0,0,0,1,1,1,validation
2161292,"Số 46, phố Lưu Quang Vũ",21.0152,105.7999,2025-12-10,1.5092585977010955,-0.20646980083905123,0.17165539826639092,0.5569758377525811,46,120,97,156,-0.9476357208627845,0.6057376060430777,1.0895036934625966,45954,0,0,0,0,0,0,0,validation
2161292,"Số 46, phố Lưu Quang Vũ",21.0152,105.7999,2025-12-11,1.0039366258871174,-0.604190210041784,-0.21286762645127452,1.3503245663944654,0,8,0,156,-0.9500888372396028,-0.017613529192645493,1.0403735329915562,0,1,0,1,0,1,1,1,validation
2161292,"Số 46, phố Lưu Quang Vũ",21.0152,105.7999,2025-12-12,0.4986146540731392,-0.4666864606268569,-0.5973906511689401,0.6058745640800342,0,0,0,156,-0.9525419536164212,-0.6409646644283687,0.9912433725205158,0,1,1,1,0,1,1,1,validation
2161292,"Số 46, phố Lưu Quang Vũ",21.0152,105.7999,2025-12-13,-0.006707317740838894,-0.3291827112119299,-0.9819136758866055,-0.5396767791662535,0,10,0,156,-0.9549950699932395,-1.2643157996640915,0.9421132120494752,45954,1,0,1,0,0,0,0,validation
2161292,"Số 46, phố Lưu Quang Vũ",21.0152,105.7999,2025-12-14,-0.5120292895548172,0.37407649509768537,-1.366436700604271,-0.8760740869073553,119,78,138,156,-0.43840687479603985,-0.7339216639729038,0.37494811838660363,0,0,0,0,0,1,1,1,validation
2161292,"Số 46, phố Lưu Quang Vũ",21.0152,105.7999,2025-12-15,4.0562230273152995,-0.004304334339801576,2.377366191738161,0.3722929072113322,19,126,111,156,0.07818132040115984,-0.2035275282817161,-0.19221697527626794,0,0,0,0,0,1,1,1,validation
2161292,"Số 46, phố Lưu Quang Vũ",21.0152,105.7999,2025-12-16,2.8914960561031027,-0.26588447090952716,0.2738874316162445,0.8161505481556934,0,0,0,156,0.5947695155983592,0.3268666074094716,-0.7593820689391394,0,1,1,1,0,1,1,1,validation
2161292,"Số 46, phố Lưu Quang Vũ",21.0152,105.7999,2025-12-17,1.7267690848909056,-0.5274646074792527,-1.8295913285056729,0.7924564137640858,0,7,3,156,1.111357710795559,0.8572607431006594,-1.3265471626020109,0,1,0,0,0,1,1,1,validation
2161292,"Số 46, phố Lưu Quang Vũ",21.0152,105.7999,2025-12-18,0.5620421136787087,0.085990855333694,0.23124393550884756,-0.3161655534481693,86,122,125,156,1.6279459059927588,1.3876548787918468,-1.8937122562648825,45954,0,0,0,0,0,0,0,validation
2161292,"Số 46, phố Lưu Quang Vũ",21.0152,105.7999,2025-12-19,2.1840468306706105,-0.27581143823096066,-0.15162081772232056,-0.7696152283843278,81,137,138,156,1.097706910242378,1.297683298357066,-1.298919228588045,0,0,0,0,0,1,1,1,validation
2161292,"Số 46, phố Lưu Quang Vũ",21.0152,105.7999,2025-12-20,1.7475818405385888,-0.40228301187186,-0.0699807925036196,-0.3457555547002083,4,155,82,156,0.5674679144919972,1.2077117179222854,-0.7041262009112071,0,0,0,0,0,1,1,1,validation
2161292,"Số 46, phố Lưu Quang Vũ",21.0152,105.7999,2025-12-21,1.1630878544414398,-0.5749540715281937,0.17541103756109344,0.6679615299508528,0,156,71,156,0.037228918741616435,1.117740137487505,-0.1093331732343698,0,1,0,0,0,1,1,1,validation
2161292,"Số 46, phố Lưu Quang Vũ",21.0152,105.7999,2025-12-22,0.5785938683442908,-0.25526806078286784,-1.23350473993992,0.9927858100533741,18,124,65,156,-0.4930100770087646,1.0277685570527242,0.48545985444246786,0,0,0,0,0,1,1,1,validation
2161292,"Số 46, phố Lưu Quang Vũ",21.0152,105.7999,2025-12-23,0.5520032735145394,-0.2095987475575223,-0.49896056101348446,0.06288159037044863,30,118,66,156,-1.0232490727591455,0.9377969766179434,1.0802528821193056,45954,0,0,0,0,0,0,0,validation
2161292,"Số 46, phố Lưu Quang Vũ",21.0152,105.7999,2025-12-24,0.4150493785360219,-0.2525732884892064,-0.16969827525908354,-0.8007171205355952,47,128,89,156,-0.9426536336638112,0.7552226354755383,0.9759516635278963,0,0,0,0,0,1,1,1,validation
2161292,"Số 46, phố Lưu Quang Vũ",21.0152,105.7999,2025-12-25,-1.067041985074907,-0.008397355550534889,-1.8490399896314196,-0.27988996645912406,4,21,13,156,-0.8620581945684768,0.5726482943331328,0.8716504449364867,0,0,0,0,0,1,1,1,validation
2161292,"Số 46, phố Lưu Quang Vũ",21.0152,105.7999,2025-12-26,0.2928840216549739,-0.24495287279955222,-0.6078457972721513,0.5009300451043437,156,19,156,156,-0.7814627554731425,0.3900739531907277,0.7673492263450773,0,0,0,0,0,1,1,1,validation
2161292,"Số 46, phố Lưu Quang Vũ",21.0152,105.7999,2025-12-27,0.7616895347561073,-0.08060108056878379,0.26205907604199136,0.9477110359477574,0,0,0,156,-0.700867316377808,0.2074996120483224,0.6630480077536679,0,1,1,1,0,1,1,1,validation
2161292,"Số 46, phố Lưu Quang Vũ",21.0152,105.7999,2025-12-28,1.230495047857241,0.08375071166198464,1.1319639493561338,0.4613940682279609,4,26,22,156,-0.6202718772824736,0.024925270905917014,0.5587467891622585,45954,0,0,0,0,0,0,0,validation
2161292,"Số 46, phố Lưu Quang Vũ",21.0152,105.7999,2025-12-29,1.2195575809239454,-0.032681532934468974,0.642027271506979,-0.2918529861013372,0,0,0,156,-0.697245638986133,-0.16698776190900652,0.6595824973126071,0,1,1,1,0,1,1,1,validation
2161292,"Số 46, phố Lưu Quang Vũ",21.0152,105.7999,2025-12-30,1.2086201139906498,-0.14911377753092206,0.15209059365782435,-0.5201784928933615,0,20,0,156,-0.7742194006897922,-0.35890079472392983,0.7604182054629557,45954,1,0,1,0,0,0,0,validation
2161292,"Số 46, phố Lưu Quang Vũ",21.0152,105.7999,2025-12-31,1.1976826470573543,-0.4653656649363193,-0.33784608419133033,-0.03492120750410933,0,19,0,156,-0.7324023629959675,-0.4377557704527192,0.6544514127229366,0,1,0,1,0,1,1,1,validation
2161292,"Số 46, phố Lưu Quang Vũ",21.0152,105.7999,2026-01-01,1.186745180124059,-0.21569982548298586,-0.8277827620404853,1.4624611829268879,0,110,11,156,-0.690585325302143,-0.5166107461815083,0.5484846199829175,0,1,0,0,0,1,1,1,validation
2161292,"Số 46, phố Lưu Quang Vũ",21.0152,105.7999,2026-01-02,1.1758077131907634,-0.02125122757638635,-0.5987742350233084,0.7119313068051354,0,0,0,156,-0.6487682876083183,-0.5954657219102977,0.4425178272428984,45954,1,1,1,0,0,0,0,validation
2161292,"Số 46, phố Lưu Quang Vũ",21.0152,105.7999,2026-01-03,1.1648702462574678,0.17319737033021265,-0.36976570800613145,0.30220339258440626,0,0,0,156,-0.1447248440007298,-0.19722595090944245,-0.09046396991379864,0,1,1,1,0,1,1,1,validation
2161292,"Số 46, phố Lưu Quang Vũ",21.0152,105.7999,2026-01-04,1.1539327793241723,0.3676459682368121,-0.14075718098895457,-0.7409953098451537,14,65,45,156,0.35931859960685886,0.20101382009141278,-0.6234457670704957,0,0,0,0,0,1,1,1,validation
2161292,"Số 46, phố Lưu Quang Vũ",21.0152,105.7999,2026-01-05,0.7873436718783746,0.41514643209844104,0.19616531283606925,0.0555059487210422,0,0,0,156,0.8633620432144475,0.599253591092268,-1.156427564227193,0,1,1,1,0,1,1,1,validation
2161292,"Số 46, phố Lưu Quang Vũ",21.0152,105.7999,2026-01-06,0.42075456443257697,0.4626468959600699,0.533087806661093,0.429039214784165,0,0,0,155,1.3674054868220362,0.9974933620931232,-1.68940936138389,0,1,1,1,0,1,1,1,validation
2161292,"Số 46, phố Lưu Quang Vũ",21.0152,105.7999,2026-01-07,0.054165456986778826,0.5101473598216988,0.8700103004861169,0.21092152472550862,156,131,156,156,1.8714489304296247,1.3957331330939782,-2.2223911585405873,45954,0,0,0,0,0,0,0,validation
2161292,"Số 46, phố Lưu Quang Vũ",21.0152,105.7999,2026-01-08,0.424399069729261,0.4496190268971406,0.03332520758644026,-0.10651493021018815,154,80,156,156,1.241283816675532,1.2798616746031797,-1.5009700394188517,0,0,0,0,0,1,1,1,validation
2161292,"Số 46, phố Lưu Quang Vũ",21.0152,105.7999,2026-01-09,5.134657433699481,0.8074087524265164,1.7734189638686089,-0.3756918306286733,156,100,156,156,0.6111187029214399,1.1639902161123816,-0.779548920297116,0,0,0,0,0,1,1,1,validation
2161292,"Số 46, phố Lưu Quang Vũ",21.0152,105.7999,2026-01-10,6.124480882709453,0.5513764759300387,2.7215324957580505,-0.1863687791102061,156,103,156,156,-0.01904641083265269,1.0481187576215831,-0.058127801175380474,0,0,0,0,0,1,1,1,test
2161292,"Số 46, phố Lưu Quang Vũ",21.0152,105.7999,2026-01-11,0.3470420977423419,0.6296227798699039,0.32623255984010996,1.1930839114253726,156,97,156,156,-0.6492115245867449,0.9322472991307846,0.6632933179463554,0,0,0,0,0,1,1,1,test
2161292,"Số 46, phố Lưu Quang Vũ",21.0152,105.7999,2026-01-12,2.886262735953359,0.24418088885412187,-0.023953030190944295,0.91940000540901,48,132,140,156,-1.2793766383408376,0.8163758406399864,1.3847144370680904,45954,0,0,0,0,0,0,0,test
2161292,"Số 46, phố Lưu Quang Vũ",21.0152,105.7999,2026-01-13,0.6927644881943853,0.9019428699170664,-0.2824718413695622,0.20398215303590864,153,117,154,156,-1.1476192628067121,0.5479504271784782,1.2206391869595319,0,0,0,0,0,1,1,1,test
2161292,"Số 46, phố Lưu Quang Vũ",21.0152,105.7999,2026-01-14,4.263629971471105,0.39051757876566684,0.9435197760643096,-0.4947742465519808,131,118,146,156,-1.0158618872725864,0.2795250137169702,1.0565639368509732,0,0,0,0,0,1,1,1,test
2161292,"Số 46, phố Lưu Quang Vũ",21.0152,105.7999,2026-01-15,3.62757458759336,0.12381734756572316,0.24139668373563988,0.021774014401019566,0,0,0,156,-0.8841045117384607,0.01109960025546208,0.8924886867424142,0,1,1,1,0,1,1,1,test
2161292,"Số 46, phố Lưu Quang Vũ",21.0152,105.7999,2026-01-16,2.991519203715613,-0.14288288363422,-0.46072640859302993,0.6237651038387161,0,6,0,156,-0.7523471362043352,-0.25732581320604586,0.7284134366338554,0,1,0,1,0,1,1,1,test
2161292,"Số 46, phố Lưu Quang Vũ",21.0152,105.7999,2026-01-17,2.3554638198378672,-0.06665390897845556,-1.1628495009216997,1.3769168848534976,0,74,5,156,-0.6205897606702095,-0.525751226667554,0.5643381865252965,45954,1,0,0,0,0,0,0,test
2161292,"Số 46, phố Lưu Quang Vũ",21.0152,105.7999,2026-01-18,1.7194084359601207,-0.39023767153240346,-0.20576553946062004,0.6144297822326178,6,130,63,156,-0.6273740757000308,-0.507409540605184,0.5436199962709248,0,0,0,0,0,1,1,1,test
2161292,"Số 46, phố Lưu Quang Vũ",21.0152,105.7999,2026-01-19,0.5981260146934322,-0.5185015782887641,0.08074765684409349,0.10025211126433306,10,52,23,156,-0.634158390729852,-0.4890678545428137,0.522901806016553,0,0,0,0,0,1,1,1,test
2161292,"Số 46, phố Lưu Quang Vũ",21.0152,105.7999,2026-01-20,0.7401583235447233,-0.46455131516717973,-0.2459647515337354,-0.8505483040074151,0,81,10,156,-0.6409427057596733,-0.47072616848044363,0.5021836157621812,0,1,0,0,0,1,1,1,test
2161292,"Số 46, phố Lưu Quang Vũ",21.0152,105.7999,2026-01-21,0.882190632396014,-0.4740188812206619,1.4530806791462396,-0.26259880797891944,0,27,0,156,-0.6477270207894945,-0.45238448241807333,0.48146542550780935,0,1,0,1,0,1,1,1,test
2161292,"Số 46, phố Lưu Quang Vũ",21.0152,105.7999,2026-01-22,1.0242229412473052,-0.40395602883729226,3.1521261098262148,0.44727641741958296,0,0,1,150,-0.6545113358193158,-0.43404279635570325,0.4607472352534376,45954,1,1,0,0,0,0,0,test
2161292,"Số 46, phố Lưu Quang Vũ",21.0152,105.7999,2026-01-23,1.1662552500985959,-0.3338931764539232,1.8822479656583044,0.7614054952996638,0,0,0,156,-0.6172348779633717,-0.20406706179380082,0.4462466981707487,0,1,1,1,0,1,1,1,test
2161292,"Số 46, phố Lưu Quang Vũ",21.0152,105.7999,2026-01-24,1.308287558949887,-0.26383032407055357,0.6123698214903944,0.4534870102158709,0,0,0,156,-0.5799584201074276,0.02590867276810167,0.43174616108805985,0,1,1,1,0,1,1,1,test
2161292,"Số 46, phố Lưu Quang Vũ",21.0152,105.7999,2026-01-25,1.4503198678011782,-0.19376747168718397,-0.6575083226775156,-0.0010262738462743814,0,4,0,156,-0.5426819622514836,0.25588440733000406,0.41724562400537096,0,1,0,1,0,1,1,1,test
2161292,"Số 46, phố Lưu Quang Vũ",21.0152,105.7999,2026-01-26,1.5923521766524689,-0.21712766480526388,-1.927386466845426,0.14115341849217772,0,0,0,156,-0.5054055043955394,0.48586014189190657,0.40274508692268207,0,1,1,1,0,1,1,1,test
2161292,"Số 46, phố Lưu Quang Vũ",21.0152,105.7999,2026-01-27,1.7343844855037602,-0.24048785792334432,-3.197264611013336,0.7360980302816963,0,8,3,156,-0.46812904653959525,0.715835876453809,0.3882445498399931,45954,1,0,0,0,0,0,0,test
2161292,"Số 46, phố Lưu Quang Vũ",21.0152,105.7999,2026-01-28,1.8764167943550514,0.05481784071145041,0.5706703109608467,0.9745866211867635,0,71,62,156,-0.4949548668026578,0.623889818508547,0.4053288789623821,0,1,0,0,0,1,1,1,test
2161292,"Số 46, phố Lưu Quang Vũ",21.0152,105.7999,2026-01-29,2.018449103206342,-0.00740928146694868,-0.18792217963453162,0.6867324184276891,8,35,27,156,-0.5217806870657202,0.531943760563285,0.4224132080847711,0,0,0,0,0,1,1,1,test
2161292,"Số 46, phố Lưu Quang Vũ",21.0152,105.7999,2026-01-30,2.150010246786928,-0.1021794403925952,0.19647499778190552,0.22517067838886326,0,0,0,156,-0.5486065073287827,0.43999770261802296,0.43949753720716006,0,1,1,1,0,1,1,1,test
2161292,"Số 46, phố Lưu Quang Vũ",21.0152,105.7999,2026-01-31,2.281571390367513,-0.19694959931824121,0.5808721751983426,-0.07439463933825562,0,2,0,156,-0.5754323275918453,0.348051644672761,0.456581866329549,0,1,0,1,0,1,1,1,test
2161292,"Số 46, phố Lưu Quang Vũ",21.0152,105.7999,2026-02-01,2.413132533948099,0.4683201629887232,0.9652693526147798,-0.10686714733751183,4,87,92,156,-0.6022581478549077,0.25610558672749895,0.47366619545193794,45954,0,0,0,0,0,0,0,test
2161292,"Số 46, phố Lưu Quang Vũ",21.0152,105.7999,2026-02-02,2.2500906966111467,0.377413529181805,0.572566139941326,0.6199186957220304,0,0,0,156,-0.6428048704320383,0.18423447984974786,0.5272752501687071,0,1,1,1,0,1,1,1,test
2161292,"Số 46, phố Lưu Quang Vũ",21.0152,105.7999,2026-02-03,2.0870488592741934,0.28650689537488633,0.17986292726787226,0.41827754072404566,0,0,0,156,-0.6833515930091687,0.11236337297199667,0.5808843048854762,0,1,1,1,0,1,1,1,test
2161292,"Số 46, phố Lưu Quang Vũ",21.0152,105.7999,2026-02-04,1.9240070219372412,0.19560026156796814,-0.21284028540558148,0.22342215700458243,0,1,1,156,-0.7238983155862992,0.04049226609424556,0.6344933596022454,0,1,0,0,0,1,1,1,test
2161292,"Số 46, phố Lưu Quang Vũ",21.0152,105.7999,2026-02-05,1.7609651846002887,0.18819720581334362,-0.2793527804003419,-0.0723496299672927,0,0,0,156,-0.7644450381634297,-0.031378840783505633,0.6881024143190144,0,1,1,1,0,1,1,1,test
2161292,"Số 46, phố Lưu Quang Vũ",21.0152,105.7999,2026-02-06,1.5979233472633358,0.1807941500587196,-0.3458652753951023,-0.12481325946363334,0,70,30,156,-0.8049917607405602,-0.10324994766125674,0.7417114690357836,45954,1,0,0,0,0,0,0,test
2161292,"Số 46, phố Lưu Quang Vũ",21.0152,105.7999,2026-02-07,1.4348815099263834,0.3434230170830093,-0.18585992639208154,0.5626002331501467,0,2,0,154,-0.80579323707396,-0.03377101502168035,0.7255588545664222,0,1,0,1,0,1,1,1,test
2161292,"Số 46, phố Lưu Quang Vũ",21.0152,105.7999,2026-02-08,1.2718396725894305,0.4981417460784786,-0.025854577389060742,0.8275897362720471,0,0,0,156,-0.8065947134073597,0.035707917617895935,0.709406240097061,0,1,1,1,0,1,1,1,test
2161292,"Số 46, phố Lưu Quang Vũ",21.0152,105.7999,2026-02-09,1.108797835252478,0.6528604750739484,0.13415077161396005,0.40814356416885417,0,0,0,156,-0.8073961897407593,0.10518685025747232,0.6932536256276997,0,1,1,1,0,1,1,1,test
2161292,"Số 46, phố Lưu Quang Vũ",21.0152,105.7999,2026-02-10,0.9457559979155251,0.8075792040694177,0.2941561206169808,-0.6536332190283376,81,138,122,156,-0.808197666074159,0.17466578289704862,0.6771010111583384,0,0,0,0,0,1,1,1,test
2161292,"Số 46, phố Lưu Quang Vũ",21.0152,105.7999,2026-02-11,0.7968230394587312,0.14977386010852295,-0.9894657000470355,0.4233285493331158,0,2,0,156,-0.8089991424075587,0.244144715536625,0.6609483966889772,45954,1,0,1,0,0,0,0,test
2161292,"Số 46, phố Lưu Quang Vũ",21.0152,105.7999,2026-02-12,0.6478900810019369,0.5218894325980917,-2.273087520711052,0.4390455854182597,0,19,3,156,-0.5083562368823289,0.5299137432543256,0.3301386835505692,0,1,0,0,0,1,1,1,test
2161292,"Số 46, phố Lưu Quang Vũ",21.0152,105.7999,2026-02-13,0.4989571225451431,0.3728130620667026,-1.6090879433210334,1.1624902630644443,0,0,0,156,-0.20771333135709924,0.8156827709720261,-0.000671029587838779,0,1,1,1,0,1,1,1,test
2161292,"Số 46, phố Lưu Quang Vũ",21.0152,105.7999,2026-02-14,0.35002416408834874,0.223736691535313,-0.9450883659310153,0.591624417519733,0,0,0,156,0.09292957416813044,1.1014517986897268,-0.33148074272624667,0,1,1,1,0,1,1,1,test
2161292,"Số 46, phố Lưu Quang Vũ",21.0152,105.7999,2026-02-15,0.20109120563155486,0.0746603210039239,-0.28108878854099717,-0.014352503669026153,34,129,96,156,0.3935724796933601,1.3872208264074273,-0.6622904558646548,0,0,0,0,0,1,1,1,test
2161292,"Số 46, phố Lưu Quang Vũ",21.0152,105.7999,2026-02-16,1.229186273779728,-0.04235977721857587,0.12404052386290937,-0.2979545991260127,14,132,106,156,0.6942153852185899,1.6729898541251278,-0.9931001690030629,45954,0,0,0,0,0,0,0,test
2161292,"Số 46, phố Lưu Quang Vũ",21.0152,105.7999,2026-02-17,0.7435330221120919,0.12335692358791385,0.33636112507429855,0.21350304932091765,0,0,0,156,0.46117896940892994,1.5922396675303796,-0.7008214086077428,0,1,1,1,0,1,1,1,test
2161292,"Số 46, phố Lưu Quang Vũ",21.0152,105.7999,2026-02-18,0.257879770444456,0.28907362439440354,0.5486817262856877,1.0514704689620264,0,0,0,156,0.2281425535992699,1.5114894809356318,-0.4085426482124228,0,1,1,1,0,1,1,1,test
2161292,"Số 46, phố Lưu Quang Vũ",21.0152,105.7999,2026-02-19,-0.22777348122317997,0.4547903252008933,0.7610023274970769,0.5913929306887865,0,0,0,156,-0.00489386221039025,1.430739294340884,-0.11626388781710288,0,1,1,1,0,1,1,1,test
2161292,"Số 46, phố Lưu Quang Vũ",21.0152,105.7999,2026-02-20,-0.7134267328908159,0.620507026007383,0.9733229287084659,-0.01952276442713977,141,151,151,156,-0.23793027802005026,1.3499891077461361,0.1760148725782172,0,0,0,0,0,1,1,1,test
2161292,"Số 46, phố Lưu Quang Vũ",21.0152,105.7999,2026-02-21,1.4837694740369973,-0.11866293242933383,0.31001819470588365,-0.2708885568426598,4,45,22,156,-0.4709666938297103,1.2692389211513881,0.4682936329735373,45954,0,0,0,0,0,0,0,test
2161292,"Số 46, phố Lưu Quang Vũ",21.0152,105.7999,2026-02-22,0.26860687150125795,-0.015079605397643745,1.0191812550286468,0.8077149554216818,0,0,0,156,-0.5007751586521401,0.7884828200803229,0.47142662515635586,0,1,1,1,0,1,1,1,test
2161292,"Số 46, phố Lưu Quang Vũ",21.0152,105.7999,2026-02-23,-0.9465557310344814,0.08850372163404582,1.72834431535141,0.3660265554128404,7,27,24,148,-0.5305836234745698,0.30772671900925763,0.47455961733917434,0,0,0,0,0,1,1,1,test
2161292,"Số 46, phố Lưu Quang Vũ",21.0152,105.7999,2026-02-24,-0.9722831642407755,0.20932107337651779,1.2184155858123495,0.952603315422424,0,0,0,156,-0.5603920882969996,-0.17302938206180765,0.47769260952199283,0,1,1,1,0,1,1,1,test
2161292,"Số 46, phố Lưu Quang Vũ",21.0152,105.7999,2026-02-25,-0.9980105974470697,0.3301384251189893,0.7084868562732892,0.06685204341692688,0,27,5,156,-0.5902005531194293,-0.6537854831328728,0.4808256017048114,0,1,0,0,0,1,1,1,test
2161292,"Số 46, phố Lưu Quang Vũ",21.0152,105.7999,2026-02-26,-1.0237380306533634,0.00492378124573201,0.36293469118977395,0.18707540991257726,0,0,0,156,-0.620009017941859,-1.134541584203938,0.4839585938876299,45954,1,1,1,0,0,0,0,test
2161292,"Số 46, phố Lưu Quang Vũ",21.0152,105.7999,2026-02-27,-1.0494654638596577,-0.3202908626275252,0.01738252610625864,-0.15673816613343963,0,51,1,156,-0.6763851886905962,-0.8833132758603582,0.5455825668529491,0,1,0,0,0,1,1,1,test
2161292,"Số 46, phố Lưu Quang Vũ",21.0152,105.7999,2026-02-28,-1.0751928970659517,0.11758249919090825,-0.21086770744986771,-0.31513479204071204,3,138,63,156,-0.7327613594393334,-0.6320849675167781,0.6072065398182684,0,0,0,0,0,1,1,1,test
2161292,"Số 46, phố Lưu Quang Vũ",21.0152,105.7999,2026-03-01,0.4412964138272463,-0.17483479408387903,-0.12526729397054517,1.0261817868667453,119,155,154,156,-0.7891375301880705,-0.38085665917319844,0.6688305127835877,0,0,0,0,0,1,1,1,test
2161292,"Số 46, phố Lưu Quang Vũ",21.0152,105.7999,2026-03-02,-0.7759720767374251,0.007477828663011578,-0.020983208306489712,0.22424327531391547,126,155,150,156,-0.8455137009368077,-0.12962835082961854,0.730454485748907,0,0,0,0,0,1,1,1,test
2161292,"Số 46, phố Lưu Quang Vũ",21.0152,105.7999,2026-03-03,-0.7630830752686841,0.12079189908482667,-0.5660551906225373,1.0339327734234764,0,6,2,156,-0.9018898716855448,0.12159995751396128,0.7920784587142263,45954,1,0,0,0,0,0,0,test
2161292,"Số 46, phố Lưu Quang Vũ",21.0152,105.7999,2026-03-04,-0.7501940737999432,0.7143282465466481,0.24426279666832226,-0.10183747481470475,54,93,91,156,-0.8467419651518908,0.2686805617973872,0.7285486321969575,0,0,0,0,0,1,1,1,test
2161292,"Số 46, phố Lưu Quang Vũ",21.0152,105.7999,2026-03-05,-0.742167069914251,0.5121764161788287,-0.3898248356194764,1.4568355034821434,0,0,0,156,-0.7915940586182368,0.41576116608081304,0.6650188056796886,0,1,1,1,0,1,1,1,test
2161292,"Số 46, phố Lưu Quang Vũ",21.0152,105.7999,2026-03-06,-0.734140066028559,0.3100245858110094,-1.023912467907275,1.4751381328005597,0,3,0,156,-0.736446152084583,0.562841770364239,0.6014889791624198,0,1,0,1,0,1,1,1,test
2161292,"Số 46, phố Lưu Quang Vũ",21.0152,105.7999,2026-03-07,-0.7261130621428667,0.5397121291028056,-1.6580001001950737,1.172999084345792,0,5,1,156,-0.681298245550929,0.7099223746476648,0.537959152645151,0,1,0,0,0,1,1,1,test
2161292,"Số 46, phố Lưu Quang Vũ",21.0152,105.7999,2026-03-08,-0.7180860582571745,0.9888775713603716,-1.0176226261874497,0.8652213368051168,0,0,0,156,-0.6261503390172751,0.8570029789310908,0.47442932612788213,45954,1,1,1,0,0,0,0,test
2161292,"Số 46, phố Lưu Quang Vũ",21.0152,105.7999,2026-03-09,-0.7100590543714825,1.438043013617937,-0.3772451521798254,0.10704343679344216,0,0,0,156,-0.3853703749954246,0.9780225201293146,0.23244970831599907,0,1,1,1,0,1,1,1,test
2161292,"Số 46, phố Lưu Quang Vũ",21.0152,105.7999,2026-03-10,-0.7020320504857903,1.8872084558755027,0.26313232182779894,0.17247198613949075,149,47,155,156,-0.14459041097357403,1.0990420613275385,-0.009529909495884082,0,0,0,0,0,1,1,1,test
2161292,"Số 46, phố Lưu Quang Vũ",21.0152,105.7999,2026-03-11,-0.22842894664203586,1.9792637973942813,0.46199536092028237,2.0515242166135357,0,9,15,143,0.09618955304827641,1.220061602525762,-0.2515095273077671,0,1,0,0,0,1,1,1,test
2161292,"Số 46, phố Lưu Quang Vũ",21.0152,105.7999,2026-03-12,0.24517415720171856,2.663295240216398,-0.3484596193995234,1.5524147198431868,11,74,57,156,0.33696951707012696,1.3410811437239858,-0.49348914511965025,0,0,0,0,0,1,1,1,test
2161292,"Số 46, phố Lưu Quang Vũ",21.0152,105.7999,2026-03-13,0.08772214012577875,2.3652219523460927,-0.29618623198637306,0.5079544699887635,30,83,61,156,0.5777494810919774,1.4621006849222093,-0.7354687629315334,45954,0,0,0,0,0,0,0,test
2161292,"Số 46, phố Lưu Quang Vũ",21.0152,105.7999,2026-03-14,-0.036742536753946405,2.920324863365833,-0.3994069239439648,0.7749740517004767,0,1,0,156,0.2714171800198922,1.0599784307581064,-0.403249004127215,0,1,0,1,0,1,1,1,test
2161292,"Số 46, phố Lưu Quang Vũ",21.0152,105.7999,2026-03-15,-0.16120721363367202,0.5355247458625579,-0.5026276159015566,0.11732545950912447,0,35,3,156,-0.03491512105219308,0.6578561765940034,-0.07102924532289676,0,1,0,0,0,1,1,1,test
2161292,"Số 46, phố Lưu Quang Vũ",21.0152,105.7999,2026-03-16,-0.2856718905133974,1.2793293526505052,0.041093704221876234,-0.29760892168083264,5,140,111,156,-0.34124742212427844,0.2557339224299003,0.26119051348142164,0,0,0,0,0,1,1,1,test
2161292,"Số 46, phố Lưu Quang Vũ",21.0152,105.7999,2026-03-17,-0.5143643018541489,0.7234715453946734,-0.32433329926485727,1.5269208290917828,45,75,79,156,-0.6475797231963637,-0.1463883317342027,0.5934102722857398,0,0,0,0,0,1,1,1,test
2161292,"Số 46, phố Lưu Quang Vũ",21.0152,105.7999,2026-03-18,0.3477708296438558,0.89128241508588,-0.6189003591003537,0.9539090420955361,37,66,58,156,-0.9539120242684489,-0.5485105858983058,0.9256300310900581,45954,0,0,0,0,0,0,0,test
2161292,"Số 46, phố Lưu Quang Vũ",21.0152,105.7999,2026-03-19,-0.5600777656802765,0.7804078485773174,-0.48667600388523785,1.0185650578941132,24,73,52,156,-0.9726711298731592,-0.5141573496685219,0.9277527357038711,0,0,0,0,0,1,1,1,test
2161292,"Số 46, phố Lưu Quang Vũ",21.0152,105.7999,2026-03-20,-0.5240375496733446,1.4347577968332557,-0.24295016843777445,1.941179532711587,0,11,0,156,-0.9914302354778693,-0.4798041134387381,0.9298754403176841,0,1,0,1,0,1,1,1,test
2161292,"Số 46, phố Lưu Quang Vũ",21.0152,105.7999,2026-03-21,-0.4879973336664125,1.0926006687392438,0.0007756670096889861,1.3110830095915755,0,0,0,156,-1.0101893410825795,-0.445450877208954,0.9319981449314969,0,1,1,1,0,1,1,1,test
2161292,"Số 46, phố Lưu Quang Vũ",21.0152,105.7999,2026-03-22,-0.45195711765948066,0.7504435406452313,0.2445015024571525,1.209614555636931,17,61,38,156,-1.0289484466872898,-0.4110976409791702,0.9341208495453097,0,0,0,0,0,1,1,1,test
2161292,"Số 46, phố Lưu Quang Vũ",21.0152,105.7999,2026-03-23,-0.7484389768073347,0.005935582198012544,-0.47601901371136635,0.9310774290693898,13,56,19,156,-1.0477075522919999,-0.3767444047493863,0.9362435541591227,45954,0,0,0,0,0,0,0,test
2161292,"Số 46, phố Lưu Quang Vũ",21.0152,105.7999,2026-03-24,-0.5652142852653377,0.16280182007899022,-0.6843676078078677,0.4577544962225433,32,80,61,156,-1.0079349261949062,-0.30153782398998485,0.8877212222644264,0,0,0,0,0,1,1,1,test
2161292,"Số 46, phố Lưu Quang Vũ",21.0152,105.7999,2026-03-25,-0.5434377106310847,0.672668774130301,-0.1413488231938838,0.637657299851732,5,20,10,156,-0.9681623000978125,-0.22633124323058365,0.8391988903697302,0,0,0,0,0,1,1,1,test
2161292,"Số 46, phố Lưu Quang Vũ",21.0152,105.7999,2026-03-26,-0.3887283022013759,1.2051869788265168,-0.5700548382119014,2.840417839052819,0,35,17,156,-0.9283896740007188,-0.15112466247118225,0.7906765584750339,0,1,0,0,0,1,1,1,test
2161292,"Số 46, phố Lưu Quang Vũ",21.0152,105.7999,2026-03-27,-0.23401889377166715,1.7363164798976674,-0.4171615245755045,3.3457851248186703,0,82,11,135,-0.8886170479036251,-0.07591808171178084,0.7421542265803376,0,1,0,0,0,1,1,1,test
2161292,"Số 46, phố Lưu Quang Vũ",21.0152,105.7999,2026-03-28,-0.07930948534195839,0.6207382947964686,-0.36835560387040467,2.795103276601937,0,13,0,156,-0.8488444218065312,-0.0007115009523795293,0.6936318946856415,45954,1,0,1,0,0,0,0,test
2161292,"Số 46, phố Lưu Quang Vũ",21.0152,105.7999,2026-03-29,0.07539992308775037,0.43437955913097653,-0.31954968316530497,0.9486942577480337,78,119,93,156,-1.6503635746010816,0.3763278318513469,1.622661281536021,0,0,0,0,0,1,1,1,test
2161292,"Số 46, phố Lưu Quang Vũ",21.0152,105.7999,2026-03-30,1.2954831152478494,1.3813663423777656,0.09028253910630593,1.8581925788335336,126,149,152,156,-2.4518827273956316,0.7533671646550734,2.551690668386401,45954,0,0,0,0,0,0,0,test
2161292,"Số 46, phố Lưu Quang Vũ",21.0152,105.7999,2026-03-31,1.7086284307923048,1.6316788071836246,0.40690855810224996,2.1598451227153164,80,101,156,156,-1.8584399537213152,0.6139952368100033,1.8046145442131523,0,0,0,0,0,1,1,1,test
2161292,"Số 46, phố Lưu Quang Vũ",21.0152,105.7999,2026-04-01,0.7040198056968875,2.689865515034962,0.11516875716547838,2.7935726923647093,0,41,23,156,-1.2649971800469988,0.4746233089649333,1.0575384200399036,0,1,0,0,0,1,1,1,test
2161292,"Số 46, phố Lưu Quang Vũ",21.0152,105.7999,2026-04-02,-0.3005888193985294,3.240839405456986,-0.05398145793481848,3.3504000501026985,15,60,81,156,-0.6715544063726824,0.3352513811198632,0.31046229586665525,45954,0,0,0,0,0,0,0,test
2161292,"Số 46, phố Lưu Quang Vũ",21.0152,105.7999,2026-04-03,0.6331005787048761,2.336365171008953,-0.1828125975124387,2.8352935949622093,47,156,144,156,-0.40132164565745837,0.5578487111873678,0.0834208243591811,0,0,0,0,0,1,1,1,test
2161292,"Số 46, phố Lưu Quang Vũ",21.0152,105.7999,2026-04-04,0.47897251285102255,2.8260681047886145,-0.427608600636946,1.7130910670010968,91,146,131,156,-0.13108888494223436,0.7804460412548723,-0.14362064714829292,0,0,0,0,0,1,1,1,test
2161292,"Số 46, phố Lưu Quang Vũ",21.0152,105.7999,2026-04-05,-0.35113140075585875,2.8977287026919076,-0.3297829380047565,3.3403851987849107,43,115,111,156,0.1391438757729898,1.0030433713223768,-0.37066211865576704,0,0,0,0,0,1,1,1,test
2161292,"Số 46, phố Lưu Quang Vũ",21.0152,105.7999,2026-04-06,0.17947112312831112,3.587891495651266,0.07831659746003265,2.6965828158006326,0,107,153,156,0.4093766364882138,1.2256407013898813,-0.5977035901632413,0,1,0,0,0,1,1,1,test
2161292,"Số 46, phố Lưu Quang Vũ",21.0152,105.7999,2026-04-07,0.710073647012481,2.9619979719136107,0.42545611882870166,2.5776855415635826,142,11,156,156,0.6796093972034379,1.448238031457386,-0.8247450616707154,45954,0,0,0,0,0,0,0,test
2161292,"Số 46, phố Lưu Quang Vũ",21.0152,105.7999,2026-04-08,1.4331865485389748,3.1495656869919038,-0.08620065782481572,2.176856776972397,156,132,156,156,0.5468725130160869,1.3957158002124788,-0.6372732326202271,0,0,0,0,0,1,1,1,test
2161292,"Số 46, phố Lưu Quang Vũ",21.0152,105.7999,2026-04-09,1.0987135762130817,1.8063052880873591,-0.4596171073182617,1.1147398332536596,156,146,156,156,0.41413562882873584,1.3431935689675718,-0.4498014035697388,0,0,0,0,0,1,1,1,test
2161292,"Số 46, phố Lưu Quang Vũ",21.0152,105.7999,2026-04-10,1.418367562034799,2.1660995249372834,0.09470485222628194,2.406899144427274,156,121,156,156,0.28139874464138487,1.2906713377226646,-0.2623295745192504,0,0,0,0,0,1,1,1,test
2161292,"Số 46, phố Lưu Quang Vũ",21.0152,105.7999,2026-04-11,0.7736202360134682,3.0553792908528763,-0.5005534291139103,3.44046491092325,110,117,156,156,0.1486618604540337,1.2381491064777574,-0.07485774546876206,0,0,0,0,0,1,1,1,test
2161292,"Số 46, phố Lưu Quang Vũ",21.0152,105.7999,2026-04-12,0.4670930664147148,3.7179976437641375,1.3160038799100593,3.410025467670037,47,108,141,137,0.01592497626668272,1.1856268752328505,0.11261408358172623,45954,0,0,0,0,0,0,0,test
2161292,"Số 46, phố Lưu Quang Vũ",21.0152,105.7999,2026-04-13,1.9460283256514506,5.581562637163577,0.4378521681190344,4.147311263126925,156,156,156,156,-0.10392586475754993,0.9776269482205182,0.17547043254126846,0,0,0,0,0,1,1,1,test
2161292,"Số 46, phố Lưu Quang Vũ",21.0152,105.7999,2026-04-14,0.47435526549313684,4.255728668784313,-0.1786975840827975,3.7766556960994877,15,153,152,156,-0.22377670578178252,0.7696270212081859,0.23832678150081063,0,0,0,0,0,1,1,1,test
2161292,"Số 46, phố Lưu Quang Vũ",21.0152,105.7999,2026-04-15,-0.6006262914070776,2.496911528040891,-0.11539795847867891,3.2218309741755586,2,101,52,156,-0.34362754680601515,0.5616270941958537,0.3011831304603528,0,0,0,0,0,1,1,1,test
2161292,"Số 46, phố Lưu Quang Vũ",21.0152,105.7999,2026-04-16,-0.6573598799286376,3.0592906787929293,0.13508159686048815,3.9960894449318127,0,146,84,156,-0.46347838783024775,0.3536271671835214,0.364039479419895,0,1,0,0,0,1,1,1,test
2161292,"Số 46, phố Lưu Quang Vũ",21.0152,105.7999,2026-04-17,-0.7140934684501978,2.6750989483068657,0.13087182119793245,2.96496969872692,0,0,0,156,-0.5833292288544804,0.1456272401711892,0.42689582837943724,45954,1,1,1,0,0,0,0,test
2161292,"Số 46, phố Lưu Quang Vũ",21.0152,105.7999,2026-04-18,-0.7708270569717578,2.290907217820802,0.12666204553537672,2.918577014430773,0,0,0,156,-0.7186594994942104,-0.26207980728079694,0.7208306124372511,0,1,1,1,0,1,1,1,test
2161292,"Số 46, phố Lưu Quang Vũ",21.0152,105.7999,2026-04-19,-0.8275606454933178,1.9067154873347398,0.12245226987282103,1.1099019615455028,0,0,0,156,-0.8539897701339404,-0.669786854732783,1.0147653964950647,45954,1,1,1,0,0,0,0,test
2161292,"Số 46, phố Lưu Quang Vũ",21.0152,105.7999,2026-04-20,-0.884294234014878,1.5225237568486765,0.11824249421026528,0.5931813993780337,0,0,0,156,-1.2402821622210787,-0.27527042155482545,1.406944435617235,0,1,1,1,0,1,1,1,test
2161292,"Số 46, phố Lưu Quang Vũ",21.0152,105.7999,2026-04-21,-0.941027822536438,1.138332026362613,0.11403271854770959,1.0372144396739524,9,99,36,156,-1.626574554308217,0.11924601162313224,1.7991234747394054,0,0,0,0,0,1,1,1,test
2161292,"Số 46, phố Lưu Quang Vũ",21.0152,105.7999,2026-04-22,-1.633445366646454,1.13748713165906,0.03276174657204245,1.1617453962544433,1,156,95,156,-2.0128669463953552,0.5137624448010899,2.1913025138615754,45954,0,0,0,0,0,0,0,test
2161292,"Số 46, phố Lưu Quang Vũ",21.0152,105.7999,2026-04-23,-1.2223991516707289,0.8201766713705677,-0.38410293568673914,1.3766029801106043,0,0,0,156,-1.4642916171976228,0.7504888352363924,1.5521390068630778,0,1,1,1,0,1,1,1,test
2161292,"Số 46, phố Lưu Quang Vũ",21.0152,105.7999,2026-04-24,-0.8113529366950039,0.5028662110820754,-0.8009676179455207,0.9173252837835589,0,34,11,156,-0.9157162879998902,0.9872152256716948,0.91297549986458,0,1,0,0,0,1,1,1,test
2161292,"Số 46, phố Lưu Quang Vũ",21.0152,105.7999,2026-04-25,-0.4003067217192786,0.7427505807363566,-0.36794125839006114,-0.053456488254401836,51,138,96,156,-0.3671409588021578,1.2239416161069974,0.2738119928660822,0,0,0,0,0,1,1,1,test
2161292,"Số 46, phố Lưu Quang Vũ",21.0152,105.7999,2026-04-26,-0.5365460306192315,1.0477757047721858,-0.2745005253396137,-0.5045813808424127,0,0,0,156,0.18143437039557453,1.4606680065422997,-0.36535151413241534,0,1,1,1,0,1,1,1,test
2161292,"Số 46, phố Lưu Quang Vũ",21.0152,105.7999,2026-04-27,-0.672785339519184,1.3528008288080158,-0.18105979228916627,0.12452151372286113,41,156,146,156,0.7300096995933074,1.6973943969776022,-1.0045150211309128,45954,0,0,0,0,0,0,0,test
2161292,"Số 46, phố Lưu Quang Vũ",21.0152,105.7999,2026-04-28,-0.27998704584505946,0.4659990206963092,1.3263249749450725,0.40287702973388684,141,60,136,154,0.45448424327654796,1.3418687916324619,-0.6750878445899331,0,0,0,0,0,1,1,1,test
2161292,"Số 46, phố Lưu Quang Vũ",21.0152,105.7999,2026-04-29,-0.32397509987651607,0.7969228400776637,1.2345496691467353,0.779708811434013,154,146,156,156,0.17895878695978834,0.9863431862873216,-0.34566066804895357,0,0,0,0,0,1,1,1,test
2161292,"Số 46, phố Lưu Quang Vũ",21.0152,105.7999,2026-04-30,-1.01653441938694,0.2945633945477517,0.41554694477328646,0.23121865258225816,20,8,46,156,-0.09656666935697113,0.6308175809421813,-0.01623349150797392,0,0,0,0,0,1,1,1,test
2161292,"Số 46, phố Lưu Quang Vũ",21.0152,105.7999,2026-05-01,-0.6221749470195567,0.18571406627951584,-0.21661072462198766,-0.5951019888267808,0,92,9,156,-0.37209212567373073,0.27529197559704105,0.31319368503300576,0,1,0,0,0,1,1,1,test
2161292,"Số 46, phố Lưu Quang Vũ",21.0152,105.7999,2026-05-02,-0.22781547465217358,-0.2370100989628362,0.18827780052698373,-0.8148698288181127,9,144,57,156,-0.6476175819904904,-0.08023362974809921,0.6426208615739856,45954,0,0,0,0,0,0,0,test
2161292,"Số 46, phố Lưu Quang Vũ",21.0152,105.7999,2026-05-03,-0.3943050867379045,-0.018351458773519284,0.6215083065569517,-0.009357709450985047,0,47,0,156,-0.6779394314837218,0.00185607998925378,0.6942589500781516,0,1,0,1,0,1,1,1,test
2161292,"Số 46, phố Lưu Quang Vũ",21.0152,105.7999,2026-05-04,-0.5607946988236355,-0.12883275925158616,1.0547388125869197,0.7210316179159357,82,12,105,156,-0.7082612809769533,0.08394578972660677,0.7458970385823177,0,0,0,0,0,1,1,1,test
2161292,"Số 46, phố Lưu Quang Vũ",21.0152,105.7999,2026-05-05,-0.3557556258739435,0.3059956544180051,-0.8114612769858233,-0.03506531940376722,87,107,121,156,-0.7385831304701849,0.16603549946395976,0.7975351270864839,0,0,0,0,0,1,1,1,test
2161292,"Số 46, phố Lưu Quang Vũ",21.0152,105.7999,2026-05-06,0.24422391313097713,-0.011493848276190887,-0.6669498994423814,-0.2969160139892329,20,92,42,156,-0.7689049799634163,0.24812520920131276,0.84917321559065,0,0,0,0,0,1,1,1,test
2161292,"Số 46, phố Lưu Quang Vũ",21.0152,105.7999,2026-05-07,-0.521693614298849,-0.3929209894756643,0.07928742115926578,-1.0413451729331789,12,128,45,156,-0.7992268294566479,0.3302149189386657,0.9008113040948159,45954,0,0,0,0,0,0,0,test
2161292,"Số 46, phố Lưu Quang Vũ",21.0152,105.7999,2026-05-08,-0.5258694548899621,-0.13393158151676826,-0.05564356094691108,-0.750014696122122,0,8,0,156,-0.7570405557223637,-1.615354148293728,0.7370582359757996,0,1,0,1,0,1,1,1,test
2161292,"Số 46, phố Lưu Quang Vũ",21.0152,105.7999,2026-05-09,-0.530045295481075,0.015532146054846761,-0.19057454305308794,0.6101501425700897,0,2,0,156,-0.7148542819880795,-3.5609232155261212,0.5733051678567832,45954,1,0,1,0,0,0,0,test
2161292,"Số 46, phố Lưu Quang Vũ",21.0152,105.7999,2026-05-10,-0.5342211360721881,-0.02329891997980531,-0.3255055251592648,0.4537826695441992,0,0,0,156,-0.5280952185921647,-1.8065595160743781,0.3733854946673857,0,1,1,1,0,1,1,1,test
2161292,"Số 46, phố Lưu Quang Vũ",21.0152,105.7999,2026-05-11,-0.5383969766633011,-0.062129986014457385,-0.4604365072654417,-0.30892358708239703,58,78,65,156,-0.3413361551962499,-0.05219581662263557,0.1734658214779881,0,0,0,0,0,1,1,1,test
2161292,"Số 46, phố Lưu Quang Vũ",21.0152,105.7999,2026-05-12,-0.38352178299468165,-0.2035824863695665,-0.8408211587477598,-0.8165230843532673,37,102,80,156,-0.15457709180033496,1.7021678828291071,-0.02645385171140943,45954,0,0,0,0,0,0,0,test
2161292,"Số 46, phố Lưu Quang Vũ",21.0152,105.7999,2026-05-13,-0.5230415907009355,-0.7192183421846432,0.01968758120701066,-0.9935983265098701,81,34,125,156,-0.15457709180033496,1.7021678828291071,-0.02645385171140943,0,0,0,0,0,1,1,1,test
2161292,"Số 46, phố Lưu Quang Vũ",21.0152,105.7999,2026-05-14,-0.21297631607616885,-0.9481425348388635,0.688367102567833,-0.37040310905291723,75,1,95,134,-0.15457709180033496,1.7021678828291071,-0.02645385171140943,0,0,0,0,0,1,1,1,test
2161292,"Số 46, phố Lưu Quang Vũ",21.0152,105.7999,2026-05-15,0.47721893827882117,-0.7550112781361717,-0.3014814875712935,0.21303912008903125,42,48,78,156,-0.15457709180033496,1.7021678828291071,-0.02645385171140943,0,0,0,0,0,1,1,1,test
