location_id,location_name,latitude,longitude,date,no2_mean,co_mean,so2_mean,aer_ai_340_380_mean,no2_valid_pixels,co_valid_pixels,so2_valid_pixels,aer_ai_340_380_valid_pixels,ndvi_mean,ndbi_mean,ndwi_mean,s2_valid_pixels,no2_mean_was_missing,co_mean_was_missing,so2_mean_was_missing,aer_ai_340_380_mean_was_missing,ndvi_mean_was_missing,ndbi_mean_was_missing,ndwi_mean_was_missing,split
2161292,"Số 46, phố Lưu Quang Vũ",21.0152,105.7999,2024-01-29,0.09234293979794758,0.5402684832652487,0.5314868859613511,0.39291894524603055,0,2,0,156,-0.8884517339189166,0.6018043534812301,0.7166202513388875,0,1,0,1,0,1,1,1,train
2161292,"Số 46, phố Lưu Quang Vũ",21.0152,105.7999,2024-01-30,0.09234293979794758,0.15635029357571725,0.5314868859613511,0.4124831285215272,0,8,0,156,-0.8884517339189166,0.6018043534812301,0.7166202513388875,0,1,0,1,0,1,1,1,train
2161292,"Số 46, phố Lưu Quang Vũ",21.0152,105.7999,2024-01-31,0.09234293979794758,0.2015813415368285,0.5314868859613511,-0.4522823781390296,0,30,0,156,-0.8884517339189166,0.6018043534812301,0.7166202513388875,0,1,0,1,0,1,1,1,train
2161292,"Số 46, phố Lưu Quang Vũ",21.0152,105.7999,2024-02-01,0.09234293979794758,-0.3766200852387993,0.5314868859613511,-0.12090336566549863,0,16,0,156,-0.8884517339189166,0.6018043534812301,0.7166202513388875,0,1,0,1,0,1,1,1,train
2161292,"Số 46, phố Lưu Quang Vũ",21.0152,105.7999,2024-02-02,0.09234293979794758,-0.3383641912279674,0.5314868859613511,0.6315106257295464,11,155,27,149,-0.8884517339189166,0.6018043534812301,0.7166202513388875,45954,0,0,0,0,0,0,0,train
2161292,"Số 46, phố Lưu Quang Vũ",21.0152,105.7999,2024-02-03,-0.24250416734461294,-0.20894557686190654,-1.4031710656078047,0.93291982774015,0,29,2,156,-0.8819205988717781,0.41400084400404336,0.7254025314688658,0,1,0,0,0,1,1,1,train
2161292,"Số 46, phố Lưu Quang Vũ",21.0152,105.7999,2024-02-04,-0.5773512744871735,-0.08474469182713062,-0.028242269019836244,-0.23827883496463698,139,151,153,156,-0.8753894638246399,0.22619733452685667,0.7341848115988441,0,0,0,0,0,1,1,1,train
2161292,"Số 46, phố Lưu Quang Vũ",21.0152,105.7999,2024-02-05,-0.25553659350253594,-0.20370875694663057,0.1748841126724022,-0.7200791965942765,89,156,135,156,-0.8688583287775015,0.03839382504966998,0.7429670917288225,0,0,0,0,0,1,1,1,train
2161292,"Số 46, phố Lưu Quang Vũ",21.0152,105.7999,2024-02-06,-0.46892347814925284,-0.2941053994379808,-0.11983386508399893,0.316104128071066,0,86,2,156,-0.8623271937303629,-0.1494096844275167,0.7517493718588008,0,1,0,0,0,1,1,1,train
2161292,"Số 46, phố Lưu Quang Vũ",21.0152,105.7999,2024-02-07,-0.6823103627959697,-0.19126087800729355,-0.10004843815040947,0.7024899467913113,0,10,0,156,-0.8557960586832245,-0.3372131939047034,0.760531651988779,45954,1,0,1,0,0,0,0,train
2161292,"Số 46, phố Lưu Quang Vũ",21.0152,105.7999,2024-02-08,-0.8956972474426866,0.4803365947295426,-0.08026301121682002,0.9283297472759552,0,0,0,156,-0.3986970754746591,0.037712257060123294,0.2594919266698227,0,1,1,1,0,1,1,1,train
2161292,"Số 46, phố Lưu Quang Vũ",21.0152,105.7999,2024-02-09,-1.1090841320894036,1.1519340674663783,-0.06047758428323058,0.742377976556425,0,2,0,156,0.058401907733906244,0.41263770802495,-0.24154779864913373,0,1,0,1,0,1,1,1,train
2161292,"Số 46, phố Lưu Quang Vũ",21.0152,105.7999,2024-02-10,-1.3224710167361204,1.5919714833431267,-0.040692157349641114,-0.4398870825209676,105,120,137,156,0.5155008909424719,0.7875631589897767,-0.7425875239680901,0,0,0,0,0,1,1,1,train
2161292,"Số 46, phố Lưu Quang Vũ",21.0152,105.7999,2024-02-11,-1.330077029089804,1.348889440867963,1.3534751071712123,-0.5714671594979002,155,79,156,156,0.972599874151037,1.1624886099546035,-1.2436272492870464,0,0,0,0,0,1,1,1,train
2161292,"Số 46, phố Lưu Quang Vũ",21.0152,105.7999,2024-02-12,-0.1042776557741586,0.7212772191245738,1.6698472570720206,0.03863585320004291,156,148,156,156,1.4296988573596026,1.5374140609194304,-1.7446669746060035,45954,0,0,0,0,0,0,0,train
2161292,"Số 46, phố Lưu Quang Vũ",21.0152,105.7999,2024-02-13,-0.2685281680462027,0.8844635312018215,-0.3787280901869879,1.2696729658576138,39,101,100,156,1.0015937074871315,1.3339126081343387,-1.2971053984129404,0,0,0,0,0,1,1,1,train
2161292,"Số 46, phố Lưu Quang Vũ",21.0152,105.7999,2024-02-14,-0.06469311819121804,0.3329011053471787,-0.9213117262878817,0.7910864847320297,0,0,0,156,0.5734885576146607,1.1304111553492466,-0.8495438222198767,0,1,1,1,0,1,1,1,train
2161292,"Số 46, phố Lưu Quang Vũ",21.0152,105.7999,2024-02-15,0.13914193166376618,-0.21866132050746462,-1.4638953623887758,-0.014838411010765105,0,3,1,156,0.14538340774218939,0.9269097025641546,-0.4019822460268135,0,1,0,0,0,1,1,1,train
2161292,"Số 46, phố Lưu Quang Vũ",21.0152,105.7999,2024-02-16,0.3429769815187509,0.2922147072698398,0.3405282551011393,-0.2801128531601282,12,39,26,156,-0.28272174213028156,0.7234082497790626,0.04557933016624971,0,0,0,0,0,1,1,1,train
2161292,"Số 46, phố Lưu Quang Vũ",21.0152,105.7999,2024-02-17,0.4273695656801742,0.5757941510406951,-0.6267249041526916,0.564540129821815,0,73,38,156,-0.710826892002753,0.5199067969939707,0.493140906359313,45954,1,0,0,0,0,0,0,train
2161292,"Số 46, phố Lưu Quang Vũ",21.0152,105.7999,2024-02-18,0.5117621498415975,0.36760615073302766,4.267457791137866,1.1422944106962338,32,52,73,153,-0.8640537583408433,0.22432011659772624,0.716451405582678,0,0,0,0,0,1,1,1,train
2161292,"Số 46, phố Lưu Quang Vũ",21.0152,105.7999,2024-02-19,0.32121931027121886,-0.025021708824969704,-0.2187107785680153,1.5451025788060104,26,130,37,156,-1.0172806246789337,-0.07126656379851821,0.9397619048060428,0,0,0,0,0,1,1,1,train
2161292,"Số 46, phố Lưu Quang Vũ",21.0152,105.7999,2024-02-20,-0.14961964902096292,0.07815744327106647,-0.0381064648021028,0.918360404979112,12,112,34,156,-1.1705074910170241,-0.36685324419476245,1.1630724040294076,0,0,0,0,0,1,1,1,train
2161292,"Số 46, phố Lưu Quang Vũ",21.0152,105.7999,2024-02-21,1.3781315130934622,0.2106788229832371,-0.32583000130557804,0.13777476188735271,14,121,49,156,-1.3237343573551148,-0.6624399245910069,1.3863829032527726,0,0,0,0,0,1,1,1,train
2161292,"Số 46, phố Lưu Quang Vũ",21.0152,105.7999,2024-02-22,1.1434871230506085,-0.14703454021011497,-0.14553430268169373,0.3171465952109448,0,109,1,156,-1.476961223693205,-0.9580266049872511,1.6096934024761373,45954,1,0,0,0,0,0,0,train
2161292,"Số 46, phố Lưu Quang Vũ",21.0152,105.7999,2024-02-23,0.9088427330077548,0.16014304717231068,-0.041765251967266756,0.14766022305569634,0,0,0,156,-1.3119572296553295,-0.8570804174637081,1.3622599709310501,0,1,1,1,0,1,1,1,train
2161292,"Số 46, phố Lưu Quang Vũ",21.0152,105.7999,2024-02-24,0.674198342964901,0.4673206345547368,0.062003798747160214,0.8726353057697348,0,0,0,156,-1.146953235617454,-0.7561342299401652,1.114826539385963,0,1,1,1,0,1,1,1,train
2161292,"Số 46, phố Lưu Quang Vũ",21.0152,105.7999,2024-02-25,0.4395539529220473,0.7744982219371626,0.16577284946158719,0.6894453712241692,0,3,0,156,-0.9819492415795786,-0.6551880424166222,0.8673931078408762,0,1,0,1,0,1,1,1,train
2161292,"Số 46, phố Lưu Quang Vũ",21.0152,105.7999,2024-02-26,0.2049095628791936,0.7654689211479146,0.26954190017601415,0.9574761251584715,0,6,0,156,-0.8169452475417032,-0.5542418548930793,0.6199596762957891,0,1,0,1,0,1,1,1,train
2161292,"Số 46, phố Lưu Quang Vũ",21.0152,105.7999,2024-02-27,-0.029734827163660573,0.7764645520897072,0.3733109508904411,0.5237018006288603,0,13,0,156,-0.6519412535038277,-0.4532956673695363,0.37252624475070206,45954,1,0,1,0,0,0,0,train
2161292,"Số 46, phố Lưu Quang Vũ",21.0152,105.7999,2024-02-28,-0.26437921720651403,1.165517290708773,0.477080001604868,1.1179897865249735,0,80,0,156,-0.5545933654990384,-0.16081712751302138,0.2657251049464769,0,1,0,1,0,1,1,1,train
2161292,"Số 46, phố Lưu Quang Vũ",21.0152,105.7999,2024-02-29,-0.49902360724936773,1.514172989959501,0.580849052319295,1.3798527542125443,0,23,0,156,-0.45724547749424926,0.13166141234349354,0.15892396514225174,0,1,0,1,0,1,1,1,train
2161292,"Số 46, phố Lưu Quang Vũ",21.0152,105.7999,2024-03-01,-0.7336679972922214,1.33651492431573,0.684618103033722,0.6227387022193547,0,0,0,156,-0.35989758948946,0.4241399522000085,0.05212282533802659,0,1,1,1,0,1,1,1,train
2161292,"Số 46, phố Lưu Quang Vũ",21.0152,105.7999,2024-03-02,-0.9683123873350754,1.1588568586719579,0.7883871537481489,-0.06369180748664756,16,55,44,156,-0.2625497014846708,0.7166184920565234,-0.05467831446619857,0,0,0,0,0,1,1,1,train
2161292,"Số 46, phố Lưu Quang Vũ",21.0152,105.7999,2024-03-03,0.37486027089365476,0.9115669787593899,-0.6352165881623933,1.254672189205788,1,19,9,156,-0.16520181347988158,1.0090970319130383,-0.16147945427042387,45954,0,0,0,0,0,0,0,train
2161292,"Số 46, phố Lưu Quang Vũ",21.0152,105.7999,2024-03-04,-0.3647934746204693,0.7690372240211341,0.38086478906612425,1.9978884312122491,1,147,7,156,-0.23994680154869605,0.778897129703151,-0.09568369612138554,0,0,0,0,0,1,1,1,train
2161292,"Số 46, phố Lưu Quang Vũ",21.0152,105.7999,2024-03-05,0.5093610391229256,0.8986292899790053,-0.21183229474524407,1.3203047378146862,141,135,73,141,-0.3146917896175106,0.5486972274932638,-0.029887937972347213,0,0,0,0,0,1,1,1,train
2161292,"Số 46, phố Lưu Quang Vũ",21.0152,105.7999,2024-03-06,-0.5301109498611296,1.0336335365023792,-0.2337243005559678,0.9434350991189543,75,100,97,156,-0.38943677768632506,0.3184973252833763,0.03590782017669111,0,0,0,0,0,1,1,1,train
2161292,"Số 46, phố Lưu Quang Vũ",21.0152,105.7999,2024-03-07,-0.5508163494969737,1.2136086535991375,0.1727921345822954,1.7838135189039606,0,15,9,156,-0.46418176575513953,0.08829742307348909,0.10170357832572943,0,1,0,0,0,1,1,1,train
2161292,"Số 46, phố Lưu Quang Vũ",21.0152,105.7999,2024-03-08,-0.5715217491328174,1.2146152728214756,0.30519008872187764,1.3497297240734576,0,0,0,156,-0.538926753823954,-0.1419024791363983,0.16749933647476775,45954,1,1,1,0,0,0,0,train
2161292,"Số 46, phố Lưu Quang Vũ",21.0152,105.7999,2024-03-09,-0.5922271487686614,1.215621892043814,0.43758804286145986,0.9253599551821362,0,11,0,156,-0.6133423850069605,-0.03326039964794288,0.30686930789471806,0,1,0,1,0,1,1,1,train
2161292,"Số 46, phố Lưu Quang Vũ",21.0152,105.7999,2024-03-10,-0.6129325484045052,1.158712315678774,0.5699859970010421,1.3894758218329613,0,2,0,156,-0.6877580161899669,0.07538167984051256,0.44623927931466834,0,1,0,1,0,1,1,1,train
2161292,"Số 46, phố Lưu Quang Vũ",21.0152,105.7999,2024-03-11,-0.6336379480403492,1.510481961903391,0.7023839511406244,1.2358049971905354,59,103,137,156,-0.7621736473729733,0.18402375932896797,0.5856092507346187,0,0,0,0,0,1,1,1,train
2161292,"Số 46, phố Lưu Quang Vũ",21.0152,105.7999,2024-03-12,1.5998768663825096,2.089835369062424,0.684604802581595,0.5274961899040203,57,140,0,156,-0.8365892785559796,0.2926658388174233,0.7249792221545691,0,0,0,1,0,1,1,1,train
2161292,"Số 46, phố Lưu Quang Vũ",21.0152,105.7999,2024-03-13,1.5122936555565916,1.6956690811562227,0.6668256540225656,0.7521207293185388,0,0,0,156,-0.9110049097389861,0.40130791830587875,0.8643491935745193,45954,1,1,1,0,0,0,0,train
2161292,"Số 46, phố Lưu Quang Vũ",21.0152,105.7999,2024-03-14,1.424710444730674,1.3015027932500214,0.6490465054635361,2.669128334314887,0,2,0,156,-0.8364755896883274,0.5310711554172012,0.718542340539153,0,1,0,1,0,1,1,1,train
2161292,"Số 46, phố Lưu Quang Vũ",21.0152,105.7999,2024-03-15,1.337127233904756,1.2045204447221065,0.6312673569045065,2.818922292047082,0,112,0,156,-0.7619462696376683,0.6608343925285235,0.5727354875037867,0,1,0,1,0,1,1,1,train
2161292,"Số 46, phố Lưu Quang Vũ",21.0152,105.7999,2024-03-16,1.2495440230788384,1.7244020464199639,0.6134882083454771,2.9924905923272203,0,0,0,156,-0.6874169495870096,0.7905976296398459,0.42692863446842033,0,1,1,1,0,1,1,1,train
2161292,"Số 46, phố Lưu Quang Vũ",21.0152,105.7999,2024-03-17,1.1619608122529206,2.2442836481178214,0.5957090597864477,2.8092189565472028,0,8,0,156,-0.6128876295363507,0.9203608667511683,0.281121781433054,0,1,0,1,0,1,1,1,train
2161292,"Số 46, phố Lưu Quang Vũ",21.0152,105.7999,2024-03-18,1.074377601427003,1.8579240454566364,0.5779299112274183,3.2246207607718356,0,2,0,156,-0.538358309485692,1.0501241038624907,0.13531492839768783,45954,1,0,1,0,0,0,0,train
2161292,"Số 46, phố Lưu Quang Vũ",21.0152,105.7999,2024-03-19,0.986794390601085,1.6917874199826894,0.5601507626683889,0.3199122144715832,0,2,0,156,-0.6422928702674984,0.9870827551387873,0.3300869901866009,0,1,0,1,0,1,1,1,train
2161292,"Số 46, phố Lưu Quang Vũ",21.0152,105.7999,2024-03-20,0.8992111797751675,3.5314264571709217,0.5423716141093595,-0.2661685188593372,0,80,0,156,-0.746227431049305,0.9240414064150839,0.5248590519755141,0,1,0,1,0,1,1,1,train
2161292,"Số 46, phố Lưu Quang Vũ",21.0152,105.7999,2024-03-21,0.8116279689492495,2.06962662227968,0.5245924655503301,1.0699673178816393,138,54,58,140,-0.8501619918311115,0.8610000576913804,0.7196311137644271,0,0,0,0,0,1,1,1,train
2161292,"Số 46, phố Lưu Quang Vũ",21.0152,105.7999,2024-03-22,0.43258043012844694,1.1403774460774614,0.41674096792028387,1.4424995646533554,0,3,0,156,-0.9540965526129181,0.7979587089676771,0.9144031755533403,0,1,0,1,0,1,1,1,train
2161292,"Số 46, phố Lưu Quang Vũ",21.0152,105.7999,2024-03-23,0.05353289130764441,0.7060875232381367,0.30888947029023756,1.2076682088678061,0,0,0,0,-1.0580311133947247,0.7349173602439735,1.1091752373422534,45954,1,1,1,1,0,0,0,train
2161292,"Số 46, phố Lưu Quang Vũ",21.0152,105.7999,2024-03-24,-0.3255146475131582,0.27179760039881157,0.20103797266019136,0.9728368530822566,0,58,0,156,-1.0199661562566307,0.5802046823184173,1.034300907830736,0,1,0,1,0,1,1,1,train
2161292,"Số 46, phố Lưu Quang Vũ",21.0152,105.7999,2024-03-25,-0.7045621863339607,0.21888613776974072,0.09318647503014515,-0.09921521158292843,77,156,146,156,-0.9819011991185365,0.42549200439286095,0.9594265783192184,0,0,0,0,0,1,1,1,train
2161292,"Số 46, phố Lưu Quang Vũ",21.0152,105.7999,2024-03-26,-0.07326113108434225,0.7150495978994246,-1.0185548284192085,-0.4452638957055074,0,119,32,156,-0.9438362419804422,0.2707793264673047,0.884552248807701,0,1,0,0,0,1,1,1,train
2161292,"Số 46, phố Lưu Quang Vũ",21.0152,105.7999,2024-03-27,0.5580399241652761,0.7562844411829681,-0.9167082965460273,0.9870740098629575,14,20,58,156,-0.9057712848423481,0.11606664854174842,0.8096779192961835,0,0,0,0,0,1,1,1,train
2161292,"Số 46, phố Lưu Quang Vũ",21.0152,105.7999,2024-03-28,0.2549909777231913,2.2893237902388814,-0.7595763969653908,2.1442633595073897,0,5,0,156,-0.8677063277042539,-0.03864602938380776,0.734803589784666,45954,1,0,1,0,0,0,0,train
2161292,"Số 46, phố Lưu Quang Vũ",21.0152,105.7999,2024-03-29,-0.0480579687188936,1.2215045191437286,-0.6024444973847544,0.7263375397515764,2,12,2,156,-0.6065377307646262,0.2376176769793641,0.5065041182022839,0,0,0,0,0,1,1,1,train
2161292,"Số 46, phố Lưu Quang Vũ",21.0152,105.7999,2024-03-30,-0.2119753246585256,0.7508062617413355,-0.43796639459362147,1.3642880718182528,2,75,21,156,-0.3453691338249987,0.513881383342536,0.2782046466199019,0,0,0,0,0,1,1,1,train
2161292,"Số 46, phố Lưu Quang Vũ",21.0152,105.7999,2024-03-31,0.48669245299850133,2.125275129209847,-0.4798500974311434,1.022580124114667,149,67,156,156,-0.0842005368853711,0.790145089705708,0.04990517503751986,0,0,0,0,0,1,1,1,train
2161292,"Số 46, phố Lưu Quang Vũ",21.0152,105.7999,2024-04-01,0.1386372070093694,2.192870250887904,0.4146372394307414,1.926141966615008,150,0,156,156,0.17696806005425655,1.0664087960688797,-0.1783942965448622,0,0,1,0,0,1,1,1,train
2161292,"Số 46, phố Lưu Quang Vũ",21.0152,105.7999,2024-04-02,0.8594202978412208,2.260465372565962,0.7903103819158325,1.8769153006103807,156,81,156,156,0.4381366569938842,1.3426725024320518,-0.4066937681272444,45954,0,0,0,0,0,0,0,train
2161292,"Số 46, phố Lưu Quang Vũ",21.0152,105.7999,2024-04-03,0.6677394490165629,2.3943672742243427,-0.11634088006663484,1.8577603028576848,156,67,156,156,0.14727418960594452,0.8979086441232705,-0.1486728133447697,0,0,0,0,0,1,1,1,train
2161292,"Số 46, phố Lưu Quang Vũ",21.0152,105.7999,2024-04-04,0.5145202681457256,1.6330920558452706,-0.04135123789353766,2.9245703494305504,12,154,55,156,-0.14358827778199504,0.4531447858144892,0.10934814143770491,0,0,0,0,0,1,1,1,train
2161292,"Số 46, phố Lưu Quang Vũ",21.0152,105.7999,2024-04-05,0.34698741747605494,3.8577887178655237,-0.18496491050236863,4.382944073383031,0,51,13,156,-0.43445074516993476,0.008380927505707953,0.36736909622017955,0,1,0,0,0,1,1,1,train
2161292,"Số 46, phố Lưu Quang Vũ",21.0152,105.7999,2024-04-06,0.17945456680638433,2.6416519724069647,1.4454081857744632,3.3718112680565024,0,41,4,156,-0.7253132125578743,-0.43638293080307355,0.6253900510026542,0,1,0,0,0,1,1,1,train
2161292,"Số 46, phố Lưu Quang Vũ",21.0152,105.7999,2024-04-07,0.011921716136713712,1.4135061587185593,1.1500941261273365,2.8564243531228954,0,53,0,156,-1.016175679945814,-0.8811467891118547,0.8834110057851288,45954,1,0,1,0,0,0,0,train
2161292,"Số 46, phố Lưu Quang Vũ",21.0152,105.7999,2024-04-08,-0.1556111345329569,1.765133716453654,0.85478006648021,2.8720006218033594,0,0,0,156,-0.9498354979027799,-0.6153112797489317,0.8230932964178771,0,1,1,1,0,1,1,1,train
2161292,"Số 46, phố Lưu Quang Vũ",21.0152,105.7999,2024-04-09,-0.3231439852026275,2.11676127418875,0.5594660068330836,1.939905399571388,0,5,0,156,-0.883495315859746,-0.3494757703860087,0.7627755870506254,0,1,0,1,0,1,1,1,train
2161292,"Số 46, phố Lưu Quang Vũ",21.0152,105.7999,2024-04-10,-0.4906768358722981,1.5345437339836623,0.264151947185957,-0.007797084482083744,0,8,0,156,-0.8171551338167121,-0.08364026102308579,0.7024578776833736,0,1,0,1,0,1,1,1,train
2161292,"Số 46, phố Lưu Quang Vũ",21.0152,105.7999,2024-04-11,-0.6582096865419688,2.279865769477399,-0.03116211246116959,1.157715040913992,0,104,31,156,-0.7508149517736782,0.18219524833983727,0.642140168316122,0,1,0,0,0,1,1,1,train
2161292,"Số 46, phố Lưu Quang Vũ",21.0152,105.7999,2024-04-12,-0.8257425372116394,1.5954857871358734,-0.014378007029324173,1.838338701076778,17,15,27,156,-0.6844747697306443,0.44803075770276035,0.5818224589488702,45954,0,0,0,0,0,0,0,train
2161292,"Số 46, phố Lưu Quang Vũ",21.0152,105.7999,2024-04-13,0.23249949983945525,1.0888585051902664,-1.400343155524153,0.9228216626635464,10,14,11,156,-0.7658499061353436,0.36005737819564665,0.657970639528567,0,0,0,0,0,1,1,1,train
2161292,"Số 46, phố Lưu Quang Vũ",21.0152,105.7999,2024-04-14,-0.23680828512832355,1.7060999035340882,-0.21023298674567187,2.076459696149937,3,28,6,156,-0.8472250425400433,0.2720839986885329,0.734118820108264,0,0,0,0,0,1,1,1,train
2161292,"Số 46, phố Lưu Quang Vũ",21.0152,105.7999,2024-04-15,-0.1680841346254681,1.5180009247751898,-0.031813115332223064,2.360831831713943,0,12,0,156,-0.9286001789447428,0.18411061918141922,0.810267000687961,0,1,0,1,0,1,1,1,train
2161292,"Số 46, phố Lưu Quang Vũ",21.0152,105.7999,2024-04-16,-0.09935998412261261,1.1527647805932433,0.1466067560812257,0.37470593047607526,155,111,156,156,-1.0099753153494422,0.0961372396743055,0.886415181267658,0,0,0,0,0,1,1,1,train
2161292,"Số 46, phố Lưu Quang Vũ",21.0152,105.7999,2024-04-17,-0.07685861050623065,1.3937370408131924,0.09015646505318349,1.6801266494860796,4,84,31,156,-1.0913504517541417,0.008163860167191797,0.9625633618473548,45954,0,0,0,0,0,0,0,train
2161292,"Số 46, phố Lưu Quang Vũ",21.0152,105.7999,2024-04-18,0.9748276305353188,1.75348491481625,0.1584867413171797,1.0180743129792815,154,78,156,156,-1.0780057986249838,-0.0314362707404262,0.9599436757934564,0,0,0,0,0,1,1,1,train
2161292,"Số 46, phố Lưu Quang Vũ",21.0152,105.7999,2024-04-19,0.9792665009688433,1.512739014378076,0.03224475225348288,0.19260533825780818,48,40,54,156,-1.0646611454958257,-0.0710364016480441,0.957323989739558,0,0,0,0,0,1,1,1,train
2161292,"Số 46, phố Lưu Quang Vũ",21.0152,105.7999,2024-04-20,-0.49521732786799444,1.0783035940163666,0.562490079398925,-0.2503606439016779,156,107,156,156,-1.0513164923666678,-0.110636532555662,0.9547043036856598,0,0,0,0,0,1,1,1,train
2161292,"Số 46, phố Lưu Quang Vũ",21.0152,105.7999,2024-04-21,-0.3237421695542358,1.203232648469631,0.2542918817766611,1.266905635156186,2,156,69,156,-1.03797183923751,-0.1502366634632799,0.9520846176317616,0,0,0,0,0,1,1,1,train
2161292,"Số 46, phố Lưu Quang Vũ",21.0152,105.7999,2024-04-22,-0.14392554296181512,1.1293799060772678,-0.18062939103047473,1.45338947919277,0,122,0,144,-1.0246271861083518,-0.1898367943708978,0.9494649315778633,45954,1,0,1,0,0,0,0,train
2161292,"Số 46, phố Lưu Quang Vũ",21.0152,105.7999,2024-04-23,0.035891083630605565,1.1165668515381748,-0.6155506638376107,1.6116076225421783,3,90,49,156,-0.4200554420752464,0.14940527343607204,0.2981243286191444,0,0,0,0,0,1,1,1,train
2161292,"Số 46, phố Lưu Quang Vũ",21.0152,105.7999,2024-04-24,0.2811786386185403,1.1983498225263385,-0.4033556893530913,0.4677571042997882,0,4,0,156,0.18451630195785915,0.4886473412430418,-0.3532162743395744,0,1,0,1,0,1,1,1,train
2161292,"Số 46, phố Lưu Quang Vũ",21.0152,105.7999,2024-04-25,0.5264661936064751,1.1192395332989138,-0.1911607148685719,-0.23749532729302028,140,135,154,156,0.7890880459909644,0.8278894090500115,-1.0045568772982931,0,0,0,0,0,1,1,1,train
2161292,"Số 46, phố Lưu Quang Vũ",21.0152,105.7999,2024-04-26,-0.20151033364874604,0.530457832144926,0.8501940919829026,-0.3899411709267923,155,75,156,156,1.39365979002407,1.1671314768569814,-1.6558974802570123,0,0,0,0,0,1,1,1,train
2161292,"Số 46, phố Lưu Quang Vũ",21.0152,105.7999,2024-04-27,-0.2553554254740955,0.7914852963077009,0.7915763784396792,0.7803858626360317,156,27,156,156,1.9982315340571757,1.5063735446639512,-2.307238083215731,45954,0,0,0,0,0,0,0,train
2161292,"Số 46, phố Lưu Quang Vũ",21.0152,105.7999,2024-04-28,-0.2594985657435483,1.076222174914529,0.5793143722433872,1.5722958313447597,156,25,156,156,1.4651712998062,1.129352090573193,-1.7521523297075932,0,0,0,0,0,1,1,1,train
2161292,"Số 46, phố Lưu Quang Vũ",21.0152,105.7999,2024-04-29,-0.01047905086443487,2.236177786149173,0.4077235625511748,1.3425505267116389,156,148,156,156,0.9321110655552244,0.7523306364824348,-1.1970665761994557,0,0,0,0,0,1,1,1,train
2161292,"Số 46, phố Lưu Quang Vũ",21.0152,105.7999,2024-04-30,0.16838251065928866,2.6576209732047675,0.7372777884621604,1.4684717181865496,156,90,156,156,0.39905083130424884,0.37530918239167665,-0.6419808226913183,0,0,0,0,0,1,1,1,train
2161292,"Số 46, phố Lưu Quang Vũ",21.0152,105.7999,2024-05-01,0.04092192186574319,2.074327814952298,0.5720803065657524,1.9362749502732528,0,0,0,156,-0.134009402946727,-0.0017122716990816674,-0.08689506918318064,0,1,1,1,0,1,1,1,train
2161292,"Số 46, phố Lưu Quang Vũ",21.0152,105.7999,2024-05-02,-0.08653866692780228,1.4910346566998294,0.4068828246693444,1.4016012883740843,0,0,0,156,-0.6670696371977024,-0.37873372578984,0.46819068432495664,45954,1,1,1,0,0,0,0,train
2161292,"Số 46, phố Lưu Quang Vũ",21.0152,105.7999,2024-05-03,-0.21399925572134776,0.9077414984473599,0.24168534277293646,1.4350412214071604,0,13,0,156,-0.7335084735139801,-0.2479155668211727,0.5776286024011923,0,1,0,1,0,1,1,1,train
2161292,"Số 46, phố Lưu Quang Vũ",21.0152,105.7999,2024-05-04,-0.34145984451489325,0.26012725367374573,0.07648786087652847,0.8877408965052324,126,143,148,156,-0.7999473098302577,-0.11709740785250518,0.6870665204774279,0,0,0,0,0,1,1,1,train
2161292,"Số 46, phố Lưu Quang Vũ",21.0152,105.7999,2024-05-05,-0.6079888433639985,1.0026956087860308,-0.5702457981916446,0.9798856151399506,11,21,14,156,-0.8663861461465352,0.013720751116162139,0.7965044385536635,0,0,0,0,0,1,1,1,train
2161292,"Số 46, phố Lưu Quang Vũ",21.0152,105.7999,2024-05-06,0.8138786137843568,0.30537711949623464,0.16783705916589275,-0.9648445087253446,13,69,33,156,-0.9328249824628129,0.14453891008482955,0.9059423566298991,0,0,0,0,0,1,1,1,train
2161292,"Số 46, phố Lưu Quang Vũ",21.0152,105.7999,2024-05-07,0.039963875390415564,0.7136933482671592,1.7013078614081232,-0.6216292688031244,0,53,2,156,-0.9992638187790905,0.2753570690534969,1.0153802747061347,45954,1,0,0,0,0,0,0,train
2161292,"Số 46, phố Lưu Quang Vũ",21.0152,105.7999,2024-05-08,-0.7339508630035256,-0.15189854829203756,-5.349883460177867,-0.7879894060060141,10,90,6,137,-1.0701494370555333,0.37041296996690865,1.1236559255123473,0,0,0,0,0,1,1,1,train
2161292,"Số 46, phố Lưu Quang Vũ",21.0152,105.7999,2024-05-09,-1.2290393151444987,0.10591215246584242,-0.7359099645568766,0.5088780881106898,28,77,46,156,-1.141035055331976,0.46546887088032035,1.2319315763185603,0,0,0,0,0,1,1,1,train
2161292,"Số 46, phố Lưu Quang Vũ",21.0152,105.7999,2024-05-10,-0.3934907186884931,-0.02099195926408657,-0.3297931011409333,-0.46232171593790305,42,72,59,156,-1.2119206736084187,0.5605247717937322,1.340207227124773,0,0,0,0,0,1,1,1,train
2161292,"Số 46, phố Lưu Quang Vũ",21.0152,105.7999,2024-05-11,-0.08253013399600703,0.11422392001912397,-0.5829602071413009,-1.019741646518166,76,92,108,156,-1.2828062918848613,0.6555806727071439,1.4484828779309857,0,0,0,0,0,1,1,1,train
2161292,"Số 46, phố Lưu Quang Vũ",21.0152,105.7999,2024-05-12,0.17353032152903558,-0.3371770296254668,-0.10687865143695419,-1.1850869086647413,51,69,89,156,-1.353691910161304,0.7506365736205558,1.5567585287371986,45954,0,0,0,0,0,0,0,train
2161292,"Số 46, phố Lưu Quang Vũ",21.0152,105.7999,2024-05-13,-0.2164464830915169,0.4223516730397534,-0.6459287662587994,-0.7947512581731333,0,89,11,156,-1.1315881744681455,0.7979630961925788,1.3305203950426288,0,1,0,0,0,1,1,1,train
2161292,"Số 46, phố Lưu Quang Vũ",21.0152,105.7999,2024-05-14,-0.6064232877120694,0.4837655363395209,-0.00981111922732726,0.502793406591838,79,118,113,156,-0.9094844387749872,0.8452896187646018,1.1042822613480592,0,0,0,0,0,1,1,1,train
2161292,"Số 46, phố Lưu Quang Vũ",21.0152,105.7999,2024-05-15,-0.8738787428130558,0.3960721205433232,-0.47314309036767577,0.17733335143178686,0,0,0,156,-0.6873807030818287,0.8926161413366248,0.8780441276534896,0,1,1,1,0,1,1,1,train
2161292,"Số 46, phố Lưu Quang Vũ",21.0152,105.7999,2024-05-16,-1.1413341979140421,0.30837870474712603,-0.9364750615080243,-0.6958389539513342,14,29,18,156,-0.46527696738867036,0.9399426639086479,0.6518059939589199,0,0,0,0,0,1,1,1,train
2161292,"Số 46, phố Lưu Quang Vũ",21.0152,105.7999,2024-05-17,-1.521301849568363,0.30873406233225315,-0.3262800166031097,-0.7163160425132823,2,49,22,156,-0.243173231695512,0.9872691864806707,0.4255678602643502,45954,0,0,0,0,0,0,0,train
2161292,"Số 46, phố Lưu Quang Vũ",21.0152,105.7999,2024-05-18,-1.3141826587277006,-0.2932907769462126,1.3956351449832236,-1.3936646656924228,0,76,4,156,-0.44335810165976053,0.8052986570956139,0.630140768739745,0,1,0,0,0,1,1,1,train
2161292,"Số 46, phố Lưu Quang Vũ",21.0152,105.7999,2024-05-19,-1.1070634678870381,-0.004533875885578827,0.6455909507883224,0.8728406338721068,0,0,24,156,-0.643542971624009,0.6233281277105568,0.8347136772151397,0,1,1,0,0,1,1,1,train
2161292,"Số 46, phố Lưu Quang Vũ",21.0152,105.7999,2024-05-20,-0.8999442770463757,0.28422302517505443,0.40784117120025065,0.23896740698720745,0,0,0,156,-0.8437278415882575,0.44135759832549976,1.0392865856905347,0,1,1,1,0,1,1,1,train
2161292,"Số 46, phố Lưu Quang Vũ",21.0152,105.7999,2024-05-21,-0.6928250862057133,0.5729799262356883,0.1700913916121789,-0.6033581135713718,59,99,72,156,-1.0439127115525062,0.2593870689404427,1.2438594941659293,0,0,0,0,0,1,1,1,train
2161292,"Số 46, phố Lưu Quang Vũ",21.0152,105.7999,2024-05-22,-0.7119242308174126,0.11811649009779968,-0.4275276909098084,-1.3041487798331868,16,45,59,156,-1.2440975815167545,0.07741653955538581,1.448432402641324,45954,0,0,0,0,0,0,0,train
2161292,"Số 46, phố Lưu Quang Vũ",21.0152,105.7999,2024-05-23,-0.7115613238528791,0.0052285487832425415,2.4421427192921086,-1.2074382880459855,0,0,4,156,-0.9644416696438824,0.11171490718581216,1.149864325702652,0,1,1,0,0,1,1,1,train
2161292,"Số 46, phố Lưu Quang Vũ",21.0152,105.7999,2024-05-24,-0.7111984168883456,-0.10765939253131458,0.6624598032870519,0.07844645193411391,13,104,31,138,-0.6847857577710103,0.14601327481623852,0.8512962487639801,0,0,0,0,0,1,1,1,train
2161292,"Số 46, phố Lưu Quang Vũ",21.0152,105.7999,2024-05-25,-0.38835191547282155,-1.0654528099382463,0.24002037411110522,0.16045990395041942,0,12,0,156,-0.40512984589813816,0.18031164244666495,0.5527281718253082,0,1,0,1,0,1,1,1,train
2161292,"Số 46, phố Lưu Quang Vũ",21.0152,105.7999,2024-05-26,-0.06550541405729748,-1.1905543614541314,-0.1824190550648415,-0.6237696858656345,72,26,99,156,-0.12547393402526602,0.2146100100770913,0.25416009488663643,0,0,0,0,0,1,1,1,train
2161292,"Số 46, phố Lưu Quang Vũ",21.0152,105.7999,2024-05-27,-0.6106048690968007,-0.9032627536234477,-0.39234537866576163,-0.7140107299037538,85,62,87,156,0.15418197784760612,0.24890837770751764,-0.04440798205203557,45954,0,0,0,0,0,0,0,train
2161292,"Số 46, phố Lưu Quang Vũ",21.0152,105.7999,2024-05-28,-0.6381793281146163,-0.5522621852116109,-0.11298709745564676,-1.147464923554732,0,3,5,156,-0.06023267312886284,0.3224292971664425,0.18471297023949249,0,1,0,0,0,1,1,1,train
2161292,"Số 46, phố Lưu Quang Vũ",21.0152,105.7999,2024-05-29,-0.6657537871324318,-0.3928579905484428,0.4443818784579165,-0.9003995544491007,90,114,147,156,-0.27464732410533177,0.3959502166253674,0.41383392253102047,0,0,0,0,0,1,1,1,train
2161292,"Số 46, phố Lưu Quang Vũ",21.0152,105.7999,2024-05-30,-0.8486977189776929,-0.21234779165428502,-0.25430219192808556,0.8319746080801191,23,119,75,156,-0.4890619750818007,0.4694711360842923,0.6429548748225484,0,0,0,0,0,1,1,1,train
2161292,"Số 46, phố Lưu Quang Vũ",21.0152,105.7999,2024-05-31,-0.8477149966049344,-0.10203094292129385,2.5650382457603156,0.08183756081041772,0,22,1,156,-0.7034766260582697,0.5429920555432172,0.8720758271140765,0,1,0,0,0,1,1,1,train
2161292,"Số 46, phố Lưu Quang Vũ",21.0152,105.7999,2024-06-01,-0.8467322742321757,0.16054476760430525,-0.42454782217219966,-1.1786229554431225,50,102,77,156,-0.9178912770347386,0.616512975002142,1.1011967794056043,45954,0,0,0,0,0,0,0,train
2161292,"Số 46, phố Lưu Quang Vũ",21.0152,105.7999,2024-06-02,-0.8581482705229001,-0.17353636164888894,-0.21508342997155389,-1.1923798188557968,106,136,141,156,-0.8927942345299456,0.3096131588542722,0.9993847900414358,0,0,0,0,0,1,1,1,train
2161292,"Số 46, phố Lưu Quang Vũ",21.0152,105.7999,2024-06-03,-0.21495520886861566,-0.2493347072740253,0.4641449688763986,-1.448820404614759,58,9,110,156,-0.8676971920251524,0.002713342706402458,0.8975728006772667,0,0,0,0,0,1,1,1,train
2161292,"Số 46, phố Lưu Quang Vũ",21.0152,105.7999,2024-06-04,0.1030970320996099,-0.28933009439102775,-0.17614559907644062,0.6213094084014469,0,0,13,156,-0.8426001495203594,-0.3041864734414675,0.7957608113130981,0,1,1,0,0,1,1,1,train
2161292,"Số 46, phố Lưu Quang Vũ",21.0152,105.7999,2024-06-05,0.42114927306783545,-0.3293254815080307,0.04937700324089547,0.25599109172119927,0,0,0,156,-0.8175031070155663,-0.6110862895893372,0.6939488219489292,0,1,1,1,0,1,1,1,train
2161292,"Số 46, phố Lưu Quang Vũ",21.0152,105.7999,2024-06-06,0.739201514036061,-0.36932086862503366,0.27489960555823156,-0.3545122786751897,0,0,2,156,-0.7924060645107732,-0.917986105737207,0.5921368325847604,45954,1,1,0,0,0,0,0,train
2161292,"Số 46, phố Lưu Quang Vũ",21.0152,105.7999,2024-06-07,1.0572537550042866,-0.4093162557420361,-0.5758950599964722,-1.0197326880494757,4,91,7,156,-0.7633891482588292,-0.8937304816535554,0.6426875751831786,0,0,0,0,0,1,1,1,train
2161292,"Số 46, phố Lưu Quang Vũ",21.0152,105.7999,2024-06-08,0.6528065981513407,-0.4095486154216439,-1.3690319516162683,-1.596824699195214,0,0,7,156,-0.7343722320068851,-0.8694748575699043,0.693238317781597,0,1,1,0,0,1,1,1,train
2161292,"Số 46, phố Lưu Quang Vũ",21.0152,105.7999,2024-06-09,0.24835944129839482,-0.40978097510125217,-1.0685075419836187,-0.22753171841613862,0,0,0,145,-0.7053553157549409,-0.8452192334862528,0.7437890603800152,0,1,1,1,0,1,1,1,train
2161292,"Số 46, phố Lưu Quang Vũ",21.0152,105.7999,2024-06-10,-0.15608771555455106,-0.41001333478086,-0.7679831323509693,0.38042743567423926,0,3,0,156,-0.6763383995029968,-0.8209636094026015,0.7943398029784335,0,1,0,1,0,1,1,1,train
2161292,"Số 46, phố Lưu Quang Vũ",21.0152,105.7999,2024-06-11,-0.5605348724074969,-0.577697661172381,-0.4674587227183199,-0.4654587925037243,54,52,79,156,-0.6473214832510528,-0.7967079853189502,0.8448905455768518,45954,0,0,0,0,0,0,0,train
2161292,"Số 46, phố Lưu Quang Vũ",21.0152,105.7999,2024-06-12,-0.9347907198654379,-0.7545097412220878,-0.6495207023142603,-0.6254811714472733,106,119,124,156,-0.3098938276907708,-0.5976532858541673,0.4647683478509629,0,0,0,0,0,1,1,1,train
2161292,"Số 46, phố Lưu Quang Vũ",21.0152,105.7999,2024-06-13,-1.1589059742523562,-0.6703161749193136,-0.0990523505109748,-0.9445885748937871,88,11,131,156,0.02753382786951128,-0.39859858638938445,0.08464615012507387,0,0,0,0,0,1,1,1,train
2161292,"Số 46, phố Lưu Quang Vũ",21.0152,105.7999,2024-06-14,-1.06128296470118,-0.6293436908045269,-0.14902398526121546,-1.3475433632744551,0,0,24,156,0.36496148342979334,-0.1995438869246016,-0.29547604760081514,0,1,1,0,0,1,1,1,train
2161292,"Số 46, phố Lưu Quang Vũ",21.0152,105.7999,2024-06-15,-0.9636599551500042,-0.5883712066897399,-0.31420569627268086,0.509729724936693,0,0,0,156,0.7023891389900753,-0.0004891874598187647,-0.6755982453267042,0,1,1,1,0,1,1,1,train
2161292,"Số 46, phố Lưu Quang Vũ",21.0152,105.7999,2024-06-16,-0.8660369455988282,-0.5473987225749531,-0.47938740728414636,-0.27864838242183165,79,42,96,156,1.0398167945503574,0.19856551200496408,-1.0557204430525933,45954,0,0,0,0,0,0,0,train
2161292,"Số 46, phố Lưu Quang Vũ",21.0152,105.7999,2024-06-17,-0.575467406101801,-0.35340975320516393,-0.4711802445741862,-0.4315892710354063,138,110,154,156,0.7770321366598589,-0.21505137426754495,-0.7707225722332545,0,0,0,0,0,1,1,1,train
2161292,"Số 46, phố Lưu Quang Vũ",21.0152,105.7999,2024-06-18,1.4122674772005248,0.008502447578836999,-0.5377643917139461,-1.381759935819819,63,11,111,156,0.5142474787693606,-0.628668260540054,-0.4857247014139156,0,0,0,0,0,1,1,1,train
2161292,"Số 46, phố Lưu Quang Vũ",21.0152,105.7999,2024-06-19,-0.4145449048395953,-0.36127425564746285,0.06950325135316493,-1.0209276283264561,124,110,156,156,0.25146282087886235,-1.0422851468125631,-0.20072683059457674,0,0,0,0,0,1,1,1,train
2161292,"Số 46, phố Lưu Quang Vũ",21.0152,105.7999,2024-06-20,-0.6487946581395932,-0.9094901021259757,-1.1780915074207943,1.246803607816721,10,14,89,156,-0.011321837011636075,-1.455902033085072,0.08427104022476213,0,0,0,0,0,1,1,1,train
2161292,"Số 46, phố Lưu Quang Vũ",21.0152,105.7999,2024-06-21,-0.5012563255835255,-0.7893784201851305,-1.3581947460139434,0.24377093789871965,0,4,7,156,-0.27410649490213457,-1.8695189193575807,0.36926891104410103,45954,1,0,0,0,0,0,0,train
2161292,"Số 46, phố Lưu Quang Vũ",21.0152,105.7999,2024-06-22,-0.3537179930274577,-0.6021390631517245,-0.260457046501105,-0.543686530028718,19,1,82,156,-0.36026540368479576,-2.0303374056736567,0.4321811676553966,0,0,0,0,0,1,1,1,train
2161292,"Số 46, phố Lưu Quang Vũ",21.0152,105.7999,2024-06-23,0.7132017134755252,-1.0506911522174636,0.5393083611418916,-1.2074147571348934,5,78,24,156,-0.44642431246745695,-2.191155891989733,0.4950934242666922,0,0,0,0,0,1,1,1,train
2161292,"Số 46, phố Lưu Quang Vũ",21.0152,105.7999,2024-06-24,0.45968921880425234,-1.0529818404830142,0.3040344447864955,-1.3724831428758273,0,0,0,156,-0.5325832212501181,-2.3519743783058087,0.5580056808779879,0,1,1,1,0,1,1,1,train
2161292,"Số 46, phố Lưu Quang Vũ",21.0152,105.7999,2024-06-25,0.20617672413297947,-1.0552725287485654,0.06876052843109925,-0.5970589364505222,0,0,0,149,-0.6187421300327793,-2.512792864621885,0.6209179374892834,0,1,1,1,0,1,1,1,train
2161292,"Số 46, phố Lưu Quang Vũ",21.0152,105.7999,2024-06-26,-0.04733577053829338,-1.0575632170141158,-0.16651338792429696,0.27324260524475597,0,10,0,156,-0.7049010388154405,-2.673611350937961,0.683830194100579,45954,1,0,1,0,0,0,0,train
2161292,"Số 46, phố Lưu Quang Vũ",21.0152,105.7999,2024-06-27,-0.30084826520956626,-1.173490106579683,-0.4017873042796932,-0.43259411260678754,66,106,88,156,-0.5472466165941611,-2.0348627484388655,0.5240570426471601,0,0,0,0,0,1,1,1,train
2161292,"Số 46, phố Lưu Quang Vũ",21.0152,105.7999,2024-06-28,0.36665036511183635,-1.219504686652899,-0.7014536769928476,-1.0294198983057123,27,31,48,156,-0.38959219437288156,-1.3961141459397697,0.3642838911937413,0,0,0,0,0,1,1,1,train
2161292,"Số 46, phố Lưu Quang Vũ",21.0152,105.7999,2024-06-29,0.2128882299186023,-1.2429781505694075,-0.6800218321733789,-1.7001027041020893,0,0,90,156,-0.23193777215160213,-0.7573655434406737,0.20451073974032255,0,1,1,0,0,1,1,1,train
2161292,"Số 46, phố Lưu Quang Vũ",21.0152,105.7999,2024-06-30,0.059126094725368734,-1.2664516144859157,-0.3162550130288647,-1.0893126365787569,0,0,15,156,-0.07428334993032247,-0.11861694094157796,0.044737588286903766,0,1,1,0,0,1,1,1,train
2161292,"Số 46, phố Lưu Quang Vũ",21.0152,105.7999,2024-07-01,-0.0946360404678653,-1.289925078402424,0.8210365601225111,0.39882383029827634,0,0,0,156,0.08337107229095699,0.5201316615575179,-0.115035563166515,45954,1,1,1,0,0,0,0,train
2161292,"Số 46, phố Lưu Quang Vũ",21.0152,105.7999,2024-07-02,-0.24839817566109887,-1.3133985423189325,1.9583281332738869,-0.2897997648007419,0,0,12,156,-0.12436641900360845,0.5749846098889569,0.13500607889032473,0,1,1,0,0,1,1,1,train
2161292,"Số 46, phố Lưu Quang Vũ",21.0152,105.7999,2024-07-03,-0.4021603108543329,-1.3368720062354407,0.7423756361734697,-0.2140174503355863,0,0,0,156,-0.3321039102981739,0.6298375582203961,0.38504772094716444,0,1,1,1,0,1,1,1,train
2161292,"Số 46, phố Lưu Quang Vũ",21.0152,105.7999,2024-07-04,-0.5559224460475667,-1.3603454701519493,-0.4735768609269477,-1.4009753733746086,17,16,46,156,-0.5398414015927393,0.6846905065518354,0.6350893630040041,0,0,0,0,0,1,1,1,train
2161292,"Số 46, phố Lưu Quang Vũ",21.0152,105.7999,2024-07-05,-0.7197150903821871,-1.3654985642202324,-0.4323930656025635,-0.8405333332433784,127,153,148,156,-0.7475788928873047,0.7395434548832744,0.8851310050608439,0,0,0,0,0,1,1,1,train
2161292,"Số 46, phố Lưu Quang Vũ",21.0152,105.7999,2024-07-06,-0.6890100275339822,-1.198602133502876,-0.6017104259195715,0.6959516382795664,31,123,75,156,-0.9553163841818703,0.7943964032147136,1.1351726471176835,45954,0,0,0,0,0,0,0,train
2161292,"Số 46, phố Lưu Quang Vũ",21.0152,105.7999,2024-07-07,-0.9311327242323688,-1.247811113725436,-0.7272426931830216,0.13732824194628696,61,66,100,156,-0.5906431414327699,0.9906366181840418,0.6280809124861751,0,0,0,0,0,1,1,1,train
2161292,"Số 46, phố Lưu Quang Vũ",21.0152,105.7999,2024-07-08,-0.7170597354555358,-1.2346260655208614,-0.24687826223819567,-0.4964574830956842,44,116,58,156,-0.22596989868366954,1.18687683315337,0.12098917785466702,0,0,0,0,0,1,1,1,train
2161292,"Số 46, phố Lưu Quang Vũ",21.0152,105.7999,2024-07-09,-0.8678633426138341,-1.1163909879877356,-0.5841217815108366,-1.255619082692632,16,132,61,156,0.1387033440654309,1.3831170481226982,-0.38610255677684113,0,0,0,0,0,1,1,1,train
2161292,"Số 46, phố Lưu Quang Vũ",21.0152,105.7999,2024-07-10,-1.1100265103213751,-1.4166517840624144,-0.08814382853087828,-0.9307672105065458,2,8,9,156,0.5033765868145312,1.579357263092026,-0.8931942914083493,0,0,0,0,0,1,1,1,train
2161292,"Số 46, phố Lưu Quang Vũ",21.0152,105.7999,2024-07-11,-0.2720751538579236,-1.2138924640392854,0.24931310788024902,-0.24883531529941474,106,90,20,141,0.8680498295636317,1.7755974780613542,-1.4002860260398575,45954,0,0,0,0,0,0,0,train
2161292,"Số 46, phố Lưu Quang Vũ",21.0152,105.7999,2024-07-12,-1.0938930406626333,-1.056314965542796,-0.089536771230517,0.4227119677947538,70,152,109,156,0.48591310160769857,1.0146669250947773,-0.8465355562158847,0,0,0,0,0,1,1,1,train
2161292,"Số 46, phố Lưu Quang Vũ",21.0152,105.7999,2024-07-13,-0.7378265647548045,-1.1562867631646256,-0.1292328357493754,-0.30509664870433056,73,118,88,156,0.10377637365176555,0.2537363721282001,-0.2927850863919122,0,0,0,0,0,1,1,1,train
2161292,"Số 46, phố Lưu Quang Vũ",21.0152,105.7999,2024-07-14,-0.4209087490094833,-1.2904983413678424,-0.3935840719358975,-0.8050330718578796,13,4,25,156,-0.2783603543041675,-0.5071941808383769,0.2609653834320603,0,0,0,0,0,1,1,1,train
2161292,"Số 46, phố Lưu Quang Vũ",21.0152,105.7999,2024-07-15,-1.1538984797967935,-1.2745673853767399,0.09267692282503309,-1.3174325166527863,35,141,61,156,-0.6604970822601006,-1.2681247338049542,0.8147158532560329,0,0,0,0,0,1,1,1,train
2161292,"Số 46, phố Lưu Quang Vũ",21.0152,105.7999,2024-07-16,-0.8598647995318629,-1.1162049911550018,-0.04286506842349003,-0.6695950602012136,12,79,67,156,-1.0426338102160333,-2.0290552867715306,1.3684663230800056,45954,0,0,0,0,0,0,0,train
2161292,"Số 46, phố Lưu Quang Vũ",21.0152,105.7999,2024-07-17,-0.6911446301025068,-1.0804558953660335,-0.6291627079520643,0.19040087560955604,0,0,2,156,-1.1655240521199939,-1.5979954834902097,1.4545929950865262,0,1,1,0,0,1,1,1,train
2161292,"Số 46, phố Lưu Quang Vũ",21.0152,105.7999,2024-07-18,-0.5224244606731506,-1.0447067995770651,-0.44486571342697023,-0.2565013755729659,0,56,0,156,-1.288414294023954,-1.1669356802088882,1.5407196670930472,0,1,0,1,0,1,1,1,train
2161292,"Số 46, phố Lưu Quang Vũ",21.0152,105.7999,2024-07-19,-0.35370429124379416,-1.0400342427804516,-0.26056871890187616,-0.8782412002065613,16,106,41,156,-1.4113045359279144,-0.735875876927567,1.6268463390995682,0,0,0,0,0,1,1,1,train
2161292,"Số 46, phố Lưu Quang Vũ",21.0152,105.7999,2024-07-20,-1.1015695918285109,-1.376346106774674,-0.5888094757450314,-1.3784025406473508,1,28,20,156,-1.5341947778318745,-0.3048160736462458,1.7129730111060888,0,0,0,0,0,1,1,1,train
2161292,"Số 46, phố Lưu Quang Vũ",21.0152,105.7999,2024-07-21,-0.7273632230337994,-1.1902307760552433,0.6069508465837069,-1.1048339599845893,85,153,143,156,-1.6570850197358347,0.12624372963507577,1.79909968311261,45954,0,0,0,0,0,0,0,train
2161292,"Số 46, phố Lưu Quang Vũ",21.0152,105.7999,2024-07-22,-0.8814346633064014,-1.1726378483651654,0.4719527536690765,0.7940314021444531,0,0,0,156,-1.1906272410076995,0.3975820379841417,1.2250280440256027,0,1,1,1,0,1,1,1,train
2161292,"Số 46, phố Lưu Quang Vũ",21.0152,105.7999,2024-07-23,-1.0355061035790036,-1.1550449206750872,0.3369546607544461,0.3047455027171013,0,0,0,156,-0.724169462279564,0.6689203463332076,0.6509564049385953,0,1,1,1,0,1,1,1,train
2161292,"Số 46, phố Lưu Quang Vũ",21.0152,105.7999,2024-07-24,-1.1895775438516056,-1.137451992985009,0.2019565678398156,-0.5398907073985677,14,89,29,156,-0.25771168355142876,0.9402586546822737,0.07688476585158793,0,0,0,0,0,1,1,1,train
2161292,"Số 46, phố Lưu Quang Vũ",21.0152,105.7999,2024-07-25,-1.2402582848608759,-1.3108096318589562,-0.5523982612613532,-1.3644434547347837,5,10,31,156,0.2087460951767067,1.2115969630313397,-0.49718687323541944,0,0,0,0,0,1,1,1,train
2161292,"Số 46, phố Lưu Quang Vũ",21.0152,105.7999,2024-07-26,-1.0766691373873332,-0.8403696427858955,-0.20566260391207636,-1.177190078237739,140,24,156,156,0.6752038739048418,1.4829352713804056,-1.071258512322427,45954,0,0,0,0,0,0,0,train
2161292,"Số 46, phố Lưu Quang Vũ",21.0152,105.7999,2024-07-27,-0.918111335622397,-0.7265092180313543,-0.837471835590689,-0.5671517456837369,51,0,33,133,0.43221229376777986,0.8287131889604656,-0.7794119973479361,0,0,1,0,0,1,1,1,train
2161292,"Số 46, phố Lưu Quang Vũ",21.0152,105.7999,2024-07-28,-0.8897520326366359,-0.6126487932768131,-3.5464599231951177,0.18736102829058224,0,0,2,156,0.189220713630718,0.17449110654052555,-0.4875654823734451,0,1,1,0,0,1,1,1,train
2161292,"Số 46, phố Lưu Quang Vũ",21.0152,105.7999,2024-07-29,-0.8613927296508748,-0.4987883685222718,-2.857641546704433,0.059397716550861,0,8,0,156,-0.053770866506344,-0.47973097587941427,-0.19571896739895417,0,1,0,1,0,1,1,1,train
2161292,"Số 46, phố Lưu Quang Vũ",21.0152,105.7999,2024-07-30,-0.8330334266651136,-0.6845204216774676,-2.1688231702137486,-0.3353404390013568,0,0,0,156,-0.29676244664340584,-1.1339530582993544,0.09612754757553678,0,1,1,1,0,1,1,1,train
2161292,"Số 46, phố Lưu Quang Vũ",21.0152,105.7999,2024-07-31,-0.8046741236793523,-0.8702524748326635,-1.4800047937230638,-1.061624518229579,0,0,0,156,-0.5397540267804679,-1.7881751407192943,0.38797406255002775,45954,1,1,1,0,0,0,0,train
2161292,"Số 46, phố Lưu Quang Vũ",21.0152,105.7999,2024-08-01,-0.7763148206935911,-1.0559845279878592,-0.791186417232379,-1.1740756367361407,0,0,0,156,-0.4778110816207561,-1.265693630017797,0.3902328923099662,0,1,1,1,0,1,1,1,train
2161292,"Số 46, phố Lưu Quang Vũ",21.0152,105.7999,2024-08-02,-0.7479555177078301,-1.2417165811430553,-0.10236804074169432,-0.031535593155268556,0,9,0,156,-0.4158681364610442,-0.7432121193162996,0.39249172206990457,0,1,0,1,0,1,1,1,train
2161292,"Số 46, phố Lưu Quang Vũ",21.0152,105.7999,2024-08-03,-0.7195962147220689,-0.8522077139275752,0.5864503357489903,-0.1847676320012643,5,47,8,156,-0.3539251913013324,-0.2207306086148021,0.3947505518298431,0,0,0,0,0,1,1,1,train
2161292,"Số 46, phố Lưu Quang Vũ",21.0152,105.7999,2024-08-04,-1.2218706180527437,-1.1536177631593714,-0.08869285882216915,-0.6283755332347234,112,148,133,156,-0.2919822461416206,0.30175090208669536,0.39700938158978144,0,0,0,0,0,1,1,1,train
2161292,"Số 46, phố Lưu Quang Vũ",21.0152,105.7999,2024-08-05,-0.5990056748837597,-1.1283166030932175,-0.12418773401686196,-1.2480876383419273,63,115,86,156,-0.23003930098190875,0.8242324127881928,0.3992682113497199,45954,0,0,0,0,0,0,0,train
2161292,"Số 46, phố Lưu Quang Vũ",21.0152,105.7999,2024-08-06,-0.9588069017868469,-1.0313207547951828,-0.10681788192933402,-1.455117371979998,45,129,139,156,0.24275009391122024,0.9658634970069357,-0.17028308275534407,0,0,0,0,0,1,1,1,train
2161292,"Số 46, phố Lưu Quang Vũ",21.0152,105.7999,2024-08-07,-1.086937989901336,-1.086603540680338,1.778218382831818,1.0507367106532008,96,95,48,156,0.7155394888043491,1.107494581225679,-0.7398343768604081,0,0,0,0,0,1,1,1,train
2161292,"Số 46, phố Lưu Quang Vũ",21.0152,105.7999,2024-08-08,-0.9084626156875372,-1.1814586527048059,0.28158876317772735,-0.05688095249579444,110,156,133,156,1.1883288836974784,1.2491256654444218,-1.3093856709654719,0,0,0,0,0,1,1,1,train
2161292,"Số 46, phố Lưu Quang Vũ",21.0152,105.7999,2024-08-09,-0.9721032141486607,-1.208801141646391,-0.09247387107240687,-0.1167539821377212,149,77,153,156,1.6611182785906071,1.3907567496631645,-1.8789369650705356,0,0,0,0,0,1,1,1,train
2161292,"Số 46, phố Lưu Quang Vũ",21.0152,105.7999,2024-08-10,-0.7041908426230047,-1.0911370089363355,0.2288132947436681,-0.12744483950284718,137,152,152,156,2.1339076734837366,1.5323878338819077,-2.4484882591756,45954,0,0,0,0,0,0,0,train
2161292,"Số 46, phố Lưu Quang Vũ",21.0152,105.7999,2024-08-11,-0.39631474510941045,-1.052009402496801,-1.665843157505229,-1.583216665809041,0,0,7,156,1.8311535852586414,1.286050360655201,-2.084915388830212,0,1,1,0,0,1,1,1,train
2161292,"Số 46, phố Lưu Quang Vũ",21.0152,105.7999,2024-08-12,-0.08843864759581613,-1.0128817960572665,-2.1884807376647615,1.1302127212054423,2,0,15,36,1.5283994970335462,1.0397128874284942,-1.7213425184848241,0,0,1,0,0,1,1,1,train
2161292,"Số 46, phố Lưu Quang Vũ",21.0152,105.7999,2024-08-13,-0.5985145674341148,-0.973754189617732,-0.9370166148009608,0.22670195690741454,13,4,42,156,1.2256454088084514,0.7933754142017875,-1.357769648139436,0,0,0,0,0,1,1,1,train
2161292,"Số 46, phố Lưu Quang Vũ",21.0152,105.7999,2024-08-14,-0.6907585273714933,-1.1029595348881829,0.40968521062953134,-0.3064632929645337,0,2,4,156,0.9228913205833563,0.5470379409750808,-0.9941967777940481,0,1,0,0,0,1,1,1,train
2161292,"Số 46, phố Lưu Quang Vũ",21.0152,105.7999,2024-08-15,-0.7830024873088719,-0.7492903755550382,0.33926058410176696,-1.1478639934733037,31,38,53,156,0.6201372323582613,0.30070046774837417,-0.6306239074486599,45954,0,0,0,0,0,0,0,train
2161292,"Số 46, phố Lưu Quang Vũ",21.0152,105.7999,2024-08-16,-0.9548552058835823,-0.2715798739248757,-0.4109785469534649,-1.5017926661017482,50,69,86,156,0.3553828973067318,0.29191994886466305,-0.3295929697421755,0,0,0,0,0,1,1,1,train
2161292,"Số 46, phố Lưu Quang Vũ",21.0152,105.7999,2024-08-17,-0.8559408243668433,-0.08360498396201259,-0.0016551443039235741,-1.2009368287021185,0,1,108,156,0.09062856225520213,0.2831394299809518,-0.028562032035690983,0,1,0,0,0,1,1,1,train
2161292,"Số 46, phố Lưu Quang Vũ",21.0152,105.7999,2024-08-18,-0.7570264428501046,0.11770822432271505,-0.6415641992878556,0.7567073159799447,12,15,30,156,-0.17412577279632763,0.27435891109724064,0.2724689056707935,0,0,0,0,0,1,1,1,train
2161292,"Số 46, phố Lưu Quang Vũ",21.0152,105.7999,2024-08-19,-0.4419308374636696,0.02616614679105027,-0.2461122827116064,0.028484982465980548,27,43,63,156,-0.43888010784785725,0.2655783922135294,0.573499843377278,0,0,0,0,0,1,1,1,train
2161292,"Số 46, phố Lưu Quang Vũ",21.0152,105.7999,2024-08-20,-0.5641535388467169,-0.31530494753059896,-0.6429772240655004,-0.9378559870577212,50,33,92,156,-0.7036344428993869,0.2567978733298183,0.8745307810837624,45954,0,0,0,0,0,0,0,train
2161292,"Số 46, phố Lưu Quang Vũ",21.0152,105.7999,2024-08-21,-0.5885125825306331,-0.5344880333347976,-0.8296908269020195,-1.8063073810068222,0,0,32,156,-0.48844501959385206,0.04602109526236699,0.6178896907927275,0,1,1,0,0,1,1,1,train
2161292,"Số 46, phố Lưu Quang Vũ",21.0152,105.7999,2024-08-22,-0.6128716262145494,-0.7536711191389961,-0.019154855456960187,-1.56922986836666,40,4,101,156,-0.2732555962883172,-0.16475568280508432,0.36124860050169244,0,0,0,0,0,1,1,1,train
2161292,"Số 46, phố Lưu Quang Vũ",21.0152,105.7999,2024-08-23,0.13857085485329493,-0.9593702527376317,-0.3493512892452605,0.6113743471781237,0,0,0,156,-0.05806617298278258,-0.37553246087253545,0.10460751021065746,0,1,1,1,0,1,1,1,train
2161292,"Số 46, phố Lưu Quang Vũ",21.0152,105.7999,2024-08-24,0.8900133359211392,-1.1650693863362669,-0.6795477230335608,-0.045779438925924475,29,77,71,156,0.15712325032275234,-0.5863092389399869,-0.15203358008037765,0,0,0,0,0,1,1,1,train
2161292,"Số 46, phố Lưu Quang Vũ",21.0152,105.7999,2024-08-25,-1.148957210628938,-1.166634268779438,0.3697367363676272,-0.7016130453607079,2,8,14,156,0.3723126736282871,-0.797086017007438,-0.40867467037141253,45954,0,0,0,0,0,0,0,train
2161292,"Số 46, phố Lưu Quang Vũ",21.0152,105.7999,2024-08-26,-0.9722965615403574,-0.9344671313479841,-0.05900447752133675,-0.8554037940373289,94,156,135,156,0.11396830448544254,-1.084091686672304,-0.14473628924071502,0,0,0,0,0,1,1,1,train
2161292,"Số 46, phố Lưu Quang Vũ",21.0152,105.7999,2024-08-27,-0.24675159341194972,-1.032170831228675,-0.1316410164487362,-1.0750672380068613,140,155,153,156,-0.14437606465740194,-1.37109735633717,0.11920209188998249,0,0,0,0,0,1,1,1,train
2161292,"Số 46, phố Lưu Quang Vũ",21.0152,105.7999,2024-08-28,-0.7682186433409909,-0.8847113422549883,-0.008233553972677925,0.3034528918020557,102,156,50,135,-0.40272043380024647,-1.658103026002036,0.38314047302068,0,0,0,0,0,1,1,1,train
2161292,"Số 46, phố Lưu Quang Vũ",21.0152,105.7999,2024-08-29,-0.6448501302990782,-0.5643297524453,0.13741139698845328,0.6192345673297468,0,0,0,156,-0.661064802943091,-1.9451086956669017,0.6470788541513776,0,1,1,1,0,1,1,1,train
2161292,"Số 46, phố Lưu Quang Vũ",21.0152,105.7999,2024-08-30,-0.5214816172571656,-0.24394816263561192,0.2830563479495845,-0.12139324459502349,155,99,156,156,-0.9194091720859355,-2.2321143653317677,0.911017235282075,45954,0,0,0,0,0,0,0,train
2161292,"Số 46, phố Lưu Quang Vũ",21.0152,105.7999,2024-08-31,-0.3679604896722608,-0.7105809438127693,-0.28756818321599226,-1.2361622442682116,147,143,153,156,-0.29826523492214146,-1.4976423479649357,0.24904593511890094,0,0,0,0,0,1,1,1,train
2161292,"Số 46, phố Lưu Quang Vũ",21.0152,105.7999,2024-09-01,-0.8615969650670899,-1.524580946181603,-0.953196327594447,-1.4117055882788456,0,9,5,156,0.3228787022416526,-0.7631703305981035,-0.41292536504427313,0,1,0,0,0,1,1,1,train
2161292,"Số 46, phố Lưu Quang Vũ",21.0152,105.7999,2024-09-02,-1.3552334404619193,-1.1572088383720813,0.06089247027169772,-0.8957539314790288,70,155,156,156,0.9440226394054467,-0.02869831323127133,-1.0748966652074472,0,0,0,0,0,1,1,1,train
2161292,"Số 46, phố Lưu Quang Vũ",21.0152,105.7999,2024-09-03,-1.0629688761441787,-0.7715669053081885,0.27147665199123927,0.5981072133871629,150,89,155,156,1.5651665765692409,0.7057737041355606,-1.7368679653706214,0,0,0,0,0,1,1,1,train
2161292,"Số 46, phố Lưu Quang Vũ",21.0152,105.7999,2024-09-04,-0.7314160330257667,-0.412400475949405,0.33382621332273754,-0.07118846311727303,156,156,156,156,2.186310513733035,1.4402457215023927,-2.3988392655337956,45954,0,0,0,0,0,0,0,train
2161292,"Số 46, phố Lưu Quang Vũ",21.0152,105.7999,2024-09-05,-0.8678016845873482,-0.3826996180765982,-0.20322907115178596,-0.7413307149129025,129,154,150,156,1.6880265561846606,0.7176460593351576,-1.877000305279669,0,0,0,0,0,1,1,1,train
2161292,"Số 46, phố Lưu Quang Vũ",21.0152,105.7999,2024-09-06,-0.43237282841139746,-0.49804083579714875,-0.33451702916497583,-1.5618632598398496,66,122,110,156,1.1897425986362868,-0.004953602832077488,-1.3551613450255433,0,0,0,0,0,1,1,1,train
2161292,"Số 46, phố Lưu Quang Vũ",21.0152,105.7999,2024-09-07,-0.5198468126214428,-0.5552866109826494,-0.3010781298675621,-0.8592423187015676,0,0,0,156,0.6914586410879128,-0.7275532649993129,-0.8333223847714168,0,1,1,1,0,1,1,1,train
2161292,"Số 46, phố Lưu Quang Vũ",21.0152,105.7999,2024-09-08,-0.6073207968314885,-0.6125323861681505,-0.2676392305701484,0.8219318063400189,0,0,0,156,0.19317468353953907,-1.4501529271665479,-0.31148342451729066,0,1,1,1,0,1,1,1,train
2161292,"Số 46, phố Lưu Quang Vũ",21.0152,105.7999,2024-09-09,-0.6947947810415339,-0.6697781613536511,-0.23420033127273465,0.33505190337853163,0,0,0,156,-0.3051092740088349,-2.172752589333783,0.21035553573683544,45954,1,1,1,0,0,0,0,train
2161292,"Số 46, phố Lưu Quang Vũ",21.0152,105.7999,2024-09-10,-0.7822687652515793,-0.7270239365391518,-0.20076143197532095,-0.3089538667065688,0,9,0,156,0.1125053434931476,-1.4257780816605952,-0.2218877481197267,0,1,0,1,0,1,1,1,train
2161292,"Số 46, phố Lưu Quang Vũ",21.0152,105.7999,2024-09-11,-0.8697427494616249,-0.734089498040825,-0.1673225326779072,-0.21178499993806885,0,0,0,156,0.5301199609951301,-0.6788035739874072,-0.6541310319762891,0,1,1,1,0,1,1,1,train
2161292,"Số 46, phố Lưu Quang Vũ",21.0152,105.7999,2024-09-12,-0.9572167336716703,-0.7411550595424984,-0.1338836333804935,-1.4438142928646063,3,36,39,156,0.9477345784971126,0.06817093368578074,-1.0863743158328512,0,0,0,0,0,1,1,1,train
2161292,"Số 46, phố Lưu Quang Vũ",21.0152,105.7999,2024-09-13,-1.2767385860890883,-0.8727080012003459,-0.7507807491345655,-0.15378243883546378,6,136,30,135,1.3653491959990953,0.8151454413589686,-1.5186175996894131,0,0,0,0,0,1,1,1,train
2161292,"Số 46, phố Lưu Quang Vũ",21.0152,105.7999,2024-09-14,-0.6000440924697432,-0.558887436029338,-0.8740001935913527,0.17733018610618306,83,105,141,156,1.7829638135010781,1.5621199490321567,-1.9508608835459753,45954,0,0,0,0,0,0,0,train
2161292,"Số 46, phố Lưu Quang Vũ",21.0152,105.7999,2024-09-15,-0.6835893228062694,-0.2711416086606419,-0.3375192474995318,-0.7655947870825603,96,146,137,156,1.4348217667493623,1.490745416351142,-1.5733884461998315,0,0,0,0,0,1,1,1,train
2161292,"Số 46, phố Lưu Quang Vũ",21.0152,105.7999,2024-09-16,-0.943368924517398,-0.37264597109415354,-0.02676575371184199,-0.7693850554621227,151,132,156,156,1.0866797199976466,1.419370883670127,-1.195916008853688,0,0,0,0,0,1,1,1,train
2161292,"Số 46, phố Lưu Quang Vũ",21.0152,105.7999,2024-09-17,-0.5186723710010335,-1.2951989885952038,-0.738671686344054,-1.6605491536962933,0,66,20,156,0.7385376732459309,1.3479963509891124,-0.8184435715075445,0,1,0,0,0,1,1,1,train
2161292,"Số 46, phố Lưu Quang Vũ",21.0152,105.7999,2024-09-18,-0.09397581748466925,-0.8112235027397587,0.24147772525020317,-0.5337835998464291,0,85,29,156,0.3903956264942149,1.2766218183080975,-0.4409711341614009,0,1,0,0,0,1,1,1,train
2161292,"Số 46, phố Lưu Quang Vũ",21.0152,105.7999,2024-09-19,0.3307207360316952,-0.7742177692586414,0.6919091764631953,0.9282094051798878,2,17,28,156,0.04225357974249921,1.2052472856270826,-0.06349869681525738,45954,0,0,0,0,0,0,0,train
2161292,"Số 46, phố Lưu Quang Vũ",21.0152,105.7999,2024-09-20,-0.7589718423935958,-1.0048412966119529,-0.14191523198290495,-0.0923352270753517,17,44,33,156,0.43695127216571006,1.271354453342914,-0.5095895480092197,0,0,0,0,0,1,1,1,train
2161292,"Số 46, phố Lưu Quang Vũ",21.0152,105.7999,2024-09-21,-1.1678465149611972,-0.36758942083640717,0.19833942162505117,-1.0522752214123243,52,106,87,156,0.8316489645889212,1.3374616210587456,-0.9556803992031823,0,0,0,0,0,1,1,1,train
2161292,"Số 46, phố Lưu Quang Vũ",21.0152,105.7999,2024-09-22,-0.8656746941208592,-0.4689677854154869,-0.6450352242557991,-0.5370359420427268,0,0,0,156,1.2263466570121322,1.4035687887745771,-1.4017712503971445,0,1,1,1,0,1,1,1,train
2161292,"Số 46, phố Lưu Quang Vũ",21.0152,105.7999,2024-09-23,-0.5635028732805211,-0.5703461499945667,-1.4884098701366493,-0.8377412771683663,0,74,8,156,1.621044349435343,1.4696759564904087,-1.8478621015911072,0,1,0,0,0,1,1,1,train
2161292,"Số 46, phố Lưu Quang Vũ",21.0152,105.7999,2024-09-24,-0.26133105244018284,0.012113022459492674,0.04057029108046815,0.5256967022982846,155,20,156,156,2.0157420418585543,1.53578312420624,-2.2939529527850695,45954,0,0,0,0,0,0,0,train
2161292,"Số 46, phố Lưu Quang Vũ",21.0152,105.7999,2024-09-25,0.10067489294906547,-0.7878626278151067,-0.11838825198926535,0.10340214774819234,0,6,0,156,1.4185368010194073,1.482050013745156,-1.6243039165739954,0,1,0,1,0,1,1,1,train
2161292,"Số 46, phố Lưu Quang Vũ",21.0152,105.7999,2024-09-26,0.4626808383383135,-0.4008610360860928,-0.2773467950589989,-0.9381377607595801,68,129,107,156,0.8213315601802598,1.428316903284072,-0.9546548803629209,0,0,0,0,0,1,1,1,train
2161292,"Số 46, phố Lưu Quang Vũ",21.0152,105.7999,2024-09-27,-0.4026082407696554,-0.6446044309357271,-0.20076210357034063,-1.146650777920196,126,143,152,156,0.22412631934111263,1.3745837928229874,-0.28500584415184654,0,0,0,0,0,1,1,1,train
2161292,"Số 46, phố Lưu Quang Vũ",21.0152,105.7999,2024-09-28,0.5000077956154034,-0.5549405941475535,-0.005291477217419993,-0.9977973399541895,127,146,156,156,-0.37307892149803473,1.3208506823619035,0.38464319205922776,0,0,0,0,0,1,1,1,train
2161292,"Số 46, phố Lưu Quang Vũ",21.0152,105.7999,2024-09-29,0.48504206469833405,-0.7210434020155487,-0.27097115972508584,-0.27742644729253235,0,156,0,144,-0.9702841623371816,1.2671175719008194,1.0542922282703018,45954,1,0,1,0,0,0,0,train
2161292,"Số 46, phố Lưu Quang Vũ",21.0152,105.7999,2024-09-30,0.4700763337812652,-0.586104063477798,-0.5366508422327515,0.5514129571733525,0,75,9,156,-0.40638926103543505,1.3045419838574734,0.40645723604097994,0,1,0,0,0,1,1,1,train
2161292,"Số 46, phố Lưu Quang Vũ",21.0152,105.7999,2024-10-01,0.45511060286419586,-0.8826779223357979,-0.6144860695089384,-0.16340759676524189,7,65,11,156,0.1575056402663115,1.3419663958141275,-0.2413777561883418,0,0,0,0,0,1,1,1,train
2161292,"Số 46, phố Lưu Quang Vũ",21.0152,105.7999,2024-10-02,-0.6605556095208847,-0.09682030437836443,-0.04464095437321435,-0.6909936765757272,103,116,115,156,0.721400541568058,1.3793908077707815,-0.8892127484176638,0,0,0,0,0,1,1,1,train
2161292,"Số 46, phố Lưu Quang Vũ",21.0152,105.7999,2024-10-03,-0.42334614408119015,-0.0998968883521353,-0.4415650052945806,-0.3707366029806791,156,79,156,156,1.2852954428698047,1.4168152197274355,-1.5370477406469853,0,0,0,0,0,1,1,1,train
2161292,"Số 46, phố Lưu Quang Vũ",21.0152,105.7999,2024-10-04,0.26202861979157166,0.29988148580636853,1.3364900646759053,-0.4930192825356338,111,27,138,156,1.8491903441715511,1.4542396316840895,-2.184882732876307,45954,0,0,0,0,0,0,0,train
2161292,"Số 46, phố Lưu Quang Vũ",21.0152,105.7999,2024-10-05,0.14897291915291588,0.09257983404180353,2.257977203073489,0.27877802251840705,156,103,156,156,1.2241097598313178,1.3226016801392069,-1.4397596115844675,0,0,0,0,0,1,1,1,train
2161292,"Số 46, phố Lưu Quang Vũ",21.0152,105.7999,2024-10-06,-0.18780804251171562,0.23408196991532537,0.418426065900099,-0.31135210849797357,156,132,156,156,0.5990291754910845,1.1909637285943242,-0.6946364902926279,0,0,0,0,0,1,1,1,train
2161292,"Số 46, phố Lưu Quang Vũ",21.0152,105.7999,2024-10-07,-0.39045983339476664,-0.15082593019356516,0.46927616655885845,-0.7787717389553762,130,139,146,156,-0.02605140884914887,1.059325777049441,0.05048663099921177,0,0,0,0,0,1,1,1,train
2161292,"Số 46, phố Lưu Quang Vũ",21.0152,105.7999,2024-10-08,0.009474552200728193,0.23760445538692807,0.23750172962763957,-0.9498626045808918,155,105,156,156,-0.6511319931893822,0.9276878255045585,0.7956097522910517,0,0,0,0,0,1,1,1,train
2161292,"Số 46, phố Lưu Quang Vũ",21.0152,105.7999,2024-10-09,-0.321106479224509,-0.10688949655064094,1.233320790164774,-0.41750249708244624,17,55,58,156,-1.276212577529616,0.7960498739596756,1.5407328735828913,45954,0,0,0,0,0,0,0,train
2161292,"Số 46, phố Lưu Quang Vũ",21.0152,105.7999,2024-10-10,-0.3136147752697223,-0.27374801882262173,-0.8187935727468146,0.10506919932512927,20,59,41,156,-1.1636701822992979,0.8839784129937531,1.392012572011878,0,0,0,0,0,1,1,1,train
2161292,"Số 46, phố Lưu Quang Vũ",21.0152,105.7999,2024-10-11,0.2935371400096037,0.09618222724360385,0.34540274638286766,-0.11922263749302849,60,123,117,156,-1.05112778706898,0.9719069520278304,1.2432922704408649,0,0,0,0,0,1,1,1,train
2161292,"Số 46, phố Lưu Quang Vũ",21.0152,105.7999,2024-10-12,-0.29676855912374084,0.10777130262533541,0.14150295467889465,-0.8781255762373374,50,135,105,156,-0.9385853918386621,1.0598354910619077,1.0945719688698516,0,0,0,0,0,1,1,1,train
2161292,"Số 46, phố Lưu Quang Vũ",21.0152,105.7999,2024-10-13,-0.5477670936636683,-0.06448140051865626,0.3051613319303843,-1.3578682970551614,32,115,78,156,-0.8260429966083441,1.147764030095985,0.9458516672988382,0,0,0,0,0,1,1,1,train
2161292,"Số 46, phố Lưu Quang Vũ",21.0152,105.7999,2024-10-14,-0.3086971036181763,0.067331718526918,0.5549687074431567,-0.7926453013535172,40,154,156,156,-0.7135006013780263,1.2356925691300624,0.7971313657278251,45954,0,0,0,0,0,0,0,train
2161292,"Số 46, phố Lưu Quang Vũ",21.0152,105.7999,2024-10-15,-0.6079089162926278,-0.4636764209744775,1.6739074881158025,0.40398621506933335,3,156,15,145,-0.411608277844333,1.254768408161341,0.47077057638990427,0,0,0,0,0,1,1,1,train
2161292,"Số 46, phố Lưu Quang Vũ",21.0152,105.7999,2024-10-16,-0.3462425916578633,-0.43126497289554866,0.07210171177658668,-0.008905754705580676,0,50,28,156,-0.10971595431063978,1.2738442471926195,0.14440978705198365,0,1,0,0,0,1,1,1,train
2161292,"Số 46, phố Lưu Quang Vũ",21.0152,105.7999,2024-10-17,-0.08457626702309887,-0.21085681704347062,0.3918028818188725,-0.6709918646393394,81,153,125,156,0.1921763692230536,1.292920086223898,-0.1819510022859371,0,0,0,0,0,1,1,1,train
2161292,"Số 46, phố Lưu Quang Vũ",21.0152,105.7999,2024-10-18,0.8255086370106407,-0.41936772094345054,0.3122896672697036,-1.3067246381971496,97,151,133,156,0.4940686927567468,1.3119959252551767,-0.5083117916238578,0,0,0,0,0,1,1,1,train
2161292,"Số 46, phố Lưu Quang Vũ",21.0152,105.7999,2024-10-19,-0.41124949900014146,-0.7691484010373435,0.3706212780640778,-1.555609173678072,29,126,88,156,0.7959610162904399,1.3310717642864551,-0.8346725809617784,45954,0,0,0,0,0,0,0,train
2161292,"Số 46, phố Lưu Quang Vũ",21.0152,105.7999,2024-10-20,-0.29012522394078966,-0.547294815253432,0.13064407392115374,-0.49524803009942614,2,156,151,156,0.9990376127156145,1.241049220615398,-1.0718884918055953,0,0,0,0,0,1,1,1,train
2161292,"Số 46, phố Lưu Quang Vũ",21.0152,105.7999,2024-10-21,-0.4649071428128714,-0.48888662804398364,0.26439672527423563,0.913347484792755,0,0,0,156,1.2021142091407895,1.151026676944341,-1.309104402649412,0,1,1,1,0,1,1,1,train
2161292,"Số 46, phố Lưu Quang Vũ",21.0152,105.7999,2024-10-22,-0.6396890616849531,-0.4304784408345357,0.39814937662731753,-0.6397913098862343,141,156,153,156,1.405190805565964,1.0610041332732838,-1.5463203134932284,0,0,0,0,0,1,1,1,train
2161292,"Số 46, phố Lưu Quang Vũ",21.0152,105.7999,2024-10-23,-0.7796450428378301,-0.1865187769403757,0.5895077420060808,-0.5940222544571521,99,108,105,156,1.6082674019911392,0.9709815896022267,-1.7835362243370452,0,0,0,0,0,1,1,1,train
2161292,"Số 46, phố Lưu Quang Vũ",21.0152,105.7999,2024-10-24,-0.22052231969214103,-0.5485613391408725,0.050923433716238815,-1.270168949753734,156,86,156,156,1.8113439984163138,0.8809590459311696,-2.020752135180862,45954,0,0,0,0,0,0,0,train
2161292,"Số 46, phố Lưu Quang Vũ",21.0152,105.7999,2024-10-25,0.5414612734058359,-0.4000766176254468,0.5172633326875538,-1.3342857851834296,90,0,156,156,1.3348581536539146,0.7511065608743567,-1.504316573027426,0,0,1,0,0,1,1,1,train
2161292,"Số 46, phố Lưu Quang Vũ",21.0152,105.7999,2024-10-26,-0.6342730510868287,-0.25159189611002153,3.4264613888915316,1.2451045446449989,150,0,156,156,0.8583723088915153,0.6212540758175438,-0.9878810108739898,0,0,1,0,0,1,1,1,train
2161292,"Số 46, phố Lưu Quang Vũ",21.0152,105.7999,2024-10-27,-0.6124400200291472,-0.1031071745945958,3.068216404739653,0.3809581502902087,0,0,0,156,0.381886464129116,0.49140159076073087,-0.4714454487205537,0,1,1,1,0,1,1,1,train
2161292,"Số 46, phố Lưu Quang Vũ",21.0152,105.7999,2024-10-28,-0.5906069889714656,0.04537754692082993,2.709971420587775,-0.35609297061395623,0,1,0,156,-0.09459938063328305,0.3615491057039179,0.04499011343288247,0,1,0,1,0,1,1,1,train
2161292,"Số 46, phố Lưu Quang Vũ",21.0152,105.7999,2024-10-29,-0.568773957913784,-0.06317615001794745,2.3517264364358965,-1.0181797673636481,3,148,8,156,-0.5710852253956824,0.23169662064710506,0.5614256755863187,45954,0,0,0,0,0,0,0,train
2161292,"Số 46, phố Lưu Quang Vũ",21.0152,105.7999,2024-10-30,-0.009978682023980367,0.12090071541365785,-0.04892662331331191,-0.6217411899386234,151,68,156,156,-0.6959926582409216,0.2934290462218179,0.7138263379197838,0,0,0,0,0,1,1,1,train
2161292,"Số 46, phố Lưu Quang Vũ",21.0152,105.7999,2024-10-31,0.5197812455990641,0.3393332685438208,-1.7102426202794352,0.8943676549645084,149,90,51,155,-0.8209000910861609,0.3551614717965309,0.8662270002532488,0,0,0,0,0,1,1,1,train
2161292,"Số 46, phố Lưu Quang Vũ",21.0152,105.7999,2024-11-01,0.14159146380927395,0.00720619692487709,0.6381760940812723,0.22989688278480072,156,152,156,156,-0.9458075239314003,0.41689389737124377,1.0186276625867139,0,0,0,0,0,1,1,1,train
2161292,"Số 46, phố Lưu Quang Vũ",21.0152,105.7999,2024-11-02,0.08688709253250504,0.05954385114327148,-0.15291423959705167,-0.22937728241250255,156,130,156,156,-1.0707149567766396,0.47862632294595664,1.1710283249201792,0,0,0,0,0,1,1,1,train
2161292,"Số 46, phố Lưu Quang Vũ",21.0152,105.7999,2024-11-03,0.1644860786168003,-0.11763313178356614,-4.386311914446249,-0.8687015060680846,0,0,0,156,-1.195622389621879,0.5403587485206696,1.323428987253644,45954,1,1,1,0,0,0,0,train
2161292,"Số 46, phố Lưu Quang Vũ",21.0152,105.7999,2024-11-04,0.24208506470109512,-0.29481011471040325,-8.619709589295447,-0.8313390776575834,0,146,1,156,-0.6535217203641123,0.7190676436422502,0.7112159512577355,0,1,0,0,0,1,1,1,train
2161292,"Số 46, phố Lưu Quang Vũ",21.0152,105.7999,2024-11-05,0.31968405078539036,-0.13960421219262625,-5.576424230826675,-0.3510538319759002,0,13,0,156,-0.11142105110634559,0.8977765387638309,0.09900291526182695,0,1,0,1,0,1,1,1,train
2161292,"Số 46, phố Lưu Quang Vũ",21.0152,105.7999,2024-11-06,0.3972830368696852,0.34327056513359866,-2.5331388723579025,0.47272591895862875,0,0,0,156,0.4306796181514211,1.0764854338854115,-0.5132101207340816,0,1,1,1,0,1,1,1,train
2161292,"Số 46, phố Lưu Quang Vũ",21.0152,105.7999,2024-11-07,0.47488202295398046,0.8261453424598236,0.510146486110869,-0.6577292698058482,100,129,135,156,0.9727802874091878,1.2551943290069922,-1.1254231567299904,0,0,0,0,0,1,1,1,train
2161292,"Số 46, phố Lưu Quang Vũ",21.0152,105.7999,2024-11-08,0.003363556686779807,0.6159552853352588,0.3595944381084675,-0.9081069431248746,144,85,156,156,1.5148809566669543,1.433903224128573,-1.7376361927258988,45954,0,0,0,0,0,0,0,train
2161292,"Số 46, phố Lưu Quang Vũ",21.0152,105.7999,2024-11-09,0.5293585386431591,0.3779758832420803,0.8026014043801366,-0.5652174331242186,156,118,156,156,1.0856167172741433,1.3525439590492792,-1.2323614972898158,0,0,0,0,0,1,1,1,train
2161292,"Số 46, phố Lưu Quang Vũ",21.0152,105.7999,2024-11-10,0.07446261959046896,0.2623611247249937,-0.24433578918308893,0.12489745586143187,156,148,156,156,0.6563524778813328,1.2711846939699856,-0.7270868018537328,0,0,0,0,0,1,1,1,train
2161292,"Số 46, phố Lưu Quang Vũ",21.0152,105.7999,2024-11-11,0.6293498422953435,0.33451671419928786,1.0897625147872823,0.5773258952285066,156,117,156,156,0.22708823848852203,1.1898254288906922,-0.2218121064176495,0,0,0,0,0,1,1,1,train
2161292,"Số 46, phố Lưu Quang Vũ",21.0152,105.7999,2024-11-12,1.4769358363019491,-0.13215479359113125,1.4884537420599389,-0.1916741037146007,79,151,151,156,-0.20217600090428864,1.1084661638113984,0.2834625890184335,0,0,0,0,0,1,1,1,train
2161292,"Số 46, phố Lưu Quang Vũ",21.0152,105.7999,2024-11-13,-0.1798980535500885,-0.34334710637597754,0.38876291801517476,-0.7926322817123546,125,143,149,156,-0.6314402402970994,1.0271068987321048,0.7887372844545169,45954,0,0,0,0,0,0,0,train
2161292,"Số 46, phố Lưu Quang Vũ",21.0152,105.7999,2024-11-14,1.2118783836445612,-0.1819583091441383,-0.41233452328021336,-1.0263989832172369,113,127,156,156,-0.854009303201982,0.8043976558549432,1.0097742266160274,0,0,0,0,0,1,1,1,train
2161292,"Số 46, phố Lưu Quang Vũ",21.0152,105.7999,2024-11-15,0.4620287349306218,-0.2939845833134846,0.21427163763319715,-0.28029202253392577,30,156,156,156,-1.0765783661068646,0.5816884129777815,1.230811168777538,0,0,0,0,0,1,1,1,train
2161292,"Số 46, phố Lưu Quang Vũ",21.0152,105.7999,2024-11-16,-0.0338560699516122,-0.4217183172797635,-0.23755641628757057,0.7691477921417659,69,156,77,154,-1.299147429011747,0.3589791701006198,1.4518481109390484,0,0,0,0,0,1,1,1,train
2161292,"Số 46, phố Lưu Quang Vũ",21.0152,105.7999,2024-11-17,-0.11469126509519978,-0.3342474431485387,-0.060487272112552413,-0.025218021312042392,156,156,156,156,-1.5217164919166297,0.13626992722345807,1.672885053100559,0,0,0,0,0,1,1,1,train
2161292,"Số 46, phố Lưu Quang Vũ",21.0152,105.7999,2024-11-18,-0.1282466426629487,0.03814330647333844,0.684149284771433,-0.2235198175211885,12,84,41,156,-1.744285554821512,-0.08643931565370362,1.8939219952620698,45954,0,0,0,0,0,0,0,train
2161292,"Số 46, phố Lưu Quang Vũ",21.0152,105.7999,2024-11-19,-0.30009441337133586,0.047597781840647044,-0.4913038588759934,-0.9825958936037102,151,138,156,156,-1.558952973443142,0.1356362612492958,1.6831791949496213,0,0,0,0,0,1,1,1,train
2161292,"Số 46, phố Lưu Quang Vũ",21.0152,105.7999,2024-11-20,-0.10227110567765038,0.22346460525946885,0.32399829784352785,-0.7367961769545849,156,51,156,156,-1.3736203920647718,0.35771183815229507,1.4724363946371728,0,0,0,0,0,1,1,1,train
2161292,"Số 46, phố Lưu Quang Vũ",21.0152,105.7999,2024-11-21,-0.5014241089992202,0.36984083995216205,-0.479802514418288,0.32829880811455653,139,73,156,156,-1.1882878106864019,0.5797874150552945,1.2616935943247245,0,0,0,0,0,1,1,1,train
2161292,"Số 46, phố Lưu Quang Vũ",21.0152,105.7999,2024-11-22,0.1675289402843957,-0.33531651585283007,-1.115624825828915,0.6370260861478433,86,127,140,156,-1.0029552293080317,0.8018629919582938,1.050950794012276,0,0,0,0,0,1,1,1,train
2161292,"Số 46, phố Lưu Quang Vũ",21.0152,105.7999,2024-11-23,0.464559251383894,-0.1743842563013587,0.4979583508649773,-0.4345048345320892,16,81,83,156,-0.8176226479296618,1.0239385688612932,0.8402079936998277,45954,0,0,0,0,0,0,0,train
2161292,"Số 46, phố Lưu Quang Vũ",21.0152,105.7999,2024-11-24,0.8860336021085715,-0.10038574366398208,0.400495270325613,-0.8853100292341205,0,0,0,156,-0.7247742768568095,1.0378792177212197,0.72551446964829,0,1,1,1,0,1,1,1,train
2161292,"Số 46, phố Lưu Quang Vũ",21.0152,105.7999,2024-11-25,1.307507952833249,-0.026387231026605455,0.3030321897862487,-0.9791014935834121,3,137,65,156,-0.6319259057839574,1.0518198665811467,0.6108209455967524,0,0,0,0,0,1,1,1,train
2161292,"Số 46, phố Lưu Quang Vũ",21.0152,105.7999,2024-11-26,0.7799983317297586,-0.060519558892297605,0.2254220941940519,-0.4795241258549533,0,0,0,156,-0.5390775347111052,1.0657605154410732,0.4961274215452148,0,1,1,1,0,1,1,1,train
2161292,"Số 46, phố Lưu Quang Vũ",21.0152,105.7999,2024-11-27,0.2524887106262683,-0.09465188675798925,0.14781199860185518,0.5605672579887906,0,0,0,156,-0.4462291636382531,1.079701164301,0.3814338974936771,0,1,1,1,0,1,1,1,train
2161292,"Số 46, phố Lưu Quang Vũ",21.0152,105.7999,2024-11-28,-0.275020910477222,-0.1287842146236814,0.07020190300965838,-0.09220741958870945,84,103,104,156,-0.3533807925654009,1.0936418131609267,0.2667403734421396,45954,0,0,0,0,0,0,0,train
2161292,"Số 46, phố Lưu Quang Vũ",21.0152,105.7999,2024-11-29,0.21653590692446817,-0.05441957185734917,0.024650238276487952,-0.3367148472677578,124,77,132,156,-0.43821126665196314,0.9372575768313544,0.3633067721086337,0,0,0,0,0,1,1,1,train
2161292,"Số 46, phố Lưu Quang Vũ",21.0152,105.7999,2024-11-30,4.552572677896515,0.29222616162024756,2.085779349489245,-0.5891243012856485,156,90,156,156,-0.5230417407385255,0.780873340501782,0.4598731707751279,0,0,0,0,0,1,1,1,train
2161292,"Số 46, phố Lưu Quang Vũ",21.0152,105.7999,2024-12-01,1.4070004100639966,0.10559797599764305,0.4413416820881733,-0.821823153322697,26,65,125,156,-0.6078722148250878,0.6244891041722096,0.5564395694416221,0,0,0,0,0,1,1,1,train
2161292,"Số 46, phố Lưu Quang Vũ",21.0152,105.7999,2024-12-02,0.5722652512899317,-0.013147774657623425,0.25372965336230313,0.6756986607426768,0,0,0,153,-0.69270268891165,0.4681048678426372,0.6530059681081162,0,1,1,1,0,1,1,1,train
2161292,"Số 46, phố Lưu Quang Vũ",21.0152,105.7999,2024-12-03,-0.26246990748413296,-0.1318935253128894,0.06611762463643295,0.9713047160437892,0,77,10,156,-0.7775331629982123,0.31172063151306484,0.7495723667746105,45954,1,0,0,0,0,0,0,train
2161292,"Số 46, phố Lưu Quang Vũ",21.0152,105.7999,2024-12-04,-1.0972050662581976,-0.3316713051983367,0.9892640287395401,-0.12302774706905392,8,39,22,156,-0.7452911936066967,0.1312305487978064,0.6780612116543464,0,0,0,0,0,1,1,1,train
2161292,"Số 46, phố Lưu Quang Vũ",21.0152,105.7999,2024-12-05,-0.030696286396754237,-0.12304231240014805,-0.15928924990971818,-1.068237898708945,8,110,44,156,-0.7130492242151812,-0.049259533917452025,0.6065500565340823,0,0,0,0,0,1,1,1,train
2161292,"Số 46, phố Lưu Quang Vũ",21.0152,105.7999,2024-12-06,0.36672838915722,-0.5598043295068473,-0.10019832187918183,-0.7979764263477387,0,21,0,156,-0.6808072548236657,-0.2297496166327103,0.5350389014138184,0,1,0,1,0,1,1,1,train
2161292,"Số 46, phố Lưu Quang Vũ",21.0152,105.7999,2024-12-07,0.7641530647111937,-0.38798152813315007,-0.04110739384864551,0.16669462488904535,0,0,0,156,-0.6485652854321503,-0.4102396993479689,0.4635277462935543,0,1,1,1,0,1,1,1,train
2161292,"Số 46, phố Lưu Quang Vũ",21.0152,105.7999,2024-12-08,1.1615777402651675,-0.21615872675945272,0.01798353418189082,0.5595311513616815,0,0,0,156,-0.6163233160406348,-0.5907297820632271,0.3920165911732903,45954,1,1,1,0,0,0,0,train
2161292,"Số 46, phố Lưu Quang Vũ",21.0152,105.7999,2024-12-09,1.5590024158191418,-0.0443359253857554,0.07707446221242717,0.18984132218979569,4,16,10,156,-0.6200798949137672,-0.4715654914080756,0.41441074660489124,0,0,0,0,0,1,1,1,train
2161292,"Số 46, phố Lưu Quang Vũ",21.0152,105.7999,2024-12-10,3.42248254710055,0.24313363396011672,0.11103089557543054,-1.0705780896232393,69,122,99,156,-0.6238364737868999,-0.352401200752924,0.4368049020364922,0,0,0,0,0,1,1,1,train
2161292,"Số 46, phố Lưu Quang Vũ",21.0152,105.7999,2024-12-11,2.9863920301001685,-0.24410552359234736,-0.020592962482583715,-0.6187256499313614,0,46,0,156,-0.6275930526600323,-0.23323691009777267,0.45919905746809314,0,1,0,1,0,1,1,1,train
2161292,"Số 46, phố Lưu Quang Vũ",21.0152,105.7999,2024-12-12,2.550301513099787,-0.3687864004535431,-0.15221682054059796,-0.09312246744225589,0,2,0,156,-0.6313496315331649,-0.11407261944262112,0.4815932128996941,0,1,0,1,0,1,1,1,train
2161292,"Số 46, phố Lưu Quang Vũ",21.0152,105.7999,2024-12-13,2.114210996099405,-0.3290837128977341,-0.28384067859861223,0.36540949608948153,0,0,0,156,-0.6351062104062974,0.005091671212530443,0.5039873683312951,45954,1,1,1,0,0,0,0,train
2161292,"Số 46, phố Lưu Quang Vũ",21.0152,105.7999,2024-12-14,1.6781204790990238,-0.289381025341925,-0.4154645366566265,0.4436377113994721,0,70,0,156,-0.1394090673580988,0.2911852712803497,-0.055964380112835256,0,1,0,1,0,1,1,1,train
2161292,"Số 46, phố Lưu Quang Vũ",21.0152,105.7999,2024-12-15,1.2420299620986426,0.2523729311734218,-0.5470883947146408,0.1977895294347345,0,43,0,156,0.35628807569009985,0.5772788713481689,-0.6159161285569654,0,1,0,1,0,1,1,1,train
2161292,"Số 46, phố Lưu Quang Vũ",21.0152,105.7999,2024-12-16,0.805939445098261,0.17346500213646404,-0.678712252772655,-0.8156765687851985,143,98,156,156,0.8519852187382984,0.8633724714159883,-1.1758678770010957,0,0,0,0,0,1,1,1,train
2161292,"Số 46, phố Lưu Quang Vũ",21.0152,105.7999,2024-12-17,3.668357502630077,0.7323069403949466,0.6252806789786088,-0.3074999072382017,9,69,80,156,1.347682361786497,1.1494660714838074,-1.735819625445226,0,0,0,0,0,1,1,1,train
2161292,"Số 46, phố Lưu Quang Vũ",21.0152,105.7999,2024-12-18,0.25520766889446317,0.7207331374804254,-1.2881858545486429,0.9200242912304453,150,102,152,150,1.8433795048346957,1.4355596715516266,-2.295771373889356,45954,0,0,0,0,0,0,0,train
2161292,"Số 46, phố Lưu Quang Vũ",21.0152,105.7999,2024-12-19,1.2842547572703022,1.000136379638805,-0.09354933786369395,0.3169163215059668,149,122,155,156,1.6937697393779894,1.3656967564390237,-2.104199969735608,0,0,0,0,0,1,1,1,train
2161292,"Số 46, phố Lưu Quang Vũ",21.0152,105.7999,2024-12-20,2.8440373910167804,0.9429453535210093,2.126035415603263,-0.6233754535201553,139,53,143,156,1.544159973921283,1.295833841326421,-1.9126285655818593,0,0,0,0,0,1,1,1,train
2161292,"Số 46, phố Lưu Quang Vũ",21.0152,105.7999,2024-12-21,2.524170773812126,1.0805140109215483,0.6813588643342734,-1.0599129729248156,72,111,113,156,1.3945502084645767,1.225970926213818,-1.721057161428111,0,0,0,0,0,1,1,1,train
2161292,"Số 46, phố Lưu Quang Vũ",21.0152,105.7999,2024-12-22,6.132755237621889,1.6738237258789659,3.4366150363740453,-0.3538200279379605,41,22,156,156,1.24494044300787,1.1561080111012154,-1.5294857572743628,0,0,0,0,0,1,1,1,train
2161292,"Số 46, phố Lưu Quang Vũ",21.0152,105.7999,2024-12-23,0.47023331224101544,2.493699946365942,-0.10994380795750212,0.8777849919114239,84,18,156,156,1.0953306775511638,1.0862450959886125,-1.337914353120614,45954,0,0,0,0,0,0,0,train
2161292,"Số 46, phố Lưu Quang Vũ",21.0152,105.7999,2024-12-24,1.9881488773173737,-0.06864423872232323,0.6757525545707224,0.736261163996539,0,9,0,156,1.181226263460139,1.1533508794133573,-1.4479548440081333,0,1,0,1,0,1,1,1,train
2161292,"Số 46, phố Lưu Quang Vũ",21.0152,105.7999,2024-12-25,3.5060644423937317,0.9924556922482243,1.4614489170989469,0.4960365263748415,46,65,69,156,1.2671218493691143,1.220456662838102,-1.5579953348956523,0,0,0,0,0,1,1,1,train
2161292,"Số 46, phố Lưu Quang Vũ",21.0152,105.7999,2024-12-26,2.271865791114426,-0.020589420664198454,1.4859863093471524,-1.0428430288981263,0,135,12,156,1.3530174352780897,1.2875624462628463,-1.6680358257831718,0,1,0,0,0,1,1,1,train
2161292,"Số 46, phố Lưu Quang Vũ",21.0152,105.7999,2024-12-27,1.0376671398351216,-0.09895408622490146,0.4834411945873101,-0.7501966127596511,0,131,0,156,1.4389130211870655,1.3546682296875912,-1.7780763166706905,0,1,0,1,0,1,1,1,train
2161292,"Số 46, phố Lưu Quang Vũ",21.0152,105.7999,2024-12-28,-0.19653151144418304,0.8364657121730851,-0.5191039201725322,0.15723784137829355,139,127,155,156,1.524808607096041,1.4217740131123358,-1.88811680755821,45954,0,0,0,0,0,0,0,train
2161292,"Số 46, phố Lưu Quang Vũ",21.0152,105.7999,2024-12-29,1.558506867977358,0.8460025497742425,-2.760871543988119,0.5764533105165501,146,105,156,156,1.36685090441919,1.3505731075570349,-1.6732031391793931,0,0,0,0,0,1,1,1,train
2161292,"Số 46, phố Lưu Quang Vũ",21.0152,105.7999,2024-12-30,1.4289144677197672,0.8558095645928482,-2.754440627706129,0.3400533865865279,0,0,2,156,1.208893201742339,1.2793722020017342,-1.4582894708005758,0,1,1,0,0,1,1,1,train
2161292,"Số 46, phố Lưu Quang Vũ",21.0152,105.7999,2024-12-31,1.2993220674621768,0.8656165794114533,-1.041864504514216,-0.10045151012369381,0,0,0,156,1.0509354990654884,1.2081712964464333,-1.2433758024217592,0,1,1,1,0,1,1,1,train
2161292,"Số 46, phố Lưu Quang Vũ",21.0152,105.7999,2025-01-01,1.169729667204586,0.875423594230059,0.6707116186776974,-0.5778442752963516,156,102,156,156,0.8929777963886376,1.1369703908911322,-1.0284621340429418,0,0,0,0,0,1,1,1,train
2161292,"Số 46, phố Lưu Quang Vũ",21.0152,105.7999,2025-01-02,2.7504435516512107,0.6773358764743395,1.7098848971560725,-0.0008722180463708448,54,80,82,156,0.7350200937117869,1.0657694853358315,-0.8135484656641249,45954,0,0,0,0,0,0,0,train
2161292,"Số 46, phố Lưu Quang Vũ",21.0152,105.7999,2025-01-03,0.07304829103230802,1.1219073060523428,0.4825738744065711,1.1457078261595757,141,59,136,151,0.461588991360344,0.9266867410172709,-0.5322723790376935,0,0,0,0,0,1,1,1,train
2161292,"Số 46, phố Lưu Quang Vũ",21.0152,105.7999,2025-01-04,1.6379647801246577,1.0462046860698646,0.8492038257622878,0.4803428121698536,147,124,156,156,0.18815788900890112,0.7876039966987103,-0.25099629241126226,0,0,0,0,0,1,1,1,train
2161292,"Số 46, phố Lưu Quang Vũ",21.0152,105.7999,2025-01-05,0.24910707658662973,1.5482235010366021,0.3400891704077338,0.3081771533300961,156,29,156,156,-0.08527321334254187,0.6485212523801496,0.030279794215169048,0,0,0,0,0,1,1,1,train
2161292,"Số 46, phố Lưu Quang Vũ",21.0152,105.7999,2025-01-06,2.831384555013296,1.768072302777328,0.3705422986351157,-0.3081097997866086,156,93,156,156,-0.3587043156939847,0.5094385080615891,0.31155588084160035,0,0,0,0,0,1,1,1,train
2161292,"Số 46, phố Lưu Quang Vũ",21.0152,105.7999,2025-01-07,2.215026462038163,0.5575544616367832,-0.15156745544324116,-0.43954033005954474,0,21,9,156,-0.6321354180454278,0.3703557637430284,0.5928319674680319,45954,1,0,0,0,0,0,0,train
2161292,"Số 46, phố Lưu Quang Vũ",21.0152,105.7999,2025-01-08,1.5986683690630306,0.5666102165210063,-1.457567984509249,0.14363955779221127,0,39,17,156,-0.23337172225404362,0.5450917155471146,0.13358234591576587,0,1,0,0,0,1,1,1,train
2161292,"Số 46, phố Lưu Quang Vũ",21.0152,105.7999,2025-01-09,0.9823102760878972,0.41324519174660296,-2.7570141105357964,0.4982322470507305,0,5,13,156,0.16539197353734045,0.7198276673512005,-0.32566727563650005,0,1,0,0,0,1,1,1,train
2161292,"Số 46, phố Lưu Quang Vũ",21.0152,105.7999,2025-01-10,0.3659521831127644,0.5249875616595276,-1.363081179561732,0.3348452128423798,0,0,0,156,0.5641556693287249,0.8945636191552868,-0.7849168971887661,0,1,1,1,0,1,1,1,train
2161292,"Số 46, phố Lưu Quang Vũ",21.0152,105.7999,2025-01-11,-0.25040590986236844,0.636729931572452,0.030851751412332852,-0.696854008177022,39,63,66,156,0.9629193651201089,1.069299570959373,-1.2441665187410322,0,0,0,0,0,1,1,1,train
2161292,"Số 46, phố Lưu Quang Vũ",21.0152,105.7999,2025-01-12,0.23893121858582478,0.459277226068045,-0.031298628729723145,-0.34814035878857824,156,119,156,156,1.3616830609114927,1.2440355227634587,-1.703416140293298,45954,0,0,0,0,0,0,0,train
2161292,"Số 46, phố Lưu Quang Vũ",21.0152,105.7999,2025-01-13,4.838341137771576,0.7585777657672637,4.198212646565039,0.4207745048404129,156,133,156,156,1.2252760071646696,1.209693262310862,-1.5323446275332115,0,0,0,0,0,1,1,1,train
2161292,"Số 46, phố Lưu Quang Vũ",21.0152,105.7999,2025-01-14,0.1756931734540022,0.2878394181384568,4.54436245987218,0.9158359682254291,85,89,108,156,1.088868953417846,1.175351001858265,-1.3612731147731252,0,0,0,0,0,1,1,1,train
2161292,"Số 46, phố Lưu Quang Vũ",21.0152,105.7999,2025-01-15,0.16841714572354935,0.3816704566923572,-0.8606409952812797,0.6841217713436473,0,58,57,156,0.9524618996710226,1.1410087414056678,-1.1902016020130384,0,1,0,0,0,1,1,1,train
2161292,"Số 46, phố Lưu Quang Vũ",21.0152,105.7999,2025-01-16,0.16114111799309647,0.9314509128914202,0.9377152996808916,-0.3063722151995199,156,95,156,156,0.8160548459241989,1.1066664809530706,-1.0191300892529522,0,0,0,0,0,1,1,1,train
2161292,"Số 46, phố Lưu Quang Vũ",21.0152,105.7999,2025-01-17,4.842296893462414,1.1005623967986549,2.493474696796515,-0.4525458765647612,156,74,156,156,0.6796477921773755,1.0723242205004735,-0.8480585764928655,45954,0,0,0,0,0,0,0,train
2161292,"Số 46, phố Lưu Quang Vũ",21.0152,105.7999,2025-01-18,3.640445616044315,0.06843379066928222,1.0255321802203554,0.01831016275895386,0,4,0,156,0.3799375292528332,0.8074444369655074,-0.5100536628127684,0,1,0,1,0,1,1,1,train
2161292,"Số 46, phố Lưu Quang Vũ",21.0152,105.7999,2025-01-19,2.4385943386262157,0.7690852232037739,-0.4424103363558044,0.7348355431507941,0,0,9,150,0.08022726632829087,0.5425646534305412,-0.1720487491326714,0,1,1,0,0,1,1,1,train
2161292,"Số 46, phố Lưu Quang Vũ",21.0152,105.7999,2025-01-20,1.236743061208116,1.469736655738266,0.6705990567118031,0.3842724701590592,156,135,156,156,-0.2194829965962516,0.2776848698955749,0.16595616454742565,0,0,0,0,0,1,1,1,train
2161292,"Số 46, phố Lưu Quang Vũ",21.0152,105.7999,2025-01-21,1.5350489068729618,0.7462869750620258,0.7871138081372728,-0.3317783726808877,156,50,156,156,-0.5191932595207939,0.012805086360608675,0.5039610782275227,0,0,0,0,0,1,1,1,train
2161292,"Số 46, phố Lưu Quang Vũ",21.0152,105.7999,2025-01-22,1.180766728826956,0.4368407899469715,0.8158589403196357,0.010670529968037828,0,0,0,156,-0.8189035224453364,-0.25207469717435765,0.8419659919076198,45954,1,1,1,0,0,0,0,train
2161292,"Số 46, phố Lưu Quang Vũ",21.0152,105.7999,2025-01-23,0.8264845507809505,0.1273946048319172,0.8446040725019983,-0.19243939583321465,0,0,0,156,-0.2994179990205054,0.09601337386268831,0.1889991457785398,0,1,1,1,0,1,1,1,train
2161292,"Số 46, phố Lưu Quang Vũ",21.0152,105.7999,2025-01-24,0.472202372734945,-0.18205158028313712,0.8733492046843611,-0.2261800646602099,0,11,0,156,0.2200675244043254,0.44410144489973424,-0.46396770035054025,0,1,0,1,0,1,1,1,train
2161292,"Số 46, phố Lưu Quang Vũ",21.0152,105.7999,2025-01-25,0.11792019468893983,0.3042355934802632,0.9020943368667238,1.047705821802917,0,0,0,156,0.7395530478291563,0.7921895159367803,-1.1169345464796203,0,1,1,1,0,1,1,1,train
2161292,"Số 46, phố Lưu Quang Vũ",21.0152,105.7999,2025-01-26,-0.23636198335706576,0.7905227672436634,0.9308394690490867,0.22195906736354223,0,0,0,156,1.259038571253987,1.1402775869738262,-1.7699013926087,0,1,1,1,0,1,1,1,train
2161292,"Số 46, phố Lưu Quang Vũ",21.0152,105.7999,2025-01-27,-0.5906441614030711,1.2768099410070637,0.9595846012314494,-0.09550703263812746,118,104,135,156,1.7785240946788183,1.488365658010872,-2.42286823873778,45954,0,0,0,0,0,0,0,train
2161292,"Số 46, phố Lưu Quang Vũ",21.0152,105.7999,2025-01-28,-0.9648137383712788,0.8134367406875015,0.2259242663033285,-0.7928500322246431,27,97,101,156,1.2526867246122475,1.0421146178962912,-1.7714988543215564,0,0,0,0,0,1,1,1,train
2161292,"Số 46, phố Lưu Quang Vũ",21.0152,105.7999,2025-01-29,-0.38119368502136514,1.0334169947352319,0.9715772879729248,-0.579711996571942,0,16,12,156,0.7268493545456769,0.59586357778171,-1.1201294699053326,0,1,0,0,0,1,1,1,train
2161292,"Số 46, phố Lưu Quang Vũ",21.0152,105.7999,2025-01-30,0.20242636832854854,0.7695316701468706,3.320957895497001,0.8623683034198892,152,41,156,156,0.20101198447910618,0.14961253766712912,-0.46876008548910864,0,0,0,0,0,1,1,1,train
2161292,"Số 46, phố Lưu Quang Vũ",21.0152,105.7999,2025-01-31,-0.9762055028038575,0.14504730423143697,-0.1786040721830837,0.5970145190994961,32,73,52,156,-0.3248253855874645,-0.29663850244745205,0.1826092989271148,0,0,0,0,0,1,1,1,train
2161292,"Số 46, phố Lưu Quang Vũ",21.0152,105.7999,2025-02-01,0.011664553956287425,-0.19329184342282454,0.06498805135472165,-0.10326396164575623,2,56,20,156,-0.8506627556540347,-0.7428895425620329,0.8339786833433388,45954,0,0,0,0,0,0,0,train
2161292,"Số 46, phố Lưu Quang Vũ",21.0152,105.7999,2025-02-02,-0.2650965901592283,-0.1913099680804485,0.9328099856459213,-0.46667099276371393,0,1,0,156,-0.8247622969135333,-0.6431867758396067,0.7531935699063494,0,1,0,1,0,1,1,1,train
2161292,"Số 46, phố Lưu Quang Vũ",21.0152,105.7999,2025-02-03,-0.541857734274744,0.10436922419427533,1.800631919937121,-0.5517068678773914,0,0,0,156,-0.7988618381730318,-0.5434840091171804,0.6724084564693599,0,1,1,1,0,1,1,1,train
2161292,"Số 46, phố Lưu Quang Vũ",21.0152,105.7999,2025-02-04,-0.8186188783902599,0.40004841646899914,2.668453854228321,0.4061394651382417,84,54,145,149,-0.7729613794325303,-0.4437812423947542,0.5916233430323703,0,0,0,0,0,1,1,1,train
2161292,"Số 46, phố Lưu Quang Vũ",21.0152,105.7999,2025-02-05,-0.4722466319133952,0.43015890373003285,2.3321623693949607,0.7365812500828283,0,0,0,156,-0.7470609206920289,-0.3440784756723279,0.5108382295953807,0,1,1,1,0,1,1,1,train
2161292,"Số 46, phố Lưu Quang Vũ",21.0152,105.7999,2025-02-06,-0.12587438543653046,0.460269390991067,1.9958708845616,0.6774341251588423,0,0,0,156,-0.7211604619515274,-0.24437570894990168,0.4300531161583912,45954,1,1,1,0,0,0,0,train
2161292,"Số 46, phố Lưu Quang Vũ",21.0152,105.7999,2025-02-07,0.22049786104033384,0.4903798782521007,1.65957939972824,-0.15007581269190245,0,0,0,156,-0.8790940876239085,0.0010329918510731974,0.680242444382401,0,1,1,1,0,1,1,1,train
2161292,"Số 46, phố Lưu Quang Vũ",21.0152,105.7999,2025-02-08,0.5668701075171986,0.5204903655131349,1.3232879148948795,-0.3952512733811549,0,0,0,156,-1.0370277132962897,0.24644169265204807,0.9304317726064107,0,1,1,1,0,1,1,1,train
2161292,"Số 46, phố Lưu Quang Vũ",21.0152,105.7999,2025-02-09,0.9132423539940634,0.5506008527741686,0.9869964300615193,0.07329649703836398,0,2,0,156,-1.1949613389686708,0.49185039345302295,1.1806211008304204,0,1,0,1,0,1,1,1,train
2161292,"Số 46, phố Lưu Quang Vũ",21.0152,105.7999,2025-02-10,1.2596146004709277,0.7204711873956114,0.6507049452281591,0.6230786462445732,0,0,0,156,-1.352894964641052,0.7372590942539978,1.4308104290544303,0,1,1,1,0,1,1,1,train
2161292,"Số 46, phố Lưu Quang Vũ",21.0152,105.7999,2025-02-11,1.6059868469477925,0.8903415220170549,0.31441346039479867,-0.005399141306301952,65,146,152,156,-1.510828590313433,0.9826677950549727,1.68099975727844,45954,0,0,0,0,0,0,0,train
2161292,"Số 46, phố Lưu Quang Vũ",21.0152,105.7999,2025-02-12,1.5480778652931904,0.04778977857121355,-1.1505398731737766,-0.14612399326029912,0,9,5,156,-1.3603902536326613,0.6786343103200515,1.4436821657230392,0,1,0,0,0,1,1,1,train
2161292,"Số 46, phố Lưu Quang Vũ",21.0152,105.7999,2025-02-13,1.4901688836385882,0.2603522498423775,0.1778806796520589,-0.2114375905222754,0,31,9,156,-1.2099519169518895,0.37460082558513025,1.2063645741676388,0,1,0,0,0,1,1,1,train
2161292,"Số 46, phố Lưu Quang Vũ",21.0152,105.7999,2025-02-14,1.4322599019839861,0.6253549434542088,-1.1216272624300379,0.5458611850952992,0,19,6,156,-1.0595135802711175,0.0705673408502089,0.969046982612238,0,1,0,0,0,1,1,1,train
2161292,"Số 46, phố Lưu Quang Vũ",21.0152,105.7999,2025-02-15,1.374350920329384,0.5977670041468449,-1.082611969760912,1.2504067039237896,0,0,0,156,-0.9090752435903456,-0.23346614388471243,0.7317293910568372,0,1,1,1,0,1,1,1,train
2161292,"Số 46, phố Lưu Quang Vũ",21.0152,105.7999,2025-02-16,1.3164419386747819,0.570179064839481,-1.0435966770917857,0.8701379235914953,0,0,0,156,-0.7586369069095739,-0.5374996286196337,0.4944117995014366,45954,1,1,1,0,0,0,0,train
2161292,"Số 46, phố Lưu Quang Vũ",21.0152,105.7999,2025-02-17,1.2585329570201798,0.5425911255321177,-1.0045813844226599,1.0218748537362752,0,0,0,156,-0.746551856393172,-0.593811722692465,0.48180651124483165,0,1,1,1,0,1,1,1,train
2161292,"Số 46, phố Lưu Quang Vũ",21.0152,105.7999,2025-02-18,1.2006239753655776,0.5150031862247538,-0.9655660917535336,0.8319925250174989,0,0,0,156,-0.73446680587677,-0.6501238167652964,0.46920122298822664,0,1,1,1,0,1,1,1,train
2161292,"Số 46, phố Lưu Quang Vũ",21.0152,105.7999,2025-02-19,-0.22842894664203586,0.48741524691738997,-0.9265507990844076,0.8213433543933432,0,0,0,156,-0.7223817553603683,-0.7064359108381276,0.4565959347316216,0,1,1,1,0,1,1,1,train
2161292,"Số 46, phố Lưu Quang Vũ",21.0152,105.7999,2025-02-20,-0.22842894664203586,0.4598273076100261,-0.8875355064152814,0.629424586571984,0,5,0,146,-0.7102967048439665,-0.7627480049109591,0.44399064647501657,0,1,0,1,0,1,1,1,train
2161292,"Số 46, phố Lưu Quang Vũ",21.0152,105.7999,2025-02-21,-0.22842894664203586,0.5035243816925423,-0.8485202137461555,0.6473923184692104,0,0,0,156,-0.6982116543275645,-0.8190600989837903,0.43138535821841156,45954,1,1,1,0,0,0,0,train
2161292,"Số 46, phố Lưu Quang Vũ",21.0152,105.7999,2025-02-22,-0.22842894664203586,0.547221455775058,-0.03199496635406649,0.9500797745156102,0,0,0,156,-0.7220386012181793,-0.9774894661749292,0.46464614240924296,0,1,1,1,0,1,1,1,train
2161292,"Số 46, phố Lưu Quang Vũ",21.0152,105.7999,2025-02-23,-0.22842894664203586,0.5909185298575742,-0.03199496635406649,0.259062192897815,0,0,0,156,-0.745865548108794,-1.1359188333660681,0.4979069266000743,0,1,1,1,0,1,1,1,train
2161292,"Số 46, phố Lưu Quang Vũ",21.0152,105.7999,2025-02-24,-0.22842894664203586,0.6346156039400903,-0.03199496635406649,-0.4060878551703028,0,0,0,156,-0.7696924949994087,-1.294348200557207,0.5311677107909056,0,1,1,1,0,1,1,1,train
2161292,"Số 46, phố Lưu Quang Vũ",21.0152,105.7999,2025-02-25,0.7952611037833626,0.6783126780226061,-0.6924590430696512,-0.5026301069155081,0,0,0,156,-0.7935194418900235,-1.4527775677483459,0.5644284949817371,0,1,1,1,0,1,1,1,train
2161292,"Số 46, phố Lưu Quang Vũ",21.0152,105.7999,2025-02-26,0.7373521221287604,0.7220097521051222,-0.653443750400525,0.5151353097365085,0,5,0,156,-0.8173463887806381,-1.6112069349394846,0.5976892791725684,45954,1,0,1,0,0,0,0,train
2161292,"Số 46, phố Lưu Quang Vũ",21.0152,105.7999,2025-02-27,0.6794431404741583,-0.4833978124198332,-0.614428457731399,0.05039197700786334,0,1,0,156,-0.8252015767537174,-1.3203141120056134,0.6231068633182173,0,1,0,1,0,1,1,1,train
2161292,"Số 46, phố Lưu Quang Vũ",21.0152,105.7999,2025-02-28,0.6215341588195563,-0.23511440397110756,-0.575413165062273,0.3060372896396623,0,0,0,156,-0.8330567647267966,-1.029421289071742,0.6485244474638662,0,1,1,1,0,1,1,1,train
2161292,"Số 46, phố Lưu Quang Vũ",21.0152,105.7999,2025-03-01,0.5636251771649542,0.013169004477618092,-0.5363978723931468,0.40426337515981703,0,24,0,156,-0.840911952699876,-0.7385284661378712,0.673942031609515,0,1,0,1,0,1,1,1,train
2161292,"Số 46, phố Lưu Quang Vũ",21.0152,105.7999,2025-03-02,0.5057161955103521,0.003231537334973546,-0.4973825797240209,0.43837299851980494,0,116,0,156,-0.8487671406729551,-0.4476356432040001,0.6993596157551639,0,1,0,1,0,1,1,1,train
2161292,"Số 46, phố Lưu Quang Vũ",21.0152,105.7999,2025-03-03,0.44780721385575,0.12643739385913377,-0.4583672870548947,1.8101214358436513,0,0,0,156,-0.8566223286460344,-0.1567428202701289,0.7247771999008128,45954,1,1,1,0,0,0,0,train
2161292,"Số 46, phố Lưu Quang Vũ",21.0152,105.7999,2025-03-04,0.3898982322011479,0.24964325038329402,-0.41935199438576876,0.936986435017233,41,156,133,156,-0.8538870560796399,-0.0648447569194401,0.7542494729334656,0,0,0,0,0,1,1,1,train
2161292,"Số 46, phố Lưu Quang Vũ",21.0152,105.7999,2025-03-05,0.3957111631730671,0.6054721002126935,0.038446823547836344,1.1566327384500057,0,45,11,156,-0.8511517835132455,0.027053306431248616,0.7837217459661184,0,1,0,0,0,1,1,1,train
2161292,"Số 46, phố Lưu Quang Vũ",21.0152,105.7999,2025-03-06,0.40152409414498585,0.8950830776387083,-0.025093233032956394,-0.11109351397289755,0,0,0,156,-0.8484165109468511,0.11895136978193742,0.8131940189987712,0,1,1,1,0,1,1,1,train
2161292,"Số 46, phố Lưu Quang Vũ",21.0152,105.7999,2025-03-07,0.40733702511690506,1.1846940550647225,-0.08863328961374911,0.19913408360422652,0,26,0,156,-0.8456812383804565,0.21084943313262614,0.8426662920314242,0,1,0,1,0,1,1,1,train
2161292,"Số 46, phố Lưu Quang Vũ",21.0152,105.7999,2025-03-08,0.41314995608882377,1.2683384125379251,-0.15217334619454184,0.6862141411524172,0,0,0,145,-0.8429459658140621,0.30274749648331495,0.8721385650640769,45954,1,1,1,0,0,0,0,train
2161292,"Số 46, phố Lưu Quang Vũ",21.0152,105.7999,2025-03-09,0.41896288706074303,1.3519827700111267,-0.21571340277533457,0.3815867585727869,0,0,0,156,-0.8527623514331765,0.1715038949948062,0.847592859451984,0,1,1,1,0,1,1,1,train
2161292,"Số 46, phố Lưu Quang Vũ",21.0152,105.7999,2025-03-10,0.42477581803266223,1.4356271274843293,-0.27925345935612733,0.2931445646660362,0,0,0,156,-0.862578737052291,0.04026029350629737,0.8230471538398912,0,1,1,1,0,1,1,1,train
2161292,"Số 46, phố Lưu Quang Vũ",21.0152,105.7999,2025-03-11,0.43058874900458094,1.5192714849575308,-0.34279351593692003,0.8640528538723339,0,0,0,156,-0.8723951226714054,-0.09098330798221146,0.7985014482277983,0,1,1,1,0,1,1,1,train
2161292,"Số 46, phố Lưu Quang Vũ",21.0152,105.7999,2025-03-12,0.4364016799765002,1.6029158424307335,-0.4063335725177128,0.9502787719667747,0,42,0,156,-0.8822115082905198,-0.22222690947072019,0.7739557426157057,0,1,0,1,0,1,1,1,train
2161292,"Số 46, phố Lưu Quang Vũ",21.0152,105.7999,2025-03-13,0.4422146109484189,2.113215880016339,-0.46987362909850544,0.2523708662754565,0,20,0,156,-0.8920278939096341,-0.35347051095922893,0.7494100370036128,45954,1,0,1,0,0,0,0,train
2161292,"Số 46, phố Lưu Quang Vũ",21.0152,105.7999,2025-03-14,0.4480275419203381,0.7276469288392561,-0.5334136856792983,1.6278103867996874,12,71,50,156,-0.8082306495689818,-0.2054883760782586,0.6308177616171785,0,0,0,0,0,1,1,1,train
2161292,"Số 46, phố Lưu Quang Vũ",21.0152,105.7999,2025-03-15,0.21641479838108615,1.443375286453245,-0.20790653338845147,3.3065831047242655,0,5,2,156,-0.7244334052283297,-0.057506241197288456,0.5122254862307444,0,1,0,0,0,1,1,1,train
2161292,"Số 46, phố Lưu Quang Vũ",21.0152,105.7999,2025-03-16,-0.015197945158165324,1.7409271286575743,-1.720373755369315,1.166193634297715,0,8,8,156,-0.6406361608876773,0.09047589368368178,0.39363321084431013,0,1,0,0,0,1,1,1,train
2161292,"Số 46, phố Lưu Quang Vũ",21.0152,105.7999,2025-03-17,-0.24681068869741704,1.9804025052764274,-1.4722513363587473,1.401115142139847,0,0,0,156,-0.556838916547025,0.23845802856465204,0.2750409354578759,0,1,1,1,0,1,1,1,train
2161292,"Số 46, phố Lưu Quang Vũ",21.0152,105.7999,2025-03-18,-0.4784234322366688,2.2198778818952802,-1.2241289173481793,0.7656365203387684,0,0,0,156,-0.4730416722063727,0.38644016344562215,0.15644866007144168,45954,1,1,1,0,0,0,0,train
2161292,"Số 46, phố Lưu Quang Vũ",21.0152,105.7999,2025-03-19,-0.7100361757759205,2.4593532585141333,-0.9760064983376112,1.5798957183962548,19,98,111,156,-0.7362174601463134,0.5960656575781821,0.49929803334749895,0,0,0,0,0,1,1,1,train
2161292,"Số 46, phố Lưu Quang Vũ",21.0152,105.7999,2025-03-20,0.30748834688318877,1.380043092183572,0.20985818527954467,1.0967288319526611,90,112,117,156,-0.9993932480862542,0.8056911517107419,0.8421474066235562,0,0,0,0,0,1,1,1,train
2161292,"Số 46, phố Lưu Quang Vũ",21.0152,105.7999,2025-03-21,3.2047708466837572,1.5393736517370045,1.0748503799675835,0.1416566604708315,156,87,156,156,-1.262569036026195,1.0153166458433018,1.1849967798996135,0,0,0,0,0,1,1,1,train
2161292,"Số 46, phố Lưu Quang Vũ",21.0152,105.7999,2025-03-22,1.0682385257147111,1.744041075631463,0.3687079572099213,0.25074777091822453,156,86,156,156,-1.5257448239661355,1.2249421399758618,1.5278461531756709,0,0,0,0,0,1,1,1,train
2161292,"Số 46, phố Lưu Quang Vũ",21.0152,105.7999,2025-03-23,0.061570256109995725,1.7186805983935725,0.2613154693692063,0.41425323234996003,143,94,156,156,-1.7889206119060765,1.4345676341084217,1.870695526451728,45954,0,0,0,0,0,0,0,train
2161292,"Số 46, phố Lưu Quang Vũ",21.0152,105.7999,2025-03-24,-0.2731620351601988,1.7068624360037854,1.2717567944077708,1.435460119403099,137,90,137,137,-1.2356980904202282,0.9573169257338717,1.080370219715829,0,0,0,0,0,1,1,1,train
2161292,"Số 46, phố Lưu Quang Vũ",21.0152,105.7999,2025-03-25,2.4369959663553775,3.09433499112882,0.06578882276167826,1.900079033932423,156,145,156,156,-0.68247556893438,0.48006621735932176,0.2900449129799302,45954,0,0,0,0,0,0,0,train
2161292,"Số 46, phố Lưu Quang Vũ",21.0152,105.7999,2025-03-26,0.9956867565706581,1.963260978990533,0.07572283487072466,2.6308035274745944,0,38,11,156,-0.7185313084624525,0.45160171703825297,0.37045358921926436,0,1,0,0,0,1,1,1,train
2161292,"Số 46, phố Lưu Quang Vũ",21.0152,105.7999,2025-03-27,-0.44562245321406135,1.0877185246025192,-0.742325903586429,3.6424513850276674,3,21,6,156,-0.7545870479905249,0.4231372167171842,0.4508622654585986,0,0,0,0,0,1,1,1,train
2161292,"Số 46, phố Lưu Quang Vũ",21.0152,105.7999,2025-03-28,-0.4413681001338725,2.2343205450480883,-0.23589226960135548,2.4793937008832443,0,123,56,156,-0.7906427875185974,0.3946727163961154,0.5312709416979327,45954,1,0,0,0,0,0,0,train
2161292,"Số 46, phố Lưu Quang Vũ",21.0152,105.7999,2025-03-29,-0.4371137470536836,1.8377652069149368,-0.5484817637853623,0.37802384119779225,0,0,0,156,-0.7834635434835079,0.37130989515161855,0.5694329140900669,0,1,1,1,0,1,1,1,train
2161292,"Số 46, phố Lưu Quang Vũ",21.0152,105.7999,2025-03-30,-0.4328593939734945,1.4412098687817865,-0.8610712579693692,1.5205428771695868,0,4,0,156,-0.7762842994484185,0.34794707390712165,0.6075948864822012,0,1,0,1,0,1,1,1,train
2161292,"Số 46, phố Lưu Quang Vũ",21.0152,105.7999,2025-03-31,-0.42860504089330564,2.228175558779409,-1.1736607521533762,1.3781154085179539,0,13,35,156,-0.769105055413329,0.32458425266262486,0.6457568588743353,0,1,0,0,0,1,1,1,train
2161292,"Số 46, phố Lưu Quang Vũ",21.0152,105.7999,2025-04-01,-0.4243506878131168,1.6822824909290826,-0.027557896918520286,-0.11482895652407804,135,152,155,156,-0.7619258113782394,0.30122143141812796,0.6839188312664695,0,0,0,0,0,1,1,1,train
2161292,"Số 46, phố Lưu Quang Vũ",21.0152,105.7999,2025-04-02,0.5002917270213205,1.7391560679071414,0.6112462484127976,-0.05306700389732826,58,136,153,156,-0.7547465673431498,0.27785861017363106,0.7220808036586037,45954,0,0,0,0,0,0,0,train
2161292,"Số 46, phố Lưu Quang Vũ",21.0152,105.7999,2025-04-03,0.5853039362884183,2.569033572631863,0.33047944839216453,1.670099256312126,73,91,156,156,-0.7834151014653955,0.34853594441202035,0.7037419276891644,0,0,0,0,0,1,1,1,train
2161292,"Số 46, phố Lưu Quang Vũ",21.0152,105.7999,2025-04-04,1.6035679746589606,3.1783450151025128,0.09736324491956097,2.485229605726578,98,122,152,156,-0.8120836355876411,0.4192132786504097,0.685403051719725,0,0,0,0,0,1,1,1,train
2161292,"Số 46, phố Lưu Quang Vũ",21.0152,105.7999,2025-04-05,1.477763779268461,2.317936484823384,0.04438342360862849,1.4936229176490037,0,0,0,156,-0.8407521697098866,0.4898906128887991,0.6670641757502856,0,1,1,1,0,1,1,1,train
2161292,"Số 46, phố Lưu Quang Vũ",21.0152,105.7999,2025-04-06,1.3519595838779614,1.4575279545442557,-0.00859639770230399,0.7565551115969036,0,0,0,156,-0.8694207038321323,0.5605679471271884,0.6487252997808463,0,1,1,1,0,1,1,1,train
2161292,"Số 46, phố Lưu Quang Vũ",21.0152,105.7999,2025-04-07,1.2261553884874625,0.5971194242651271,-0.061576219013236476,0.7645212507100033,0,18,0,156,-0.8980892379543779,0.6312452813655777,0.630386423811407,45954,1,0,1,0,0,0,0,train
2161292,"Số 46, phố Lưu Quang Vũ",21.0152,105.7999,2025-04-08,1.100351193096963,1.004674211456862,-0.11455604032416895,0.5404551225104869,0,67,20,156,-1.1160711757081057,0.5078225280307135,0.9515735046264858,0,1,0,0,0,1,1,1,train
2161292,"Số 46, phố Lưu Quang Vũ",21.0152,105.7999,2025-04-09,0.9745469977064636,1.0859962812026127,-0.17767599218491453,1.07317229964013,0,0,0,144,-1.3340531134618332,0.38439977469584913,1.272760585441565,0,1,1,1,0,1,1,1,train
2161292,"Số 46, phố Lưu Quang Vũ",21.0152,105.7999,2025-04-10,0.8487428023159646,1.1673183509483627,-0.24079594404566018,1.069587717701687,0,11,0,156,-1.552035051215561,0.2609770213609849,1.5939476662566436,0,1,0,1,0,1,1,1,train
2161292,"Số 46, phố Lưu Quang Vũ",21.0152,105.7999,2025-04-11,0.722938606925465,1.4416102256006371,-0.3039158959064058,2.0375043325601268,0,39,7,156,-1.7700169889692885,0.13755426802612067,1.9151347470717228,0,1,0,0,0,1,1,1,train
2161292,"Số 46, phố Lưu Quang Vũ",21.0152,105.7999,2025-04-12,0.5971344115349655,2.244008743708141,-0.3922039319970491,0.4132952883621703,68,125,112,156,-1.9879989267230163,0.01413151469125638,2.2363218278868016,45954,0,0,0,0,0,0,0,train
2161292,"Số 46, phố Lưu Quang Vũ",21.0152,105.7999,2025-04-13,-0.9435859962937718,-0.1289126669817762,0.5661610413965571,-0.7498182070421907,63,84,89,156,-0.9832241309412347,0.23915404147932937,0.9662195436567528,0,0,0,0,0,1,1,1,train
2161292,"Số 46, phố Lưu Quang Vũ",21.0152,105.7999,2025-04-14,0.8923786697602452,-0.15288334970407846,-0.09236350685564014,-0.6038941883377741,60,1,137,156,0.02155066484054679,0.4641765682674022,-0.30388274057329634,45954,0,0,0,0,0,0,0,train
2161292,"Số 46, phố Lưu Quang Vũ",21.0152,105.7999,2025-04-15,0.07585918657721419,-0.16787109448400744,0.5046598809980796,0.7263038260477402,156,46,156,156,-0.5454673851279922,0.25549038087218384,0.4312177661527145,0,0,0,0,0,1,1,1,train
2161292,"Số 46, phố Lưu Quang Vũ",21.0152,105.7999,2025-04-16,1.5068521585114492,-0.1776503825020296,-0.03797821625645741,0.25950184467955184,141,119,149,156,-1.1124854350965312,0.046804193476965364,1.1663182728787254,0,0,0,0,0,1,1,1,train
2161292,"Số 46, phố Lưu Quang Vũ",21.0152,105.7999,2025-04-17,1.3989579705283204,-0.320763490942968,-0.6568034615076164,-0.4329482110125361,7,62,30,156,-1.6795034850650703,-0.16188199391825311,1.9014187796047362,45954,0,0,0,0,0,0,0,train
2161292,"Số 46, phố Lưu Quang Vũ",21.0152,105.7999,2025-04-18,-0.09127542428764236,-0.3761654566168472,0.21743593124467808,-1.0185678482272933,116,115,145,156,-1.747147090234572,-0.02411842589386677,1.9943740616495338,0,0,0,0,0,1,1,1,train
2161292,"Số 46, phố Lưu Quang Vũ",21.0152,105.7999,2025-04-19,2.844088645835823,-0.3788201386840955,0.4370205584544795,-1.239934356817896,1,0,27,156,-1.8147906954040742,0.11364514213051959,2.087329343694332,0,0,1,0,0,1,1,1,train
2161292,"Số 46, phố Lưu Quang Vũ",21.0152,105.7999,2025-04-20,0.4341562621181238,-0.3814748207513438,0.968851706949177,0.6509887554478863,129,34,154,156,-1.882434300573576,0.25140871015490596,2.18028462573913,0,0,0,0,0,1,1,1,train
2161292,"Số 46, phố Lưu Quang Vũ",21.0152,105.7999,2025-04-21,0.19562267152938678,-0.5643789788797728,-0.2712529890728539,0.2066732471687855,28,130,48,156,-1.9500779057430784,0.3891722781792923,2.2732399077839283,0,0,0,0,0,1,1,1,train
2161292,"Số 46, phố Lưu Quang Vũ",21.0152,105.7999,2025-04-22,0.8231549750613223,0.3696188437324469,-0.8093792992356615,-0.34575776445581846,76,136,99,156,-2.01772151091258,0.5269358462036786,2.3661951898287263,45954,0,0,0,0,0,0,0,train
2161292,"Số 46, phố Lưu Quang Vũ",21.0152,105.7999,2025-04-23,1.0735735942945264,0.6565186855070819,0.10111200025932447,-0.6178735203895802,142,121,154,156,-1.7887669270240696,0.5280840338790262,2.0505764375223943,0,0,0,0,0,1,1,1,train
2161292,"Số 46, phố Lưu Quang Vũ",21.0152,105.7999,2025-04-24,0.6561856419619074,0.33520642972713577,0.8278840312634138,0.7314753708530326,0,51,4,156,-1.5598123431355593,0.5292322215543738,1.7349576852160622,0,1,0,0,0,1,1,1,train
2161292,"Số 46, phố Lưu Quang Vũ",21.0152,105.7999,2025-04-25,0.23879768962928868,0.37681599390244136,-1.1836196953424718,0.3253261325136279,0,28,6,154,-1.3308577592470487,0.5303804092297212,1.4193389329097301,0,1,0,0,0,1,1,1,train
2161292,"Số 46, phố Lưu Quang Vũ",21.0152,105.7999,2025-04-26,-0.17859026270333012,0.33077959601893187,-0.2516113213865893,1.2058520585103072,0,21,13,156,-1.1019031753585382,0.5315285969050688,1.103720180603398,0,1,0,0,0,1,1,1,train
2161292,"Số 46, phố Lưu Quang Vũ",21.0152,105.7999,2025-04-27,-0.5959782150359489,1.0653399965862569,-0.4601130544097275,1.5885979748816017,7,39,20,156,-0.8729485914700279,0.5326767845804162,0.7881014282970659,45954,0,0,0,0,0,0,0,train
2161292,"Số 46, phố Lưu Quang Vũ",21.0152,105.7999,2025-04-28,0.9991855958381128,0.9799289964692047,-0.12290998127942862,-0.4158188424768707,2,23,14,156,-0.6092010821208079,0.6769371126239664,0.5470172981124697,0,0,0,0,0,1,1,1,train
2161292,"Số 46, phố Lưu Quang Vũ",21.0152,105.7999,2025-04-29,0.26684894111597685,0.49482934793847366,0.2448144898408311,-0.6735576297952448,0,56,7,156,-0.3454535727715879,0.8211974406675165,0.30593316792787334,0,1,0,0,0,1,1,1,train
2161292,"Số 46, phố Lưu Quang Vũ",21.0152,105.7999,2025-04-30,-0.46548771360615876,-0.23553003325716515,-0.12649765556211054,-1.5139014101679833,0,1,0,156,-0.08170606342236794,0.9654577687110665,0.06484903774327701,0,1,0,1,0,1,1,1,train
2161292,"Số 46, phố Lưu Quang Vũ",21.0152,105.7999,2025-05-01,-1.197824368328295,-0.177603746932534,-0.49780980096505223,-0.16096133758165937,88,75,109,156,0.182041445926852,1.1097180967546165,-0.17623509244131924,0,0,0,0,0,1,1,1,train
2161292,"Số 46, phố Lưu Quang Vũ",21.0152,105.7999,2025-05-02,-0.858602078672572,-0.4012245753500758,-0.16282494568128986,-0.47655081009678296,114,147,127,156,0.4457889552760717,1.2539784247981667,-0.4173192226259155,45954,0,0,0,0,0,0,0,train
2161292,"Số 46, phố Lưu Quang Vũ",21.0152,105.7999,2025-05-03,0.4315843865771264,-0.3689503067533615,-0.46288093919710355,-0.9547417449681466,27,51,60,156,-0.43449321211083497,1.1664238426824383,0.505334845224191,0,0,0,0,0,1,1,1,train
2161292,"Số 46, phố Lưu Quang Vũ",21.0152,105.7999,2025-05-04,-0.671347159707979,-0.20668088815362354,-1.0911864136898444,-1.4691201752197716,76,76,136,156,-1.3147753794977417,1.0788692605667096,1.4279889130742975,45954,0,0,0,0,0,0,0,train
2161292,"Số 46, phố Lưu Quang Vũ",21.0152,105.7999,2025-05-05,-0.11991621193223787,-0.04420010951669171,0.9474360022132475,-0.7834504485364762,150,148,156,156,-1.160702898229178,0.842463886754896,1.2032875492937207,0,0,0,0,0,1,1,1,train
2161292,"Số 46, phố Lưu Quang Vũ",21.0152,105.7999,2025-05-06,-0.5500486943803858,-0.07894933596838195,0.30095714250423505,0.9354027569222364,26,148,119,156,-1.0066304169606146,0.6060585129430823,0.9785861855131438,0,0,0,0,0,1,1,1,train
2161292,"Số 46, phố Lưu Quang Vũ",21.0152,105.7999,2025-05-07,-0.6122796584129366,-0.14228589380011417,0.1037020650485132,0.26821542989509617,60,146,108,156,-0.8525579356920509,0.36965313913126857,0.7538848217325668,45954,0,0,0,0,0,0,0,train
2161292,"Số 46, phố Lưu Quang Vũ",21.0152,105.7999,2025-05-08,0.7372290598132527,-0.05182488876840577,-0.17063902816866763,-0.44138171343718674,155,144,156,156,-0.27125104119295235,0.5881596725736594,0.10944392766690102,0,0,0,0,0,1,1,1,train
2161292,"Số 46, phố Lưu Quang Vũ",21.0152,105.7999,2025-05-09,-0.5381919573818167,0.15301189587844677,-0.7250194083037745,-0.4759665984919537,34,126,55,156,0.3100558533061461,0.8066662060160502,-0.5349969663987648,0,0,0,0,0,1,1,1,train
2161292,"Số 46, phố Lưu Quang Vũ",21.0152,105.7999,2025-05-10,-0.44115968923803667,0.15979196224169837,0.9542312332055581,0.2451366303216245,0,0,0,156,0.8913627478052445,1.025172739458441,-1.1794378604644307,0,1,1,1,0,1,1,1,train
2161292,"Số 46, phố Lưu Quang Vũ",21.0152,105.7999,2025-05-11,-0.34412742109425687,0.1665720286049495,2.6334818747148905,-0.5086211127134259,0,0,16,135,1.472669642304343,1.243679272900832,-1.823878754530096,0,1,1,0,0,1,1,1,train
2161292,"Số 46, phố Lưu Quang Vũ",21.0152,105.7999,2025-05-12,-0.2470951529504768,0.17335209496820111,-0.030790599832207378,0.22470065739826772,156,148,156,156,2.0539765368034413,1.4621858063432227,-2.4683196485957617,45954,0,0,0,0,0,0,0,train
2161292,"Số 46, phố Lưu Quang Vũ",21.0152,105.7999,2025-05-13,0.871605243305879,-0.020833507416843144,-0.12536398911800317,-0.44869367530498927,111,113,130,156,1.3800645571968417,1.2858289780978192,-1.6716836662767065,0,0,0,0,0,1,1,1,train
2161292,"Số 46, phố Lưu Quang Vũ",21.0152,105.7999,2025-05-14,-0.5523693705542179,0.2477805548296342,-0.7525563443767332,-1.0285155707530316,9,88,25,156,0.7061525775902419,1.1094721498524156,-0.8750476839576518,0,0,0,0,0,1,1,1,train
2161292,"Số 46, phố Lưu Quang Vũ",21.0152,105.7999,2025-05-15,-0.208635768627267,-0.5086369280879769,-0.7824372671064165,-1.9677220254310275,34,10,83,156,0.03224059798364222,0.933115321607012,-0.07841170163859672,0,0,0,0,0,1,1,1,train
2161292,"Số 46, phố Lưu Quang Vũ",21.0152,105.7999,2025-05-16,-0.8093272294750401,-0.6949413919503754,3.3118855870983235,-1.4856486693988447,0,16,2,156,-0.6416713816229574,0.7567584933616085,0.7182242806804585,0,1,0,0,0,1,1,1,train
2161292,"Số 46, phố Lưu Quang Vũ",21.0152,105.7999,2025-05-17,-1.4100186903228134,-1.2224935903015568,1.4334101267567503,0.44025575509201303,16,88,0,156,-1.315583361229557,0.580401665116205,1.5148602629995134,45954,0,0,1,0,0,0,0,train
2161292,"Số 46, phố Lưu Quang Vũ",21.0152,105.7999,2025-05-18,0.46521033984464766,-0.9577680072943312,-0.44506533358482303,-0.23453945068723292,41,111,103,156,-1.1634405098643785,0.4968411960925264,1.3214386039749668,0,0,0,0,0,1,1,1,train
2161292,"Số 46, phố Lưu Quang Vũ",21.0152,105.7999,2025-05-19,-1.2121570683822167,-0.9452230390991918,-0.35862065085362693,-0.8556020748109983,21,97,51,156,-1.0112976584991997,0.4132807270688478,1.12801694495042,0,0,0,0,0,1,1,1,train
2161292,"Số 46, phố Lưu Quang Vũ",21.0152,105.7999,2025-05-20,-0.27969968899322645,-0.8430690513642459,-0.05054182938238264,-1.5286132463429989,15,79,51,156,-0.859154807134021,0.3297202580451691,0.9345952859258734,0,0,0,0,0,1,1,1,train
2161292,"Số 46, phố Lưu Quang Vũ",21.0152,105.7999,2025-05-21,1.3532521188042448,-0.344853080731366,-0.4995304175941262,-1.3189261919990118,6,136,80,156,-0.7070119557688421,0.24615978902149055,0.7411736269013266,0,0,0,0,0,1,1,1,train
2161292,"Số 46, phố Lưu Quang Vũ",21.0152,105.7999,2025-05-22,2.773734553984652,-0.6076717871190875,0.4993887715828058,0.9949502955350977,2,66,21,156,-0.5548691044036637,0.16259931999781188,0.5477519678767798,45954,0,0,0,0,0,0,0,train
2161292,"Số 46, phố Lưu Quang Vũ",21.0152,105.7999,2025-05-23,2.1856858008158064,-0.6639915553459025,0.3886852802015861,0.30957214181196446,0,0,0,156,-0.6523032788671004,-0.29502645188882076,0.5572099030503876,0,1,1,1,0,1,1,1,train
2161292,"Số 46, phố Lưu Quang Vũ",21.0152,105.7999,2025-05-24,1.5976370476469615,-0.7203113235727174,0.27798178882036634,-0.1901115676057123,0,0,0,156,-0.7497374533305371,-0.7526522237754535,0.5666678382239954,45954,1,1,1,0,0,0,0,train
2161292,"Số 46, phố Lưu Quang Vũ",21.0152,105.7999,2025-05-25,1.0095882944781158,-0.7766310917995325,0.1672782974391466,-0.4566135588580869,0,8,0,156,-0.805804819542141,-0.9717733115899774,0.6033700954772577,0,1,0,1,0,1,1,1,train
2161292,"Số 46, phố Lưu Quang Vũ",21.0152,105.7999,2025-05-26,0.4215395413092707,-0.9365717318732513,0.05657480605792684,-1.2248435176941745,0,101,0,156,-0.8618721857537449,-1.1908943994045018,0.6400723527305201,0,1,0,1,0,1,1,1,train
2161292,"Số 46, phố Lưu Quang Vũ",21.0152,105.7999,2025-05-27,-0.16650921185957498,-0.9517372918070581,-0.05412868532329291,-0.6412841491087155,0,96,0,139,-0.9179395519653488,-1.4100154872190256,0.6767746099837822,45954,1,0,1,0,0,0,0,train
2161292,"Số 46, phố Lưu Quang Vũ",21.0152,105.7999,2025-05-28,-0.7545579650284202,-1.0144697690163367,-0.16483217670451267,0.16199750565478765,12,113,52,156,-0.6132380736617504,-1.0036836007541283,0.41990270351581427,0,0,0,0,0,1,1,1,train
2161292,"Số 46, phố Lưu Quang Vũ",21.0152,105.7999,2025-05-29,-1.0906090212591408,-1.11300077299103,0.14729759497213696,-0.27945004592332645,0,11,0,156,-0.30853659535815214,-0.597351714289231,0.16303079704784623,0,1,0,1,0,1,1,1,train
2161292,"Số 46, phố Lưu Quang Vũ",21.0152,105.7999,2025-05-30,-1.4266600774898612,-1.0017848941127028,0.45942736664878653,-1.26692275903927,10,66,21,156,-0.0038351170545538374,-0.19101982782433358,-0.09384110942012186,0,0,0,0,0,1,1,1,train
2161292,"Số 46, phố Lưu Quang Vũ",21.0152,105.7999,2025-05-31,-1.0733275514621985,-1.1262039572503986,-0.6087752242153324,-1.359028478473625,93,156,154,156,0.30086636124904453,0.2153120586405638,-0.35071301588808995,0,0,0,0,0,1,1,1,train
2161292,"Số 46, phố Lưu Quang Vũ",21.0152,105.7999,2025-06-01,-0.9985992920448071,-1.0056455556438355,-0.0069938839251519865,-0.14392406210412592,156,55,156,156,0.6055678395526428,0.6216439451054611,-0.6075849223560578,45954,0,0,0,0,0,0,0,train
2161292,"Số 46, phố Lưu Quang Vũ",21.0152,105.7999,2025-06-02,-1.1670100718158838,-0.9080926713767857,0.42170664253419793,0.9895177606753068,156,0,156,156,0.3041205677598178,0.38526105432114294,-0.2648084768270457,0,0,1,0,0,1,1,1,train
2161292,"Số 46, phố Lưu Quang Vũ",21.0152,105.7999,2025-06-03,-0.5315285769968392,-0.8105397871097366,-0.4338366030453433,-0.11300232475821204,7,32,102,156,0.002673295966992808,0.1488781635368248,0.07796796870196616,0,0,0,0,0,1,1,1,train
2161292,"Số 46, phố Lưu Quang Vũ",21.0152,105.7999,2025-06-04,0.8298982825176706,-0.4944618967414151,0.0179132650780917,-1.1519231353598123,54,116,84,156,-0.29877397582583204,-0.08750472724749338,0.4207444142309782,0,0,0,0,0,1,1,1,train
2161292,"Số 46, phố Lưu Quang Vũ",21.0152,105.7999,2025-06-05,-0.5014167506339197,-0.5299889281300052,-0.44366323941130426,-1.5365729054970791,16,85,77,156,-0.600221247618657,-0.32388761803181143,0.7635208597599901,0,0,0,0,0,1,1,1,train
2161292,"Số 46, phố Lưu Quang Vũ",21.0152,105.7999,2025-06-06,-1.2986397454599858,-0.8879624687110922,0.596091965825966,-1.5228226116281114,5,68,74,156,-0.9016685194114819,-0.5602705088161297,1.1062973052890024,45954,0,0,0,0,0,0,0,train
2161292,"Số 46, phố Lưu Quang Vũ",21.0152,105.7999,2025-06-07,-1.2472990986384376,-0.9254462849602278,-0.6408177087958571,0.5816390694254973,19,146,53,156,-0.34379705461673377,-0.15480046773823705,0.44550764405126125,0,0,0,0,0,1,1,1,train
2161292,"Số 46, phố Lưu Quang Vũ",21.0152,105.7999,2025-06-08,-0.5931749315930781,-0.8967337738936358,-0.9381689330418961,0.39532791480369145,18,44,43,156,0.21407441017801454,0.2506695733396555,-0.21528201718647977,0,0,0,0,0,1,1,1,train
2161292,"Số 46, phố Lưu Quang Vũ",21.0152,105.7999,2025-06-09,-0.5445981755863679,-0.6767657923641927,-0.8436449291558061,-0.7140813226370301,41,51,68,156,0.7719458749727626,0.6561396144175481,-0.8760716784242206,0,0,0,0,0,1,1,1,train
2161292,"Số 46, phố Lưu Quang Vũ",21.0152,105.7999,2025-06-10,-0.7165048132171615,-0.6428221885575222,-0.7107844127805518,-1.263923463721899,16,43,38,156,1.329817339767511,1.0616096554954406,-1.536861339661962,0,0,0,0,0,1,1,1,train
2161292,"Số 46, phố Lưu Quang Vũ",21.0152,105.7999,2025-06-11,-1.1488511486739126,-0.6334950746577928,-0.07737789279311594,-1.304387433439085,106,85,134,156,1.8876888045622593,1.467079696573333,-2.197651000899702,45954,0,0,0,0,0,0,0,train
2161292,"Số 46, phố Lưu Quang Vũ",21.0152,105.7999,2025-06-12,-1.2934142911494788,-1.2786976332262812,-0.8272463252005439,-0.7588399822441433,0,97,54,144,0.8477857759629013,0.9164071850482779,-1.0106935071589032,0,1,0,0,0,1,1,1,train
2161292,"Số 46, phố Lưu Quang Vũ",21.0152,105.7999,2025-06-13,-1.4379774336250448,-1.1272869388087565,-0.6396366919049397,0.32730439196111305,56,21,142,156,-0.19211725263645665,0.3657346735232228,0.1762639865818963,45954,0,0,0,0,0,0,0,train
2161292,"Số 46, phố Lưu Quang Vũ",21.0152,105.7999,2025-06-14,-0.9754252623452379,-0.801995932599483,-0.34110612524350875,-0.1661665960907881,86,23,143,156,-0.37209176275248834,-1.0068254726928194,0.37367832222367975,0,0,0,0,0,1,1,1,train
2161292,"Số 46, phố Lưu Quang Vũ",21.0152,105.7999,2025-06-15,-0.6256382631430727,-0.6037860351061235,-0.5919413496498064,-0.8823721292888376,94,113,122,156,-0.5520662728685201,-2.3793856189088616,0.5710926578654631,0,0,0,0,0,1,1,1,train
2161292,"Số 46, phố Lưu Quang Vũ",21.0152,105.7999,2025-06-16,-0.8030925161582901,-0.7371802635912815,-0.3377050561413731,-0.8585060520215091,0,0,0,156,-0.7320407829845518,-3.7519457651249035,0.7685069935072467,45954,1,1,1,0,0,0,0,train
2161292,"Số 46, phố Lưu Quang Vũ",21.0152,105.7999,2025-06-17,-0.9805467691735074,-0.8705744920764396,-0.08346876263293981,-1.1932835491772316,0,0,8,156,-0.6303424440032197,-3.448471718427706,0.6555841612799536,0,1,1,0,0,1,1,1,train
2161292,"Số 46, phố Lưu Quang Vũ",21.0152,105.7999,2025-06-18,-1.158001022188725,-1.003968720561597,1.1955101095031526,0.8580998917047856,66,0,137,156,-0.5286441050218876,-3.1449976717305077,0.5426613290526604,0,0,1,0,0,1,1,1,train
2161292,"Số 46, phố Lưu Quang Vũ",21.0152,105.7999,2025-06-19,-1.426581926575632,-1.1373629490467552,-0.660613870105972,0.09281747809860379,10,0,38,156,-0.4269457660405556,-2.841523625033309,0.4297384968253673,0,0,1,0,0,1,1,1,train
2161292,"Số 46, phố Lưu Quang Vũ",21.0152,105.7999,2025-06-20,-1.2217683462901903,-1.270757177531913,-0.5424949246136733,-0.7845535346478231,0,6,2,156,-0.3252474270592236,-2.5380495783361114,0.31681566459807414,0,1,0,0,0,1,1,1,train
2161292,"Số 46, phố Lưu Quang Vũ",21.0152,105.7999,2025-06-21,-1.0169547660047482,-1.241849226611568,-0.2918081238574453,-0.6050528169549982,0,0,0,156,-0.22354908807789148,-2.2345755316389138,0.20389283237078107,45954,1,1,1,0,0,0,0,train
2161292,"Số 46, phố Lưu Quang Vũ",21.0152,105.7999,2025-06-22,-0.8121411857193064,-1.2129412756912226,-0.041121323101217334,-1.0014421228022283,0,0,0,156,-0.22809237584254338,-1.449850974998279,0.16399218000195298,0,1,1,1,0,1,1,1,train
2161292,"Số 46, phố Lưu Quang Vũ",21.0152,105.7999,2025-06-23,-0.6073276054338644,-1.1840333247708774,0.20956547765501066,0.9895961771379056,6,0,49,156,-0.2326356636071953,-0.6651264183576447,0.1240915276331249,0,0,1,0,0,1,1,1,train
2161292,"Số 46, phố Lưu Quang Vũ",21.0152,105.7999,2025-06-24,-0.7868309940275318,-1.1551253738505323,-0.6363028111332726,0.363546575060031,8,35,31,156,-0.23717895137184714,0.11959813828298956,0.08419087526429683,0,0,0,0,0,1,1,1,train
2161292,"Số 46, phố Lưu Quang Vũ",21.0152,105.7999,2025-06-25,-0.571841761902382,-0.8842970765820704,-0.03199496635406649,-0.38776199355641733,115,105,132,156,-0.24172223913649904,0.904322694923624,0.044290222895468745,0,0,0,0,0,1,1,1,train
2161292,"Số 46, phố Lưu Quang Vũ",21.0152,105.7999,2025-06-26,-0.61626839987944,-1.2223427746879112,-0.5247538331622863,-1.2635834002504314,33,96,122,156,-0.24626552690115094,1.689047251564258,0.004389570526640669,45954,0,0,0,0,0,0,0,train
2161292,"Số 46, phố Lưu Quang Vũ",21.0152,105.7999,2025-06-27,-0.013414954040920158,-1.280819733453554,-0.3824083703308324,-0.8828982900165564,0,0,0,156,-0.3421388304352073,0.7100179456231824,0.12030512317363648,0,1,1,1,0,1,1,1,train
2161292,"Số 46, phố Lưu Quang Vũ",21.0152,105.7999,2025-06-28,0.5894384917975997,-1.339296692219197,-0.24006290749937859,-1.1022946521728814,0,0,0,148,-0.4380121339692638,-0.2690113603178931,0.2362206758206323,0,1,1,1,0,1,1,1,train
2161292,"Số 46, phố Lưu Quang Vũ",21.0152,105.7999,2025-06-29,1.1922919376361196,-1.3977736509848395,-0.09771744466792472,0.395277082959267,1,2,16,156,-0.5338854375033202,-1.2480406662589687,0.35213622846762804,0,0,0,0,0,1,1,1,train
2161292,"Số 46, phố Lưu Quang Vũ",21.0152,105.7999,2025-06-30,0.9138425138692136,-1.3637640483020383,-1.237043557910649,-0.09985084479803753,19,2,75,156,-0.6297587410373766,-2.2270699722000447,0.46805178111462387,0,0,0,0,0,1,1,1,train
2161292,"Số 46, phố Lưu Quang Vũ",21.0152,105.7999,2025-07-01,0.4459935882565023,-1.028402895391284,-1.817690830945194,-1.1054402691455203,0,57,2,156,-0.725632044571433,-3.2060992781411204,0.5839673337616197,45954,1,0,0,0,0,0,0,train
2161292,"Số 46, phố Lưu Quang Vũ",21.0152,105.7999,2025-07-02,-0.021855337356208492,-1.171913724332331,-1.462073998148581,-1.1824571800423902,0,0,0,156,-0.798178649480286,-3.5352775457791026,0.7613673618181355,0,1,1,1,0,1,1,1,train
2161292,"Số 46, phố Lưu Quang Vũ",21.0152,105.7999,2025-07-03,-0.4897042629689198,-1.315424553273378,-1.1064571653519681,-0.9040100562236199,0,0,0,156,-0.870725254389139,-3.8644558134170843,0.9387673898746512,45954,1,1,1,0,0,0,0,train
2161292,"Số 46, phố Lưu Quang Vũ",21.0152,105.7999,2025-07-04,-0.9575531885816311,-1.4589353822144249,-0.750840332555355,0.5356796614675362,15,26,80,156,-1.1014785571928294,-3.5108329367109365,1.329797402645643,0,0,0,0,0,1,1,1,train
2161292,"Số 46, phố Lưu Quang Vũ",21.0152,105.7999,2025-07-05,-0.9715273586296894,-1.137240769309119,-0.2600291540486264,-0.5166219211003555,96,150,130,156,-1.3322318599965202,-3.157210060004789,1.7208274154166352,0,0,0,0,0,1,1,1,train
2161292,"Số 46, phố Lưu Quang Vũ",21.0152,105.7999,2025-07-06,-0.9243578265525739,-1.2350205588031977,-0.48056467986173546,-0.6066378089587359,6,11,21,156,-1.5629851628002105,-2.8035871832986414,2.1118574281876272,45954,0,0,0,0,0,0,0,train
2161292,"Số 46, phố Lưu Quang Vũ",21.0152,105.7999,2025-07-07,-0.44918504383495483,-1.0166976401697518,-0.032761573808977894,-1.1880356782187014,90,139,132,156,-1.4139464307178498,-2.281825768959186,1.8105554506947532,0,0,0,0,0,1,1,1,train
2161292,"Số 46, phố Lưu Quang Vũ",21.0152,105.7999,2025-07-08,-0.16953366915554235,-0.9530452695340479,-0.2855502134556307,-1.5435099853117726,24,65,139,156,-1.2649076986354892,-1.760064354619731,1.5092534732018794,0,0,0,0,0,1,1,1,train
2161292,"Số 46, phố Lưu Quang Vũ",21.0152,105.7999,2025-07-09,-0.8419202839305532,-1.1194351179686988,0.36307362614519795,0.9399274405649951,111,114,146,156,-1.1158689665531285,-1.2383029402802763,1.2079514957090056,0,0,0,0,0,1,1,1,train
2161292,"Số 46, phố Lưu Quang Vũ",21.0152,105.7999,2025-07-10,-0.49182194975514354,-0.923239686171841,-0.26210509089576306,0.33428051576851336,124,57,156,156,-0.966830234470768,-0.7165415259408212,0.9066495182161316,0,0,0,0,0,1,1,1,train
2161292,"Số 46, phố Lưu Quang Vũ",21.0152,105.7999,2025-07-11,-0.7577064572985922,-0.6103278327994867,-0.16169112806925307,-0.6530383169842052,1,11,17,156,-0.8177915023884073,-0.19478011160136657,0.6053475407232578,45954,0,0,0,0,0,0,0,train
2161292,"Số 46, phố Lưu Quang Vũ",21.0152,105.7999,2025-07-12,-1.3514977379539062,-0.5767417683589736,-0.24189438497062837,-0.9563125825913543,17,125,0,156,-0.7398564600360253,-0.767367665296623,0.5898037839902447,0,0,0,1,0,1,1,1,train
2161292,"Số 46, phố Lưu Quang Vũ",21.0152,105.7999,2025-07-13,-1.0101524330405345,-0.8701482266078622,-0.3220976418720036,-1.460549429054792,28,85,108,156,-0.6619214176836434,-1.3399552189918793,0.5742600272572317,0,0,0,0,0,1,1,1,train
2161292,"Số 46, phố Lưu Quang Vũ",21.0152,105.7999,2025-07-14,-0.7278392965819246,-0.8917402225631079,0.14947209766985797,-1.317230055260395,0,0,0,145,-0.5839863753312614,-1.9125427726871354,0.5587162705242186,0,1,1,1,0,1,1,1,train
2161292,"Số 46, phố Lưu Quang Vũ",21.0152,105.7999,2025-07-15,-0.44552616012331464,-0.9133322185183532,0.6210418372117196,0.5448732750297418,9,43,70,156,-0.5060513329788795,-2.485130326382392,0.5431725137912055,0,0,0,0,0,1,1,1,train
2161292,"Số 46, phố Lưu Quang Vũ",21.0152,105.7999,2025-07-16,0.9463517717681551,-1.0133961963886675,-0.09111080148127872,-0.36783674666576577,1,0,22,156,-0.4281162906264976,-3.057717880077648,0.5276287570581923,45954,0,1,0,0,0,0,0,train
2161292,"Số 46, phố Lưu Quang Vũ",21.0152,105.7999,2025-07-17,-0.8156598005923997,-1.1134601742589816,-0.08477583032037514,-0.6445991408627179,98,145,124,156,-0.4599008611434368,-3.2914340838984892,0.5042754945481623,0,0,0,0,0,1,1,1,train
2161292,"Số 46, phố Lưu Quang Vũ",21.0152,105.7999,2025-07-18,-1.0024782923736348,-0.9671840287709991,-0.07725601655711002,-1.4087491741649367,57,117,155,156,-0.4916854316603761,-3.525150287719331,0.4809222320381323,0,0,0,0,0,1,1,1,train
2161292,"Số 46, phố Lưu Quang Vũ",21.0152,105.7999,2025-07-19,-0.5947527934766309,-0.9054788977038335,0.604209265016047,-1.2898507054653947,2,0,142,156,-0.5234700021773152,-3.7588664915401733,0.4575689695281023,0,0,1,0,0,1,1,1,train
2161292,"Số 46, phố Lưu Quang Vũ",21.0152,105.7999,2025-07-20,-0.6435868702492265,-0.8437737666366679,0.1598626485540049,0.4043998574303074,0,0,0,156,-0.5552545726942545,-3.9925826953610146,0.4342157070180722,0,1,1,1,0,1,1,1,train
2161292,"Số 46, phố Lưu Quang Vũ",21.0152,105.7999,2025-07-21,-0.6924209470218219,-0.7820686355695018,-0.2844839679080372,0.17542381650358654,0,0,0,156,-0.5870391432111938,-4.226298899181856,0.4108624445080422,45954,1,1,1,0,0,0,0,train
2161292,"Số 46, phố Lưu Quang Vũ",21.0152,105.7999,2025-07-22,-0.7412550237944173,-0.7203635045023362,-0.7288305843700794,-0.3669517694054551,0,46,0,156,-0.7385922933332284,-2.157092048018241,0.7455593372754397,0,1,0,1,0,1,1,1,train
2161292,"Số 46, phố Lưu Quang Vũ",21.0152,105.7999,2025-07-23,-0.7900891005670128,-1.0188974208924193,-1.1731772008321215,-1.3231453918594456,8,101,33,156,-0.890145443455263,-0.08788519685462551,1.080256230042837,45954,0,0,0,0,0,0,0,train
2161292,"Số 46, phố Lưu Quang Vũ",21.0152,105.7999,2025-07-24,-0.8130138762143811,-1.1259009624099785,-0.25697598049355924,-1.734769827899429,0,11,47,156,-0.9515427469167526,0.14739382254058428,1.1458725751068168,0,1,0,0,0,1,1,1,train
2161292,"Số 46, phố Lưu Quang Vũ",21.0152,105.7999,2025-07-25,-0.8359386518617493,-1.0370857020808357,0.19481841821338727,0.694042827494252,0,0,1,156,-1.0129400503782418,0.3826728419357941,1.2114889201707968,0,1,1,0,0,1,1,1,train
2161292,"Số 46, phố Lưu Quang Vũ",21.0152,105.7999,2025-07-26,-0.8588634275091177,-0.9482704417516928,-0.10125603007260846,-0.49669673393282854,89,155,134,156,-1.0743373538397312,0.617951861331004,1.277105265234776,45954,0,0,0,0,0,0,0,train
2161292,"Số 46, phố Lưu Quang Vũ",21.0152,105.7999,2025-07-27,-1.02269248306514,-0.9505804024163353,-0.19042257131729068,-0.7693138654976004,132,154,153,156,-0.7099908283219805,0.3644946575789464,0.892995605104469,0,0,0,0,0,1,1,1,train
2161292,"Số 46, phố Lưu Quang Vũ",21.0152,105.7999,2025-07-28,-0.8640838070849346,-0.70037402671302,0.16141856190984272,-1.0637325056354316,118,154,150,156,-0.3456443028042298,0.11103745382688886,0.5088859449741614,0,0,0,0,0,1,1,1,train
2161292,"Số 46, phố Lưu Quang Vũ",21.0152,105.7999,2025-07-29,-0.31644482793808404,-0.5067185971180721,-0.07082080943070973,-1.4340194615378414,134,72,156,156,0.01870222271352079,-0.1424197499251686,0.1247762848438539,0,0,0,0,0,1,1,1,train
2161292,"Số 46, phố Lưu Quang Vũ",21.0152,105.7999,2025-07-30,-0.8960902856444433,-0.5844107286765284,0.7613192568752222,-1.0566745462165494,1,0,128,141,0.3830487482312715,-0.39587695367722603,-0.25933337528645345,0,0,1,0,0,1,1,1,train
2161292,"Số 46, phố Lưu Quang Vũ",21.0152,105.7999,2025-07-31,-0.4383657094754313,-0.6621028602349848,-0.44060855417694306,0.35830210831960296,127,45,151,156,0.7473952737490219,-0.6493341574292835,-0.643443035416761,45954,0,0,0,0,0,0,0,train
2161292,"Số 46, phố Lưu Quang Vũ",21.0152,105.7999,2025-08-01,-0.7822547251522698,-0.7121826438108083,-0.9444521233728279,-0.4533000004590751,91,74,130,156,0.6115293791622036,-0.653294365965,-0.5315955775973762,0,0,0,0,0,1,1,1,train
2161292,"Số 46, phố Lưu Quang Vũ",21.0152,105.7999,2025-08-02,-0.7752094709818541,-0.4275676722189843,-0.44371861338667495,-0.8549564678340811,126,153,153,156,0.47566348457538543,-0.6572545745007162,-0.4197481197779913,0,0,0,0,0,1,1,1,train
2161292,"Số 46, phố Lưu Quang Vũ",21.0152,105.7999,2025-08-03,-1.1330589549230874,-0.7710871862043979,0.20332926566521653,-0.8359784894226969,144,115,155,156,0.3397975899885672,-0.6612147830364327,-0.30790066195860655,0,0,0,0,0,1,1,1,train
2161292,"Số 46, phố Lưu Quang Vũ",21.0152,105.7999,2025-08-04,-0.8242193555943734,-0.5570042862785287,-0.08193803617980103,-0.07637780541369603,156,9,156,156,0.20393169540174896,-0.665174991572149,-0.19605320413922162,0,0,0,0,0,1,1,1,train
2161292,"Số 46, phố Lưu Quang Vũ",21.0152,105.7999,2025-08-05,-0.2472758135054482,-0.7312369557064938,0.5112641365065344,0.7527289197578947,0,0,0,156,0.0680658008149306,-0.6691352001078654,-0.08420574631983684,45954,1,1,1,0,0,0,0,train
2161292,"Số 46, phố Lưu Quang Vũ",21.0152,105.7999,2025-08-06,0.32966772858347704,-0.9054696251344595,1.10446630919287,-0.2669991480762626,0,0,0,156,0.19007311526206927,-0.3854516391226796,-0.23039774234124644,0,1,1,1,0,1,1,1,train
2161292,"Số 46, phố Lưu Quang Vũ",21.0152,105.7999,2025-08-07,0.9066112706724023,-1.0797022945624246,1.6976684818792052,-0.849985712173691,1,0,5,156,0.3120804297092079,-0.10176807813749383,-0.376589738362656,0,0,1,0,0,1,1,1,train
2161292,"Số 46, phố Lưu Quang Vũ",21.0152,105.7999,2025-08-08,-0.9614829362573608,-1.25393496399039,0.2864621381424385,-1.3725211267830724,99,125,125,156,0.4340877441563466,0.18191548284769204,-0.5227817343840656,0,0,0,0,0,1,1,1,train
2161292,"Số 46, phố Lưu Quang Vũ",21.0152,105.7999,2025-08-09,-0.9227528148384284,-1.0080422421043795,0.15532854093608395,-1.0248269511315369,127,151,156,156,0.5560950586034851,0.4655990438328779,-0.6689737304054753,0,0,0,0,0,1,1,1,train
2161292,"Số 46, phố Lưu Quang Vũ",21.0152,105.7999,2025-08-10,-0.5876309108123932,-0.8657297109398391,0.1849096744051558,0.3509951072038374,0,0,0,156,0.6781023730506239,0.7492826048180637,-0.8151657264268849,0,1,1,1,0,1,1,1,train
2161292,"Số 46, phố Lưu Quang Vũ",21.0152,105.7999,2025-08-11,-0.25250900678635785,-0.7234171797752992,0.21449080787422764,0.0190338875828467,87,126,116,156,0.8001096874977627,1.0329661658032496,-0.9613577224482944,0,0,0,0,0,1,1,1,train
2161292,"Số 46, phố Lưu Quang Vũ",21.0152,105.7999,2025-08-12,-0.3492654208102693,-0.8201349873534265,-0.05394187519391934,-0.5159405399718034,118,152,122,156,0.9221170019449012,1.3166497267884354,-1.107549718469704,45954,0,0,0,0,0,0,0,train
2161292,"Số 46, phố Lưu Quang Vũ",21.0152,105.7999,2025-08-13,-0.18599039941405038,-0.7576531422398757,0.09104523945165736,-0.34146098425653026,82,103,112,156,0.3299828804000538,0.2611787719870063,-0.4855784594839714,0,0,0,0,0,1,1,1,train
2161292,"Số 46, phố Lưu Quang Vũ",21.0152,105.7999,2025-08-14,-0.18658575641347414,-0.9532560386722233,-0.186764906283295,-1.3142521408216306,0,0,5,156,-0.2621512411447935,-0.7942921828144227,0.13639279950176128,0,1,1,0,0,1,1,1,train
2161292,"Số 46, phố Lưu Quang Vũ",21.0152,105.7999,2025-08-15,-0.1871811134128979,-1.1488589351045706,-0.37265971166404505,-1.155087624839824,0,0,0,155,-0.8542853626896407,-1.8497631376158516,0.758364058487494,45954,1,1,1,0,0,0,0,train
2161292,"Số 46, phố Lưu Quang Vũ",21.0152,105.7999,2025-08-16,-0.18777647041232162,-1.344461831536918,-0.5585545170447951,0.2510755612875871,0,21,6,156,-0.6503470184458555,-1.1532087889814702,0.510737880929967,0,1,0,0,0,1,1,1,train
2161292,"Số 46, phố Lưu Quang Vũ",21.0152,105.7999,2025-08-17,-0.18837182741174516,-1.2925537836392975,1.0256976393333745,-0.34600035978794036,0,0,7,156,-0.44640867420207037,-0.4566544403470888,0.26311170337244005,0,1,1,0,0,1,1,1,train
2161292,"Số 46, phố Lưu Quang Vũ",21.0152,105.7999,2025-08-18,-0.1889671844111689,-1.240645735741677,0.5863839381430754,-0.8895676907867965,0,0,0,156,-0.24247032995828513,0.23989990828729263,0.015485525814913026,0,1,1,1,0,1,1,1,train
2161292,"Số 46, phố Lưu Quang Vũ",21.0152,105.7999,2025-08-19,-0.18956254141059264,-1.1887376878440565,0.14707023695277646,-1.4032369686569306,0,0,0,156,-0.03853198571449979,0.936454256921674,-0.23214065174261386,0,1,1,1,0,1,1,1,train
2161292,"Số 46, phố Lưu Quang Vũ",21.0152,105.7999,2025-08-20,-0.1901578984100164,-1.1368296399464362,-0.29224346423752257,-1.5023853583902704,83,24,136,156,0.16540635852928542,1.633008605556055,-0.47976682930014103,45954,0,0,0,0,0,0,0,train
2161292,"Số 46, phố Lưu Quang Vũ",21.0152,105.7999,2025-08-21,-0.4489642294417469,-1.1831699190189109,0.030968673991575248,0.7757694144123265,0,0,0,156,0.03608384488656647,0.7419904771476534,-0.31705851856121914,0,1,1,1,0,1,1,1,train
2161292,"Số 46, phố Lưu Quang Vũ",21.0152,105.7999,2025-08-22,-0.7077705604734774,-1.2295101980913858,0.35418081222067305,-0.13110434410109975,77,63,111,156,-0.09323866875615248,-0.1490276512607481,-0.15435020782229733,0,0,0,0,0,1,1,1,train
2161292,"Số 46, phố Lưu Quang Vũ",21.0152,105.7999,2025-08-23,-0.705332911665036,-1.3359989756473696,-0.01316911709788522,-0.5221925955473443,64,85,76,156,-0.22256118239887135,-1.0400457796691498,0.008358102916624664,0,0,0,0,0,1,1,1,train
2161292,"Số 46, phố Lưu Quang Vũ",21.0152,105.7999,2025-08-24,-1.7015762172298405,-1.268346445855984,-0.707514859776997,-1.0582046526687805,6,31,18,156,-0.3518836960415903,-1.9310639080775511,0.1710664136555465,0,0,0,0,0,1,1,1,train
2161292,"Số 46, phố Lưu Quang Vũ",21.0152,105.7999,2025-08-25,-1.362467236884622,-1.2279223728570765,-0.4492310333304856,-0.8940852673777276,0,0,0,156,-0.48120620968430916,-2.822082036485953,0.3337747243944685,45954,1,1,1,0,0,0,0,train
2161292,"Số 46, phố Lưu Quang Vũ",21.0152,105.7999,2025-08-26,-1.0233582565394035,-1.187498299858169,-0.19094720688397418,0.4720777140257915,0,0,0,156,-0.3794342795551156,-2.1077834564422373,0.2606066142478767,0,1,1,1,0,1,1,1,train
2161292,"Số 46, phố Lưu Quang Vũ",21.0152,105.7999,2025-08-27,-0.684249276194185,-1.147074226859261,0.06733661956253736,0.15111707216140283,0,0,1,156,-0.277662349425922,-1.3934848763985213,0.18743850410128482,0,1,1,0,0,1,1,1,train
2161292,"Số 46, phố Lưu Quang Vũ",21.0152,105.7999,2025-08-28,-0.34514029584896655,-1.1066501538603537,-0.26421757549690855,-0.5708734519162596,81,101,96,156,-0.17589041929672844,-0.6791862963548054,0.11427039395469299,0,0,0,0,0,1,1,1,train
2161292,"Số 46, phố Lưu Quang Vũ",21.0152,105.7999,2025-08-29,-0.9377123714949579,-1.2240320186497529,-0.37191306782381045,-1.1598724026902123,3,72,21,156,-0.07411848916753486,0.035112283688910687,0.041102283808101214,0,0,0,0,0,1,1,1,train
2161292,"Số 46, phố Lưu Quang Vũ",21.0152,105.7999,2025-08-30,-0.921990272517041,-1.6906563454254186,0.8869294802770354,-1.5610113691905663,0,59,6,156,0.027653440961658587,0.7494108637326264,-0.032065826338490554,45954,1,0,0,0,0,0,0,train
2161292,"Số 46, phố Lưu Quang Vũ",21.0152,105.7999,2025-08-31,-0.9062681735391243,-1.711669760323985,-0.12703449939263106,-1.0885266802590317,5,24,37,139,-0.16728719674450054,-0.7147915015308252,0.2150569642039823,0,0,0,0,0,1,1,1,train
2161292,"Số 46, phố Lưu Quang Vũ",21.0152,105.7999,2025-09-01,-0.9790906163436081,-1.3649105742328753,-0.6898334215162131,0.3816050637104765,0,20,13,156,-0.3622278344506597,-2.178993866794277,0.4621797547464552,45954,1,0,0,0,0,0,0,train
2161292,"Số 46, phố Lưu Quang Vũ",21.0152,105.7999,2025-09-02,-1.0519130591480919,-1.1165977117402548,-0.2829144494385531,-0.43804175741710205,42,101,60,156,-0.03322921424443771,-1.0024362761972083,0.07640955541211034,0,0,0,0,0,1,1,1,train
2161292,"Số 46, phố Lưu Quang Vũ",21.0152,105.7999,2025-09-03,-0.02065211776116019,-1.1575463326250361,0.13894554216245703,-0.8589189777049876,130,153,154,156,0.29576940596178425,0.17412131439986028,-0.3093606439222346,0,0,0,0,0,1,1,1,train
2161292,"Số 46, phố Lưu Quang Vũ",21.0152,105.7999,2025-09-04,-0.2053614229367776,-1.2903457530571136,0.08806192873657909,-1.039216760218713,140,143,156,156,0.6247680261680063,1.3506789049969283,-0.6951308432565796,45954,0,0,0,0,0,0,0,train
2161292,"Số 46, phố Lưu Quang Vũ",21.0152,105.7999,2025-09-05,-0.06663987099729346,-1.0015642615061313,-0.20998121437894385,-0.7200831383205004,153,143,156,156,0.4408851896994713,1.1727153957858567,-0.47865360910984817,0,0,0,0,0,1,1,1,train
2161306,Minh Khai - Bắc Từ Liêm,21.05,105.74,2024-01-29,0.05250145148185965,0.5402684832652487,0.635222319253939,0.39148395533511426,0,2,0,156,-0.7900188738789994,0.5148818043456354,0.6499775985356442,0,1,0,1,0,1,1,1,train
2161306,Minh Khai - Bắc Từ Liêm,21.05,105.74,2024-01-30,0.05250145148185965,0.1382813285373355,0.635222319253939,0.4068196816658642,0,9,0,156,-0.7900188738789994,0.5148818043456354,0.6499775985356442,0,1,0,1,0,1,1,1,train
2161306,Minh Khai - Bắc Từ Liêm,21.05,105.74,2024-01-31,0.05250145148185965,0.2407410383389967,0.635222319253939,-0.4662849424863048,0,32,0,156,-0.7900188738789994,0.5148818043456354,0.6499775985356442,0,1,0,1,0,1,1,1,train
2161306,Minh Khai - Bắc Từ Liêm,21.05,105.74,2024-02-01,0.05250145148185965,-0.3335825453798937,0.635222319253939,-0.1673219996592839,0,11,0,156,-0.7900188738789994,0.5148818043456354,0.6499775985356442,0,1,0,1,0,1,1,1,train
2161306,Minh Khai - Bắc Từ Liêm,21.05,105.74,2024-02-02,0.05250145148185965,-0.3267014807364996,0.635222319253939,0.796388285672073,7,154,27,149,-0.7900188738789994,0.5148818043456354,0.6499775985356442,45954,0,0,0,0,0,0,0,train
2161306,Minh Khai - Bắc Từ Liêm,21.05,105.74,2024-02-03,-0.3118299910791762,-0.2221614427235162,-1.1412421617644959,0.9593682134688981,0,38,6,156,-0.7897786381393613,0.36977895424914353,0.6578553685625004,0,1,0,0,0,1,1,1,train
2161306,Minh Khai - Bắc Từ Liêm,21.05,105.74,2024-02-04,-0.6761614336402121,-0.07538239670830574,-0.09749997215902455,-0.24203601673317157,143,151,156,156,-0.7895384023997231,0.22467610415265182,0.6657331385893568,0,0,0,0,0,1,1,1,train
2161306,Minh Khai - Bắc Từ Liêm,21.05,105.74,2024-02-05,-0.33957458057748097,-0.18710976687665587,0.0013077471123829792,-0.7180756052102234,98,156,143,156,-0.789298166660085,0.07957325405616009,0.673610908616213,0,0,0,0,0,1,1,1,train
2161306,Minh Khai - Bắc Từ Liêm,21.05,105.74,2024-02-06,-0.5352927995138113,-0.203134675813326,-0.6803726347960128,0.37373428749658044,0,84,2,156,-0.7890579309204467,-0.06552959604033175,0.6814886786430693,0,1,0,0,0,1,1,1,train
2161306,Minh Khai - Bắc Từ Liêm,21.05,105.74,2024-02-07,-0.7310110184501412,-0.19324875324750287,-0.5071893465515004,0.6818763610280917,0,10,0,156,-0.7888176951808087,-0.21063244613682358,0.6893664486699256,45954,1,0,1,0,0,0,0,train
2161306,Minh Khai - Bắc Từ Liêm,21.05,105.74,2024-02-08,-0.9267292373864714,0.47934265710943746,-0.3340060583069878,0.9283823036256025,0,0,0,156,-0.1206491481098969,0.04796991290762594,0.047777708536726866,0,1,1,1,0,1,1,1,train
2161306,Minh Khai - Bắc Từ Liêm,21.05,105.74,2024-02-09,-1.1224474563228015,1.1519340674663783,-0.16082277006247536,0.7054474657830251,0,2,0,156,0.547519398961015,0.30657227195207537,-0.5938110315964719,0,1,0,1,0,1,1,1,train
2161306,Minh Khai - Bắc Từ Liêm,21.05,105.74,2024-02-10,-1.3181656752591318,1.6022280359612877,0.012360518182037126,-0.38005920356123774,93,117,123,156,1.2156879460319268,0.5651746309965248,-1.2353997717296705,0,0,0,0,0,1,1,1,train
2161306,Minh Khai - Bắc Từ Liêm,21.05,105.74,2024-02-11,-1.393238382293621,1.308902303610475,1.510467885744098,-0.5800355167378957,155,65,156,156,1.8838564931028383,0.8237769900409744,-1.8769885118628689,0,0,0,0,0,1,1,1,train
2161306,Minh Khai - Bắc Từ Liêm,21.05,105.74,2024-02-12,-0.07910950907807238,0.7312365040775116,2.146431085665052,0.0639759867671663,156,147,156,156,2.55202504017375,1.0823793490854237,-2.5185772519960676,45954,0,0,0,0,0,0,0,train
2161306,Minh Khai - Bắc Từ Liêm,21.05,105.74,2024-02-13,-0.25793275635488483,0.8972842219745191,-0.12227027348710025,1.2721413823204226,35,114,108,156,2.1939606822940116,1.057947734535094,-2.158344498109018,0,0,0,0,0,1,1,1,train
2161306,Minh Khai - Bắc Từ Liêm,21.05,105.74,2024-02-14,-0.39192651629914815,0.45529302118614184,-0.793082817937938,0.7933350902347511,0,0,0,156,1.835896324414273,1.0335161199847647,-1.798111744221968,0,1,1,1,0,1,1,1,train
2161306,Minh Khai - Bắc Từ Liêm,21.05,105.74,2024-02-15,-0.5259202762434118,0.01330182039776514,-1.4638953623887758,-0.03266047820709422,0,5,1,156,1.4778319665345345,1.009084505434435,-1.4378789903349183,0,1,0,0,0,1,1,1,train
2161306,Minh Khai - Bắc Từ Liêm,21.05,105.74,2024-02-16,-0.6599140361876751,0.300665836086359,0.44812330796725486,-0.19750317026016787,2,28,15,156,1.119767608654796,0.9846528908841055,-1.0776462364478683,0,0,0,0,0,1,1,1,train
2161306,Minh Khai - Bắc Từ Liêm,21.05,105.74,2024-02-17,-0.11433914194188298,0.5684200038847086,-0.6766291121922672,0.6007839739701359,0,78,41,156,0.7617032507750578,0.960221276333776,-0.7174134825608184,45954,1,0,0,0,0,0,0,train
2161306,Minh Khai - Bắc Từ Liêm,21.05,105.74,2024-02-18,0.4312357523039091,0.4184901933407414,3.3040174126559974,1.2671684169044226,30,40,78,153,0.3249776699780071,0.686159290815461,-0.25980017555206814,0,0,0,0,0,1,1,1,train
2161306,Minh Khai - Bắc Từ Liêm,21.05,105.74,2024-02-19,0.1000973881413198,-0.01662021552687039,0.14660854683977392,1.4616512179110739,35,137,52,156,-0.11174791081904382,0.41209730529714605,0.1978131314566821,0,0,0,0,0,1,1,1,train
2161306,Minh Khai - Bắc Từ Liêm,21.05,105.74,2024-02-20,0.012540199427082803,0.12373566713844286,-0.02379158284234145,0.8300263203094446,23,121,48,156,-0.5484734916160945,0.1380353197788311,0.6554264384654324,0,0,0,0,0,1,1,1,train
2161306,Minh Khai - Bắc Từ Liêm,21.05,105.74,2024-02-21,0.20587591923421739,0.25588450773988164,-0.38994520405250804,0.031434976343994885,22,126,60,156,-0.9851990724131455,-0.13602666573948385,1.1130397454741827,0,0,0,0,0,1,1,1,train
2161306,Minh Khai - Bắc Từ Liêm,21.05,105.74,2024-02-22,0.07431381568251554,-0.11126478568202394,-0.51699731367818,0.14404574969339154,0,97,3,156,-1.4219246532101961,-0.4100886512577988,1.570653052482933,45954,1,0,0,0,0,0,0,train
2161306,Minh Khai - Bắc Từ Liêm,21.05,105.74,2024-02-23,-0.0572482878691868,0.18398955019103805,-0.37988337106093284,0.12817621060958348,0,0,0,156,-1.2544639170201313,-0.36980131531668103,1.3208706251862978,0,1,1,1,0,1,1,1,train
2161306,Minh Khai - Bắc Từ Liêm,21.05,105.74,2024-02-24,-0.18881039142088865,0.4792438860641005,-0.24276942844368565,0.84825011510339,0,0,0,156,-1.0870031808300666,-0.32951397937556326,1.0710881978896625,0,1,1,1,0,1,1,1,train
2161306,Minh Khai - Bắc Từ Liêm,21.05,105.74,2024-02-25,-0.32037249497259074,0.7744982219371626,-0.10565548582643843,0.7071392725951084,0,2,0,156,-0.9195424446400019,-0.28922664343444526,0.8213057705930272,0,1,0,1,0,1,1,1,train
2161306,Minh Khai - Bắc Từ Liêm,21.05,105.74,2024-02-26,-0.45193459852429285,0.7356404290848995,0.03145845679080866,0.9927383301693178,0,4,0,156,-0.7520817084499369,-0.2489393074933275,0.571523343296392,0,1,0,1,0,1,1,1,train
2161306,Minh Khai - Bắc Từ Liêm,21.05,105.74,2024-02-27,-0.5834967020759947,0.8609856582694825,0.16857239940805582,0.5331561802838469,0,14,0,156,-0.5846209722598722,-0.20865197155220971,0.3217409159997567,45954,1,0,1,0,0,0,0,train
2161306,Minh Khai - Bắc Từ Liêm,21.05,105.74,2024-02-28,-0.7150588056276971,1.165913283965571,0.3056863420253031,1.142228536089801,0,92,0,156,-0.23732545219427714,-0.05938033715043336,0.0189797642891668,0,1,0,1,0,1,1,1,train
2161306,Minh Khai - Bắc Từ Liêm,21.05,105.74,2024-02-29,-0.8466209091793989,1.554056492618105,0.44280028464255006,1.3850441270952036,0,21,0,156,0.10997006787131793,0.0898912972513429,-0.283781387421423,0,1,0,1,0,1,1,1,train
2161306,Minh Khai - Bắc Từ Liêm,21.05,105.74,2024-03-01,-0.978183012731101,1.3648697596548498,0.5799142272597972,0.6872957568004707,0,0,0,156,0.4572655879369131,0.23916293165311917,-0.5865425391320129,0,1,1,1,0,1,1,1,train
2161306,Minh Khai - Bắc Từ Liêm,21.05,105.74,2024-03-02,-1.1097451162828031,1.175683026691594,0.7170281698770444,-0.05935566974824842,13,43,39,156,0.804561108002508,0.3884345660548955,-0.8893036908426029,0,0,0,0,0,1,1,1,train
2161306,Minh Khai - Bắc Từ Liêm,21.05,105.74,2024-03-03,-0.2692962291415657,0.9047467312621872,-0.6898281655235907,1.224484240030262,2,23,11,156,1.151856628068103,0.5377062004566717,-1.1920648425531928,45954,0,0,0,0,0,0,0,train
2161306,Minh Khai - Bắc Từ Liêm,21.05,105.74,2024-03-04,-0.7800081401049147,0.7594425692227019,0.817659869756331,1.877821180964301,1,148,11,156,0.8215628336555951,0.3570387000122379,-0.9269736573788783,0,0,0,0,0,1,1,1,train
2161306,Minh Khai - Bắc Từ Liêm,21.05,105.74,2024-03-05,0.40633250675865173,0.8814515824910446,0.42565054404251895,1.3337162821209279,141,137,87,141,0.4912690392430875,0.17637119956780403,-0.6618824722045639,0,0,0,0,0,1,1,1,train
2161306,Minh Khai - Bắc Từ Liêm,21.05,105.74,2024-03-06,-0.5920848785816214,1.0745302037264075,-0.5098813043392582,1.0181878466391447,67,105,90,156,0.1609752448305797,-0.004296300876629777,-0.39679128703024924,0,0,0,0,0,1,1,1,train
2161306,Minh Khai - Bắc Từ Liêm,21.05,105.74,2024-03-07,-0.7560027419947224,1.2997568229814271,0.028074866319006044,1.684158915966518,3,15,12,156,-0.16931854958192807,-0.1849638013210636,-0.13170010185593475,0,0,0,0,0,1,1,1,train
2161306,Minh Khai - Bắc Từ Liêm,21.05,105.74,2024-03-08,-0.760017174305595,1.2683451760591178,0.21844076191387585,1.342431916586185,0,0,0,156,-0.49961234399443616,-0.3656313017654976,0.1333910833183798,45954,1,1,1,0,0,0,0,train
2161306,Minh Khai - Bắc Từ Liêm,21.05,105.74,2024-03-09,-0.7640316066164676,1.2369335291368075,0.4088066575087456,0.9826551555969886,0,9,0,156,-0.4924048762320756,-0.17890746107720892,0.191010916589989,0,1,0,1,0,1,1,1,train
2161306,Minh Khai - Bắc Từ Liêm,21.05,105.74,2024-03-10,-0.7680460389273402,1.0389878998706061,0.5991725531036154,1.4372090513838616,0,4,0,156,-0.485197408469715,0.007816379611079564,0.24863074986159814,0,1,0,1,0,1,1,1,train
2161306,Minh Khai - Bắc Từ Liêm,21.05,105.74,2024-03-11,-0.7720604712382129,1.4603140889185149,0.7895384486984852,1.207252565782158,65,101,141,156,-0.47798994070735445,0.19454022029936816,0.30625058313320735,0,0,0,0,0,1,1,1,train
2161306,Minh Khai - Bắc Từ Liêm,21.05,105.74,2024-03-12,1.4262879542016091,2.1415850332934614,0.7584055159669157,0.6696287308356013,47,133,0,156,-0.47078247294499387,0.3812640609876568,0.3638704164048166,0,0,0,1,0,1,1,1,train
2161306,Minh Khai - Bắc Từ Liêm,21.05,105.74,2024-03-13,1.3690853474229174,1.627953825160251,0.7272725832353463,0.9946457673227664,0,0,0,156,-0.46357500518263334,0.5679879016759454,0.42149024967642573,45954,1,1,1,0,0,0,0,train
2161306,Minh Khai - Bắc Từ Liêm,21.05,105.74,2024-03-14,1.3118827406442253,1.1143226170270415,0.696139650503777,2.7908380899355616,0,2,0,156,-0.46565494041042316,0.6177555979506641,0.35476990545834663,0,1,0,1,0,1,1,1,train
2161306,Minh Khai - Bắc Từ Liêm,21.05,105.74,2024-03-15,1.2546801338655338,1.20311210506777,0.6650067177722075,2.7665802289708625,0,115,0,156,-0.46773487563821287,0.6675232942253829,0.2880495612402675,0,1,0,1,0,1,1,1,train
2161306,Minh Khai - Bắc Từ Liêm,21.05,105.74,2024-03-16,1.1974775270868416,1.8092201475423346,0.6338737850406381,3.025006728068996,0,0,0,156,-0.4698148108660026,0.7172909905001017,0.22132921702218833,0,1,1,1,0,1,1,1,train
2161306,Minh Khai - Bắc Từ Liêm,21.05,105.74,2024-03-17,1.1402749203081501,2.4153281900168984,0.6027408523090687,2.77683946731451,0,12,0,156,-0.47189474609379234,0.7670586867748204,0.15460887280410918,0,1,0,1,0,1,1,1,train
2161306,Minh Khai - Bắc Từ Liêm,21.05,105.74,2024-03-18,1.083072313529458,2.0535578049997945,0.5716079195774992,3.2302586237339983,0,0,0,156,-0.47397468132158216,0.8168263830495391,0.08788852858603008,45954,1,1,1,0,0,0,0,train
2161306,Minh Khai - Bắc Từ Liêm,21.05,105.74,2024-03-19,1.0258697067507663,1.6917874199826894,0.54047498684593,0.30335129250220044,0,3,0,156,-0.4439720087967519,0.8242167758256397,0.1785285202775102,0,1,0,1,0,1,1,1,train
2161306,Minh Khai - Bắc Từ Liêm,21.05,105.74,2024-03-20,0.9686670999720742,3.533022975439022,0.5093420541143605,-0.2744998947409232,0,87,0,156,-0.4139693362719217,0.8316071686017402,0.26916851196899044,0,1,0,1,0,1,1,1,train
2161306,Minh Khai - Bắc Từ Liêm,21.05,105.74,2024-03-21,0.9114644931933826,2.118408518865778,0.47820912138279104,1.2078834211472993,138,40,71,138,-0.3839666637470915,0.8389975613778408,0.3598085036604705,0,0,0,0,0,1,1,1,train
2161306,Minh Khai - Bắc Từ Liêm,21.05,105.74,2024-03-22,0.49913719316220645,1.087633707865012,0.4061836342348462,1.3852719110924248,0,2,0,156,-0.35396399122226124,0.8463879541539413,0.4504484953519507,0,1,0,1,0,1,1,1,train
2161306,Minh Khai - Bắc Từ Liêm,21.05,105.74,2024-03-23,0.08680989313103026,0.6966952286301632,0.3341581470869014,1.1191585680733793,0,0,0,0,-0.323961318697431,0.8537783469300418,0.5410884870434308,45954,1,1,1,1,0,0,0,train
2161306,Minh Khai - Bắc Từ Liêm,21.05,105.74,2024-03-24,-0.32551740690014597,0.30575674939531433,0.26213265993895646,0.8530452250543338,0,66,3,156,-0.41830191286954543,0.5391512892697425,0.5627850100051901,0,1,0,0,0,1,1,1,train
2161306,Minh Khai - Bắc Từ Liêm,21.05,105.74,2024-03-25,-0.7378447069313221,0.22436786260554734,0.08342728281730265,-0.07308222367518857,79,156,144,156,-0.5126425070416599,0.22452423160944315,0.5844815329669494,0,0,0,0,0,1,1,1,train
2161306,Minh Khai - Bắc Từ Liêm,21.05,105.74,2024-03-26,-0.10196808058246135,0.7581812270652083,-1.0113015586003884,-0.4495680815722459,0,117,34,156,-0.6069831012137744,-0.09010282605085622,0.6061780559287087,0,1,0,0,0,1,1,1,train
2161306,Minh Khai - Bắc Từ Liêm,21.05,105.74,2024-03-27,0.5339085457663995,0.7123051900873433,-0.6758164334037945,1.0373743184785045,12,32,57,156,-0.7013236953858889,-0.4047298837111555,0.6278745788904679,0,0,0,0,0,1,1,1,train
2161306,Minh Khai - Bắc Từ Liêm,21.05,105.74,2024-03-28,0.27780854960022877,2.0814840567279944,-0.5507505075742516,1.8581182832665322,0,7,0,156,-0.7956642895580033,-0.7193569413714548,0.6495711018522271,45954,1,0,1,0,0,0,0,train
2161306,Minh Khai - Bắc Từ Liêm,21.05,105.74,2024-03-29,0.021708553434058617,1.1737330598967677,-0.42568458174470863,0.7493539958483572,0,5,0,156,-0.38187186546493657,-0.363633985483415,0.3046062932303643,0,1,0,1,0,1,1,1,train
2161306,Minh Khai - Bắc Từ Liêm,21.05,105.74,2024-03-30,-0.23439144273211204,0.6953982961696311,-0.3006186559151657,1.4593942810324707,3,72,21,156,0.03192055862813012,-0.00791102959537503,-0.040358515391498484,0,0,0,0,0,1,1,1,train
2161306,Minh Khai - Bắc Từ Liêm,21.05,105.74,2024-03-31,0.620149602038731,2.15061706130899,-0.30485967217457793,0.9076662628421331,147,72,156,156,0.44571298272119697,0.3478119262926648,-0.3853233240133613,0,0,0,0,0,1,1,1,train
2161306,Minh Khai - Bắc Từ Liêm,21.05,105.74,2024-04-01,0.13172440341436817,2.263171871932656,0.40461285215651643,1.9542927002873312,146,0,156,156,0.8595054068142637,0.7035348821807045,-0.730288132635224,0,0,1,0,0,1,1,1,train
2161306,Minh Khai - Bắc Từ Liêm,21.05,105.74,2024-04-02,0.8854278056550673,2.3757266825563224,0.8652745115937673,1.9098963211540365,156,83,156,156,1.2732978309073306,1.0592578380687445,-1.0752529412570868,45954,0,0,0,0,0,0,0,train
2161306,Minh Khai - Bắc Từ Liêm,21.05,105.74,2024-04-03,0.6377287367423458,2.421529902592331,-0.20677398834874347,1.82745666998981,156,71,156,156,0.8371082611941898,0.7713696084233314,-0.7039388560966771,0,0,0,0,0,1,1,1,train
2161306,Minh Khai - Bắc Từ Liêm,21.05,105.74,2024-04-04,0.3545415406675312,1.6598025100949652,-0.09852633262986003,2.8690376381457448,15,155,65,156,0.40091869148104897,0.483481378777918,-0.3326247709362672,0,0,0,0,0,1,1,1,train
2161306,Minh Khai - Bắc Từ Liêm,21.05,105.74,2024-04-05,0.2109021267739502,3.8843568109030646,-0.1748370400592402,4.272250128648427,0,63,17,156,-0.03527087823209183,0.19559314913250483,0.038689314224142596,0,1,0,0,0,1,1,1,train
2161306,Minh Khai - Bắc Từ Liêm,21.05,105.74,2024-04-06,0.06726271288036921,2.6025626380429867,0.8458346879781631,3.3036724385237997,0,48,8,155,-0.4714604479452327,-0.09229508051290844,0.4100033993845524,0,1,0,0,0,1,1,1,train
2161306,Minh Khai - Bắc Từ Liêm,21.05,105.74,2024-04-07,-0.07637670101321178,1.4112311065503906,0.6746933400762947,2.8446617642868373,0,61,0,156,-0.9076500176583739,-0.3801833101583218,0.7813174845449623,45954,1,0,1,0,0,0,0,train
2161306,Minh Khai - Bắc Từ Liêm,21.05,105.74,2024-04-08,-0.2200161149067928,1.7919911682001883,0.5035519921744261,2.8364340677495554,0,0,0,156,-0.8183363491906848,-0.23397797564612755,0.7019067008407238,0,1,1,1,0,1,1,1,train
2161306,Minh Khai - Bắc Từ Liêm,21.05,105.74,2024-04-09,-0.3636555288003738,2.172751229849986,0.33241064427255773,2.021148318764896,0,2,0,156,-0.7290226807229955,-0.08777264113393331,0.6224959171364852,0,1,0,1,0,1,1,1,train
2161306,Minh Khai - Bắc Từ Liêm,21.05,105.74,2024-04-10,-0.5072949426939548,1.5640326863740108,0.1612692963706893,-0.07164253803360061,0,7,0,156,-0.6397090122553063,0.05843269337826096,0.5430851334322467,0,1,0,1,0,1,1,1,train
2161306,Minh Khai - Bắc Từ Liêm,21.05,105.74,2024-04-11,-0.6509343565875357,2.2929106382508424,-0.009872051531179047,1.3075032055031004,0,92,30,156,-0.5503953437876172,0.20463802789045532,0.46367434972800825,0,1,0,0,0,1,1,1,train
2161306,Minh Khai - Bắc Từ Liêm,21.05,105.74,2024-04-12,-0.7945737704811168,1.5857359531617425,-0.18874331510582415,1.810973326492934,16,25,30,156,-0.46108167531992794,0.3508433624026496,0.38426356602376976,45954,0,0,0,0,0,0,0,train
2161306,Minh Khai - Bắc Từ Liêm,21.05,105.74,2024-04-13,0.09226098283270072,1.066799880817407,-1.344308041400066,0.8081926209722261,8,14,9,156,-0.5527209506059695,0.33302116902958584,0.47750894564253593,0,0,0,0,0,1,1,1,train
2161306,Minh Khai - Bắc Từ Liêm,21.05,105.74,2024-04-14,-0.0062386025572971245,1.7353428601133973,-0.22786849975344178,2.025414341555016,9,32,11,156,-0.644360225892011,0.31519897565652216,0.5707543252613021,0,0,0,0,0,1,1,1,train
2161306,Minh Khai - Bắc Từ Liêm,21.05,105.74,2024-04-15,-0.06379154928404701,1.4909332038819747,-0.12677930612473137,2.3321410815489942,0,13,0,156,-0.7359995011780525,0.29737678228345843,0.6639997048800683,0,1,0,1,0,1,1,1,train
2161306,Minh Khai - Bắc Từ Liêm,21.05,105.74,2024-04-16,-0.12134449601079689,1.167426621831936,-0.02569011249602098,0.3972267368964167,156,106,156,156,-0.8276387764640939,0.2795545889103947,0.7572450844988345,0,0,0,0,0,1,1,1,train
2161306,Minh Khai - Bắc Từ Liêm,21.05,105.74,2024-04-17,-0.07685861050623065,1.3953935580595975,-0.4813431714415584,1.7223938992274133,4,89,34,156,-0.9192780517501354,0.26173239553733096,0.8504904641176005,45954,0,0,0,0,0,0,0,train
2161306,Minh Khai - Bắc Từ Liêm,21.05,105.74,2024-04-18,0.9363372903304987,1.703927395074282,0.3573693392140676,0.9414988754194488,155,79,156,156,-0.9328162245467605,0.18516014830100366,0.8523153744949447,0,0,0,0,0,1,1,1,train
2161306,Minh Khai - Bắc Từ Liêm,21.05,105.74,2024-04-19,1.0734287106191214,1.4164913806117319,0.3588249700911997,0.148486193868903,33,28,46,156,-0.9463543973433857,0.10858790106467636,0.8541402848722888,0,0,0,0,0,1,1,1,train
2161306,Minh Khai - Bắc Từ Liêm,21.05,105.74,2024-04-20,-0.5502641168679852,1.0776318781820093,0.3524606142104805,-0.25191057843127584,156,108,156,156,-0.9598925701400106,0.032015653828349054,0.8559651952496328,0,0,0,0,0,1,1,1,train
2161306,Minh Khai - Bắc Từ Liêm,21.05,105.74,2024-04-21,-0.04175971549487654,1.243088333420115,0.16798804104246,1.2287269708017878,4,156,90,156,-0.9734307429366357,-0.044556593407978254,0.8577901056269769,0,0,0,0,0,1,1,1,train
2161306,Minh Khai - Bắc Từ Liêm,21.05,105.74,2024-04-22,-0.0034818798052089228,1.1351324444833228,-0.17530269833038953,1.4880286525677981,0,129,0,145,-0.9869689157332608,-0.12112884064430557,0.859615016004321,45954,1,0,1,0,0,0,0,train
2161306,Minh Khai - Bắc Từ Liêm,21.05,105.74,2024-04-23,0.0347959558844587,1.1849408690436476,-0.5185934377032392,1.602014297037811,4,100,56,156,-0.18745791006386325,0.12256287880221943,0.09078438983827547,0,0,0,0,0,1,1,1,train
2161306,Minh Khai - Bắc Từ Liêm,21.05,105.74,2024-04-24,0.25448477293784305,1.1983498225263385,-0.33690113346450357,0.40515727356186476,0,4,0,156,0.6120530956055343,0.36625459824874435,-0.6780462363277701,0,1,0,1,0,1,1,1,train
2161306,Minh Khai - Bắc Từ Liêm,21.05,105.74,2024-04-25,0.47417358999122744,1.1224933869813059,-0.15520882922576806,-0.29249017211768585,144,132,155,156,1.4115641012749316,0.6099463176952693,-1.4468768624938153,0,0,0,0,0,1,1,1,train
2161306,Minh Khai - Bắc Từ Liêm,21.05,105.74,2024-04-26,-0.26222014595790677,0.5324661615822849,0.5856578436932441,-0.3962722401961779,155,70,156,156,2.21107510694433,0.8536380371417942,-2.2157074886598607,0,0,0,0,0,1,1,1,train
2161306,Minh Khai - Bắc Từ Liêm,21.05,105.74,2024-04-27,-0.2557799270309314,0.7227289216768614,0.7217872153739175,0.8056302003112982,156,31,156,156,3.010586112613727,1.0973297565883193,-2.9845381148259063,45954,0,0,0,0,0,0,0,train
2161306,Minh Khai - Bắc Từ Liêm,21.05,105.74,2024-04-28,-0.29204804091490943,1.0985008864487098,0.6432971983973689,1.6239589619405352,156,16,156,156,2.300921925620429,0.720515438146411,-2.3331101453095093,0,0,0,0,0,1,1,1,train
2161306,Minh Khai - Bắc Từ Liêm,21.05,105.74,2024-04-29,-0.029789685044348587,2.239972994249425,0.22528968659229756,1.3690508715587884,156,148,156,156,1.5912577386271312,0.3437011197045027,-1.681682175793112,0,0,0,0,0,1,1,1,train
2161306,Minh Khai - Bắc Từ Liêm,21.05,105.74,2024-04-30,0.1554475194074177,2.751951366891722,0.554530459987514,1.475807390134818,156,87,156,156,0.8815935516338331,-0.03311319873740553,-1.0302542062767146,0,0,0,0,0,1,1,1,train
2161306,Minh Khai - Bắc Từ Liêm,21.05,105.74,2024-05-01,0.03885457010422792,2.171460797278773,0.46782025660247206,1.9650113289053956,0,0,0,156,0.17192936464053507,-0.40992751717931386,-0.3788262367603178,0,1,1,1,0,1,1,1,train
2161306,Minh Khai - Bắc Từ Liêm,21.05,105.74,2024-05-02,-0.07773837919896183,1.5909702276658237,0.38111005321743013,1.3585136817932562,0,0,0,156,-0.5377348223527629,-0.7867418356212218,0.2726017327560794,45954,1,1,1,0,0,0,0,train
2161306,Minh Khai - Bắc Từ Liêm,21.05,105.74,2024-05-03,-0.19433132850215157,1.0104796580528748,0.29439984983238815,1.3945860907124146,0,6,0,156,-0.6232934811169089,-0.6306569849590669,0.42923466995014753,0,1,0,1,0,1,1,1,train
2161306,Minh Khai - Bắc Từ Liêm,21.05,105.74,2024-05-04,-0.3109242778053413,0.22549066166768214,0.20768964644734617,0.8531759589740815,121,142,145,156,-0.7088521398810548,-0.4745721342969122,0.5858676071442156,0,0,0,0,0,1,1,1,train
2161306,Minh Khai - Bắc Từ Liêm,21.05,105.74,2024-05-05,-0.6201085784878876,0.9368230032305097,-0.9868693792313302,0.9271997857585387,13,24,17,156,-0.7944107986452006,-0.3184872836347575,0.7425005443382838,0,0,0,0,0,1,1,1,train
2161306,Minh Khai - Bắc Từ Liêm,21.05,105.74,2024-05-06,0.811027627835398,0.34935391608820016,0.10751403183937185,-0.93297780224046,14,64,30,156,-0.8799694574093465,-0.16240243297260262,0.899133481532352,0,0,0,0,0,1,1,1,train
2161306,Minh Khai - Bắc Từ Liêm,21.05,105.74,2024-05-07,0.012329090463970153,0.8013270378076873,-2.1585842446387034,-0.48982373703082993,0,51,0,156,-0.9655281161734924,-0.006317582310447922,1.05576641872642,45954,1,0,1,0,0,0,0,train
2161306,Minh Khai - Bắc Từ Liêm,21.05,105.74,2024-05-08,-0.7863694469074578,-0.1383867783783479,-4.424682521116779,-0.6438653228307676,8,102,5,137,-0.926076699747461,0.09000477362063693,1.0540984903464758,0,0,0,0,0,1,1,1,train
2161306,Minh Khai - Bắc Từ Liêm,21.05,105.74,2024-05-09,-1.1977868152915878,0.12438665605302132,-0.5704523866096278,0.31329584223694446,31,95,56,156,-0.8866252833214298,0.18632712955172168,1.0524305619665317,0,0,0,0,0,1,1,1,train
2161306,Minh Khai - Bắc Từ Liêm,21.05,105.74,2024-05-10,-0.2986018070305782,-0.05050845663992496,-0.1348410729038233,-0.41085119241895984,33,72,45,156,-0.8471738668953983,0.28264948548280655,1.0507626335865878,0,0,0,0,0,1,1,1,train
2161306,Minh Khai - Bắc Từ Liêm,21.05,105.74,2024-05-11,-0.13512265443144592,0.13205398003480737,-0.8077889661051288,-1.055975188427493,76,98,106,156,-0.807722450469367,0.3789718414138913,1.0490947052066437,0,0,0,0,0,1,1,1,train
2161306,Minh Khai - Bắc Từ Liêm,21.05,105.74,2024-05-12,0.0853849710642035,-0.3267740249557202,-0.21400198187229091,-1.221436791220788,45,59,81,156,-0.7682710340433356,0.47529419734497613,1.0474267768266998,45954,0,0,0,0,0,0,0,train
2161306,Minh Khai - Bắc Từ Liêm,21.05,105.74,2024-05-13,-0.28749727258146546,0.40702438858715784,-0.5781679744697725,-0.7100080860931166,0,74,9,156,-0.6338843878479734,0.5289813319521366,0.9247368656395187,0,1,0,0,0,1,1,1,train
2161306,Minh Khai - Bắc Từ Liêm,21.05,105.74,2024-05-14,-0.6603795162271342,0.48736192964349556,-0.22227973419113128,0.3914006415762984,87,132,124,156,-0.4994977416526113,0.5826684665592969,0.8020469544523376,0,0,0,0,0,1,1,1,train
2161306,Minh Khai - Bắc Từ Liêm,21.05,105.74,2024-05-15,-0.928238476170176,0.3969242423965314,-0.6396275622341263,0.24048739783520945,0,0,0,156,-0.3651110954572491,0.6363556011664573,0.6793570432651567,0,1,1,1,0,1,1,1,train
2161306,Minh Khai - Bắc Từ Liêm,21.05,105.74,2024-05-16,-1.1960974361132175,0.30648655514956724,-1.0569753902771213,-0.6632572422187485,7,28,10,156,-0.23072444926188693,0.6900427357736177,0.5566671320779756,0,0,0,0,0,1,1,1,train
2161306,Minh Khai - Bắc Từ Liêm,21.05,105.74,2024-05-17,-1.101392179103741,0.3465579636993132,-0.5475462823728037,-0.5716938684788786,0,36,16,156,-0.09633780306652469,0.7437298703807782,0.43397722089079444,45954,1,0,0,0,0,0,0,train
2161306,Minh Khai - Bắc Từ Liêm,21.05,105.74,2024-05-18,-1.006686922094265,-0.2922176134024829,-1.2101372479259522,-1.424964002493615,0,74,2,156,-0.26805392470885686,0.5154489547441327,0.5957714843965564,0,1,0,0,0,1,1,1,train
2161306,Minh Khai - Bắc Từ Liêm,21.05,105.74,2024-05-19,-0.9119816650847885,-0.021184137809736128,-0.798865546489051,0.7592297818705157,0,0,16,156,-0.43977004635118905,0.2871680391074871,0.7575657479023185,0,1,1,0,0,1,1,1,train
2161306,Minh Khai - Bắc Từ Liêm,21.05,105.74,2024-05-20,-0.8172764080753122,0.24984933778301016,-0.25139479658432345,0.19812773402394918,0,0,0,156,-0.6114861679935213,0.05888712347084157,0.9193600114080803,0,1,1,1,0,1,1,1,train
2161306,Minh Khai - Bắc Từ Liêm,21.05,105.74,2024-05-21,-0.7225711510658358,0.5208828133757569,0.296075953320404,-0.6792223084403529,71,104,85,156,-0.7832022896358535,-0.1693937921658039,1.0811542749138423,0,0,0,0,0,1,1,1,train
2161306,Minh Khai - Bắc Từ Liêm,21.05,105.74,2024-05-22,-0.7977938165104209,0.16608512780527349,-0.46413374922618533,-1.2771521358206182,16,55,57,156,-0.9549184112781857,-0.39767470780244946,1.2429485384196042,45954,0,0,0,0,0,0,0,train
2161306,Minh Khai - Bắc Từ Liêm,21.05,105.74,2024-05-23,-0.7813939867146269,0.05459802627276191,0.31032843781011654,-1.1782936421340826,0,0,0,156,-0.3640454540166651,-0.27471359030704423,0.6503467124473772,0,1,1,1,0,1,1,1,train
2161306,Minh Khai - Bắc Từ Liêm,21.05,105.74,2024-05-24,-0.7649941569188328,-0.056889075259750184,1.0847906248464183,0.1788486017567738,16,95,43,139,0.22682750324485543,-0.15175247281163895,0.05774488647515014,0,0,0,0,0,1,1,1,train
2161306,Minh Khai - Bắc Từ Liêm,21.05,105.74,2024-05-25,-0.7614571937081251,-1.0930681578697845,0.3270919960318653,0.162240145779253,0,8,0,156,0.8177004605063759,-0.028791355316233672,-0.5348569394970769,0,1,0,1,0,1,1,1,train
2161306,Minh Khai - Bắc Từ Liêm,21.05,105.74,2024-05-26,-0.7579202304974172,-1.146337841671581,-0.43060663278268774,-0.6344984076917565,66,21,92,156,1.4085734177678964,0.0941697621791717,-1.1274587654693038,0,0,0,0,0,1,1,1,train
2161306,Minh Khai - Bắc Từ Liêm,21.05,105.74,2024-05-27,-0.6816255273495262,-0.8873796604536744,-0.435899394096773,-0.7350172639652737,71,56,73,156,1.9994463750294174,0.21713087967457695,-1.720060591441531,45954,0,0,0,0,0,0,0,train
2161306,Minh Khai - Bắc Từ Liêm,21.05,105.74,2024-05-28,-0.612112826509996,-0.6294500526297029,-2.2478474069007857,-1.1228045287302342,0,0,1,156,1.690527958740617,0.23093232800888347,-1.396649426021497,0,1,1,0,0,1,1,1,train
2161306,Minh Khai - Bắc Từ Liêm,21.05,105.74,2024-05-29,-0.5426001256704659,-0.37152044480573126,0.20962185166437586,-0.9067960205399226,90,101,147,156,1.381609542451817,0.24473377634318996,-1.0732382606014628,0,0,0,0,0,1,1,1,train
2161306,Minh Khai - Bắc Từ Liêm,21.05,105.74,2024-05-30,-0.8015002758597816,-0.215372831051235,-0.24285597725140343,0.8815265859444381,16,120,78,156,1.0726911261630163,0.25853522467749634,-0.7498270951814286,0,0,0,0,0,1,1,1,train
2161306,Minh Khai - Bắc Từ Liêm,21.05,105.74,2024-05-31,-0.8403673516811659,-0.06638336813084278,2.5650382457603156,0.08853026853003251,0,22,1,156,0.7637727098742162,0.27233667301180287,-0.4264159297613945,0,1,0,0,0,1,1,1,train
2161306,Minh Khai - Bắc Từ Liêm,21.05,105.74,2024-06-01,-0.8792344275025503,0.13415639877904437,-0.3003087035183774,-1.179365672220638,47,108,70,156,0.4548542935854161,0.2861381213461094,-0.10300476434136017,45954,0,0,0,0,0,0,0,train
2161306,Minh Khai - Bắc Từ Liêm,21.05,105.74,2024-06-02,-0.8612613665186082,-0.14127818368726436,-0.0681162872623581,-1.2211238420478883,108,132,144,156,0.22416112697214746,-0.00713291694154791,0.01944357991657024,0,0,0,0,0,1,1,1,train
2161306,Minh Khai - Bắc Từ Liêm,21.05,105.74,2024-06-03,-0.19226518199012524,-0.0843146082417522,0.4437422753203083,-1.431953758104205,59,10,127,156,-0.006532039641121327,-0.3004039552292052,0.14189192417450078,0,0,0,0,0,1,1,1,train
2161306,Minh Khai - Bắc Từ Liêm,21.05,105.74,2024-06-04,-0.1422761907533139,-0.15449895855618304,-0.37578612971475256,0.6074182276815493,0,0,14,156,-0.23722520625438998,-0.5936749935168625,0.26434026843243125,0,1,1,0,0,1,1,1,train
2161306,Minh Khai - Bắc Từ Liêm,21.05,105.74,2024-06-05,-0.09228719951650256,-0.22468330887061339,-0.7312759174951666,0.2367929440109805,0,0,0,156,-0.46791837286765864,-0.8869460318045199,0.38678861269036174,0,1,1,1,0,1,1,1,train
2161306,Minh Khai - Bắc Từ Liêm,21.05,105.74,2024-06-06,-0.042298208279691225,-0.2948676591850437,-1.0867657052755806,-0.375510989007387,0,0,4,156,-0.6986115394809275,-1.1802170700921772,0.5092369569482922,45954,1,1,0,0,0,0,0,train
2161306,Minh Khai - Bắc Từ Liêm,21.05,105.74,2024-06-07,0.007690782957120107,-0.3650520094994746,-0.9279568184559565,-1.0507238535277361,1,97,9,156,-0.7481326766446977,-1.5451908548590694,0.6649297544753828,0,0,0,0,0,1,1,1,train
2161306,Minh Khai - Bắc Từ Liêm,21.05,105.74,2024-06-08,-0.16259241532918414,-0.3800391179266032,-1.3690319516162683,-1.6136971985719784,0,0,7,156,-0.7976538138084681,-1.9101646396259617,0.8206225520024736,0,1,1,0,0,1,1,1,train
2161306,Minh Khai - Bắc Từ Liêm,21.05,105.74,2024-06-09,-0.3328756136154884,-0.39502622635373136,-1.0290092264349742,-0.08207404773015459,0,0,0,145,-0.8471749509722385,-2.2751384243928534,0.9763153495295642,0,1,1,1,0,1,1,1,train
2161306,Minh Khai - Bắc Từ Liêm,21.05,105.74,2024-06-10,-0.5031588119017926,-0.41001333478086,-0.6889865012536801,0.39929711366455317,0,4,0,156,-0.8966960881360088,-2.640112209159746,1.132008147056655,0,1,0,1,0,1,1,1,train
2161306,Minh Khai - Bắc Từ Liêm,21.05,105.74,2024-06-11,-0.6734420101880969,-0.5617851139587083,-0.34896377607238604,-0.5430270075637692,68,74,94,156,-0.946217225299779,-3.0050859939266377,1.2877009445837455,45954,0,0,0,0,0,0,0,train
2161306,Minh Khai - Bắc Từ Liêm,21.05,105.74,2024-06-12,-0.9684285987594812,-0.7502899039890321,-0.543254973706109,-0.6454660817393995,115,118,133,156,-0.4667109446750522,-2.450333224374152,0.7750383150592061,0,0,0,0,0,1,1,1,train
2161306,Minh Khai - Bắc Từ Liêm,21.05,105.74,2024-06-13,-1.0622013225222848,-0.6467000316142519,0.02600202841442216,-0.9732307104353124,97,7,134,156,0.01279533594967472,-1.8955804548216655,0.2623756855346668,0,0,0,0,0,1,1,1,train
2161306,Minh Khai - Bắc Từ Liêm,21.05,105.74,2024-06-14,-0.9973181752722641,-0.6272108180334215,-0.7146343110933884,-1.3906622647725726,0,0,38,156,0.4923016165744015,-1.3408276852691798,-0.25028694398987256,0,1,1,0,0,1,1,1,train
2161306,Minh Khai - Bắc Từ Liêm,21.05,105.74,2024-06-15,-0.9324350280222434,-0.6077216044525905,-0.4794356443890039,0.49285906204601004,0,0,0,156,0.9718078971991283,-0.7860749157166936,-0.7629495735144122,0,1,1,1,0,1,1,1,train
2161306,Minh Khai - Bắc Từ Liêm,21.05,105.74,2024-06-16,-0.8675518807722227,-0.5882323908717599,-0.24423697768461927,-0.278884348487123,68,27,84,156,1.4513141778238552,-0.23132214616420757,-1.2756122030389516,45954,0,0,0,0,0,0,0,train
2161306,Minh Khai - Bắc Từ Liêm,21.05,105.74,2024-06-17,-0.6111084096464366,-0.2976698841943982,-0.8107541831818877,-0.4857788689711011,138,104,155,156,1.23616867626878,-0.35389600491195294,-1.0646788453300313,0,0,0,0,0,1,1,1,train
2161306,Minh Khai - Bắc Từ Liêm,21.05,105.74,2024-06-18,1.282739187756101,0.03779503967655871,-0.45536945129825795,-1.4272989377729446,55,8,102,156,1.0210231747137044,-0.4764698636596981,-0.853745487621111,0,0,0,0,0,1,1,1,train
2161306,Minh Khai - Bắc Từ Liêm,21.05,105.74,2024-06-19,-0.49207619396312297,-0.3227810929496973,0.17439618910949709,-0.9881281660815818,122,107,156,156,0.8058776731586295,-0.5990437224074435,-0.6428121299121909,0,0,0,0,0,1,1,1,train
2161306,Minh Khai - Bắc Từ Liêm,21.05,105.74,2024-06-20,-0.6700373706844364,-0.8998779930793102,-0.7159279364634091,1.2304071614661365,12,11,110,156,0.5907321716035538,-0.7216175811551889,-0.4318787722032706,0,0,0,0,0,1,1,1,train
2161306,Minh Khai - Bắc Từ Liêm,21.05,105.74,2024-06-21,-0.4299134216779718,-0.9090758364530583,-0.5397952281907603,0.269758875133937,0,3,10,156,0.37558667004847857,-0.8441914399029341,-0.22094541449435043,45954,1,0,0,0,0,0,0,train
2161306,Minh Khai - Bắc Từ Liêm,21.05,105.74,2024-06-22,-0.1897894726715073,-0.6021390631517245,-0.4852455599108048,-0.5795945211858553,15,2,65,156,0.22595517243660201,-0.7456950005865581,-0.10231760303660593,0,0,0,0,0,1,1,1,train
2161306,Minh Khai - Bắc Từ Liêm,21.05,105.74,2024-06-23,0.6618872649718152,-1.0033181407309595,0.022079662521889993,-1.2211257531878754,1,82,20,156,0.07632367482472531,-0.6471985612701823,0.016310208421138568,0,0,0,0,0,1,1,1,train
2161306,Minh Khai - Bắc Từ Liêm,21.05,105.74,2024-06-24,0.4186509494627543,-1.0172462671910487,-0.10940296399100356,-1.3994965093632838,0,0,0,156,-0.0733078227871514,-0.5487021219538063,0.13493801987888301,0,1,1,1,0,1,1,1,train
2161306,Minh Khai - Bắc Từ Liêm,21.05,105.74,2024-06-25,0.17541463395369342,-1.0311743936511384,-0.24088559050389713,-0.43247669694382557,0,0,0,147,-0.2229393203990279,-0.4502056826374306,0.2535658313366275,0,1,1,1,0,1,1,1,train
2161306,Minh Khai - Bắc Từ Liêm,21.05,105.74,2024-06-26,-0.06782168155536744,-1.0451025201112274,-0.3723682170167907,0.2229460890476212,0,11,0,156,-0.3725708180109046,-0.3517092433210547,0.37219364279437195,45954,1,0,1,0,0,0,0,train
2161306,Minh Khai - Bắc Từ Liêm,21.05,105.74,2024-06-27,-0.3110579970644283,-1.1756118886305544,-0.5038508435296842,-0.4102579626223162,72,114,98,156,-0.3205957367661655,-0.22768407205996574,0.3102550736465644,0,0,0,0,0,1,1,1,train
2161306,Minh Khai - Bắc Từ Liêm,21.05,105.74,2024-06-28,0.14296595570011678,-1.2131302042922172,-0.4641166788784651,-1.0671935801522034,36,42,63,156,-0.26862065552142644,-0.1036589007988766,0.24831650449875683,0,0,0,0,0,1,1,1,train
2161306,Minh Khai - Bắc Từ Liêm,21.05,105.74,2024-06-29,-1.3720689362308676,-1.2424633638809508,-0.6021437429750551,-1.7004059781288037,3,0,87,156,-0.2166455742766874,0.020366270462212326,0.18637793535094932,0,0,1,0,0,1,1,1,train
2161306,Minh Khai - Bắc Từ Liêm,21.05,105.74,2024-06-30,-1.2348668613523257,-1.2717965234696842,-0.3229318679045674,-1.0606186613650794,0,0,13,156,-0.16467049303194828,0.14439144172330137,0.12443936620314172,0,1,1,0,0,1,1,1,train
2161306,Minh Khai - Bắc Từ Liêm,21.05,105.74,2024-07-01,-1.0976647864737834,-1.3011296830584174,0.6779551497933619,0.40405607619433326,0,0,0,156,-0.11269541178720918,0.2684166129843903,0.06250079705533419,45954,1,1,1,0,0,0,0,train
2161306,Minh Khai - Bắc Từ Liêm,21.05,105.74,2024-07-02,-0.9604627115952414,-1.330462842647151,1.6788421674912914,-0.3129798025357997,0,0,11,156,-0.127020801533847,0.18674218262923983,0.14902330403347328,0,1,1,0,0,1,1,1,train
2161306,Minh Khai - Bắc Từ Liêm,21.05,105.74,2024-07-03,-0.8232606367166992,-1.3597960022358844,0.6302004741259377,-0.22949308555110037,0,0,0,156,-0.1413461912804848,0.10506775227408949,0.23554581101161232,0,1,1,1,0,1,1,1,train
2161306,Minh Khai - Bắc Từ Liêm,21.05,105.74,2024-07-04,-0.6860585618381573,-1.3891291618246178,-0.4184412192394156,-1.4133476158665754,27,24,59,156,-0.1556715810271227,0.023393321918939034,0.3220683179897514,0,0,0,0,0,1,1,1,train
2161306,Minh Khai - Bắc Từ Liêm,21.05,105.74,2024-07-05,-0.7822065151727126,-1.3262826865565616,-0.2861086626717536,-0.7956087627961286,131,155,152,156,-0.1699969707737605,-0.05828110843621142,0.4085908249678905,0,0,0,0,0,1,1,1,train
2161306,Minh Khai - Bắc Từ Liêm,21.05,105.74,2024-07-06,-0.5812378869180365,-1.1981203689793736,-0.5257271918314125,0.7003153979630927,29,139,71,156,-0.18432236052039833,-0.13995553879136186,0.4951133319460296,45954,0,0,0,0,0,0,0,train
2161306,Minh Khai - Bắc Từ Liêm,21.05,105.74,2024-07-07,-1.0006388279168017,-1.228916071844878,-0.6203403615392459,0.08463735103006512,77,85,109,156,0.27373507784738293,0.08630735625623459,-0.018020389597161946,0,0,0,0,0,1,1,1,train
2161306,Minh Khai - Bắc Từ Liêm,21.05,105.74,2024-07-08,-0.7927599334344692,-1.2367835742360933,-0.38148902124961154,-0.5981092273197234,56,129,75,156,0.7317925162151642,0.31257025130383104,-0.5311541111403535,0,0,0,0,0,1,1,1,train
2161306,Minh Khai - Bắc Từ Liêm,21.05,105.74,2024-07-09,-1.0560456693430627,-1.1018877349576042,-0.4757005610256247,-1.2683619668958612,21,143,61,156,1.1898499545829455,0.5388331463514275,-1.0442878326835447,0,0,0,0,0,1,1,1,train
2161306,Minh Khai - Bắc Từ Liêm,21.05,105.74,2024-07-10,-0.42280682665198827,-1.261718740534605,0.13415728637030222,-0.9116707414159568,2,2,7,156,1.6479073929507269,0.765096041399024,-1.5574215542267367,0,0,0,0,0,1,1,1,train
2161306,Minh Khai - Bắc Từ Liêm,21.05,105.74,2024-07-11,-0.30214422558107806,-1.220800800945541,-0.47581898365585884,-0.13722372475534358,92,96,25,140,2.105964831318508,0.9913589364466202,-2.070555275769928,45954,0,0,0,0,0,0,0,train
2161306,Minh Khai - Bắc Từ Liêm,21.05,105.74,2024-07-12,-1.1915953852327996,-1.0260787531499533,-0.0014478116745956862,0.38099962800024284,78,152,115,156,1.4843591008553856,0.5518340367218587,-1.400867467755067,0,0,0,0,0,1,1,1,train
2161306,Minh Khai - Bắc Từ Liêm,21.05,105.74,2024-07-13,-0.7505847015027219,-1.158733630588847,-0.146396622692522,-0.35670662571921286,64,122,81,156,0.8627533703922633,0.11230913699709709,-0.7311796597402062,0,0,0,0,0,1,1,1,train
2161306,Minh Khai - Bắc Từ Liêm,21.05,105.74,2024-07-14,-0.33020903083833497,-1.3128305065372305,-0.6755034460201159,-0.8825074618891793,8,2,19,156,0.24114763992914093,-0.3272157627276647,-0.061491851725345215,0,0,0,0,0,1,1,1,train
2161306,Minh Khai - Bắc Từ Liêm,21.05,105.74,2024-07-15,-1.2078950524526457,-1.2721390630912672,0.1044096704977482,-1.3750097893851203,33,141,66,156,-0.38045809053398116,-0.766740662452426,0.6081959562895157,0,0,0,0,0,1,1,1,train
2161306,Minh Khai - Bắc Từ Liêm,21.05,105.74,2024-07-16,-0.9652082989934425,-1.1260508234944198,-0.12722631986674168,-0.6689278334531916,11,86,69,156,-1.0020638209971033,-1.2062655621771878,1.2778837643043768,45954,0,0,0,0,0,0,0,train
2161306,Minh Khai - Bắc Từ Liêm,21.05,105.74,2024-07-17,-0.8105481894967763,-1.0806155744651065,-0.22663314865118087,0.21467280883548898,0,0,0,156,-0.6997982975668356,-0.8236238826855944,0.9774911687666463,0,1,1,1,0,1,1,1,train
2161306,Minh Khai - Bắc Từ Liêm,21.05,105.74,2024-07-18,-0.65588808000011,-1.0351803254357936,-0.32603997743562013,-0.2907472124493833,0,64,0,156,-0.3975327741365682,-0.440982203194001,0.6770985732289162,0,1,0,1,0,1,1,1,train
2161306,Minh Khai - Bắc Từ Liêm,21.05,105.74,2024-07-19,-0.5012279705034439,-1.0066129028076434,-0.42544680622005937,-0.9443366627542278,16,116,36,156,-0.09526725070630071,-0.05834052370240765,0.3767059776911859,0,0,0,0,0,1,1,1,train
2161306,Minh Khai - Bắc Từ Liêm,21.05,105.74,2024-07-20,-0.6324891549748534,-1.390907995169967,-0.14831706006766274,-1.3352839974879804,0,27,11,156,0.2069982727239669,0.3243011557891857,0.07631338215345577,0,1,0,0,0,1,1,1,train
2161306,Minh Khai - Bắc Từ Liêm,21.05,105.74,2024-07-21,-0.7637503394462628,-1.1847036429017666,0.6167616917151963,-1.0859995559647417,91,156,147,156,0.5092637961542343,0.7069428352807795,-0.2240792133842745,45954,0,0,0,0,0,0,0,train
2161306,Minh Khai - Bắc Từ Liêm,21.05,105.74,2024-07-22,-0.8957710002535177,-1.1728382994972184,0.43357886781644267,0.8166933119120507,0,0,0,156,0.8018254286143683,0.730061590137852,-0.5424301419751495,0,1,1,1,0,1,1,1,train
2161306,Minh Khai - Bắc Từ Liêm,21.05,105.74,2024-07-23,-1.0277916610607725,-1.16097295609267,0.2503960439176888,0.2983057569575956,0,0,0,156,1.0943870610745021,0.7531803449949245,-0.8607810705660243,0,1,1,1,0,1,1,1,train
2161306,Minh Khai - Bắc Từ Liêm,21.05,105.74,2024-07-24,-1.1598123218680272,-1.149107612688122,0.06721322001893519,-0.6256161457088675,14,80,30,156,1.386948693534636,0.776299099851997,-1.1791319991568991,0,0,0,0,0,1,1,1,train
2161306,Minh Khai - Bắc Từ Liêm,21.05,105.74,2024-07-25,-1.1717019177737154,-1.2192601908163148,-0.7516693839934122,-1.3822752269388603,12,16,37,156,1.6795103259947695,0.7994178547090695,-1.497482927747774,0,0,0,0,0,1,1,1,train
2161306,Minh Khai - Bắc Từ Liêm,21.05,105.74,2024-07-26,-1.1331744051372896,-0.8093108989450509,-0.17936568673571143,-1.175882858486512,134,26,156,156,1.9720719584549038,0.8225366095661419,-1.815833856338649,45954,0,0,0,0,0,0,0,train
2161306,Minh Khai - Bắc Từ Liêm,21.05,105.74,2024-07-27,-1.0557409315249155,-0.6981831549295536,-0.9442414650490532,-0.336521702682804,59,0,48,134,1.479491023107099,0.3611719621970252,-1.3898207803670115,0,0,1,0,0,1,1,1,train
2161306,Minh Khai - Bắc Từ Liêm,21.05,105.74,2024-07-28,-1.0077202576959376,-0.5870554109140568,-3.5464599231951177,0.1940848965504566,0,0,2,156,0.9869100877592947,-0.10019268517209155,-0.9638077043953744,0,1,1,0,0,1,1,1,train
2161306,Minh Khai - Bắc Từ Liêm,21.05,105.74,2024-07-29,-0.9596995838669594,-0.4759276668985595,-2.8988517305227504,0.09956766932564522,0,12,0,156,0.49432915241148995,-0.5615573325412084,-0.537794628423737,0,1,0,1,0,1,1,1,train
2161306,Minh Khai - Bắc Từ Liêm,21.05,105.74,2024-07-30,-0.9116789100379814,-0.6560372362512413,-2.2512435378503826,-0.3835068403749748,0,0,0,156,0.0017482170636854918,-1.0229219799103253,-0.11178155245209975,0,1,1,1,0,1,1,1,train
2161306,Minh Khai - Bắc Từ Liêm,21.05,105.74,2024-07-31,-0.8636582362090032,-0.8361468056039236,-1.6036353451780145,-1.1062133252703321,0,0,0,156,-0.49083271828411906,-1.484286627279442,0.3142315235195377,45954,1,1,1,0,0,0,0,train
2161306,Minh Khai - Bắc Từ Liêm,21.05,105.74,2024-08-01,-0.8156375623800252,-1.0162563749566054,-0.9560271525056471,-1.1602423277239797,0,0,0,156,-0.02679340671852874,-1.0216812548351777,-0.04980393725570569,0,1,1,1,0,1,1,1,train
2161306,Minh Khai - Bắc Từ Liêm,21.05,105.74,2024-08-02,-0.7676168885510471,-1.1963659443092873,-0.3084189598332794,-0.0013285624414331456,0,12,0,156,0.4372459048470615,-0.5590758823909135,-0.4138393980309491,0,1,0,1,0,1,1,1,train
2161306,Minh Khai - Bắc Từ Liêm,21.05,105.74,2024-08-03,-0.7195962147220689,-0.8619496389454793,0.3391892328390886,-0.18859940795242322,5,41,10,156,0.9012852164126517,-0.09647050994664906,-0.7778748588061927,0,0,0,0,0,1,1,1,train
2161306,Minh Khai - Bắc Từ Liêm,21.05,105.74,2024-08-04,-1.2037355461638166,-1.1273540285754093,0.10087001528925638,-0.6872164875604518,111,151,132,156,1.365324527978242,0.366134862497615,-1.141910319581436,0,0,0,0,0,1,1,1,train
2161306,Minh Khai - Bắc Từ Liêm,21.05,105.74,2024-08-05,-0.6181414844535957,-1.1518120666351004,-0.17279716839156853,-1.2758843333316265,51,104,75,156,1.8293638395438323,0.8287402349418794,-1.5059457803566794,45954,0,0,0,0,0,0,0,train
2161306,Minh Khai - Bắc Từ Liêm,21.05,105.74,2024-08-06,-0.9219724475114417,-1.0089678627060092,-0.204459463449337,-1.444898864807327,44,137,137,156,2.0697252552304084,0.8913177362121643,-1.7981055897412637,0,0,0,0,0,1,1,1,train
2161306,Minh Khai - Bắc Từ Liêm,21.05,105.74,2024-08-07,-1.1386511856833292,-1.06462236953401,1.8897639420810521,1.0209213740520493,102,98,35,156,2.3100866709169847,0.9538952374824491,-2.090265399125849,0,0,0,0,0,1,1,1,train
2161306,Minh Khai - Bắc Từ Liêm,21.05,105.74,2024-08-08,-0.974921594927235,-1.187422551148062,0.30091928075207064,-0.03169881645479812,107,155,132,156,2.5504480866035606,1.0164727387527337,-2.382425208510433,0,0,0,0,0,1,1,1,train
2161306,Minh Khai - Bắc Từ Liêm,21.05,105.74,2024-08-09,-1.0109293749216053,-1.2363181730703015,-0.19961924386314198,-0.1178845408863838,150,71,155,156,2.7908095022901365,1.0790502400230184,-2.674585017895018,0,0,0,0,0,1,1,1,train
2161306,Minh Khai - Bắc Từ Liêm,21.05,105.74,2024-08-10,-0.798459114228307,-1.1160489938114173,0.1966402010721389,-0.17806810091466407,141,154,153,156,3.031170917976713,1.1416277412933034,-2.9667448272796024,45954,0,0,0,0,0,0,0,train
2161306,Minh Khai - Bắc Từ Liêm,21.05,105.74,2024-08-11,-0.41992456765050107,-0.9779187550647189,-1.0438153150149794,-1.614633059934448,0,0,7,156,2.52440306600556,0.9250525228861586,-2.4473636417988183,0,1,1,0,0,1,1,1,train
2161306,Minh Khai - Bắc Từ Liêm,21.05,105.74,2024-08-12,-0.04139002107269489,-0.8397885163180204,-1.1606240299216273,0.9708763817941639,6,0,29,50,2.017635214034408,0.7084773044790138,-1.9279824563180339,0,0,1,0,0,1,1,1,train
2161306,Minh Khai - Bắc Từ Liêm,21.05,105.74,2024-08-13,-0.6759697355372895,-0.7016582775713224,-0.9227410132462398,0.19440225776918613,7,7,38,156,1.5108673620632551,0.49190208607186914,-1.4086012708372497,0,0,0,0,0,1,1,1,train
2161306,Minh Khai - Bắc Từ Liêm,21.05,105.74,2024-08-14,-0.7764797405089968,-0.7504733099568003,-0.34639222354039806,-0.32742855834695545,0,0,3,156,1.0040995100921029,0.2753268676647242,-0.8892200853564655,0,1,1,0,0,1,1,1,train
2161306,Minh Khai - Bắc Từ Liêm,21.05,105.74,2024-08-15,-0.8769897454807041,-0.7992883423422776,0.06588561674970549,-1.1402774844017187,21,23,46,156,0.49733165812094976,0.058751649257579565,-0.36983889987568147,45954,0,0,0,0,0,0,0,train
2161306,Minh Khai - Bắc Từ Liêm,21.05,105.74,2024-08-16,-1.0052281642338912,-0.23748081821987746,-0.42411162129775504,-1.5514823057682683,53,71,89,156,0.320488015192574,-0.10649196799488202,-0.16051465661239725,0,0,0,0,0,1,1,1,train
2161306,Minh Khai - Bắc Từ Liêm,21.05,105.74,2024-08-17,-0.9354050799338712,-0.08360498396201259,-0.2432310394196311,-1.2372707054607726,0,2,114,156,0.14364437226419824,-0.27173558524734354,0.048809586650887075,0,1,0,0,0,1,1,1,train
2161306,Minh Khai - Bắc Từ Liêm,21.05,105.74,2024-08-18,-0.8655819956338512,0.14417650087816594,-0.6725912074884616,0.7840350649952911,23,18,43,156,-0.03319927066417754,-0.436979202499805,0.2581338299141714,0,0,0,0,0,1,1,1,train
2161306,Minh Khai - Bắc Từ Liêm,21.05,105.74,2024-08-19,-0.5130301541040933,-0.0060999401268081255,-0.0234891423288143,-0.05781421590234357,30,39,60,156,-0.2100429135925533,-0.6022228197522665,0.46745807317745564,0,0,0,0,0,1,1,1,train
2161306,Minh Khai - Bắc Từ Liêm,21.05,105.74,2024-08-20,-0.7238011398863753,-0.3101815802288356,-0.6962259178884057,-0.9417178037405536,48,43,87,156,-0.38688655652092907,-0.7674664370047282,0.6767823164407399,45954,0,0,0,0,0,0,0,train
2161306,Minh Khai - Bắc Từ Liêm,21.05,105.74,2024-08-21,-0.6565721330916223,-0.5319263496839158,-1.2033448309823718,-1.81006707114659,0,0,33,156,-0.12657308014244753,-0.7389251576762343,0.37725079525993666,0,1,1,0,0,1,1,1,train
2161306,Minh Khai - Bắc Từ Liêm,21.05,105.74,2024-08-22,-0.5893431262968694,-0.7536711191389961,-0.33002495785973135,-1.552704479790066,36,4,91,156,0.13374039623603415,-0.7103838783477405,0.07771927407913329,0,0,0,0,0,1,1,1,train
2161306,Minh Khai - Bắc Từ Liêm,21.05,105.74,2024-08-23,0.028448223997212106,-0.9527448655585936,-0.333394711943876,0.6371608513785013,0,0,0,156,0.3940538726145157,-0.6818425990192468,-0.22181224710167008,0,1,1,1,0,1,1,1,train
2161306,Minh Khai - Bắc Từ Liêm,21.05,105.74,2024-08-24,0.6462395742912935,-1.1518186119781906,-0.3367644660280207,-0.018599355336149502,34,88,67,156,0.6543673489929972,-0.653301319690753,-0.5213437682824733,0,0,0,0,0,1,1,1,train
2161306,Minh Khai - Bắc Từ Liêm,21.05,105.74,2024-08-25,-0.9483561200342,-1.1791710552957144,0.5733638908967701,-0.7400453538252788,3,13,16,156,0.9146808253714788,-0.6247600403622592,-0.8208752894632766,45954,0,0,0,0,0,0,0,train
2161306,Minh Khai - Bắc Từ Liêm,21.05,105.74,2024-08-26,-1.0018185768639079,-0.9155928163872046,0.045292660912007524,-0.8678901076972803,91,156,137,156,0.5659127924389695,-0.8985713034352059,-0.485825883498591,0,0,0,0,0,1,1,1,train
2161306,Minh Khai - Bắc Từ Liêm,21.05,105.74,2024-08-27,-0.3626618323138472,-0.9982937717433925,-0.1667259154976603,-1.0944528864667593,149,156,156,156,0.21714475950646017,-1.1723825665081529,-0.15077647753390544,0,0,0,0,0,1,1,1,train
2161306,Minh Khai - Bắc Từ Liêm,21.05,105.74,2024-08-28,-0.8540332950309778,-0.8845924351889002,-0.4560125894397536,0.4139255987537995,106,156,67,134,-0.13162327342604907,-1.4461938295810999,0.1842729284307801,0,0,0,0,0,1,1,1,train
2161306,Minh Khai - Bắc Từ Liêm,21.05,105.74,2024-08-29,-0.7133728772689161,-0.5704098307283603,-0.1183979267367472,0.6108310459136449,0,0,0,156,-0.4803913063585584,-1.7200050926540467,0.5193223343954657,0,1,1,1,0,1,1,1,train
2161306,Minh Khai - Bắc Từ Liêm,21.05,105.74,2024-08-30,-0.5727124595068547,-0.25622722626782,0.21921673596625912,-0.16845996407539673,154,102,155,156,-0.8291593392910678,-1.9938163557269935,0.8543717403601514,45954,0,0,0,0,0,0,0,train
2161306,Minh Khai - Bắc Từ Liêm,21.05,105.74,2024-08-31,-0.3266154843358315,-0.6818831597681232,-0.2754075314624963,-1.2684698268588872,142,141,152,156,-0.052105000825120325,-1.4092403332417818,0.1156593192093901,0,0,0,0,0,1,1,1,train
2161306,Minh Khai - Bắc Từ Liêm,21.05,105.74,2024-09-01,-0.8427927259750754,-1.5641315908719333,-0.5973426030239942,-1.4212695300059095,0,16,3,156,0.7249493376408274,-0.8246643107565698,-0.6230531019413712,0,1,0,0,0,1,1,1,train
2161306,Minh Khai - Bắc Từ Liêm,21.05,105.74,2024-09-02,-1.3589699676143192,-1.1621168911585302,0.10000584637836851,-0.8346824976188946,74,154,156,156,1.5020036761067752,-0.24008828827135809,-1.3617655230921322,0,0,0,0,0,1,1,1,train
2161306,Minh Khai - Bắc Từ Liêm,21.05,105.74,2024-09-03,-1.1059698942783904,-0.7895663260762659,0.45362172743514234,0.5968553569724394,154,95,156,156,2.279058014572722,0.34448773421385415,-2.1004779442428934,0,0,0,0,0,1,1,1,train
2161306,Minh Khai - Bắc Từ Liêm,21.05,105.74,2024-09-04,-0.8611153410278977,-0.4738309753295266,0.279300313292605,-0.05294463121502454,156,156,156,156,3.05611235303867,0.9290637566990658,-2.8391903653936543,45954,0,0,0,0,0,0,0,train
2161306,Minh Khai - Bắc Từ Liêm,21.05,105.74,2024-09-05,-0.9395009617365216,-0.38241925921435055,-0.014445846544719513,-0.7246180346175657,131,156,152,156,2.394960658057507,0.258362837084257,-2.233587476740757,0,0,0,0,0,1,1,1,train
2161306,Minh Khai - Bắc Từ Liêm,21.05,105.74,2024-09-06,-0.5864920134795433,-0.47553031002862534,-0.2564984351904228,-1.5636222253055443,75,120,119,156,1.733808963076343,-0.4123380825305518,-1.6279845880878598,0,0,0,0,0,1,1,1,train
2161306,Minh Khai - Bắc Từ Liêm,21.05,105.74,2024-09-07,-0.6694054393471383,-0.540601929223809,-0.224831044755957,-0.8535619328746901,0,0,0,156,1.0726572680951794,-1.0830390021453606,-1.0223816994349626,0,1,1,1,0,1,1,1,train
2161306,Minh Khai - Bắc Từ Liêm,21.05,105.74,2024-09-08,-0.7523188652147332,-0.6056735484189927,-0.1931636543214912,0.7923210811637439,0,0,0,156,0.41150557311401614,-1.753739921760169,-0.41677881078206563,0,1,1,1,0,1,1,1,train
2161306,Minh Khai - Bắc Từ Liêm,21.05,105.74,2024-09-09,-0.8352322910823282,-0.6707451676141769,-0.1614962638870254,0.346787665333559,0,0,0,156,-0.24964612186714724,-2.4244408413749783,0.18882407787083175,45954,1,1,1,0,0,0,0,train
2161306,Minh Khai - Bắc Từ Liêm,21.05,105.74,2024-09-10,-0.9181457169499232,-0.7358167868093606,-0.1298288734525596,-0.3599048587646237,0,10,0,156,0.3684049951597232,-1.732218651026412,-0.3665945482768149,0,1,0,1,0,1,1,1,train
2161306,Minh Khai - Bắc Từ Liêm,21.05,105.74,2024-09-11,-1.0010591428175182,-0.7382486544890073,-0.0981614830180938,-0.22237390992950398,0,0,0,156,0.9864561121865936,-1.0399964606778451,-0.9220131744244617,0,1,1,1,0,1,1,1,train
2161306,Minh Khai - Bắc Từ Liêm,21.05,105.74,2024-09-12,-1.0839725686851132,-0.740680522168654,-0.066494092583628,-1.4688651574777332,2,38,42,156,1.6045072292134643,-0.3477742703292784,-1.477431800572108,0,0,0,0,0,1,1,1,train
2161306,Minh Khai - Bắc Từ Liêm,21.05,105.74,2024-09-13,-1.2358317206589748,-0.8738504362917514,-0.9126780200085054,0.08272513602664854,9,128,43,134,2.2225583462403344,0.34444792001928864,-2.032850426719755,0,0,0,0,0,1,1,1,train
2161306,Minh Khai - Bắc Từ Liêm,21.05,105.74,2024-09-14,-0.7020255801990605,-0.501170873406135,-0.7263670355094989,0.16381913560896852,78,107,142,156,2.8406094632672048,1.036670110367855,-2.588269052867401,45954,0,0,0,0,0,0,0,train
2161306,Minh Khai - Bắc Từ Liêm,21.05,105.74,2024-09-15,-0.7380090014669176,-0.2706457989217621,-0.3520105656895114,-0.7653585224016457,91,146,139,156,2.6595130895390566,1.0173915061969412,-2.4059734483883206,0,0,0,0,0,1,1,1,train
2161306,Minh Khai - Bắc Từ Liêm,21.05,105.74,2024-09-16,-0.9653885789433121,-0.39498904516869177,-0.03458503114325522,-0.794057275465291,155,137,156,156,2.4784167158109085,0.9981129020260276,-2.2236778439092397,0,0,0,0,0,1,1,1,train
2161306,Minh Khai - Bắc Từ Liêm,21.05,105.74,2024-09-17,-0.5333521406183098,-1.270182141869404,-0.859907202895351,-1.7024470756351058,0,66,26,156,2.2973203420827604,0.9788342978551139,-2.041382239430159,0,1,0,0,0,1,1,1,train
2161306,Minh Khai - Bắc Từ Liêm,21.05,105.74,2024-09-18,-0.10131570229330755,-0.866432926237807,0.23155976019827804,-0.6169169948259996,0,84,36,156,2.1162239683546122,0.9595556936842,-1.8590866349510782,0,1,0,0,0,1,1,1,train
2161306,Minh Khai - Bắc Từ Liêm,21.05,105.74,2024-09-19,0.3307207360316952,-0.7798445825328821,0.3556617927967359,0.8862788146919197,3,15,34,156,1.935127594626464,0.9402770895132864,-1.6767910304719975,45954,0,0,0,0,0,0,0,train
2161306,Minh Khai - Bắc Từ Liêm,21.05,105.74,2024-09-20,-0.8907109400044556,-0.9577284625131754,-0.37203563012964985,-0.22564512463317501,24,51,36,156,2.171717184060853,0.9527369638187866,-1.9370246991485807,0,0,0,0,0,1,1,1,train
2161306,Minh Khai - Bắc Từ Liêm,21.05,105.74,2024-09-21,-1.2232307738180868,-0.3160786616280676,0.03782875602601717,-1.0838882240639116,62,103,91,156,2.4083067734952426,0.9651968381242869,-2.197258367825164,0,0,0,0,0,1,1,1,train
2161306,Minh Khai - Bắc Từ Liêm,21.05,105.74,2024-09-22,-0.8357890529120277,-0.43834348872208423,-0.5107782418059198,-0.5580956296851398,0,0,0,156,2.644896362929632,0.977656712429787,-2.4574920365017467,0,1,1,1,0,1,1,1,train
2161306,Minh Khai - Bắc Từ Liêm,21.05,105.74,2024-09-23,-0.4483473320059685,-0.5606083158161014,-1.0593852396378567,-0.864284383772729,3,74,17,156,2.881485952364021,0.9901165867352875,-2.7177257051783297,0,0,0,0,0,1,1,1,train
2161306,Minh Khai - Bắc Từ Liêm,21.05,105.74,2024-09-24,-0.39501110920167964,-0.04978465078349672,-0.1030034731950004,0.47608895796637096,156,26,156,156,3.1180755417984103,1.0025764610407877,-2.9779593738549126,45954,0,0,0,0,0,0,0,train
2161306,Minh Khai - Bắc Từ Liêm,21.05,105.74,2024-09-25,-0.1329322086366013,-0.7996082459856807,-0.2143088440477531,0.13202382811954244,0,4,0,156,2.481933020511934,1.0124770749592675,-2.329924254154089,0,1,0,1,0,1,1,1,train
2161306,Minh Khai - Bắc Từ Liêm,21.05,105.74,2024-09-26,0.12914669192847705,-0.42850065633158324,-0.3256142149005058,-0.9756268021942316,77,125,110,156,1.845790499225458,1.0223776888777478,-1.6818891344532652,0,0,0,0,0,1,1,1,train
2161306,Minh Khai - Bắc Từ Liêm,21.05,105.74,2024-09-27,-0.46734295202998755,-0.5886373839752993,-0.21913080592755155,-1.1633353883469713,128,143,150,156,1.209647977938982,1.032278302796228,-1.0338540147524415,0,0,0,0,0,1,1,1,train
2161306,Minh Khai - Bắc Từ Liêm,21.05,105.74,2024-09-28,0.5512687056681318,-0.5250180127776606,0.055370422093614334,-1.0238784284666524,116,147,156,156,0.5735054566525061,1.0421789167147077,-0.3858188950516178,0,0,0,0,0,1,1,1,train
2161306,Minh Khai - Bắc Từ Liêm,21.05,105.74,2024-09-29,0.44193972102814183,-0.7232183649790139,-0.26908030475089906,-0.18452246857478466,0,152,0,143,-0.06263706463397005,1.0520795306331878,0.2622162246492057,45954,1,0,1,0,0,0,0,train
2161306,Minh Khai - Bắc Từ Liêm,21.05,105.74,2024-09-30,0.3326107363881515,-0.5841003703251281,-0.5935310315954125,0.5168033616757824,0,81,6,156,0.5729877244258174,1.0340060786269527,-0.40455615456885596,0,1,0,0,0,1,1,1,train
2161306,Minh Khai - Bắc Từ Liêm,21.05,105.74,2024-10-01,0.22328175174816156,-0.8974253984798848,-0.6197157821681601,-0.12616978065421694,6,61,9,156,1.2086125134856045,1.0159326266207176,-1.0713285337869178,0,0,0,0,0,1,1,1,train
2161306,Minh Khai - Bắc Từ Liêm,21.05,105.74,2024-10-02,-0.6838868291274828,-0.10949754304839313,-0.22486422611646104,-0.7151510832448507,104,115,116,156,1.8442373025453918,0.9978591746144825,-1.7381009130049792,0,0,0,0,0,1,1,1,train
2161306,Minh Khai - Bắc Từ Liêm,21.05,105.74,2024-10-03,-0.47447828274115444,-0.08761891561044233,-0.4198846869123818,-0.393285008949976,156,75,156,156,2.4798620916051792,0.9797857226082474,-2.4048732922230407,0,0,0,0,0,1,1,1,train
2161306,Minh Khai - Bắc Từ Liêm,21.05,105.74,2024-10-04,0.22158019320653485,0.3047212215743385,1.3259861727294886,-0.46669739038478675,116,30,142,156,3.1154868806649665,0.9617122706020123,-3.0716456714411025,45954,0,0,0,0,0,0,0,train
2161306,Minh Khai - Bắc Từ Liêm,21.05,105.74,2024-10-05,0.05545063354707398,0.12608080902218083,2.612246176098426,0.2584615910279785,156,103,156,156,2.284747022982756,0.8088995812286184,-2.164123028370151,0,0,0,0,0,1,1,1,train
2161306,Minh Khai - Bắc Từ Liêm,21.05,105.74,2024-10-06,-0.24151015368716822,0.2143502150100841,0.3933897264587267,-0.30911111769363847,156,130,156,156,1.4540071653005449,0.6560868918552245,-1.2566003852991994,0,0,0,0,0,1,1,1,train
2161306,Minh Khai - Bắc Từ Liêm,21.05,105.74,2024-10-07,-0.45277376933950236,-0.13815250964033854,0.5452009335432451,-0.782033457682236,130,136,146,156,0.6232673076183343,0.5032742024818305,-0.34907774222824756,0,0,0,0,0,1,1,1,train
2161306,Minh Khai - Bắc Từ Liêm,21.05,105.74,2024-10-08,-0.02599555965321463,0.23164955679042087,0.2951754575932502,-0.9790400982113241,154,97,156,156,-0.20747255006387663,0.3504615131084368,0.5584449008427039,0,0,0,0,0,1,1,1,train
2161306,Minh Khai - Bắc Từ Liêm,21.05,105.74,2024-10-09,-0.2861037504355346,-0.159863412661676,1.2076129395241264,-0.32616183087420675,7,44,40,156,-1.038212407746087,0.19764882373504283,1.4659675439136557,45954,0,0,0,0,0,0,0,train
2161306,Minh Khai - Bắc Từ Liêm,21.05,105.74,2024-10-10,-0.4094421322402239,-0.2775271362877848,-0.8271454380501205,0.1801261615112467,13,48,28,156,-0.5235071598132247,0.3726429634674338,0.9018874620592955,0,0,0,0,0,1,1,1,train
2161306,Minh Khai - Bắc Từ Liêm,21.05,105.74,2024-10-11,0.10235539134172782,0.06690081677365363,0.1727717385401282,-0.0785362887213974,44,126,108,156,-0.008801911880362308,0.5476371031998247,0.3378073802049351,0,0,0,0,0,1,1,1,train
2161306,Minh Khai - Bắc Từ Liêm,21.05,105.74,2024-10-12,-0.2628060240778913,0.09681439829680517,0.10886405447536227,-0.9026335576478579,43,136,107,156,0.5059033360525,0.7226312429322157,-0.2262727016494252,0,0,0,0,0,1,1,1,train
2161306,Minh Khai - Bắc Từ Liêm,21.05,105.74,2024-10-13,-0.6355527723073322,-0.04006863441531764,0.41054091413637267,-1.4246404226045366,46,124,91,156,1.0206085839853625,0.8976253826646067,-0.7903527835037853,0,0,0,0,0,1,1,1,train
2161306,Minh Khai - Bắc Từ Liêm,21.05,105.74,2024-10-14,-0.3809944382505906,0.10064342400301626,0.6691629148692618,-0.8080136141141265,42,150,155,156,1.5353138319182253,1.0726195223969976,-1.3544328653581457,45954,0,0,0,0,0,0,0,train
2161306,Minh Khai - Bắc Từ Liêm,21.05,105.74,2024-10-15,-0.336663839627545,-0.4779883590806186,2.7745759733027398,0.5761118435516543,6,156,22,145,1.215493342756308,0.9965337813706011,-1.0203148267884616,0,0,0,0,0,1,1,1,train
2161306,Minh Khai - Bắc Từ Liêm,21.05,105.74,2024-10-16,-0.23477109632112322,-0.42256539376433966,0.05643822583371087,-0.016828833445844373,0,38,20,156,0.8956728535943902,0.9204480403442049,-0.6861967882187776,0,1,0,0,0,1,1,1,train
2161306,Minh Khai - Bắc Từ Liêm,21.05,105.74,2024-10-17,-0.13287835301470147,-0.17699175735385358,0.33827734137571824,-0.6634518798818172,77,155,121,156,0.5758523644324726,0.8443622993178086,-0.35207874964909375,0,0,0,0,0,1,1,1,train
2161306,Minh Khai - Bắc Từ Liêm,21.05,105.74,2024-10-18,0.5948972147467874,-0.4016402046361369,0.3507322763887048,-1.2729777283036336,95,150,134,156,0.25603187527055515,0.7682765582914123,-0.017960711079409684,0,0,0,0,0,1,1,1,train
2161306,Minh Khai - Bắc Từ Liêm,21.05,105.74,2024-10-19,-0.40863474195101185,-0.7278502861039569,0.3280561102008055,-1.5673881266502703,37,134,106,156,-0.06378861389136208,0.6921908172650159,0.31615732749027436,45954,0,0,0,0,0,0,0,train
2161306,Minh Khai - Bắc Từ Liêm,21.05,105.74,2024-10-20,-0.29012522394078966,-0.5438631464171698,0.2727115776914423,-0.4921525208283259,2,156,150,156,0.46130994351387267,0.6478615176493469,-0.23757757092765827,0,0,0,0,0,1,1,1,train
2161306,Minh Khai - Bắc Từ Liêm,21.05,105.74,2024-10-21,-0.49029451804757457,-0.49569883022364586,0.2859565395600954,0.8869117006432973,0,0,0,156,0.9864085009191073,0.6035322180336778,-0.791312469345591,0,1,1,1,0,1,1,1,train
2161306,Minh Khai - Bắc Từ Liêm,21.05,105.74,2024-10-22,-0.6904638121543596,-0.4475345140301213,0.2992015014287486,-0.6507455462308427,138,156,152,156,1.5115070583243422,0.5592029184180088,-1.3450473677635235,0,0,0,0,0,1,1,1,train
2161306,Minh Khai - Bắc Từ Liêm,21.05,105.74,2024-10-23,-0.802493274570288,-0.17426344017686196,0.563527603039932,-0.6693343687623384,93,105,100,156,2.036605615729577,0.5148736188023398,-1.8987822661814557,0,0,0,0,0,1,1,1,train
2161306,Minh Khai - Bắc Từ Liêm,21.05,105.74,2024-10-24,-0.2922241342086596,-0.5331871463961522,-0.14916975765836937,-1.2477318079655655,156,85,156,156,2.5617041731348116,0.4705443191866707,-2.4525171645993886,45954,0,0,0,0,0,0,0,train
2161306,Minh Khai - Bắc Từ Liêm,21.05,105.74,2024-10-25,0.4537244390835655,-0.4483047918224691,0.4586316651816161,-1.2707475473848509,107,0,156,156,1.9622272921628476,0.4545596941333962,-1.8798509838107296,0,0,1,0,0,1,1,1,train
2161306,Minh Khai - Bắc Từ Liêm,21.05,105.74,2024-10-26,-0.6528691626223612,-0.36342243724878653,2.9881663037229735,1.1427366007107662,155,0,156,156,1.3627504111908837,0.43857506908012167,-1.307184803022071,0,0,1,0,0,1,1,1,train
2161306,Minh Khai - Bắc Từ Liêm,21.05,105.74,2024-10-27,-0.6240128679112549,-0.27854008267510344,2.441416617089197,0.36195576751703545,0,0,0,156,0.7632735302189194,0.42259044402684715,-0.7345186222334119,0,1,1,1,0,1,1,1,train
2161306,Minh Khai - Bắc Từ Liêm,21.05,105.74,2024-10-28,-0.5951565732001487,-0.19365772810142087,1.89466693045542,-0.29968435998377885,0,0,0,156,0.16379664924695547,0.4066058189735726,-0.16185244144475305,0,1,1,1,0,1,1,1,train
2161306,Minh Khai - Bắc Từ Liêm,21.05,105.74,2024-10-29,-0.5663002784890424,-0.10877537352773778,1.3479172438216436,-1.08110058750012,4,148,14,156,-0.4356802317250087,0.3906211939202981,0.41081373934390597,45954,0,0,0,0,0,0,0,train
2161306,Minh Khai - Bắc Từ Liêm,21.05,105.74,2024-10-30,-0.04300784649193318,0.1351502000378342,0.2583108090911753,-0.5597840024175588,149,80,156,156,-0.5671890991648819,0.34424256909147133,0.5823865288587357,0,0,0,0,0,1,1,1,train
2161306,Minh Khai - Bắc Từ Liêm,21.05,105.74,2024-10-31,0.33586905437491116,0.29403103997663216,-0.7675825760990579,0.9055773868361521,149,97,65,154,-0.6986979666047551,0.2978639442626446,0.7539593183735653,0,0,0,0,0,1,1,1,train
2161306,Minh Khai - Bắc Từ Liêm,21.05,105.74,2024-11-01,0.09298438626278986,0.04684124926878268,0.5303431726640895,0.20785545895483576,156,152,156,156,-0.8302068340446284,0.25148531943381786,0.925532107888395,0,0,0,0,0,1,1,1,train
2161306,Minh Khai - Bắc Từ Liêm,21.05,105.74,2024-11-02,0.057750757045410724,0.06757116899487416,0.25534833629375014,-0.24936673166209827,156,136,156,156,-0.9617157014845015,0.20510669460499115,1.0971048974032247,0,0,0,0,0,1,1,1,train
2161306,Minh Khai - Bắc Từ Liêm,21.05,105.74,2024-11-03,0.12330805742535221,-0.1140430111000524,-1.4861745615937891,-0.8642595389528958,0,0,0,156,-1.093224568924375,0.1587280697761644,1.2686776869180543,45954,1,1,1,0,0,0,0,train
2161306,Minh Khai - Bắc Từ Liêm,21.05,105.74,2024-11-04,0.1888653578052937,-0.29565719119497896,-3.227697459481328,-0.9029119868547393,0,149,3,156,-0.3866560441959543,0.3085209121538881,0.5677409020304234,0,1,0,0,0,1,1,1,train
2161306,Minh Khai - Bắc Từ Liêm,21.05,105.74,2024-11-05,0.25442265818523474,-0.15131492186673337,-2.0514024189981277,-0.3322826150218786,0,21,0,156,0.31991248053246624,0.4583137545316118,-0.13319588285720757,0,1,0,1,0,1,1,1,train
2161306,Minh Khai - Bắc Từ Liêm,21.05,105.74,2024-11-06,0.3199799585651762,0.31322730400052345,-0.8751073785149271,0.5455492213539554,0,0,0,156,1.0264810052608866,0.6081065969093356,-0.8341326677448383,0,1,1,1,0,1,1,1,train
2161306,Minh Khai - Bắc Từ Liêm,21.05,105.74,2024-11-07,0.3855372589451177,0.7777695298677803,0.3011876619682729,-0.6382813898501178,89,123,125,156,1.733049529989307,0.7578994392870592,-1.5350694526324697,0,0,0,0,0,1,1,1,train
2161306,Minh Khai - Bắc Từ Liêm,21.05,105.74,2024-11-08,-0.03660302383942175,0.596833610950304,0.14598580474044554,-0.9651444382570814,145,82,156,156,2.4396180547177275,0.9076922816647828,-2.2360062375200997,45954,0,0,0,0,0,0,0,train
2161306,Minh Khai - Bắc Từ Liêm,21.05,105.74,2024-11-09,0.4387247920229835,0.3968041080786139,1.0585802454957096,-0.6110661592015161,156,112,156,156,2.0599697822625735,0.853314832906358,-1.8239935722799192,0,0,0,0,0,1,1,1,train
2161306,Minh Khai - Bắc Từ Liêm,21.05,105.74,2024-11-10,0.10313867664116141,0.313840793553669,-0.1833441751755724,0.14921145656325438,156,143,156,156,1.68032150980742,0.7989373841479332,-1.4119809070397384,0,0,0,0,0,1,1,1,train
2161306,Minh Khai - Bắc Từ Liêm,21.05,105.74,2024-11-11,0.547700405970712,0.31752445809880314,1.202062983420131,0.5596335167972446,156,128,156,156,1.3006732373522663,0.7445599353895084,-0.9999682417995573,0,0,0,0,0,1,1,1,train
2161306,Minh Khai - Bắc Từ Liêm,21.05,105.74,2024-11-12,1.1411934190946094,-0.12182596947638528,1.3704160551444595,-0.17616293323995014,82,153,151,156,0.9210249648971124,0.6901824866310835,-0.5879555765593766,0,0,0,0,0,1,1,1,train
2161306,Minh Khai - Bắc Từ Liêm,21.05,105.74,2024-11-13,-0.18130857605723158,-0.28346539880394456,0.42739283582700893,-0.7750679496602333,121,141,149,156,0.5413766924419586,0.6358050378726586,-0.1759429113191956,45954,0,0,0,0,0,0,0,train
2161306,Minh Khai - Bắc Từ Liêm,21.05,105.74,2024-11-14,0.728526397293015,-0.14661836547880364,-0.5209351452127202,-1.0335777027940583,112,130,156,156,0.5081880619723328,0.5817009780310465,-0.14047998145350865,0,0,0,0,0,1,1,1,train
2161306,Minh Khai - Bắc Từ Liêm,21.05,105.74,2024-11-15,0.5969623780289675,-0.2817172467543129,0.24007032857085303,-0.28297436722904884,24,156,156,156,0.4749994315027069,0.5275969181894344,-0.10501705158782171,0,0,0,0,0,1,1,1,train
2161306,Minh Khai - Bắc Từ Liêm,21.05,105.74,2024-11-16,-0.09406906573460182,-0.4057108625913196,-0.3656015625768712,0.8242607693068886,80,156,91,154,0.4418108010330811,0.4734928583478223,-0.06955412172213475,0,0,0,0,0,1,1,1,train
2161306,Minh Khai - Bắc Từ Liêm,21.05,105.74,2024-11-17,-0.2363502903225323,-0.33984425693363085,0.30249547386705306,-0.04241565337912475,156,155,156,156,0.40862217056345523,0.4193887985062101,-0.03409119185644781,0,0,0,0,0,1,1,1,train
2161306,Minh Khai - Bắc Từ Liêm,21.05,105.74,2024-11-18,-0.5457517896498195,0.018693819488746863,0.839489169947108,-0.26153125712670905,9,93,40,156,0.37543354009382945,0.36528473866459793,0.0013717380092391363,45954,0,0,0,0,0,0,0,train
2161306,Minh Khai - Bắc Từ Liêm,21.05,105.74,2024-11-19,-0.3538748023293852,0.06805634255123268,-0.5022656035955422,-1.0315636001400754,148,138,156,156,0.24262024090952053,0.38876884893328423,0.09586593584454885,0,0,0,0,0,1,1,1,train
2161306,Minh Khai - Bắc Từ Liêm,21.05,105.74,2024-11-20,-0.1630671884765449,0.2600669819728117,0.10839773629805957,-0.7473195109552101,156,52,156,156,0.10980694172521172,0.41225295920197047,0.19036013367985855,0,0,0,0,0,1,1,1,train
2161306,Minh Khai - Bắc Từ Liêm,21.05,105.74,2024-11-21,-0.4940094141433577,0.3669306167818755,-0.5210770570135234,0.3612845915773992,130,78,155,156,-0.0230063574590971,0.43573706947065666,0.28485433151516826,0,0,0,0,0,1,1,1,train
2161306,Minh Khai - Bắc Từ Liêm,21.05,105.74,2024-11-22,0.06068268501267836,-0.32645384858968807,-0.8582655191820302,0.5645725893400347,94,139,142,156,-0.15581965664340605,0.4592211797393429,0.379348529350478,0,0,0,0,0,1,1,1,train
2161306,Minh Khai - Bắc Từ Liêm,21.05,105.74,2024-11-23,0.3936992084841136,-0.16769191571698583,0.17206971467597887,-0.4048393432505569,14,68,65,156,-0.2886329558277149,0.48270529000802914,0.47384272718578774,45954,0,0,0,0,0,0,0,train
2161306,Minh Khai - Bắc Từ Liêm,21.05,105.74,2024-11-24,0.2700701205026957,-0.10885991754261684,0.15035396485678834,-0.8930077427637092,0,0,0,156,-0.23906106999465712,0.492978067123071,0.407378342406522,0,1,1,1,0,1,1,1,train
2161306,Minh Khai - Bắc Từ Liêm,21.05,105.74,2024-11-25,0.14644103252127727,-0.05002791936824785,0.12863821503759781,-0.9526132128074319,0,129,69,156,-0.18948918416159935,0.503250844238113,0.3409139576272562,0,1,0,0,0,1,1,1,train
2161306,Minh Khai - Bắc Từ Liêm,21.05,105.74,2024-11-26,0.022811944539859314,-0.07521703588780308,0.051584312770885196,-0.4768214155743418,0,0,0,156,-0.13991729832854155,0.5135236213531548,0.27444957284799043,0,1,1,1,0,1,1,1,train
2161306,Minh Khai - Bắc Từ Liêm,21.05,105.74,2024-11-27,-0.1008171434415591,-0.10040615240735781,-0.025469589495827446,0.5412843034416409,0,0,0,156,-0.0903454124954838,0.5237963984681967,0.20798518806872468,0,1,1,1,0,1,1,1,train
2161306,Minh Khai - Bắc Từ Liêm,21.05,105.74,2024-11-28,-0.22444623142297704,-0.12559526892691303,-0.1025234917625401,-0.08750903123805404,73,90,87,156,-0.040773526662425945,0.5340691755832385,0.14152080328945893,45954,0,0,0,0,0,0,0,train
2161306,Minh Khai - Bắc Từ Liêm,21.05,105.74,2024-11-29,0.2136544725673681,-0.06376904901262917,-0.31866202508384817,-0.35938258004000384,122,81,129,156,-0.18890979500605976,0.4306463661712719,0.2605500735180294,0,0,0,0,0,1,1,1,train
2161306,Minh Khai - Bắc Từ Liêm,21.05,105.74,2024-11-30,4.3863279217598095,0.3512498838025539,2.3808156113219465,-0.5719097675743047,156,93,156,156,-0.33704606334969356,0.32722355675930526,0.3795793437465998,0,0,0,0,0,1,1,1,train
2161306,Minh Khai - Bắc Từ Liêm,21.05,105.74,2024-12-01,1.3309725110928134,0.19089252355226644,0.34530241739095285,-0.7523309977865765,27,64,139,156,-0.4851823316933273,0.22380074734733865,0.49860861397517026,0,0,0,0,0,1,1,1,train
2161306,Minh Khai - Bắc Từ Liêm,21.05,105.74,2024-12-02,0.5358798264559453,0.048735307924735384,0.7359051836627453,0.6799934700788534,0,0,0,152,-0.6333186000369612,0.12037793793537203,0.6176378842037407,0,1,1,1,0,1,1,1,train
2161306,Minh Khai - Bắc Từ Liêm,21.05,105.74,2024-12-03,-0.2592128581809225,-0.09342190770279617,1.1265079499345376,0.9050666943977045,0,89,9,156,-0.7814548683805949,0.01695512852340542,0.7366671544323111,45954,1,0,0,0,0,0,0,train
2161306,Minh Khai - Bắc Từ Liêm,21.05,105.74,2024-12-04,-1.0543055428177903,-0.3618881542845443,0.834757939349245,-0.05422440819049818,1,16,5,156,-0.7373267711828637,-0.046442884097631955,0.6590241242151753,0,0,0,0,0,1,1,1,train
2161306,Minh Khai - Bắc Từ Liêm,21.05,105.74,2024-12-05,-0.14870036083183175,-0.09516215079619396,-0.15181673135882734,-1.0566203176194133,3,100,36,156,-0.6931986739851325,-0.10984089671866942,0.5813810939980396,0,0,0,0,0,1,1,1,train
2161306,Minh Khai - Bắc Từ Liêm,21.05,105.74,2024-12-06,0.35244808573883785,-0.5534198927702195,-0.10682831397000063,-0.8227060999967715,0,24,0,156,-0.6490705767874013,-0.1732389093397069,0.5037380637809038,0,1,0,1,0,1,1,1,train
2161306,Minh Khai - Bắc Từ Liêm,21.05,105.74,2024-12-07,0.8535965323095078,-0.37283396789283646,-0.06183989658117391,0.15516747954093826,0,0,0,156,-0.6049424795896701,-0.23663692196074415,0.4260950335637679,0,1,1,1,0,1,1,1,train
2161306,Minh Khai - Bắc Từ Liêm,21.05,105.74,2024-12-08,1.354744978880178,-0.19224804301545279,-0.01685147919234719,0.5505415370623258,0,0,0,156,-0.5608143823919389,-0.30003493458178165,0.34845200334663207,45954,1,1,1,0,0,0,0,train
2161306,Minh Khai - Bắc Từ Liêm,21.05,105.74,2024-12-09,1.8558934254508475,-0.01166211813806967,0.02813693819647953,0.1743586321801884,3,14,8,156,-0.5605924526934634,-0.2672749039023754,0.3475930615101458,0,0,0,0,0,1,1,1,train
2161306,Minh Khai - Bắc Từ Liêm,21.05,105.74,2024-12-10,3.308820669402755,0.2567375841222906,0.22772549032368128,-1.015446120504494,67,127,102,156,-0.5603705229949879,-0.23451487322296924,0.3467341196736596,0,0,0,0,0,1,1,1,train
2161306,Minh Khai - Bắc Từ Liêm,21.05,105.74,2024-12-11,2.8656707735538025,-0.3009016473438601,0.09085731058270363,-0.5945557014060721,0,54,0,156,-0.5601485932965123,-0.20175484254356305,0.34587517783717325,0,1,0,1,0,1,1,1,train
2161306,Minh Khai - Bắc Từ Liêm,21.05,105.74,2024-12-12,2.4225208777048497,-0.5135756621701427,-0.04601086915827395,-0.09683225891142097,0,1,0,156,-0.5599266635980369,-0.16899481186415682,0.345016236000687,0,1,0,1,0,1,1,1,train
2161306,Minh Khai - Bắc Từ Liêm,21.05,105.74,2024-12-13,1.979370981855897,-0.4104931902459614,-0.18287904889925155,0.3387690818516706,0,0,0,156,-0.5597047338995614,-0.13623478118475063,0.3441572941642007,45954,1,1,1,0,0,0,0,train
2161306,Minh Khai - Bắc Từ Liêm,21.05,105.74,2024-12-14,1.5362210860069445,-0.3074107183217801,-0.31974722864022914,0.43031145171515806,0,55,0,156,0.15663487675289295,0.08386106433879094,-0.36152869833331047,0,1,0,1,0,1,1,1,train
2161306,Minh Khai - Bắc Từ Liêm,21.05,105.74,2024-12-15,1.093071190157992,0.23325289312423989,-0.45661540838120684,0.11810807133387213,0,41,0,156,0.8729744874053474,0.3039569098623324,-1.0672146908308215,0,1,0,1,0,1,1,1,train
2161306,Minh Khai - Bắc Từ Liêm,21.05,105.74,2024-12-16,0.6499212943090393,0.18839574788699665,-0.5934835881221844,-0.8639002446353071,148,99,156,156,1.5893140980578018,0.5240527553858739,-1.7729006833283325,0,0,0,0,0,1,1,1,train
2161306,Minh Khai - Bắc Từ Liêm,21.05,105.74,2024-12-17,3.756604601524163,0.7355951571285476,0.6360770459833903,-0.2813623803729923,9,82,88,156,2.305653708710256,0.7441486009094155,-2.4785866758258437,0,0,0,0,0,1,1,1,train
2161306,Minh Khai - Bắc Từ Liêm,21.05,105.74,2024-12-18,0.2528852165634895,0.7249055209760986,-0.21173004853699384,0.9266337897067122,151,99,151,151,3.0219933193627107,0.964244446432957,-3.1842726683233544,45954,0,0,0,0,0,0,0,train
2161306,Minh Khai - Bắc Từ Liêm,21.05,105.74,2024-12-19,1.1712728940238784,0.9806999833403934,-0.22406466986709084,0.32737709739992205,142,121,153,156,2.8760373456094066,0.9308650674081345,-3.0071183346693684,0,0,0,0,0,1,1,1,train
2161306,Minh Khai - Bắc Từ Liêm,21.05,105.74,2024-12-20,2.7145869987502844,0.9787123808228129,1.8465864743346792,-0.6073883494655739,131,54,136,156,2.730081371856103,0.8974856883833119,-2.8299640010153815,0,0,0,0,0,1,1,1,train
2161306,Minh Khai - Bắc Từ Liêm,21.05,105.74,2024-12-21,2.73481489122536,1.0841414946051866,0.6486489152039214,-1.0548752079186252,64,108,108,156,2.584125398102798,0.8641063093584894,-2.6528096673613955,0,0,0,0,0,1,1,1,train
2161306,Minh Khai - Bắc Từ Liêm,21.05,105.74,2024-12-22,4.887353940357026,1.6153296310414906,3.1050365090921095,-0.33029066964712206,34,22,156,156,2.4381694243494945,0.8307269303336668,-2.4756553337074085,0,0,0,0,0,1,1,1,train
2161306,Minh Khai - Bắc Từ Liêm,21.05,105.74,2024-12-23,0.4534582692490641,2.5142839594857054,0.6183768163861513,0.9046001373483357,69,21,156,156,2.2922134505961904,0.7973475513088443,-2.298501000053422,45954,0,0,0,0,0,0,0,train
2161306,Minh Khai - Bắc Từ Liêm,21.05,105.74,2024-12-24,1.9398262386513603,-0.08996296660366519,0.9933479350065729,0.7302063739015492,0,8,0,156,2.3758332044210926,0.8385043382745091,-2.41290185504079,0,1,0,1,0,1,1,1,train
2161306,Minh Khai - Bắc Từ Liêm,21.05,105.74,2024-12-25,3.4261942080536567,1.159363304593352,1.3683190536269945,0.44655902324689767,65,74,84,156,2.459452958245995,0.8796611252401739,-2.5273027100281578,0,0,0,0,0,1,1,1,train
2161306,Minh Khai - Bắc Từ Liêm,21.05,105.74,2024-12-26,2.2219949354737043,0.055155198603086805,1.4540609450267674,-1.1015149070581143,0,138,17,156,2.5430727120708974,0.9208179122058386,-2.641703565015526,0,1,0,0,0,1,1,1,train
2161306,Minh Khai - Bắc Từ Liêm,21.05,105.74,2024-12-27,1.017795662893752,-0.09840400468292036,0.48700878097771416,-0.6579003765578247,0,133,0,156,2.6266924658957995,0.9619746991715034,-2.756104420002894,0,1,0,1,0,1,1,1,train
2161306,Minh Khai - Bắc Từ Liêm,21.05,105.74,2024-12-28,-0.18640360968620057,0.8145379946619793,-0.480043383071339,0.19411454908182008,126,123,153,156,2.710312219720702,1.0031314861371683,-2.8705052749902613,45954,0,0,0,0,0,0,0,train
2161306,Minh Khai - Bắc Từ Liêm,21.05,105.74,2024-12-29,1.8272729367467369,0.8167735020489996,-2.6508951543588397,0.5742769401330313,138,101,156,156,2.458593120802308,0.9399079878590728,-2.549973736954969,0,0,0,0,0,1,1,1,train
2161306,Minh Khai - Bắc Từ Liêm,21.05,105.74,2024-12-30,1.4878616555135047,0.828968839834208,-2.754440627706129,0.3809774856517977,0,0,2,156,2.206874021883914,0.8766844895809777,-2.2294421989196764,0,1,1,0,0,1,1,1,train
2161306,Minh Khai - Bắc Từ Liêm,21.05,105.74,2024-12-31,1.148450374280272,0.8411641776194163,-1.4528863050142844,-0.0805463899260321,0,0,0,156,1.9551549229655203,0.8134609913028822,-1.908910660884384,0,1,1,1,0,1,1,1,train
2161306,Minh Khai - Bắc Từ Liêm,21.05,105.74,2025-01-01,0.8090390930470399,0.8533595154046246,-0.15133198232243972,-0.5969752046298341,156,99,156,156,1.7034358240471261,0.7502374930247868,-1.5883791228490916,0,0,0,0,0,1,1,1,train
2161306,Minh Khai - Bắc Từ Liêm,21.05,105.74,2025-01-02,2.386399846547018,0.5615443936938895,2.0165598802077924,-0.02776174863497079,33,78,67,156,1.451716725128732,0.6870139947466914,-1.2678475848137993,45954,0,0,0,0,0,0,0,train
2161306,Minh Khai - Bắc Từ Liêm,21.05,105.74,2025-01-03,-0.010100983130014379,1.1070597407035379,-0.030089180639775642,1.1222217074109468,142,53,137,150,1.0905123707876474,0.623094450122545,-0.9499644822353231,0,0,0,0,0,1,1,1,train
2161306,Minh Khai - Bắc Từ Liêm,21.05,105.74,2025-01-04,1.5093935856455725,1.1784266163357813,0.7500851075468885,0.4592212364395746,151,117,156,156,0.7293080164465632,0.5591749054983984,-0.6320813796568469,0,0,0,0,0,1,1,1,train
2161306,Minh Khai - Bắc Từ Liêm,21.05,105.74,2025-01-05,0.22209045777963526,1.4553429008435335,0.1987214346109558,0.27023818120406,156,32,156,156,0.3681036621054789,0.49525536087425187,-0.3141982770783707,0,0,0,0,0,1,1,1,train
2161306,Minh Khai - Bắc Từ Liêm,21.05,105.74,2025-01-06,2.528135156549885,1.749983156264426,0.3755127001538993,-0.32446909835369214,156,104,156,156,0.006899307764394572,0.43133581625010536,0.003684825500105387,0,0,0,0,0,1,1,1,train
2161306,Minh Khai - Bắc Từ Liêm,21.05,105.74,2025-01-07,2.226162561337508,0.569428804888073,-0.032433434747452174,-0.4085387130344795,1,25,19,156,-0.3543050465766899,0.3674162716259589,0.3215679280785818,45954,0,0,0,0,0,0,0,train
2161306,Minh Khai - Bắc Từ Liêm,21.05,105.74,2025-01-08,1.6296346665665944,0.6012214453226027,-1.4863001240010965,0.09435098876893698,0,57,26,156,0.18313724748185087,0.46323623533689745,-0.23030536814475447,0,1,0,0,0,1,1,1,train
2161306,Minh Khai - Bắc Từ Liêm,21.05,105.74,2025-01-09,1.0331067717956808,0.5163057094991726,-3.466337013502209,0.50642173571905,0,10,11,156,0.7205795415403917,0.5590561990478361,-0.7821786643680908,0,1,0,0,0,1,1,1,train
2161306,Minh Khai - Bắc Từ Liêm,21.05,105.74,2025-01-10,0.43657887702476705,0.580867610101417,-1.7336330781913596,0.34560738708366756,0,0,0,156,1.258021835598932,0.6548761627587746,-1.3340519605914272,0,1,1,1,0,1,1,1,train
2161306,Minh Khai - Bắc Từ Liêm,21.05,105.74,2025-01-11,-0.15994901774614664,0.6454295107036614,-0.0009291428805103741,-0.7149547136111686,42,65,74,156,1.7954641296574734,0.7506961264697132,-1.8859252568147629,0,0,0,0,0,1,1,1,train
2161306,Minh Khai - Bắc Từ Liêm,21.05,105.74,2025-01-12,0.2078017810491513,0.48195111269113666,0.08997043547359922,-0.3605456281684483,156,120,156,156,2.3329064237160138,0.8465160901806518,-2.4377985530380992,45954,0,0,0,0,0,0,0,train
2161306,Minh Khai - Bắc Từ Liêm,21.05,105.74,2025-01-13,4.547921683551824,0.7453231732923846,4.216101626765774,0.4155881412348292,156,137,156,156,2.1961915202680022,0.8432103814726373,-2.289168983756399,0,0,0,0,0,1,1,1,train
2161306,Minh Khai - Bắc Từ Liêm,21.05,105.74,2025-01-14,0.05030612125487569,0.31980660105531955,3.5358969229268897,0.8588152552912347,107,96,130,156,2.0594766168199903,0.8399046727646228,-2.140539414474699,0,0,0,0,0,1,1,1,train
2161306,Minh Khai - Bắc Từ Liêm,21.05,105.74,2025-01-15,0.08617536099220338,0.4062463109276283,-0.9602266596023039,0.628859635674838,0,69,66,156,1.9227617133719788,0.8365989640566084,-1.9919098451929986,0,1,0,0,0,1,1,1,train
2161306,Minh Khai - Bắc Từ Liêm,21.05,105.74,2025-01-16,0.12204460072953105,0.9472410076448309,0.37192862483076744,-0.303997086257335,156,91,156,156,1.7860468099239672,0.8332932553485939,-1.8432802759112985,0,0,0,0,0,1,1,1,train
2161306,Minh Khai - Bắc Từ Liêm,21.05,105.74,2025-01-17,4.53605187911113,1.0742814806890808,2.5822684128671307,-0.4558939549297914,156,74,156,156,1.6493319064759548,0.8299875466405794,-1.6946507066295984,45954,0,0,0,0,0,0,0,train
2161306,Minh Khai - Bắc Từ Liêm,21.05,105.74,2025-01-18,2.044706922308595,0.06843379066928222,1.3547311033554883,0.017876632597488337,0,3,0,156,1.1374429486289555,0.46917806123159256,-1.1652265839748273,0,1,0,1,0,1,1,1,train
2161306,Minh Khai - Bắc Từ Liêm,21.05,105.74,2025-01-19,-0.44663803449393924,0.7584656767668877,0.12719379384384616,0.7058268270704791,8,0,23,151,0.6255539907819554,0.10836857582260583,-0.6358024613200564,0,0,1,0,0,1,1,1,train
2161306,Minh Khai - Bắc Từ Liêm,21.05,105.74,2025-01-20,0.9582149790534547,1.4484975628644927,0.9714280735983012,0.3589709102650363,156,139,156,156,0.11366503293495567,-0.25244090958638093,-0.10637833866528548,0,0,0,0,0,1,1,1,train
2161306,Minh Khai - Bắc Từ Liêm,21.05,105.74,2025-01-21,1.573086834480155,0.7255060562043789,0.1497003496149548,-0.3312315477520576,156,51,156,156,-0.39822392491204406,-0.6132503949953678,0.4230457839894854,0,0,0,0,0,1,1,1,train
2161306,Minh Khai - Bắc Từ Liêm,21.05,105.74,2025-01-22,1.2076298369095761,0.41256274882218147,0.29469738320236083,-0.05205009825477798,0,0,0,156,-0.9101128827590439,-0.9740598804043546,0.9524699066442565,45954,1,1,1,0,0,0,0,train
2161306,Minh Khai - Bắc Từ Liêm,21.05,105.74,2025-01-23,0.8421728393389977,0.0996194414399846,0.4396944167897668,-0.19433620227048468,0,0,0,156,-0.17749457930548151,-0.5658092773888501,0.1492818883867994,0,1,1,1,0,1,1,1,train
2161306,Minh Khai - Bắc Từ Liêm,21.05,105.74,2025-01-24,0.4767158417684187,-0.2133238659422128,0.5846914503771727,-0.21842292662164503,0,12,0,156,0.5551237241480809,-0.1575586743733457,-0.6539061298706577,0,1,0,1,0,1,1,1,train
2161306,Minh Khai - Bắc Từ Liêm,21.05,105.74,2025-01-25,0.11125884419784028,0.30570156851677904,0.7296884839645787,1.0541470802371882,0,0,0,156,1.2877420276016431,0.2506919286421587,-1.4570941481281143,0,1,1,1,0,1,1,1,train
2161306,Minh Khai - Bắc Từ Liêm,21.05,105.74,2025-01-26,-0.2541981533727386,0.8247270029757703,0.8746855175519848,0.22425395828782815,0,0,0,156,2.0203603310552056,0.6589425316576633,-2.2602821663855717,0,1,1,1,0,1,1,1,train
2161306,Minh Khai - Bắc Từ Liêm,21.05,105.74,2025-01-27,-0.6196551509433176,1.3437524374347622,1.0196825511393908,-0.16263803444321911,117,112,141,156,2.7529786345087675,1.0671931346731678,-3.0634701846430286,45954,0,0,0,0,0,0,0,train
2161306,Minh Khai - Bắc Từ Liêm,21.05,105.74,2025-01-28,-0.9875326912375034,0.8325057796051274,0.20833352880018655,-0.7630793685206917,31,98,103,156,2.0328240013836925,0.698395729105734,-2.2844926789622186,0,0,0,0,0,1,1,1,train
2161306,Minh Khai - Bắc Từ Liêm,21.05,105.74,2025-01-29,-0.42671640225732443,1.0545707254262398,2.181368273297446,-0.5450983249711181,0,21,16,156,1.3126693682586168,0.32959832353830015,-1.5055151732814085,0,1,0,0,0,1,1,1,train
2161306,Minh Khai - Bắc Từ Liêm,21.05,105.74,2025-01-30,0.1340998867228545,0.8296991910337262,2.827998626528408,0.8362307168315553,156,35,156,156,0.5925147351335417,-0.03919908202913344,-0.7265376676005986,0,0,0,0,0,1,1,1,train
2161306,Minh Khai - Bắc Từ Liêm,21.05,105.74,2025-01-31,-1.0577864302101712,0.14673082101807466,-0.4101580074326633,0.6326436928494421,36,75,55,156,-0.1276398979915333,-0.4079964875965674,0.05243983808021146,0,0,0,0,0,1,1,1,train
2161306,Minh Khai - Bắc Từ Liêm,21.05,105.74,2025-02-01,0.265941240237722,-0.17867663775363504,0.23122695818754532,-0.11817160008476976,3,46,14,156,-0.8477945311166092,-0.7767938931640009,0.8314173437610214,45954,0,0,0,0,0,0,0,train
2161306,Minh Khai - Bắc Từ Liêm,21.05,105.74,2025-02-02,-0.09868601706629693,-0.5573893706301762,1.2379591803975523,-0.4409775073298995,0,1,0,156,-0.8140746561266103,-0.665558228268375,0.7439776517618176,0,1,0,1,0,1,1,1,train
2161306,Minh Khai - Bắc Từ Liêm,21.05,105.74,2025-02-03,-0.4633132743703163,-0.08814677025818665,2.2446914026075593,-0.5295577109960401,0,0,0,156,-0.7803547811366116,-0.554322563372749,0.656537959762614,0,1,1,1,0,1,1,1,train
2161306,Minh Khai - Bắc Từ Liêm,21.05,105.74,2025-02-04,-0.8279405316743355,0.3810958301138025,3.251423624817566,0.47709808467194226,84,48,145,148,-0.746634906146613,-0.44308689847712296,0.5690982677634103,0,0,0,0,0,1,1,1,train
2161306,Minh Khai - Bắc Từ Liêm,21.05,105.74,2025-02-05,-0.4974774515825839,0.4149968346458759,2.8263473943176955,0.7413068124551764,0,0,0,156,-0.7129150311566141,-0.3318512335814971,0.4816585757642067,0,1,1,1,0,1,1,1,train
2161306,Minh Khai - Bắc Từ Liêm,21.05,105.74,2025-02-06,-0.1670143714908326,0.4488978391779488,2.401271163817825,0.6595307747899336,0,0,0,156,-0.6791951561666155,-0.220615568685871,0.3942188837650029,45954,1,1,1,0,0,0,0,train
2161306,Minh Khai - Bắc Từ Liêm,21.05,105.74,2025-02-07,0.16344870860091895,0.48279884371002224,1.9761949333179551,-0.16600773257935422,0,0,0,156,-0.3777696587109385,0.027878377307060505,0.1759861089288158,0,1,1,1,0,1,1,1,train
2161306,Minh Khai - Bắc Từ Liêm,21.05,105.74,2025-02-08,0.4939117886926705,0.5166998482420951,1.5511187028180846,-0.2580771702155153,0,0,0,156,-0.0763441612552616,0.276372323299992,-0.04224666590737138,0,1,1,1,0,1,1,1,train
2161306,Minh Khai - Bắc Từ Liêm,21.05,105.74,2025-02-09,0.8243748687844216,0.5506008527741686,1.1260424723182143,0.08843630912425693,0,3,0,156,0.22508133620041532,0.5248662692929236,-0.26047944074355855,0,1,0,1,0,1,1,1,train
2161306,Minh Khai - Bắc Từ Liêm,21.05,105.74,2025-02-10,1.1548379488761735,0.7695642605009925,0.7009662418183439,0.6202191627618889,0,0,0,156,0.5265068336560925,0.7733602152858551,-0.47871221557974575,0,1,1,1,0,1,1,1,train
2161306,Minh Khai - Bắc Từ Liêm,21.05,105.74,2025-02-11,1.4853010289679247,0.9885276682278169,0.27589001131847357,0.037744395980713205,53,143,154,156,0.8279323311117696,1.0218541612787868,-0.6969449904159326,45954,0,0,0,0,0,0,0,train
2161306,Minh Khai - Bắc Từ Liêm,21.05,105.74,2025-02-12,1.4233477737499591,0.03862520735815929,-1.071624167308028,-0.03567688419966285,0,12,5,156,0.5229858176967908,0.7970194442338561,-0.47280053056421645,0,1,0,0,0,1,1,1,train
2161306,Minh Khai - Bắc Từ Liêm,21.05,105.74,2025-02-13,1.3613945185319938,0.17836310054695936,0.5874434857885661,-0.13114289537802853,0,19,2,156,0.21803930428181192,0.5721847271889254,-0.2486560707125003,0,1,0,0,0,1,1,1,train
2161306,Minh Khai - Bắc Từ Liêm,21.05,105.74,2025-02-14,1.2994412633140278,0.6885202314751532,-0.5549522085437167,0.4529533094436714,0,30,9,156,-0.08690720913316702,0.34735001014399486,-0.024511610860783975,0,1,0,0,0,1,1,1,train
2161306,Minh Khai - Bắc Từ Liêm,21.05,105.74,2025-02-15,1.2374880080960624,0.6504046987105274,-0.5482776793284663,1.2179363758185813,0,0,0,156,-0.3918537225481458,0.12251529309906421,0.1996328489909322,0,1,1,1,0,1,1,1,train
2161306,Minh Khai - Bắc Từ Liêm,21.05,105.74,2025-02-16,1.1755347528780968,0.6122891659459011,-0.5416031501132159,0.8381290760700649,0,0,0,156,-0.6968002359631249,-0.10231942394586624,0.42377730884264836,45954,1,1,1,0,0,0,0,train
2161306,Minh Khai - Bắc Từ Liêm,21.05,105.74,2025-02-17,1.1135814976601315,0.5741736331812753,-0.5349286208979656,1.0312087419873832,0,0,0,156,-0.70891374501981,-0.34142608190697815,0.45076096257561876,0,1,1,1,0,1,1,1,train
2161306,Minh Khai - Bắc Từ Liêm,21.05,105.74,2025-02-18,1.051628242442166,0.5360581004166496,-0.5282540916827152,0.8745299024513947,0,0,0,156,-0.7210272540764948,-0.5805327398680903,0.4777446163085892,0,1,1,1,0,1,1,1,train
2161306,Minh Khai - Bắc Từ Liêm,21.05,105.74,2025-02-19,-0.2661504011071056,0.4979425676520232,-0.5215795624674647,0.8170728523688786,0,0,0,156,-0.7331407631331799,-0.8196393978292025,0.5047282700415596,0,1,1,1,0,1,1,1,train
2161306,Minh Khai - Bắc Từ Liêm,21.05,105.74,2025-02-20,-0.2661504011071056,0.45982703488739746,-0.5149050332522144,0.6269056443457641,0,8,0,148,-0.7452542721898647,-1.0587460557903143,0.5317119237745301,0,1,0,1,0,1,1,1,train
2161306,Minh Khai - Bắc Từ Liêm,21.05,105.74,2025-02-21,-0.2661504011071056,0.5023311747384402,-0.508230504036964,0.6812117322359896,0,0,0,156,-0.7573677812465498,-1.2978527137514264,0.5586955775075004,45954,1,1,1,0,0,0,0,train
2161306,Minh Khai - Bắc Từ Liêm,21.05,105.74,2025-02-22,-0.2661504011071056,0.544835314589483,-0.030089180639775642,0.9554159759754226,0,0,0,156,-0.7504368320523785,-1.2381741934880834,0.5388184755750614,0,1,1,1,0,1,1,1,train
2161306,Minh Khai - Bắc Từ Liêm,21.05,105.74,2025-02-23,-0.2661504011071056,0.5873394544405257,-0.030089180639775642,0.2586134296068814,0,0,0,156,-0.7435058828582074,-1.1784956732247405,0.5189413736426222,0,1,1,1,0,1,1,1,train
2161306,Minh Khai - Bắc Từ Liêm,21.05,105.74,2025-02-24,-0.2661504011071056,0.6298435942915684,-0.030089180639775642,-0.3980004482527045,0,0,0,156,-0.7365749336640361,-1.1188171529613973,0.4990642717101829,0,1,1,1,0,1,1,1,train
2161306,Minh Khai - Bắc Từ Liêm,21.05,105.74,2025-02-25,0.6179554559164069,0.6723477341426112,-0.4815323871759625,-0.5193004435155043,0,0,0,156,-0.7296439844698649,-1.0591386326980545,0.4791871697777437,0,1,1,1,0,1,1,1,train
2161306,Minh Khai - Bắc Từ Liêm,21.05,105.74,2025-02-26,0.5560022006984414,0.7148518739936539,-0.47485785796071206,0.6166657264329245,0,3,0,156,-0.7227130352756936,-0.9994601124347116,0.4593100678453046,45954,1,0,1,0,0,0,0,train
2161306,Minh Khai - Bắc Từ Liêm,21.05,105.74,2025-02-27,0.4940489454804759,-0.43160505801347304,-0.46818332874546165,0.023196380336473706,0,3,0,156,-0.7185728239654,-0.7696712412509086,0.4884389694708005,0,1,0,1,0,1,1,1,train
2161306,Minh Khai - Bắc Từ Liêm,21.05,105.74,2025-02-28,0.43209569026251043,-0.20983997072255758,-0.4615087995302113,0.3231644484197176,0,0,0,156,-0.7144326126551063,-0.5398823700671054,0.5175678710962965,0,1,1,1,0,1,1,1,train
2161306,Minh Khai - Bắc Từ Liêm,21.05,105.74,2025-03-01,0.3701424350445445,0.0119251165683574,-0.4548342703149609,0.40417625405180796,0,28,0,156,-0.7102924013448126,-0.3100934988833022,0.5466967727217925,0,1,0,1,0,1,1,1,train
2161306,Minh Khai - Bắc Từ Liêm,21.05,105.74,2025-03-02,0.30818917982657906,0.010964860192890143,-0.4481597410997105,0.44202397764202106,0,114,0,156,-0.7061521900345189,-0.08030462769949914,0.5758256743472885,0,1,0,1,0,1,1,1,train
2161306,Minh Khai - Bắc Từ Liêm,21.05,105.74,2025-03-03,0.2462359246086136,0.1352565618630101,-0.4414852118844601,1.7839175565870122,0,0,0,156,-0.7020119787242253,0.14948424348430406,0.6049545759727845,45954,1,1,1,0,0,0,0,train
2161306,Minh Khai - Bắc Từ Liêm,21.05,105.74,2025-03-04,0.18428266939064814,0.2595482635331306,-0.43481068266920975,0.9626186445252086,38,156,131,156,-0.7197223925445707,0.06050124163136059,0.6581988575031433,0,0,0,0,0,1,1,1,train
2161306,Minh Khai - Bắc Từ Liêm,21.05,105.74,2025-03-05,0.19798001266135562,0.5756444263175718,0.1493494772225073,1.0303499234556468,0,48,10,156,-0.7374328063649159,-0.02848176022158286,0.7114431390335022,0,1,0,0,0,1,1,1,train
2161306,Minh Khai - Bắc Từ Liêm,21.05,105.74,2025-03-06,0.2116773559320631,0.8823971118445659,0.07573675782463278,-0.1661821241031839,0,0,0,156,-0.7551432201852613,-0.11746476207452632,0.764687420563861,0,1,1,1,0,1,1,1,train
2161306,Minh Khai - Bắc Từ Liêm,21.05,105.74,2025-03-07,0.22537469920277056,1.1891497973715601,0.0021240384267582706,0.21093121480247484,0,23,0,156,-0.7728536340056066,-0.20644776392746977,0.8179317020942198,0,1,0,1,0,1,1,1,train
2161306,Minh Khai - Bắc Từ Liêm,21.05,105.74,2025-03-08,0.23907204247347805,1.1937776276570717,-0.0714886809711162,0.8095773613391828,0,0,0,145,-0.7905640478259519,-0.2954307657804132,0.8711759836245787,45954,1,1,1,0,0,0,0,train
2161306,Minh Khai - Bắc Từ Liêm,21.05,105.74,2025-03-09,0.2527693857441855,1.1984054579425834,-0.1451014003689907,0.44596568893478583,0,0,0,156,-0.7834736460672873,-0.26041523860555166,0.8016765049328125,0,1,1,1,0,1,1,1,train
2161306,Minh Khai - Bắc Từ Liêm,21.05,105.74,2025-03-10,0.266466729014893,1.2030332882280952,-0.21871411976686517,0.3105689702197373,0,0,0,156,-0.7763832443086229,-0.22539971143069007,0.7321770262410464,0,1,1,1,0,1,1,1,train
2161306,Minh Khai - Bắc Từ Liêm,21.05,105.74,2025-03-11,0.2801640722856005,1.2076611185136068,-0.29232683916473967,0.8987982746860235,0,1,0,156,-0.7692928425499586,-0.19038418425582831,0.6626775475492802,0,1,0,1,0,1,1,1,train
2161306,Minh Khai - Bắc Từ Liêm,21.05,105.74,2025-03-12,0.29386141555630796,1.6176685003047666,-0.3659395585626141,1.078000914263974,0,45,0,156,-0.7622024407912941,-0.15536865708096673,0.5931780688575141,0,1,0,1,0,1,1,1,train
2161306,Minh Khai - Bắc Từ Liêm,21.05,105.74,2025-03-13,0.30755875882701544,1.9261701560492717,-0.4395522779604886,0.24121160417679446,0,21,0,156,-0.7551120390326297,-0.12035312990610517,0.523678590165748,45954,1,0,1,0,0,0,0,train
2161306,Minh Khai - Bắc Từ Liêm,21.05,105.74,2025-03-14,0.3212561020977229,0.7922260109671048,-0.5131649973583632,1.6348694212348123,12,69,58,156,-0.6896378579233304,0.005161362768707558,0.44433002975730707,0,0,0,0,0,1,1,1,train
2161306,Minh Khai - Bắc Từ Liêm,21.05,105.74,2025-03-15,0.10235135692764902,1.5503387377443834,-0.35126676133533546,3.356081152607071,0,4,1,156,-0.6241636768140314,0.13067585544352028,0.36498146934886605,0,1,0,0,0,1,1,1,train
2161306,Minh Khai - Bắc Từ Liêm,21.05,105.74,2025-03-16,-0.11655338824242487,1.654683506355262,-3.517382841744828,1.1663418670929702,0,6,7,156,-0.5586894957047323,0.25619034811833297,0.28563290894042515,0,1,0,0,0,1,1,1,train
2161306,Minh Khai - Bắc Từ Liêm,21.05,105.74,2025-03-17,-0.3354581334124985,1.9354874519343754,-2.426698045743567,1.3978058838058063,0,0,0,156,-0.4932153145954332,0.3817048407931457,0.20628434853198419,0,1,1,1,0,1,1,1,train
2161306,Minh Khai - Bắc Từ Liêm,21.05,105.74,2025-03-18,-0.5543628785825722,2.216291397513489,-1.3360132497423063,0.8000247072826681,0,0,0,156,-0.42774113348613413,0.5072193334679584,0.12693578812354325,45954,1,1,1,0,0,0,0,train
2161306,Minh Khai - Bắc Từ Liêm,21.05,105.74,2025-03-19,-0.773267623752646,2.4970953430926017,-0.24532845374104528,1.6047445994019878,5,86,100,156,-0.529527870427054,0.5046055246512757,0.3509369390400252,0,0,0,0,0,1,1,1,train
2161306,Minh Khai - Bắc Từ Liêm,21.05,105.74,2025-03-20,0.27497858151077875,1.3551222438230595,-0.5847861064190533,1.1239986495371463,68,97,105,156,-0.6313146073679738,0.5019917158345931,0.5749380899565072,0,0,0,0,0,1,1,1,train
2161306,Minh Khai - Bắc Từ Liêm,21.05,105.74,2025-03-21,2.6618691323703842,1.5762904776411828,1.1109448162406628,0.13457170619963046,156,73,156,156,-0.7331013443088935,0.49937790701791046,0.7989392408729891,0,0,0,0,0,1,1,1,train
2161306,Minh Khai - Bắc Từ Liêm,21.05,105.74,2025-03-22,1.1368517298304015,1.762378399736434,0.47726406600137006,0.25493474268754657,156,85,156,156,-0.8348880812498134,0.4967640982012278,1.022940391789471,0,0,0,0,0,1,1,1,train
2161306,Minh Khai - Bắc Từ Liêm,21.05,105.74,2025-03-23,-0.0220532520091266,1.75067150817913,0.0987612691872881,0.41851021455209353,135,98,156,156,-0.9366748181907332,0.4941502893845451,1.2469415427059534,45954,0,0,0,0,0,0,0,train
2161306,Minh Khai - Bắc Từ Liêm,21.05,105.74,2025-03-24,-0.2562573326969127,1.7370615581191309,0.8124621116717247,1.4402746393695376,135,103,136,136,-0.7734686575589549,0.529934010381788,0.7612569582520643,0,0,0,0,0,1,1,1,train
2161306,Minh Khai - Bắc Từ Liêm,21.05,105.74,2025-03-25,2.433631924730942,3.0759223955783406,0.2001195286484965,1.839418256277033,156,129,156,156,-0.6102624969271766,0.5657177313790309,0.27557237379817534,45954,0,0,0,0,0,0,0,train
2161306,Minh Khai - Bắc Từ Liêm,21.05,105.74,2025-03-26,1.1542765925991778,1.9086569997280762,-0.8884678016730204,2.7526578130567994,0,37,3,156,-0.5466654033024092,0.5370208487213814,0.21633048700944657,0,1,0,0,0,1,1,1,train
2161306,Minh Khai - Bắc Từ Liêm,21.05,105.74,2025-03-27,-0.12507873953258639,1.0727242344795078,-0.5816946757495447,3.622895645108911,7,24,9,156,-0.48306830967764175,0.508323966063732,0.15708860022071786,0,0,0,0,0,1,1,1,train
2161306,Minh Khai - Bắc Từ Liêm,21.05,105.74,2025-03-28,-0.1907281717208285,2.2796694091847733,-0.05887329864352141,2.4555003898710983,0,129,67,156,-0.4194712160528743,0.4796270834060825,0.09784671343198907,45954,1,0,0,0,0,0,0,train
2161306,Minh Khai - Bắc Từ Liêm,21.05,105.74,2025-03-29,-0.2563776039090706,1.8604396389832798,-0.47390147661288806,0.48148119464783856,0,0,0,156,-0.49192258811560524,0.4017467230886685,0.2336273671302135,0,1,1,1,0,1,1,1,train
2161306,Minh Khai - Bắc Từ Liêm,21.05,105.74,2025-03-30,-0.32202703609731276,1.4412098687817865,-0.8889296545822547,1.559309515685664,0,4,0,156,-0.5643739601783361,0.32386636277125425,0.369408020828438,0,1,0,1,0,1,1,1,train
2161306,Minh Khai - Bắc Từ Liêm,21.05,105.74,2025-03-31,-0.38767646828555485,2.1516141352393254,-1.3039578325516215,1.4068553705375728,0,14,34,156,-0.6368253322410671,0.24598600245384022,0.5051886745266624,0,1,0,0,0,1,1,1,train
2161306,Minh Khai - Bắc Từ Liêm,21.05,105.74,2025-04-01,-0.453325900473797,1.687203498040394,0.05036020526788633,-0.121245877785075,123,152,154,156,-0.709276704303798,0.168105642136426,0.640969328224887,0,0,0,0,0,1,1,1,train
2161306,Minh Khai - Bắc Từ Liêm,21.05,105.74,2025-04-02,0.25469486695401766,1.740962037154041,0.5277343397950502,-0.039572892371328244,55,142,153,156,-0.781728076366529,0.09022528181901197,0.7767499819231113,45954,0,0,0,0,0,0,0,train
2161306,Minh Khai - Bắc Từ Liêm,21.05,105.74,2025-04-03,0.7320870848883995,2.554388367473517,0.778816316775343,1.5962074176330328,57,90,156,156,-0.794101299159976,0.1418418931503739,0.7383804480665072,0,0,0,0,0,1,1,1,train
2161306,Minh Khai - Bắc Từ Liêm,21.05,105.74,2025-04-04,1.5563016420185953,3.1931053092101513,-0.07355935601147941,2.4764746734453347,108,137,154,156,-0.8064745219534232,0.1934585044817357,0.7000109142099029,0,0,0,0,0,1,1,1,train
2161306,Minh Khai - Bắc Từ Liêm,21.05,105.74,2025-04-05,1.4385172718785537,2.317421311777872,-0.10882121020361023,1.5707234409203124,0,0,0,156,-0.8188477447468703,0.24507511581309765,0.6616413803532987,0,1,1,1,0,1,1,1,train
2161306,Minh Khai - Bắc Từ Liêm,21.05,105.74,2025-04-06,1.3207329017385119,1.4417373143455927,-0.14408306439574106,0.6924976409530597,0,0,0,156,-0.8312209675403175,0.29669172714445946,0.6232718464966945,0,1,1,1,0,1,1,1,train
2161306,Minh Khai - Bắc Từ Liêm,21.05,105.74,2025-04-07,1.2029485315984698,0.5660533169133132,-0.17934491858787188,0.7517810839089433,0,16,0,156,-0.8435941903337647,0.3483083384758214,0.5849023126400904,45954,1,0,1,0,0,0,0,train
2161306,Minh Khai - Bắc Từ Liêm,21.05,105.74,2025-04-08,1.085164161458428,1.0779861448766217,-0.21460677278000267,0.5631269612475491,0,71,22,156,-1.0456824798824382,0.2674365902626052,0.8962713595137332,0,1,0,0,0,1,1,1,train
2161306,Minh Khai - Bắc Từ Liêm,21.05,105.74,2025-04-09,0.9673797913183864,1.107378417095115,-0.43195351965316814,1.201880291555088,0,0,0,143,-1.2477707694311118,0.18656484204938914,1.2076404063873758,0,1,1,1,0,1,1,1,train
2161306,Minh Khai - Bắc Từ Liêm,21.05,105.74,2025-04-10,0.8495954211783441,1.1367706893136083,-0.6493002665263335,1.1170286622807988,0,10,0,156,-1.4498590589797853,0.10569309383617295,1.5190094532610188,0,1,0,1,0,1,1,1,train
2161306,Minh Khai - Bắc Từ Liêm,21.05,105.74,2025-04-11,0.7318110510383024,1.425234868086157,-0.8666470133994992,2.0323799690232676,0,40,7,156,-1.6519473485284586,0.02482134562295677,1.8303785001346617,0,1,0,0,0,1,1,1,train
2161306,Minh Khai - Bắc Từ Liêm,21.05,105.74,2025-04-12,0.6140266808982606,2.199239687879958,-0.29488005386406074,0.2758339318979898,59,106,93,156,-1.8540356380771321,-0.05605040259025941,2.1417475470083045,45954,0,0,0,0,0,0,0,train
2161306,Minh Khai - Bắc Từ Liêm,21.05,105.74,2025-04-13,-0.9213067691884537,-0.15955850876284708,0.4758572274805285,-0.7735896828801543,53,81,79,156,-0.47852969755092817,-0.022076386148555525,0.6482325201072232,0,0,0,0,0,1,1,1,train
2161306,Minh Khai - Bắc Từ Liêm,21.05,105.74,2025-04-14,0.8211890228423357,-0.1652811840410603,-0.4803953020109901,-0.6252674223843329,54,0,138,156,0.896976242975276,0.011897630293148167,-0.8452825067938581,45954,0,1,0,0,0,0,0,train
2161306,Minh Khai - Bắc Từ Liêm,21.05,105.74,2025-04-15,0.020399187305073313,-0.171003859319274,0.6038815329451004,0.6854044150291015,156,52,156,156,0.0399806272814726,0.08607356808752444,0.08043482798270495,0,0,0,0,0,1,1,1,train
2161306,Minh Khai - Bắc Từ Liêm,21.05,105.74,2025-04-16,2.084397310399916,-0.1470476308962885,0.07029906910335798,0.24624263166799093,138,104,147,156,-0.8170149884123308,0.1602495058819007,1.006152162759268,0,0,0,0,0,1,1,1,train
2161306,Minh Khai - Bắc Từ Liêm,21.05,105.74,2025-04-17,0.5332145757975135,-0.22739308090885296,-0.7898823573993473,-0.5169323619020221,9,62,39,156,-1.6740106041061338,0.234425443676277,1.931869497535831,45954,0,0,0,0,0,0,0,train
2161306,Minh Khai - Bắc Từ Liêm,21.05,105.74,2025-04-18,-0.05954818300446239,-0.3669002507538171,0.33446730488303505,-1.0135020133525414,100,120,142,156,-1.6915618465751745,0.26440453952967113,1.9676220726496474,0,0,0,0,0,1,1,1,train
2161306,Minh Khai - Bắc Từ Liêm,21.05,105.74,2025-04-19,1.1591427556938738,-0.34756217096302633,0.3907550322454572,-1.2604799478037594,1,0,32,156,-1.7091130890442152,0.2943836353830653,2.0033746477634637,0,0,1,0,0,1,1,1,train
2161306,Minh Khai - Bắc Từ Liêm,21.05,105.74,2025-04-20,0.38859630901637504,-0.32822409117223506,0.6790988805330882,0.5685837138343651,139,42,156,156,-1.726664331513256,0.3243627312364594,2.03912722287728,0,0,0,0,0,1,1,1,train
2161306,Minh Khai - Bắc Từ Liêm,21.05,105.74,2025-04-21,0.38143433594808457,-0.550924207995472,-0.10395592417665989,0.1750680458503492,26,131,48,156,-1.7442155739822962,0.35434182708985357,2.074879797991097,0,0,0,0,0,1,1,1,train
2161306,Minh Khai - Bắc Từ Liêm,21.05,105.74,2025-04-22,0.6929390590677285,0.4238860105485181,-0.6361244329765766,-0.39439084232505445,74,133,108,156,-1.7617668164513365,0.3843209229432477,2.110632373104913,45954,0,0,0,0,0,0,0,train
2161306,Minh Khai - Bắc Từ Liêm,21.05,105.74,2025-04-23,1.0427488945759997,0.6913380016743339,-0.01827775587395714,-0.6098454782578334,140,120,153,156,-1.5714344276936392,0.38535182307268656,1.826215981397801,0,0,0,0,0,1,1,1,train
2161306,Minh Khai - Bắc Từ Liêm,21.05,105.74,2025-04-24,0.9162778790470448,0.376294002791215,0.9430571556871262,0.6761122135189639,0,53,7,156,-1.3811020389359419,0.38638272320212547,1.5417995896906893,0,1,0,0,0,1,1,1,train
2161306,Minh Khai - Bắc Từ Liêm,21.05,105.74,2025-04-25,0.7898068635180899,0.4093719849745541,-1.1388307309546528,0.32024923579639175,0,24,7,154,-1.1907696501782443,0.38741362333156437,1.2573831979835774,0,1,0,0,0,1,1,1,train
2161306,Minh Khai - Bắc Từ Liêm,21.05,105.74,2025-04-26,0.663335847989135,0.3536902058836851,-0.14171931834639814,1.222703057562216,3,27,21,156,-1.000437261420547,0.3884445234610032,0.9729668062764655,0,0,0,0,0,1,1,1,train
2161306,Minh Khai - Bắc Từ Liêm,21.05,105.74,2025-04-27,-0.34459095581875154,1.080545646746477,-0.41807809061638407,1.519733748277517,5,42,19,156,-0.8101048726628496,0.3894754235904421,0.6885504145693537,45954,0,0,0,0,0,0,0,train
2161306,Minh Khai - Bắc Từ Liêm,21.05,105.74,2025-04-28,1.120998512394926,0.9402470358331739,-0.11277489838182232,-0.3851924658436621,1,21,15,156,-0.28112011304021994,0.5226504969844893,0.22127879159521607,0,0,0,0,0,1,1,1,train
2161306,Minh Khai - Bắc Từ Liêm,21.05,105.74,2025-04-29,0.35085593001985554,0.4784976260445736,-0.5066048673807644,-0.6778488557439455,0,48,4,156,0.2478646465824097,0.6558255703785363,-0.24599283137892144,0,1,0,0,0,1,1,1,train
2161306,Minh Khai - Bắc Từ Liêm,21.05,105.74,2025-04-30,-0.41928665235521434,-0.24066294585093473,-0.5405784292329994,-1.510571368186582,0,4,0,156,0.7768494062050393,0.7890006437725834,-0.7132644543530592,0,1,0,1,0,1,1,1,train
2161306,Minh Khai - Bắc Từ Liêm,21.05,105.74,2025-05-01,-1.1894292347302842,-0.20478410227138333,-0.5745519910852344,-0.22703237337136484,75,79,98,156,1.3058341658276686,0.9221757171666304,-1.1805360773271967,0,0,0,0,0,1,1,1,train
2161306,Minh Khai - Bắc Từ Liêm,21.05,105.74,2025-05-02,-0.8914280000161819,-0.41162812546507965,-0.17987224901360443,-0.41937003918866267,116,149,129,156,1.8348189254502985,1.0553507905606774,-1.6478077003013343,45954,0,0,0,0,0,0,0,train
2161306,Minh Khai - Bắc Từ Liêm,21.05,105.74,2025-05-03,0.46326011930320077,-0.32505396333684333,-0.23569689377382827,-0.994801389131796,22,43,59,156,0.4889931621649045,0.8524103226572592,-0.28479665591708636,0,0,0,0,0,1,1,1,train
2161306,Minh Khai - Bắc Từ Liêm,21.05,105.74,2025-05-04,-0.6316215022111948,-0.19997818410936513,-1.0349463623666957,-1.4858370361338304,66,64,123,156,-0.8568326011204892,0.6494698547538409,1.0782143884671613,45954,0,0,0,0,0,0,0,train
2161306,Minh Khai - Bắc Từ Liêm,21.05,105.74,2025-05-05,-0.1633092533212678,-0.010541773579586597,1.0069407226530012,-0.7491894419864106,155,139,156,156,-0.6030796184459754,0.5518999359601455,0.7726283823505643,0,0,0,0,0,1,1,1,train
2161306,Minh Khai - Bắc Từ Liêm,21.05,105.74,2025-05-06,-0.762943583498887,-0.05671371460953065,0.26197056140542696,0.8917867201349547,23,151,121,156,-0.34932663577146156,0.4543300171664502,0.4670423762339672,0,0,0,0,0,1,1,1,train
2161306,Minh Khai - Bắc Từ Liêm,21.05,105.74,2025-05-07,-0.708046752908992,-0.13721898008248226,0.10673277272361058,0.20725185973068355,66,150,116,156,-0.09557365309694753,0.35676009837275485,0.16145637011737024,45954,0,0,0,0,0,0,0,train
2161306,Minh Khai - Bắc Từ Liêm,21.05,105.74,2025-05-08,0.6928043248617034,-0.043075946841405546,-0.10865524671311645,-0.45497529382720675,154,142,156,156,0.5462963184423638,0.48174808805633684,-0.4851892259764643,0,0,0,0,0,1,1,1,train
2161306,Minh Khai - Bắc Từ Liêm,21.05,105.74,2025-05-09,-0.5050161330813169,0.12337540054599758,-0.7602895839997115,-0.5786777115001333,40,132,58,156,1.1881662899816752,0.6067360777399189,-1.131834822070299,0,0,0,0,0,1,1,1,train
2161306,Minh Khai - Bắc Từ Liêm,21.05,105.74,2025-05-10,-0.4308617838679322,0.1555183077432531,-1.0259944301534718,0.23307011796987157,0,0,0,156,1.8300362615209869,0.731724067423501,-1.7784804181641334,0,1,1,1,0,1,1,1,train
2161306,Minh Khai - Bắc Từ Liêm,21.05,105.74,2025-05-11,-0.3567074346545478,0.18766121494050914,-1.2916992763072321,-0.2659411529239881,0,0,29,135,2.471906233060298,0.856712057107083,-2.4251260142579683,0,1,1,0,0,1,1,1,train
2161306,Minh Khai - Bắc Từ Liêm,21.05,105.74,2025-05-12,-0.28255308544116314,0.21980412213776465,-0.08511317899729222,0.2287465108895525,156,153,156,156,3.1137762045996094,0.981700046790665,-3.071771610351803,45954,0,0,0,0,0,0,0,train
2161306,Minh Khai - Bắc Từ Liêm,21.05,105.74,2025-05-13,0.5313909698865873,0.010270508380353753,-0.3283774251103728,-0.5102348912632205,125,110,139,156,2.3298916767964797,0.8802705753272978,-2.252534985855747,0,0,0,0,0,1,1,1,train
2161306,Minh Khai - Bắc Từ Liêm,21.05,105.74,2025-05-14,-0.49860547448391174,0.2627001189524024,-0.6014263232387111,-1.0951856892055913,9,89,23,156,1.5460071489933491,0.7788411038639308,-1.4332983613596906,0,0,0,0,0,1,1,1,train
2161306,Minh Khai - Bắc Từ Liêm,21.05,105.74,2025-05-15,-0.12923393229692864,-0.5502085838178996,-0.7600480409051293,-1.9512795325513772,37,4,84,156,0.7621226211902192,0.6774116324005638,-0.6140617368636346,0,0,0,0,0,1,1,1,train
2161306,Minh Khai - Bắc Từ Liêm,21.05,105.74,2025-05-16,-0.6180649193939572,-0.696277187385484,3.3118855870983235,-1.4747824052167708,0,9,3,156,-0.021761906612910893,0.5759821609371967,0.20517488763242156,0,1,0,0,0,1,1,1,train
2161306,Minh Khai - Bắc Từ Liêm,21.05,105.74,2025-05-17,-1.1068959064909858,-1.1908694924515277,1.4231241259382392,0.47393889561923813,9,83,0,156,-0.8056464344160411,0.4745526894738296,1.0244115121284776,45954,0,0,1,0,0,0,0,train
2161306,Minh Khai - Bắc Từ Liêm,21.05,105.74,2025-05-18,0.3496388394833213,-0.9471350974486352,-0.46563733522184514,-0.24620397415269935,38,97,99,156,-0.7576782258424308,0.25859031958153866,0.938993024338555,0,0,0,0,0,1,1,1,train
2161306,Minh Khai - Bắc Từ Liêm,21.05,105.74,2025-05-19,-1.2703436591692228,-0.9030813930753958,-0.3076654303424208,-0.9087492056068143,20,95,44,156,-0.7097100172688205,0.04262794968924782,0.8535745365486325,0,0,0,0,0,1,1,1,train
2161306,Minh Khai - Bắc Từ Liêm,21.05,105.74,2025-05-20,-0.18075872855354777,-0.8625559013489632,-0.26612804741701096,-1.5531084470048548,13,65,47,156,-0.6617418086952102,-0.17333442020304302,0.7681560487587099,0,0,0,0,0,1,1,1,train
2161306,Minh Khai - Bắc Từ Liêm,21.05,105.74,2025-05-21,3.2655032415598475,-0.3239687999974552,-0.19793836277812657,-1.3633017874849458,2,132,75,156,-0.6137736001216,-0.3892967900953341,0.6827375609687873,0,0,0,0,0,1,1,1,train
2161306,Minh Khai - Bắc Từ Liêm,21.05,105.74,2025-05-22,0.4664939939845358,-0.5948213695798695,1.1987326376521954,0.9830211389045324,7,75,37,156,-0.5658053915479897,-0.6052591599876247,0.5973190731788647,45954,0,0,0,0,0,0,0,train
2161306,Minh Khai - Bắc Từ Liêm,21.05,105.74,2025-05-23,0.23679735608277597,-0.659497631871058,0.9762036148100428,0.2994761594289302,0,0,0,156,-0.6630789238565622,-0.7162786319037419,0.5943703416695841,0,1,1,1,0,1,1,1,train
2161306,Minh Khai - Bắc Từ Liêm,21.05,105.74,2025-05-24,0.00710071818101618,-0.7241738941622471,0.7536745919678904,-0.13669511537951617,0,0,0,156,-0.7603524561651346,-0.8272981038198591,0.5914216101603037,45954,1,1,1,0,0,0,0,train
2161306,Minh Khai - Bắc Từ Liêm,21.05,105.74,2025-05-25,-0.2225959197207436,-0.7888501564534356,0.5311455691257381,-0.4761879921148429,0,10,0,156,-0.8091953018857136,-0.86457285123089,0.6236144993468594,0,1,0,1,0,1,1,1,train
2161306,Minh Khai - Bắc Từ Liêm,21.05,105.74,2025-05-26,-0.4522925576225034,-0.9268917148920536,0.3086165462835856,-1.2895057446977098,0,122,0,156,-0.8580381476062928,-0.9018475986419211,0.6558073885334152,0,1,0,1,0,1,1,1,train
2161306,Minh Khai - Bắc Từ Liêm,21.05,105.74,2025-05-27,-0.6819891955242634,-0.951051667118642,0.08608752344143306,-0.5016061539442551,0,86,0,137,-0.9068809933268719,-0.939122346052952,0.688000277719971,45954,1,0,1,0,0,0,0,train
2161306,Minh Khai - Bắc Từ Liêm,21.05,105.74,2025-05-28,-0.9116858334260232,-0.9890882921360391,-0.13644149940071928,0.06873739794505501,25,114,71,156,-0.29048057896612683,-0.5684573790801315,0.13246518301127147,0,0,0,0,0,1,1,1,train
2161306,Minh Khai - Bắc Từ Liêm,21.05,105.74,2025-05-29,-1.1262939846930304,-1.1351268962144743,0.08929989814489925,-0.2376546088663263,0,21,0,156,0.3259198353946184,-0.19779241210731097,-0.4230699116974281,0,1,0,1,0,1,1,1,train
2161306,Minh Khai - Bắc Từ Liêm,21.05,105.74,2025-05-30,-1.3409021359600375,-1.0213208341705822,0.31504129569051775,-1.3202146586891146,10,73,23,156,0.9423202497553637,0.1728725548655097,-0.9786050064061277,0,0,0,0,0,1,1,1,train
2161306,Minh Khai - Bắc Từ Liêm,21.05,105.74,2025-05-31,-1.1319201844586047,-1.1303624318920127,-0.4347133072660693,-1.3432366093133583,96,154,153,156,1.5587206641161089,0.5435375218383302,-1.534140101114827,0,0,0,0,0,1,1,1,train
2161306,Minh Khai - Bắc Từ Liêm,21.05,105.74,2025-06-01,-1.0224126114469752,-0.9749315332056038,0.16514173498463025,-0.16808149863481164,156,56,156,156,2.1751210784768538,0.9142024888111511,-2.089675195823527,45954,0,0,0,0,0,0,0,train
2161306,Minh Khai - Bắc Từ Liêm,21.05,105.74,2025-06-02,-1.2007952448843102,-0.9144670173761537,0.583636472654471,0.9875899579363698,156,2,156,156,1.63686148890571,0.5068046507071953,-1.5072918308204557,0,0,0,0,0,1,1,1,train
2161306,Minh Khai - Bắc Từ Liêm,21.05,105.74,2025-06-03,-0.6470801590245062,-0.8182638373982756,-0.4866399794048308,-0.09854983625176893,11,33,87,156,1.098601899334566,0.09940681260323943,-0.9249084658173845,0,0,0,0,0,1,1,1,train
2161306,Minh Khai - Bắc Từ Liêm,21.05,105.74,2025-06-04,0.8432856863671732,-0.49115213492015664,0.14619413740376794,-1.1995020403567478,55,125,88,156,0.5603423097634223,-0.3079910255007164,-0.3425251008143133,0,0,0,0,0,1,1,1,train
2161306,Minh Khai - Bắc Từ Liêm,21.05,105.74,2025-06-05,-0.7843587101548299,-0.5391483176131202,-0.48601174874683484,-1.5463688118400862,13,80,72,156,0.022082720192278447,-0.715388863604672,0.239858264188758,0,0,0,0,0,1,1,1,train
2161306,Minh Khai - Bắc Từ Liêm,21.05,105.74,2025-06-06,-0.6249005235874837,-0.8760823982845983,0.3187154670995741,-1.536009119200863,1,63,77,156,-0.5161768693788654,-1.122786701708628,0.8222416291918291,45954,0,0,0,0,0,0,0,train
2161306,Minh Khai - Bắc Từ Liêm,21.05,105.74,2025-06-07,-1.1504891461635445,-0.9137074848553726,-0.8569049147909815,0.6380796617888974,22,136,53,156,0.1578823234569078,-0.7279411303335341,0.11318628645263647,0,0,0,0,0,1,1,1,train
2161306,Minh Khai - Bắc Từ Liêm,21.05,105.74,2025-06-08,-0.6328218038337965,-0.8881732833030354,-1.0142946836025757,0.4042350962603192,13,32,38,156,0.831941516292681,-0.33309555895844023,-0.5958690562865561,0,0,0,0,0,1,1,1,train
2161306,Minh Khai - Bắc Từ Liêm,21.05,105.74,2025-06-09,-0.6026234532444091,-0.6757799000616295,-0.831980672183413,-0.7694032112920007,51,63,79,156,1.506000709128454,0.06175001241665388,-1.3049243990257489,0,0,0,0,0,1,1,1,train
2161306,Minh Khai - Bắc Từ Liêm,21.05,105.74,2025-06-10,-0.6575244704904232,-0.6040102131068759,-0.6478674833250957,-1.188888643884227,12,32,30,156,2.1800599019642277,0.4565955837917478,-2.0139797417649414,0,0,0,0,0,1,1,1,train
2161306,Minh Khai - Bắc Từ Liêm,21.05,105.74,2025-06-11,-1.196341784588551,-0.6214170076029001,-0.0731380277356276,-1.2913972955000153,100,73,125,156,2.8541190948000006,0.8514411551668416,-2.723035084504134,45954,0,0,0,0,0,0,0,train
2161306,Minh Khai - Bắc Từ Liêm,21.05,105.74,2025-06-12,-1.143780093166355,-1.2426657922520614,-0.5596890672398743,-0.7117393400289977,1,104,62,144,2.0180037457920608,0.6386042733220059,-1.896373855472094,0,0,0,0,0,1,1,1,train
2161306,Minh Khai - Bắc Từ Liêm,21.05,105.74,2025-06-13,-1.453850569394179,-1.0991091004556321,-0.4641115391688654,0.20066486940699987,66,31,146,156,1.1818883967841207,0.42576739147717,-1.0697126264400536,45954,0,0,0,0,0,0,0,train
2161306,Minh Khai - Bắc Từ Liêm,21.05,105.74,2025-06-14,-1.0429145395954151,-0.7329092908653545,-0.17273673610471396,-0.17523465671430502,92,34,145,156,0.5479955392885064,-0.8270012675089984,-0.46575590881937307,0,0,0,0,0,1,1,1,train
2161306,Minh Khai - Bắc Từ Liêm,21.05,105.74,2025-06-15,-0.5882345505037934,-0.6344438766828523,-0.5273139434448486,-0.9365125750929875,91,105,121,156,-0.0858973182071078,-2.079769926495167,0.13820080880130756,0,0,0,0,0,1,1,1,train
2161306,Minh Khai - Bắc Từ Liêm,21.05,105.74,2025-06-16,-0.8449717007550475,-0.7515004651930682,0.12265266273135907,-0.9815690141993519,0,0,0,156,-0.7197901757027219,-3.3325385854813345,0.7421575264219884,45954,1,1,1,0,0,0,0,train
2161306,Minh Khai - Bắc Từ Liêm,21.05,105.74,2025-06-17,-1.1017088510063013,-0.8685570537032843,0.7726192689075667,-1.2672287803297162,0,0,14,156,-0.6406819892635517,-3.3279315981579893,0.6426816201532378,0,1,1,0,0,1,1,1,train
2161306,Minh Khai - Bắc Từ Liêm,21.05,105.74,2025-06-18,-1.3584460012575552,-0.9856136422135002,0.4437370193276861,0.8346202230536137,58,0,134,156,-0.5615738028243814,-3.323324610834644,0.5432057138844875,0,0,1,0,0,1,1,1,train
2161306,Minh Khai - Bắc Từ Liêm,21.05,105.74,2025-06-19,-1.0329797314923947,-1.1026702307237162,-0.5728034200175229,0.07367426073223503,4,0,29,156,-0.48246561638521124,-3.318717623511298,0.443729807615737,0,0,1,0,0,1,1,1,train
2161306,Minh Khai - Bắc Từ Liêm,21.05,105.74,2025-06-20,-0.9463411966254527,-1.2197268192339323,-0.09938869915389735,-0.774287368421722,0,7,2,156,-0.40335742994604096,-3.314110636187953,0.3442539013469865,0,1,0,0,0,1,1,1,train
2161306,Minh Khai - Bắc Từ Liêm,21.05,105.74,2025-06-21,-0.8597026617585106,-1.2087524606571758,-0.20431303332633638,-0.530650226114333,0,0,0,156,-0.3242492435068707,-3.3095036488646077,0.24477799507823605,45954,1,1,1,0,0,0,0,train
2161306,Minh Khai - Bắc Từ Liêm,21.05,105.74,2025-06-22,-0.7730641268915684,-1.1977781020804192,-0.3092373674987754,-1.0439807544217408,0,0,0,156,0.034446741690213285,-2.4445330636045295,-0.06772706724908249,0,1,1,1,0,1,1,1,train
2161306,Minh Khai - Bắc Từ Liêm,21.05,105.74,2025-06-23,-0.6864255920246264,-1.1868037435036627,-0.41416170167121447,0.9774963915403603,12,10,58,156,0.39314272688729723,-1.5795624783444504,-0.38023212957640123,0,0,0,0,0,1,1,1,train
2161306,Minh Khai - Bắc Từ Liêm,21.05,105.74,2025-06-24,-0.4639981943956713,-1.182451363073081,-1.180926580538639,0.33566618184390123,10,30,35,156,0.7518387120843814,-0.7145918930843711,-0.6927371919037197,0,0,0,0,0,1,1,1,train
2161306,Minh Khai - Bắc Từ Liêm,21.05,105.74,2025-06-25,-0.7194651596986943,-0.9028373063227583,-0.03636492885725983,-0.39836667045274665,123,123,134,156,1.1105346972814654,0.1503786921757073,-1.0052422542310384,0,0,0,0,0,1,1,1,train
2161306,Minh Khai - Bắc Từ Liêm,21.05,105.74,2025-06-26,-0.8339313828444934,-1.209730716726134,-0.3820594825019709,-1.2404675648743175,30,104,120,156,1.4692306824785497,1.0153492774357864,-1.317747316558357,45954,0,0,0,0,0,0,0,train
2161306,Minh Khai - Bắc Từ Liêm,21.05,105.74,2025-06-27,-0.33915642243900784,-1.2482390496201101,-0.10253244167918094,-0.8383592920617191,0,0,0,156,1.0294311036119372,0.25779153605211896,-0.9347867390231561,0,1,1,1,0,1,1,1,train
2161306,Minh Khai - Bắc Từ Liêm,21.05,105.74,2025-06-28,0.15561853796647768,-1.286747382514086,0.17699459914360902,-0.9554003715862264,0,0,0,147,0.5896315247453251,-0.49976620533154864,-0.5518261614879548,0,1,1,1,0,1,1,1,train
2161306,Minh Khai - Bắc Từ Liêm,21.05,105.74,2025-06-29,0.6503934983719633,-1.3252557154080622,0.456521639966399,0.3665638321071252,0,0,10,156,0.14983194587871293,-1.257323946715216,-0.1688655839527537,0,1,1,0,0,1,1,1,train
2161306,Minh Khai - Bắc Từ Liêm,21.05,105.74,2025-06-30,1.1451684587774493,-1.3637640483020383,-1.075563277955817,-0.0690052842975499,13,2,65,156,-0.28996763298789957,-2.0148816880988836,0.21409499358244755,0,0,0,0,0,1,1,1,train
2161306,Minh Khai - Bắc Từ Liêm,21.05,105.74,2025-07-01,0.5925484055125169,-1.0581795701548566,-0.23427321456423605,-1.1657363774021077,0,64,4,156,-0.7297672118545113,-2.7724394294825507,0.5970555711176488,45954,1,0,0,0,0,0,0,train
2161306,Minh Khai - Bắc Từ Liêm,21.05,105.74,2025-07-02,0.03992835224758411,-1.1600744713925935,-0.29793327005623627,-1.232557953698651,0,0,0,156,-0.768002560984456,-3.113768201350244,0.7311523575151445,0,1,1,1,0,1,1,1,train
2161306,Minh Khai - Bắc Từ Liêm,21.05,105.74,2025-07-03,-0.512691701017348,-1.2619693726303305,-0.36159332554823637,-0.9262912012103355,0,0,0,156,-0.8062379101144006,-3.4550969732179375,0.8652491439126402,45954,1,1,1,0,0,0,0,train
2161306,Minh Khai - Bắc Từ Liêm,21.05,105.74,2025-07-04,-1.0653117542822805,-1.363864273868067,-0.4252533810402366,0.5059745438928324,24,42,91,156,-1.0457288894322336,-3.0857306282449,1.2516712682501785,0,0,0,0,0,1,1,1,train
2161306,Minh Khai - Bắc Từ Liêm,21.05,105.74,2025-07-05,-0.9959374668314258,-1.126566132901245,-0.0460250246782273,-0.4815560260000667,100,152,130,156,-1.2852198687500667,-2.716364283271862,1.6380933925877166,0,0,0,0,0,1,1,1,train
2161306,Minh Khai - Bắc Từ Liêm,21.05,105.74,2025-07-06,-0.9909847795105171,-1.0983246138143308,-0.7316178186524191,-0.6672123464222048,10,17,32,156,-1.5247108480678995,-2.3469979382988244,2.0245155169252547,45954,0,0,0,0,0,0,0,train
2161306,Minh Khai - Bắc Từ Liêm,21.05,105.74,2025-07-07,-0.5564856147298125,-1.0056564645489787,0.002795053484876203,-1.2103212427166372,93,141,139,156,-1.3971135642103945,-1.9611698065601697,1.7581324740185136,0,0,0,0,0,1,1,1,train
2161306,Minh Khai - Bắc Từ Liêm,21.05,105.74,2025-07-08,-0.22695353096504153,-0.920622639827347,-0.42366797830986286,-1.5165925341624225,31,88,139,156,-1.2695162803528897,-1.575341674821514,1.4917494311117727,0,0,0,0,0,1,1,1,train
2161306,Minh Khai - Bắc Từ Liêm,21.05,105.74,2025-07-09,-0.9255072539599061,-1.1291844064975722,0.4213719334818943,0.8769087342273048,119,124,152,156,-1.1419189964953849,-1.1895135430828592,1.2253663882050314,0,0,0,0,0,1,1,1,train
2161306,Minh Khai - Bắc Từ Liêm,21.05,105.74,2025-07-10,-0.5914840299943007,-0.9633402760428492,-0.3976405819233219,0.31376445786776436,127,72,156,156,-1.0143217126378798,-0.803685411344204,0.9589833452982903,0,0,0,0,0,1,1,1,train
2161306,Minh Khai - Bắc Từ Liêm,21.05,105.74,2025-07-11,-0.9579308122767661,-0.5930969443989322,0.4073679225547999,-0.6617446943651495,0,9,11,156,-0.886724428780375,-0.4178572796055488,0.692600302391549,45954,1,0,0,0,0,0,0,train
2161306,Minh Khai - Bắc Từ Liêm,21.05,105.74,2025-07-12,-1.3243775945592315,-0.5849403560213564,0.06562114555013868,-0.9449101241966291,20,117,0,156,-0.7588914320286727,-0.8637197237175177,0.6261942934672359,0,0,0,1,0,1,1,1,train
2161306,Minh Khai - Bắc Từ Liêm,21.05,105.74,2025-07-13,-1.0809636316189215,-0.8386970349044006,-0.2761256314545226,-1.4094536681427088,36,104,118,156,-0.6310584352769704,-1.3095821678294863,0.5597882845429228,0,0,0,0,0,1,1,1,train
2161306,Minh Khai - Bắc Từ Liêm,21.05,105.74,2025-07-14,-0.8937840724644782,-0.875922173740264,0.3038641512069469,-1.190438697860074,0,0,0,139,-0.503225438525268,-1.7554446119414553,0.4933822756186098,0,1,1,1,0,1,1,1,train
2161306,Minh Khai - Bắc Từ Liêm,21.05,105.74,2025-07-15,-0.7066045133100349,-0.913147312576127,0.8838539338684165,0.5045132832724831,15,60,83,156,-0.3753924417735657,-2.201307056053424,0.4269762666942967,0,0,0,0,0,1,1,1,train
2161306,Minh Khai - Bắc Từ Liêm,21.05,105.74,2025-07-16,-0.7994042835643584,-1.0218897335739363,-0.5851540956724302,-0.4070415140239026,0,0,17,156,-0.2475594450218634,-2.6471695001653925,0.3605702577699837,45954,1,1,0,0,0,0,0,train
2161306,Minh Khai - Bắc Từ Liêm,21.05,105.74,2025-07-17,-0.892204053818682,-1.1306321545717462,-0.1421184947064412,-0.6354487817735033,105,146,129,156,-0.3044660794556885,-2.9228800355876086,0.36320837521140714,0,0,0,0,0,1,1,1,train
2161306,Minh Khai - Bắc Từ Liêm,21.05,105.74,2025-07-18,-1.0279619606990846,-0.9931297687699592,-0.06953199817782543,-1.4137904031123543,55,116,156,156,-0.3613727138895136,-3.1985905710098246,0.36584649265283053,0,0,0,0,0,1,1,1,train
2161306,Minh Khai - Bắc Từ Liêm,21.05,105.74,2025-07-19,-0.6479844767463018,-0.924736183415882,0.40291046870538877,-1.2869001442176966,9,0,139,156,-0.41827934832333874,-3.4743011064320415,0.36848461009425393,0,0,1,0,0,1,1,1,train
2161306,Minh Khai - Bắc Từ Liêm,21.05,105.74,2025-07-20,-0.7939308967471431,-0.8563425980618048,0.09050754675507175,0.3978885587016626,0,0,0,156,-0.47518598275716384,-3.7500116418542575,0.3711227275356773,0,1,1,1,0,1,1,1,train
2161306,Minh Khai - Bắc Từ Liêm,21.05,105.74,2025-07-21,-0.9398773167479842,-0.7879490127077281,-0.22189537519524533,0.18608947071013157,0,0,0,156,-0.532092617190989,-4.0257221772764735,0.37376084497710077,45954,1,1,1,0,0,0,0,train
2161306,Minh Khai - Bắc Từ Liêm,21.05,105.74,2025-07-22,-1.0858237367488255,-0.719555427353651,-0.5342982971455624,-0.29378580558274053,0,47,0,156,-0.8010214476586293,-2.6909729319859332,0.8538650819964141,0,1,0,1,0,1,1,1,train
2161306,Minh Khai - Bắc Từ Liêm,21.05,105.74,2025-07-23,-1.2317701567496668,-1.000000197230839,-0.8467012190958795,-1.4814624367031899,10,92,31,156,-1.0699502781262693,-1.3562236866953932,1.3339693190157274,45954,0,0,0,0,0,0,0,train
2161306,Minh Khai - Bắc Từ Liêm,21.05,105.74,2025-07-24,-1.1191590028698732,-1.0020398897704903,-0.5653331893351021,-1.6688427845631322,0,10,52,156,-0.7434060991234406,-0.6797575862431525,1.0077244758678123,0,1,0,0,0,1,1,1,train
2161306,Minh Khai - Bắc Từ Liêm,21.05,105.74,2025-07-25,-1.0065478489900799,-0.9774472630935575,-0.2943679434324511,0.6856241662660642,0,0,0,156,-0.41686192012061196,-0.0032914857909118137,0.6814796327198976,0,1,1,1,0,1,1,1,train
2161306,Minh Khai - Bắc Từ Liêm,21.05,105.74,2025-07-26,-0.8939366951102863,-0.952854636416625,-0.023402697529800082,-0.46484746660032705,82,154,131,156,-0.09031774111778317,0.673174614661329,0.3552347895719829,45954,0,0,0,0,0,0,0,train
2161306,Minh Khai - Bắc Từ Liêm,21.05,105.74,2025-07-27,-1.105941475764125,-0.9748917157018199,-0.3370451151031092,-0.7463486518417258,134,153,152,156,0.1230320455038788,0.34191937663569116,0.13380559186773586,0,0,0,0,0,1,1,1,train
2161306,Minh Khai - Bắc Từ Liêm,21.05,105.74,2025-07-28,-0.973895991046344,-0.7281180997252816,0.1275646204029749,-1.0693451654390136,121,156,147,156,0.3363818321255406,0.010664138610053239,-0.08762360583651115,0,0,0,0,0,1,1,1,train
2161306,Minh Khai - Bắc Từ Liêm,21.05,105.74,2025-07-29,-0.4505580133053903,-0.5442127768270933,-0.2035537475229288,-1.4467520733636396,131,69,156,156,0.5497316187472027,-0.32059109941558467,-0.3090528035407582,0,0,0,0,0,1,1,1,train
2161306,Minh Khai - Bắc Từ Liêm,21.05,105.74,2025-07-30,-1.0239409946672984,-0.5910065254503537,0.35759036998345994,-0.9113543283018304,9,0,124,136,0.7630814053688646,-0.6518463374412227,-0.5304820012450052,0,0,1,0,0,1,1,1,train
2161306,Minh Khai - Bắc Từ Liêm,21.05,105.74,2025-07-31,-0.5415803577344686,-0.6378002740736135,-0.1701277985809543,0.29710730701387106,136,66,148,156,0.9764311919905265,-0.9831015754668605,-0.7519111989492523,45954,0,0,0,0,0,0,0,train
2161306,Minh Khai - Bắc Từ Liêm,21.05,105.74,2025-08-01,-0.8547757287161549,-0.7010481970510359,-1.1064847941983043,-0.4687267224355424,92,75,132,156,0.7566033783696607,-0.9943063729941821,-0.5931366235653166,0,0,0,0,0,1,1,1,train
2161306,Minh Khai - Bắc Từ Liêm,21.05,105.74,2025-08-02,-0.8027832956578334,-0.45613373123399076,-0.42968355489254156,-0.8813911172441714,129,154,154,156,0.536775564748795,-1.0055111705215038,-0.43436204818138097,0,0,0,0,0,1,1,1,train
2161306,Minh Khai - Bắc Từ Liêm,21.05,105.74,2025-08-03,-1.164986901963265,-0.7872059117253246,0.1514060820171337,-0.7992992935576105,145,103,155,156,0.3169477511279293,-1.0167159680488258,-0.2755874727974453,0,0,0,0,0,1,1,1,train
2161306,Minh Khai - Bắc Từ Liêm,21.05,105.74,2025-08-04,-0.924540263264687,-0.5220453361254027,0.12224771873339416,-0.09432684397292301,156,14,156,156,0.09711993750706364,-1.0279207655761475,-0.11681289741350952,0,0,0,0,0,1,1,1,train
2161306,Minh Khai - Bắc Từ Liêm,21.05,105.74,2025-08-05,-0.3141564186189906,-0.7009989706165626,0.2718157177807903,0.7377845217356903,0,0,0,156,-0.122707876113802,-1.039125563103469,0.041961677970426145,45954,1,1,1,0,0,0,0,train
2161306,Minh Khai - Bắc Từ Liêm,21.05,105.74,2025-08-06,0.2962274260267057,-0.8799526051077229,0.42138371682818637,-0.28710338517133793,0,0,0,156,0.23942535484773808,-0.7696715592852202,-0.2837829779395015,0,1,1,1,0,1,1,1,train
2161306,Minh Khai - Bắc Từ Liêm,21.05,105.74,2025-08-07,0.9066112706724023,-1.0589062395988833,0.5709517158755825,-0.9088460765149141,1,0,6,156,0.601558585809278,-0.5002175554669714,-0.6095276338494291,0,0,1,0,0,1,1,1,train
2161306,Minh Khai - Bắc Từ Liêm,21.05,105.74,2025-08-08,-1.0550762681488657,-1.237859874090043,0.3328340865737608,-1.365381107790991,115,124,140,156,0.9636918167708183,-0.23076355164872278,-0.9352722897593571,0,0,0,0,0,1,1,1,train
2161306,Minh Khai - Bắc Từ Liêm,21.05,105.74,2025-08-09,-0.9701927034061645,-0.9983240439551774,0.11825888546513358,-0.9814413261589588,135,154,156,156,1.3258250477323585,0.03869045216952605,-1.2610169456692844,0,0,0,0,0,1,1,1,train
2161306,Minh Khai - Bắc Từ Liêm,21.05,105.74,2025-08-10,-0.6441957432607759,-0.8643543707235751,0.23820321858988489,0.35322384356954384,0,0,0,156,1.6879582786938985,0.30814445598777473,-1.5867616015792123,0,1,1,1,0,1,1,1,train
2161306,Minh Khai - Bắc Từ Liêm,21.05,105.74,2025-08-11,-0.31819878311538713,-0.7303846974919733,0.35814755171463625,-0.027080098752358017,98,126,130,156,2.0500915096554384,0.5775984598060235,-1.9125062574891396,0,0,0,0,0,1,1,1,train
2161306,Minh Khai - Bắc Từ Liêm,21.05,105.74,2025-08-12,-0.42316078939663027,-0.8008134072816719,0.037532094778714095,-0.5179127169923177,113,150,119,156,2.412224740616979,0.8470524636242724,-2.238250913399067,45954,0,0,0,0,0,0,0,train
2161306,Minh Khai - Bắc Từ Liêm,21.05,105.74,2025-08-13,-0.29572493993469956,-0.8474577039044301,0.31238176342361706,-0.5657797860654445,91,110,119,156,1.3134153481067385,-0.07014172611619664,-1.228565822228244,0,0,0,0,0,1,1,1,train
2161306,Minh Khai - Bắc Từ Liêm,21.05,105.74,2025-08-14,-0.2715962257715352,-1.016076923466953,0.1753763387071442,-1.3098906804784014,0,0,8,156,0.2146059555964984,-0.987335915856666,-0.21888073105742123,0,1,1,0,0,1,1,1,train
2161306,Minh Khai - Bắc Từ Liêm,21.05,105.74,2025-08-15,-0.2474675116083708,-1.1846961430294767,-0.11295464867818522,-1.0610022032712554,0,0,0,156,-0.8842034369137414,-1.904530105597135,0.7908043601134023,45954,1,1,1,0,0,0,0,train
2161306,Minh Khai - Bắc Từ Liêm,21.05,105.74,2025-08-16,-0.22333879744520643,-1.353315362592,-0.40128563606351464,0.18631600052173633,0,19,9,156,-0.18382684038605276,-1.333476738219258,0.14214683649680512,0,1,0,0,0,1,1,1,train
2161306,Minh Khai - Bắc Từ Liêm,21.05,105.74,2025-08-17,-0.19921008328204204,-1.2954509161234145,0.4556451915683228,-0.3518153018145398,0,0,6,156,0.5165497561416359,-0.7624233708413811,-0.5065106871197921,0,1,1,0,0,1,1,1,train
2161306,Minh Khai - Bắc Từ Liêm,21.05,105.74,2025-08-18,-0.17508136911887767,-1.2375864696548284,0.1798960737434696,-0.7631099467604865,0,0,0,156,1.2169263526693246,-0.19137000346350408,-1.1551682107363894,0,1,1,1,0,1,1,1,train
2161306,Minh Khai - Bắc Từ Liêm,21.05,105.74,2025-08-19,-0.15095265495571328,-1.1797220231862426,-0.09585304408138351,-1.495303748614047,0,0,0,156,1.917302949197013,0.37968336391437313,-1.8038257343529867,0,1,1,1,0,1,1,1,train
2161306,Minh Khai - Bắc Từ Liêm,21.05,105.74,2025-08-20,-0.12682394079254888,-1.121857576717657,-0.3716021619062367,-1.4364559261289898,73,22,121,156,2.6176795457247017,0.9507367312922499,-2.452483257969584,45954,0,0,0,0,0,0,0,train
2161306,Minh Khai - Bắc Từ Liêm,21.05,105.74,2025-08-21,-0.33408238552481984,-1.1620860053208397,-0.06859217553242224,0.7811921546796832,0,0,0,156,1.985241423266944,0.2184128854243606,-1.8858866061060826,0,1,1,1,0,1,1,1,train
2161306,Minh Khai - Bắc Từ Liêm,21.05,105.74,2025-08-22,-0.5413408302570908,-1.2023144339240224,0.2344178108413922,-0.11570422877664142,67,51,106,156,1.3528033008091862,-0.5139109604435288,-1.3192899542425813,0,0,0,0,0,1,1,1,train
2161306,Minh Khai - Bắc Từ Liêm,21.05,105.74,2025-08-23,-0.6731476755760648,-1.319576437118129,0.29517559713287733,-0.47406596977470933,55,71,63,156,0.7203651783514283,-1.2462348063114184,-0.7526933023790798,0,0,0,0,0,1,1,1,train
2161306,Minh Khai - Bắc Từ Liêm,21.05,105.74,2025-08-24,-1.4552436475008246,-1.21869047324507,0.03823695594861534,-1.2358369921316446,14,45,35,156,0.08792705589367064,-1.9785586521793073,-0.1860966505155782,0,0,0,0,0,1,1,1,train
2161306,Minh Khai - Bắc Từ Liêm,21.05,105.74,2025-08-25,-1.2187774562492406,-1.1905143053180443,0.04793684381992267,-0.9392974643930471,0,0,0,156,-0.5445110665640871,-2.7108824980471966,0.3805000013479234,45954,1,1,1,0,0,0,0,train
2161306,Minh Khai - Bắc Từ Liêm,21.05,105.74,2025-08-26,-0.9823112649976566,-1.162338137391018,0.05763673169123004,0.4655007945139934,0,0,0,156,-0.3950742322199757,-2.098291805947953,0.27242732018659294,0,1,1,1,0,1,1,1,train
2161306,Minh Khai - Bắc Từ Liêm,21.05,105.74,2025-08-27,-0.7458450737460727,-1.1341619694639922,0.06733661956253736,0.1278457326996139,0,0,2,156,-0.24563739787586428,-1.4857011138487095,0.1643546390252626,0,1,1,0,0,1,1,1,train
2161306,Minh Khai - Bắc Từ Liêm,21.05,105.74,2025-08-28,-0.5093788824944887,-1.1059858015369661,-0.35693632615591203,-0.527693692554175,65,96,86,156,-0.09620056353175285,-0.8731104217494663,0.056281957863932155,0,0,0,0,0,1,1,1,train
2161306,Minh Khai - Bắc Từ Liêm,21.05,105.74,2025-08-29,-1.0203861430168077,-1.1716349108983104,-0.4031825377548775,-1.1997365133439242,7,69,24,156,0.053236270812358544,-0.2605197296502226,-0.051790723297398276,0,0,0,0,0,1,1,1,train
2161306,Minh Khai - Bắc Từ Liêm,21.05,105.74,2025-08-30,-0.9338325465217431,-1.6715375346280623,1.1222538518350376,-1.5877276728562668,0,60,8,156,0.20267310515647008,0.352070962449021,-0.1598634044587287,45954,1,0,0,0,0,0,0,train
2161306,Minh Khai - Bắc Từ Liêm,21.05,105.74,2025-08-31,-0.8472789500266783,-1.6503613043201855,-0.22513855811634587,-0.9220563538912568,3,28,27,139,-0.12069305861182937,-1.194258349958922,0.1828819276415745,0,0,0,0,0,1,1,1,train
2161306,Minh Khai - Bắc Từ Liêm,21.05,105.74,2025-09-01,-0.9488860492042249,-1.3689197332352985,-0.7510744335364895,0.4354461772141351,0,18,13,156,-0.44405922238012885,-2.7405876623668646,0.5256272597418776,45954,1,0,0,0,0,0,0,train
2161306,Minh Khai - Bắc Từ Liêm,21.05,105.74,2025-09-02,-1.0504931483817717,-1.088970227651733,-0.3903662881340124,-0.41996601624903795,40,106,66,156,0.6490860678347636,-1.4223915074954663,-0.5461704409568685,0,0,0,0,0,1,1,1,train
2161306,Minh Khai - Bắc Từ Liêm,21.05,105.74,2025-09-03,-0.2077539066064761,-1.1660900507739715,0.15108425712373613,-0.8715652298926154,125,152,149,156,1.7422313580496562,-0.10419535262406758,-1.6179681416556146,0,0,0,0,0,1,1,1,train
2161306,Minh Khai - Bắc Từ Liêm,21.05,105.74,2025-09-04,-0.32666737349803887,-1.2796443898316285,0.008377778144161695,-1.0160288987543327,143,141,156,156,2.8353766482645493,1.2140008022473305,-2.689765842354361,45954,0,0,0,0,0,0,0,train
2161306,Minh Khai - Bắc Từ Liêm,21.05,105.74,2025-09-05,-0.25813980553024535,-0.9690412698720834,-0.11741746898909018,-0.6847767979205753,153,144,156,156,2.4642405902749625,0.9983167511136676,-2.302379708367393,0,0,0,0,0,1,1,1,train
4946811,556 Nguyễn Văn Cừ,21.0491,105.8831,2024-01-29,0.25632740910385754,0.5402684832652487,0.9799775735268487,0.3713628240611679,0,4,0,156,-0.7515823501070918,0.720714208236876,0.6204119945661193,0,1,0,1,0,1,1,1,train
4946811,556 Nguyễn Văn Cừ,21.0491,105.8831,2024-01-30,0.25632740910385754,0.2016042502376374,0.9799775735268487,0.37665684606423216,0,7,0,156,-0.7515823501070918,0.720714208236876,0.6204119945661193,0,1,0,1,0,1,1,1,train
4946811,556 Nguyễn Văn Cừ,21.0491,105.8831,2024-01-31,0.25632740910385754,0.24084740016416906,0.9799775735268487,-0.4530130905685006,0,36,0,156,-0.7515823501070918,0.720714208236876,0.6204119945661193,0,1,0,1,0,1,1,1,train
4946811,556 Nguyễn Văn Cừ,21.0491,105.8831,2024-02-01,0.25632740910385754,-0.4541215836798293,0.9799775735268487,-0.18901597674650258,0,15,0,156,-0.7515823501070918,0.720714208236876,0.6204119945661193,0,1,0,1,0,1,1,1,train
4946811,556 Nguyễn Văn Cừ,21.0491,105.8831,2024-02-02,0.25632740910385754,-0.3397643492034408,0.9799775735268487,0.40914167195793694,5,154,16,149,-0.7515823501070918,0.720714208236876,0.6204119945661193,46161,0,0,0,0,0,0,0,train
4946811,556 Nguyễn Văn Cừ,21.0491,105.8831,2024-02-03,-0.17163181821320883,-0.2870792463561455,0.41901774298993505,0.9697964085320369,0,19,0,156,-0.7696314000282448,0.47919308245454495,0.6421718987956314,0,1,0,1,0,1,1,1,train
4946811,556 Nguyễn Văn Cừ,21.0491,105.8831,2024-02-04,-0.5995910455302752,-0.1001827016669513,-0.14194208754697857,-0.21314310379145426,132,150,148,156,-0.787680449949398,0.2376719566722139,0.6639318030251437,0,0,0,0,0,1,1,1,train
4946811,556 Nguyễn Văn Cừ,21.0491,105.8831,2024-02-05,-0.35344598724806237,-0.22708681339688028,-0.25260557611487994,-0.7282746426442751,77,156,127,156,-0.805729499870551,-0.0038491691101171116,0.6856917072546557,0,0,0,0,0,1,1,1,train
4946811,556 Nguyễn Văn Cừ,21.0491,105.8831,2024-02-06,-0.5465606516120914,-0.33748438802794745,-0.142693292152714,0.2725640758954035,0,73,0,156,-0.8237785497917041,-0.24537029489244816,0.7074516114841678,0,1,0,1,0,1,1,1,train
4946811,556 Nguyễn Văn Cừ,21.0491,105.8831,2024-02-07,-0.7396753159761208,-0.1954678972768049,-0.03278100819054805,0.6620860883990343,0,6,0,156,-0.841827599712857,-0.4868914206747792,0.7292115157136799,46161,1,0,1,0,0,0,0,train
4946811,556 Nguyễn Văn Cừ,21.0491,105.8831,2024-02-08,-0.9327899803401498,0.47823308509478696,0.07713127577161792,0.9519914520109055,0,0,0,156,-0.1722565674831112,-0.14115453186832663,0.05834974228535132,0,1,1,1,0,1,1,1,train
4946811,556 Nguyễn Văn Cừ,21.0491,105.8831,2024-02-09,-1.125904644704179,1.1519340674663783,0.18704355973378384,0.7685436031517582,0,2,0,156,0.4973144647466347,0.20458235693812593,-0.6125120311429774,0,1,0,1,0,1,1,1,train
4946811,556 Nguyễn Văn Cừ,21.0491,105.8831,2024-02-10,-1.3190193090682083,1.617773225794167,0.2969558436959498,-0.4246168351309501,122,124,146,156,1.1668854969763802,0.5503192457445785,-1.283373804571306,0,0,0,0,0,1,1,1,train
4946811,556 Nguyễn Văn Cừ,21.0491,105.8831,2024-02-11,-1.2377015066555819,1.2959779782388927,1.363080177865595,-0.5499412731448658,155,90,156,156,1.8364565292061266,0.8960561345510311,-1.9542355779996343,0,0,0,0,0,1,1,1,train
4946811,556 Nguyễn Văn Cừ,21.0491,105.8831,2024-02-12,0.20038048903819122,0.6991283235616317,1.7818153423137277,0.07712359965502308,150,148,156,156,2.506027561435872,1.2417930233574839,-2.625097351427963,46161,0,0,0,0,0,0,0,train
4946811,556 Nguyễn Văn Cừ,21.0491,105.8831,2024-02-13,-0.011875871587914602,0.8989481027318937,-0.6182545697059424,1.329241706179708,25,81,86,156,1.8981375505277622,1.149176031171192,-2.0095681045723763,0,0,0,0,0,1,1,1,train
4946811,556 Nguyễn Văn Cừ,21.0491,105.8831,2024-02-14,-0.013753438844379875,0.37682294832947083,-0.2588680893863399,0.7808235136930947,0,0,0,156,1.2902475396196529,1.0565590389849002,-1.3940388577167895,0,1,1,1,0,1,1,1,train
4946811,556 Nguyễn Văn Cừ,21.0491,105.8831,2024-02-15,-0.01563100610084562,-0.1453022060729515,0.10051839093326256,0.006635486362305536,0,3,0,156,0.682357528711543,0.9639420467986083,-0.7785096108612028,0,1,0,1,0,1,1,1,train
4946811,556 Nguyễn Văn Cừ,21.0491,105.8831,2024-02-16,-0.017508573357310892,0.3203345920643782,0.45990487125286506,-0.4477739989092865,15,50,35,156,0.07446751780343336,0.8713250546123165,-0.16298036400561608,0,0,0,0,0,1,1,1,train
4946811,556 Nguyễn Văn Cừ,21.0491,105.8831,2024-02-17,0.4001055535570321,0.5925365932133391,-0.728680974633179,0.6440113028009637,0,56,25,156,-0.5334224931046759,0.7787080624260246,0.45254888284997064,46161,1,0,0,0,0,0,0,train
4946811,556 Nguyễn Văn Cừ,21.0491,105.8831,2024-02-18,0.8177196804713751,0.2615484112916265,4.228981320402514,0.9788187212421108,18,58,47,152,-0.7011199245603416,0.47454697528055156,0.672634508978503,0,0,0,0,0,1,1,1,train
4946811,556 Nguyễn Văn Cừ,21.0491,105.8831,2024-02-19,0.6954962178781242,-0.07718400239314557,0.7596034776198891,1.6264544329787873,4,109,16,156,-0.8688173560160072,0.17038588813507857,0.8927201351070354,0,0,0,0,0,1,1,1,train
4946811,556 Nguyễn Văn Cừ,21.0491,105.8831,2024-02-20,0.5153652114716452,0.01767029146343654,-0.24772194208049828,1.101367467317155,3,94,14,156,-1.036514787471673,-0.1337751990103944,1.1128057612355677,0,0,0,0,0,1,1,1,train
4946811,556 Nguyễn Văn Cừ,21.0491,105.8831,2024-02-21,2.005458797346896,0.13867704907150438,-0.35075123218286075,0.38978828145071315,6,97,24,156,-1.2042122189273385,-0.43793628615586744,1.3328913873641002,0,0,0,0,0,1,1,1,train
4946811,556 Nguyễn Văn Cừ,21.0491,105.8831,2024-02-22,1.6962575724241877,-0.13947657800241792,-0.29515901334683065,0.4279736497258476,0,100,0,156,-1.3719096503830044,-0.7420973733013405,1.5529770134926326,46161,1,0,1,0,0,0,0,train
4946811,556 Nguyễn Văn Cừ,21.0491,105.8831,2024-02-23,1.3870563475014797,0.1651816886441089,-0.23956679451080057,0.17170652231689357,0,0,0,156,-1.2198832662717753,-0.6341483519084462,1.3084259090408363,0,1,1,1,0,1,1,1,train
4946811,556 Nguyễn Văn Cừ,21.0491,105.8831,2024-02-24,1.0778551225787716,0.4698399552906357,-0.18397457567477044,0.9218264962383502,0,0,0,156,-1.0678568821605467,-0.5261993305155521,1.0638748045890405,0,1,1,1,0,1,1,1,train
4946811,556 Nguyễn Văn Cừ,21.0491,105.8831,2024-02-25,0.7686538976560633,0.7744982219371626,-0.12838235683874033,0.6850105111608077,0,1,0,156,-0.9158304980493178,-0.4182503091226578,0.8193237001372445,0,1,0,1,0,1,1,1,train
4946811,556 Nguyễn Văn Cừ,21.0491,105.8831,2024-02-26,0.45945267273335516,0.7156602238649608,-0.07279013800271021,0.8509409404822063,0,10,0,156,-0.7638041139380891,-0.3103012877297635,0.5747725956854484,0,1,0,1,0,1,1,1,train
4946811,556 Nguyễn Văn Cừ,21.0491,105.8831,2024-02-27,0.15025144781064703,0.7084707099285714,-0.017197919166680082,0.4660222669764311,0,14,0,156,-0.6117777298268602,-0.20235226633686942,0.3302214912336523,46161,1,0,1,0,0,0,0,train
4946811,556 Nguyễn Văn Cừ,21.0491,105.8831,2024-02-28,-0.15894977711206112,1.163163694423551,0.03839429966935004,1.082053785222399,0,58,0,156,-0.5500313076914635,-0.03291918876024284,0.28232276352093183,0,1,0,1,0,1,1,1,train
4946811,556 Nguyễn Văn Cừ,21.0491,105.8831,2024-02-29,-0.4681510020347693,1.5640752311040829,0.09398651850538012,1.3447611184455532,0,12,0,156,-0.48828488555606664,0.13651388881638374,0.23442403580821133,0,1,0,1,0,1,1,1,train
4946811,556 Nguyễn Văn Cừ,21.0491,105.8831,2024-03-01,-0.7773522269574774,1.3977427907827642,0.14957873734141028,0.5914486822256,0,0,0,156,-0.42653846342066987,0.3059469663930103,0.18652530809549078,0,1,1,1,0,1,1,1,train
4946811,556 Nguyễn Văn Cừ,21.0491,105.8831,2024-03-02,-1.0865534518801856,1.2314103504614446,0.20517095617744036,-0.10058863441777353,21,60,53,156,-0.3647920412852731,0.4753800439696369,0.13862658038277031,0,0,0,0,0,1,1,1,train
4946811,556 Nguyễn Văn Cừ,21.0491,105.8831,2024-03-03,-0.9134527291767861,0.9399227686277105,-0.46094243144024805,1.30373945419086,1,20,8,156,-0.3030456191498763,0.6448131215462635,0.09072785267004982,46161,0,0,0,0,0,0,0,train
4946811,556 Nguyễn Văn Cừ,21.0491,105.8831,2024-03-04,-0.15508729504456018,0.7453973538473782,1.1880560886742035,2.1491774976456597,0,152,1,156,-0.3493235686729576,0.4830887015760571,0.10161295644665988,0,1,0,0,0,1,1,1,train
4946811,556 Nguyễn Văn Cừ,21.0491,105.8831,2024-03-05,0.6032781390876657,0.922598881810793,-1.1062467395944007,1.288088710774021,141,131,50,141,-0.3956015181960388,0.3213642816058508,0.11249806022327,0,0,0,0,0,1,1,1,train
4946811,556 Nguyễn Văn Cừ,21.0491,105.8831,2024-03-06,-0.6128616036135361,1.0383750921240398,-0.07200683811990198,0.8719907140859359,86,115,102,156,-0.44187946771911996,0.15963986163564453,0.12338316399988004,0,0,0,0,0,1,1,1,train
4946811,556 Nguyễn Văn Cừ,21.0491,105.8831,2024-03-07,-0.6195239690515757,1.2144180943609588,0.04277380784587009,1.7697685511382197,0,14,9,156,-0.4881574172422012,-0.0020845583345618555,0.13426826777649015,0,1,0,0,0,1,1,1,train
4946811,556 Nguyễn Văn Cừ,21.0491,105.8831,2024-03-08,-0.6261863344896151,1.2276906865293256,0.2470965674163138,1.3213318561115428,0,0,0,156,-0.5344353667652825,-0.16380897830476804,0.1451533715531002,46161,1,1,1,0,0,0,0,train
4946811,556 Nguyễn Văn Cừ,21.0491,105.8831,2024-03-09,-0.6328486999276546,1.2409632786976912,0.45141932698675746,0.8614991527875974,0,11,0,156,-0.6132291460804087,-0.07958698468596521,0.29798500513756104,0,1,0,1,0,1,1,1,train
4946811,556 Nguyễn Văn Cừ,21.0491,105.8831,2024-03-10,-0.6395110653656941,1.309913013672237,0.6557420865572011,1.3947522404450499,0,0,0,156,-0.6920229253955349,0.004635008932837604,0.4508166387220218,0,1,1,1,0,1,1,1,train
4946811,556 Nguyễn Văn Cừ,21.0491,105.8831,2024-03-11,-0.6461734308037336,1.3788627486467837,0.8600648461276449,1.2314021487219589,59,107,142,156,-0.7708167047106612,0.08885700255164042,0.6036482723064828,0,0,0,0,0,1,1,1,train
4946811,556 Nguyễn Văn Cừ,21.0491,105.8831,2024-03-12,1.3992563649262117,2.0969223392904506,0.8650189866285456,0.4276265389256771,74,153,0,156,-0.8496104840257874,0.17307899617044326,0.7564799058909434,0,0,0,1,0,1,1,1,train
4946811,556 Nguyễn Văn Cừ,21.0491,105.8831,2024-03-13,1.3062298527068767,1.7914924494199365,0.8699731271294464,0.7979028043887837,0,0,0,156,-0.9284042633409136,0.257300989789246,0.9093115394754042,46161,1,1,1,0,0,0,0,train
4946811,556 Nguyễn Văn Cừ,21.0491,105.8831,2024-03-14,1.2132033404875413,1.4860625595494237,0.8749272676303471,2.5796021760782195,0,0,0,156,-0.8293642180965766,0.4525040195308585,0.7319943044102855,0,1,1,1,0,1,1,1,train
4946811,556 Nguyễn Văn Cừ,21.0491,105.8831,2024-03-15,1.1201768282682063,1.1806326696789102,0.8798814081312479,2.8748453536742673,0,103,0,156,-0.7303241728522393,0.6477070492724709,0.5546770693451666,0,1,0,1,0,1,1,1,train
4946811,556 Nguyễn Văn Cừ,21.0491,105.8831,2024-03-16,1.0271503160488715,1.8083335262766032,0.8848355486321486,2.890237197345969,0,0,0,156,-0.6312841276079021,0.8429100790140834,0.3773598342800478,0,1,1,1,0,1,1,1,train
4946811,556 Nguyễn Văn Cừ,21.0491,105.8831,2024-03-17,0.934123803829536,2.4360343828742956,0.8897896891330493,2.8070897077089927,0,11,0,156,-0.5322440823635649,1.038113108755696,0.2000425992149289,0,1,0,1,0,1,1,1,train
4946811,556 Nguyễn Văn Cừ,21.0491,105.8831,2024-03-18,0.8410972916102011,2.0639109014284927,0.8947438296339502,3.233948318371736,0,0,0,156,-0.43320403711922767,1.2333161384973086,0.02272536414981013,46161,1,1,1,0,0,0,0,train
4946811,556 Nguyễn Văn Cừ,21.0491,105.8831,2024-03-19,0.7480707793908661,1.6917874199826894,0.8996979701348509,0.3520427851863374,0,2,0,156,-0.4333778118713865,1.16947917708141,0.1605200057684171,0,1,0,1,0,1,1,1,train
4946811,556 Nguyễn Văn Cừ,21.0491,105.8831,2024-03-20,0.6550442671715306,3.466371201333456,0.9046521106357517,-0.20525063315254766,0,76,0,156,-0.4335515866235454,1.105642215665511,0.2983146473870241,0,1,0,1,0,1,1,1,train
4946811,556 Nguyễn Văn Cừ,21.0491,105.8831,2024-03-21,0.5620177549521956,2.187829518542627,0.9096062511366524,0.8904596125832364,128,61,34,138,-0.43372536137570433,1.0418052542496123,0.43610928900563106,0,0,0,0,0,1,1,1,train
4946811,556 Nguyễn Văn Cừ,21.0491,105.8831,2024-03-22,0.2398110824298314,1.0340827106717634,0.6978913856325337,1.4450757813560657,0,1,0,156,-0.43389913612786324,0.9779682928337136,0.5739039306242381,0,1,0,1,0,1,1,1,train
4946811,556 Nguyễn Văn Cừ,21.0491,105.8831,2024-03-23,-0.0823955900925329,0.6304027665878379,0.4861765201284151,1.281680150750468,0,0,0,0,-0.4340729108800221,0.9141313314178148,0.711698572242845,46161,1,1,1,1,0,0,0,train
4946811,556 Nguyễn Văn Cừ,21.0491,105.8831,2024-03-24,-0.4046022626148972,0.22672282250391304,0.2744616546242965,1.1182845201448703,0,43,0,156,-0.5212313277291518,0.6152167120572488,0.7094613998084507,0,1,0,1,0,1,1,1,train
4946811,556 Nguyễn Văn Cừ,21.0491,105.8831,2024-03-25,-0.7268089351372615,0.19545190045798871,0.06274678912017786,-0.1893903810146148,91,156,150,156,-0.6083897445782817,0.3163020926966827,0.7072242273740564,0,0,0,0,0,1,1,1,train
4946811,556 Nguyễn Văn Cừ,21.0491,105.8831,2024-03-26,0.04134420322615212,0.7011350166632182,-0.9099628579435843,-0.41118175991361633,0,121,24,156,-0.6955481614274115,0.017387473336116593,0.7049870549396621,0,1,0,0,0,1,1,1,train
4946811,556 Nguyễn Văn Cừ,21.0491,105.8831,2024-03-27,0.8094973415895658,0.8388973071301031,-0.8592185748354073,1.0167730655405147,6,12,35,156,-0.7827065782765413,-0.2815271460244494,0.7027498825052678,0,0,0,0,0,1,1,1,train
4946811,556 Nguyễn Văn Cừ,21.0491,105.8831,2024-03-28,0.46153441348234,2.194125047702315,-0.44287106131971915,2.1917525603711776,0,3,0,156,-0.8698649951256711,-0.5804417653850155,0.7005127100708735,46161,1,0,1,0,0,0,0,train
4946811,556 Nguyễn Văn Cừ,21.0491,105.8831,2024-03-29,0.11357148537511373,1.1551786485793916,-0.026523547804030965,0.7562303073837708,0,9,1,156,-0.5107019860639621,-0.2653022779756746,0.4125221740369544,0,1,0,0,0,1,1,1,train
4946811,556 Nguyễn Văn Cừ,21.0491,105.8831,2024-03-30,-0.23439144273211204,0.9545540649319973,-0.4013954304934706,1.6917013493721487,3,73,19,156,-0.1515389770022532,0.04983720943366609,0.12453163800303514,0,0,0,0,0,1,1,1,train
4946811,556 Nguyễn Văn Cừ,21.0491,105.8831,2024-03-31,0.6324487290339189,2.1494416267795264,-0.4652851604595443,1.0835994794101504,149,65,156,156,0.20762403205945584,0.364976696843007,-0.16345889803088395,0,0,0,0,0,1,1,1,train
4946811,556 Nguyễn Văn Cừ,21.0491,105.8831,2024-04-01,0.14500777520272193,1.5422110579654482,0.7509916499912184,1.8518981198395272,151,5,156,156,0.5667870411211646,0.6801161842523475,-0.4514494340648032,0,0,0,0,0,1,1,1,train
4946811,556 Nguyễn Văn Cừ,21.0491,105.8831,2024-04-02,0.8046753286869301,2.1852173812054434,0.9271926163981439,1.854970635707657,156,75,156,156,0.9259500501828735,0.9952556716616884,-0.7394399700987222,46161,0,0,0,0,0,0,0,train
4946811,556 Nguyễn Văn Cừ,21.0491,105.8831,2024-04-03,0.6980645411048385,2.1991147809160374,-0.20484082270662385,1.7591328182170989,156,73,156,156,0.5329265698483064,0.6308919528906918,-0.40619700394602715,0,0,0,0,0,1,1,1,train
4946811,556 Nguyễn Văn Cừ,21.0491,105.8831,2024-04-04,0.4766010893302884,1.6771733052040079,-0.06434447299920945,2.93748750571136,12,154,45,156,0.13990308951373942,0.26652823411969495,-0.07295403779333194,0,0,0,0,0,1,1,1,train
4946811,556 Nguyễn Văn Cừ,21.0491,105.8831,2024-04-05,0.3271209888377421,3.799382439714473,-0.7797914562361847,4.568276873639216,0,38,4,156,-0.2531203908208276,-0.0978354846513017,0.2602889283593631,0,1,0,0,0,1,1,1,train
4946811,556 Nguyễn Văn Cừ,21.0491,105.8831,2024-04-06,0.1776408883451958,2.676964098364188,-0.6686955033549654,3.506483091747685,0,22,0,156,-0.6461438711553946,-0.4621992034222985,0.5935318945120583,0,1,0,1,0,1,1,1,train
4946811,556 Nguyễn Văn Cừ,21.0491,105.8831,2024-04-07,0.028160787852649548,1.4005823787922342,-0.5575995504737463,2.7930731681505616,0,49,0,156,-1.039167351489962,-0.8265629221932952,0.9267748606647535,46161,1,0,1,0,0,0,0,train
4946811,556 Nguyễn Văn Cừ,21.0491,105.8831,2024-04-08,-0.12131931263989673,1.7280570750890885,-0.4465035975925271,2.8986108571997713,0,0,0,156,-0.9257400046035127,-0.6102347462087551,0.8261307231919873,0,1,1,1,0,1,1,1,train
4946811,556 Nguyễn Văn Cừ,21.0491,105.8831,2024-04-09,-0.270799413132443,2.055531771385944,-0.33540764471130785,1.8824466175182586,0,2,0,156,-0.8123126577170634,-0.3939065702242148,0.7254865857192213,0,1,0,1,0,1,1,1,train
4946811,556 Nguyễn Văn Cừ,21.0491,105.8831,2024-04-10,-0.4202795136249893,1.5417888833363047,-0.2243116918300886,0.10230040540714894,0,13,0,156,-0.6988853108306141,-0.17757839423967484,0.6248424482464552,0,1,0,1,0,1,1,1,train
4946811,556 Nguyễn Văn Cừ,21.0491,105.8831,2024-04-11,-0.5697596141175355,2.2536783972294536,-0.1132157389488694,1.1186887859752823,0,101,26,156,-0.5854579639441649,0.03874978174486534,0.5241983107736892,0,1,0,0,0,1,1,1,train
4946811,556 Nguyễn Văn Cừ,21.0491,105.8831,2024-04-12,-0.7192397146100818,1.5764590202256836,-0.2949874470495996,1.932446578540196,6,8,13,156,-0.47203061705771565,0.2550779577294055,0.42355417330092315,46161,0,0,0,0,0,0,0,train
4946811,556 Nguyễn Văn Cừ,21.0491,105.8831,2024-04-13,0.0752372778409292,1.100346400476765,-1.6212093611816707,0.987746671415318,8,15,8,156,-0.5926314836504679,0.256992989113961,0.5331015043674512,0,0,0,0,0,1,1,1,train
4946811,556 Nguyễn Văn Cừ,21.0491,105.8831,2024-04-14,-0.5306536927362471,1.6437091477785062,-0.6121461295014009,2.241560929609401,1,15,1,156,-0.7132323502432201,0.25890802049851647,0.6426488354339792,0,0,0,0,0,1,1,1,train
4946811,556 Nguyễn Văn Cừ,21.0491,105.8831,2024-04-15,-0.33914329156299694,1.6561196637177176,-0.19707074062485136,2.492246356189487,0,14,0,156,-0.8338332168359723,0.2608230518830719,0.7521961665005074,0,1,0,1,0,1,1,1,train
4946811,556 Nguyễn Văn Cừ,21.0491,105.8831,2024-04-16,-0.1476328903897465,1.1249083458579765,0.21800464825169819,0.3897692969624811,154,113,156,156,-0.9544340834287245,0.2627380832676274,0.8617434975670354,0,0,0,0,0,1,1,1,train
4946811,556 Nguyễn Văn Cừ,21.0491,105.8831,2024-04-17,-0.07685861050623065,1.3607806929222293,-0.9761289676170325,1.6836529416549137,2,80,28,156,-1.0750349500214769,0.2646531146521829,0.9712908286335635,46161,0,0,0,0,0,0,0,train
4946811,556 Nguyễn Văn Cừ,21.0491,105.8831,2024-04-18,0.9452018368873539,1.7435850833963673,0.16032389679152143,1.1268869792890122,143,102,154,156,-1.0791053496891563,0.11522122053092922,0.9756794363861797,0,0,0,0,0,1,1,1,train
4946811,556 Nguyễn Văn Cừ,21.0491,105.8831,2024-04-19,0.949097710709027,1.5979157457571185,0.6416136993091146,0.25644144887302067,46,42,54,156,-1.0831757493568355,-0.03421067359032434,0.9800680441387958,0,0,0,0,0,1,1,1,train
4946811,556 Nguyễn Văn Cừ,21.0491,105.8831,2024-04-20,-0.5086124706879,1.0643235593492868,0.6518121855248034,-0.23354458287765975,156,107,156,156,-1.0872461490245149,-0.18364256771157808,0.9844566518914121,0,0,0,0,0,1,1,1,train
4946811,556 Nguyễn Văn Cừ,21.0491,105.8831,2024-04-21,-0.032103764063083406,1.2298132867480864,0.15664107392558232,1.2393064445395363,4,156,68,156,-1.091316548692194,-0.33307446183283185,0.9888452596440284,0,0,0,0,0,1,1,1,train
4946811,556 Nguyễn Văn Cừ,21.0491,105.8831,2024-04-22,0.001346095910687645,1.1775522675883439,-0.23172140688948864,1.3295607471113167,0,124,0,145,-1.0953869483598735,-0.48250635595408536,0.9932338673966444,46161,1,0,1,0,0,0,0,train
4946811,556 Nguyễn Văn Cừ,21.0491,105.8831,2024-04-23,0.0347959558844587,1.105063411061844,-0.6200838877045597,1.640941949097808,4,104,56,156,-0.31521910558964605,-0.1724907486251715,0.24326314515931852,0,0,0,0,0,1,1,1,train
4946811,556 Nguyễn Văn Cừ,21.0491,105.8831,2024-04-24,0.37013277492462426,1.2386724086170622,-0.3949855512629343,0.480282058821355,0,3,0,156,0.4649487371805813,0.1375248587037423,-0.5067075770780074,0,1,0,1,0,1,1,1,train
4946811,556 Nguyễn Văn Cừ,21.0491,105.8831,2024-04-25,0.7054695939647898,1.1190347186048035,-0.1698872148213088,-0.1756280230744775,125,139,151,156,1.2451165799508088,0.44754046603265624,-1.2566782993153331,0,0,0,0,0,1,1,1,train
4946811,556 Nguyễn Văn Cừ,21.0491,105.8831,2024-04-26,-0.14481793505708818,0.5156888109131745,0.7752730335365455,-0.4010179591230782,154,90,156,156,2.025284422721036,0.7575560733615699,-2.006649021552659,0,0,0,0,0,1,1,1,train
4946811,556 Nguyễn Văn Cừ,21.0491,105.8831,2024-04-27,-0.1930437731599704,0.7739683218697023,0.909272751427784,0.7574285622941667,156,24,156,156,2.8054522654912635,1.0675716806904838,-2.756619743789985,46161,0,0,0,0,0,0,0,train
4946811,556 Nguyễn Văn Cừ,21.0491,105.8831,2024-04-28,-0.3501975227044932,1.0944345920555798,0.7965289188861887,1.53523416858974,156,42,156,156,2.1371540135242646,0.773594492066952,-2.1430944499882396,0,0,0,0,0,1,1,1,train
4946811,556 Nguyễn Văn Cừ,21.0491,105.8831,2024-04-29,-0.14234095705479768,2.1752199150845013,0.39306436656144156,1.3245291933100847,156,149,156,156,1.468855761557265,0.47961730344342,-1.5295691561864944,0,0,0,0,0,1,1,1,train
4946811,556 Nguyễn Văn Cừ,21.0491,105.8831,2024-04-30,0.14892369422642088,2.5755129168432545,0.5425757280246212,1.4308377884516206,156,96,156,156,0.8005575095902658,0.18564011481988818,-0.9160438623847489,0,0,0,0,0,1,1,1,train
4946811,556 Nguyễn Văn Cừ,21.0491,105.8831,2024-05-01,0.029597809990003273,2.044948224336035,0.504120990586361,1.8586291548743537,0,0,0,156,0.13225925762326676,-0.10833707380364384,-0.30251856858300336,0,1,1,1,0,1,1,1,train
4946811,556 Nguyễn Văn Cừ,21.0491,105.8831,2024-05-02,-0.08972807424641434,1.5143835318288155,0.46566625314810084,1.3576510409815457,0,1,0,156,-0.536038994343733,-0.40231426242717566,0.3110067252187419,46161,1,0,1,0,0,0,0,train
4946811,556 Nguyễn Văn Cừ,21.0491,105.8831,2024-05-03,-0.20905395848283193,1.0104796580528748,0.4272115157098407,1.4526062701367768,0,6,0,156,-0.5236273353317475,-0.2558453138175426,0.3657869859832813,0,1,0,1,0,1,1,1,train
4946811,556 Nguyễn Văn Cừ,21.0491,105.8831,2024-05-04,-0.3283798427192495,0.27459273461981204,0.38875677827158056,0.9555005439198551,116,145,153,156,-0.5112156763197621,-0.10937636520790953,0.4205672467478206,0,0,0,0,0,1,1,1,train
4946811,556 Nguyễn Văn Cừ,21.0491,105.8831,2024-05-05,-0.5289728137384833,1.009410858071205,-1.5513901505832575,0.9335016504199952,8,12,11,156,-0.4988040173077767,0.03709258340172355,0.4753475075123599,0,0,0,0,0,1,1,1,train
4946811,556 Nguyễn Văn Cừ,21.0491,105.8831,2024-05-06,1.0229488022352151,0.28371367021228683,0.15123956472874472,-0.9508075438583,17,76,32,156,-0.48639235829579114,0.1835615320113566,0.5301277682768992,0,0,0,0,0,1,1,1,train
4946811,556 Nguyễn Văn Cừ,21.0491,105.8831,2024-05-07,0.1358636741986199,0.7068728280473274,-1.4428209599524404,-0.6762774806126163,0,53,0,156,-0.4739806992838057,0.3300304806209897,0.5849080290414387,46161,1,0,1,0,0,0,0,train
4946811,556 Nguyễn Văn Cừ,21.0491,105.8831,2024-05-08,-0.7512214538379758,-0.2085580380066001,-3.036881484633626,-0.9499335556529156,7,80,4,137,-0.5765181292058781,0.277062357142045,0.713556894184706,0,0,0,0,0,1,1,1,train
4946811,556 Nguyễn Văn Cừ,21.0491,105.8831,2024-05-09,-1.1354841706315377,0.07145173927789193,-0.7835906551511599,0.7075147817410257,21,67,39,156,-0.6790555591279505,0.22409423366310027,0.8422057593279735,0,0,0,0,0,1,1,1,train
4946811,556 Nguyễn Văn Cừ,21.0491,105.8831,2024-05-10,-0.38185549385915185,0.005254048349020533,-0.19118271925029567,-0.42742065666150797,35,69,53,156,-0.7815929890500228,0.17112611018415563,0.9708546244712408,0,0,0,0,0,1,1,1,train
4946811,556 Nguyễn Văn Cừ,21.0491,105.8831,2024-05-11,-0.136088630179727,0.15332743595978987,-0.7623687244441213,-1.030182682053093,63,84,95,156,-0.8841304189720952,0.11815798670521087,1.0995034896145082,0,0,0,0,0,1,1,1,train
4946811,556 Nguyễn Văn Cừ,21.0491,105.8831,2024-05-12,-0.2707019306507533,-0.3133307084218205,-0.10428467953820549,-1.1563488577851098,53,75,89,156,-0.9866678488941677,0.06518986322626621,1.2281523547577755,46161,0,0,0,0,0,0,0,train
4946811,556 Nguyễn Văn Cừ,21.0491,105.8831,2024-05-13,-0.38915042497632574,0.420719700829929,-0.5684853895122308,-0.7962229554095066,0,96,12,156,-0.4635263965457057,0.20651615875325494,0.7312975659072597,0,1,0,0,0,1,1,1,train
4946811,556 Nguyễn Văn Cừ,21.0491,105.8831,2024-05-14,-0.507598919301898,0.49192076110395294,-0.18820504390120102,0.5986483048960315,64,108,103,156,0.0596150558027563,0.3478424542802437,0.23444277705674368,0,0,0,0,0,1,1,1,train
4946811,556 Nguyễn Văn Cừ,21.0491,105.8831,2024-05-15,-0.48665231752622873,0.3957354444582584,-0.2943373261125958,0.11403396880465191,0,0,0,156,0.5827565081512183,0.4891687498072325,-0.26241201179377244,0,1,1,1,0,1,1,1,train
4946811,556 Nguyễn Văn Cừ,21.0491,105.8831,2024-05-16,-0.46570571575055925,0.2995501278125644,-0.4004696083239906,-0.8252643997621019,22,40,29,156,1.1058979604996804,0.6304950453342212,-0.7592668006442881,0,0,0,0,0,1,1,1,train
4946811,556 Nguyễn Văn Cừ,21.0491,105.8831,2024-05-17,-1.7107823568655303,0.32811318687865426,-0.42315682139903865,-0.8649164933234867,3,58,31,156,1.6290394128481427,0.7718213408612099,-1.2561215894948046,46161,0,0,0,0,0,0,0,train
4946811,556 Nguyễn Văn Cừ,21.0491,105.8831,2024-05-18,-1.4610295111065899,-0.30533748089880575,-0.053720774654713456,-1.313304693172989,0,66,0,156,1.1213470706466235,0.5496590532611191,-0.7703715210812958,0,1,0,1,0,1,1,1,train
4946811,556 Nguyễn Văn Cừ,21.0491,105.8831,2024-05-19,-1.2112766653476492,0.005895946509314146,0.3157152720896117,0.9086421386980837,0,0,37,156,0.6136547284451044,0.32749676566102803,-0.28462145266778716,0,1,1,0,0,1,1,1,train
4946811,556 Nguyễn Văn Cừ,21.0491,105.8831,2024-05-20,-0.9615238195887088,0.31712937391743407,0.1137646280390638,0.18267889209520838,0,0,0,156,0.10596238624358524,0.10533447806093704,0.2011286157457214,0,1,1,1,0,1,1,1,train
4946811,556 Nguyễn Văn Cừ,21.0491,105.8831,2024-05-21,-0.7117709738297685,0.628362801325554,-0.08818601601148408,-0.6199693242780148,52,96,70,156,-0.40172995595793387,-0.11682780953915377,0.6868786841592301,0,0,0,0,0,1,1,1,train
4946811,556 Nguyễn Văn Cừ,21.0491,105.8831,2024-05-22,-0.8666961536350861,0.09223702169759927,-0.3338635418344672,-1.2804194685211903,15,53,55,156,-0.9094222981594526,-0.33899009713924466,1.1726287525727386,46161,0,0,0,0,0,0,0,train
4946811,556 Nguyễn Văn Cừ,21.0491,105.8831,2024-05-23,-0.13864680393706083,0.3825633505785502,0.34361412744216674,-1.2815344992574569,4,2,18,156,-0.7617509802018709,-0.3968365781176981,1.0120040434131108,0,0,0,0,0,1,1,1,train
4946811,556 Nguyễn Văn Cừ,21.0491,105.8831,2024-05-24,-0.7207210296661535,-0.016840302688191602,0.7128766799167457,-0.19327999881194813,24,120,18,139,-0.6140796622442893,-0.45468305909615137,0.8513793342534833,0,0,0,0,0,1,1,1,train
4946811,556 Nguyễn Văn Cừ,21.0491,105.8831,2024-05-25,-0.22168589292242208,-1.0919619948879962,0.11916281154145444,0.15999915497491782,0,21,0,156,-0.46640834428670763,-0.5125295400746048,0.6907546250938555,0,1,0,1,0,1,1,1,train
4946811,556 Nguyễn Văn Cừ,21.0491,105.8831,2024-05-26,0.2773492438213094,-1.1856516267589396,-0.47455105683383664,-0.6183712529099896,88,27,109,156,-0.318737026329126,-0.5703760210530581,0.5301299159342279,0,0,0,0,0,1,1,1,train
4946811,556 Nguyễn Văn Cừ,21.0491,105.8831,2024-05-27,-0.579390683490801,-0.9140792057982186,-0.5401259603636904,-0.7595158091221077,99,76,106,156,-0.1710657083715443,-0.6282225020315115,0.3695052067746003,46161,0,0,0,0,0,0,0,train
4946811,556 Nguyễn Văn Cừ,21.0491,105.8831,2024-05-28,-0.6386424610892814,-0.6559366016012695,0.27416195257595205,-1.2947677103136455,0,10,16,156,0.3565207908517129,-0.285952204954799,-0.18065608957328802,0,1,0,0,0,1,1,1,train
4946811,556 Nguyễn Văn Cừ,21.0491,105.8831,2024-05-29,-0.697894238687762,-0.38143936680961965,0.24591950414816538,-0.9179930313860266,85,127,146,156,0.8841072900749701,0.05631809212191359,-0.7308173859211762,0,0,0,0,0,1,1,1,train
4946811,556 Nguyễn Văn Cừ,21.0491,105.8831,2024-05-30,-0.8293971073987926,-0.1955382597149953,-0.43798490685082225,0.8585256578600533,11,107,58,156,1.4116937892982275,0.3985883891986262,-1.2809786822690643,0,0,0,0,0,1,1,1,train
4946811,556 Nguyễn Văn Cừ,21.0491,105.8831,2024-05-31,-0.8784074360505973,-0.022384208283326174,2.5650382457603156,0.04890221352629905,0,19,1,156,1.9392802885214848,0.7408586862753387,-1.8311399786169524,0,1,0,0,0,1,1,1,train
4946811,556 Nguyễn Văn Cừ,21.0491,105.8831,2024-06-01,-0.9274177647024021,0.10002979808855636,-0.20631005033955999,-1.1089286968533585,59,100,84,156,2.466866787744742,1.0831289833520512,-2.381301274964841,46161,0,0,0,0,0,0,0,train
4946811,556 Nguyễn Văn Cừ,21.0491,105.8831,2024-06-02,-0.8999007770549531,-0.14641355078468565,-0.20523192648120608,-1.2423331958405468,111,140,139,156,1.7829462620486363,0.7665082649214492,-1.7592040752875966,0,0,0,0,0,1,1,1,train
4946811,556 Nguyễn Văn Cừ,21.0491,105.8831,2024-06-03,-0.15967802691368954,-0.09312409459231512,0.03764177292564743,-1.492651325204348,52,9,95,156,1.09902573635253,0.4498875464908472,-1.1371068756103528,0,0,0,0,0,1,1,1,train
4946811,556 Nguyễn Văn Cừ,21.0491,105.8831,2024-06-04,0.014403388268592644,-0.1772793433657614,-0.11609887183996227,0.7190872121483601,0,0,15,156,0.415105210656424,0.13326682806024526,-0.5150096759331085,0,1,1,0,0,1,1,1,train
4946811,556 Nguyễn Văn Cừ,21.0491,105.8831,2024-06-05,0.18848480345087482,-0.26143459213920817,-0.2927912619287737,0.2844643965216995,0,0,0,156,-0.2688153150396818,-0.1833538903703567,0.10708752374413542,0,1,1,1,0,1,1,1,train
4946811,556 Nguyễn Văn Cừ,21.0491,105.8831,2024-06-06,0.362566218633157,-0.345589840912655,-0.4694836520175852,-0.5072652783387753,0,0,5,156,-0.9527358407357874,-0.4999746088009587,0.7291847234213794,46161,1,1,0,0,0,0,0,train
4946811,556 Nguyễn Văn Cừ,21.0491,105.8831,2024-06-07,0.5366476338154392,-0.42974508968610126,-0.6999754406961185,-1.0019076048353543,2,84,5,156,-0.8959496171021859,-0.687387475246798,0.7779107194770097,0,0,0,0,0,1,1,1,train
4946811,556 Nguyễn Văn Cừ,21.0491,105.8831,2024-06-08,0.3137567226067172,-0.423167838051021,-1.2313999242041163,-1.5423821738268417,0,0,6,156,-0.8391633934685844,-0.874800341692637,0.82663671553264,0,1,1,0,0,1,1,1,train
4946811,556 Nguyễn Văn Cừ,21.0491,105.8831,2024-06-09,0.09086581139799531,-0.4165905864159402,-0.8748386687993679,-0.4776082080178115,0,0,0,146,-0.7823771698349828,-1.0622132081384763,0.8753627115882703,0,1,1,1,0,1,1,1,train
4946811,556 Nguyễn Văn Cừ,21.0491,105.8831,2024-06-10,-0.13202509981072663,-0.41001333478086,-0.5182774133946197,0.40423976212942864,0,1,0,156,-0.7255909462013813,-1.2496260745843157,0.9240887076439006,0,1,0,1,0,1,1,1,train
4946811,556 Nguyễn Văn Cừ,21.0491,105.8831,2024-06-11,-0.3549160110194486,-0.4863001266338925,-0.1617161579898716,-0.38630259928371175,39,39,63,156,-0.6688047225677799,-1.4370389410301552,0.9728147036995307,46161,0,0,0,0,0,0,0,train
4946811,556 Nguyễn Văn Cừ,21.0491,105.8831,2024-06-12,-0.8523461994832181,-0.7590298460692834,-0.43793341672840697,-0.6336128929233242,93,105,116,156,-0.35733514867366784,-1.1709027601777449,0.6273811822216955,0,0,0,0,0,1,1,1,train
4946811,556 Nguyễn Văn Cừ,21.0491,105.8831,2024-06-13,-1.0604332849562164,-0.5947605524336782,-0.12810372759975466,-0.9687246006843043,83,13,123,156,-0.0458655747795557,-0.9047665793253342,0.28194766074386013,0,0,0,0,0,1,1,1,train
4946811,556 Nguyễn Văn Cừ,21.0491,105.8831,2024-06-14,-0.9664641266714459,-0.5540709725923411,-0.7818593869972141,-1.3231802701642115,0,0,20,156,0.26560399911455645,-0.6386303984729239,-0.0634858607339751,0,1,1,0,0,1,1,1,train
4946811,556 Nguyễn Văn Cừ,21.0491,105.8831,2024-06-15,-0.8724949683866755,-0.5133813927510035,-0.6514087432392996,0.5204102502012633,0,0,0,156,0.5770735730086685,-0.3724942176205137,-0.40891938221181046,0,1,1,1,0,1,1,1,train
4946811,556 Nguyễn Văn Cừ,21.0491,105.8831,2024-06-16,-0.778525810101905,-0.4726918129096664,-0.5209580994813852,-0.2393877739421946,68,44,88,156,0.8885431469027806,-0.10635803676810346,-0.7543529036896456,46161,0,0,0,0,0,0,0,train
4946811,556 Nguyễn Văn Cừ,21.0491,105.8831,2024-06-17,-0.4491321397258092,-0.37700244236415936,-1.075091261910406,-0.44888634210494627,131,109,151,156,0.6699855020115223,-0.4297302519997392,-0.540210454427559,0,0,0,0,0,1,1,1,train
4946811,556 Nguyễn Văn Cừ,21.0491,105.8831,2024-06-18,1.4608268522398893,-0.06226225648935425,-0.5223846828594673,-1.4047478442630408,63,14,108,156,0.451427857120264,-0.7531024672313752,-0.32606800516547235,0,0,0,0,0,1,1,1,train
4946811,556 Nguyễn Văn Cừ,21.0491,105.8831,2024-06-19,-0.2556354239606277,-0.3373627537355719,0.32755102326376184,-1.0688006099889182,100,118,156,156,0.2328702122290057,-1.0764746824630111,-0.11192555590338576,0,0,0,0,0,1,1,1,train
4946811,556 Nguyễn Văn Cừ,21.0491,105.8831,2024-06-20,-0.5592036426298881,-0.959244800328457,-0.9213236162269446,1.27450122214271,11,17,76,156,0.01431256733774739,-1.3998468976946468,0.10221689335870084,0,0,0,0,0,1,1,1,train
4946811,556 Nguyễn Văn Cừ,21.0491,105.8831,2024-06-21,-0.5263236753618274,-0.7893784201851305,-1.7042273460332333,0.235439539620962,0,6,3,156,-0.2042450775535109,-1.7232191129262826,0.3163593426207875,46161,1,0,0,0,0,0,0,train
4946811,556 Nguyễn Văn Cừ,21.0491,105.8831,2024-06-22,-0.49344370809376675,-0.6050661951249942,-0.7043059134848308,-0.4995900804271605,31,3,84,156,-0.31486125126239783,-2.204843005025603,0.40269288424694216,0,0,0,0,0,1,1,1,train
4946811,556 Nguyễn Văn Cừ,21.0491,105.8831,2024-06-23,0.9248782856632748,-1.066943239103803,0.484358446698085,-1.2337011737497285,3,70,21,156,-0.4254774249712848,-2.686466897124923,0.48902642587309686,0,0,0,0,0,1,1,1,train
4946811,556 Nguyễn Văn Cừ,21.0491,105.8831,2024-06-24,0.6355725136895682,-1.0595473650450657,0.24917908588253063,-1.3597236556439596,0,0,0,156,-0.5360935986801717,-3.1680907892242436,0.5753599674992516,0,1,1,1,0,1,1,1,train
4946811,556 Nguyễn Văn Cừ,21.0491,105.8831,2024-06-25,0.3462667417158618,-1.0521514909863285,0.01399972506697624,-0.8467323546842752,0,0,0,147,-0.6467097723890587,-3.649714681323564,0.6616935091254061,0,1,1,1,0,1,1,1,train
4946811,556 Nguyễn Văn Cừ,21.0491,105.8831,2024-06-26,0.0569609697421553,-1.0447556169275913,-0.22117963574857816,0.311766764142265,0,3,0,156,-0.7573259460979457,-4.131338573422885,0.748027050751561,46161,1,0,1,0,0,0,0,train
4946811,556 Nguyễn Văn Cừ,21.0491,105.8831,2024-06-27,-0.23234480223155118,-1.1744954985501919,-0.4563589965641326,-0.3776001039058664,62,98,78,156,-0.6585694399090366,-3.2749467692787153,0.6399783927223767,0,0,0,0,0,1,1,1,train
4946811,556 Nguyễn Văn Cừ,21.0491,105.8831,2024-06-28,0.7784848766875015,-1.1981424595122883,-0.07546687434280726,-0.9853838885062494,20,28,48,156,-0.5598129337201277,-2.418554965134546,0.5319297346931924,0,0,0,0,0,1,1,1,train
4946811,556 Nguyễn Văn Cừ,21.0491,105.8831,2024-06-29,0.6321145154651132,-1.1900868239610833,-0.8772254660198946,-1.68692467721303,0,0,84,156,-0.4610564275312188,-1.5621631609903763,0.42388107666400815,0,1,1,0,0,1,1,1,train
4946811,556 Nguyễn Văn Cừ,21.0491,105.8831,2024-06-30,0.4857441542427243,-1.1820311884098786,-0.5071084426385138,-1.1119701566966964,0,0,19,156,-0.3622999213423098,-0.7057713568462071,0.31583241863482386,0,1,1,0,0,1,1,1,train
4946811,556 Nguyễn Văn Cừ,21.0491,105.8831,2024-07-01,0.339373793020336,-1.1739755528586737,0.2974942689750193,0.40548340661451976,0,0,0,156,-0.2635434151534009,0.1506204472979624,0.2077837606056397,46161,1,1,1,0,0,0,0,train
4946811,556 Nguyễn Văn Cừ,21.0491,105.8831,2024-07-02,0.19300343179794763,-1.165919917307469,1.1020969805885525,-0.2468569867970668,0,0,6,156,0.07098984804493258,0.3060047216629145,-0.05275532417587684,0,1,1,0,0,1,1,1,train
4946811,556 Nguyễn Văn Cừ,21.0491,105.8831,2024-07-03,0.046633070575558794,-1.1578642817562643,0.4647702444915239,-0.14030436296841864,0,0,0,156,0.40552311124326607,0.46138899602786654,-0.3132944089573935,0,1,1,1,0,1,1,1,train
4946811,556 Nguyễn Văn Cừ,21.0491,105.8831,2024-07-04,-0.09973729064682957,-1.1498086462050594,-0.17255649160550493,-1.3388718044751517,11,8,29,156,0.7400563744415994,0.6167732703928186,-0.5738334937389099,0,0,0,0,0,1,1,1,train
4946811,556 Nguyễn Văn Cừ,21.0491,105.8831,2024-07-05,-0.8227460332454388,-1.3907811791476448,-0.4037872094724911,-0.920299538458047,128,156,147,156,1.074589637639933,0.7721575447577707,-0.8343725785204266,0,0,0,0,0,1,1,1,train
4946811,556 Nguyễn Văn Cừ,21.0491,105.8831,2024-07-06,-0.621870145767226,-1.207133033688267,-0.4588607560259452,0.5639041382679584,41,122,88,156,1.4091229008382669,0.9275418191227227,-1.0949116633019433,46161,0,0,0,0,0,0,0,train
4946811,556 Nguyễn Văn Cừ,21.0491,105.8831,2024-07-07,-0.8808498424228107,-1.2578057162587726,-0.9129618901233206,0.2493013067019946,42,57,87,156,1.5890757342606185,0.9651823661968926,-1.347830503718154,0,0,0,0,0,1,1,1,train
4946811,556 Nguyễn Văn Cừ,21.0491,105.8831,2024-07-08,-0.6167214468189083,-1.1986169968861398,-0.5226417148526621,-0.3941597735559802,36,104,48,156,1.7690285676829696,1.0028229132710622,-1.6007493441343652,0,0,0,0,0,1,1,1,train
4946811,556 Nguyễn Văn Cừ,21.0491,105.8831,2024-07-09,-0.8238292353650637,-1.1211384071459107,-0.5424660631674596,-1.1728013841496927,25,136,69,156,1.9489814011053213,1.040463460345232,-1.8536681845505756,0,0,0,0,0,1,1,1,train
4946811,556 Nguyễn Văn Cừ,21.0491,105.8831,2024-07-10,0.2644127301490313,-1.3336609245519795,0.05068498375005835,-0.9430754298089422,2,21,9,156,2.128934234527673,1.078104007419402,-2.106587024966787,0,0,0,0,0,1,1,1,train
4946811,556 Nguyễn Văn Cừ,21.0491,105.8831,2024-07-11,-0.32620354274735386,-1.1808983440642498,0.9533693201857263,-0.5460408753235424,119,99,8,140,2.3088870679500246,1.1157445544935718,-2.3595058653829977,46161,0,0,0,0,0,0,0,train
4946811,556 Nguyễn Văn Cừ,21.0491,105.8831,2024-07-12,-1.1163281889913081,-1.0790810324143647,-0.03274642213113077,0.38337690697491333,63,150,119,156,1.695795822045929,0.6135133578450932,-1.673931583230582,0,0,0,0,0,1,1,1,train
4946811,556 Nguyễn Văn Cừ,21.0491,105.8831,2024-07-13,-0.7033329587236251,-1.1874854137139654,-0.11802550710020855,-0.39849949468185525,86,107,103,156,1.082704576141834,0.11128216119661453,-0.988357301078167,0,0,0,0,0,1,1,1,train
4946811,556 Nguyễn Văn Cừ,21.0491,105.8831,2024-07-14,-0.47125138582001824,-1.1641260387637753,-0.2695138136733701,-0.7806352198891199,19,5,33,156,0.46961333023773855,-0.39094903545186416,-0.3027830189257514,0,0,0,0,0,1,1,1,train
4946811,556 Nguyễn Văn Cừ,21.0491,105.8831,2024-07-15,-1.2044109933510834,-1.2511976469666568,0.00869285862224742,-1.2954311147816933,48,141,78,156,-0.14347791566635676,-0.8931802321003425,0.3827912632266639,0,0,0,0,0,1,1,1,train
4946811,556 Nguyễn Văn Cừ,21.0491,105.8831,2024-07-16,-0.8561433697151662,-1.136227059298437,0.09237593584928867,-0.6973466045087159,25,86,86,156,-0.7565691615704522,-1.395411428748821,1.0683655453790792,46161,0,0,0,0,0,0,0,train
4946811,556 Nguyễn Văn Cừ,21.0491,105.8831,2024-07-17,-0.7180218628633434,-1.0684873946271993,-1.726976491445354,0.1459322688224493,0,0,7,156,-0.8317483406924686,-1.1054538407824042,1.1136101319184974,0,1,1,0,0,1,1,1,train
4946811,556 Nguyễn Văn Cừ,21.0491,105.8831,2024-07-18,-0.5799003560115207,-1.0007477299559617,-0.7073742503460474,-0.20238926839143845,0,60,1,156,-0.9069275198144852,-0.8154962528159873,1.1588547184579154,0,1,0,0,0,1,1,1,train
4946811,556 Nguyễn Văn Cừ,21.0491,105.8831,2024-07-19,-0.4417788491596979,-1.0846893005498646,-0.3175580689520197,-0.9203982010598849,12,84,47,156,-0.9821066989365016,-0.5255386648495706,1.2040993049973334,0,0,0,0,0,1,1,1,train
4946811,556 Nguyễn Văn Cừ,21.0491,105.8831,2024-07-20,-1.2382393016643767,-1.359988885314996,-0.41862276029432677,-1.4687979092394343,2,32,17,156,-1.0572858780585181,-0.23558107688315363,1.2493438915367514,0,0,0,0,0,1,1,1,train
4946811,556 Nguyễn Văn Cừ,21.0491,105.8831,2024-07-21,-0.6159659456919037,-1.2332711795017473,0.615949292005978,-1.1083170126112136,83,145,135,156,-1.1324650571805346,0.05437651108326308,1.2945884780761692,46161,0,0,0,0,0,0,0,train
4946811,556 Nguyễn Văn Cừ,21.0491,105.8831,2024-07-22,-0.7885347939103136,-1.1998535212844235,0.39841663765040203,0.7760076200947903,0,0,0,156,-0.537186119180299,0.21449663038554398,0.6660389571574377,0,1,1,1,0,1,1,1,train
4946811,556 Nguyễn Văn Cừ,21.0491,105.8831,2024-07-23,-0.9611036421287233,-1.1664358630670997,0.18088398329482602,0.2695942072813311,0,0,0,156,0.05809281881993661,0.3746167496878249,0.03748943623870604,0,1,1,1,0,1,1,1,train
4946811,556 Nguyễn Văn Cừ,21.0491,105.8831,2024-07-24,-1.1336724903471336,-1.1330182048497757,-0.036648671060750024,-0.5558760794825358,15,91,36,156,0.6533717568201722,0.5347368689901058,-0.5910600846800255,0,0,0,0,0,1,1,1,train
4946811,556 Nguyễn Văn Cừ,21.0491,105.8831,2024-07-25,-1.3086497865047884,-1.337300544392587,-0.5899123969579586,-1.3136612402268462,2,16,22,156,1.2486506948204077,0.6948569882923867,-1.2196096055987569,0,0,0,0,0,1,1,1,train
4946811,556 Nguyễn Văn Cừ,21.0491,105.8831,2024-07-26,-1.0228772034078637,-0.8370917895121877,-0.18795590316462862,-1.213555847144929,136,27,156,156,1.8439296328206438,0.8549771075946676,-1.8481591265174886,46161,0,0,0,0,0,0,0,train
4946811,556 Nguyễn Văn Cừ,21.0491,105.8831,2024-07-27,-0.6225260552259354,-0.7324223900656806,-4.125945668373461,-0.9393870490799459,26,0,10,134,1.3666484234247975,0.428187016409255,-1.4016967911531655,0,0,1,0,0,1,1,1,train
4946811,556 Nguyễn Văn Cừ,21.0491,105.8831,2024-07-28,-0.6481529579380164,-0.6277529906191733,-3.5464599231951177,0.24309736556870898,0,0,1,156,0.8893672140289512,0.0013969252238422542,-0.9552344557888421,0,1,1,0,0,1,1,1,train
4946811,556 Nguyễn Văn Cừ,21.0491,105.8831,2024-07-29,-0.6737798606500974,-0.5230835911726661,-2.853007869810345,0.06396922312330548,0,10,0,156,0.4120860046331048,-0.4253931659615704,-0.5087721204245191,0,1,0,1,0,1,1,1,train
4946811,556 Nguyễn Văn Cừ,21.0491,105.8831,2024-07-30,-0.6994067633621784,-0.6815341088937846,-2.1595558164255726,-0.2883904782295749,0,0,0,156,-0.06519520476274139,-0.8521832571469831,-0.06230978506019586,0,1,1,1,0,1,1,1,train
4946811,556 Nguyễn Văn Cừ,21.0491,105.8831,2024-07-31,-0.7250336660742595,-0.839984626614903,-1.4661037630407998,-1.0536250834745151,0,0,0,156,-0.5424764141585876,-1.278973348332396,0.3841525503041274,46161,1,1,1,0,0,0,0,train
4946811,556 Nguyễn Văn Cừ,21.0491,105.8831,2024-08-01,-0.7506605687863405,-0.998435144336022,-0.772651709656027,-1.1359406299858246,0,0,0,156,-0.18617089853904972,-0.8275406355786437,0.08818396502954386,0,1,1,1,0,1,1,1,train
4946811,556 Nguyễn Văn Cừ,21.0491,105.8831,2024-08-02,-0.7762874714984215,-1.1568856620571404,-0.07919965627125475,-0.05462019333721691,0,19,0,156,0.17013461708048813,-0.37610792282489136,-0.2077846202450397,0,1,0,1,0,1,1,1,train
4946811,556 Nguyễn Văn Cừ,21.0491,105.8831,2024-08-03,-0.8019143742105025,-0.8489481330699867,0.6142523971135181,-0.14991700890359316,4,28,8,156,0.5264401327000261,0.07532478992886087,-0.5037532055196232,0,0,0,0,0,1,1,1,train
4946811,556 Nguyễn Văn Cừ,21.0491,105.8831,2024-08-04,-1.2984062442300526,-1.2139733262986798,0.0819120685193811,-0.6026134259307446,120,150,135,156,0.8827456483195641,0.5267575026826131,-0.7997217907942068,0,0,0,0,0,1,1,1,train
4946811,556 Nguyễn Văn Cừ,21.0491,105.8831,2024-08-05,-0.7499169932858578,-1.1056117624517796,-0.1867009666097707,-1.2621679621974307,62,118,84,156,1.239051163939102,0.9781902154363652,-1.0956903760687904,46161,0,0,0,0,0,0,0,train
4946811,556 Nguyễn Văn Cừ,21.0491,105.8831,2024-08-06,-0.9716537195234756,-1.0535318311174529,-0.17424871192045557,-1.4733646976850354,35,116,133,156,1.5476955510994597,1.0169471916665833,-1.4362086756690533,0,0,0,0,0,1,1,1,train
4946811,556 Nguyễn Văn Cừ,21.0491,105.8831,2024-08-07,-1.1145075010528287,-1.1052084056840126,1.372761437196576,1.2012210079826373,70,98,73,156,1.8563399382598176,1.0557041678968013,-1.7767269752693164,0,0,0,0,0,1,1,1,train
4946811,556 Nguyễn Văn Cừ,21.0491,105.8831,2024-08-08,-0.9152859770836237,-1.1682242417044553,0.09925172772008628,-0.06200940706668852,104,153,134,156,2.1649843254201753,1.0944611441270193,-2.1172452748695796,0,0,0,0,0,1,1,1,train
4946811,556 Nguyễn Văn Cừ,21.0491,105.8831,2024-08-09,-0.8286711666013581,-1.1643326261549765,-0.06521316531967722,-0.12386808129372673,146,86,154,156,2.473628712580533,1.1332181203572373,-2.4577635744698423,0,0,0,0,0,1,1,1,train
4946811,556 Nguyễn Văn Cừ,21.0491,105.8831,2024-08-10,-0.5766192440081109,-1.0270799179197203,0.21882495520645456,-0.03383654597670133,124,142,141,156,2.7822730997408907,1.1719750965874554,-2.7982818740701054,46161,0,0,0,0,0,0,0,train
4946811,556 Nguyễn Văn Cừ,21.0491,105.8831,2024-08-11,-0.5794862576607998,-1.0847180727871852,-1.2401929672952348,-1.5642325956389478,0,0,8,156,2.2707146348809784,0.8456262341242247,-2.268158014027613,0,1,1,0,0,1,1,1,train
4946811,556 Nguyễn Văn Cừ,21.0491,105.8831,2024-08-12,-0.5823532713134884,-1.1423562276546506,0.6235422012772608,1.1491131192779718,0,0,4,13,1.7591561700210658,0.519277371660994,-1.7380341539851214,0,1,1,0,0,1,1,1,train
4946811,556 Nguyễn Văn Cừ,21.0491,105.8831,2024-08-13,-0.5852202849661772,-1.1999943825221155,-0.9275005703884125,0.23123058974178742,18,14,54,156,1.2475977051611529,0.19292850919776322,-1.2079102939426292,0,0,0,0,0,1,1,1,train
4946811,556 Nguyễn Văn Cừ,21.0491,105.8831,2024-08-14,-0.599579500508855,-0.9741079790477454,0.6528429182372892,-0.2790811361826773,0,0,4,156,0.7360392403012405,-0.1334203532654673,-0.6777864339001372,0,1,1,0,0,1,1,1,train
4946811,556 Nguyễn Văn Cừ,21.0491,105.8831,2024-08-15,-0.6139387160515328,-0.7482215755733754,0.4043104232712915,-1.1755850789872606,20,46,51,156,0.2244807754413279,-0.45976921572869806,-0.14766257385764486,46161,0,0,0,0,0,0,0,train
4946811,556 Nguyễn Văn Cừ,21.0491,105.8831,2024-08-16,-0.9704676271580067,-0.25375526836176016,-0.313584643184256,-1.484606500874589,65,83,100,156,-0.002666717502936054,-0.48407952325332915,0.11070495511947093,0,0,0,0,0,1,1,1,train
4946811,556 Nguyễn Văn Cừ,21.0491,105.8831,2024-08-17,-0.7033368916430099,-0.08834231238292709,0.015426366586569654,-1.1617586978575534,0,0,102,156,-0.22981421044719993,-0.5083898307779603,0.3690724840965867,0,1,1,0,0,1,1,1,train
4946811,556 Nguyễn Văn Cừ,21.0491,105.8831,2024-08-18,-0.4362061561280133,0.07707064359590597,-0.6356562310143075,0.7650429919265018,8,11,26,156,-0.45696170339146386,-0.5327001383025914,0.6274400130737026,0,0,0,0,0,1,1,1,train
4946811,556 Nguyễn Văn Cừ,21.0491,105.8831,2024-08-19,-0.4034156310588675,0.1360499119897464,-0.1353927079348208,-0.009360217822218157,33,49,76,156,-0.6841091963357278,-0.5570104458272225,0.8858075420508184,0,0,0,0,0,1,1,1,train
4946811,556 Nguyễn Văn Cừ,21.0491,105.8831,2024-08-20,-0.5974928964726087,-0.3248998750516603,-0.6261169765104446,-0.8898474339024188,49,35,86,156,-0.9112566892799917,-0.5813207533518536,1.1441750710279341,46161,0,0,0,0,0,0,0,train
4946811,556 Nguyễn Văn Cừ,21.0491,105.8831,2024-08-21,-0.6208061642052406,-0.5392854970953282,-1.5814038220114375,-1.6637788608283675,0,0,18,156,-0.7251826996425602,-0.5281874788862783,0.9201246415263713,0,1,1,0,0,1,1,1,train
4946811,556 Nguyễn Văn Cừ,21.0491,105.8831,2024-08-22,-0.6441194319378721,-0.7536711191389961,-0.3523118201162079,-1.6209376718596356,47,4,97,156,-0.5391087100051287,-0.47505420442070284,0.6960742120248085,0,0,0,0,0,1,1,1,train
4946811,556 Nguyễn Văn Cừ,21.0491,105.8831,2024-08-23,0.13692657737948394,-0.9530044293204074,-0.30119071460554825,0.5574152506418195,0,0,0,156,-0.3530347203676972,-0.4219209299551276,0.4720237825232458,0,1,1,1,0,1,1,1,train
4946811,556 Nguyễn Văn Cừ,21.0491,105.8831,2024-08-24,0.9179725866968402,-1.1523377395018188,-0.2500696090948887,-0.05772949865009963,34,71,72,156,-0.16696073073026568,-0.36878765548955217,0.247973353021683,0,0,0,0,0,1,1,1,train
4946811,556 Nguyễn Văn Cừ,21.0491,105.8831,2024-08-25,-0.8648086060670636,-1.177978575601957,0.6465805658240107,-0.610159203831353,1,9,9,156,0.01911325890716588,-0.3156543810239768,0.023922923520120185,46161,0,0,0,0,0,0,0,train
4946811,556 Nguyễn Văn Cừ,21.0491,105.8831,2024-08-26,-0.9967090802410719,-0.9459572084155127,0.13561282422101617,-0.8698102061531439,100,155,136,156,-0.15837574766541268,-0.5215927135089625,0.18628235925737832,0,0,0,0,0,1,1,1,train
4946811,556 Nguyễn Văn Cừ,21.0491,105.8831,2024-08-27,-0.23291888159338095,-1.053754100059797,-0.012190665232368348,-1.1406730903790638,129,156,152,156,-0.33586475423799134,-0.7275310459939484,0.3486417949946365,0,0,0,0,0,1,1,1,train
4946811,556 Nguyễn Văn Cừ,21.0491,105.8831,2024-08-28,-0.7135240409285006,-0.8731113579681133,-0.38758804252932094,0.05226831334417707,107,156,30,135,-0.5133537608105699,-0.9334693784789343,0.5110012307318946,0,0,0,0,0,1,1,1,train
4946811,556 Nguyễn Văn Cừ,21.0491,105.8831,2024-08-29,-0.6141859824993132,-0.5629023222069615,-0.05586206256056145,0.6214419937380572,0,0,0,156,-0.6908427673831485,-1.1394077109639198,0.6733606664691528,0,1,1,1,0,1,1,1,train
4946811,556 Nguyễn Văn Cừ,21.0491,105.8831,2024-08-30,-0.5148479240701257,-0.2526932864458096,0.2758639174081981,-0.10767991934018206,156,112,156,156,-0.8683317739557271,-1.345346043448906,0.8357201022064109,46161,0,0,0,0,0,0,0,train
4946811,556 Nguyễn Văn Cừ,21.0491,105.8831,2024-08-31,-0.3181867306204979,-0.7171276505134354,-0.37355682137493396,-1.2369194140418802,145,140,154,156,-0.15988692172141555,-0.8414500775369391,0.13928409119454993,0,0,0,0,0,1,1,1,train
4946811,556 Nguyễn Văn Cừ,21.0491,105.8831,2024-09-01,-0.8636022781970175,-1.6123572696569066,-0.7388910891511297,-1.4425174649370591,0,12,4,156,0.548557930512896,-0.3375541116249722,-0.557151919817311,0,1,0,0,0,1,1,1,train
4946811,556 Nguyễn Văn Cừ,21.0491,105.8831,2024-09-02,-1.409017825773537,-1.1424066813409541,0.1723199789972573,-0.9421777912462167,67,150,150,156,1.2570027827472077,0.16634185428699477,-1.253587930829172,0,0,0,0,0,1,1,1,train
4946811,556 Nguyễn Văn Cừ,21.0491,105.8831,2024-09-03,-1.0276630588258313,-0.7680176930189744,0.32513661560853985,0.6277374083020569,147,91,150,156,1.965447634981519,0.6702378201989615,-1.9500239418410328,0,0,0,0,0,1,1,1,train
4946811,556 Nguyễn Văn Cừ,21.0491,105.8831,2024-09-04,-0.7190756738112208,-0.3520963210255993,0.37013502897669837,-0.12783286064336807,156,156,156,156,2.6738924872158307,1.1741337861109282,-2.6464599528528936,46161,0,0,0,0,0,0,0,train
4946811,556 Nguyễn Văn Cừ,21.0491,105.8831,2024-09-05,-0.8680654439228717,-0.42080715097745064,-0.17313465660811272,-0.7569501036893268,121,152,141,156,2.0844431510963553,0.4758979730993059,-2.080946546579219,0,0,0,0,0,1,1,1,train
4946811,556 Nguyễn Văn Cừ,21.0491,105.8831,2024-09-06,-0.41857475165708913,-0.5028598446453405,-0.48098969430940425,-1.537227709835185,50,121,98,156,1.49499381497688,-0.22233783991231662,-1.515433140305545,0,0,0,0,0,1,1,1,train
4946811,556 Nguyễn Văn Cừ,21.0491,105.8831,2024-09-07,-0.46751075659041014,-0.5494738008756658,-0.41922321965944603,-0.8579674688838734,0,0,0,156,0.9055444788574044,-0.9205736529239392,-0.949919734031871,0,1,1,1,0,1,1,1,train
4946811,556 Nguyễn Văn Cừ,21.0491,105.8831,2024-09-08,-0.5164467615237314,-0.596087757105991,-0.3574567450094877,0.8682621396940843,0,0,0,156,0.3160951427379291,-1.6188094659355616,-0.38440632775819666,0,1,1,1,0,1,1,1,train
4946811,556 Nguyễn Văn Cừ,21.0491,105.8831,2024-09-09,-0.5653827664570525,-0.6427017133363169,-0.2956902703595295,0.3400694857013027,0,0,0,156,-0.2733541933815457,-2.3170452789471834,0.18110707851547722,46161,1,1,1,0,0,0,0,train
4946811,556 Nguyễn Văn Cừ,21.0491,105.8831,2024-09-10,-0.6143187713903736,-0.6893156695666421,-0.23392379570957125,-0.2551585608394778,0,10,0,156,0.04825183454588822,-1.581478677255445,-0.12935601401781824,0,1,0,1,0,1,1,1,train
4946811,556 Nguyễn Văn Cừ,21.0491,105.8831,2024-09-11,-0.6632547763236948,-0.703022708882443,-0.172157321059613,-0.2788773608815449,0,0,0,156,0.3698578624733223,-0.8459120755637066,-0.4398191065511139,0,1,1,1,0,1,1,1,train
4946811,556 Nguyễn Văn Cừ,21.0491,105.8831,2024-09-12,-0.7121907812570157,-0.7167297481982435,-0.11039084640965476,-1.3931883140506196,5,25,44,156,0.6914638904007564,-0.11034547387196829,-0.7502821990844095,0,0,0,0,0,1,1,1,train
4946811,556 Nguyễn Văn Cừ,21.0491,105.8831,2024-09-13,-1.112935601982537,-0.838527946874643,-0.8979911951725981,-0.48740178515895927,4,137,15,134,1.0130699183281904,0.6252211278197702,-1.060745291617705,0,0,0,0,0,1,1,1,train
4946811,556 Nguyễn Văn Cừ,21.0491,105.8831,2024-09-14,-0.501813087413225,-0.5781503807359315,-0.5665394861551367,0.2973152736652243,88,80,141,156,1.3346759462556241,1.3607877295115085,-1.3712083841510005,46161,0,0,0,0,0,0,0,train
4946811,556 Nguyễn Văn Cừ,21.0491,105.8831,2024-09-15,-0.7914127182425863,-0.2738096541366919,-0.36950317194986604,-0.7800719113779004,96,148,143,156,1.5207479186571204,1.3082963528529856,-1.5369796923204064,0,0,0,0,0,1,1,1,train
4946811,556 Nguyễn Văn Cừ,21.0491,105.8831,2024-09-16,-0.9510415427638907,-0.3165120178849913,0.02985760133876255,-0.7475705869710251,151,136,156,156,1.7068198910586172,1.255804976194463,-1.7027510004898119,0,0,0,0,0,1,1,1,train
4946811,556 Nguyễn Văn Cừ,21.0491,105.8831,2024-09-17,-0.5237874498320287,-1.355581551274745,-0.8954349687429912,-1.5963041524412074,0,51,19,156,1.8928918634601133,1.20331359953594,-1.8685223086592178,0,1,0,0,0,1,1,1,train
4946811,556 Nguyễn Văn Cừ,21.0491,105.8831,2024-09-18,-0.09653335690016679,-0.8009606775011363,0.3867799668870746,-0.48182113695016243,0,88,28,156,2.0789638358616096,1.1508222228774172,-2.034293616828623,0,1,0,0,0,1,1,1,train
4946811,556 Nguyễn Văn Cừ,21.0491,105.8831,2024-09-19,0.3307207360316952,-0.7773835335319726,0.3298708695649909,1.0204715394775683,3,9,26,156,2.265035808263106,1.0983308462188943,-2.200064924998029,46161,0,0,0,0,0,0,0,train
4946811,556 Nguyễn Văn Cừ,21.0491,105.8831,2024-09-20,-0.8681675729585121,-0.9872002333779192,-0.44172056872223897,-0.011556744760289204,21,48,38,156,2.3554320350193927,1.114786838213051,-2.3091281356371005,0,0,0,0,0,1,1,1,train
4946811,556 Nguyễn Văn Cừ,21.0491,105.8831,2024-09-21,-1.1585693924740281,-0.44091008138028004,-0.1818705901997481,-0.9556819063955869,40,97,75,156,2.44582826177568,1.131242830207208,-2.4181913462761715,0,0,0,0,0,1,1,1,train
4946811,556 Nguyễn Văn Cừ,21.0491,105.8831,2024-09-22,-0.8314662670345413,-0.5138395213133582,-0.127764864336468,-0.5136989519362223,0,0,0,156,2.5362244885319667,1.1476988222013647,-2.527254556915243,0,1,1,1,0,1,1,1,train
4946811,556 Nguyễn Văn Cừ,21.0491,105.8831,2024-09-23,-0.5043631415950544,-0.5867689612464358,-0.07365913847318789,-0.9388045097226057,2,56,7,156,2.6266207152882544,1.1641548141955216,-2.636317767554314,0,0,0,0,0,1,1,1,train
4946811,556 Nguyễn Văn Cừ,21.0491,105.8831,2024-09-24,-0.19267686984186835,-0.22395432128424236,-0.4118866243336934,0.5897365396895906,152,21,155,156,2.717016942044541,1.1806108061896783,-2.745380978193386,46161,0,0,0,0,0,0,0,train
4946811,556 Nguyễn Văn Cừ,21.0491,105.8831,2024-09-25,0.042127234788851206,-0.7934182604832782,-0.37068646217387563,0.04316188061310509,0,15,0,156,2.1098241486177503,1.1466419998990012,-2.09509671990276,0,1,0,1,0,1,1,1,train
4946811,556 Nguyễn Văn Cừ,21.0491,105.8831,2024-09-26,0.27693133941957077,-0.36899094242502484,-0.329486300014058,-0.9755081920687777,79,129,109,156,1.5026313551909598,1.1126731936083236,-1.4448124616121338,0,0,0,0,0,1,1,1,train
4946811,556 Nguyễn Văn Cừ,21.0491,105.8831,2024-09-27,-0.32052580270758224,-0.6383781733237212,-0.1654430870062897,-1.1362664793536377,116,144,150,156,0.8954385617641692,1.0787043873176465,-0.7945282033215078,0,0,0,0,0,1,1,1,train
4946811,556 Nguyễn Văn Cừ,21.0491,105.8831,2024-09-28,0.40105808125838416,-0.5763160483356555,-0.10520100138473756,-0.9938198993021331,128,147,156,156,0.28824576833737886,1.044735581026969,-0.14424394503088156,0,0,0,0,0,1,1,1,train
4946811,556 Nguyễn Văn Cừ,21.0491,105.8831,2024-09-29,0.40692134514053874,-0.7095677792473445,-0.35749519980506755,-0.4352030575817783,0,156,0,143,-0.3189470250894116,1.0107667747362918,0.5060403132597441,46161,1,0,1,0,0,0,0,train
4946811,556 Nguyễn Văn Cừ,21.0491,105.8831,2024-09-30,0.41278460902269376,-0.5873021339854414,-0.6097893982253975,0.6648985996442214,0,80,7,156,0.17488460778686157,1.0257868017893288,-0.04323085213850726,0,1,0,0,0,1,1,1,train
4946811,556 Nguyễn Văn Cừ,21.0491,105.8831,2024-10-01,0.41864787290484834,-0.881935298617993,-0.3474866677209763,-0.04118971680047727,7,71,11,156,0.6687162406631346,1.0408068288423657,-0.5925020175367584,0,0,0,0,0,1,1,1,train
4946811,556 Nguyễn Văn Cừ,21.0491,105.8831,2024-10-02,-0.668173420632723,-0.08572976596180781,-0.050657740299328284,-0.6858601754008045,121,121,129,156,1.162547873539408,1.0558268558954025,-1.1417731829350097,0,0,0,0,0,1,1,1,train
4946811,556 Nguyễn Văn Cừ,21.0491,105.8831,2024-10-03,-0.42665791594001984,-0.12750814544424238,-0.44582947583965493,-0.32669874176435343,156,87,156,156,1.6563795064156812,1.0708468829484394,-1.691044348333261,0,0,0,0,0,1,1,1,train
4946811,556 Nguyễn Văn Cừ,21.0491,105.8831,2024-10-04,0.21448393795248258,0.13939321869432747,1.3402220054904934,-0.44500386122100255,110,27,139,156,2.1502111392919545,1.0858669100014764,-2.2403155137315123,46161,0,0,0,0,0,0,0,train
4946811,556 Nguyễn Văn Cừ,21.0491,105.8831,2024-10-05,0.12995078364014048,0.02983072075217806,2.2015122138706444,0.29034795621918125,156,101,156,156,2.0777262878618123,1.0349692609370915,-2.145589336850086,0,0,0,0,0,1,1,1,train
4946811,556 Nguyễn Văn Cừ,21.0491,105.8831,2024-10-06,-0.2412422076955257,0.19274703742706328,0.5411341906498304,-0.2946053262984905,156,130,156,156,2.0052414364316706,0.9840716118727068,-2.050863159968659,0,0,0,0,0,1,1,1,train
4946811,556 Nguyễn Văn Cừ,21.0491,105.8831,2024-10-07,-0.3649420374785251,-0.16816999848500358,0.3021030884355309,-0.7377070740509717,138,135,149,156,1.9327565850015282,0.933173962808322,-1.956136983087232,0,0,0,0,0,1,1,1,train
4946811,556 Nguyễn Văn Cừ,21.0491,105.8831,2024-10-08,-0.005523826176181338,0.2091103951458849,0.4828480697739044,-0.9351608018908093,154,117,156,156,1.8602717335713865,0.8822763137439372,-1.8614108062058048,0,0,0,0,0,1,1,1,train
4946811,556 Nguyễn Văn Cừ,21.0491,105.8831,2024-10-09,-0.3515663055188096,-0.18045397112452222,1.0165358395209299,-0.48057316253853793,24,55,65,156,1.7877868821412441,0.8313786646795525,-1.766684629324378,46161,0,0,0,0,0,0,0,train
4946811,556 Nguyễn Văn Cừ,21.0491,105.8831,2024-10-10,-0.2554312927577141,-0.16114520901631202,-0.2316975572415497,-0.08306978152503447,43,80,64,156,1.472326262254225,0.8421451380000833,-1.4129978210042005,0,0,0,0,0,1,1,1,train
4946811,556 Nguyễn Văn Cừ,21.0491,105.8831,2024-10-11,0.283954011020615,0.07801726383994291,0.502360174916368,-0.12572953164123407,62,127,114,156,1.1568656423672063,0.852911611320614,-1.0593110126840224,0,0,0,0,0,1,1,1,train
4946811,556 Nguyễn Văn Cừ,21.0491,105.8831,2024-10-12,-0.4238593266267374,0.17254756321368978,0.17777735055816055,-0.8108739934436797,33,137,106,156,0.8414050224801877,0.8636780846411447,-0.7056242043638445,0,0,0,0,0,1,1,1,train
4946811,556 Nguyễn Văn Cừ,21.0491,105.8831,2024-10-13,-0.568403121676297,-0.047095878387660946,0.533333739439779,-1.258604641691345,28,103,69,156,0.5259444025931688,0.8744445579616754,-0.3519373960436666,0,0,0,0,0,1,1,1,train
4946811,556 Nguyễn Văn Cừ,21.0491,105.8831,2024-10-14,-0.11314499343509342,0.07542994426196128,0.7858480906926805,-0.7149232992476293,30,151,155,156,0.2104837827061497,0.8852110312822061,0.0017494122765115132,46161,0,0,0,0,0,0,0,train
4946811,556 Nguyễn Văn Cừ,21.0491,105.8831,2024-10-15,-0.9501374787788303,-0.44981502065086487,1.9105147870074974,0.10219103743522663,1,156,5,145,0.6305327315439908,0.961329573951056,-0.4608921624532971,0,0,0,0,0,1,1,1,train
4946811,556 Nguyễn Văn Cừ,21.0491,105.8831,2024-10-16,-0.5272073135397599,-0.45516992946434953,-0.10932389153562333,0.07546564092380631,0,40,24,156,1.050581680381832,1.0374481166199057,-0.9235337371831056,0,1,0,0,0,1,1,1,train
4946811,556 Nguyễn Văn Cừ,21.0491,105.8831,2024-10-17,-0.10427714830068958,-0.255742325434083,0.41339984853045875,-0.6410947670806116,81,154,120,156,1.4706306292196734,1.1135666592887554,-1.3861753119129145,0,0,0,0,0,1,1,1,train
4946811,556 Nguyễn Văn Cừ,21.0491,105.8831,2024-10-18,0.9696501324676347,-0.3708724558400618,0.24443936080986545,-1.241982143314153,73,152,117,156,1.8906795780575143,1.1896852019576052,-1.848816886642723,0,0,0,0,0,1,1,1,train
4946811,556 Nguyễn Văn Cừ,21.0491,105.8831,2024-10-19,-0.3798295329024536,-0.744918631817829,0.3509785638306097,-1.462236607324719,23,112,78,156,2.310728526895356,1.265803744626455,-2.3114584613725313,46161,0,0,0,0,0,0,0,train
4946811,556 Nguyễn Văn Cừ,21.0491,105.8831,2024-10-20,-0.29012522394078966,-0.5598864190180671,0.3159873743625378,-0.49187910836391086,2,156,155,156,2.294927555308545,1.1055188796125872,-2.302438898943098,0,0,0,0,0,1,1,1,train
4946811,556 Nguyễn Văn Cừ,21.0491,105.8831,2024-10-21,-0.469577548016637,-0.5009646950988732,0.4178728145350871,0.8812589666231092,0,0,0,156,2.2791265837217343,0.9452340145987194,-2.2934193365136646,0,1,1,1,0,1,1,1,train
4946811,556 Nguyễn Văn Cừ,21.0491,105.8831,2024-10-22,-0.6490298720924844,-0.44204297117967883,0.5197582547076365,-0.6096361487061133,146,156,155,156,2.2633256121349237,0.7849491495848516,-2.284399774084231,0,0,0,0,0,1,1,1,train
4946811,556 Nguyễn Văn Cừ,21.0491,105.8831,2024-10-23,-0.8290267786347745,-0.2316306451127702,0.43898946259344745,-0.5874820348054202,118,111,122,156,2.247524640548113,0.6246642845709839,-2.2753802116547974,0,0,0,0,0,1,1,1,train
4946811,556 Nguyễn Văn Cừ,21.0491,105.8831,2024-10-24,-0.260621731398859,-0.5905467150984552,-0.04821899460747237,-1.2691454148443533,156,102,156,156,2.231723668961302,0.4643794195571162,-2.266360649225364,46161,0,0,0,0,0,0,0,train
4946811,556 Nguyễn Văn Cừ,21.0491,105.8831,2024-10-25,0.5451239631684934,-0.42847931578589216,0.5900859011945374,-1.3523709028820559,87,0,156,156,1.6187100493799718,0.36222893622639296,-1.6611771004604075,0,0,1,0,0,1,1,1,train
4946811,556 Nguyễn Văn Cừ,21.0491,105.8831,2024-10-26,-0.5955552358995201,-0.2664119164733285,4.511106259614901,1.3083093482389403,143,0,148,156,1.005696429798642,0.2600784528956696,-1.0559935516954517,0,0,1,0,0,1,1,1,train
4946811,556 Nguyễn Văn Cừ,21.0491,105.8831,2024-10-27,-0.7344127061497904,-0.1043445171607654,3.0642807283178928,0.3766706943637486,0,0,0,156,0.39268281021731183,0.15792796956494623,-0.45081000293049556,0,1,1,1,0,1,1,1,train
4946811,556 Nguyễn Văn Cừ,21.0491,105.8831,2024-10-28,-0.8732701764000607,0.05772288215179771,1.617455197020885,-0.3657937977426015,0,2,0,156,-0.22033080936401844,0.05577748623422296,0.15437354583446075,0,1,0,1,0,1,1,1,train
4946811,556 Nguyễn Văn Cừ,21.0491,105.8831,2024-10-29,-1.0121276466503306,-0.06670027182532963,0.17062966572387755,-0.9448423981733336,2,144,6,156,-0.8333444289453485,-0.046372997096500494,0.7595570945994162,46161,0,0,0,0,0,0,0,train
4946811,556 Nguyễn Văn Cừ,21.0491,105.8831,2024-10-30,0.0159813770205128,0.06540029687084065,0.26156891984530445,-0.6361416894651029,152,71,156,156,-0.9131452345615252,0.0032708442960887713,0.8825801366436129,0,0,0,0,0,1,1,1,train
4946811,556 Nguyễn Văn Cừ,21.0491,105.8831,2024-10-31,0.5792878383131768,0.3071269078816315,-1.127324572379811,0.862225147090225,150,100,28,154,-0.9929460401777019,0.05291468568867794,1.0056031786878097,0,0,0,0,0,1,1,1,train
4946811,556 Nguyễn Văn Cừ,21.0491,105.8831,2024-11-01,0.23066980424690078,-0.04868857853896578,0.5629513974062551,0.26239859912468133,156,150,156,156,-1.0727468457938785,0.1025585270812672,1.1286262207320064,0,0,0,0,0,1,1,1,train
4946811,556 Nguyễn Văn Cừ,21.0491,105.8831,2024-11-02,0.09075683147052309,0.00017486211310204798,0.07511467466243255,-0.19365977816127433,156,134,156,156,-1.1525476514100552,0.15220236847385638,1.2516492627762033,0,0,0,0,0,1,1,1,train
4946811,556 Nguyễn Văn Cừ,21.0491,105.8831,2024-11-03,0.16247115520805325,-0.15705709681289587,0.3690315263486581,-0.8321921627693581,0,1,0,156,-1.2323484570262317,0.20184620986644564,1.3746723048204,46161,1,0,1,0,0,0,0,train
4946811,556 Nguyễn Văn Cừ,21.0491,105.8831,2024-11-04,0.23418547894558292,-0.28225532850063606,0.6629483780348837,-0.7587478891860113,0,144,1,156,-0.4837817100405525,0.38428679208222954,0.5780391717979669,0,1,0,0,0,1,1,1,train
4946811,556 Nguyễn Văn Cừ,21.0491,105.8831,2024-11-05,0.30589980268311306,-0.10730376222355834,0.5981913550207143,-0.33388200029864473,0,9,0,156,0.26478503694512684,0.5667273742980136,-0.21859396122446606,0,1,0,1,0,1,1,1,train
4946811,556 Nguyễn Văn Cừ,21.0491,105.8831,2024-11-06,0.3776141264206428,0.41338659842955294,0.5334343320065451,0.4336933482994925,0,0,0,156,1.013351783930806,0.7491679565137975,-1.0152270942468988,0,1,1,1,0,1,1,1,train
4946811,556 Nguyễn Văn Cừ,21.0491,105.8831,2024-11-07,0.4493284501581729,0.9340769590826636,0.46867730899237575,-0.6636885626246039,122,131,148,156,1.761918530916485,0.9316085387295815,-1.8118602272693318,0,0,0,0,0,1,1,1,train
4946811,556 Nguyễn Văn Cừ,21.0491,105.8831,2024-11-08,0.046182391845612736,0.5586377159177699,0.2801709010263415,-0.8491059905483451,147,78,156,156,2.510485277902164,1.1140491209453656,-2.608493360291764,46161,0,0,0,0,0,0,0,train
4946811,556 Nguyễn Văn Cừ,21.0491,105.8831,2024-11-09,0.5176092591516551,0.3243136152163416,0.7177032625931554,-0.5218018271430919,156,118,156,156,2.3614383887625965,1.088037189925085,-2.4196975699495638,0,0,0,0,0,1,1,1,train
4946811,556 Nguyễn Văn Cừ,21.0491,105.8831,2024-11-10,0.005054204548822578,0.17670685602318992,-0.08147183428552096,0.09462268419351978,156,154,156,156,2.2123914996230285,1.0620252589048045,-2.2309017796073634,0,0,0,0,0,1,1,1,train
4946811,556 Nguyễn Văn Cừ,21.0491,105.8831,2024-11-11,0.8022247393050287,0.2985415995318287,1.4693022073146123,0.5753048049689456,156,106,156,156,2.063344610483461,1.0360133278845238,-2.042105989265163,0,0,0,0,0,1,1,1,train
4946811,556 Nguyễn Văn Cừ,21.0491,105.8831,2024-11-12,1.6337337200772726,-0.14938377293328417,1.4869541562007766,-0.16818252030007122,61,153,154,156,1.9142977213438932,1.0100013968642432,-1.853310198922963,0,0,0,0,0,1,1,1,train
4946811,556 Nguyễn Văn Cừ,21.0491,105.8831,2024-11-13,0.144204444701262,-0.34576806515047376,0.43434600242105653,-0.7458713446299293,111,143,151,156,1.7652508322043254,0.9839894658439626,-1.6645144085807626,46161,0,0,0,0,0,0,0,train
4946811,556 Nguyễn Văn Cừ,21.0491,105.8831,2024-11-14,1.5361171385233081,-0.22973876823784822,-0.34769761675230765,-1.015277581846875,116,131,156,156,1.2665913631869714,0.8792406935689381,-1.1301696931242862,0,0,0,0,0,1,1,1,train
4946811,556 Nguyễn Văn Cừ,21.0491,105.8831,2024-11-15,1.2039267818589376,-0.34700186232246993,0.15387586364772637,-0.2547293307429835,27,156,156,156,0.7679318941696175,0.7744919212939134,-0.5958249776678101,0,0,0,0,0,1,1,1,train
4946811,556 Nguyễn Văn Cừ,21.0491,105.8831,2024-11-16,0.08949246132245779,-0.4296943632771739,-0.14216783940708916,0.6693335492922697,48,156,54,155,0.2692724251522637,0.6697431490188888,-0.061480262211333944,0,0,0,0,0,1,1,1,train
4946811,556 Nguyễn Văn Cừ,21.0491,105.8831,2024-11-17,0.20972637418041265,-0.3895948642966804,0.32227158798406863,-0.01816292860314092,156,156,156,156,-0.22938704386509046,0.5649943767438642,0.4728644532451422,0,0,0,0,0,1,1,1,train
4946811,556 Nguyễn Văn Cừ,21.0491,105.8831,2024-11-18,-0.4179641342054901,0.027925753191082522,0.851080354668088,-0.34721196281668393,12,76,46,156,-0.7280465128824443,0.4602456044688395,1.0072091687016183,46161,0,0,0,0,0,0,0,train
4946811,556 Nguyễn Văn Cừ,21.0491,105.8831,2024-11-19,-0.25569340280446334,0.025597247387692028,-0.6239706244789617,-0.8723582335410434,155,136,156,156,-0.6737927518014152,0.5239962319335132,0.9178529534250202,0,0,0,0,0,1,1,1,train
4946811,556 Nguyễn Văn Cừ,21.0491,105.8831,2024-11-20,-0.004841528097082882,0.14807152546050809,0.3053464079891831,-0.6819549400063886,156,69,156,156,-0.6195389907203859,0.587746859398187,0.8284967381484218,0,0,0,0,0,1,1,1,train
4946811,556 Nguyễn Văn Cừ,21.0491,105.8831,2024-11-21,-0.5302919910212028,0.3610288990979474,-0.5820796655808285,0.29247873114653017,145,73,156,156,-0.5652852296393568,0.6514974868628609,0.7391405228718236,0,0,0,0,0,1,1,1,train
4946811,556 Nguyễn Văn Cừ,21.0491,105.8831,2024-11-22,0.1237101286548573,-0.36090908004769984,-0.9729599296582288,0.6649070206047898,86,139,138,156,-0.5110314685583275,0.7152481143275347,0.6497843075952255,0,0,0,0,0,1,1,1,train
4946811,556 Nguyễn Văn Cừ,21.0491,105.8831,2024-11-23,0.34768227552351166,-0.17600068332134364,0.5528335650950542,-0.4094862801293701,22,88,86,156,-0.45677770747729834,0.7789987417922084,0.5604280923186273,46161,0,0,0,0,0,0,0,train
4946811,556 Nguyễn Văn Cừ,21.0491,105.8831,2024-11-24,0.8275951141783803,-0.10443335655704565,0.3616851138287209,-0.9372198163344907,0,0,0,156,-0.3497865355686572,0.7889394502144653,0.4381622392765123,0,1,1,1,0,1,1,1,train
4946811,556 Nguyễn Văn Cừ,21.0491,105.8831,2024-11-25,1.307507952833249,-0.03286602979274768,0.17053666256238764,-1.080263627631987,3,149,74,156,-0.242795363660016,0.7988801586367222,0.3158963862343973,0,0,0,0,0,1,1,1,train
4946811,556 Nguyễn Văn Cừ,21.0491,105.8831,2024-11-26,0.768911135957504,-0.06460012576966077,0.0883309572616073,-0.47110591255020007,0,0,0,156,-0.13580419175137481,0.8088208670589792,0.1936305331922823,0,1,1,1,0,1,1,1,train
4946811,556 Nguyễn Văn Cừ,21.0491,105.8831,2024-11-27,0.2303143190817591,-0.09633422174657438,0.006125251960826918,0.5631016386427192,0,0,0,156,-0.028813019842733645,0.8187615754812361,0.0713646801501673,0,1,1,1,0,1,1,1,train
4946811,556 Nguyễn Văn Cừ,21.0491,105.8831,2024-11-28,-0.30828249779398637,-0.12806831772348748,-0.07608045333995338,-0.07650731500938941,93,118,114,156,0.0781781520659076,0.8287022839034931,-0.05090117289194772,46161,0,0,0,0,0,0,0,train
4946811,556 Nguyễn Văn Cừ,21.0491,105.8831,2024-11-29,0.2194899099876382,-0.039097741857328575,-0.12048089870675224,-0.31221021035221463,138,81,141,156,-0.06499658951230677,0.7431772034820738,0.07375351173970926,0,0,0,0,0,1,1,1,train
4946811,556 Nguyễn Văn Cừ,21.0491,105.8831,2024-11-30,4.651875086314964,0.38181499968554117,2.9207608495946604,-0.569778368703609,156,91,156,156,-0.20817133109052127,0.6576521230606547,0.1984081963713663,0,0,0,0,0,1,1,1,train
4946811,556 Nguyễn Văn Cừ,21.0491,105.8831,2024-12-01,1.5110761139307285,0.022112397638836035,0.6990145342772452,-0.7547998323112578,27,61,121,156,-0.35134607266873574,0.5721270426392355,0.3230628810030234,0,0,0,0,0,1,1,1,train
4946811,556 Nguyễn Văn Cừ,21.0491,105.8831,2024-12-02,0.656509949224014,-0.09417571304837304,0.8887781942834572,0.5859731467160977,0,1,0,152,-0.49452081424695016,0.48660196221781643,0.44771756563468035,0,1,0,1,0,1,1,1,train
4946811,556 Nguyễn Văn Cừ,21.0491,105.8831,2024-12-03,-0.19805621548270083,-0.18093559928671393,1.078541854289669,0.9221232604444836,0,75,9,156,-0.6376955558251646,0.4010768817963973,0.5723722502663374,46161,1,0,0,0,0,0,0,train
4946811,556 Nguyễn Văn Cừ,21.0491,105.8831,2024-12-04,-1.0526223801894157,-0.3079212550826058,0.8513343167894857,-0.25198278368891625,20,54,38,156,-0.6320222091149493,0.17866853671340682,0.5355730412434785,0,0,0,0,0,1,1,1,train
4946811,556 Nguyễn Văn Cừ,21.0491,105.8831,2024-12-05,-0.13940471556304337,-0.10794929668556183,0.14659889534889667,-1.1237055117879375,7,117,53,156,-0.6263488624047342,-0.04373980836958351,0.4987738322206196,0,0,0,0,0,1,1,1,train
4946811,556 Nguyễn Văn Cừ,21.0491,105.8831,2024-12-06,0.35941981969042913,-0.6012873503824597,0.11698340606079238,-0.6732499362573098,0,16,0,156,-0.6206755156945192,-0.26614815345257387,0.4619746231977608,0,1,0,1,0,1,1,1,train
4946811,556 Nguyễn Văn Cừ,21.0491,105.8831,2024-12-07,0.858244354943902,-0.4077940998440124,0.0873679167726881,0.17533355993153604,0,0,0,156,-0.615002168984304,-0.4885564985355644,0.42517541417490184,0,1,1,1,0,1,1,1,train
4946811,556 Nguyễn Văn Cừ,21.0491,105.8831,2024-12-08,1.357068890197375,-0.2143008493055655,0.05775242748458382,0.5500880892388064,0,0,0,156,-0.6093288222740889,-0.7109648436185545,0.38837620515204296,46161,1,1,1,0,0,0,0,train
4946811,556 Nguyễn Văn Cừ,21.0491,105.8831,2024-12-09,1.8558934254508475,-0.02080759876711812,0.02813693819647953,0.20939949582587952,3,13,8,156,-0.6057990755826763,-0.5891283061052972,0.40217594704563975,0,0,0,0,0,1,1,1,train
4946811,556 Nguyễn Văn Cừ,21.0491,105.8831,2024-12-10,3.624848249814357,0.27951810529317617,0.24796366665937167,-1.0619146531688817,59,105,91,156,-0.6022693288912637,-0.46729176859203997,0.41597568893923653,0,0,0,0,0,1,1,1,train
4946811,556 Nguyễn Văn Cừ,21.0491,105.8831,2024-12-11,3.155440365705255,-0.21971484802192356,0.06774732344622261,-0.6152881063256814,0,28,0,156,-0.5987395821998511,-0.3454552310787827,0.4297754308328333,0,1,0,1,0,1,1,1,train
4946811,556 Nguyễn Văn Cừ,21.0491,105.8831,2024-12-12,2.686032481596153,-0.24389879983982835,-0.11246901976692646,-0.1001550743947457,0,0,0,156,-0.5952098355084385,-0.2236186935655254,0.44357517272643,0,1,1,1,0,1,1,1,train
4946811,556 Nguyễn Văn Cừ,21.0491,105.8831,2024-12-13,2.2166245974870513,-0.2680827516577326,-0.29268536298007547,0.3939834427534958,0,0,0,156,-0.5916800888170259,-0.10178215605226815,0.4573749146200268,46161,1,1,1,0,0,0,0,train
4946811,556 Nguyễn Văn Cừ,21.0491,105.8831,2024-12-14,1.7472167133779497,-0.2922667034756374,-0.47290170619322464,0.5280071958888719,0,82,0,156,0.017143904203923383,0.1518144719584496,-0.19423597973951554,0,1,0,1,0,1,1,1,train
4946811,556 Nguyễn Văn Cừ,21.0491,105.8831,2024-12-15,1.277808829268848,0.31090493445627954,-0.6531180494063735,0.2495869288126949,0,38,0,156,0.6259678972248724,0.40541109996916735,-0.845846874099058,0,1,0,1,0,1,1,1,train
4946811,556 Nguyễn Văn Cừ,21.0491,105.8831,2024-12-16,0.8084009451597463,0.18701549866341496,-0.8333343926195227,-0.7897948360626473,144,106,156,156,1.2347918902458217,0.6590077279798852,-1.4974577684586001,0,0,0,0,0,1,1,1,train
4946811,556 Nguyễn Văn Cừ,21.0491,105.8831,2024-12-17,4.063308371889124,0.6071588896708765,1.0427759873256526,-0.3317718628603064,4,55,66,156,1.843615883266771,0.9126043559906029,-2.149068662818143,0,0,0,0,0,1,1,1,train
4946811,556 Nguyễn Văn Cừ,21.0491,105.8831,2024-12-18,0.22632304024800318,0.7230845519846172,-0.9569364547339322,0.9055515864463253,154,110,154,154,2.45243987628772,1.1662009840013208,-2.800679557177685,46161,0,0,0,0,0,0,0,train
4946811,556 Nguyễn Văn Cừ,21.0491,105.8831,2024-12-19,1.1797994632503657,0.9359521998772388,0.1354177710788768,0.32856271340407434,151,116,154,156,2.3266161871342597,1.1298331963304316,-2.6515154598496604,0,0,0,0,0,1,1,1,train
4946811,556 Nguyễn Văn Cừ,21.0491,105.8831,2024-12-20,2.8907112483830786,0.9387345161346954,1.8517295328847079,-0.5398873031804656,152,62,153,156,2.2007924979807987,1.0934654086595426,-2.502351362521636,0,0,0,0,0,1,1,1,train
4946811,556 Nguyễn Văn Cừ,21.0491,105.8831,2024-12-21,2.8123471952956467,1.1071731933170577,1.3257228149399367,-1.0075908573722125,85,120,120,156,2.0749688088273377,1.0570976209886533,-2.3531872651936108,0,0,0,0,0,1,1,1,train
4946811,556 Nguyễn Văn Cừ,21.0491,105.8831,2024-12-22,6.88471267739272,1.636863264354207,3.7020633156672225,-0.33324582957541427,66,22,156,156,1.949145119673877,1.0207298333177641,-2.204023167865586,0,0,0,0,0,1,1,1,train
4946811,556 Nguyễn Văn Cừ,21.0491,105.8831,2024-12-23,0.2636893267189422,1.6218946101582843,0.02478377769966246,0.8656901036100958,107,16,156,156,1.8233214305204162,0.9843620456468751,-2.0548590705375616,46161,0,0,0,0,0,0,0,train
4946811,556 Nguyễn Văn Cừ,21.0491,105.8831,2024-12-24,2.0113709901295,-0.05798514750428113,1.429753083837306,0.7364663427910993,0,12,0,156,1.8773868331333556,1.021203926201434,-2.1264596152161057,0,1,0,1,0,1,1,1,train
4946811,556 Nguyễn Văn Cừ,21.0491,105.8831,2024-12-25,3.7590526535400572,0.8527374350886803,2.8347223899749494,0.42136688358253105,51,60,70,156,1.931452235746295,1.0580458067559932,-2.19806015989465,0,0,0,0,0,1,1,1,train
4946811,556 Nguyễn Văn Cừ,21.0491,105.8831,2024-12-26,2.4294511468461746,-0.06607000983052276,1.070984667163671,-1.0054741503901683,0,129,8,156,1.9855176383592352,1.0948876873105524,-2.2696607045731945,0,1,0,0,0,1,1,1,train
4946811,556 Nguyễn Văn Cừ,21.0491,105.8831,2024-12-27,1.0998496401522926,-0.12932965988098108,-0.07948881338760722,-0.8507169621112834,0,133,0,156,2.0395830409721745,1.1317295678651116,-2.3412612492517386,0,1,0,1,0,1,1,1,train
4946811,556 Nguyễn Văn Cừ,21.0491,105.8831,2024-12-28,-0.22975186654158944,0.8392005746931597,-1.2299622939388855,0.12580766614188565,151,125,156,156,2.093648443585114,1.1685714484196708,-2.4128617939302823,46161,0,0,0,0,0,0,0,train
4946811,556 Nguyễn Văn Cừ,21.0491,105.8831,2024-12-29,1.657532703355171,0.8823652032970086,-1.8140030776783473,0.6050879508059384,156,115,156,156,1.962320025023729,1.1292451127486396,-2.2387785461475667,0,0,0,0,0,1,1,1,train
4946811,556 Nguyễn Văn Cừ,21.0491,105.8831,2024-12-30,1.6707737856869214,0.8925615751217787,-2.754440627706129,0.33500118724766104,0,0,1,156,1.830991606462343,1.0899187770776082,-2.06469529836485,0,1,1,0,0,1,1,1,train
4946811,556 Nguyễn Văn Cừ,21.0491,105.8831,2024-12-31,1.684014868018672,0.9027579469465493,-0.8786465840957985,-0.14564919441973556,0,0,0,156,1.6996631879009574,1.050592441406577,-1.8906120505821336,0,1,1,1,0,1,1,1,train
4946811,556 Nguyễn Văn Cừ,21.0491,105.8831,2025-01-01,1.6972559503504225,0.9129543187713194,0.9971474595145318,-0.5578118253970445,156,109,156,156,1.5683347693395722,1.0112661057355459,-1.7165288027994174,0,0,0,0,0,1,1,1,train
4946811,556 Nguyễn Văn Cừ,21.0491,105.8831,2025-01-02,3.6244341514645546,0.7479017657462455,3.0783836960970326,0.0031472676854034163,67,82,92,156,1.4370063507781865,0.9719397700645146,-1.5424455550167016,46161,0,0,0,0,0,0,0,train
4946811,556 Nguyễn Văn Cừ,21.0491,105.8831,2025-01-03,0.02599205240715147,1.125818421269767,0.6888987485472424,1.1327750821432454,149,81,151,156,1.0099223347350315,0.820142783689518,-1.0984890282243396,0,0,0,0,0,1,1,1,train
4946811,556 Nguyễn Văn Cừ,21.0491,105.8831,2025-01-04,1.678464461531019,1.0096200363273833,0.6637931509375988,0.47421177057553177,148,108,156,156,0.5828383186918767,0.6683457973145214,-0.6545325014319779,0,0,0,0,0,1,1,1,train
4946811,556 Nguyễn Văn Cừ,21.0491,105.8831,2025-01-05,0.3055223946642022,1.6041196401135815,0.9581458546492014,0.3627889573629281,156,31,156,156,0.15575430264872162,0.5165488109395248,-0.21057597463961603,0,0,0,0,0,1,1,1,train
4946811,556 Nguyễn Văn Cừ,21.0491,105.8831,2025-01-06,3.244108667579843,1.8418721369797337,0.773465065100881,-0.2683244639342431,156,89,156,156,-0.27132971339443346,0.36475182456452804,0.23338055215274583,0,0,0,0,0,1,1,1,train
4946811,556 Nguyễn Văn Cừ,21.0491,105.8831,2025-01-07,2.541246976933243,0.38484249358615047,-1.5575145448181213,-0.4683675475642029,0,14,1,156,-0.6984137294375887,0.21295483818953143,0.6773370789451076,46161,1,0,0,0,0,0,0,train
4946811,556 Nguyễn Văn Cừ,21.0491,105.8831,2025-01-08,1.838385286286643,0.408547271745529,-1.3624506116153439,0.14515123966050347,0,27,10,156,-0.14878702474430047,0.3875943996279855,0.05269160905299019,0,1,0,0,0,1,1,1,train
4946811,556 Nguyễn Văn Cừ,21.0491,105.8831,2025-01-09,1.1355235956400433,0.49897036833185443,-3.1763068753334833,0.5549743964010132,0,6,19,156,0.4008396799489878,0.5622339610664396,-0.571953860839127,0,1,0,0,0,1,1,1,train
4946811,556 Nguyễn Văn Cừ,21.0491,105.8831,2025-01-10,0.43266190499344304,0.5699552959226777,-1.4518704419931794,0.3597407488065104,0,0,0,156,0.9504663846422763,0.7368735225048938,-1.1965993307312446,0,1,1,1,0,1,1,1,train
4946811,556 Nguyễn Văn Cừ,21.0491,105.8831,2025-01-11,-0.2701997856531572,0.6409402235135009,0.2725659913471246,-0.7398585398915328,58,76,87,156,1.5000930893355642,0.9115130839433477,-1.821244800623362,0,0,0,0,0,1,1,1,train
4946811,556 Nguyễn Văn Cừ,21.0491,105.8831,2025-01-12,0.19769290954625712,0.3668995264022042,-0.2704195363223905,-0.3173498032858465,156,115,156,156,2.049719794028853,1.086152645381802,-2.4458902705154797,46161,0,0,0,0,0,0,0,train
4946811,556 Nguyễn Văn Cừ,21.0491,105.8831,2025-01-13,4.717928340514803,0.7000801255356149,4.229430824054853,0.3762986043667145,156,136,156,156,1.8959877281984863,1.0654532888306747,-2.248431934610607,0,0,0,0,0,1,1,1,train
4946811,556 Nguyễn Văn Cừ,21.0491,105.8831,2025-01-14,0.4361458118534198,0.23597957396545152,4.240054813107286,0.9116579175978441,71,89,102,156,1.7422556623681194,1.0447539322795474,-2.050973598705735,0,0,0,0,0,1,1,1,train
4946811,556 Nguyễn Văn Cừ,21.0491,105.8831,2025-01-15,0.3078872210298391,0.457299168842471,-0.726481318464128,0.7016514938450632,0,60,57,156,1.588523596537753,1.0240545757284203,-1.8535152628008624,0,1,0,0,0,1,1,1,train
4946811,556 Nguyễn Văn Cừ,21.0491,105.8831,2025-01-16,0.17962863020625847,0.9311326455837897,0.48636609634018924,-0.3030749612135236,156,81,156,156,1.4347915307073864,1.0033552191772932,-1.6560569268959904,0,0,0,0,0,1,1,1,train
4946811,556 Nguyễn Văn Cừ,21.0491,105.8831,2025-01-17,4.513758569616424,1.1452147273417723,2.820651027921623,-0.4242849537275524,156,64,156,156,1.2810594648770197,0.982655862626166,-1.4585985909911177,46161,0,0,0,0,0,0,0,train
4946811,556 Nguyễn Văn Cừ,21.0491,105.8831,2025-01-18,3.4366413106219516,0.06843379066928222,0.8078574900288733,0.00693598326372638,0,4,0,156,0.8787273007442987,0.8613332090463474,-1.0196274286359255,0,1,0,1,0,1,1,1,train
4946811,556 Nguyễn Văn Cừ,21.0491,105.8831,2025-01-19,2.3595240516274796,0.31531131396733336,-1.2049360478638764,0.7935883461446142,0,6,2,156,0.4763951366115775,0.7400105554665289,-0.580656266280733,0,1,0,0,0,1,1,1,train
4946811,556 Nguyễn Văn Cừ,21.0491,105.8831,2025-01-20,1.2824067926330058,1.507242017075066,0.02609610137972012,0.4577882397879418,156,124,156,156,0.07406297247885628,0.6186879018867104,-0.14168510392554032,0,0,0,0,0,1,1,1,train
4946811,556 Nguyễn Văn Cừ,21.0491,105.8831,2025-01-21,1.3580525640843515,0.8938989159851238,0.5701410836683077,-0.2971236712934643,156,62,156,156,-0.3282691916538648,0.49736524830689194,0.29728605842965217,0,0,0,0,0,1,1,1,train
4946811,556 Nguyễn Văn Cừ,21.0491,105.8831,2025-01-22,1.0305436713169902,0.5332759659742811,0.6585013974095011,0.07005366574965875,0,0,0,156,-0.730601355786586,0.3760425947270733,0.7362572207848446,46161,1,1,1,0,0,0,0,train
4946811,556 Nguyễn Văn Cừ,21.0491,105.8831,2025-01-23,0.7030347785496294,0.1726530159634377,0.7468617111506946,-0.19302722068708203,0,0,0,156,-0.1698943935765443,0.5586269832831311,0.0815323319277123,0,1,1,1,0,1,1,1,train
4946811,556 Nguyễn Văn Cừ,21.0491,105.8831,2025-01-24,0.3755258857822682,-0.18796993404740509,0.8352220248918879,-0.18468034665466254,0,7,0,156,0.3908125686334973,0.7412113718391888,-0.57319255692942,0,1,0,1,0,1,1,1,train
4946811,556 Nguyễn Văn Cừ,21.0491,105.8831,2025-01-25,0.04801699301490742,0.29513374847179674,0.9235823386330813,1.0338096840636775,0,0,0,156,0.9515195308435391,0.9237957603952468,-1.2279174457865525,0,1,1,1,0,1,1,1,train
4946811,556 Nguyễn Văn Cừ,21.0491,105.8831,2025-01-26,-0.27949189975245403,0.7782374309909985,1.0119426523742747,0.20626596532058133,0,0,0,156,1.5122264930535805,1.1063801489513045,-1.8826423346436847,0,1,1,1,0,1,1,1,train
4946811,556 Nguyễn Văn Cừ,21.0491,105.8831,2025-01-27,-0.6070007925198151,1.2613411135102004,1.1003029661154682,-0.034295577912370596,112,98,124,156,2.0729334552636223,1.2889645375073622,-2.5373672235008167,46161,0,0,0,0,0,0,0,train
4946811,556 Nguyễn Văn Cừ,21.0491,105.8831,2025-01-28,-0.9773241011979467,0.8577097140541762,0.47079259020021524,-0.8407319723557952,21,86,92,156,1.5006244135330078,0.9542099167175632,-1.8787448280952497,0,0,0,0,0,1,1,1,train
4946811,556 Nguyễn Văn Cừ,21.0491,105.8831,2025-01-29,-0.5007036235415782,1.0199349515880698,1.33750209907855,-0.6282080098702227,0,12,12,156,0.9283153718023934,0.619455295927764,-1.2201224326896827,0,1,0,0,0,1,1,1,train
4946811,556 Nguyễn Văn Cừ,21.0491,105.8831,2025-01-30,-0.024083145885209774,0.6858055504295995,0.9161122397389202,0.9629261588937699,140,54,150,156,0.3560063300717793,0.28470067513796504,-0.5615000372841153,0,0,0,0,0,1,1,1,train
4946811,556 Nguyễn Văn Cừ,21.0491,105.8831,2025-01-31,-0.7116703672145349,0.14498430530422254,-0.2296561477309039,0.6309533193923492,21,60,38,156,-0.21630271165883516,-0.050053945651834034,0.09712235812145205,0,0,0,0,0,1,1,1,train
4946811,556 Nguyễn Văn Cừ,21.0491,105.8831,2025-02-01,0.38692291525227895,-0.17873118227935783,-0.09710278423866825,-0.09564326108533815,2,41,15,156,-0.7886117533894494,-0.3848085664416329,0.7557447535270191,46161,0,0,0,0,0,0,0,train
4946811,556 Nguyễn Văn Cừ,21.0491,105.8831,2025-02-02,0.023465976346733218,0.04833395112291202,0.7201766955103438,-0.3234376202687396,0,0,0,156,-0.7907206085814951,-0.3610602145943377,0.7218743658854893,0,1,1,1,0,1,1,1,train
4946811,556 Nguyễn Văn Cừ,21.0491,105.8831,2025-02-03,-0.33999096255881256,0.27539908452518236,1.5374561752593559,-0.5517600811814094,0,0,0,156,-0.7928294637735407,-0.3373118627470426,0.6880039782439593,0,1,1,1,0,1,1,1,train
4946811,556 Nguyễn Văn Cừ,21.0491,105.8831,2025-02-04,-0.7034479014643583,0.5024642179274522,2.3547356550083682,0.3640667261483369,72,57,145,152,-0.7949383189655862,-0.3135635108997474,0.6541335906024295,0,0,0,0,0,1,1,1,train
4946811,556 Nguyễn Văn Cừ,21.0491,105.8831,2025-02-05,-0.36721999526071364,0.5120915448967955,2.0972813152307905,0.7099348523344714,0,0,0,156,-0.7970471741576318,-0.28981515905245236,0.6202632029608995,0,1,1,1,0,1,1,1,train
4946811,556 Nguyễn Văn Cừ,21.0491,105.8831,2025-02-06,-0.03099208905706898,0.5217188718661387,1.839826975453213,0.63047714691992,0,0,0,156,-0.7991560293496773,-0.26606680720515713,0.5863928153193697,46161,1,1,1,0,0,0,0,train
4946811,556 Nguyễn Văn Cừ,21.0491,105.8831,2025-02-07,0.30523581714657594,0.5313461988354821,1.5823726356756354,-0.2086329328679732,0,0,0,156,-0.5289236932663676,0.04460483940193154,0.3177004531165446,0,1,1,1,0,1,1,1,train
4946811,556 Nguyễn Văn Cừ,21.0491,105.8831,2025-02-08,0.6414637233502204,0.5409735258048253,1.3249182958980577,-0.5415948470358808,0,0,0,156,-0.2586913571830576,0.3552764860090202,0.049008090913719486,0,1,1,1,0,1,1,1,train
4946811,556 Nguyễn Văn Cừ,21.0491,105.8831,2025-02-09,0.9776916295538648,0.5506008527741686,1.0674639561204802,0.08395926960414724,0,4,0,156,0.011540978900252347,0.6659481326161087,-0.21968427128910564,0,1,0,1,0,1,1,1,train
4946811,556 Nguyễn Văn Cừ,21.0491,105.8831,2025-02-10,1.3139195357575097,0.7103119967558774,0.8100096163429025,0.6464353151206331,0,0,0,156,0.28177331498356223,0.9766197792231974,-0.4883766334919308,0,1,1,1,0,1,1,1,train
4946811,556 Nguyễn Văn Cừ,21.0491,105.8831,2025-02-11,1.6501474419611541,0.8700231407375861,0.5525552765653248,0.020365444507347837,52,142,147,156,0.552005651066872,1.287291425830286,-0.757068995694756,46161,0,0,0,0,0,0,0,train
4946811,556 Nguyễn Văn Cừ,21.0491,105.8831,2025-02-12,1.577173143762422,0.047471511263582955,-0.9433613886206711,-0.18436563564958716,0,14,4,156,0.3026885074099999,0.8551391984051356,-0.5158434014944883,0,1,0,0,0,1,1,1,train
4946811,556 Nguyễn Văn Cừ,21.0491,105.8831,2025-02-13,1.5041988455636903,0.2708125262641344,0.005022850145400829,-0.3574498800048497,0,41,17,156,0.0533713637531278,0.4229869709799853,-0.2746178072942204,0,1,0,0,0,1,1,1,train
4946811,556 Nguyễn Văn Cừ,21.0491,105.8831,2025-02-14,1.4312245473649583,0.6887823179212815,-0.9011846060529427,0.5829653408534713,0,13,4,156,-0.1959457799037442,-0.00916525644516517,-0.03339221309395258,0,1,0,0,0,1,1,1,train
4946811,556 Nguyễn Văn Cừ,21.0491,105.8831,2025-02-15,1.3582502491662265,0.6506231040823008,-0.8641593518006412,1.287024384970539,0,0,0,156,-0.4452629235606163,-0.44131748387031544,0.20783338110631525,0,1,1,1,0,1,1,1,train
4946811,556 Nguyễn Văn Cừ,21.0491,105.8831,2025-02-16,1.2852759509674945,0.6124638902433203,-0.8271340975483397,0.859928255441265,0,0,0,156,-0.6945800672174884,-0.8734697112954661,0.4490589753065831,46161,1,1,1,0,0,0,0,train
4946811,556 Nguyễn Văn Cừ,21.0491,105.8831,2025-02-17,1.212301652768763,0.5743046764043392,-0.7901088432960381,1.0095763095800638,0,0,0,156,-0.6994478304756928,-0.7667042222549707,0.44914807637358,0,1,1,1,0,1,1,1,train
4946811,556 Nguyễn Văn Cừ,21.0491,105.8831,2025-02-18,1.1393273545700306,0.5361454625653587,-0.7530835890437366,0.795776481983679,0,0,0,156,-0.7043155937338971,-0.6599387332144756,0.4492371774405769,0,1,1,1,0,1,1,1,train
4946811,556 Nguyễn Văn Cừ,21.0491,105.8831,2025-02-19,-0.19080302405750907,0.49798624872637803,-0.7160583347914351,0.8164330982581721,0,0,0,156,-0.7091833569921014,-0.5531732441739803,0.4493262785075739,0,1,1,1,0,1,1,1,train
4946811,556 Nguyễn Văn Cừ,21.0491,105.8831,2025-02-20,-0.19080302405750907,0.45982703488739746,-0.6790330805391336,0.5683854927838203,0,7,0,147,-0.7140511202503057,-0.44640775513348513,0.4494153795745708,0,1,0,1,0,1,1,1,train
4946811,556 Nguyễn Văn Cừ,21.0491,105.8831,2025-02-21,-0.19080302405750907,0.505313623951552,-0.6420078262868321,0.6302658166435258,0,0,0,156,-0.7189188835085101,-0.33964226609298975,0.44950448064156767,46161,1,1,1,0,0,0,0,train
4946811,556 Nguyễn Văn Cừ,21.0491,105.8831,2025-02-22,-0.19080302405750907,0.5508002130157065,-0.026523547804030965,0.8943979345886802,0,0,0,156,-0.7443295738617395,-0.6287786766528219,0.48547053278675784,0,1,1,1,0,1,1,1,train
4946811,556 Nguyễn Văn Cừ,21.0491,105.8831,2025-02-23,-0.19080302405750907,0.5962868020798611,-0.026523547804030965,0.2768565616287635,0,0,0,156,-0.769740264214969,-0.9179150872126541,0.521436584931948,0,1,1,1,0,1,1,1,train
4946811,556 Nguyễn Văn Cừ,21.0491,105.8831,2025-02-24,-0.19080302405750907,0.6417733911440151,-0.026523547804030965,-0.37820306857181973,0,0,0,156,-0.7951509545681984,-1.2070514977724864,0.5574026370771382,0,1,1,1,0,1,1,1,train
4946811,556 Nguyễn Văn Cừ,21.0491,105.8831,2025-02-25,0.6285072671789074,0.6872599802081696,-0.493906809277626,-0.5026779451383121,0,0,0,156,-0.8205616449214278,-1.4961879083323188,0.5933686892223284,0,1,1,1,0,1,1,1,train
4946811,556 Nguyễn Văn Cừ,21.0491,105.8831,2025-02-26,0.5555329689801757,0.7327465692723242,-0.45688155502532446,0.47015680930774567,0,8,0,156,-0.8459723352746572,-1.7853243188921506,0.6293347413675187,46161,1,0,1,0,0,0,0,train
4946811,556 Nguyễn Văn Cừ,21.0491,105.8831,2025-02-27,0.4825586707814436,0.4901453367914622,-0.41985630077302294,-0.025306142782388543,0,0,0,156,-0.8474070193435193,-1.4267158676990357,0.6517346179377015,0,1,1,1,0,1,1,1,train
4946811,556 Nguyễn Văn Cừ,21.0491,105.8831,2025-02-28,0.4095843725827115,0.24754410431059976,-0.38283104652072136,0.2340040457961819,0,0,0,156,-0.8488417034123812,-1.0681074165059206,0.6741344945078845,0,1,1,1,0,1,1,1,train
4946811,556 Nguyễn Văn Cừ,21.0491,105.8831,2025-03-01,0.3366100743839794,0.004942871829737811,-0.34580579226841984,0.4107834606531684,0,25,0,156,-0.8502763874812432,-0.7094989653128055,0.6965343710780675,0,1,0,1,0,1,1,1,train
4946811,556 Nguyễn Văn Cừ,21.0491,105.8831,2025-03-02,0.26363577618524775,0.00010859051433522844,-0.3087805380161183,0.4858644987238898,0,110,0,156,-0.8517110715501052,-0.3508905141196905,0.7189342476482505,0,1,0,1,0,1,1,1,train
4946811,556 Nguyễn Văn Cừ,21.0491,105.8831,2025-03-03,0.19066147798651611,0.12661629990352674,-0.2717552837638168,1.7729766384991896,0,0,0,156,-0.8531457556189672,0.007717937073424636,0.7413341242184334,46161,1,1,1,0,0,0,0,train
4946811,556 Nguyễn Văn Cừ,21.0491,105.8831,2025-03-04,0.11768717978778402,0.2531240092927188,-0.23473002951151528,0.9484197702673759,34,156,130,156,-0.8493931887206504,0.06941124794077763,0.7615034437796088,0,0,0,0,0,1,1,1,train
4946811,556 Nguyễn Văn Cừ,21.0491,105.8831,2025-03-05,0.18519492907223356,0.6721931458659421,0.059838783290547044,1.1102407111082295,0,44,15,156,-0.8456406218223337,0.13110455880813074,0.7816727633407841,0,1,0,0,0,1,1,1,train
4946811,556 Nguyễn Văn Cừ,21.0491,105.8831,2025-03-06,0.25270267835668264,0.8824824740273309,-0.019179187033426182,-0.1331839331612056,0,0,0,156,-0.8418880549240169,0.19279786967548374,0.8018420829019595,0,1,1,1,0,1,1,1,train
4946811,556 Nguyễn Văn Cừ,21.0491,105.8831,2025-03-07,0.32021042764113217,1.0927718021887203,-0.09819715735739941,0.2550685635462969,0,17,0,156,-0.8381354880257001,0.2544911805428367,0.8220114024631346,0,1,0,1,0,1,1,1,train
4946811,556 Nguyễn Văn Cừ,21.0491,105.8831,2025-03-08,0.38771817692558125,1.2145664554709459,-0.17721512768137263,0.4785417568320971,0,0,0,145,-0.8343829211273833,0.31618449141018984,0.8421807220243099,46161,1,1,1,0,0,0,0,train
4946811,556 Nguyễn Văn Cừ,21.0491,105.8831,2025-03-09,0.45522592621003083,1.336361108753171,-0.2562330980053459,0.32664916209574485,0,0,0,156,-0.8317248303325727,0.10045798757507404,0.7936156333173797,0,1,1,1,0,1,1,1,train
4946811,556 Nguyễn Văn Cừ,21.0491,105.8831,2025-03-10,0.5227336754944804,1.458155762035396,-0.33525106832931906,0.29034427718138844,0,0,0,156,-0.8290667395377621,-0.11526851626004173,0.7450505446104495,0,1,1,1,0,1,1,1,train
4946811,556 Nguyễn Văn Cừ,21.0491,105.8831,2025-03-11,0.5902414247789295,1.5799504153176223,-0.4142690386532923,0.8266990255917749,0,0,0,156,-0.8264086487429514,-0.3309950200951574,0.6964854559035194,0,1,1,1,0,1,1,1,train
4946811,556 Nguyễn Văn Cừ,21.0491,105.8831,2025-03-12,0.657749174063379,1.7017450685998472,-0.4932870089772655,0.8528454512025496,0,41,0,156,-0.8237505579481408,-0.5467215239302733,0.6479203671965891,0,1,0,1,0,1,1,1,train
4946811,556 Nguyễn Văn Cừ,21.0491,105.8831,2025-03-13,0.7252569233478281,2.2805268491292416,-0.5723049793012388,0.35181529233934855,0,21,0,156,-0.8210924671533302,-0.7624480277653889,0.5993552784896591,46161,1,0,1,0,0,0,0,train
4946811,556 Nguyễn Văn Cừ,21.0491,105.8831,2025-03-14,0.7927646726322777,0.7235290898693124,-0.6513229496252121,1.6584770168188756,5,56,35,156,-0.7503718572765987,-0.49731997770520747,0.5123362383904498,0,0,0,0,0,1,1,1,train
4946811,556 Nguyễn Văn Cừ,21.0491,105.8831,2025-03-15,0.5003892634220665,1.235515371467843,-0.35126676133533546,3.2792334970453156,0,9,1,156,-0.6796512473998673,-0.23219192764502605,0.4253171982912406,0,1,0,0,0,1,1,1,train
4946811,556 Nguyễn Văn Cừ,21.0491,105.8831,2025-03-16,0.20801385421185528,1.7002341852371488,-2.6212820546871445,1.0555490208640292,0,6,6,156,-0.6089306375231359,0.03293612241515537,0.3382981581920314,0,1,0,0,0,1,1,1,train
4946811,556 Nguyễn Văn Cừ,21.0491,105.8831,2025-03-17,-0.08436155499835636,1.9299446372297508,-1.9702206361009156,1.3795487635083343,0,0,0,156,-0.5382100276464045,0.2980641724753368,0.2512791180928223,0,1,1,1,0,1,1,1,train
4946811,556 Nguyễn Văn Cừ,21.0491,105.8831,2025-03-18,-0.37673696420856756,2.159655089222354,-1.3191592175146865,0.8457915529561401,0,0,0,156,-0.46748941776967295,0.5631922225355183,0.1642600779936131,46161,1,1,1,0,0,0,0,train
4946811,556 Nguyễn Văn Cừ,21.0491,105.8831,2025-03-19,-0.6691123734187787,2.389365541214956,-0.6680977989284571,1.5922667664257295,27,103,111,156,-0.4662668715560795,0.6670320703342786,0.24355470032659074,0,0,0,0,0,1,1,1,train
4946811,556 Nguyễn Văn Cừ,21.0491,105.8831,2025-03-20,0.2630785823989757,1.3972660716278862,-0.6604368408323382,1.0892998724837688,101,122,128,156,-0.4650443253424861,0.770871918133039,0.3228493226595683,0,0,0,0,0,1,1,1,train
4946811,556 Nguyễn Văn Cừ,21.0491,105.8831,2025-03-21,3.617993298194991,1.604046550449103,1.458808455248024,0.1798475904619443,156,91,156,156,-0.4638217791288926,0.8747117659317994,0.40214394499254585,0,0,0,0,0,1,1,1,train
4946811,556 Nguyễn Văn Cừ,21.0491,105.8831,2025-03-22,1.2634765098203473,1.6879807575320371,0.6685136834973809,0.22346847228770908,156,80,156,156,-0.46259923291529914,0.9785516137305599,0.4814385673255235,0,0,0,0,0,1,1,1,train
4946811,556 Nguyễn Văn Cừ,21.0491,105.8831,2025-03-23,0.006307917754038447,1.6290972147808538,0.39490038246216164,0.3693890942394141,151,92,156,156,-0.46137668670170573,1.0823914615293202,0.5607331896585012,46161,0,0,0,0,0,0,0,train
4946811,556 Nguyễn Văn Cừ,21.0491,105.8831,2025-03-24,-0.22915431653181723,1.7340883360216157,0.7434224624565496,1.4310423998764974,135,77,136,136,-0.5537776175963466,0.741720207635182,0.393211980180939,0,0,0,0,0,1,1,1,train
4946811,556 Nguyễn Văn Cừ,21.0491,105.8831,2025-03-25,2.714499205841347,3.0786856212517986,-0.07441245477861405,1.9896213174127317,156,148,156,156,-0.6461785484909874,0.40104895374104393,0.2256907707033769,46161,0,0,0,0,0,0,0,train
4946811,556 Nguyễn Văn Cừ,21.0491,105.8831,2025-03-26,-0.44778302150841715,2.0605651402202527,-0.10094276360967556,2.482893714877255,9,51,24,156,-0.6070189152755645,0.34579399056787313,0.18081425392720027,0,0,0,0,0,1,1,1,train
4946811,556 Nguyễn Văn Cừ,21.0491,105.8831,2025-03-27,-0.4437753555104649,0.7732188800861782,-0.15967146203029906,3.8079515689594534,0,13,0,156,-0.5678592820601417,0.29053902739470217,0.13593773715102364,0,1,0,1,0,1,1,1,train
4946811,556 Nguyễn Văn Cừ,21.0491,105.8831,2025-03-28,-0.43976768951251266,2.2495864669092356,-0.21840016045092253,2.6815084602593005,0,111,50,156,-0.5286996488447188,0.23528406422153136,0.09106122037484701,46161,1,0,0,0,0,0,0,train
4946811,556 Nguyễn Văn Cừ,21.0491,105.8831,2025-03-29,-0.4357600235145604,1.8453981678455105,-0.5239367569375083,0.39133339333799966,0,0,0,156,-0.5457875269700876,0.24476570587682456,0.20124930371438954,0,1,1,1,0,1,1,1,train
4946811,556 Nguyễn Văn Cừ,21.0491,105.8831,2025-03-30,-0.4317523575166079,1.4412098687817865,-0.8294733534240939,1.537864972228334,0,5,0,156,-0.5628754050954563,0.25424734753211775,0.3114373870539321,0,1,0,1,0,1,1,1,train
4946811,556 Nguyễn Văn Cừ,21.0491,105.8831,2025-03-31,-0.42774469151865563,2.2780527094421514,-1.1350099499106798,1.3817919640682796,0,8,38,156,-0.579963283220825,0.26372898918741094,0.4216254703934746,0,1,0,0,0,1,1,1,train
4946811,556 Nguyễn Văn Cừ,21.0491,105.8831,2025-04-01,-0.42373702552070336,1.6756242406732968,0.10651746307893113,-0.07806791011672835,131,154,155,156,-0.5970511613461937,0.27321063084270414,0.5318135537330171,0,0,0,0,0,1,1,1,train
4946811,556 Nguyễn Văn Cừ,21.0491,105.8831,2025-04-02,0.578669989364644,1.7763063443814355,0.7819049799089133,-0.008306433150227931,64,142,156,156,-0.6141390394715626,0.28269227249799733,0.6420016370725595,46161,0,0,0,0,0,0,0,train
4946811,556 Nguyễn Văn Cừ,21.0491,105.8831,2025-04-03,0.47904584276729606,2.571510439545232,0.4973571676380423,1.6610197885718105,76,94,156,156,-0.6719541612306014,0.3259518067263492,0.639039193824138,0,0,0,0,0,1,1,1,train
4946811,556 Nguyễn Văn Cừ,21.0491,105.8831,2025-04-04,1.500263122990559,3.2295917788063226,0.45210330372579655,2.577827682600129,72,116,142,156,-0.7297692829896402,0.36921134095470104,0.6360767505757162,0,0,0,0,0,1,1,1,train
4946811,556 Nguyễn Văn Cừ,21.0491,105.8831,2025-04-05,1.3764604346790001,2.341509810675747,0.3247492448823681,1.4966446688612238,0,0,0,156,-0.787584404748679,0.4124708751830529,0.6331143073272946,0,1,1,1,0,1,1,1,train
4946811,556 Nguyễn Văn Cừ,21.0491,105.8831,2025-04-06,1.252657746367441,1.4534278425451719,0.19739518603893963,0.9197432342060815,0,0,0,156,-0.8453995265077178,0.45573040941140475,0.6301518640788728,0,1,1,1,0,1,1,1,train
4946811,556 Nguyễn Văn Cừ,21.0491,105.8831,2025-04-07,1.1288550580558827,0.5653458744145966,0.07004112719551113,0.8736950926157473,0,17,0,156,-0.9032146482667566,0.4989899436397566,0.6271894208304513,46161,1,0,1,0,0,0,0,train
4946811,556 Nguyễn Văn Cừ,21.0491,105.8831,2025-04-08,1.0050523697443237,1.0124279885119287,-0.0573129316479173,0.5456658008931731,0,55,13,156,-1.091729407147298,0.3966031982186606,0.9116327316569531,0,1,0,0,0,1,1,1,train
4946811,556 Nguyễn Văn Cừ,21.0491,105.8831,2025-04-09,0.8812496814327647,1.056361967651197,-0.36126136077526655,0.8396872523908576,0,0,0,142,-1.2802441660278394,0.2942164527975646,1.1960760424834551,0,1,1,1,0,1,1,1,train
4946811,556 Nguyễn Văn Cừ,21.0491,105.8831,2025-04-10,0.7574469931212062,1.100295946790466,-0.6652097899026159,1.0741450101704768,0,7,0,156,-1.4687589249083808,0.19182970737646865,1.480519353309957,0,1,0,1,0,1,1,1,train
4946811,556 Nguyễn Văn Cừ,21.0491,105.8831,2025-04-11,0.6336443048096473,1.4907706611953002,-0.969158219029965,2.227988132866741,0,36,6,156,-1.6572736837889221,0.0894429619553727,1.7649626641364589,0,1,0,0,0,1,1,1,train
4946811,556 Nguyễn Văn Cừ,21.0491,105.8831,2025-04-12,0.5098416164980883,2.3344201132214373,-0.0789778541579215,0.5680811736024252,80,139,122,156,-1.8457884426694635,-0.012943783465723252,2.0494059749629607,46161,0,0,0,0,0,0,0,train
4946811,556 Nguyễn Văn Cừ,21.0491,105.8831,2025-04-13,-0.8548252073793847,-0.09433034677881387,0.3891466985030232,-0.7877927974798336,54,91,87,156,-0.33265028127593044,0.3936584245874397,0.31702230271235715,0,0,0,0,0,1,1,1,train
4946811,556 Nguyễn Văn Cừ,21.0491,105.8831,2025-04-14,0.9069700544149996,0.30439859070464753,-0.374352150736432,-0.4986301506454779,75,2,137,156,1.1804878801176024,0.8002606326406025,-1.415361369538246,46161,0,0,0,0,0,0,0,train
4946811,556 Nguyễn Văn Cừ,21.0491,105.8831,2025-04-15,0.15054913174769446,-0.1604208577146265,0.8001075521638621,0.7751342888437766,156,48,156,156,0.24962750862890318,0.5195156370621514,-0.3371196669505465,0,0,0,0,0,1,1,1,train
4946811,556 Nguyễn Văn Cừ,21.0491,105.8831,2025-04-16,0.7368200361972219,-0.2025949577312376,0.11621279265575184,0.26824902601903083,141,116,146,156,-0.681232862859796,0.23877064148370022,0.7411220356371532,0,0,0,0,0,1,1,1,train
4946811,556 Nguyễn Văn Cừ,21.0491,105.8831,2025-04-17,0.1107873167662428,-0.4176165689449094,-0.4510610722838431,-0.27551136557913497,2,53,13,156,-1.6120932343484953,-0.0419743540947508,1.8193637382248529,46161,0,0,0,0,0,0,0,train
4946811,556 Nguyễn Văn Cừ,21.0491,105.8831,2025-04-18,-0.15409683370139884,-0.40938907268388536,0.21268767681230386,-1.0110211147566912,122,132,152,156,-1.6644532702010681,-0.07991748210418136,1.8977746716897752,0,0,0,0,0,1,1,1,train
4946811,556 Nguyễn Văn Cừ,21.0491,105.8831,2025-04-19,2.844088645835823,-0.43440237401550785,-0.0824235061709289,-1.3123943933078484,2,0,34,156,-1.7168133060536404,-0.1178606101136119,1.9761856051546975,0,0,1,0,0,1,1,1,train
4946811,556 Nguyễn Văn Cừ,21.0491,105.8831,2025-04-20,0.36734154397664265,-0.4594156753471303,0.4371457255000255,0.7254452464085023,121,37,148,156,-1.7691733419062132,-0.15580373812304243,2.0545965386196197,0,0,0,0,0,1,1,1,train
4946811,556 Nguyễn Văn Cừ,21.0491,105.8831,2025-04-21,-0.013234631801217775,-0.6042851175165486,-0.11043679564604225,0.3560916061703756,18,118,35,156,-1.821533377758786,-0.193746866132473,2.133007472084542,0,0,0,0,0,1,1,1,train
4946811,556 Nguyễn Văn Cừ,21.0491,105.8831,2025-04-22,0.7619861529994321,0.3296750693729169,-0.5214732565281874,-0.12302610468312739,57,121,79,156,-1.8738934136113585,-0.23168999414190355,2.2114184055494643,46161,0,0,0,0,0,0,0,train
4946811,556 Nguyễn Văn Cừ,21.0491,105.8831,2025-04-23,0.8993597285368297,0.5581020886751056,-0.12486769899162069,-0.6207408276015869,146,130,156,156,-1.5167262982788228,-0.06169300643839516,1.7973804175307757,0,0,0,0,0,1,1,1,train
4946811,556 Nguyễn Văn Cừ,21.0491,105.8831,2025-04-24,0.5744291921694963,0.312789175097604,1.283570498320858,0.7093799349222583,0,53,2,156,-1.159559182946287,0.10830398126511302,1.3833424295120875,0,1,0,0,0,1,1,1,train
4946811,556 Nguyễn Văn Cừ,21.0491,105.8831,2025-04-25,0.24949865580216288,0.4068863909370639,-1.2720895864521875,0.3173468113871206,0,36,7,154,-0.8023920676137513,0.2783009689686213,0.969304441493399,0,1,0,0,0,1,1,1,train
4946811,556 Nguyễn Văn Cừ,21.0491,105.8831,2025-04-26,-0.07543188056517051,0.2799124622142018,0.5951046764507302,1.2041824388390125,0,12,8,156,-0.44522495228121545,0.44829795667212957,0.5552664534747108,0,1,0,0,0,1,1,1,train
4946811,556 Nguyễn Văn Cừ,21.0491,105.8831,2025-04-27,-0.4003624169325039,1.1157383201923472,-0.5112767238672786,1.776327941912948,6,28,17,156,-0.08805783694867952,0.6182949443756378,0.14122846545602213,46161,0,0,0,0,0,0,0,train
4946811,556 Nguyễn Văn Cừ,21.0491,105.8831,2025-04-28,0.7028446874462798,0.9374011752032455,-0.0839770008398963,-0.5135423579035232,3,21,17,156,0.29489694767021885,0.723954358985212,-0.23249146248516966,0,0,0,0,0,1,1,1,train
4946811,556 Nguyễn Văn Cừ,21.0491,105.8831,2025-04-29,0.06817176702120831,0.5808643374298718,2.1518673634849153,-0.5522821210135308,0,50,5,156,0.6778517322891175,0.829613773594786,-0.6062113904263613,0,1,0,0,0,1,1,1,train
4946811,556 Nguyễn Văn Cừ,21.0491,105.8831,2025-04-30,-0.566501153403863,0.1996151477455951,0.8436168451439453,-1.423317077609668,0,0,0,156,1.0608065169080159,0.9352731882043601,-0.9799313183675532,0,1,1,1,0,1,1,1,train
4946811,556 Nguyễn Văn Cừ,21.0491,105.8831,2025-05-01,-1.2011740738289343,-0.18163404193868204,-0.4646336731970247,-0.0701886681499204,98,78,133,156,1.4437613015269144,1.0409326028139345,-1.353651246308745,0,0,0,0,0,1,1,1,train
4946811,556 Nguyễn Văn Cừ,21.0491,105.8831,2025-05-02,-0.887859065976926,-0.37902877149500896,-0.027519116530477183,-0.5427630313530408,117,149,131,156,1.8267160861458132,1.1465920174235085,-1.7273711742499362,46161,0,0,0,0,0,0,0,train
4946811,556 Nguyễn Văn Cừ,21.0491,105.8831,2025-05-03,-0.19491520844535182,-0.4484006810987028,-0.016381226288266642,-0.9337120383342825,24,63,58,156,0.3302265516274722,0.7953176690112025,-0.17983512173753421,0,0,0,0,0,1,1,1,train
4946811,556 Nguyễn Văn Cừ,21.0491,105.8831,2025-05-04,-0.7560595790232527,-0.2718730507506753,-0.7939218900654694,-1.4656679397254404,98,100,149,156,-1.1662629828908684,0.44404332059889645,1.3677009307748678,46161,0,0,0,0,0,0,0,train
4946811,556 Nguyễn Văn Cừ,21.0491,105.8831,2025-05-05,-0.21205474425642734,-0.1005705132448935,1.12646720436386,-0.837648825771487,145,150,156,156,-1.1218260623694003,0.24448010936528228,1.2351693531654708,0,0,0,0,0,1,1,1,train
4946811,556 Nguyễn Văn Cừ,21.0491,105.8831,2025-05-06,-0.29802785453711594,-0.1017887652270578,0.6778102785896446,0.9335705111826581,36,133,123,156,-1.0773891418479322,0.04491689813166808,1.1026377755560741,0,0,0,0,0,1,1,1,train
4946811,556 Nguyễn Văn Cừ,21.0491,105.8831,2025-05-07,-0.6936806864744823,-0.14930495609360211,0.03466722995047451,0.3425580960456166,51,141,98,156,-1.032952221326464,-0.1546463131019461,0.9701061979466772,46161,0,0,0,0,0,0,0,train
4946811,556 Nguyễn Văn Cừ,21.0491,105.8831,2025-05-08,0.6736342608327085,-0.07559702941705197,-0.05638331865189999,-0.40420054470984407,149,152,156,156,-0.2909345245427545,0.08765258330554111,0.2178084978974514,0,0,0,0,0,1,1,1,train
4946811,556 Nguyễn Văn Cừ,21.0491,105.8831,2025-05-09,-0.5514970236609711,0.12215387589228847,-1.0072533279641744,-0.5086827469780123,49,127,62,156,0.451083172240955,0.32995147971302835,-0.5344892021517743,0,0,0,0,0,1,1,1,train
4946811,556 Nguyễn Văn Cừ,21.0491,105.8831,2025-05-10,-0.3849981924738862,0.1176667704831607,1.531229661274225,0.21097049768767995,0,0,0,156,1.1931008690246645,0.5722503761205154,-1.2867869022010003,0,1,1,1,0,1,1,1,train
4946811,556 Nguyễn Văn Cừ,21.0491,105.8831,2025-05-11,-0.21849936128680128,0.11317966507403292,4.069712650512624,-0.8946435591464809,0,0,4,135,1.9351185658083743,0.8145492725280028,-2.039084602250226,0,1,1,0,0,1,1,1,train
4946811,556 Nguyễn Văn Cừ,21.0491,105.8831,2025-05-12,-0.05200053009971614,0.10869255966490513,-0.2670709457483624,0.26784061129780695,156,150,156,156,2.6771362625920836,1.0568481689354898,-2.791382302299452,46161,0,0,0,0,0,0,0,train
4946811,556 Nguyễn Văn Cừ,21.0491,105.8831,2025-05-13,0.7902384697034921,-0.062332618927545186,-0.031892253560188016,-0.34802569038934783,92,112,111,156,1.921854279658843,0.9627076576117088,-1.9665978907059711,0,0,0,0,0,1,1,1,train
4946811,556 Nguyễn Văn Cừ,21.0491,105.8831,2025-05-14,-0.45135360483644765,0.2657077041011195,-0.5049134610469721,-0.8823494345014898,7,73,17,156,1.166572296725602,0.8685671462879279,-1.1418134791124899,0,0,0,0,0,1,1,1,train
4946811,556 Nguyễn Văn Cừ,21.0491,105.8831,2025-05-15,-0.19874333455891016,-0.5103455353564461,-0.9476144634295288,-1.8565842184344015,32,3,63,156,0.41129031379236114,0.7744266349641469,-0.31702906751900845,0,0,0,0,0,1,1,1,train
4946811,556 Nguyễn Văn Cừ,21.0491,105.8831,2025-05-16,-0.7906575977206833,-0.6427068268856004,3.3118855870983235,-1.434567122590416,0,11,3,156,-0.3439916691408795,0.6802861236403659,0.5077553440744728,0,1,0,0,0,1,1,1,train
4946811,556 Nguyễn Văn Cừ,21.0491,105.8831,2025-05-17,-1.3825718608824564,-1.2236540250864532,1.5448390882933236,0.4600125529097326,18,106,0,156,-1.0992736520741209,0.5861456123165849,1.3325397556679546,46161,0,0,1,0,0,0,0,train
4946811,556 Nguyễn Văn Cừ,21.0491,105.8831,2025-05-18,0.31485533923296366,-0.9539408906465283,-0.22220741051167622,-0.24488534728467398,36,119,100,156,-0.9668143328023631,0.5058880447298871,1.160428780322262,0,0,0,0,0,1,1,1,train
4946811,556 Nguyễn Văn Cừ,21.0491,105.8831,2025-05-19,-1.352507039249605,-1.0009184543214917,-0.16271495938434663,-0.8615484674348405,18,100,37,156,-0.834355013530605,0.4256304771431893,0.9883178049765692,0,0,0,0,0,1,1,1,train
4946811,556 Nguyễn Văn Cừ,21.0491,105.8831,2025-05-20,-0.12856964952598043,-0.8486342293244166,-0.5782012314142413,-1.5384926456141952,11,77,38,156,-0.7018956942588471,0.3453729095564915,0.8162068296308763,0,0,0,0,0,1,1,1,train
4946811,556 Nguyễn Văn Cừ,21.0491,105.8831,2025-05-21,1.2804908265522765,-0.37658354040656006,-0.4328921290790354,-1.363885401858529,8,124,75,156,-0.5694363749870893,0.26511534196979375,0.6440958542851836,0,0,0,0,0,1,1,1,train
4946811,556 Nguyễn Văn Cừ,21.0491,105.8831,2025-05-22,0.9673155913929913,-0.6132598737800665,1.1750965783698806,0.9801868585804289,0,81,14,156,-0.43697705571533135,0.18485777438309595,0.4719848789394908,46161,1,0,0,0,0,0,0,train
4946811,556 Nguyễn Văn Cừ,21.0491,105.8831,2025-05-23,0.6541403562337056,-0.6604668880932697,0.9340780006489435,0.3197686195502228,0,0,0,156,-0.4945996158064971,-0.19335585792765778,0.4185851335525885,0,1,1,1,0,1,1,1,train
4946811,556 Nguyễn Văn Cừ,21.0491,105.8831,2025-05-24,0.34096512107442034,-0.7076739024064728,0.6930594229280067,-0.1578435217235213,0,0,0,156,-0.5522221758976629,-0.5715694902384117,0.3651853881656859,46161,1,1,1,0,0,0,0,train
4946811,556 Nguyễn Văn Cừ,21.0491,105.8831,2025-05-25,0.0277898859151351,-0.7548809167196759,0.45204084520706955,-0.471328679804955,0,9,0,156,-0.7110909043174376,-1.045224062881345,0.5442260879635359,0,1,0,1,0,1,1,1,train
4946811,556 Nguyễn Văn Cừ,21.0491,105.8831,2025-05-26,-0.2853853492441506,-0.9659341409639062,0.21102226748613254,-1.130132436672305,0,86,0,156,-0.8699596327372123,-1.5188786355242783,0.7232667877613859,0,1,0,1,0,1,1,1,train
4946811,556 Nguyễn Văn Cừ,21.0491,105.8831,2025-05-27,-0.5985605844034361,-0.8964231428196033,-0.02999631023480438,-0.8351987443079302,0,103,0,142,-1.028828361156987,-1.9925332081672118,0.9023074875592358,46161,1,0,1,0,0,0,0,train
4946811,556 Nguyễn Văn Cừ,21.0491,105.8831,2025-05-28,-0.9117358195627215,-1.0450152488700608,-0.2710148879557413,0.17994452855855939,12,111,53,156,-0.5273279396571813,-1.4301209199845202,0.42563048068086323,0,0,0,0,0,1,1,1,train
4946811,556 Nguyễn Văn Cừ,21.0491,105.8831,2025-05-29,-1.182409290799136,-1.2876550716028836,0.04560181967716647,-0.29585682437446637,0,11,0,156,-0.025827518157375474,-0.8677086318018292,-0.051046526197509365,0,1,0,1,0,1,1,1,train
4946811,556 Nguyễn Văn Cừ,21.0491,105.8831,2025-05-30,-1.4530827620355504,-0.9224321544684208,0.3622185273100742,-1.2092093175828502,9,55,17,156,0.4756729033424303,-0.30529634361913804,-0.5277235330758819,0,0,0,0,0,1,1,1,train
4946811,556 Nguyễn Văn Cừ,21.0491,105.8831,2025-05-31,-0.9374798217777791,-1.0922145360421183,-0.5837839793301314,-1.437412929477567,74,154,151,156,0.9771733248422358,0.2571159445635531,-1.0044005399542546,0,0,0,0,0,1,1,1,train
4946811,556 Nguyễn Văn Cừ,21.0491,105.8831,2025-06-01,-0.8982322042888128,-1.0132359718443404,0.17433874529632382,-0.11905415855853418,156,48,156,156,1.478673746342042,0.8195282327462442,-1.481077546832627,46161,0,0,0,0,0,0,0,train
4946811,556 Nguyễn Văn Cừ,21.0491,105.8831,2025-06-02,-1.0100954691436368,-0.9177857790441605,0.6278003925391137,1.0368151308628821,154,0,156,156,1.0200954411579028,0.39254777713032807,-0.9599114266061083,0,0,1,0,0,1,1,1,train
4946811,556 Nguyễn Văn Cừ,21.0491,105.8831,2025-06-03,-0.04526635716581022,-0.8223355862439805,-0.291930034978358,-0.12172473779811126,17,33,119,156,0.561517135973764,-0.03443267848558809,-0.4387453063795895,0,0,0,0,0,1,1,1,train
4946811,556 Nguyễn Văn Cừ,21.0491,105.8831,2025-06-04,0.9449800709813919,-0.55698355935875,0.19372586944607761,-1.147376294437827,46,109,78,156,0.10293883078962524,-0.46141313410150436,0.0824208138469294,0,0,0,0,0,1,1,1,train
4946811,556 Nguyễn Văn Cừ,21.0491,105.8831,2025-06-05,-0.16072139236599628,-0.6049601060224505,-0.29821201596585456,-1.4837965358587748,20,94,76,156,-0.35563947439451377,-0.8883935897174202,0.6035869340734481,0,0,0,0,0,1,1,1,train
4946811,556 Nguyễn Văn Cừ,21.0491,105.8831,2025-06-06,-1.145798442021018,-0.8894858973147141,0.36874437705260527,-1.5119814311583692,4,52,55,156,-0.8142177795786526,-1.3153740453333365,1.1247530542999669,46161,0,0,0,0,0,0,0,train
4946811,556 Nguyễn Văn Cừ,21.0491,105.8831,2025-06-07,-1.1916435952123565,-0.9171890619326762,-0.8052042735915851,0.6657418005788748,20,144,47,156,-0.1282823763884279,-0.8257130915277099,0.362630552102908,0,0,0,0,0,1,1,1,train
4946811,556 Nguyễn Văn Cừ,21.0491,105.8831,2025-06-08,-0.6377813420465367,-0.9054273531270197,-1.1185292036282402,0.3892166863559554,14,35,41,156,0.5576530268017966,-0.33605213772208314,-0.39949195009415095,0,0,0,0,0,1,1,1,train
4946811,556 Nguyễn Văn Cừ,21.0491,105.8831,2025-06-09,-0.5531244910761206,-0.7285140929820797,-0.6817830548339511,-0.6913759642962867,41,65,74,156,1.2435884299920215,0.15360881608354363,-1.1616144522912095,0,0,0,0,0,1,1,1,train
4946811,556 Nguyễn Văn Cừ,21.0491,105.8831,2025-06-10,-0.6643579813558902,-0.6045720217218867,-0.6272930630012031,-1.2496447396464772,13,56,42,156,1.9295238331822462,0.6432697698891702,-1.9237369544882685,0,0,0,0,0,1,1,1,train
4946811,556 Nguyễn Văn Cừ,21.0491,105.8831,2025-06-11,-1.0627365801637345,-0.6959870105086081,0.05914175959637025,-1.3286875783760006,92,99,131,156,2.6154592363724714,1.1329307236947974,-2.685859456685327,46161,0,0,0,0,0,0,0,train
4946811,556 Nguyễn Văn Cừ,21.0491,105.8831,2025-06-12,-1.143780093166355,-1.2725720102642437,-0.8625643164753813,-0.8588052648757508,1,74,55,154,2.130038929918431,0.9154276972284732,-2.137896549392779,0,0,0,0,0,1,1,1,train
4946811,556 Nguyễn Văn Cừ,21.0491,105.8831,2025-06-13,-1.417072634976386,-1.274560567311021,-0.5136867127676411,0.470418187562554,57,11,138,156,1.6446186234643903,0.6979246707621491,-1.5899336421002301,46161,0,0,0,0,0,0,0,train
4946811,556 Nguyễn Văn Cừ,21.0491,105.8831,2025-06-14,-0.986655015872832,-1.0393848902016456,-0.11383346924992299,-0.132176762387965,75,14,140,156,0.83036452835199,-0.7698452249779428,-0.7826486867133026,0,0,0,0,0,1,1,1,train
4946811,556 Nguyễn Văn Cừ,21.0491,105.8831,2025-06-15,-0.5920063470622904,-0.5503973078769209,-0.4126842793556438,-0.8822357216722531,101,118,129,156,0.016110433239589987,-2.237615120718035,0.02463626867362528,0,0,0,0,0,1,1,1,train
4946811,556 Nguyễn Văn Cừ,21.0491,105.8831,2025-06-16,-0.7330359306283369,-0.6839060525938473,-0.06297750792682359,-0.6684431205739447,0,0,0,156,-0.7981436618728099,-3.7053850164581266,0.8319212240605534,46161,1,1,1,0,0,0,0,train
4946811,556 Nguyễn Văn Cừ,21.0491,105.8831,2025-06-17,-0.8740655141943833,-0.8174147973107738,0.2867292635019965,-1.15041847095866,0,0,5,156,-0.5557380681526782,-3.15225386398047,0.6019760842280882,0,1,1,0,0,1,1,1,train
4946811,556 Nguyễn Văn Cừ,21.0491,105.8831,2025-06-18,-1.0150950977604298,-0.9509235420277004,0.8209652844440611,0.9166320774763362,63,0,134,156,-0.31333247443254647,-2.5991227115028135,0.372030944395623,0,0,1,0,0,1,1,1,train
4946811,556 Nguyễn Văn Cừ,21.0491,105.8831,2025-06-19,-1.1293936009247174,-1.084432286744627,-1.0311716293996793,0.09122584189725436,4,0,26,156,-0.07092688071241475,-2.0459915590251567,0.14208580456315778,0,0,1,0,0,1,1,1,train
4946811,556 Nguyễn Văn Cừ,21.0491,105.8831,2025-06-20,-0.8560084452065904,-1.2179410314615535,-2.1811219758879803,-0.7491190881456327,0,9,3,156,0.171478713007717,-1.4928604065475009,-0.08785933526930735,0,1,0,0,0,1,1,1,train
4946811,556 Nguyễn Văn Cừ,21.0491,105.8831,2025-06-21,-0.5826232894884632,-1.2573037248069812,-1.7684127527169438,-0.5566445369267535,0,0,0,156,0.4138843067278487,-0.9397292540698441,-0.3178044751017726,46161,1,1,1,0,0,0,0,train
4946811,556 Nguyễn Văn Cừ,21.0491,105.8831,2025-06-22,-0.3092381337703361,-1.2966664181524088,-1.3557035295459072,-0.9664137935473125,0,0,0,156,0.42674678797532034,-0.5571594108856399,-0.34352607296417403,0,1,1,1,0,1,1,1,train
4946811,556 Nguyễn Văn Cừ,21.0491,105.8831,2025-06-23,-0.03585297805220902,-1.3360291114978367,-0.9429943063748706,0.980118296433389,5,7,42,156,0.4396092692227919,-0.17458956770143574,-0.36924767082657534,0,0,0,0,0,1,1,1,train
4946811,556 Nguyễn Văn Cừ,21.0491,105.8831,2025-06-24,-0.3643586967258857,-1.1243142621565063,-0.9182753730720362,0.3310933538973251,0,30,26,156,0.45247175047026333,0.2079802754827682,-0.3949692686889768,0,1,0,0,0,1,1,1,train
4946811,556 Nguyễn Văn Cừ,21.0491,105.8831,2025-06-25,-0.6928644153995624,-0.9108583515538918,0.001793112448790497,-0.36728269523885915,114,98,128,156,0.46533423171773497,0.5905501186669724,-0.4206908665513781,0,0,0,0,0,1,1,1,train
4946811,556 Nguyễn Văn Cừ,21.0491,105.8831,2025-06-26,-0.5884087407720348,-1.236502397205952,-0.42373481779126365,-1.262313328282705,34,98,112,156,0.47819671296520655,0.9731199618511761,-0.4464124644137795,46161,0,0,0,0,0,0,0,train
4946811,556 Nguyễn Văn Cừ,21.0491,105.8831,2025-06-27,0.0051581520306835,-1.2683178099799735,-0.049758066305534365,-0.8834435621441469,0,0,0,156,0.23791115125527817,0.09880201333454158,-0.23612275390776188,0,1,1,1,0,1,1,1,train
4946811,556 Nguyễn Văn Cừ,21.0491,105.8831,2025-06-28,0.5987250448334017,-1.3001332227539952,0.32421868518019487,-1.1020285259296674,0,0,0,156,-0.002374410454650207,-0.7755159351820929,-0.025833043401744096,0,1,1,1,0,1,1,1,train
4946811,556 Nguyễn Văn Cừ,21.0491,105.8831,2025-06-29,1.1922919376361196,-1.3319486355280168,0.6981954366659241,0.3641252772066159,2,0,29,156,-0.24265997216457857,-1.6498338836987274,0.18445666710427366,0,0,1,0,0,1,1,1,train
4946811,556 Nguyễn Văn Cừ,21.0491,105.8831,2025-06-30,0.6743761870444168,-1.3637640483020383,-1.0035423180935528,-0.0741185094716713,15,1,74,156,-0.48294553387450695,-2.524151832215362,0.3947463776102913,0,0,0,0,0,1,1,1,train
4946811,556 Nguyễn Văn Cừ,21.0491,105.8831,2025-07-01,0.3498632061908121,-1.015346844990062,-0.8856894746702133,-1.0858928904642078,0,50,6,156,-0.7232310955844353,-3.398469780731997,0.605036088116309,46161,1,0,0,0,0,0,0,train
4946811,556 Nguyễn Văn Cừ,21.0491,105.8831,2025-07-02,0.025350225337207422,-1.1636751373510759,-0.7899709495581791,-1.1404749290516436,0,0,0,156,-0.7792877938565788,-3.4951961059543595,0.7664366367052206,0,1,1,1,0,1,1,1,train
4946811,556 Nguyễn Văn Cừ,21.0491,105.8831,2025-07-03,-0.2991627555163973,-1.3120034297120895,-0.6942524244461451,-0.9167989272327906,0,0,0,156,-0.8353444921287221,-3.5919224311767217,0.9278371852941321,46161,1,1,1,0,0,0,0,train
4946811,556 Nguyễn Văn Cừ,21.0491,105.8831,2025-07-04,-0.6236757363700021,-1.4603317220731034,-0.5985338993341112,0.5565229871603077,20,16,82,156,-1.0898090722771543,-2.9477714523951257,1.3016453903807141,0,0,0,0,0,1,1,1,train
4946811,556 Nguyễn Văn Cừ,21.0491,105.8831,2025-07-05,-0.8944384595027806,-1.1200799706241338,-0.24670496855666363,-0.5511301813862618,94,152,130,156,-1.3442736524255865,-2.3036204736135293,1.6754535954672964,0,0,0,0,0,1,1,1,train
4946811,556 Nguyễn Văn Cừ,21.0491,105.8831,2025-07-06,-1.0602962671195808,-1.213092568569463,-0.360367745126951,-0.6010249102626555,5,16,24,156,-1.5987382325740185,-1.6594694948319335,2.0492618005538783,46161,0,0,0,0,0,0,0,train
4946811,556 Nguyễn Văn Cừ,21.0491,105.8831,2025-07-07,-0.47362534670809775,-1.0568257750262502,-0.06551183826327153,-1.09697391900234,82,142,122,156,-1.4368328057332527,-1.3831295032170108,1.7475152887128844,0,0,0,0,0,1,1,1,train
4946811,556 Nguyễn Văn Cừ,21.0491,105.8831,2025-07-08,-0.19638510534837053,-0.9517443825954061,-0.4803950927015494,-1.5592324562012556,17,52,126,156,-1.2749273788924864,-1.1067895116020883,1.4457687768718908,0,0,0,0,0,1,1,1,train
4946811,556 Nguyễn Văn Cừ,21.0491,105.8831,2025-07-09,-0.7899164327191782,-1.1265514058792994,0.17664973083122934,0.9781596168390342,95,110,147,156,-1.1130219520517204,-0.8304495199871661,1.144022265030897,0,0,0,0,0,1,1,1,train
4946811,556 Nguyễn Văn Cừ,21.0491,105.8831,2025-07-10,-0.3879276676527202,-0.8038747187882325,-0.4299775648869289,0.3095309113929931,118,47,156,156,-0.9511165252109542,-0.5541095283722435,0.8422757531899031,0,0,0,0,0,1,1,1,train
4946811,556 Nguyễn Văn Cừ,21.0491,105.8831,2025-07-11,-0.5266697722676996,-0.5436215141681912,-0.4185721306662789,-0.6469734336811583,5,12,32,156,-0.7892110983701881,-0.27776953675732113,0.5405292413489093,46161,0,0,0,0,0,0,0,train
4946811,556 Nguyễn Văn Cừ,21.0491,105.8831,2025-07-12,-1.203289730721282,-0.5841178245733615,-0.37461547364115044,-0.9196044807339617,24,138,0,156,-0.6292006603424705,-0.5580345568161333,0.4567819902394304,0,0,0,1,0,1,1,1,train
4946811,556 Nguyễn Văn Cừ,21.0491,105.8831,2025-07-13,-0.9962623767199663,-0.8677109044756476,-0.3306588166160221,-1.4468002102020665,33,73,105,156,-0.46919022231475255,-0.8382995768749454,0.3730347391299514,0,0,0,0,0,1,1,1,train
4946811,556 Nguyễn Văn Cừ,21.0491,105.8831,2025-07-14,-0.8069245329017773,-0.8816095314380715,0.2693937323485943,-1.335725590271267,0,0,0,156,-0.3091797842870347,-1.1185645969337574,0.28928748802047244,0,1,1,1,0,1,1,1,train
4946811,556 Nguyễn Văn Cừ,21.0491,105.8831,2025-07-15,-0.6175866890835886,-0.895508158400495,0.8694462813132106,0.5163608133225026,6,35,53,156,-0.14916934625931685,-1.3988296169925698,0.20554023691099338,0,0,0,0,0,1,1,1,train
4946811,556 Nguyễn Văn Cừ,21.0491,105.8831,2025-07-16,-0.67153708165376,-0.9933974460299804,-0.21078463413174053,-0.32422518911282905,0,0,21,156,0.010841091768401073,-1.6790946370513817,0.12179298580151439,46161,1,1,0,0,0,0,0,train
4946811,556 Nguyễn Văn Cừ,21.0491,105.8831,2025-07-17,-0.7254874742239313,-1.0912867336594656,-0.036904563480323165,-0.7297312896532492,83,146,118,156,-0.1063356443073404,-2.161950449559228,0.17938364227571227,0,0,0,0,0,1,1,1,train
4946811,556 Nguyễn Văn Cừ,21.0491,105.8831,2025-07-18,-0.8809685912145616,-0.9003140765625137,-0.09555830150395377,-1.4156069416701627,41,126,155,156,-0.223512380383082,-2.644806262067074,0.23697429874991013,0,0,0,0,0,1,1,1,train
4946811,556 Nguyễn Văn Cừ,21.0491,105.8831,2025-07-19,-0.9514021787846504,-0.8534129434042237,0.6470265344723551,-1.254282359717853,0,0,148,156,-0.34068911645882344,-3.1276620745749195,0.2945649552241081,0,1,1,0,0,1,1,1,train
4946811,556 Nguyễn Văn Cừ,21.0491,105.8831,2025-07-20,-1.021835766354739,-0.806511810245933,0.24880632321107526,0.4012675885760162,0,0,0,156,-0.45786585253456497,-3.6105178870827657,0.35215561169830595,0,1,1,1,0,1,1,1,train
4946811,556 Nguyễn Văn Cừ,21.0491,105.8831,2025-07-21,-1.092269353924828,-0.759610677087643,-0.14941388805020472,0.15717368381169283,0,0,0,156,-0.5750425886103065,-4.093373699590611,0.4097462681725038,46161,1,1,1,0,0,0,0,train
4946811,556 Nguyễn Văn Cừ,21.0491,105.8831,2025-07-22,-1.1627029414949166,-0.7127095439293524,-0.5476340993114848,-0.399596787650116,0,62,0,156,-0.9283053137938232,-2.395475744805739,0.9605428632841909,0,1,0,1,0,1,1,1,train
4946811,556 Nguyễn Văn Cừ,21.0491,105.8831,2025-07-23,-1.2331365290650054,-1.081476355261772,-0.9458543105727647,-1.2132341783958378,7,99,27,156,-1.2815680389773396,-0.6975777900208668,1.5113394583958781,46161,0,0,0,0,0,0,0,train
4946811,556 Nguyễn Văn Cừ,21.0491,105.8831,2025-07-24,-1.1060965934878222,-1.1311628728070926,-0.709094494869449,-1.7780251370141316,0,8,45,156,-1.1611769986674505,-0.29645300289796117,1.3937632570250063,0,1,0,0,0,1,1,1,train
4946811,556 Nguyễn Văn Cừ,21.0491,105.8831,2025-07-25,-0.9790566579106394,-1.051769633852451,-2.0304095038271788,0.6733737589482799,0,0,3,156,-1.040785958357561,0.10467178422494451,1.2761870556541346,0,1,1,0,0,1,1,1,train
4946811,556 Nguyễn Văn Cừ,21.0491,105.8831,2025-07-26,-0.8520167223334564,-0.9723763948978091,0.03127741704492829,-0.45969843741300853,90,156,130,156,-0.9203949180476716,0.5057965713478502,1.1586108542832625,46161,0,0,0,0,0,0,0,train
4946811,556 Nguyễn Văn Cừ,21.0491,105.8831,2025-07-27,-0.9868018025737463,-0.9564019396474377,-0.1255562223968441,-0.7555316794800961,127,154,151,156,-0.6821996313057679,0.08682337722595349,0.9114299986372503,0,0,0,0,0,1,1,1,train
4946811,556 Nguyễn Văn Cừ,21.0491,105.8831,2025-07-28,-0.8391740912529472,-0.707672356978248,0.0967739458175375,-1.0009602766329622,119,155,147,156,-0.444004344563864,-0.3321498168959432,0.6642491429912379,0,0,0,0,0,1,1,1,train
4946811,556 Nguyễn Văn Cừ,21.0491,105.8831,2025-07-29,-0.1069109356049075,-0.4710382956121773,-0.2822827768030876,-1.5071604610944735,115,57,156,156,-0.20580905782196043,-0.75112301101784,0.4170682873452256,0,0,0,0,0,1,1,1,train
4946811,556 Nguyễn Văn Cừ,21.0491,105.8831,2025-07-30,-0.22132184414258327,-0.5671953854658099,0.9705338106411597,-1.0383987923042026,0,0,143,156,0.032386228919943444,-1.1700962051397368,0.16988743169921317,0,1,1,0,0,1,1,1,train
4946811,556 Nguyễn Văn Cừ,21.0491,105.8831,2025-07-31,-0.33573275268025904,-0.663352475319442,-0.49228661321334716,0.4053919779761489,142,47,154,156,0.270581515661847,-1.5890693992616336,-0.07729342394679932,46161,0,0,0,0,0,0,0,train
4946811,556 Nguyễn Văn Cừ,21.0491,105.8831,2025-08-01,-0.7100511462432568,-0.6827250545227602,-0.9099338337011389,-0.4147499179927945,78,73,134,156,0.23143642991709984,-1.4613000787188415,-0.0734311453894771,0,0,0,0,0,1,1,1,train
4946811,556 Nguyễn Văn Cừ,21.0491,105.8831,2025-08-02,-0.6653469202786444,-0.4149509779725106,-0.18307028214409796,-0.8973428054858655,127,153,154,156,0.19229134417235264,-1.33353075817605,-0.06956886683215477,0,0,0,0,0,1,1,1,train
4946811,556 Nguyễn Văn Cừ,21.0491,105.8831,2025-08-03,-1.0182745459122122,-0.7202604153487091,0.1957103089968674,-0.9077739269821098,137,116,154,156,0.15314625842760546,-1.205761437633258,-0.06570658827483256,0,0,0,0,0,1,1,1,train
4946811,556 Nguyễn Văn Cừ,21.0491,105.8831,2025-08-04,-0.70451461069624,-0.6192837712016204,-0.08466471026396141,-0.07254220718256271,156,5,156,156,0.11400117268285825,-1.0779921170904665,-0.061844309717510204,0,0,0,0,0,1,1,1,train
4946811,556 Nguyễn Văn Cừ,21.0491,105.8831,2025-08-05,-0.7449414379417516,-0.7925610250807787,-0.5817125678302981,0.775473038406503,0,0,0,156,0.07485608693811105,-0.9502227965476745,-0.05798203116018799,46161,1,1,1,0,0,0,0,train
4946811,556 Nguyễn Văn Cừ,21.0491,105.8831,2025-08-06,-0.7853682651872632,-0.9658382789599372,-1.078760425396635,-0.2478959899957188,0,0,0,156,0.3814973213195357,-0.6696362316986514,-0.3657822952183013,0,1,1,1,0,1,1,1,train
4946811,556 Nguyễn Văn Cừ,21.0491,105.8831,2025-08-07,-0.8257950924327748,-1.1391155328390958,-1.5758082829629714,-0.7596021687602781,0,0,1,156,0.6881385557009604,-0.389049666849628,-0.6735825592764145,0,1,1,0,0,1,1,1,train
4946811,556 Nguyễn Văn Cừ,21.0491,105.8831,2025-08-08,-0.8662219196782864,-1.3123927867182543,0.10934286144929413,-1.4479204965732986,80,120,103,156,0.994779790082385,-0.10846310200060467,-0.9813828233345282,0,0,0,0,0,1,1,1,train
4946811,556 Nguyễn Văn Cừ,21.0491,105.8831,2025-08-09,-0.8096618447936758,-1.009614488058535,0.32946118121970314,-1.1168383080290252,116,145,156,156,1.3014210244638098,0.17212346284841848,-1.2891830873926413,0,0,0,0,0,1,1,1,train
4946811,556 Nguyễn Văn Cừ,21.0491,105.8831,2025-08-10,-0.47822375411344603,-0.8489293152086096,0.298667808868141,0.37536264595416785,0,0,0,156,1.6080622588452345,0.4527100276974416,-1.5969833514507545,0,1,1,1,0,1,1,1,train
4946811,556 Nguyễn Văn Cừ,21.0491,105.8831,2025-08-11,-0.14678566343321628,-0.6882441423586848,0.2678744365165789,0.10895290453312724,74,109,100,156,1.9147034932266591,0.733296592546465,-1.9047836155088682,0,0,0,0,0,1,1,1,train
4946811,556 Nguyễn Văn Cừ,21.0491,105.8831,2025-08-12,-0.391791824382579,-0.842623968034293,0.03616416455724055,-0.5360069723290075,117,153,125,156,2.2213447276080838,1.0138831573954883,-2.2125838795669814,46161,0,0,0,0,0,0,0,train
4946811,556 Nguyễn Văn Cừ,21.0491,105.8831,2025-08-13,-0.2585143209503827,-0.7064088330397242,0.10621912735610235,0.04511902233700151,79,79,108,156,1.159459882770301,-0.053239432675128893,-1.1861761003115072,0,0,0,0,0,1,1,1,train
4946811,556 Nguyễn Văn Cừ,21.0491,105.8831,2025-08-14,-0.23216687840850192,-0.920443551967868,0.44487947676830325,-1.4584840839599036,0,0,5,156,0.09757503793251822,-1.120362022745746,-0.15976832105603297,0,1,1,0,0,1,1,1,train
4946811,556 Nguyễn Văn Cừ,21.0491,105.8831,2025-08-15,-0.2058194358666214,-1.1344782708960117,-0.1322248618769989,-1.2257760345616662,0,0,0,156,-0.9643098069052649,-2.1874846128163634,0.8666394581994413,46161,1,1,1,0,0,0,0,train
4946811,556 Nguyễn Văn Cừ,21.0491,105.8831,2025-08-16,-0.17947199332474068,-1.3485129898241555,-0.7093292005223011,0.28584858165023214,0,20,9,156,-0.553868585375783,-1.546068196973658,0.47800457010510417,0,1,0,0,0,1,1,1,train
4946811,556 Nguyễn Văn Cừ,21.0491,105.8831,2025-08-17,-0.15312455078286014,-1.2930105258616245,0.5371404734946198,-0.3462564525462216,0,0,6,156,-0.14342736384630111,-0.9046517811309533,0.08936968201076703,0,1,1,0,0,1,1,1,train
4946811,556 Nguyễn Văn Cừ,21.0491,105.8831,2025-08-18,-0.1267771082409794,-1.2375080618990932,0.3408951280374991,-0.9865751259495047,0,0,0,156,0.26701385768318064,-0.26323536528824826,-0.29926520608357016,0,1,1,1,0,1,1,1,train
4946811,556 Nguyễn Văn Cừ,21.0491,105.8831,2025-08-19,-0.10042966569909864,-1.1820055979365618,0.14464978258037833,-1.327098704369164,0,0,0,156,0.6774550792126627,0.3781810505544569,-0.6879000941779071,0,1,1,1,0,1,1,1,train
4946811,556 Nguyễn Văn Cừ,21.0491,105.8831,2025-08-20,-0.0740822231572179,-1.1265031339740308,-0.051595562876742426,-1.6107041144595657,70,24,137,156,1.0878963007421443,1.0195974663971619,-1.0765349822722445,46161,0,0,0,0,0,0,0,train
4946811,556 Nguyễn Văn Cừ,21.0491,105.8831,2025-08-21,-0.4925534093265534,-1.20345789172528,0.0379823193856865,0.7687308052858144,0,0,0,156,0.7764240525106142,0.4214270527913472,-0.7937043185183367,0,1,1,1,0,1,1,1,train
4946811,556 Nguyễn Văn Cừ,21.0491,105.8831,2025-08-22,-0.9110245954958889,-1.2804126494765296,0.12756020164811538,-0.07027189232404937,84,69,116,156,0.46495180427908434,-0.17674336081446745,-0.5108736547644288,0,0,0,0,0,1,1,1,train
4946811,556 Nguyễn Văn Cừ,21.0491,105.8831,2025-08-23,-0.7037993268416552,-1.3196296180307154,0.26597232534580273,-0.5894073888962487,79,104,90,156,0.15347955604755428,-0.774913774420282,-0.2280429910105209,0,0,0,0,0,1,1,1,train
4946811,556 Nguyễn Văn Cừ,21.0491,105.8831,2025-08-24,-0.5971215781353261,-1.3162158125266257,0.20775434632113082,-0.7935828349634751,0,14,7,156,-0.15799269218397563,-1.3730841880260964,0.05478767274338693,0,1,0,0,0,1,1,1,train
4946811,556 Nguyễn Văn Cừ,21.0491,105.8831,2025-08-25,-0.4904438294289973,-1.276683235710436,0.1609484374015997,-0.9039265632954302,0,0,0,156,-0.46946494041550574,-1.9712546016319115,0.33761833649729484,46161,1,1,1,0,0,0,0,train
4946811,556 Nguyễn Văn Cừ,21.0491,105.8831,2025-08-26,-0.3837660807226682,-1.2371506588942465,0.1141425284820685,0.44262704682344245,0,0,0,156,-0.260436691836461,-1.4666177913329854,0.16537002861603264,0,1,1,1,0,1,1,1,train
4946811,556 Nguyễn Văn Cừ,21.0491,105.8831,2025-08-27,-0.27708833201633937,-1.1976180820780566,0.06733661956253736,0.21888249032293988,0,0,2,156,-0.05140844325741634,-0.9619809810340592,-0.006878279265229483,0,1,1,0,0,1,1,1,train
4946811,556 Nguyễn Văn Cừ,21.0491,105.8831,2025-08-28,-0.17041058331001027,-1.158085505261867,0.04338917760156453,-0.5598633744501511,93,113,111,156,0.1576198053216283,-0.4573441707351336,-0.1791265871464916,0,0,0,0,0,1,1,1,train
4946811,556 Nguyễn Văn Cừ,21.0491,105.8831,2025-08-29,-0.9632055549479517,-1.2805750558018865,-0.6457573650834605,-1.0788344532603287,3,64,19,156,0.36664805390067295,0.04729263956379239,-0.3513748950277538,0,0,0,0,0,1,1,1,train
4946811,556 Nguyễn Văn Cừ,21.0491,105.8831,2025-08-30,-0.9681561489408004,-1.7470735210844344,0.7354251673458105,-1.4738404520955926,0,50,5,156,0.5756763024797179,0.5519294498627182,-0.5236232029090159,46161,1,0,0,0,0,0,0,train
4946811,556 Nguyễn Văn Cừ,21.0491,105.8831,2025-08-31,-0.9731067429336491,-1.7122851589355286,-0.48037337103292427,-1.23568863989014,4,22,34,153,0.059450234878503094,-0.855397752128654,0.004424167220470385,0,0,0,0,0,1,1,1,train
4946811,556 Nguyễn Văn Cừ,21.0491,105.8831,2025-09-01,-1.042329422685634,-1.3455881759932269,-0.7210742044256002,0.422525094137883,0,21,14,156,-0.4567758327227118,-2.2627249541200265,0.5324715373499563,46161,1,0,0,0,0,0,0,train
4946811,556 Nguyễn Văn Cừ,21.0491,105.8831,2025-09-02,-1.111552102437619,-1.1433842556033367,-0.3133612169845978,-0.4029153030684696,36,94,59,156,0.17651157980942747,-1.155531249375886,-0.06611373970286835,0,0,0,0,0,1,1,1,train
4946811,556 Nguyễn Văn Cừ,21.0491,105.8831,2025-09-03,-0.11976523857520417,-1.1140003014250168,0.09293858288252811,-0.8743743667812626,135,154,155,156,0.8097989923415669,-0.0483375446317456,-0.664699016755693,0,0,0,0,0,1,1,1,train
4946811,556 Nguyễn Văn Cừ,21.0491,105.8831,2025-09-04,-0.20403920081324367,-1.2354389153155465,0.12438741937598342,-1.1148645782072713,142,146,156,156,1.443086404873706,1.0588561601123954,-1.2632842938085176,46161,0,0,0,0,0,0,0,train
4946811,556 Nguyễn Văn Cừ,21.0491,105.8831,2025-09-05,-0.12186617873695026,-1.0343343398417326,-0.12798751434695024,-0.8169090151844272,152,145,156,156,1.218861039879436,0.8934585348073593,-1.0296260467817648,0,0,0,0,0,1,1,1,train
4946812,Công viên Nhân Chính - Khuất Duy Tiến,21.0031,105.79470000000002,2024-01-29,0.05337988805673464,0.5402682105426195,0.5963918829979024,0.3805162588912994,0,3,0,156,-0.8372399533799268,0.6791639224290471,0.6739948718153731,0,1,0,1,0,1,1,1,train
4946812,Công viên Nhân Chính - Khuất Duy Tiến,21.0031,105.79470000000002,2024-01-30,0.05337988805673464,0.15422714791170156,0.5963918829979024,0.42367894490513924,0,7,0,156,-0.8372399533799268,0.6791639224290471,0.6739948718153731,0,1,0,1,0,1,1,1,train
4946812,Công viên Nhân Chính - Khuất Duy Tiến,21.0031,105.79470000000002,2024-01-31,0.05337988805673464,0.23501386313740877,0.5963918829979024,-0.4202685138751328,0,28,0,156,-0.8372399533799268,0.6791639224290471,0.6739948718153731,0,1,0,1,0,1,1,1,train
4946812,Công viên Nhân Chính - Khuất Duy Tiến,21.0031,105.79470000000002,2024-02-01,0.05337988805673464,-0.37758061433689516,0.5963918829979024,-0.11322876498512989,0,14,0,156,-0.8372399533799268,0.6791639224290471,0.6739948718153731,0,1,0,1,0,1,1,1,train
4946812,Công viên Nhân Chính - Khuất Duy Tiến,21.0031,105.79470000000002,2024-02-02,0.05337988805673464,-0.3454920698502865,0.5963918829979024,0.6517643199439312,12,156,28,149,-0.8372399533799268,0.6791639224290471,0.6739948718153731,45954,0,0,0,0,0,0,0,train
4946812,Công viên Nhân Chính - Khuất Duy Tiến,21.0031,105.79470000000002,2024-02-03,-0.24330813218790914,-0.19366956426350324,-1.4031710656078047,0.979621519482973,0,30,2,156,-0.8365482158062648,0.49331138820655185,0.6852741383826461,0,1,0,0,0,1,1,1,train
4946812,Công viên Nhân Chính - Khuất Duy Tiến,21.0031,105.79470000000002,2024-02-04,-0.539996152432553,-0.0788413378074367,-0.08842975685519366,-0.24617895016349228,140,151,154,156,-0.8358564782326028,0.3074588539840567,0.6965534049499191,0,0,0,0,0,1,1,1,train
4946812,Công viên Nhân Chính - Khuất Duy Tiến,21.0031,105.79470000000002,2024-02-05,-0.264727699236706,-0.2005146295199154,0.08050083450028461,-0.7363519563538162,87,156,134,156,-0.8351647406589408,0.12160631976156147,0.7078326715171922,0,0,0,0,0,1,1,1,train
4946812,Công viên Nhân Chính - Khuất Duy Tiến,21.0031,105.79470000000002,2024-02-06,-0.4779746734480138,-0.28385457399502384,-0.11983386508399893,0.2921224781590737,0,86,2,156,-0.8344730030852789,-0.06424621446093365,0.7191119380844652,0,1,0,0,0,1,1,1,train
4946812,Công viên Nhân Chính - Khuất Duy Tiến,21.0031,105.79470000000002,2024-02-07,-0.6912216476593218,-0.19967464382367994,-0.12976582479769613,0.7146246106936224,0,10,0,156,-0.8337812655116169,-0.25009874868342885,0.7303912046517381,45954,1,0,1,0,0,0,0,train
4946812,Công viên Nhân Chính - Khuất Duy Tiến,21.0031,105.79470000000002,2024-02-08,-0.9044686218706298,0.47612971182134917,-0.1396977845113933,0.9312826974486372,0,0,0,156,-0.29317688850794354,0.00026010477813774493,0.2150066420640129,0,1,1,1,0,1,1,1,train
4946812,Công viên Nhân Chính - Khuất Duy Tiến,21.0031,105.79470000000002,2024-02-09,-1.1177155960819376,1.1519340674663783,-0.1496297442250905,0.7420051549511144,0,2,0,156,0.2474274884957298,0.25061895823970426,-0.3003779205237123,0,1,0,1,0,1,1,1,train
4946812,Công viên Nhân Chính - Khuất Duy Tiến,21.0031,105.79470000000002,2024-02-10,-1.3309625702932453,1.5831227249340436,-0.1595617039387877,-0.43012683088334613,106,123,136,156,0.7880318654994033,0.5009778117012709,-0.8157624831114376,0,0,0,0,0,1,1,1,train
4946812,Công viên Nhân Chính - Khuất Duy Tiến,21.0031,105.79470000000002,2024-02-11,-1.3466512394563903,1.3258012885719614,1.4024171429679209,-0.5743085468738308,154,75,156,156,1.3286362425030764,0.7513366651628374,-1.3311470456991628,0,0,0,0,0,1,1,1,train
4946812,Công viên Nhân Chính - Khuất Duy Tiến,21.0031,105.79470000000002,2024-02-12,-0.15682780217493425,0.721043768554458,1.8720571076081143,0.03216518112690674,155,146,156,156,1.8692406195067497,1.001695518624404,-1.8465316082868883,45954,0,0,0,0,0,0,0,train
4946812,Công viên Nhân Chính - Khuất Duy Tiến,21.0031,105.79470000000002,2024-02-13,-0.25209199046319003,0.8801217869537616,-0.2786139311564672,1.2711491423283316,42,103,107,156,1.3672172089683936,0.9677477657413847,-1.387420422482228,0,0,0,0,0,1,1,1,train
4946812,Công viên Nhân Chính - Khuất Duy Tiến,21.0031,105.79470000000002,2024-02-14,0.06360327940580468,0.33073023322314826,-0.8712546467726215,0.7789509249828495,0,0,0,156,0.8651937984300377,0.9338000128583656,-0.928309236677567,0,1,1,1,0,1,1,1,train
4946812,Công viên Nhân Chính - Khuất Duy Tiến,21.0031,105.79470000000002,2024-02-15,0.37929854927479895,-0.21866132050746462,-1.4638953623887758,-0.002510423354126431,0,3,1,156,0.36317038789168155,0.8998522599753462,-0.4691980508729061,0,1,0,0,0,1,1,1,train
4946812,Công viên Nhân Chính - Khuất Duy Tiến,21.0031,105.79470000000002,2024-02-16,0.6949938191437937,0.26630851205202793,0.699276310617763,-0.27980277069720927,11,39,24,156,-0.13885302264667437,0.865904507092327,-0.010086865068245394,0,0,0,0,0,1,1,1,train
4946812,Công viên Nhân Chính - Khuất Duy Tiến,21.0031,105.79470000000002,2024-02-17,0.5859507112246853,0.5730126529511248,-0.6444790425592163,0.558974412394168,0,71,36,156,-0.6408764331850303,0.8319567542093078,0.44902432073641574,45954,1,0,0,0,0,0,0,train
4946812,Công viên Nhân Chính - Khuất Duy Tiến,21.0031,105.79470000000002,2024-02-18,0.47690760330557697,0.35550272047367487,4.144812133628,1.1479491753026583,32,50,74,152,-0.8004406880574871,0.49703071340737726,0.6695076766188198,0,0,0,0,0,1,1,1,train
4946812,Công viên Nhân Chính - Khuất Duy Tiến,21.0031,105.79470000000002,2024-02-19,0.16845584057556218,-0.023045833380425935,0.14550871875524843,1.530156866875065,26,133,39,156,-0.9600049429299439,0.16210467260544664,0.8899910325012239,0,0,0,0,0,1,1,1,train
4946812,Công viên Nhân Chính - Khuất Duy Tiến,21.0031,105.79470000000002,2024-02-20,-0.11109277072637334,0.07546430731317792,-0.3045834069694421,0.9031811159078591,13,114,36,156,-1.1195691978024007,-0.1728213681964839,1.110474388383628,0,0,0,0,0,1,1,1,train
4946812,Công viên Nhân Chính - Khuất Duy Tiến,21.0031,105.79470000000002,2024-02-21,1.164295895035046,0.2251366676956988,-0.07328202100253546,0.1188048013054462,18,120,52,156,-1.2791334526748577,-0.5077474089984144,1.3309577442660323,0,0,0,0,0,1,1,1,train
4946812,Công viên Nhân Chính - Khuất Duy Tiến,21.0031,105.79470000000002,2024-02-22,0.9479388696688442,-0.1462520989885256,-0.14553430268169373,0.2999035404414964,0,110,1,156,-1.4386977075473144,-0.842673449800345,1.551441100148436,45954,1,0,0,0,0,0,0,train
4946812,Công viên Nhân Chính - Khuất Duy Tiến,21.0031,105.79470000000002,2024-02-23,0.7315818443026425,0.16066467465337045,-0.02100830864293858,0.15020866850546807,0,0,0,156,-1.2815636201807792,-0.7737361671359799,1.3159606424528891,0,1,1,1,0,1,1,1,train
4946812,Công viên Nhân Chính - Khuất Duy Tiến,21.0031,105.79470000000002,2024-02-24,0.5152248189364403,0.4675814482952665,0.10351768539581656,0.8768388581715237,0,0,0,156,-1.1244295328142437,-0.7047988844716149,1.0804801847573415,0,1,1,1,0,1,1,1,train
4946812,Công viên Nhân Chính - Khuất Duy Tiến,21.0031,105.79470000000002,2024-02-25,0.2988677935702387,0.7744982219371626,0.22804367943457168,0.7062478750989033,0,2,0,156,-0.9672954454477083,-0.6358616018072498,0.8449997270617943,0,1,0,1,0,1,1,1,train
4946812,Công viên Nhân Chính - Khuất Duy Tiến,21.0031,105.79470000000002,2024-02-26,0.08251076820403698,0.7386455597299648,0.35256967347332685,0.9649311836328136,0,6,0,156,-0.810161358081173,-0.566924319142885,0.6095192693662469,0,1,0,1,0,1,1,1,train
4946812,Công viên Nhân Chính - Khuất Duy Tiến,21.0031,105.79470000000002,2024-02-27,-0.13384625716216472,0.8034030024569492,0.4770956675120819,0.5318936334298203,0,14,0,156,-0.6530272707146376,-0.49798703647851994,0.37403881167069963,45954,1,0,1,0,0,0,0,train
4946812,Công viên Nhân Chính - Khuất Duy Tiến,21.0031,105.79470000000002,2024-02-28,-0.3502032825283664,1.1663223679085422,0.6016216615508371,1.1190402565635484,0,83,0,156,-0.5351747999703872,-0.2187550632290921,0.2507088985994818,0,1,0,1,0,1,1,1,train
4946812,Công viên Nhân Chính - Khuất Duy Tiến,21.0031,105.79470000000002,2024-02-29,-0.5665603078945683,1.5144948026613054,0.7261476555895922,1.386114962719267,0,24,0,156,-0.4173223292261367,0.060476910020335665,0.12737898552826396,0,1,0,1,0,1,1,1,train
4946812,Công viên Nhân Chính - Khuất Duy Tiến,21.0031,105.79470000000002,2024-03-01,-0.7829173332607701,1.3488888954227025,0.8506736496283474,0.6291624020549935,0,0,0,156,-0.29946985848188623,0.3397088832697635,0.0040490724570461855,0,1,1,1,0,1,1,1,train
4946812,Công viên Nhân Chính - Khuất Duy Tiến,21.0031,105.79470000000002,2024-03-02,-0.999274358626972,1.1832829881840987,0.9751996436671023,-0.062401310210308356,16,52,42,156,-0.18161738773763572,0.6189408565191913,-0.11928084061417167,0,0,0,0,0,1,1,1,train
4946812,Công viên Nhân Chính - Khuất Duy Tiến,21.0031,105.79470000000002,2024-03-03,-0.2692962291415657,0.9106874482820062,-0.5790931454543259,1.229894975949574,2,20,9,156,-0.06376491699338528,0.8981728297686191,-0.24261075368538954,45954,0,0,0,0,0,0,0,train
4946812,Công viên Nhân Chính - Khuất Duy Tiến,21.0031,105.79470000000002,2024-03-04,-0.3647934746204693,0.769660122504965,0.2289550204916349,1.9801251017089634,1,150,8,156,-0.15645442604943907,0.6937270248946878,-0.16318027777987082,0,0,0,0,0,1,1,1,train
4946812,Công viên Nhân Chính - Khuất Duy Tiến,21.0031,105.79470000000002,2024-03-05,0.5051413972280178,0.8943030909207778,-0.12054665675604273,1.3320686405594855,141,130,75,141,-0.24914393510549285,0.48928122002075664,-0.08374980187435209,0,0,0,0,0,1,1,1,train
4946812,Công viên Nhân Chính - Khuất Duy Tiến,21.0031,105.79470000000002,2024-03-06,-0.5727710726925263,1.055307076523591,-0.3501401183857942,1.0146965522213256,68,99,87,156,-0.34183344416154654,0.2848354151468254,-0.004319325968833507,0,0,0,0,0,1,1,1,train
4946812,Công viên Nhân Chính - Khuất Duy Tiến,21.0031,105.79470000000002,2024-03-07,-0.5920886338852921,1.2090836397446236,0.16765549485437706,1.8227951606685948,0,15,9,156,-0.4345229532176003,0.0803896102728941,0.0751111499366852,0,1,0,0,0,1,1,1,train
4946812,Công viên Nhân Chính - Khuất Duy Tiến,21.0031,105.79470000000002,2024-03-08,-0.6114061950780579,1.2137594692127793,0.2456319594898356,1.3746935123709192,0,0,0,156,-0.527212462273654,-0.12405619460103712,0.15454162584220385,45954,1,1,1,0,0,0,0,train
4946812,Công viên Nhân Chính - Khuất Duy Tiến,21.0031,105.79470000000002,2024-03-09,-0.630723756270824,1.218435298680934,0.32360842412529417,0.9327921994228815,0,10,0,156,-0.5918321651595972,-0.022072904142391044,0.2850054368382843,0,1,0,1,0,1,1,1,train
4946812,Công viên Nhân Chính - Khuất Duy Tiến,21.0031,105.79470000000002,2024-03-10,-0.6500413174635897,1.158712315678774,0.40158488876075266,1.3834273026660544,0,2,0,156,-0.6564518680455403,0.07991038631625523,0.41546924783436473,0,1,0,1,0,1,1,1,train
4946812,Công viên Nhân Chính - Khuất Duy Tiến,21.0031,105.79470000000002,2024-03-11,-0.6693588786563556,1.5153058797589007,0.4795613533962112,1.23965827346655,60,109,140,156,-0.7210715709314833,0.18189367677490131,0.5459330588304452,0,0,0,0,0,1,1,1,train
4946812,Công viên Nhân Chính - Khuất Duy Tiến,21.0031,105.79470000000002,2024-03-12,1.5559560525851643,2.077949571460733,0.5114383672355505,0.5045330366959442,58,139,0,156,-0.7856912738174265,0.2838769672335475,0.6763968698265255,0,0,0,1,0,1,1,1,train
4946812,Công viên Nhân Chính - Khuất Duy Tiến,21.0031,105.79470000000002,2024-03-13,1.478020589036683,1.689726182355377,0.5433153810748897,0.7292041900092125,0,0,0,156,-0.8503109767033695,0.3858602576921937,0.8068606808226061,45954,1,1,1,0,0,0,0,train
4946812,Công viên Nhân Chính - Khuất Duy Tiến,21.0031,105.79470000000002,2024-03-14,1.4000851254882016,1.3015027932500214,0.575192394914229,2.6588160618365952,0,4,0,156,-0.7869686678512112,0.5270494614417565,0.6713926359224758,0,1,0,1,0,1,1,1,train
4946812,Công viên Nhân Chính - Khuất Duy Tiến,21.0031,105.79470000000002,2024-03-15,1.3221496619397204,1.1980520094158498,0.6070694087535683,2.810154937355921,0,117,0,156,-0.7236263589990529,0.6682386651913192,0.5359245910223456,0,1,0,1,0,1,1,1,train
4946812,Công viên Nhân Chính - Khuất Duy Tiến,21.0031,105.79470000000002,2024-03-16,1.2442141983912396,1.7589925483017779,0.6389464225929075,3.0037894908238902,0,0,0,156,-0.6602840501468946,0.809427868940882,0.4004565461222154,0,1,1,1,0,1,1,1,train
4946812,Công viên Nhân Chính - Khuất Duy Tiến,21.0031,105.79470000000002,2024-03-17,1.166278734842758,2.319933087187706,0.6708234364322467,2.800361778276646,0,7,0,156,-0.5969417412947363,0.9506170726904449,0.26498850122208517,0,1,0,1,0,1,1,1,train
4946812,Công viên Nhân Chính - Khuất Duy Tiến,21.0031,105.79470000000002,2024-03-18,1.088343271294277,1.8579240454566364,0.702700450271586,3.207766178332451,0,2,0,156,-0.5335994324425779,1.0918062764400076,0.12952045632195505,45954,1,0,1,0,0,0,0,train
4946812,Công viên Nhân Chính - Khuất Duy Tiến,21.0031,105.79470000000002,2024-03-19,1.0104078077457956,1.6917874199826894,0.7345774641109253,0.32664376461835926,0,3,0,156,-0.6207361771286842,0.9751861236185149,0.3189934033761452,0,1,0,1,0,1,1,1,train
4946812,Công viên Nhân Chính - Khuất Duy Tiến,21.0031,105.79470000000002,2024-03-20,0.9324723441973145,3.5187933995667375,0.7664544779502646,-0.2756004724810369,0,81,0,156,-0.7078729218147904,0.8585659707970221,0.5084663504303354,0,1,0,1,0,1,1,1,train
4946812,Công viên Nhân Chính - Khuất Duy Tiến,21.0031,105.79470000000002,2024-03-21,0.8545368806488332,2.0587711707690115,0.7983314917896038,1.0775627256987896,137,50,59,139,-0.7950096665008964,0.7419458179755293,0.6979392974845255,0,0,0,0,0,1,1,1,train
4946812,Công viên Nhân Chính - Khuất Duy Tiến,21.0031,105.79470000000002,2024-03-22,0.45797046959886206,1.1403774460774614,0.7476375514780188,1.4376154075236343,0,3,0,156,-0.8821464111870029,0.6253256651540364,0.8874122445387156,0,1,0,1,0,1,1,1,train
4946812,Công viên Nhân Chính - Khuất Duy Tiến,21.0031,105.79470000000002,2024-03-23,0.061404058548891416,0.7132170381962277,0.6969436111664339,1.1754572881542944,0,0,0,0,-0.969283155873109,0.5087055123325436,1.0768851915929059,45954,1,1,1,1,0,0,0,train
4946812,Công viên Nhân Chính - Khuất Duy Tiến,21.0031,105.79470000000002,2024-03-24,-0.3351623525010797,0.2860566303149946,0.6462496708548489,0.9132991687849542,0,57,1,156,-0.9500115317342162,0.33107700606021984,1.006215293081156,0,1,0,0,0,1,1,1,train
4946812,Công viên Nhân Chính - Khuất Duy Tiến,21.0031,105.79470000000002,2024-03-25,-0.7317287635510508,0.2229911587761325,0.040387005780217616,-0.10182717257571133,79,156,145,156,-0.9307399075953233,0.15344849978789604,0.9355453945694066,0,0,0,0,0,1,1,1,train
4946812,Công viên Nhân Chính - Khuất Duy Tiến,21.0031,105.79470000000002,2024-03-26,-0.09891010889232568,0.717256742133061,-0.882977242937462,-0.4259215465109439,0,118,31,156,-0.9114682834564305,-0.024180006484427863,0.8648754960576568,0,1,0,0,0,1,1,1,train
4946812,Công viên Nhân Chính - Khuất Duy Tiến,21.0031,105.79470000000002,2024-03-27,0.5339085457663995,0.7455800780085737,-0.7189968779963433,0.9981550981242144,12,25,51,156,-0.8921966593175378,-0.20180851275675157,0.7942055975459071,0,0,0,0,0,1,1,1,train
4946812,Công viên Nhân Chính - Khuất Duy Tiến,21.0031,105.79470000000002,2024-03-28,0.24292528852375292,2.5384270029093186,-0.429019477085748,2.169426861933511,0,4,0,156,-0.872925035178645,-0.37943701902907545,0.7235356990341575,45954,1,0,1,0,0,0,0,train
4946812,Công viên Nhân Chính - Khuất Duy Tiến,21.0031,105.79470000000002,2024-03-29,-0.0480579687188936,1.2026157498836325,-0.13904207617515268,0.7372420267333937,2,11,3,156,-0.5455054026513394,-0.1234533375665755,0.45467979343805465,0,0,0,0,0,1,1,1,train
4946812,Công viên Nhân Chính - Khuất Duy Tiến,21.0031,105.79470000000002,2024-03-30,-0.2665615814853799,0.7640622178293507,-0.44981605321727675,1.2754207193690392,4,77,24,156,-0.21808577012403393,0.13253034389592455,0.18582388784195178,0,0,0,0,0,1,1,1,train
4946812,Công viên Nhân Chính - Khuất Duy Tiến,21.0031,105.79470000000002,2024-03-31,0.45635518154696936,2.1609897937669515,-0.5099124449327151,1.0250256068976298,151,65,156,156,0.10933386240327146,0.3885140253584246,-0.08303201775415102,0,0,0,0,0,1,1,1,train
4946812,Công viên Nhân Chính - Khuất Duy Tiến,21.0031,105.79470000000002,2024-04-01,0.1468623369952584,2.2116578400527724,0.4634110369508429,1.9348113753818252,148,0,156,156,0.4367534949305769,0.6444977068209246,-0.3518879233502538,0,0,1,0,0,1,1,1,train
4946812,Công viên Nhân Chính - Khuất Duy Tiến,21.0031,105.79470000000002,2024-04-02,0.8861288802525196,2.262325886338592,0.9209236591091805,1.8789888874964642,156,78,156,156,0.7641731274578824,0.9004813882834247,-0.6207438289463567,45954,0,0,0,0,0,0,0,train
4946812,Công viên Nhân Chính - Khuất Duy Tiến,21.0031,105.79470000000002,2024-04-03,0.7071376592574612,2.4566009417458328,-0.06519445538133796,1.8757854585392133,156,63,156,156,0.4076604627050315,0.5245597421697308,-0.3190194187430992,0,0,0,0,0,1,1,1,train
4946812,Công viên Nhân Chính - Khuất Duy Tiến,21.0031,105.79470000000002,2024-04-04,0.6301019179764323,1.6566460183910043,-0.1414970142779082,2.92045638171566,13,155,56,156,0.0511477979521806,0.14863809605603692,-0.017295008539841505,0,0,0,0,0,1,1,1,train
4946812,Công viên Nhân Chính - Khuất Duy Tiến,21.0031,105.79470000000002,2024-04-05,0.4489508898972215,3.8960658842413918,-0.12566752850609406,4.376716145949829,0,51,12,156,-0.3053648668006703,-0.22728355005765682,0.284429401663416,0,1,0,0,0,1,1,1,train
4946812,Công viên Nhân Chính - Khuất Duy Tiến,21.0031,105.79470000000002,2024-04-06,0.26779986181801063,2.6601343849503767,1.4454081857744632,3.3672307432922435,0,46,4,156,-0.6618775315535212,-0.6032051961713507,0.5861538118666737,0,1,0,0,0,1,1,1,train
4946812,Công viên Nhân Chính - Khuất Duy Tiến,21.0031,105.79470000000002,2024-04-07,0.08664883373879978,1.4151517670598217,1.1949270106127985,2.857419818163715,0,61,0,156,-1.0183901963063722,-0.9791268422850445,0.8878782220699313,45954,1,0,1,0,0,0,0,train
4946812,Công viên Nhân Chính - Khuất Duy Tiến,21.0031,105.79470000000002,2024-04-08,-0.09450219434041107,1.7425124652978985,0.9444458354511336,2.8806850807975755,0,0,0,156,-0.9499912497017198,-0.7024867397990571,0.8246686395752988,0,1,1,1,0,1,1,1,train
4946812,Công viên Nhân Chính - Khuất Duy Tiến,21.0031,105.79470000000002,2024-04-09,-0.2756532224196219,2.069873163535976,0.6939646602894688,1.9236013448945586,0,5,0,156,-0.8815923030970673,-0.4258466373130698,0.7614590570806665,0,1,0,1,0,1,1,1,train
4946812,Công viên Nhân Chính - Khuất Duy Tiến,21.0031,105.79470000000002,2024-04-10,-0.4568042504988328,1.5277851218005303,0.443483485127804,-0.013543972008202471,0,7,0,156,-0.8131933564924148,-0.14920653482708254,0.698249474586034,0,1,0,1,0,1,1,1,train
4946812,Công viên Nhân Chính - Khuất Duy Tiến,21.0031,105.79470000000002,2024-04-11,-0.6379552785780436,2.2780347097486606,0.19300230996613948,1.1464818975775055,0,110,31,156,-0.7447944098877624,0.12743356765890493,0.6350398920914015,0,1,0,0,0,1,1,1,train
4946812,Công viên Nhân Chính - Khuất Duy Tiến,21.0031,105.79470000000002,2024-04-12,-0.8191063066572545,1.587953188132643,-0.10328943640422257,1.8415196741391797,14,18,24,156,-0.67639546328311,0.4040736701448922,0.5718303095967692,45954,0,0,0,0,0,0,0,train
4946812,Công viên Nhân Chính - Khuất Duy Tiến,21.0031,105.79470000000002,2024-04-13,0.1666231001421936,1.0623686835471504,-1.618671507470565,0.9466533394111059,10,16,13,156,-0.755559366959911,0.2837950037915375,0.642527017318518,0,0,0,0,0,1,1,1,train
4946812,Công viên Nhân Chính - Khuất Duy Tiến,21.0031,105.79470000000002,2024-04-14,-0.31157752302833813,1.7266779167560184,0.0546516767308125,2.038005529021763,5,28,7,156,-0.834723270636712,0.16351633743818278,0.7132237250402669,0,0,0,0,0,1,1,1,train
4946812,Công viên Nhân Chính - Khuất Duy Tiến,21.0031,105.79470000000002,2024-04-15,-0.22762149291864014,1.5340059249599753,0.056923137666330184,2.317346708015783,0,14,0,156,-0.9138871743135131,0.043237671084828184,0.7839204327620158,0,1,0,1,0,1,1,1,train
4946812,Công viên Nhân Chính - Khuất Duy Tiến,21.0031,105.79470000000002,2024-04-16,-0.14366546280894193,1.1528831422140735,0.059194598601847864,0.36930787825534983,155,111,156,156,-0.9930510779903141,-0.07704099526852641,0.8546171404837647,0,0,0,0,0,1,1,1,train
4946812,Công viên Nhân Chính - Khuất Duy Tiến,21.0031,105.79470000000002,2024-04-17,-0.07685861050623065,1.380122727191134,0.024888292880391513,1.6767536068549669,4,84,26,156,-1.072214981667115,-0.1973196616218812,0.9253138482055135,45954,0,0,0,0,0,0,0,train
4946812,Công viên Nhân Chính - Khuất Duy Tiến,21.0031,105.79470000000002,2024-04-18,0.992086549479982,1.75222220904562,0.21560252008366465,1.0186631829878297,155,79,156,156,-1.0439623288074,-0.1780710081044367,0.9177208253078122,0,0,0,0,0,1,1,1,train
4946812,Công viên Nhân Chính - Khuất Duy Tiến,21.0031,105.79470000000002,2024-04-19,0.9464245942109596,1.4944087810614528,-0.033032094632796424,0.17449920548471373,50,46,59,156,-1.015709675947685,-0.158822354586992,0.9101278024101109,0,0,0,0,0,1,1,1,train
4946812,Công viên Nhân Chính - Khuất Duy Tiến,21.0031,105.79470000000002,2024-04-20,-0.48567695351877077,1.0711416250654668,0.3970034306960217,-0.2513581395287334,156,106,156,156,-0.9874570230879697,-0.1395737010695475,0.9025347795124097,0,0,0,0,0,1,1,1,train
4946812,Công viên Nhân Chính - Khuất Duy Tiến,21.0031,105.79470000000002,2024-04-21,-0.304430012953915,1.2042662672322053,0.3475841228607632,1.283782076259174,1,156,72,156,-0.9592043702282546,-0.12032504755210281,0.8949417566147085,0,0,0,0,0,1,1,1,train
4946812,Công viên Nhân Chính - Khuất Duy Tiến,21.0031,105.79470000000002,2024-04-22,-0.1342694646616547,1.1162627658072324,-0.11328721812287268,1.4496423309091686,0,126,0,144,-0.9309517173685394,-0.10107639403465832,0.8873487337170073,45954,1,0,1,0,0,0,0,train
4946812,Công viên Nhân Chính - Khuất Duy Tiến,21.0031,105.79470000000002,2024-04-23,0.035891083630605565,1.10724328303262,-0.5741585591065086,1.622524531933912,3,89,46,156,-0.2602863515166364,0.10447360989870536,0.2402155944781483,0,0,0,0,0,1,1,1,train
4946812,Công viên Nhân Chính - Khuất Duy Tiến,21.0031,105.79470000000002,2024-04-24,0.2869276786807096,1.1983498225263385,-0.39566015413681255,0.45257650131979404,0,4,0,156,0.4103790143352666,0.31002361383206906,-0.4069175447607107,0,1,0,1,0,1,1,1,train
4946812,Công viên Nhân Chính - Khuất Duy Tiến,21.0031,105.79470000000002,2024-04-25,0.5379642737308137,1.1106479523286497,-0.21716174916711645,-0.24134066039346327,142,132,154,156,1.0810443801871699,0.5155736177654329,-1.0540506839995698,0,0,0,0,0,1,1,1,train
4946812,Công viên Nhân Chính - Khuất Duy Tiến,21.0031,105.79470000000002,2024-04-26,-0.18474569386290965,0.5544421509986591,0.6081997262466242,-0.39331606497476757,155,71,156,156,1.7517097460390727,0.7211236216987965,-1.7011838232384289,0,0,0,0,0,1,1,1,train
4946812,Công viên Nhân Chính - Khuất Duy Tiến,21.0031,105.79470000000002,2024-04-27,-0.26676913813420966,0.7665704478450206,0.7729167673926326,0.7811284002441735,156,26,156,156,2.4223751118909753,0.9266736256321603,-2.3483169624772873,45954,0,0,0,0,0,0,0,train
4946812,Công viên Nhân Chính - Khuất Duy Tiến,21.0031,105.79470000000002,2024-04-28,-0.2281707060804879,1.0738050342568355,0.4868188094038456,1.5777965700128427,156,24,156,156,1.8275680758667996,0.5694663604648244,-1.8084857447321085,0,0,0,0,0,1,1,1,train
4946812,Công viên Nhân Chính - Khuất Duy Tiến,21.0031,105.79470000000002,2024-04-29,0.015784731051267244,2.234048913309953,0.49474949759922915,1.3379776465073288,156,148,156,156,1.2327610398426232,0.21225909529748846,-1.2686545269869298,0,0,0,0,0,1,1,1,train
4946812,Công viên Nhân Chính - Khuất Duy Tiến,21.0031,105.79470000000002,2024-04-30,0.15089167633928352,2.6937965390042784,0.4769584277047209,1.474878098316055,156,88,156,156,0.6379540038184474,-0.14494816986984732,-0.7288233092417513,0,0,0,0,0,1,1,1,train
4946812,Công viên Nhân Chính - Khuất Duy Tiến,21.0031,105.79470000000002,2024-05-01,0.028170318838739595,2.1008909080749736,0.42326753280340385,1.9593673741845237,0,0,0,156,0.04314696779427127,-0.5021554350371834,-0.18899209149657245,0,1,1,1,0,1,1,1,train
4946812,Công viên Nhân Chính - Khuất Duy Tiến,21.0031,105.79470000000002,2024-05-02,-0.09455103866180432,1.5079852771456697,0.3695766379020868,1.4105691933176483,0,0,0,156,-0.5516600682299047,-0.8593627002045192,0.35083912624860625,45954,1,1,1,0,0,0,0,train
4946812,Công viên Nhân Chính - Khuất Duy Tiến,21.0031,105.79470000000002,2024-05-03,-0.21727239616234822,0.9150796462163648,0.31588574300076966,1.409424898250328,0,14,0,156,-0.6305804797183502,-0.643363879828197,0.4700477525763023,0,1,0,1,0,1,1,1,train
4946812,Công viên Nhân Chính - Khuất Duy Tiến,21.0031,105.79470000000002,2024-05-04,-0.33999375366289214,0.2543046255521288,0.2621948480994526,0.8845555039316103,127,143,150,156,-0.7095008912067958,-0.42736505945187486,0.5892563789039984,0,0,0,0,0,1,1,1,train
4946812,Công viên Nhân Chính - Khuất Duy Tiến,21.0031,105.79470000000002,2024-05-05,-0.6108584789629439,0.9955287308278141,-0.7694095219240138,0.971811347309764,13,19,15,156,-0.7884213026952415,-0.21136623907555277,0.7084650052316946,0,0,0,0,0,1,1,1,train
4946812,Công viên Nhân Chính - Khuất Duy Tiến,21.0031,105.79470000000002,2024-05-06,0.8848515695309946,0.3038163278924871,-0.054286968320142744,-0.9735851074566839,14,68,33,156,-0.8673417141836871,0.004632581300769499,0.8276736315593908,0,0,0,0,0,1,1,1,train
4946812,Công viên Nhân Chính - Khuất Duy Tiến,21.0031,105.79470000000002,2024-05-07,0.024664057772907682,0.710532493001138,0.1589127325422385,-0.6125760792376327,0,56,3,156,-0.9462621256721326,0.22063140167709178,0.9468822578870868,45954,1,0,0,0,0,0,0,train
4946812,Công viên Nhân Chính - Khuất Duy Tiến,21.0031,105.79470000000002,2024-05-08,-0.8355234539851791,-0.18692431548917285,-4.424682521116779,-0.7575152038942842,9,96,5,138,-0.9708727527882323,0.25075722525850197,1.0256156747437095,0,0,0,0,0,1,1,1,train
4946812,Công viên Nhân Chính - Khuất Duy Tiến,21.0031,105.79470000000002,2024-05-09,-1.2279132315167416,0.11960064664289485,-0.7377277937928592,0.47198500880563243,26,78,43,156,-0.9954833799043318,0.2808830488399121,1.1043490916003322,0,0,0,0,0,1,1,1,train
4946812,Công viên Nhân Chính - Khuất Duy Tiến,21.0031,105.79470000000002,2024-05-10,-0.4043110679949547,-0.03784839949550053,-0.33797269314623063,-0.48062930227566114,43,74,59,156,-1.0200940070204314,0.3110088724213224,1.183082508456955,0,0,0,0,0,1,1,1,train
4946812,Công viên Nhân Chính - Khuất Duy Tiến,21.0031,105.79470000000002,2024-05-11,-0.0708848865656524,0.12236469048423163,-0.7384117240186893,-1.0392420828235431,75,87,106,156,-1.044704634136531,0.34113469600273255,1.2618159253135777,0,0,0,0,0,1,1,1,train
4946812,Công viên Nhân Chính - Khuất Duy Tiến,21.0031,105.79470000000002,2024-05-12,0.12348125812032892,-0.3318406659507306,-0.21982323934941048,-1.2073334142391894,58,70,92,156,-1.0693152612526304,0.37126051958414275,1.3405493421702006,45954,0,0,0,0,0,0,0,train
4946812,Công viên Nhân Chính - Khuất Duy Tiến,21.0031,105.79470000000002,2024-05-13,-0.24624513488986696,0.42412437012595866,-0.6731035039729076,-0.818426221441745,0,83,13,156,-0.704117057223155,0.4200676354096806,1.0000625130511298,0,1,0,0,0,1,1,1,train
4946812,Công viên Nhân Chính - Khuất Duy Tiến,21.0031,105.79470000000002,2024-05-14,-0.6159715279000628,0.4814784843756868,0.05224475770224711,0.4642877282686971,79,119,116,156,-0.3389188531936795,0.46887475123521843,0.6595756839320591,0,0,0,0,0,1,1,1,train
4946812,Công viên Nhân Chính - Khuất Duy Tiến,21.0031,105.79470000000002,2024-05-15,-0.8537203107689592,0.3970236497946702,-0.2866795192863899,0.16231494899281348,0,2,0,156,0.026279350835796078,0.5176818670607564,0.3190888548129885,0,1,0,1,0,1,1,1,train
4946812,Công viên Nhân Chính - Khuất Duy Tiến,21.0031,105.79470000000002,2024-05-16,-1.0914690936378555,0.30751035589751385,-0.6256037962750269,-0.7112730218721273,16,30,19,156,0.39147755486527147,0.5664889828862941,-0.02139797430608212,0,0,0,0,0,1,1,1,train
4946812,Công viên Nhân Chính - Khuất Duy Tiến,21.0031,105.79470000000002,2024-05-17,-1.521301849568363,0.3162052987440343,-0.4514175030047718,-0.6870264485779772,1,51,20,156,0.756675758894747,0.615296098711832,-0.3618848034251529,45954,0,0,0,0,0,0,0,train
4946812,Công viên Nhân Chính - Khuất Duy Tiến,21.0031,105.79470000000002,2024-05-18,-1.3272645635488531,-0.3029667030879791,1.3956351449832236,-1.401536054068346,0,77,4,156,0.37408814121216294,0.469411401934223,-0.011117170726832808,0,1,0,0,0,1,1,1,train
4946812,Công viên Nhân Chính - Khuất Duy Tiến,21.0031,105.79470000000002,2024-05-19,-1.1332272775293433,-0.015590869418815425,0.42523122746295844,0.8839319347876703,0,0,26,156,-0.008499476470421175,0.3235267051566142,0.33965046197148724,0,1,1,0,0,1,1,1,train
4946812,Công viên Nhân Chính - Khuất Duy Tiến,21.0031,105.79470000000002,2024-05-20,-0.9391899915098333,0.2717849642503477,0.41452686358567237,0.23859547003068013,0,0,0,156,-0.3910870941530053,0.17764200837900515,0.6904180946698073,0,1,1,1,0,1,1,1,train
4946812,Công viên Nhân Chính - Khuất Duy Tiến,21.0031,105.79470000000002,2024-05-21,-0.7451527054903233,0.5591607979195113,0.4038224997083864,-0.5858549977219647,57,97,74,156,-0.7736747118355893,0.03175731160139634,1.0411857273681273,0,0,0,0,0,1,1,1,train
4946812,Công viên Nhân Chính - Khuất Duy Tiến,21.0031,105.79470000000002,2024-05-22,-0.7469312731308739,0.1295528408074848,-0.21080280698786905,-1.3015010148272066,15,44,59,156,-1.1562623295181733,-0.11412738517621268,1.3919533600664475,45954,0,0,0,0,0,0,0,train
4946812,Công viên Nhân Chính - Khuất Duy Tiến,21.0031,105.79470000000002,2024-05-23,-0.7235384589319733,0.0037428922636892933,1.704451038021827,-1.1984947501372578,0,0,3,156,-0.8207929638595626,-0.04759071174279969,1.0407062762255102,0,1,1,0,0,1,1,1,train
4946812,Công viên Nhân Chính - Khuất Duy Tiến,21.0031,105.79470000000002,2024-05-24,-0.7001456447330727,-0.12206705628010622,1.1693614996945454,0.06577017394559384,15,108,32,138,-0.4853235982009519,0.01894596169061329,0.6894591923845726,0,0,0,0,0,1,1,1,train
4946812,Công viên Nhân Chính - Khuất Duy Tiến,21.0031,105.79470000000002,2024-05-25,-0.4388512347169169,-1.0778338718335592,0.5643944639026824,0.17399137975624682,0,8,0,156,-0.14985423254234115,0.08548263512402628,0.3382121085436351,0,1,0,1,0,1,1,1,train
4946812,Công viên Nhân Chính - Khuất Duy Tiến,21.0031,105.79470000000002,2024-05-26,-0.1775568247007611,-1.1631277375816143,-0.04057257188918075,-0.6333338067620723,77,30,100,156,0.1856151331162696,0.15201930855743925,-0.013034975297302345,0,0,0,0,0,1,1,1,train
4946812,Công viên Nhân Chính - Khuất Duy Tiến,21.0031,105.79470000000002,2024-05-27,-0.6158666077603429,-0.9124316883985623,-0.2824320260626178,-0.7108432542675118,82,58,84,156,0.5210844987748803,0.21855598199085233,-0.36428205913823963,45954,0,0,0,0,0,0,0,train
4946812,Công viên Nhân Chính - Khuất Duy Tiến,21.0031,105.79470000000002,2024-05-28,-0.6342708943245854,-0.5277449663415009,-0.9157819859878522,-1.1314203061311616,0,3,6,156,0.2362617220162063,0.2697770538804255,-0.06576309695009289,0,1,0,0,0,1,1,1,train
4946812,Công viên Nhân Chính - Khuất Duy Tiến,21.0031,105.79470000000002,2024-05-29,-0.6526751808888279,-0.39115074689311735,0.49263486757631636,-0.8877849555175107,92,111,148,156,-0.048561054742467614,0.32099812576999864,0.23275586523805386,0,0,0,0,0,1,1,1,train
4946812,Công viên Nhân Chính - Khuất Duy Tiến,21.0031,105.79470000000002,2024-05-30,-0.8557391670970912,-0.206118806815984,-0.24600056670470172,0.8423860806683701,21,115,72,156,-0.33338383150114165,0.3722191976595718,0.5312748274262006,0,0,0,0,0,1,1,1,train
4946812,Công viên Nhân Chính - Khuất Duy Tiến,21.0031,105.79470000000002,2024-05-31,-0.8456018136457482,-0.10881737281254486,2.5650382457603156,0.07801593779044069,0,24,2,156,-0.6182066082598155,0.4234402695491449,0.8297937896143474,0,1,0,0,0,1,1,1,train
4946812,Công viên Nhân Chính - Khuất Duy Tiến,21.0031,105.79470000000002,2024-06-01,-0.8354644601944052,0.1472615392534213,-0.4406601605823809,-1.1712417744739096,52,104,76,156,-0.9030293850184897,0.474661341438718,1.128312751802494,45954,0,0,0,0,0,0,0,train
4946812,Công viên Nhân Chính - Khuất Duy Tiến,21.0031,105.79470000000002,2024-06-02,-0.8398792256381513,-0.15998177428250626,-0.06376698825228394,-1.1802494550184568,108,134,141,156,-0.8717160070001714,0.15928916138107,1.0134405430173474,0,0,0,0,0,1,1,1,train
4946812,Công viên Nhân Chính - Khuất Duy Tiến,21.0031,105.79470000000002,2024-06-03,-0.23556789310166948,-0.28796368584084686,0.46647435038548235,-1.4449960940541744,57,11,112,156,-0.8404026289818531,-0.1560830186765782,0.8985683342322006,0,0,0,0,0,1,1,1,train
4946812,Công viên Nhân Chính - Khuất Duy Tiến,21.0031,105.79470000000002,2024-06-04,0.035159370322461206,-0.31832923694032317,-0.5123717610912722,0.5969496597861814,0,0,15,156,-0.8090892509635349,-0.4714551987342264,0.7836961254470538,0,1,1,0,0,1,1,1,train
4946812,Công viên Nhân Chính - Khuất Duy Tiến,21.0031,105.79470000000002,2024-06-05,0.3058866337465919,-0.34869478803980003,0.7436363767044831,0.2532658732880046,0,0,0,156,-0.7777758729452166,-0.7868273787918745,0.6688239166619071,0,1,1,1,0,1,1,1,train
4946812,Công viên Nhân Chính - Khuất Duy Tiến,21.0031,105.79470000000002,2024-06-06,0.5766138971707226,-0.3790603391392769,1.9996445145002384,-0.3326792362923418,0,0,1,156,-0.7464624949268984,-1.1021995588495224,0.5539517078767604,45954,1,1,0,0,0,0,0,train
4946812,Công viên Nhân Chính - Khuất Duy Tiến,21.0031,105.79470000000002,2024-06-07,0.8473411605948533,-0.40942589023875325,-0.6341107366172962,-1.0459424201723255,5,90,10,156,-0.6943525221603358,-1.1057978856219464,0.5952632500156231,0,0,0,0,0,1,1,1,train
4946812,Công viên Nhân Chính - Khuất Duy Tiến,21.0031,105.79470000000002,2024-06-08,0.48898074602159153,-0.40962170508612233,-1.0316220633160924,-1.5983092966265005,0,0,7,156,-0.6422425493937735,-1.1093962123943697,0.6365747921544859,0,1,1,0,0,1,1,1,train
4946812,Công viên Nhân Chính - Khuất Duy Tiến,21.0031,105.79470000000002,2024-06-09,0.1306203314483298,-0.4098175199334909,-0.8461309128875503,-0.21183803407271293,0,0,0,144,-0.5901325766272111,-1.1129945391667935,0.6778863342933487,0,1,1,1,0,1,1,1,train
4946812,Công viên Nhân Chính - Khuất Duy Tiến,21.0031,105.79470000000002,2024-06-10,-0.22774008312493194,-0.41001333478086,-0.6606397624590081,0.37899879134531167,0,3,0,156,-0.5380226038606486,-1.116592865939217,0.7191978764322113,0,1,0,1,0,1,1,1,train
4946812,Công viên Nhân Chính - Khuất Duy Tiến,21.0031,105.79470000000002,2024-06-11,-0.5861004976981937,-0.5652934178536229,-0.4751486120304661,-0.4694595251743744,58,54,86,156,-0.4859126310940861,-1.1201911927116408,0.7605094185710742,45954,0,0,0,0,0,0,0,train
4946812,Công viên Nhân Chính - Khuất Duy Tiến,21.0031,105.79470000000002,2024-06-12,-0.9640270276259293,-0.7483991180046247,-0.45747429029066633,-0.5842080728380176,109,119,128,156,-0.10014950909828217,-0.8980624059197536,0.3436884922677081,0,0,0,0,0,1,1,1,train
4946812,Công viên Nhân Chính - Khuất Duy Tiến,21.0031,105.79470000000002,2024-06-13,-1.1814035418177204,-0.6769206988172626,-0.006734456501691236,-0.933878665851914,90,9,132,156,0.2856136128975219,-0.6759336191278661,-0.07313243403565808,0,0,0,0,0,1,1,1,train
4946812,Công viên Nhân Chính - Khuất Duy Tiến,21.0031,105.79470000000002,2024-06-14,-1.0729450433349241,-0.638803711531951,-0.4446230859932022,-1.3454245062599248,0,0,22,156,0.6713767348933258,-0.45380483233597885,-0.48995336033902415,0,1,1,0,0,1,1,1,train
4946812,Công viên Nhân Chính - Khuất Duy Tiến,21.0031,105.79470000000002,2024-06-15,-0.9644865448521274,-0.6006867242466395,-0.3101457632037783,0.5099781880658067,0,0,0,156,1.05713985688913,-0.23167604554409144,-0.9067742866423902,0,1,1,1,0,1,1,1,train
4946812,Công viên Nhân Chính - Khuất Duy Tiến,21.0031,105.79470000000002,2024-06-16,-0.856028046369331,-0.562569736961328,-0.17566844041435437,-0.272733643054027,80,47,96,156,1.4429029788849341,-0.009547258752204026,-1.3235952129457562,45954,0,0,0,0,0,0,0,train
4946812,Công viên Nhân Chính - Khuất Duy Tiến,21.0031,105.79470000000002,2024-06-17,-0.6381875745584881,-0.3548347289398473,-0.49809532229878845,-0.4292442425480194,137,110,155,156,1.1034014360551596,-0.4130219302826273,-0.9873146793349304,0,0,0,0,0,1,1,1,train
4946812,Công viên Nhân Chính - Khuất Duy Tiến,21.0031,105.79470000000002,2024-06-18,1.3880508432587713,0.026825590107120347,-0.5733856258551667,-1.3754332263385287,64,11,110,156,0.7638998932253848,-0.8164966018130503,-0.6510341457241043,0,0,0,0,0,1,1,1,train
4946812,Công viên Nhân Chính - Khuất Duy Tiến,21.0031,105.79470000000002,2024-06-19,-0.4190101638935092,-0.35189450628040503,0.2353450516637481,-1.0072933167654594,121,104,156,156,0.4243983503956103,-1.2199712733434733,-0.3147536121132783,0,0,0,0,0,1,1,1,train
4946812,Công viên Nhân Chính - Khuất Duy Tiến,21.0031,105.79470000000002,2024-06-20,-0.6378443956250626,-0.9257560978663668,-0.954519907471094,1.2522978963873475,11,13,86,156,0.08489680756583551,-1.6234459448738967,0.0215269214975477,0,0,0,0,0,1,1,1,train
4946812,Công viên Nhân Chính - Khuất Duy Tiến,21.0031,105.79470000000002,2024-06-21,-0.44301924118635194,-0.7893784201851305,-1.797266322693289,0.24812287240357525,0,4,5,156,-0.25460473526393906,-2.0269206164043196,0.3578074551083735,45954,1,0,0,0,0,0,0,train
4946812,Công viên Nhân Chính - Khuất Duy Tiến,21.0031,105.79470000000002,2024-06-22,-0.24819408674764132,-0.6021390631517245,-0.42667912718055584,-0.5377850491945744,19,2,84,156,-0.347638712196459,-2.168117046473914,0.4281297234049213,0,0,0,0,0,1,1,1,train
4946812,Công viên Nhân Chính - Khuất Duy Tiến,21.0031,105.79470000000002,2024-06-23,0.4433648756869751,-1.06891611459943,0.14303319274333842,-1.2319779227125438,5,78,24,156,-0.44067268912897894,-2.3093134765435086,0.4984519917014691,0,0,0,0,0,1,1,1,train
4946812,Công viên Nhân Chính - Khuất Duy Tiến,21.0031,105.79470000000002,2024-06-24,0.2788756288648485,-1.067320323591673,0.0026408563827336087,-1.3593180161816818,0,0,0,156,-0.5337066660614989,-2.450509906613103,0.5687742599980169,0,1,1,1,0,1,1,1,train
4946812,Công viên Nhân Chính - Khuất Duy Tiến,21.0031,105.79470000000002,2024-06-25,0.11438638204272189,-1.0657245325839166,-0.13775147997787124,-0.5812886870613604,0,0,0,148,-0.6267406429940188,-2.591706336682698,0.6390965282945646,0,1,1,1,0,1,1,1,train
4946812,Công viên Nhân Chính - Khuất Duy Tiến,21.0031,105.79470000000002,2024-06-26,-0.0501028647794047,-1.0641287415761598,-0.278143816338476,0.2709383620524273,0,11,0,156,-0.7197746199265388,-2.7329027667522925,0.7094187965911126,45954,1,0,1,0,0,0,0,train
4946812,Công viên Nhân Chính - Khuất Duy Tiến,21.0031,105.79470000000002,2024-06-27,-0.21459211160153105,-1.174500816641449,-0.4185361526990809,-0.420767799196782,64,103,86,156,-0.552048155552653,-2.076523990404732,0.536162631947026,0,0,0,0,0,1,1,1,train
4946812,Công viên Nhân Chính - Khuất Duy Tiến,21.0031,105.79470000000002,2024-06-28,0.3509016872109796,-1.2442804465749704,-0.8812356953643169,-1.034377753771189,27,29,44,156,-0.3843216911787672,-1.420145214057171,0.3629064673029394,0,0,0,0,0,1,1,1,train
4946812,Công viên Nhân Chính - Khuất Duy Tiến,21.0031,105.79470000000002,2024-06-29,0.1900276496650653,-1.2629640829645499,-0.7320226231107569,-1.6999011982796912,0,0,90,156,-0.2165952268048814,-0.7637664377096101,0.18965030265885274,0,1,1,0,0,1,1,1,train
4946812,Công viên Nhân Chính - Khuất Duy Tiến,21.0031,105.79470000000002,2024-06-30,0.029153612119151007,-1.2816477193541291,-0.20683854432228763,-1.1032514166289602,0,0,14,156,-0.04886876243099577,-0.10738766136204946,0.016394138014766194,0,1,1,0,0,1,1,1,train
4946812,Công viên Nhân Chính - Khuất Duy Tiến,21.0031,105.79470000000002,2024-07-01,-0.13172042542676327,-1.3003313557437084,0.7705767543441924,0.4042833301488238,0,0,0,156,0.11885770194289003,0.5489911149855112,-0.1568620266293205,45954,1,1,1,0,0,0,0,train
4946812,Công viên Nhân Chính - Khuất Duy Tiến,21.0031,105.79470000000002,2024-07-02,-0.29259446297267755,-1.3190149921332877,1.7479920530106725,-0.283473652550698,0,0,11,156,-0.005252379029040397,0.5443643877217521,0.03735968995539406,0,1,1,0,0,1,1,1,train
4946812,Công viên Nhân Chính - Khuất Duy Tiến,21.0031,105.79470000000002,2024-07-03,-0.45346850051859183,-1.3376986285228671,0.6791133228838682,-0.22171946393014613,0,0,0,156,-0.12936246000097096,0.5397376604579928,0.23158140654010867,0,1,1,1,0,1,1,1,train
4946812,Công viên Nhân Chính - Khuất Duy Tiến,21.0031,105.79470000000002,2024-07-04,-0.6143425380645061,-1.3563822649124466,-0.3897654072429361,-1.3757728120249995,20,17,48,156,-0.2534725409729014,0.5351109331942336,0.42580312312482327,0,0,0,0,0,1,1,1,train
4946812,Công viên Nhân Chính - Khuất Duy Tiến,21.0031,105.79470000000002,2024-07-05,-0.7113435543004853,-1.3662181428759181,-0.38016029003506246,-0.837471806430175,126,152,148,156,-0.3775826219448319,0.5304842059304745,0.6200248397095378,0,0,0,0,0,1,1,1,train
4946812,Công viên Nhân Chính - Khuất Duy Tiến,21.0031,105.79470000000002,2024-07-06,-0.610830187317046,-1.195435687422969,-0.830555600484625,0.6404367543474535,38,124,80,156,-0.5016927029167624,0.5258574786667152,0.8142465562942524,45954,0,0,0,0,0,0,0,train
4946812,Công viên Nhân Chính - Khuất Duy Tiến,21.0031,105.79470000000002,2024-07-07,-0.95727636180428,-1.2649458673993859,-0.8020865862155694,0.1190253737353721,68,67,103,156,-0.08075260823363505,0.6677038815059598,0.3229388386553853,0,0,0,0,0,1,1,1,train
4946812,Công viên Nhân Chính - Khuất Duy Tiến,21.0031,105.79470000000002,2024-07-08,-0.7900010539201376,-1.2398341131988215,-0.3019404566615667,-0.48754105948552456,45,117,61,156,0.34018748644949215,0.8095502843452044,-0.16836887898348168,0,0,0,0,0,1,1,1,train
4946812,Công viên Nhân Chính - Khuất Duy Tiến,21.0031,105.79470000000002,2024-07-09,-0.8031449973728779,-1.105339857991016,-0.6084648880845694,-1.2828942753583312,17,129,59,156,0.7611275811326196,0.951396687184449,-0.6596765966223488,0,0,0,0,0,1,1,1,train
4946812,Công viên Nhân Chính - Khuất Duy Tiến,21.0031,105.79470000000002,2024-07-10,-1.096343756912902,-1.375728662743411,-0.35752491593149754,-0.9471637165802547,4,9,10,156,1.1820676758157467,1.0932430900236936,-1.1509843142612157,0,0,0,0,0,1,1,1,train
4946812,Công viên Nhân Chính - Khuất Duy Tiến,21.0031,105.79470000000002,2024-07-11,-0.22888979598609036,-1.219998450972067,0.19010435098966275,-0.23388004766853335,104,85,20,141,1.603007770498874,1.2350894928629381,-1.6422920319000829,45954,0,0,0,0,0,0,0,train
4946812,Công viên Nhân Chính - Khuất Duy Tiến,21.0031,105.79470000000002,2024-07-12,-1.1371465268476826,-1.0555071611167464,-0.04019483811850845,0.42069387862220403,73,149,110,156,1.084182940586502,0.6621563359117915,-1.0513614466151233,0,0,0,0,0,1,1,1,train
4946812,Công viên Nhân Chính - Khuất Duy Tiến,21.0031,105.79470000000002,2024-07-13,-0.713313439438857,-1.1593933466275457,-0.0873131375022021,-0.3109786597998549,73,116,87,156,0.5653581106741302,0.08922317896064484,-0.46043086133016375,0,0,0,0,0,1,1,1,train
4946812,Công viên Nhân Chính - Khuất Duy Tiến,21.0031,105.79470000000002,2024-07-14,-0.36970328043324546,-1.2830542408576049,-0.5083321819119412,-0.8012902236392488,13,3,23,156,0.04653328076175805,-0.4837099779905016,0.13049972395479587,0,0,0,0,0,1,1,1,train
4946812,Công viên Nhân Chính - Khuất Duy Tiến,21.0031,105.79470000000002,2024-07-15,-1.1432254246647153,-1.2696324694113694,0.05311604313411923,-1.3102650250233894,31,137,62,156,-0.47229154915061383,-1.0566431349416483,0.7214303092397555,0,0,0,0,0,1,1,1,train
4946812,Công viên Nhân Chính - Khuất Duy Tiến,21.0031,105.79470000000002,2024-07-16,-0.8929052552845013,-1.1276427054778306,-0.1252786257510993,-0.6733180803424776,13,76,62,156,-0.9911163790629858,-1.6295762918927945,1.3123608945247152,45954,0,0,0,0,0,0,0,train
4946812,Công viên Nhân Chính - Khuất Duy Tiến,21.0031,105.79470000000002,2024-07-17,-0.6989592986308691,-1.0833860272882154,-0.6291627079520643,0.18767281286255227,0,0,2,156,-0.9805699208884184,-1.1859566197810796,1.2761712871717446,0,1,1,0,0,1,1,1,train
4946812,Công viên Nhân Chính - Khuất Duy Tiến,21.0031,105.79470000000002,2024-07-18,-0.5050133419772372,-1.0391293490986004,-0.4691491464605711,-0.21490804156960933,0,55,0,156,-0.9700234627138512,-0.7423369476693645,1.2399816798187742,0,1,0,1,0,1,1,1,train
4946812,Công viên Nhân Chính - Khuất Duy Tiến,21.0031,105.79470000000002,2024-07-19,-0.31106738532360517,-1.0397443386262044,-0.3091355849690779,-0.866139025684032,13,103,38,156,-0.959477004539284,-0.29871727555764965,1.2037920724658033,0,0,0,0,0,1,1,1,train
4946812,Công viên Nhân Chính - Khuất Duy Tiến,21.0031,105.79470000000002,2024-07-20,-1.1015695918285109,-1.31439770712275,-0.41476944326062515,-1.395558605419712,1,27,15,156,-0.9489305463647166,0.1449023965540654,1.1676024651128327,0,0,0,0,0,1,1,1,train
4946812,Công viên Nhân Chính - Khuất Duy Tiến,21.0031,105.79470000000002,2024-07-21,-0.7547471257639977,-1.1927489604468524,0.5677598864443455,-1.0952704960425221,84,152,146,156,-0.9383840881901495,0.5885220686657802,1.1314128577598621,45954,0,0,0,0,0,0,0,train
4946812,Công viên Nhân Chính - Khuất Duy Tiến,21.0031,105.79470000000002,2024-07-22,-0.8780690569703999,-1.1780855737799298,0.4351775578202008,0.7980684763364219,0,0,0,156,-0.5210158359379268,0.6604047067958522,0.6774165404854705,0,1,1,1,0,1,1,1,train
4946812,Công viên Nhân Chính - Khuất Duy Tiến,21.0031,105.79470000000002,2024-07-23,-1.001390988176802,-1.1634221871130073,0.3025952291960563,0.310821164177791,0,0,0,156,-0.10364758368570402,0.7322873449259242,0.22342022321107888,0,1,1,1,0,1,1,1,train
4946812,Công viên Nhân Chính - Khuất Duy Tiến,21.0031,105.79470000000002,2024-07-24,-1.1247129193832042,-1.1487588004460847,0.1700129005719117,-0.55981063893113,11,85,28,156,0.31372066856651853,0.8041699830559963,-0.23057609406331273,0,0,0,0,0,1,1,1,train
4946812,Công viên Nhân Chính - Khuất Duy Tiến,21.0031,105.79470000000002,2024-07-25,-1.056928292574057,-1.3825215016164418,-1.1234103928120713,-1.3724561480235085,8,7,35,156,0.7310889208187414,0.8760526211860683,-0.6845724113377043,0,0,0,0,0,1,1,1,train
4946812,Công viên Nhân Chính - Khuất Duy Tiến,21.0031,105.79470000000002,2024-07-26,-1.0861361818202833,-0.8442654855361165,-0.12320093303032112,-1.1754645577218195,137,23,156,156,1.148457173070964,0.9479352593161403,-1.138568728612096,45954,0,0,0,0,0,0,0,train
4946812,Công viên Nhân Chính - Khuất Duy Tiến,21.0031,105.79470000000002,2024-07-27,-0.9184721492588708,-0.7291064465315016,-1.1019291044513855,-0.5330223689002879,55,0,35,133,0.8145571194828473,0.3923001586594353,-0.8353629370403705,0,0,1,0,0,1,1,1,train
4946812,Công viên Nhân Chính - Khuất Duy Tiến,21.0031,105.79470000000002,2024-07-28,-0.9018210385376753,-0.6139474075268867,-3.5464599231951177,0.17482898164796926,0,0,2,156,0.48065706589473034,-0.16333494199726975,-0.5321571454686451,0,1,1,0,0,1,1,1,train
4946812,Công viên Nhân Chính - Khuất Duy Tiến,21.0031,105.79470000000002,2024-07-29,-0.8851699278164799,-0.4987883685222718,-2.8114560077105692,0.07770657200501685,0,8,0,156,0.14675701230661353,-0.7189700426539748,-0.22895135389691948,0,1,0,1,0,1,1,1,train
4946812,Công viên Nhân Chính - Khuất Duy Tiến,21.0031,105.79470000000002,2024-07-30,-0.8685188170952843,-0.6845204216774676,-2.0764520922260203,-0.33400317851845646,0,0,0,156,-0.1871430412815033,-1.2746051433106798,0.07425443767480588,0,1,1,1,0,1,1,1,train
4946812,Công viên Nhân Chính - Khuất Duy Tiến,21.0031,105.79470000000002,2024-07-31,-0.851867706374089,-0.8702524748326635,-1.3414481767414714,-1.0494077947540685,0,0,0,156,-0.5210430948696201,-1.8302402439673844,0.37746022924653144,45954,1,1,1,0,0,0,0,train
4946812,Công viên Nhân Chính - Khuất Duy Tiến,21.0031,105.79470000000002,2024-08-01,-0.8352165956528934,-1.0559845279878592,-0.6064442612569227,-1.1809736576273464,0,0,0,156,-0.14233367701447708,-1.277104859849297,0.08347934891180116,0,1,1,1,0,1,1,1,train
4946812,Công viên Nhân Chính - Khuất Duy Tiến,21.0031,105.79470000000002,2024-08-02,-0.8185654849316981,-1.2417165811430553,0.1285596542276259,-0.028220571539704066,0,9,0,156,0.23637574084066593,-0.7239694757312091,-0.21050153142292918,0,1,0,1,0,1,1,1,train
4946812,Công viên Nhân Chính - Khuất Duy Tiến,21.0031,105.79470000000002,2024-08-03,-0.8019143742105025,-0.8558422883995543,0.8635635697121752,-0.20085032291676677,4,47,10,156,0.6150851586958088,-0.17083409161312116,-0.5044824117576594,0,0,0,0,0,1,1,1,train
4946812,Công viên Nhân Chính - Khuất Duy Tiến,21.0031,105.79470000000002,2024-08-04,-1.1928641957737187,-1.154472203154924,-0.02310216405784389,-0.6203129711369584,113,148,131,156,0.9937945765509518,0.38230129250496653,-0.7984632920923896,0,0,0,0,0,1,1,1,train
4946812,Công viên Nhân Chính - Khuất Duy Tiến,21.0031,105.79470000000002,2024-08-05,-0.5132709502651436,-1.115726908386984,-0.12904195135359683,-1.249084297845239,65,115,89,156,1.372503994406095,0.9354366766230544,-1.0924441724271199,45954,0,0,0,0,0,0,0,train
4946812,Công viên Nhân Chính - Khuất Duy Tiến,21.0031,105.79470000000002,2024-08-06,-0.9675298632458451,-1.0312893916928827,-0.13937909925960643,-1.4168243378419922,45,129,136,156,1.6194221017943364,0.9549870727197703,-1.3616142040717685,0,0,0,0,0,1,1,1,train
4946812,Công viên Nhân Chính - Khuất Duy Tiến,21.0031,105.79470000000002,2024-08-07,-1.124011844785752,-1.0893915841129984,1.6354684140010247,1.032604770024889,97,91,44,156,1.866340209182578,0.9745374688164862,-1.6307842357164164,0,0,0,0,0,1,1,1,train
4946812,Công viên Nhân Chính - Khuất Duy Tiến,21.0031,105.79470000000002,2024-08-08,-0.8463625798099937,-1.177567446239274,0.19778307713163762,-0.048243047677203124,109,156,129,156,2.1132583165708194,0.9940878649132021,-1.8999542673610648,0,0,0,0,0,1,1,1,train
4946812,Công viên Nhân Chính - Khuất Duy Tiến,21.0031,105.79470000000002,2024-08-09,-1.0086793644283343,-1.2101122556836075,-0.07753761915298404,-0.11400824134583608,149,69,154,156,2.3601764239590612,1.0136382610099177,-2.169124299005713,0,0,0,0,0,1,1,1,train
4946812,Công viên Nhân Chính - Khuất Duy Tiến,21.0031,105.79470000000002,2024-08-10,-0.6985259162883256,-1.1081082653944132,0.2576317162390862,-0.1040958151867359,135,152,152,156,2.6070945313473026,1.0331886571066338,-2.4382943306503617,45954,0,0,0,0,0,0,0,train
4946812,Công viên Nhân Chính - Khuất Duy Tiến,21.0031,105.79470000000002,2024-08-11,-0.3699579686805103,-1.0082065120343722,-1.405664731771243,-1.581001415671408,0,0,7,156,2.340630952542921,0.8464555996457496,-2.173043734453277,0,1,1,0,0,1,1,1,train
4946812,Công viên Nhân Chính - Khuất Duy Tiến,21.0031,105.79470000000002,2024-08-12,-0.04139002107269489,-0.9083047586743316,-1.8369484158074016,1.1131117211539614,3,0,16,38,2.0741673737385384,0.6597225421848654,-1.9077931382561917,0,0,1,0,0,1,1,1,train
4946812,Công viên Nhân Chính - Khuất Duy Tiến,21.0031,105.79470000000002,2024-08-13,-0.568828638180071,-0.8084030053142905,-1.0302306671806545,0.2203602494564598,10,4,35,156,1.8077037949341568,0.4729894847239811,-1.6425425420591069,0,0,0,0,0,1,1,1,train
4946812,Công viên Nhân Chính - Khuất Duy Tiến,21.0031,105.79470000000002,2024-08-14,-0.6887546415106975,-1.1029595348881829,0.3246029230479323,-0.30913231940287117,0,2,5,156,1.5412402161297745,0.28625642726309697,-1.377291945862022,0,1,0,0,0,1,1,1,train
4946812,Công viên Nhân Chính - Khuất Duy Tiến,21.0031,105.79470000000002,2024-08-15,-0.8086806448413241,-0.7674744295427125,0.035332880485149015,-1.1307947661241098,32,42,54,156,1.2747766373253926,0.09952336980221273,-1.112041349664937,45954,0,0,0,0,0,0,0,train
4946812,Công viên Nhân Chính - Khuất Duy Tiến,21.0031,105.79470000000002,2024-08-16,-0.9784628716624293,-0.27666451461336916,-0.2652183130037102,-1.4831461510318897,50,65,81,156,0.9529277836848588,0.12335871522745462,-0.7864424800518961,0,0,0,0,0,1,1,1,train
4946812,Công viên Nhân Chính - Khuất Duy Tiến,21.0031,105.79470000000002,2024-08-17,-0.8693033620163643,-0.08360498396201259,-0.04330293214515812,-1.2076296409372014,0,1,111,156,0.6310789300443249,0.14719406065269658,-0.460843610438855,0,1,0,0,0,1,1,1,train
4946812,Công viên Nhân Chính - Khuất Duy Tiến,21.0031,105.79470000000002,2024-08-18,-0.7601438523702994,0.12200442389179396,-0.7366225004062706,0.7758789466228413,13,16,35,156,0.30923007640379124,0.17102940607793848,-0.13524474082581397,0,0,0,0,0,1,1,1,train
4946812,Công viên Nhân Chính - Khuất Duy Tiến,21.0031,105.79470000000002,2024-08-19,-0.441170895943811,0.015446238426816339,-0.31316717550475515,0.008257626149543998,28,42,61,156,-0.012618777236742413,0.19486475150318044,0.19035412878722707,0,0,0,0,0,1,1,1,train
4946812,Công viên Nhân Chính - Khuất Duy Tiến,21.0031,105.79470000000002,2024-08-20,-0.5234287929577983,-0.3171493706681389,-0.682369353833991,-0.9155201356888728,52,30,90,156,-0.33446763087727627,0.21870009692842235,0.5159529984002681,45954,0,0,0,0,0,0,0,train
4946812,Công viên Nhân Chính - Khuất Duy Tiến,21.0031,105.79470000000002,2024-08-21,-0.5536969845833599,-0.5354102449035675,-1.0149894979193228,-1.8302630429610496,0,0,35,156,-0.24021023456421414,-0.13556991859553374,0.3966380042680444,0,1,1,0,0,1,1,1,train
4946812,Công viên Nhân Chính - Khuất Duy Tiến,21.0031,105.79470000000002,2024-08-22,-0.5839651762089214,-0.7536711191389961,-0.14223835924615583,-1.5705949001024992,43,3,101,156,-0.145952838251152,-0.48983993411948984,0.2773230101358206,0,0,0,0,0,1,1,1,train
4946812,Công viên Nhân Chính - Khuất Duy Tiến,21.0031,105.79470000000002,2024-08-23,0.213414310748154,-0.9576608954819281,-0.33921059278473725,0.6123393534253974,0,0,0,156,-0.05169544193808985,-0.8441099496434457,0.15800801600359682,0,1,1,1,0,1,1,1,train
4946812,Công viên Nhân Chính - Khuất Duy Tiến,21.0031,105.79470000000002,2024-08-24,1.010793797705229,-1.1616506718248596,-0.5361828263233186,-0.05571273831707207,30,69,77,156,0.042561954374972365,-1.1983799651674019,0.038693021871373016,0,0,0,0,0,1,1,1,train
4946812,Công viên Nhân Chính - Khuất Duy Tiến,21.0031,105.79470000000002,2024-08-25,-1.148957210628938,-1.1479913589690698,0.2143408492882594,-0.7034194907104593,2,10,13,156,0.13681935068803444,-1.5526499806913578,-0.08062197226085079,45954,0,0,0,0,0,0,0,train
4946812,Công viên Nhân Chính - Khuất Duy Tiến,21.0031,105.79470000000002,2024-08-26,-0.9652705913617647,-0.9225166984832993,0.017025234890962585,-0.8374939039862768,93,156,133,156,-0.07138012138131763,-1.641172802255425,0.11518407077929183,0,0,0,0,0,1,1,1,train
4946812,Công viên Nhân Chính - Khuất Duy Tiến,21.0031,105.79470000000002,2024-08-27,-0.22466609430343032,-1.0266961971812092,-0.12236829426101609,-1.0642321492958284,140,154,154,156,-0.2795795934506698,-1.7296956238194925,0.31099011381943437,0,0,0,0,0,1,1,1,train
4946812,Công viên Nhân Chính - Khuất Duy Tiến,21.0031,105.79470000000002,2024-08-28,-0.7434242508548385,-0.8821962941736062,-0.11144381825021638,0.3089188016235855,102,156,52,135,-0.48777906552002187,-1.81821844538356,0.5067961568595769,0,0,0,0,0,1,1,1,train
4946812,Công viên Nhân Chính - Khuất Duy Tiến,21.0031,105.79470000000002,2024-08-29,-0.6345394746580646,-0.5672458391521117,0.06480259737609938,0.6128692767099658,0,0,0,156,-0.695978537589374,-1.9067412669476278,0.7026021998997195,0,1,1,1,0,1,1,1,train
4946812,Công viên Nhân Chính - Khuất Duy Tiến,21.0031,105.79470000000002,2024-08-30,-0.5256546984612908,-0.2522953841306176,0.2410490130024152,-0.13128545447644685,155,96,156,156,-0.9041780096587261,-1.995264088511695,0.898408242939862,45954,0,0,0,0,0,0,0,train
4946812,Công viên Nhân Chính - Khuất Duy Tiến,21.0031,105.79470000000002,2024-08-31,-0.3644834083308976,-0.7071116392537451,-0.26482695086278707,-1.2275832563120375,149,145,152,156,-0.2006613866736179,-1.4149292041825399,0.24431633066978212,0,0,0,0,0,1,1,1,train
4946812,Công viên Nhân Chính - Khuất Duy Tiến,21.0031,105.79470000000002,2024-09-01,-0.8596162961175018,-1.482530934961026,-0.5973426030239942,-1.392754963058528,0,6,3,156,0.5028552363114902,-0.8345943198533846,-0.4097755816002977,0,1,0,0,0,1,1,1,train
4946812,Công viên Nhân Chính - Khuất Duy Tiến,21.0031,105.79470000000002,2024-09-02,-1.3547491839041061,-1.162287070078803,0.16916236003127463,-0.9226326820436387,76,155,156,156,1.2063718592965984,-0.25425943552422936,-1.0638674938703778,0,0,0,0,0,1,1,1,train
4946812,Công viên Nhân Chính - Khuất Duy Tiến,21.0031,105.79470000000002,2024-09-03,-1.0645759177522003,-0.7835075201582451,0.266880263186404,0.5981005841203324,150,91,155,156,1.9098884822817068,0.3260754488049257,-1.717959406140457,0,0,0,0,0,1,1,1,train
4946812,Công viên Nhân Chính - Khuất Duy Tiến,21.0031,105.79470000000002,2024-09-04,-0.7716130065069038,-0.41424680814534653,0.3052338460232888,-0.0742718485940797,156,156,156,156,2.6134051052668146,0.9064103331340809,-2.372051318410537,45954,0,0,0,0,0,0,0,train
4946812,Công viên Nhân Chính - Khuất Duy Tiến,21.0031,105.79470000000002,2024-09-05,-0.8755683122939769,-0.3870784526021546,-0.12897235596455997,-0.7338503935568548,129,155,151,156,2.0313584701028593,0.3199959997668345,-1.858014736685049,0,0,0,0,0,1,1,1,train
4946812,Công viên Nhân Chính - Khuất Duy Tiến,21.0031,105.79470000000002,2024-09-06,-0.44160288273431514,-0.5034110170778368,-0.35574922766291167,-1.5863265683531695,68,122,109,156,1.4493118349389038,-0.26641833360041195,-1.3439781549595609,0,0,0,0,0,1,1,1,train
4946812,Công viên Nhân Chính - Khuất Duy Tiến,21.0031,105.79470000000002,2024-09-07,-0.5392284296528361,-0.5571236024285577,-0.3203106140706622,-0.8580810622668611,0,0,0,156,0.8672651997749485,-0.8528326669676586,-0.8299415732340722,0,1,1,1,0,1,1,1,train
4946812,Công viên Nhân Chính - Khuất Duy Tiến,21.0031,105.79470000000002,2024-09-08,-0.636853976571357,-0.6108361877792787,-0.28487200047841277,0.8238978318786995,0,0,0,156,0.2852185646109934,-1.4392470003349052,-0.31590499150858403,0,1,1,1,0,1,1,1,train
4946812,Công viên Nhân Chính - Khuất Duy Tiến,21.0031,105.79470000000002,2024-09-09,-0.734479523489878,-0.6645487731299997,-0.24943338688616326,0.3359100836193737,0,0,0,156,-0.296828070552962,-2.025661333702151,0.198131590216904,45954,1,1,1,0,0,0,0,train
4946812,Công viên Nhân Chính - Khuất Duy Tiến,21.0031,105.79470000000002,2024-09-10,-0.8321050704083992,-0.7182613584807207,-0.21399477329391378,-0.28044855684350023,0,9,0,156,0.19708494167041474,-1.4247673766525828,-0.23393961749340195,0,1,0,1,0,1,1,1,train
4946812,Công viên Nhân Chính - Khuất Duy Tiến,21.0031,105.79470000000002,2024-09-11,-0.9297306173269202,-0.7290205389034777,-0.1785561597016643,-0.20298602185243347,0,0,0,156,0.6909979538937913,-0.8238734196030143,-0.666010825203708,0,1,1,1,0,1,1,1,train
4946812,Công viên Nhân Chính - Khuất Duy Tiến,21.0031,105.79470000000002,2024-09-12,-1.0273561642454412,-0.7397797193262343,-0.14311754610941485,-1.4607376763435287,2,37,40,156,1.1849109661171677,-0.22297946255344575,-1.0980820329140137,0,0,0,0,0,1,1,1,train
4946812,Công viên Nhân Chính - Khuất Duy Tiến,21.0031,105.79470000000002,2024-09-13,-1.3501085293324617,-0.8682754403169455,-0.6346431268080505,-0.12495578870048935,6,133,31,135,1.6788239783405448,0.37791449449612285,-1.53015324062432,0,0,0,0,0,1,1,1,train
4946812,Công viên Nhân Chính - Khuất Duy Tiến,21.0031,105.79470000000002,2024-09-14,-0.5996223820169873,-0.5528924472064177,-0.8241564527235385,0.1847873796822297,80,106,141,156,2.172736990563921,0.9788084515456914,-1.9622244483346258,45954,0,0,0,0,0,0,0,train
4946812,Công viên Nhân Chính - Khuất Duy Tiến,21.0031,105.79470000000002,2024-09-15,-0.71017902955745,-0.2823704174499216,-0.2440449420869168,-0.7533860665057459,89,146,136,156,1.8898438724548687,0.9920786599202627,-1.6917159311087335,0,0,0,0,0,1,1,1,train
4946812,Công viên Nhân Chính - Khuất Duy Tiến,21.0031,105.79470000000002,2024-09-16,-0.9475352816980589,-0.3784735082230882,0.031665081385732166,-0.7713213986078773,151,134,156,156,1.6069507543458161,1.0053488682948337,-1.4212074138828414,0,0,0,0,0,1,1,1,train
4946812,Công viên Nhân Chính - Khuất Duy Tiến,21.0031,105.79470000000002,2024-09-17,-0.5214499424548074,-1.2626282705011378,-0.8111740579199568,-1.6657343153739939,0,67,18,156,1.3240576362367635,1.018619076669405,-1.1506988966569494,0,1,0,0,0,1,1,1,train
4946812,Công viên Nhân Chính - Khuất Duy Tiến,21.0031,105.79470000000002,2024-09-18,-0.09536460321155583,-0.8057690501668138,0.4121174328438184,-0.5305552066230956,0,90,27,156,1.0411645181277112,1.031889285043976,-0.8801903794310574,0,1,0,0,0,1,1,1,train
4946812,Công viên Nhân Chính - Khuất Duy Tiến,21.0031,105.79470000000002,2024-09-19,0.3307207360316952,-0.7782507914910698,0.19447626704763607,0.9279208827649492,3,13,31,156,0.7582714000186587,1.0451594934185473,-0.6096818622051651,45954,0,0,0,0,0,0,0,train
4946812,Công viên Nhân Chính - Khuất Duy Tiến,21.0031,105.79470000000002,2024-09-20,-0.7931100901280935,-1.0179707094002823,-0.16911812181678895,-0.06582332580359239,16,40,29,156,1.0842690555636916,1.0299711188252147,-0.9344858920324779,0,0,0,0,0,1,1,1,train
4946812,Công viên Nhân Chính - Khuất Duy Tiến,21.0031,105.79470000000002,2024-09-21,-1.1753667642986163,-0.3628830464338497,0.0693075005128898,-1.0851095619619648,57,107,92,156,1.4102667111087246,1.014782744231882,-1.2592899218597902,0,0,0,0,0,1,1,1,train
4946812,Công viên Nhân Chính - Khuất Duy Tiến,21.0031,105.79470000000002,2024-09-22,-0.8615944805615645,-0.46535775598008905,0.0009138441874156466,-0.5359611049693153,0,0,0,156,1.7362643666537572,0.9995943696385493,-1.584093951687103,0,1,1,1,0,1,1,1,train
4946812,Công viên Nhân Chính - Khuất Duy Tiến,21.0031,105.79470000000002,2024-09-23,-0.5478221968245126,-0.5678324655263284,-0.06747981213805852,-0.8115120753068974,0,75,7,156,2.0622620221987904,0.9844059950452166,-1.9088979815144156,0,1,0,0,0,1,1,1,train
4946812,Công viên Nhân Chính - Khuất Duy Tiến,21.0031,105.79470000000002,2024-09-24,-0.23404991308746104,-0.07486067831970851,-0.07942057850993497,0.528489519843135,155,16,156,156,2.388259677743823,0.969217620451884,-2.233702011341728,45954,0,0,0,0,0,0,0,train
4946812,Công viên Nhân Chính - Khuất Duy Tiến,21.0031,105.79470000000002,2024-09-25,0.038015304137742977,-0.7878626278151067,-0.18596888649135015,0.1176080842655089,0,6,0,156,1.7750700187067932,0.9898325524975599,-1.6127176115835251,0,1,0,1,0,1,1,1,train
4946812,Công viên Nhân Chính - Khuất Duy Tiến,21.0031,105.79470000000002,2024-09-26,0.310080521362947,-0.4109689548716387,-0.29251719447276536,-0.9467443407993192,74,125,105,156,1.1618803596697629,1.0104474845432354,-0.9917332118253221,0,0,0,0,0,1,1,1,train
4946812,Công viên Nhân Chính - Khuất Duy Tiến,21.0031,105.79470000000002,2024-09-27,-0.4207806119585555,-0.6367235651357169,-0.12076871081603405,-1.1346838165517594,128,141,151,156,0.5486907006327327,1.0310624165889113,-0.37074881206711907,0,0,0,0,0,1,1,1,train
4946812,Công viên Nhân Chính - Khuất Duy Tiến,21.0031,105.79470000000002,2024-09-28,0.5094135626269694,-0.556498658525013,0.06209320876325119,-0.9852845092269163,131,147,156,156,-0.06449895840429772,1.051677348634587,0.250235587691084,0,0,0,0,0,1,1,1,train
4946812,Công viên Nhân Chính - Khuất Duy Tiến,21.0031,105.79470000000002,2024-09-29,0.5764139314792004,-0.7152221375070826,-0.24642260430699148,-0.2669622391852603,0,156,0,144,-0.6776886174413276,1.0722922806802626,0.8712199874492873,45954,1,0,1,0,0,0,0,train
4946812,Công viên Nhân Chính - Khuất Duy Tiến,21.0031,105.79470000000002,2024-09-30,0.6434143003314319,-0.5804941590065257,-0.5549384173772341,0.527029602993089,0,78,8,156,-0.06476082412498066,1.0342209491384626,0.24010656614289924,0,1,0,0,0,1,1,1,train
4946812,Công viên Nhân Chính - Khuất Duy Tiến,21.0031,105.79470000000002,2024-10-01,0.710414669183663,-0.8925676630184242,-0.6085287042073823,-0.14045235687117535,7,63,10,156,0.5481669691913662,0.9961496175966629,-0.3910068551634889,0,0,0,0,0,1,1,1,train
4946812,Công viên Nhân Chính - Khuất Duy Tiến,21.0031,105.79470000000002,2024-10-02,-0.6297786123084461,-0.11113524243342167,-0.13637719488921154,-0.7066156334465094,104,115,115,156,1.161094762507713,0.958078286054863,-1.022120276469877,0,0,0,0,0,1,1,1,train
4946812,Công viên Nhân Chính - Khuất Duy Tiến,21.0031,105.79470000000002,2024-10-03,-0.4276677881433712,-0.10106905021005369,-0.5458877841344122,-0.37628643405718276,156,77,156,156,1.77402255582406,0.9200069545130631,-1.6532336977762652,0,0,0,0,0,1,1,1,train
4946812,Công viên Nhân Chính - Khuất Duy Tiến,21.0031,105.79470000000002,2024-10-04,0.32368791496127053,0.30212599304013066,1.5520436246237346,-0.5056109477873779,109,28,138,156,2.386950349140407,0.8819356229712633,-2.284347119082653,45954,0,0,0,0,0,0,0,train
4946812,Công viên Nhân Chính - Khuất Duy Tiến,21.0031,105.79470000000002,2024-10-05,0.15411641649817615,0.10845310919694946,2.165964028724334,0.2764597649216218,156,104,156,156,1.7350275235616857,0.8438802420522383,-1.588503202593747,0,0,0,0,0,1,1,1,train
4946812,Công viên Nhân Chính - Khuất Duy Tiến,21.0031,105.79470000000002,2024-10-06,-0.17470304764772265,0.24606458405018902,0.41089887979320006,-0.31495854910001986,156,128,156,156,1.0831046979829635,0.8058248611332132,-0.892659286104841,0,0,0,0,0,1,1,1,train
4946812,Công viên Nhân Chính - Khuất Duy Tiến,21.0031,105.79470000000002,2024-10-07,-0.4163880484790788,-0.15762545077099682,0.3664224376569691,-0.7610446016655975,130,138,143,156,0.43118187240424205,0.7677694802141881,-0.19681536961593518,0,0,0,0,0,1,1,1,train
4946812,Công viên Nhân Chính - Khuất Duy Tiến,21.0031,105.79470000000002,2024-10-08,-0.0046943607910668525,0.24350753668399283,0.07519023537052971,-0.954467974164984,155,103,156,156,-0.22074095317447975,0.7297140992951631,0.49902854687297116,0,0,0,0,0,1,1,1,train
4946812,Công viên Nhân Chính - Khuất Duy Tiến,21.0031,105.79470000000002,2024-10-09,-0.3356126083364684,-0.055062651815700935,1.331748601172529,-0.4224750444365742,19,53,58,156,-0.8726637787532014,0.6916587183761379,1.1948724633618768,45954,0,0,0,0,0,0,0,train
4946812,Công viên Nhân Chính - Khuất Duy Tiến,21.0031,105.79470000000002,2024-10-10,-0.28001115083483796,-0.28038854210754505,-0.4249683946084044,0.12767271480765013,20,54,38,156,-0.6002357357221036,0.7402615505061761,0.9064142678213304,0,0,0,0,0,1,1,1,train
4946812,Công viên Nhân Chính - Khuất Duy Tiến,21.0031,105.79470000000002,2024-10-11,0.28139735968368823,0.08272309279724308,0.4030767534277325,-0.10587562402291614,60,123,112,156,-0.32780769269100585,0.7888643826362145,0.6179560722807836,0,0,0,0,0,1,1,1,train
4946812,Công viên Nhân Chính - Khuất Duy Tiến,21.0031,105.79470000000002,2024-10-12,-0.2915720308009679,0.11349029614806087,0.07902820304524574,-0.8328992845646122,48,132,102,156,-0.05537964965990808,0.8374672147662526,0.32949787674023717,0,0,0,0,0,1,1,1,train
4946812,Công viên Nhân Chính - Khuất Duy Tiến,21.0031,105.79470000000002,2024-10-13,-0.537644774113845,-0.061343726676072526,0.2761106234689844,-1.3811444292976993,35,117,77,156,0.2170483933711898,0.8860700468962909,0.041039681199690634,0,0,0,0,0,1,1,1,train
4946812,Công viên Nhân Chính - Khuất Duy Tiến,21.0031,105.79470000000002,2024-10-14,-0.38841737955032524,0.06108118860095995,0.6427549474062967,-0.801722021830101,42,153,156,156,0.48947643640228766,0.9346728790263291,-0.247418514340856,45954,0,0,0,0,0,0,0,train
4946812,Công viên Nhân Chính - Khuất Duy Tiến,21.0031,105.79470000000002,2024-10-15,-0.6079089162926278,-0.48105321598135253,2.1587239686568402,0.42337587990936054,3,156,17,145,0.6720875518444178,0.9401172489718035,-0.4330079199616811,0,0,0,0,0,1,1,1,train
4946812,Công viên Nhân Chính - Khuất Duy Tiến,21.0031,105.79470000000002,2024-10-16,-0.34618905320688165,-0.42585442866581896,0.04097493274257417,-0.00373725577964279,0,50,27,156,0.854698667286548,0.9455616189172777,-0.6185973255825062,0,1,0,0,0,1,1,1,train
4946812,Công viên Nhân Chính - Khuất Duy Tiến,21.0031,105.79470000000002,2024-10-17,-0.08446919012113549,-0.21170907525799315,0.36989790463697586,-0.6691147668331872,81,154,123,156,1.0373097827286781,0.9510059888627521,-0.8041867312033315,0,0,0,0,0,1,1,1,train
4946812,Công viên Nhân Chính - Khuất Duy Tiến,21.0031,105.79470000000002,2024-10-18,0.7948201939185463,-0.42641405549980727,0.3587973412450256,-1.2803891291738938,94,150,132,156,1.2199208981708083,0.9564503588082265,-0.9897761368241564,0,0,0,0,0,1,1,1,train
4946812,Công viên Nhân Chính - Khuất Duy Tiến,21.0031,105.79470000000002,2024-10-19,-0.4425902992366621,-0.7566923404191506,0.3410833437379086,-1.541493374286557,25,126,88,156,1.4025320136129387,0.9618947287537007,-1.1753655424449816,45954,0,0,0,0,0,0,0,train
4946812,Công viên Nhân Chính - Khuất Duy Tiến,21.0031,105.79470000000002,2024-10-20,-0.5083094667374388,-0.5426980753475917,0.21610086260539635,-0.49875586782275916,0,156,151,156,1.5603346965825164,0.8625894417785667,-1.3651045354480285,0,1,0,0,0,1,1,1,train
4946812,Công viên Nhân Chính - Khuất Duy Tiến,21.0031,105.79470000000002,2024-10-21,-0.5740286342382156,-0.48865658650672034,0.2983405651858894,0.8978333281618744,0,0,0,156,1.7181373795520947,0.7632841548034325,-1.5548435284510749,0,1,1,1,0,1,1,1,train
4946812,Công viên Nhân Chính - Khuất Duy Tiến,21.0031,105.79470000000002,2024-10-22,-0.6397478017389923,-0.434615097665849,0.38058026776638254,-0.6370349085166083,141,156,152,156,1.875940062521673,0.6639788678282983,-1.744582521454122,0,0,0,0,0,1,1,1,train
4946812,Công viên Nhân Chính - Khuất Duy Tiến,21.0031,105.79470000000002,2024-10-23,-0.758618006517321,-0.19066307000530125,0.6023789702400397,-0.5987906681714,97,109,106,156,2.0337427454912507,0.5646735808531641,-1.9343215144571688,0,0,0,0,0,1,1,1,train
4946812,Công viên Nhân Chính - Khuất Duy Tiến,21.0031,105.79470000000002,2024-10-24,-0.20605793027300862,-0.5608933109630381,-0.07279623704724651,-1.2810829924354872,156,78,156,156,2.1915454284608287,0.46536829387802986,-2.1240605074602152,45954,0,0,0,0,0,0,0,train
4946812,Công viên Nhân Chính - Khuất Duy Tiến,21.0031,105.79470000000002,2024-10-25,0.5395902187255562,-0.40932559649207134,0.4703381561478241,-1.3346898718444677,92,0,156,156,1.6633554644836288,0.42273708946225114,-1.6025753087514598,0,0,1,0,0,1,1,1,train
4946812,Công viên Nhân Chính - Khuất Duy Tiến,21.0031,105.79470000000002,2024-10-26,-0.6239124727433,-0.25775788202110406,3.863663599700974,1.264456927324495,150,0,156,156,1.1351655005064285,0.38010588504647236,-1.081090110042704,0,0,1,0,0,1,1,1,train
4946812,Công viên Nhân Chính - Khuất Duy Tiến,21.0031,105.79470000000002,2024-10-27,-0.5290456361812875,-0.10619016755013681,3.2188453390770597,0.3673873393414422,0,0,0,156,0.6069755365292282,0.33747468063069364,-0.559604911333948,0,1,1,1,0,1,1,1,train
4946812,Công viên Nhân Chính - Khuất Duy Tiến,21.0031,105.79470000000002,2024-10-28,-0.43417879961927525,0.04537754692082993,2.574027078453145,-0.3589258175830693,0,1,0,156,0.07878557255202819,0.29484347621491497,-0.03811971262519223,0,1,0,1,0,1,1,1,train
4946812,Công viên Nhân Chính - Khuất Duy Tiến,21.0031,105.79470000000002,2024-10-29,-0.33931196305726274,-0.06744344098839232,1.929208817829231,-0.9921760800206653,4,149,6,156,-0.4494043914251715,0.25221227179913625,0.48336548608356367,45954,0,0,0,0,0,0,0,train
4946812,Công viên Nhân Chính - Khuất Duy Tiến,21.0031,105.79470000000002,2024-10-30,-0.011491460435131351,0.10818093201355666,-0.16244540080254027,-0.6357009328055608,148,67,156,156,-0.5860542221414755,0.3102708002667458,0.6414534023512741,0,0,0,0,0,1,1,1,train
4946812,Công viên Nhân Chính - Khuất Duy Tiến,21.0031,105.79470000000002,2024-10-31,0.5430544863618267,0.32799837065199083,-1.2803388901295443,0.902868525073707,149,91,53,155,-0.7227040528577794,0.36832932873435537,0.7995413186189846,0,0,0,0,0,1,1,1,train
4946812,Công viên Nhân Chính - Khuất Duy Tiến,21.0031,105.79470000000002,2024-11-01,0.14919367011193993,0.013514271325481187,0.6839713252336184,0.22995584443956127,156,152,156,156,-0.8593538835740833,0.4263878572019649,0.957629234886695,0,0,0,0,0,1,1,1,train
4946812,Công viên Nhân Chính - Khuất Duy Tiến,21.0031,105.79470000000002,2024-11-02,0.09697642630684193,0.06610746664692141,-0.06135842963309966,-0.23288410484271738,156,129,156,156,-0.9960037142903871,0.4844463856695744,1.1157171511544055,0,0,0,0,0,1,1,1,train
4946812,Công viên Nhân Chính - Khuất Duy Tiến,21.0031,105.79470000000002,2024-11-03,0.16538232751043774,-0.11553712202109725,-4.340534009464274,-0.8819534701853973,0,0,0,156,-1.1326535450066912,0.542504914137184,1.2738050674221162,45954,1,1,1,0,0,0,0,train
4946812,Công viên Nhân Chính - Khuất Duy Tiến,21.0031,105.79470000000002,2024-11-04,0.23378822871403354,-0.2971817106891159,-8.619709589295447,-0.824235848110255,0,145,1,156,-0.5246954242644436,0.5979812630822922,0.6686305064071926,0,1,0,0,0,1,1,1,train
4946812,Công viên Nhân Chính - Khuất Duy Tiến,21.0031,105.79470000000002,2024-11-05,0.30219412991762934,-0.14406759073306175,-5.634227389548661,-0.35752650477371045,0,15,0,156,0.08326269647780386,0.6534576120274003,0.06345594539226927,0,1,0,1,0,1,1,1,train
4946812,Công viên Nhân Chính - Khuất Duy Tiến,21.0031,105.79470000000002,2024-11-06,0.3706000311212252,0.35129324670050827,-2.648745189801875,0.4927172345558681,0,0,0,156,0.6912208172200516,0.7089339609725084,-0.5417186156226541,0,1,1,1,0,1,1,1,train
4946812,Công viên Nhân Chính - Khuất Duy Tiến,21.0031,105.79470000000002,2024-11-07,0.439005932324821,0.8466540841340783,0.3367370099449112,-0.6590233504696632,98,123,134,156,1.2991789379622987,0.7644103099176165,-1.1468931766375774,0,0,0,0,0,1,1,1,train
4946812,Công viên Nhân Chính - Khuất Duy Tiến,21.0031,105.79470000000002,2024-11-08,0.026421882435412082,0.5981028620640243,0.15952961397722695,-0.8991470410800069,142,84,156,156,1.9071370587045469,0.8198866588627246,-1.7520677376525011,45954,0,0,0,0,0,0,0,train
4946812,Công viên Nhân Chính - Khuất Duy Tiến,21.0031,105.79470000000002,2024-11-09,0.5384245521672155,0.37277806266269525,0.806745731306242,-0.5686756409310098,156,119,156,156,1.5237642188108302,0.823792234104522,-1.3561656081130027,0,0,0,0,0,1,1,1,train
4946812,Công viên Nhân Chính - Khuất Duy Tiến,21.0031,105.79470000000002,2024-11-10,0.05962612525017707,0.26542107261841047,-0.10215554902237223,0.12226948907125625,156,149,156,156,1.1403913789171134,0.8276978093463193,-0.9602634785735048,0,0,0,0,0,1,1,1,train
4946812,Công viên Nhân Chính - Khuất Duy Tiến,21.0031,105.79470000000002,2024-11-11,0.6549808047951767,0.3360371428539936,1.4884156012287988,0.5813205361404474,156,118,156,156,0.7570185390233966,0.8316033845881167,-0.5643613490340066,0,0,0,0,0,1,1,1,train
4946812,Công viên Nhân Chính - Khuất Duy Tiến,21.0031,105.79470000000002,2024-11-12,1.488692220424183,-0.16052967404345767,1.4150897597998904,-0.20438900763395518,81,151,152,156,0.37364569912968,0.835508959829914,-0.16845921949450832,0,0,0,0,0,1,1,1,train
4946812,Công viên Nhân Chính - Khuất Duy Tiến,21.0031,105.79470000000002,2024-11-13,-0.23667367779066556,-0.34615151316634896,0.27040870871151546,-0.7792237235623428,123,144,149,156,-0.009727140764036848,0.8394145350717114,0.2274429100449896,45954,0,0,0,0,0,0,0,train
4946812,Công viên Nhân Chính - Khuất Duy Tiến,21.0031,105.79470000000002,2024-11-14,1.095458133909314,-0.1782111002265325,-0.32121508861523984,-1.032372967924644,112,131,156,156,-0.34610006314329805,0.558451193404696,0.5682023171254227,0,0,0,0,0,1,1,1,train
4946812,Công viên Nhân Chính - Khuất Duy Tiến,21.0031,105.79470000000002,2024-11-15,0.44057402534409523,-0.2880768657317379,0.367275815503358,-0.2883811614221375,29,156,156,156,-0.6824729855225592,0.2774878517376804,0.9089617242058559,0,0,0,0,0,1,1,1,train
4946812,Công viên Nhân Chính - Khuất Duy Tiến,21.0031,105.79470000000002,2024-11-16,0.0057877574482921345,-0.4108050485718198,-0.6824744271732286,0.7659428999679623,72,156,79,154,-1.0188459079018204,-0.0034754899293351076,1.2497211312862888,0,0,0,0,0,1,1,1,train
4946812,Công viên Nhân Chính - Khuất Duy Tiến,21.0031,105.79470000000002,2024-11-17,-0.11437536286073434,-0.34691540924918984,0.13085656951668587,-0.02618726790116253,156,156,156,156,-1.3552188302810815,-0.28443883159635047,1.590480538366722,0,0,0,0,0,1,1,1,train
4946812,Công viên Nhân Chính - Khuất Duy Tiến,21.0031,105.79470000000002,2024-11-18,-0.19439377945593272,0.030666888331610916,0.6799083964233456,-0.270288936671684,13,84,44,156,-1.6915917526603428,-0.565402173263366,1.9312399454471552,45954,0,0,0,0,0,0,0,train
4946812,Công viên Nhân Chính - Khuất Duy Tiến,21.0031,105.79470000000002,2024-11-19,-0.2845606504846094,0.05221824861518983,-0.3474915864928331,-0.9904358676160943,150,138,156,156,-1.4973577549520563,-0.2813132758021452,1.7062528631053566,0,0,0,0,0,1,1,1,train
4946812,Công viên Nhân Chính - Khuất Duy Tiến,21.0031,105.79470000000002,2024-11-20,-0.10569934269762035,0.23133647121273662,0.23491233927998204,-0.7449284359387572,156,51,156,156,-1.3031237572437697,0.002775621659075531,1.4812657807635574,0,0,0,0,0,1,1,1,train
4946812,Công viên Nhân Chính - Khuất Duy Tiến,21.0031,105.79470000000002,2024-11-21,-0.49694032716368725,0.32846827174115323,-0.7449201778210366,0.329723424865269,139,76,156,156,-1.1088897595354832,0.28686451912029637,1.2562786984217587,0,0,0,0,0,1,1,1,train
4946812,Công viên Nhân Chính - Khuất Duy Tiến,21.0031,105.79470000000002,2024-11-22,0.15407734104106155,-0.3359623230374693,-1.1006011523330879,0.6529171852796317,83,129,137,156,-0.9146557618271965,0.5709534165815171,1.0312916160799595,0,0,0,0,0,1,1,1,train
4946812,Công viên Nhân Chính - Khuất Duy Tiến,21.0031,105.79470000000002,2024-11-23,0.44900696571554827,-0.1726751035876246,0.46062615158556014,-0.4558915660048074,18,86,85,156,-0.7204217641189099,0.8550423140427377,0.8063045337381605,45954,0,0,0,0,0,0,0,train
4946812,Công viên Nhân Chính - Khuất Duy Tiến,21.0031,105.79470000000002,2024-11-24,0.8782574592743986,-0.10415354314005532,0.3664430895217861,-0.8951537140768071,0,0,0,156,-0.6084966468343301,0.8851538167004827,0.6702419688513256,0,1,1,1,0,1,1,1,train
4946812,Công viên Nhân Chính - Khuất Duy Tiến,21.0031,105.79470000000002,2024-11-25,1.307507952833249,-0.035631982692486,0.27226002745801214,-0.9710741084060357,3,136,63,156,-0.49657152954975037,0.9152653193582277,0.5341794039644907,0,0,0,0,0,1,1,1,train
4946812,Công viên Nhân Chính - Khuất Duy Tiến,21.0031,105.79470000000002,2024-11-26,0.785677551900482,-0.06524538750904019,0.27912364062024086,-0.4754810494889624,0,0,0,156,-0.3846464122651706,0.9453768220159726,0.39811683907765577,0,1,1,1,0,1,1,1,train
4946812,Công viên Nhân Chính - Khuất Duy Tiến,21.0031,105.79470000000002,2024-11-27,0.26384715096771455,-0.0948587923255949,0.28598725378246964,0.5555527850011939,0,0,0,156,-0.2727212949805908,0.9754883246737176,0.26205427419082084,0,1,1,1,0,1,1,1,train
4946812,Công viên Nhân Chính - Khuất Duy Tiến,21.0031,105.79470000000002,2024-11-28,-0.2579832499650524,-0.12447219714214908,0.29285086694469836,-0.09153965533256604,87,104,102,156,-0.16079617769601104,1.0055998273314626,0.12599170930398593,45954,0,0,0,0,0,0,0,train
4946812,Công viên Nhân Chính - Khuất Duy Tiến,21.0031,105.79470000000002,2024-11-29,0.2642064421838744,-0.04426801745122381,-0.011213073861218852,-0.3329970827614586,123,79,130,156,-0.2798674456133698,0.8695758531284438,0.24273673760836845,0,0,0,0,0,1,1,1,train
4946812,Công viên Nhân Chính - Khuất Duy Tiến,21.0031,105.79470000000002,2024-11-30,4.4469760760410155,0.334741437645291,1.9277241161967302,-0.5995739369505184,156,93,156,156,-0.3989387135307286,0.733551878925425,0.35948176591275105,0,0,0,0,0,1,1,1,train
4946812,Công viên Nhân Chính - Khuất Duy Tiến,21.0031,105.79470000000002,2024-12-01,1.3781221248353916,0.09297637274385938,0.42520983138679674,-0.8363131778129509,29,68,125,156,-0.5180099814480873,0.5975279047224062,0.47622679421713354,0,0,0,0,0,1,1,1,train
4946812,Công viên Nhân Chính - Khuất Duy Tiến,21.0031,105.79470000000002,2024-12-02,0.584188678759883,-0.014008487273633496,0.5413707335744399,0.675737958558663,0,0,0,153,-0.6370812493654461,0.4615039305193875,0.592971822521516,0,1,1,1,0,1,1,1,train
4946812,Công viên Nhân Chính - Khuất Duy Tiến,21.0031,105.79470000000002,2024-12-03,-0.20974476731562552,-0.12099334729112586,0.6575316357620831,0.9648240403472826,0,78,8,156,-0.7561525172828049,0.3254799563163687,0.7097168508258985,45954,1,0,0,0,0,0,0,train
4946812,Công viên Nhân Chính - Khuất Duy Tiến,21.0031,105.79470000000002,2024-12-04,-1.0036782133911344,-0.33671149209836476,0.31961359065306644,-0.16478451340287611,6,36,19,156,-0.7278510940885805,0.1357527953034714,0.6460107668195807,0,0,0,0,0,1,1,1,train
4946812,Công viên Nhân Chính - Khuất Duy Tiến,21.0031,105.79470000000002,2024-12-05,-0.18090272415038242,-0.13095126863091283,-0.16893051950932378,-1.0939931378535948,6,111,46,156,-0.6995496708943559,-0.05397436570942584,0.5823046828132628,0,0,0,0,0,1,1,1,train
4946812,Công viên Nhân Chính - Khuất Duy Tiến,21.0031,105.79470000000002,2024-12-06,0.3282963132499248,-0.5779722928594244,-0.06711649673542194,-0.8008039579587624,0,21,0,156,-0.6712482477001316,-0.24370152672232318,0.5185985988069448,0,1,0,1,0,1,1,1,train
4946812,Công viên Nhân Chính - Khuất Duy Tiến,21.0031,105.79470000000002,2024-12-07,0.8374953506502325,-0.4073779251126985,0.03469752603847989,0.16278171507311845,0,0,0,156,-0.6429468245059072,-0.4334286877352205,0.45489251480062687,0,1,1,1,0,1,1,1,train
4946812,Công viên Nhân Chính - Khuất Duy Tiến,21.0031,105.79470000000002,2024-12-08,1.3466943880505402,-0.23678355736597254,0.13651154881238173,0.5581271204254795,0,0,0,156,-0.6146454013116828,-0.6231558487481178,0.3911864307943089,45954,1,1,1,0,0,0,0,train
4946812,Công viên Nhân Chính - Khuất Duy Tiến,21.0031,105.79470000000002,2024-12-09,1.8558934254508475,-0.0661891896192466,0.23832557158628356,0.18083196939775978,3,18,10,156,-0.6149367344249612,-0.4808744317295451,0.4080685168424543,0,0,0,0,0,1,1,1,train
4946812,Công viên Nhân Chính - Khuất Duy Tiến,21.0031,105.79470000000002,2024-12-10,3.3311408749910707,0.26818866185392115,0.18268651743723363,-1.076634731135092,70,122,101,156,-0.6152280675382397,-0.33859301471097236,0.42495060289059966,0,0,0,0,0,1,1,1,train
4946812,Công viên Nhân Chính - Khuất Duy Tiến,21.0031,105.79470000000002,2024-12-11,2.916229424904629,-0.25659567453912063,0.058148845998940484,-0.6144276155464566,0,47,0,156,-0.6155194006515181,-0.19631159769239967,0.4418326889387451,0,1,0,1,0,1,1,1,train
4946812,Công viên Nhân Chính - Khuất Duy Tiến,21.0031,105.79470000000002,2024-12-12,2.501317974818188,-0.32052322230713354,-0.06638882543935268,-0.08900718581862459,0,3,0,156,-0.6158107337647966,-0.05403018067382696,0.45871477498689045,0,1,0,1,0,1,1,1,train
4946812,Công viên Nhân Chính - Khuất Duy Tiến,21.0031,105.79470000000002,2024-12-13,2.0864065247317463,-0.3104931658320659,-0.19092649687764582,0.3782935433630916,0,0,0,156,-0.616102066878075,0.08825123634474576,0.47559686103503584,45954,1,1,1,0,0,0,0,train
4946812,Công viên Nhân Chính - Khuất Duy Tiến,21.0031,105.79470000000002,2024-12-14,1.6714950746453052,-0.30046310935699766,-0.315464168315939,0.43348458611745605,0,67,0,156,-0.05964286408733041,0.2509258248199234,-0.06540949211603615,0,1,0,1,0,1,1,1,train
4946812,Công viên Nhân Chính - Khuất Duy Tiến,21.0031,105.79470000000002,2024-12-15,1.2565836245588637,0.27419128691044664,-0.44000183975423207,0.18264087832640094,0,45,0,156,0.4968163387034141,0.41360041329510117,-0.6064158452671081,0,1,0,1,0,1,1,1,train
4946812,Công viên Nhân Chính - Khuất Duy Tiến,21.0031,105.79470000000002,2024-12-16,0.841672174472422,0.19630006783307952,-0.5645395111925253,-0.8168515615385628,141,102,156,156,1.0532755414941586,0.5762750017702788,-1.1474221984181803,0,0,0,0,0,1,1,1,train
4946812,Công viên Nhân Chính - Khuất Duy Tiến,21.0031,105.79470000000002,2024-12-17,3.3614279065705857,0.7098084144220811,0.7020795687006195,-0.29631454240139454,10,67,81,156,1.609734744284903,0.7389495902454566,-1.6884285515692523,0,0,0,0,0,1,1,1,train
4946812,Công viên Nhân Chính - Khuất Duy Tiến,21.0031,105.79470000000002,2024-12-18,0.2812250724409557,0.7109137592359901,-0.7842309094736946,0.9205699216967833,150,97,152,150,2.1661939470756475,0.9016241787206343,-2.229434904720324,45954,0,0,0,0,0,0,0,train
4946812,Công viên Nhân Chính - Khuất Duy Tiến,21.0031,105.79470000000002,2024-12-19,1.2968253825706535,1.0005449181365182,-0.3136393543463978,0.30436230048619667,152,127,156,156,2.007043150579762,0.8473454450941434,-2.0585446072254094,0,0,0,0,0,1,1,1,train
4946812,Công viên Nhân Chính - Khuất Duy Tiến,21.0031,105.79470000000002,2024-12-20,3.042477278974473,0.9393579600637835,2.0268534394237374,-0.6401196079021559,138,54,143,156,1.8478923540838763,0.7930667114676527,-1.8876543097304945,0,0,0,0,0,1,1,1,train
4946812,Công viên Nhân Chính - Khuất Duy Tiến,21.0031,105.79470000000002,2024-12-21,2.605427933145856,1.079677025174236,0.9437426673620638,-1.0710334187251833,71,109,109,156,1.6887415575879903,0.7387879778411619,-1.71676401223558,0,0,0,0,0,1,1,1,train
4946812,Công viên Nhân Chính - Khuất Duy Tiến,21.0031,105.79470000000002,2024-12-22,6.155550438378821,1.6636538990567207,3.6809537608733764,-0.36294757279357825,40,21,156,156,1.5295907610921047,0.6845092442146711,-1.545873714740665,0,0,0,0,0,1,1,1,train
4946812,Công viên Nhân Chính - Khuất Duy Tiến,21.0031,105.79470000000002,2024-12-23,0.4909623347668423,2.601254114870732,0.17776332682563284,0.87343541646999,82,15,156,156,1.370439964596219,0.6302305105881802,-1.3749834172457505,45954,0,0,0,0,0,0,0,train
4946812,Công viên Nhân Chính - Khuất Duy Tiến,21.0031,105.79470000000002,2024-12-24,2.096996734820733,-0.09073668070113432,0.9508011863740773,0.742694748009299,0,9,0,156,1.4572547501781172,0.6818668760039986,-1.4672260617123707,0,1,0,1,0,1,1,1,train
4946812,Công viên Nhân Chính - Khuất Duy Tiến,21.0031,105.79470000000002,2024-12-25,3.7030311348746223,0.9422141841536045,1.7238390459225217,0.48491835005320844,47,63,70,156,1.5440695357600156,0.7335032414198172,-1.559468706178991,0,0,0,0,0,1,1,1,train
4946812,Công viên Nhân Chính - Khuất Duy Tiến,21.0031,105.79470000000002,2024-12-26,2.4043980274698518,-0.011134672574268317,1.3092207656082346,-1.0384256677102723,0,136,14,156,1.6308843213419137,0.7851396068356357,-1.6517113506456114,0,1,0,0,0,1,1,1,train
4946812,Công viên Nhân Chính - Khuất Duy Tiến,21.0031,105.79470000000002,2024-12-27,1.1057649200650814,-0.10761275696181137,0.4602259286779628,-0.7415436875752232,0,132,0,156,1.7176991069238126,0.8367759722514541,-1.7439539951122311,0,1,0,1,0,1,1,1,train
4946812,Công viên Nhân Chính - Khuất Duy Tiến,21.0031,105.79470000000002,2024-12-28,-0.19286818733968897,0.8350726449859595,-0.3887689082523089,0.15403917534022932,139,127,155,156,1.804513892505711,0.8884123376672725,-1.8361966395788514,45954,0,0,0,0,0,0,0,train
4946812,Công viên Nhân Chính - Khuất Duy Tiến,21.0031,105.79470000000002,2024-12-29,1.610486360461831,0.8366045279910653,-2.9614240358601367,0.5717292710838795,144,106,156,156,1.6288671154025987,0.8221197351216614,-1.6303699479875493,0,0,0,0,0,1,1,1,train
4946812,Công viên Nhân Chính - Khuất Duy Tiến,21.0031,105.79470000000002,2024-12-30,1.4525162975534618,0.8510862813873095,-2.754440627706129,0.3216021885302805,0,0,2,156,1.4532203382994864,0.7558271325760502,-1.4245432563962466,0,1,1,0,0,1,1,1,train
4946812,Công viên Nhân Chính - Khuất Duy Tiến,21.0031,105.79470000000002,2024-12-31,1.2945462346450922,0.8655680347835542,-1.032001936694266,-0.10192356569881447,0,0,0,156,1.277573561196374,0.6895345300304391,-1.2187165648049445,0,1,1,1,0,1,1,1,train
4946812,Công viên Nhân Chính - Khuất Duy Tiến,21.0031,105.79470000000002,2025-01-01,1.136576171736723,0.8800497881797983,0.6904367543175971,-0.589965501495628,156,103,156,156,1.1019267840932618,0.6232419274848279,-1.012889873213642,0,0,0,0,0,1,1,1,train
4946812,Công viên Nhân Chính - Khuất Duy Tiến,21.0031,105.79470000000002,2025-01-02,2.771663554759216,0.6484703680130725,2.1854560401602963,-0.002310380748281468,54,83,86,156,0.9262800069901496,0.5569493249392167,-0.8070631816223397,45954,0,0,0,0,0,0,0,train
4946812,Công viên Nhân Chính - Khuất Duy Tiến,21.0031,105.79470000000002,2025-01-03,0.06972281738981476,1.105600947362903,0.967646456676346,1.1397949382086334,141,58,136,151,0.6196686936919301,0.5232157726544093,-0.5317834352852986,0,0,0,0,0,1,1,1,train
4946812,Công viên Nhân Chính - Khuất Duy Tiến,21.0031,105.79470000000002,2025-01-04,1.5946775469546886,1.060940162418293,0.7533187058398497,0.472287491500946,147,125,156,156,0.31305738039371056,0.4894822203696018,-0.2565036889482576,0,0,0,0,0,1,1,1,train
4946812,Công viên Nhân Chính - Khuất Duy Tiến,21.0031,105.79470000000002,2025-01-05,0.24280679346873657,1.5409832606912783,0.8309030176098313,0.30157554157238453,156,31,156,156,0.006446067095491127,0.4557486680847943,0.018776057388783518,0,0,0,0,0,1,1,1,train
4946812,Công viên Nhân Chính - Khuất Duy Tiến,21.0031,105.79470000000002,2025-01-06,2.815530576369341,1.7469210265899788,0.8647618430036491,-0.3143262006567637,156,96,156,156,-0.30016524620272844,0.4220151157999869,0.29405580372582457,0,0,0,0,0,1,1,1,train
4946812,Công viên Nhân Chính - Khuất Duy Tiến,21.0031,105.79470000000002,2025-01-07,2.2160224040961682,0.6984617894572214,-0.043140298709724585,-0.43998437149093966,0,20,10,156,-0.6067765595009478,0.3882815635151794,0.5693355500628658,45954,1,0,0,0,0,0,0,train
4946812,Công viên Nhân Chính - Khuất Duy Tiến,21.0031,105.79470000000002,2025-01-08,1.6165142318229966,0.5809600630725299,-1.3919433351023196,0.14869307477251462,0,38,18,156,-0.15638476766801196,0.4546037412542155,0.1130202721849449,0,1,0,0,0,1,1,1,train
4946812,Công viên Nhân Chính - Khuất Duy Tiến,21.0031,105.79470000000002,2025-01-09,1.017006059549824,0.41324519174660296,-2.593532088117084,0.49247104090548915,0,5,9,156,0.29400702416492386,0.5209259189932516,-0.34329500569297616,0,1,0,0,0,1,1,1,train
4946812,Công viên Nhân Chính - Khuất Duy Tiến,21.0031,105.79470000000002,2025-01-10,0.4174978872766518,0.5221805640041755,-1.3439124756278498,0.3273965111481121,0,0,0,156,0.7443988159978595,0.5872480967322877,-0.7996102835708971,0,1,1,1,0,1,1,1,train
4946812,Công viên Nhân Chính - Khuất Duy Tiến,21.0031,105.79470000000002,2025-01-11,-0.1820102849965203,0.6311159362617479,-0.09429286313861568,-0.6964594174927952,38,58,64,156,1.1947906078307953,0.6535702744713238,-1.255925561448818,0,0,0,0,0,1,1,1,train
4946812,Công viên Nhân Chính - Khuất Duy Tiến,21.0031,105.79470000000002,2025-01-12,0.22569986282804563,0.4572915326088659,0.13028738737757528,-0.3475415150182222,156,123,156,156,1.6451823996637311,0.7198924522103599,-1.7122408393267392,45954,0,0,0,0,0,0,0,train
4946812,Công viên Nhân Chính - Khuất Duy Tiến,21.0031,105.79470000000002,2025-01-13,4.826261746787805,0.7516287931893375,4.112431125912994,0.4138326845027044,156,134,156,156,1.5032852545927966,0.7035471180635203,-1.5595911974407795,0,0,0,0,0,1,1,1,train
4946812,Công viên Nhân Chính - Khuất Duy Tiến,21.0031,105.79470000000002,2025-01-14,0.1692617084443672,0.2990878629570072,4.93898089753433,0.9169324847930701,86,92,111,156,1.3613881095218623,0.6872017839166807,-1.4069415555548197,0,0,0,0,0,1,1,1,train
4946812,Công viên Nhân Chính - Khuất Duy Tiến,21.0031,105.79470000000002,2025-01-15,0.15355743447204973,0.37780652248968644,-0.4201909763939576,0.6595470194798245,0,64,58,156,1.2194909644509278,0.6708564497698413,-1.2542919136688595,0,1,0,0,0,1,1,1,train
4946812,Công viên Nhân Chính - Khuất Duy Tiến,21.0031,105.79470000000002,2025-01-16,0.13785316049973229,0.9318332700167875,0.554620044428139,-0.3017961099464813,156,98,156,156,1.0775938193799937,0.6545111156230017,-1.1016422717829,0,0,0,0,0,1,1,1,train
4946812,Công viên Nhân Chính - Khuất Duy Tiến,21.0031,105.79470000000002,2025-01-17,4.975230583619309,1.07499846847979,2.6599771009576956,-0.4610293075215767,156,79,156,156,0.9356966743090591,0.6381657814761621,-0.94899262989694,45954,0,0,0,0,0,0,0,train
4946812,Công viên Nhân Chính - Khuất Duy Tiến,21.0031,105.79470000000002,2025-01-18,2.6711571655368442,0.06843379066928222,0.2975002342940806,0.013532999606952064,0,2,0,156,0.5903489033374711,0.4726732959337569,-0.5947884819123113,0,1,0,1,0,1,1,1,train
4946812,Công viên Nhân Chính - Khuất Duy Tiến,21.0031,105.79470000000002,2025-01-19,0.3670837474543801,0.7471564148021531,-2.064976632369534,0.7206356237382809,1,0,10,150,0.2450011323658831,0.30718081039135176,-0.2405843339276828,0,0,1,0,0,1,1,1,train
4946812,Công viên Nhân Chính - Khuất Duy Tiến,21.0031,105.79470000000002,2025-01-20,1.2843387441304612,1.4258790389350244,0.7594564958793,0.382134882479577,156,134,156,156,-0.10034663860570493,0.14168832484894656,0.11361981405694571,0,0,0,0,0,1,1,1,train
4946812,Công viên Nhân Chính - Khuất Duy Tiến,21.0031,105.79470000000002,2025-01-21,1.528609068549274,0.7270840293337302,0.476701349198317,-0.33334019211228094,156,52,156,156,-0.44569440957729284,-0.02380416069345863,0.4678239620415744,0,0,0,0,0,1,1,1,train
4946812,Công viên Nhân Chính - Khuất Duy Tiến,21.0031,105.79470000000002,2025-01-22,1.1774997415002562,0.4215838679325689,0.5755272900193689,-0.009260629511949075,0,0,0,156,-0.7910421805488811,-0.1892966462358638,0.8220281100262029,45954,1,1,1,0,0,0,0,train
4946812,Công viên Nhân Chính - Khuất Duy Tiến,21.0031,105.79470000000002,2025-01-23,0.8263904144512382,0.11608370653140766,0.6743532308404205,-0.18434595688003172,0,0,0,156,-0.22970813308316948,0.043475602172247,0.19947788999413318,0,1,1,1,0,1,1,1,train
4946812,Công viên Nhân Chính - Khuất Duy Tiến,21.0031,105.79470000000002,2025-01-24,0.47528108740222036,-0.1894164548697536,0.7731791716614723,-0.22807734888247674,0,9,0,156,0.3316259143825421,0.27624785058035783,-0.4230723300379365,0,1,0,1,0,1,1,1,train
4946812,Công viên Nhân Chính - Khuất Duy Tiến,21.0031,105.79470000000002,2025-01-25,0.12417176035320202,0.2988435034817364,0.8720051124825241,1.052656629939691,0,0,0,156,0.8929599618482534,0.5090200989884687,-1.045622550070006,0,1,1,1,0,1,1,1,train
4946812,Công viên Nhân Chính - Khuất Duy Tiến,21.0031,105.79470000000002,2025-01-26,-0.2269375666958156,0.7871034618332259,0.9708310533035759,0.239743953182113,0,0,0,156,1.4542940093139651,0.7417923473965794,-1.668172770102076,0,1,1,1,0,1,1,1,train
4946812,Công viên Nhân Chính - Khuất Duy Tiến,21.0031,105.79470000000002,2025-01-27,-0.5780468937448338,1.2753634201847157,1.0696569941246277,-0.10328507377030204,114,108,136,156,2.0156280567796774,0.9745645958046902,-2.2907229901341455,45954,0,0,0,0,0,0,0,train
4946812,Công viên Nhân Chính - Khuất Duy Tiến,21.0031,105.79470000000002,2025-01-28,-1.0175917403596446,0.810117706296866,0.0767569863040756,-0.7872978122231555,28,97,102,156,1.4419693211046387,0.6288714943829987,-1.6650520815382341,0,0,0,0,0,1,1,1,train
4946812,Công viên Nhân Chính - Khuất Duy Tiến,21.0031,105.79470000000002,2025-01-29,-0.4274360630705796,1.0129584340246462,0.2501508572883981,-0.575611108221339,0,15,12,156,0.8683105854295998,0.2831783929613071,-1.0393811729423224,0,1,0,0,0,1,1,1,train
4946812,Công viên Nhân Chính - Khuất Duy Tiến,21.0031,105.79470000000002,2025-01-30,0.16271961421848563,0.7604835514962451,3.025436035762436,0.8551756086319113,153,43,156,156,0.29465184975456116,-0.06251470846038447,-0.41371026434641034,0,0,0,0,0,1,1,1,train
4946812,Công viên Nhân Chính - Khuất Duy Tiến,21.0031,105.79470000000002,2025-01-31,-1.0499590325556272,0.1438546881763614,-0.0819433735705392,0.5719927396480486,36,73,54,156,-0.2790068859204775,-0.40820780988207606,0.2119606442495011,0,0,0,0,0,1,1,1,train
4946812,Công viên Nhân Chính - Khuất Duy Tiến,21.0031,105.79470000000002,2025-02-01,0.265941240237722,-0.19309139229077404,0.06196539046478953,-0.15671797971732512,3,56,21,156,-0.8526656215955163,-0.7539009113037675,0.837631552845413,45954,0,0,0,0,0,0,0,train
4946812,Công viên Nhân Chính - Khuất Duy Tiến,21.0031,105.79470000000002,2025-02-02,-0.09942591338412972,-0.1913099680804485,1.5020500181970655,-0.4359252296044316,0,1,0,156,-0.8250923324605016,-0.6566479339348146,0.755575717224097,0,1,0,1,0,1,1,1,train
4946812,Công viên Nhân Chính - Khuất Duy Tiến,21.0031,105.79470000000002,2025-02-03,-0.46479306700598094,0.10145354657141029,2.9421346459293414,-0.554326861630433,0,0,0,156,-0.7975190433254872,-0.5593949565658617,0.6735198816027808,0,1,1,1,0,1,1,1,train
4946812,Công viên Nhân Chính - Khuất Duy Tiến,21.0031,105.79470000000002,2025-02-04,-0.8301602206278326,0.39421706122326905,4.382219273661616,0.3977006697516735,86,49,146,149,-0.7699457541904725,-0.46214197919690886,0.5914640459814647,0,0,0,0,0,1,1,1,train
4946812,Công viên Nhân Chính - Khuất Duy Tiến,21.0031,105.79470000000002,2025-02-05,-0.47008218507190036,0.42549381953344906,3.801191037510398,0.7433008182777314,0,0,0,156,-0.7423724650554578,-0.364889001827956,0.5094082103601486,0,1,1,1,0,1,1,1,train
4946812,Công viên Nhân Chính - Khuất Duy Tiến,21.0031,105.79470000000002,2025-02-06,-0.11000414951596811,0.45677057784362907,3.2201628013591805,0.6639998562036905,0,0,0,156,-0.7147991759204433,-0.26763602445900314,0.4273523747388326,45954,1,1,1,0,0,0,0,train
4946812,Công viên Nhân Chính - Khuất Duy Tiến,21.0031,105.79470000000002,2025-02-07,0.2500738860399644,0.4880473361538086,2.639134565207963,-0.15488092626621655,0,0,0,156,-0.8221221479888072,-0.07151956986388211,0.6364151051061054,0,1,1,1,0,1,1,1,train
4946812,Công viên Nhân Chính - Khuất Duy Tiến,21.0031,105.79470000000002,2025-02-08,0.6101519215958964,0.5193240944639885,2.0581063290567445,-0.3714819475756769,0,0,0,156,-0.9294451200571712,0.12459688473123892,0.8454778354733784,0,1,1,1,0,1,1,1,train
4946812,Công viên Nhân Chính - Khuất Duy Tiến,21.0031,105.79470000000002,2025-02-09,0.9702299571518285,0.5506008527741686,1.4770780929055265,0.0742043333246151,0,2,0,156,-1.0367680921255353,0.32071333932635987,1.0545405658406515,0,1,0,1,0,1,1,1,train
4946812,Công viên Nhân Chính - Khuất Duy Tiến,21.0031,105.79470000000002,2025-02-10,1.330307992707761,0.7124498694418421,0.896049856754309,0.626429471873335,0,0,0,156,-1.144091064193899,0.5168297939214809,1.2636032962079242,0,1,1,1,0,1,1,1,train
4946812,Công viên Nhân Chính - Khuất Duy Tiến,21.0031,105.79470000000002,2025-02-11,1.6903860282636933,0.8742988861095156,0.3150216206030908,-0.02768222729456698,67,146,153,156,-1.2514140362622632,0.7129462485166018,1.472666026575197,45954,0,0,0,0,0,0,0,train
4946812,Công viên Nhân Chính - Khuất Duy Tiến,21.0031,105.79470000000002,2025-02-12,1.6338751118508696,0.03725013986452395,-1.071624167308028,-0.14397491634472206,0,10,5,156,-1.1523249207226824,0.4704047869189564,1.2779825173636812,0,1,0,0,0,1,1,1,train
4946812,Công viên Nhân Chính - Khuất Duy Tiến,21.0031,105.79470000000002,2025-02-13,1.5773641954380464,0.2659926992480562,0.7476809327976569,-0.20064502467595707,0,31,7,156,-1.053235805183102,0.22786332532131096,1.0832990081521654,0,1,0,0,0,1,1,1,train
4946812,Công viên Nhân Chính - Khuất Duy Tiến,21.0031,105.79470000000002,2025-02-14,1.5208532790252225,0.5969244275856445,-1.0666360907698065,0.5349512334475812,0,18,5,156,-0.954146689643521,-0.01467813627633441,0.8886154989406496,0,1,0,0,0,1,1,1,train
4946812,Công viên Nhân Chính - Khuất Duy Tiến,21.0031,105.79470000000002,2025-02-15,1.4643423626123988,0.5740748621359364,-1.0372406108985457,1.249152637753456,0,0,0,156,-0.8550575741039403,-0.25721959787397997,0.6939319897291337,0,1,1,1,0,1,1,1,train
4946812,Công viên Nhân Chính - Khuất Duy Tiến,21.0031,105.79470000000002,2025-02-16,1.4078314461995756,0.5512252966862288,-1.007845131027285,0.8700670322425962,0,0,0,156,-0.7559684585643597,-0.4997610594716253,0.49924848051761783,45954,1,1,1,0,0,0,0,train
4946812,Công viên Nhân Chính - Khuất Duy Tiến,21.0031,105.79470000000002,2025-02-17,1.3513205297867517,0.5283757312365212,-0.9784496511560244,1.0242658690296036,0,0,0,156,-0.7390103457959137,-0.5833371898081127,0.4723601776057042,0,1,1,1,0,1,1,1,train
4946812,Công viên Nhân Chính - Khuất Duy Tiến,21.0031,105.79470000000002,2025-02-18,1.294809613373928,0.5055261657868131,-0.9490541712847637,0.828402269382219,0,0,0,156,-0.7220522330274679,-0.6669133201446,0.4454718746937906,0,1,1,1,0,1,1,1,train
4946812,Công viên Nhân Chính - Khuất Duy Tiến,21.0031,105.79470000000002,2025-02-19,-0.22888979598609036,0.482676600337105,-0.919658691413503,0.8374079790636544,0,0,0,156,-0.7050941202590221,-0.7504894504810874,0.4185835717818771,0,1,1,1,0,1,1,1,train
4946812,Công viên Nhân Chính - Khuất Duy Tiến,21.0031,105.79470000000002,2025-02-20,-0.22888979598609036,0.45982703488739746,-0.8902632115422424,0.637360565507161,0,8,0,147,-0.6881360074905761,-0.8340655808175748,0.3916952688699635,0,1,0,1,0,1,1,1,train
4946812,Công viên Nhân Chính - Khuất Duy Tiến,21.0031,105.79470000000002,2025-02-21,-0.22888979598609036,0.5035241544236849,-0.8608677316709819,0.6632914204996949,0,0,0,156,-0.6711778947221303,-0.917641711154062,0.36480696595804984,45954,1,1,1,0,0,0,0,train
4946812,Công viên Nhân Chính - Khuất Duy Tiến,21.0031,105.79470000000002,2025-02-22,-0.22888979598609036,0.5472212739599723,-0.03385051780258636,0.9606989641312171,0,0,0,156,-0.701650819438984,-1.117754014701027,0.4134845987651391,0,1,1,1,0,1,1,1,train
4946812,Công viên Nhân Chính - Khuất Duy Tiến,21.0031,105.79470000000002,2025-02-23,-0.22888979598609036,0.5909183934962599,-0.03385051780258636,0.26135503830508333,0,0,0,156,-0.7321237441558375,-1.3178663182479922,0.46216223157222835,0,1,1,1,0,1,1,1,train
4946812,Công viên Nhân Chính - Khuất Duy Tiến,21.0031,105.79470000000002,2025-02-24,-0.22888979598609036,0.6346155130325473,-0.03385051780258636,-0.3967250012037643,0,0,0,156,-0.7625966688726912,-1.517978621794957,0.5108398643793176,0,1,1,1,0,1,1,1,train
4946812,Công viên Nhân Chính - Khuất Duy Tiến,21.0031,105.79470000000002,2025-02-25,0.8992331984841629,0.6783126325688348,-0.743285812185939,-0.5013512556484658,0,0,0,156,-0.7930695935895448,-1.718090925341922,0.5595174971864068,0,1,1,1,0,1,1,1,train
4946812,Công viên Nhân Chính - Khuất Duy Tiến,21.0031,105.79470000000002,2025-02-26,0.8427222820713391,0.7220097521051222,-0.7138903323146785,0.5358596371035159,0,5,0,156,-0.8235425183063985,-1.9182032288888868,0.608195129993496,45954,1,0,1,0,0,0,0,train
4946812,Công viên Nhân Chính - Khuất Duy Tiến,21.0031,105.79470000000002,2025-02-27,0.7862113656585153,-0.4833978124198332,-0.6844948524434177,0.05688377613632644,0,2,0,156,-0.8275357005821571,-1.5516458668072752,0.630471133998226,0,1,0,1,0,1,1,1,train
4946812,Công viên Nhân Chính - Khuất Duy Tiến,21.0031,105.79470000000002,2025-02-28,0.7297004492456921,-0.25223947599174396,-0.6550993725721571,0.31276713021199665,0,0,0,156,-0.8315288828579156,-1.185088504725663,0.652747138002956,0,1,1,1,0,1,1,1,train
4946812,Công viên Nhân Chính - Khuất Duy Tiến,21.0031,105.79470000000002,2025-03-01,0.6731895328328683,-0.021081139563654153,-0.6257038927008965,0.41287247103617986,0,27,0,156,-0.8355220651336742,-0.8185311426440509,0.6750231420076861,0,1,0,1,0,1,1,1,train
4946812,Công viên Nhân Chính - Khuất Duy Tiến,21.0031,105.79470000000002,2025-03-02,0.616678616420045,0.002322552813698536,-0.5963084128296358,0.434501655998599,0,115,0,156,-0.8395152474094328,-0.45197378056243886,0.6972991460124159,0,1,0,1,0,1,1,1,train
4946812,Công viên Nhân Chính - Khuất Duy Tiến,21.0031,105.79470000000002,2025-03-03,0.5601677000072207,0.12635257712163014,-0.5669129329583751,1.8101225108598942,0,0,0,156,-0.8435084296851915,-0.08541641848082664,0.719575150017146,45954,1,1,1,0,0,0,0,train
4946812,Công viên Nhân Chính - Khuất Duy Tiến,21.0031,105.79470000000002,2025-03-04,0.5036567835943975,0.25038260142956126,-0.5375174530871145,0.9478685855504501,41,156,133,156,-0.8413511908267699,-0.004069204125970257,0.7475614863683562,0,0,0,0,0,1,1,1,train
4946812,Công viên Nhân Chính - Khuất Duy Tiến,21.0031,105.79470000000002,2025-03-05,0.49345329366320423,0.6066183534209016,0.03143409678960382,1.1734971752049492,0,42,12,156,-0.8391939519683483,0.07727801022888632,0.7755478227195662,0,1,0,0,0,1,1,1,train
4946812,Công viên Nhân Chính - Khuất Duy Tiến,21.0031,105.79470000000002,2025-03-06,0.483249803732011,0.905972755839271,-0.030907275633035042,-0.10413711372739629,0,0,0,156,-0.8370367131099268,0.1586252245837428,0.8035341590707763,0,1,1,1,0,1,1,1,train
4946812,Công viên Nhân Chính - Khuất Duy Tiến,21.0031,105.79470000000002,2025-03-07,0.47304631380081824,1.2053271582576404,-0.09324864805567393,0.18833519457209127,0,23,0,156,-0.8348794742515051,0.2399724389385993,0.8315204954219865,0,1,0,1,0,1,1,1,train
4946812,Công viên Nhân Chính - Khuất Duy Tiến,21.0031,105.79470000000002,2025-03-08,0.46284282386962505,0.7226775589151357,-0.1555900204783128,0.7203358733759176,0,0,0,144,-0.8327222353930835,0.32131965329345574,0.8595068317731966,45954,1,1,1,0,0,0,0,train
4946812,Công viên Nhân Chính - Khuất Duy Tiến,21.0031,105.79470000000002,2025-03-09,0.45263933393843186,0.2400279595726313,-0.21793139290095168,0.3923525759246753,0,0,0,156,-0.8313163813002572,0.2523000985897839,0.8204828033524085,0,1,1,1,0,1,1,1,train
4946812,Công viên Nhân Chính - Khuất Duy Tiến,21.0031,105.79470000000002,2025-03-10,0.4424358440072386,-0.24262163976987372,-0.2802727653235905,0.3021512720269338,0,2,0,156,-0.8299105272074309,0.18328054388611206,0.7814587749316204,0,1,0,1,0,1,1,1,train
4946812,Công viên Nhân Chính - Khuất Duy Tiến,21.0031,105.79470000000002,2025-03-11,0.43223235407604543,0.6717093359227202,-0.34261413774622945,0.8733557458217748,0,0,0,156,-0.8285046731146046,0.11426098918244021,0.7424347465108323,0,1,1,1,0,1,1,1,train
4946812,Công viên Nhân Chính - Khuất Duy Tiến,21.0031,105.79470000000002,2025-03-12,0.4220288641448527,1.5860403116153137,-0.4049555101688683,0.9359247967543579,0,41,0,156,-0.8270988190217783,0.04524143447876836,0.7034107180900442,0,1,0,1,0,1,1,1,train
4946812,Công viên Nhân Chính - Khuất Duy Tiến,21.0031,105.79470000000002,2025-03-13,0.41182537421365945,2.0758757885924934,-0.4672968825915072,0.24435472397628613,0,19,0,156,-0.825692964928952,-0.023778120224903485,0.6643866896692561,45954,1,0,1,0,0,0,0,train
4946812,Công viên Nhân Chính - Khuất Duy Tiến,21.0031,105.79470000000002,2025-03-14,0.40162188428246626,0.6910685517172291,-0.5296382550141461,1.6070847903162822,13,64,54,156,-0.7531210386472719,0.048644038559032744,0.5610656571636464,0,0,0,0,0,1,1,1,train
4946812,Công viên Nhân Chính - Khuất Duy Tiến,21.0031,105.79470000000002,2025-03-15,0.08687218549935255,1.4750640195662605,-0.20790653338845147,3.2892887211953323,0,7,2,156,-0.6805491123655918,0.12106619734296897,0.4577446246580369,0,1,0,0,0,1,1,1,train
4946812,Công viên Nhân Chính - Khuất Duy Tiến,21.0031,105.79470000000002,2025-03-16,-0.2278775132837609,1.9102589724487509,-2.7813211693721955,1.155325458975654,1,9,8,156,-0.6079771860839117,0.1934883561269052,0.3544235921524272,0,0,0,0,0,1,1,1,train
4946812,Công viên Nhân Chính - Khuất Duy Tiến,21.0031,105.79470000000002,2025-03-17,-0.3907716758414797,2.098720672303748,-2.1591945328262385,1.4026661516856878,0,0,0,156,-0.5354052598022315,0.26591051491084144,0.25110255964681766,0,1,1,1,0,1,1,1,train
4946812,Công viên Nhân Chính - Khuất Duy Tiến,21.0031,105.79470000000002,2025-03-18,-0.5536658383991987,2.287182372158744,-1.5370678962802813,0.7482439519929944,0,0,0,156,-0.4628333335205515,0.33833267369477765,0.147781527141208,45954,1,1,1,0,0,0,0,train
4946812,Công viên Nhân Chính - Khuất Duy Tiến,21.0031,105.79470000000002,2025-03-19,-0.7165600009569175,2.475644072013741,-0.9149412597343242,1.5714292488068256,15,98,114,156,-0.6917099463657972,0.4762943714702377,0.4841241041859821,0,0,0,0,0,1,1,1,train
4946812,Công viên Nhân Chính - Khuất Duy Tiến,21.0031,105.79470000000002,2025-03-20,0.3347675832104015,1.3726015825383038,-0.16456205996419776,1.107713825706438,84,107,117,156,-0.9205865592110428,0.6142560692456978,0.8204666812307563,0,0,0,0,0,1,1,1,train
4946812,Công viên Nhân Chính - Khuất Duy Tiến,21.0031,105.79470000000002,2025-03-21,3.194140292454843,1.5498860181808323,1.1024563416421167,0.13549950494027876,156,84,156,156,-1.1494631720562885,0.752217767021158,1.1568092582755305,0,0,0,0,0,1,1,1,train
4946812,Công viên Nhân Chính - Khuất Duy Tiến,21.0031,105.79470000000002,2025-03-22,1.019966888131249,1.7361686642329375,0.5137208866865192,0.2517632096115269,156,88,156,156,-1.3783397849015344,0.8901794647966179,1.4931518353203044,0,0,0,0,0,1,1,1,train
4946812,Công viên Nhân Chính - Khuất Duy Tiến,21.0031,105.79470000000002,2025-03-23,0.1140211914475778,1.7269124582166568,0.18864576652375617,0.41300409333740584,142,93,156,156,-1.60721639774678,1.028141162572078,1.8294944123650787,45954,0,0,0,0,0,0,0,train
4946812,Công viên Nhân Chính - Khuất Duy Tiến,21.0031,105.79470000000002,2025-03-24,-0.27619482347943436,1.7088429477330183,0.8910419921681525,1.438596777907048,137,92,137,137,-1.1347364254739374,0.7488995565866153,1.0438401356629887,0,0,0,0,0,1,1,1,train
4946812,Công viên Nhân Chính - Khuất Duy Tiến,21.0031,105.79470000000002,2025-03-25,2.4294660750240866,3.0848393346445904,-0.018495158613043725,1.8967649977484142,156,143,156,156,-0.6622564532010949,0.4696579506011528,0.25818585896089896,45954,0,0,0,0,0,0,0,train
4946812,Công viên Nhân Chính - Khuất Duy Tiến,21.0031,105.79470000000002,2025-03-26,0.9433870483278641,1.9277094025653616,0.20976408905764218,2.648630163489955,0,35,9,156,-0.69970417066969,0.4478944348469323,0.35744887112846996,0,1,0,0,0,1,1,1,train
4946812,Công viên Nhân Chính - Khuất Duy Tiến,21.0031,105.79470000000002,2025-03-27,-0.5426919783683584,1.1013595650421897,-1.4277688320010709,3.6109918708063002,3,25,6,156,-0.7371518881382852,0.4261309190927118,0.4567118832960409,0,0,0,0,0,1,1,1,train
4946812,Công viên Nhân Chính - Khuất Duy Tiến,21.0031,105.79470000000002,2025-03-28,-0.5156276316816026,2.223195098135058,-0.2570818329290484,2.4514291839134215,0,124,52,156,-0.7745996056068805,0.4043674033384912,0.5559748954636119,45954,1,0,0,0,0,0,0,train
4946812,Công viên Nhân Chính - Khuất Duy Tiến,21.0031,105.79470000000002,2025-03-29,-0.4885632849948466,1.832202483458422,-0.5152908099319511,0.3517004149091821,0,0,0,156,-0.7634836208919669,0.3790852817801674,0.5818987782493008,0,1,1,1,0,1,1,1,train
4946812,Công viên Nhân Chính - Khuất Duy Tiến,21.0031,105.79470000000002,2025-03-30,-0.4614989383080908,1.4412098687817865,-0.7734997869348537,1.5205014293211145,0,4,0,156,-0.7523676361770532,0.3538031602218436,0.6078226610349897,0,1,0,1,0,1,1,1,train
4946812,Công viên Nhân Chính - Khuất Duy Tiến,21.0031,105.79470000000002,2025-03-31,-0.4344345916213348,2.223414367128492,-1.0317087639377565,1.3818823848789228,0,9,35,156,-0.7412516514621396,0.3285210386635198,0.6337465438206786,0,1,0,0,0,1,1,1,train
4946812,Công viên Nhân Chính - Khuất Duy Tiến,21.0031,105.79470000000002,2025-04-01,-0.4073702449345791,1.6801879811410723,0.11101315078617903,-0.11501562115001279,135,152,155,156,-0.730135666747226,0.30323891710519596,0.6596704266063674,0,0,0,0,0,1,1,1,train
4946812,Công viên Nhân Chính - Khuất Duy Tiến,21.0031,105.79470000000002,2025-04-02,0.3744499785939514,1.7402060500274263,0.5598461290570551,-0.05750016185163877,55,138,151,156,-0.7190196820323124,0.27795679554687214,0.6855943093920562,45954,0,0,0,0,0,0,0,train
4946812,Công viên Nhân Chính - Khuất Duy Tiến,21.0031,105.79470000000002,2025-04-03,0.5678887155152972,2.5577635827256473,0.7120089294887612,1.6841959443037695,71,91,156,156,-0.7540756899294319,0.34980050927125084,0.6755082989780894,0,0,0,0,0,1,1,1,train
4946812,Công viên Nhân Chính - Khuất Duy Tiến,21.0031,105.79470000000002,2025-04-04,1.6152203267173186,3.1806740663511603,0.06405048459995731,2.470039626216022,103,124,153,156,-0.7891316978265512,0.42164422299562954,0.6654222885641222,0,0,0,0,0,1,1,1,train
4946812,Công viên Nhân Chính - Khuất Duy Tiến,21.0031,105.79470000000002,2025-04-05,1.487703947559505,2.3220834142070497,0.02758346298664909,1.4881445154295205,0,0,0,156,-0.8241877057236707,0.4934879367200083,0.6553362781501554,0,1,1,1,0,1,1,1,train
4946812,Công viên Nhân Chính - Khuất Duy Tiến,21.0031,105.79470000000002,2025-04-06,1.3601875684016917,1.4634927620629388,-0.008883558626659132,0.7282233869954825,0,0,0,156,-0.8592437136207902,0.5653316504443869,0.6452502677361884,0,1,1,1,0,1,1,1,train
4946812,Công viên Nhân Chính - Khuất Duy Tiến,21.0031,105.79470000000002,2025-04-07,1.2326711892438784,0.6049021099188273,-0.04535058023996735,0.7600050178893752,0,18,0,156,-0.8942997215179096,0.6371753641687656,0.6351642573222214,45954,1,0,1,0,0,0,0,train
4946812,Công viên Nhân Chính - Khuất Duy Tiến,21.0031,105.79470000000002,2025-04-08,1.1051548100860653,0.97251366819629,-0.08181760185327558,0.5416156921292605,0,68,17,156,-1.1238131472516881,0.5080530090650605,0.9765821438639857,0,1,0,0,0,1,1,1,train
4946812,Công viên Nhân Chính - Khuất Duy Tiến,21.0031,105.79470000000002,2025-04-09,0.977638430928252,1.054642178754949,-0.31818485770053523,1.093881113925523,0,0,0,144,-1.3533265729854664,0.3789306539613551,1.31800003040575,0,1,1,1,0,1,1,1,train
4946812,Công viên Nhân Chính - Khuất Duy Tiến,21.0031,105.79470000000002,2025-04-10,0.8501220517704385,1.1367706893136083,-0.554552113547795,1.081430216078459,0,10,0,156,-1.582839998719245,0.24980829885764988,1.6594179169475143,0,1,0,1,0,1,1,1,train
4946812,Công viên Nhân Chính - Khuất Duy Tiến,21.0031,105.79470000000002,2025-04-11,0.7226056726126251,1.4136512471570006,-0.7909193693950546,2.038302950182267,0,44,8,156,-1.8123534244530233,0.1206859437539446,2.000835803489279,0,1,0,0,0,1,1,1,train
4946812,Công viên Nhân Chính - Khuất Duy Tiến,21.0031,105.79470000000002,2025-04-12,0.5950892934548118,2.242217501483187,-0.19555351099679408,0.3980769403674296,68,125,113,156,-2.0418668501868016,-0.008436411349760664,2.3422536900310433,45954,0,0,0,0,0,0,0,train
4946812,Công viên Nhân Chính - Khuất Duy Tiến,21.0031,105.79470000000002,2025-04-13,-0.9309173017447695,-0.13707334619878322,0.5320347185375088,-0.7384631688083972,68,85,93,156,-0.9306709353740757,0.035857098694420796,1.0420761895484973,0,0,0,0,0,1,1,1,train
4946812,Công viên Nhân Chính - Khuất Duy Tiến,21.0031,105.79470000000002,2025-04-14,0.808370496751605,-0.15288334970407846,0.1784043718727213,-0.6192648303002428,55,1,136,156,0.18052497943865,0.08015060873860226,-0.2581013109340486,45954,0,0,0,0,0,0,0,train
4946812,Công viên Nhân Chính - Khuất Duy Tiến,21.0031,105.79470000000002,2025-04-15,0.03261229754726222,-0.16390434385033822,0.7174271601842512,0.7268519350237491,156,46,156,156,-0.441730089773317,0.015659585638871685,0.47337871329482734,0,0,0,0,0,1,1,1,train
4946812,Công viên Nhân Chính - Khuất Duy Tiến,21.0031,105.79470000000002,2025-04-16,1.71597055694126,-0.17914462978438878,0.04535689565370175,0.2567524383808944,143,124,150,156,-1.063985158985284,-0.04883143746085889,1.2048587375237034,0,0,0,0,0,1,1,1,train
4946812,Công viên Nhân Chính - Khuất Duy Tiến,21.0031,105.79470000000002,2025-04-17,0.8802376207506571,-0.3068268191738473,-0.16414917964993916,-0.4381972764335583,9,62,35,156,-1.686240228197251,-0.11332246056058937,1.936338761752579,45954,0,0,0,0,0,0,0,train
4946812,Công viên Nhân Chính - Khuất Duy Tiến,21.0031,105.79470000000002,2025-04-18,-0.07939267927378599,-0.3821214461038695,0.39782006310726337,-1.0317359610776686,116,113,143,156,-1.735663423494521,-0.0027301490225987066,2.0074083684985427,0,0,0,0,0,1,1,1,train
4946812,Công viên Nhân Chính - Khuất Duy Tiến,21.0031,105.79470000000002,2025-04-19,2.844088645835823,-0.35693360228991444,-0.09900122086592966,-1.2147936686253717,1,0,23,156,-1.7850866187917909,0.10786216251539195,2.0784779752445064,0,0,1,0,0,1,1,1,train
4946812,Công viên Nhân Chính - Khuất Duy Tiến,21.0031,105.79470000000002,2025-04-20,0.45142228569135273,-0.3317457584759589,1.024519459748209,0.6723537178416881,128,36,154,156,-1.8345098140890612,0.2184544740533826,2.14954758199047,0,0,0,0,0,1,1,1,train
4946812,Công viên Nhân Chính - Khuất Duy Tiến,21.0031,105.79470000000002,2025-04-21,0.4507265395653252,-0.569357257743094,-0.05844600504860932,0.19353074807347256,30,135,50,156,-1.8839330093863316,0.3290467855913733,2.2206171887364334,0,0,0,0,0,1,1,1,train
4946812,Công viên Nhân Chính - Khuất Duy Tiến,21.0031,105.79470000000002,2025-04-22,0.8163931448233548,0.3610512623534985,-0.686164413073361,-0.33371973256910875,72,139,99,156,-1.9333562046836015,0.43963909712936394,2.291686795482397,45954,0,0,0,0,0,0,0,train
4946812,Công viên Nhân Chính - Khuất Duy Tiến,21.0031,105.79470000000002,2025-04-23,1.0737207616005429,0.6627973058637876,0.07060052121119287,-0.6210624366275537,142,119,153,156,-1.7028519205323291,0.45801696108148704,1.9638427958837394,0,0,0,0,0,1,1,1,train
4946812,Công viên Nhân Chính - Khuất Duy Tiến,21.0031,105.79470000000002,2025-04-24,0.6985657028725888,0.3429896608260932,0.4876553029553504,0.7489883708795608,0,53,3,156,-1.472347636381057,0.47639482503361014,1.6359987962850817,0,1,0,0,0,1,1,1,train
4946812,Công viên Nhân Chính - Khuất Duy Tiến,21.0031,105.79470000000002,2025-04-25,0.3234106441446343,0.4307572571772839,-1.1882866446854317,0.32285380791885315,0,25,7,154,-1.2418433522297847,0.4947726889857332,1.3081547966864235,0,1,0,0,0,1,1,1,train
4946812,Công viên Nhân Chính - Khuất Duy Tiến,21.0031,105.79470000000002,2025-04-26,-0.05174441458331971,0.3462375146106524,-0.22689719638674036,1.1963347008204306,0,20,16,156,-1.0113390680785124,0.5131505529378562,0.9803107970877658,0,1,0,0,0,1,1,1,train
4946812,Công viên Nhân Chính - Khuất Duy Tiến,21.0031,105.79470000000002,2025-04-27,-0.4268994733112737,1.061641877741806,-0.4515909042480997,1.5969954045389945,7,41,19,156,-0.7808347839272403,0.5315284168899792,0.6524667974891077,45954,0,0,0,0,0,0,0,train
4946812,Công viên Nhân Chính - Khuất Duy Tiến,21.0031,105.79470000000002,2025-04-28,1.120998512394926,0.9577271927163051,-0.28777353903393565,-0.3744917541629773,1,23,14,156,-0.32768080180155307,0.604888274276455,0.27616509160476593,0,0,0,0,0,1,1,1,train
4946812,Công viên Nhân Chính - Khuất Duy Tiến,21.0031,105.79470000000002,2025-04-29,-0.024063354419917964,0.5008434273453998,0.2768496253343264,-0.7474114845670928,1,60,12,156,0.12547318032413393,0.6782481316629306,-0.1001366142795758,0,0,0,0,0,1,1,1,train
4946812,Công viên Nhân Chính - Khuất Duy Tiến,21.0031,105.79470000000002,2025-04-30,-0.6164219740380025,-0.23553003325716515,-0.09239448465286544,-1.5273049515755288,0,2,0,156,0.578627162449821,0.7516079890494064,-0.4764383201639175,0,1,0,1,0,1,1,1,train
4946812,Công viên Nhân Chính - Khuất Duy Tiến,21.0031,105.79470000000002,2025-05-01,-1.208780593656087,-0.17653303789246266,-0.4616385946400574,-0.16773235724840488,84,78,110,156,1.031781144575508,0.8249678464358821,-0.8527400260482592,0,0,0,0,0,1,1,1,train
4946812,Công viên Nhân Chính - Khuất Duy Tiến,21.0031,105.79470000000002,2025-05-02,-0.8859617495446245,-0.40573649851841553,-0.1588321849539403,-0.4935193442579028,114,146,128,156,1.4849351267011957,0.8983277038223577,-1.2290417319326008,45954,0,0,0,0,0,0,0,train
4946812,Công viên Nhân Chính - Khuất Duy Tiến,21.0031,105.79470000000002,2025-05-03,0.57242197601406,-0.33141330959163967,-0.5130960880391597,-0.9662428659647097,27,52,64,156,0.5594719361989579,0.9137291648490788,-0.268095272260721,0,0,0,0,0,1,1,1,train
4946812,Công viên Nhân Chính - Khuất Duy Tiến,21.0031,105.79470000000002,2025-05-04,-0.6516452634834503,-0.20585072047202346,-1.0018803081078784,-1.4710595045217563,73,78,132,156,-0.36599125430328006,0.9291306258758001,0.6928511874111589,45954,0,0,0,0,0,0,0,train
4946812,Công viên Nhân Chính - Khuất Duy Tiến,21.0031,105.79470000000002,2025-05-05,-0.086495277946201,-0.03427655122810715,0.8946630454924769,-0.7832993490312402,150,145,156,156,-0.47412641302176867,0.7864996384116447,0.6810927716970305,0,0,0,0,0,1,1,1,train
4946812,Công viên Nhân Chính - Khuất Duy Tiến,21.0031,105.79470000000002,2025-05-06,-0.5404467888730433,-0.08637830037272692,0.309832281409322,0.9466407378318155,24,145,118,156,-0.5822615717402573,0.6438686509474894,0.6693343559829023,0,0,0,0,0,1,1,1,train
4946812,Công viên Nhân Chính - Khuất Duy Tiến,21.0031,105.79470000000002,2025-05-07,-0.597560644180723,-0.14084428198508386,0.146624849719545,0.2800492021634599,60,146,105,156,-0.6903967304587458,0.501237663483334,0.6575759402687739,45954,0,0,0,0,0,0,0,train
4946812,Công viên Nhân Chính - Khuất Duy Tiến,21.0031,105.79470000000002,2025-05-08,0.7616727881323117,-0.0432878523238643,-0.015470265089077277,-0.4447231625353864,154,142,156,156,-0.04961992738161588,0.5862456248429871,0.027102202526565415,0,0,0,0,0,1,1,1,train
4946812,Công viên Nhân Chính - Khuất Duy Tiến,21.0031,105.79470000000002,2025-05-09,-0.5258156944193376,0.12178488217573055,-0.8851809457557003,-0.4986575038365443,31,125,50,156,0.5911568756955142,0.6712535862026403,-0.603371535215643,0,0,0,0,0,1,1,1,train
4946812,Công viên Nhân Chính - Khuất Duy Tiến,21.0031,105.79470000000002,2025-05-10,-0.4255230783949221,0.151044474835387,0.48248115032406763,0.23906139625454534,0,0,0,156,1.2319336787726445,0.7562615475622935,-1.2338452729578515,0,1,1,1,0,1,1,1,train
4946812,Công viên Nhân Chính - Khuất Duy Tiến,21.0031,105.79470000000002,2025-05-11,-0.3252304623705065,0.18030406749504393,1.8501432464038359,-0.4786461959233453,0,0,17,135,1.872710481849774,0.8412695089219465,-1.86431901070006,0,1,1,0,0,1,1,1,train
4946812,Công viên Nhân Chính - Khuất Duy Tiến,21.0031,105.79470000000002,2025-05-12,-0.22493784634609093,0.20956366015470035,-0.10630602732037411,0.21587273599337353,156,149,156,156,2.5134872849269043,0.9262774702815996,-2.4947927484422685,45954,0,0,0,0,0,0,0,train
4946812,Công viên Nhân Chính - Khuất Duy Tiến,21.0031,105.79470000000002,2025-05-13,0.8499599774317347,-0.031869501307669856,-0.21289120646795479,-0.4625705224749832,114,115,131,156,1.784191845246593,0.8784519137352207,-1.729747558865265,0,0,0,0,0,1,1,1,train
4946812,Công viên Nhân Chính - Khuất Duy Tiến,21.0031,105.79470000000002,2025-05-14,-0.6168721664392075,0.2408504001130857,-0.6979775588279142,-1.0894585998952773,9,91,28,156,1.054896405566281,0.8306263571888419,-0.9647023692882619,0,0,0,0,0,1,1,1,train
4946812,Công viên Nhân Chính - Khuất Duy Tiến,21.0031,105.79470000000002,2025-05-15,-0.14161780736144305,-0.5084473858610622,-0.918940139855739,-1.9752000773083402,42,9,84,156,0.3256009658859694,0.782800800642463,-0.19965717971125824,0,0,0,0,0,1,1,1,train
4946812,Công viên Nhân Chính - Khuất Duy Tiến,21.0031,105.79470000000002,2025-05-16,-0.7758182488421281,-0.7001525759385626,3.3118855870983235,-1.4919605675452339,0,17,3,156,-0.40369447379434176,0.7349752440960841,0.5653880098657449,0,1,0,0,0,1,1,1,train
4946812,Công viên Nhân Chính - Khuất Duy Tiến,21.0031,105.79470000000002,2025-05-17,-1.4100186903228134,-1.232807823755675,1.3996649215043326,0.4438225395393253,16,88,0,156,-1.1329899134746533,0.6871496875497053,1.330433199442748,45954,0,0,1,0,0,0,0,train
4946812,Công viên Nhân Chính - Khuất Duy Tiến,21.0031,105.79470000000002,2025-05-18,0.40745275444151513,-0.9620952972430739,-0.5125557440896584,-0.24854171641888514,42,112,109,156,-1.0207188514756822,0.5477506567184429,1.1797781675889247,0,0,0,0,0,1,1,1,train
4946812,Công viên Nhân Chính - Khuất Duy Tiến,21.0031,105.79470000000002,2025-05-19,-1.2700991203913383,-0.9397374961465897,-0.2905787099725143,-0.8542604545400022,21,98,48,156,-0.9084477894767106,0.40835162588718077,1.0291231357351012,0,0,0,0,0,1,1,1,train
4946812,Công viên Nhân Chính - Khuất Duy Tiến,21.0031,105.79470000000002,2025-05-20,-0.3012298852582699,-0.8512673663039997,-0.24486282163357603,-1.5022440534774688,16,80,51,156,-0.7961767274777394,0.2689525950559185,0.8784681038812777,0,0,0,0,0,1,1,1,train
4946812,Công viên Nhân Chính - Khuất Duy Tiến,21.0031,105.79470000000002,2025-05-21,1.6359120499424247,-0.34871319681723423,-0.5660025609265004,-1.3069566028130928,8,138,83,156,-0.6839056654787679,0.12955356422465622,0.7278130720274543,0,0,0,0,0,1,1,1,train
4946812,Công viên Nhân Chính - Khuất Duy Tiến,21.0031,105.79470000000002,2025-05-22,1.51831395428457,-0.6097109342134815,0.33129240625989126,0.9716421516977746,3,66,25,156,-0.5716346034797966,-0.009845466606606151,0.5771580401736307,45954,0,0,0,0,0,0,0,train
4946812,Công viên Nhân Chính - Khuất Duy Tiến,21.0031,105.79470000000002,2025-05-23,1.1301357413619673,-0.6502925158938764,0.24500731398278064,0.308440592032703,0,0,0,156,-0.6782425863307354,-0.39673430897356377,0.5880408395815977,0,1,1,1,0,1,1,1,train
4946812,Công viên Nhân Chính - Khuất Duy Tiến,21.0031,105.79470000000002,2025-05-24,0.7419575284393638,-0.6908740975742708,0.15872222170566996,-0.20480348611867352,0,0,0,156,-0.7848505691816744,-0.7836231513405214,0.5989236389895647,45954,1,1,1,0,0,0,0,train
4946812,Công viên Nhân Chính - Khuất Duy Tiến,21.0031,105.79470000000002,2025-05-25,0.3537793155167609,-0.7314556792546657,0.07243712942855936,-0.4303566454668038,0,7,0,156,-0.8245158846386794,-1.0247622105247098,0.6189254549319587,0,1,0,1,0,1,1,1,train
4946812,Công viên Nhân Chính - Khuất Duy Tiến,21.0031,105.79470000000002,2025-05-26,-0.03439889740584246,-0.930902373868938,-0.0138479628485513,-1.2128745257395015,0,99,0,156,-0.8641812000956843,-1.265901269708898,0.6389272708743529,0,1,0,1,0,1,1,1,train
4946812,Công viên Nhân Chính - Khuất Duy Tiến,21.0031,105.79470000000002,2025-05-27,-0.42257711032844536,-0.9519451064500851,-0.10013305512566191,-0.6216956211945541,0,95,0,139,-0.9038465155526894,-1.5070403288930865,0.6589290868167469,45954,1,0,1,0,0,0,0,train
4946812,Công viên Nhân Chính - Khuất Duy Tiến,21.0031,105.79470000000002,2025-05-28,-0.8107553232510483,-1.0223879978164718,-0.18641814740277257,0.16626954554971068,15,113,52,156,-0.515206541398851,-1.1093200454382495,0.34455377735079934,0,0,0,0,0,1,1,1,train
4946812,Công viên Nhân Chính - Khuất Duy Tiến,21.0031,105.79470000000002,2025-05-29,-1.0888426964160303,-1.1257894188548596,0.12209235226010536,-0.2825960809578376,0,13,0,156,-0.12656656724501275,-0.7115997619834128,0.030178467884851873,0,1,0,1,0,1,1,1,train
4946812,Công viên Nhân Chính - Khuất Duy Tiến,21.0031,105.79470000000002,2025-05-30,-1.3669300695810123,-1.0087464119315512,0.43060285192298325,-1.291361700517754,9,65,22,156,0.2620734069088255,-0.3138794785285757,-0.2841968415810957,0,0,0,0,0,1,1,1,train
4946812,Công viên Nhân Chính - Khuất Duy Tiến,21.0031,105.79470000000002,2025-05-31,-1.0532423859001918,-1.1306350181593443,-0.4577800681269426,-1.343113699122933,98,156,153,156,0.6507133810626639,0.08384080492626123,-0.5985721510470432,0,0,0,0,0,1,1,1,train
4946812,Công viên Nhân Chính - Khuất Duy Tiến,21.0031,105.79470000000002,2025-06-01,-0.9991350571597258,-0.9848575459978401,-0.09949247012328165,-0.14548898713799827,156,55,156,156,1.0393533552165022,0.4815610883810981,-0.9129474605129908,45954,0,0,0,0,0,0,0,train
4946812,Công viên Nhân Chính - Khuất Duy Tiến,21.0031,105.79470000000002,2025-06-02,-1.1529832513954144,-0.8982550207162275,0.4869885826168679,0.9988555309295136,156,0,156,156,0.668806441667947,0.27510062469991886,-0.5231747948530979,0,0,1,0,0,1,1,1,train
4946812,Công viên Nhân Chính - Khuất Duy Tiến,21.0031,105.79470000000002,2025-06-03,-0.4723467673028998,-0.8116524954346149,-0.24567776212683862,-0.11294884270013347,8,32,102,156,0.2982595281193916,0.06864016101873956,-0.13340212919320515,0,0,0,0,0,1,1,1,train
4946812,Công viên Nhân Chính - Khuất Duy Tiến,21.0031,105.79470000000002,2025-06-04,0.8448849890047927,-0.500279070410457,-0.05001640454468325,-1.1328337135979258,53,118,84,156,-0.07228738542916367,-0.13782030266243972,0.2563705364666876,0,0,0,0,0,1,1,1,train
4946812,Công viên Nhân Chính - Khuất Duy Tiến,21.0031,105.79470000000002,2025-06-05,-0.6958292022739492,-0.5181669476234152,-0.4238207742015829,-1.5298264618961062,17,83,78,156,-0.442834298977719,-0.3442807663436192,0.6461432021265805,0,0,0,0,0,1,1,1,train
4946812,Công viên Nhân Chính - Khuất Duy Tiến,21.0031,105.79470000000002,2025-06-06,-0.5453248775940057,-0.8824913800577997,0.4961826160831824,-1.4912792461398063,8,71,77,156,-0.8133812125262739,-0.5507412300247985,1.0359158677864733,45954,0,0,0,0,0,0,0,train
4946812,Công viên Nhân Chính - Khuất Duy Tiến,21.0031,105.79470000000002,2025-06-07,-1.2053451251391833,-0.9271426197104099,-0.7222671286980337,0.6238400264985259,18,146,51,156,-0.19304229779418056,-0.2472521392093853,0.38161173990397224,0,0,0,0,0,1,1,1,train
4946812,Công viên Nhân Chính - Khuất Duy Tiến,21.0031,105.79470000000002,2025-06-08,-0.5951587722518473,-0.9100309110985793,-1.1632100713182334,0.3903861621856849,18,44,46,156,0.427296616937913,0.05623695160602781,-0.2726923879785288,0,0,0,0,0,1,1,1,train
4946812,Công viên Nhân Chính - Khuất Duy Tiến,21.0031,105.79470000000002,2025-06-09,-0.48754229912252395,-0.6695102795516656,-0.9758893780772304,-0.7182478467015675,38,49,66,156,1.0476355316700063,0.3597260424214409,-0.9269965158610298,0,0,0,0,0,1,1,1,train
4946812,Công viên Nhân Chính - Khuất Duy Tiến,21.0031,105.79470000000002,2025-06-10,-0.7076169228807314,-0.6351679552619163,-0.7664006289439595,-1.2883332603155786,13,44,41,156,1.6679744464020996,0.6632151332368541,-1.5813006437435306,0,0,0,0,0,1,1,1,train
4946812,Công viên Nhân Chính - Khuất Duy Tiến,21.0031,105.79470000000002,2025-06-11,-1.153119254285112,-0.6361884833383105,-0.030659293043067134,-1.3123343118445014,107,85,137,156,2.2883133611341933,0.9667042240522673,-2.2356047716260314,45954,0,0,0,0,0,0,0,train
4946812,Công viên Nhân Chính - Khuất Duy Tiến,21.0031,105.79470000000002,2025-06-12,-1.2986110097748025,-1.2858395570639776,-0.7283377071504108,-0.7514669236198758,0,98,54,144,1.353999641703166,0.7926547057884398,-1.3052361975551152,0,1,0,0,0,1,1,1,train
4946812,Công viên Nhân Chính - Khuất Duy Tiến,21.0031,105.79470000000002,2025-06-13,-1.444102765264493,-1.1266104503284,-0.5740385550271668,0.3212859321893561,59,23,141,156,0.4196859222721377,0.6186051875246122,-0.3748676234841988,45954,0,0,0,0,0,0,0,train
4946812,Công viên Nhân Chính - Khuất Duy Tiến,21.0031,105.79470000000002,2025-06-14,-0.9851167369198627,-0.778796509470991,-0.18573039582611178,-0.16827954051598254,86,24,142,156,0.04019546790793677,-0.8369248822126606,0.0029280267923005557,0,0,0,0,0,1,1,1,train
4946812,Công viên Nhân Chính - Khuất Duy Tiến,21.0031,105.79470000000002,2025-06-15,-0.6669341704213743,-0.6262660159402481,-0.43297068988911613,-0.8813644807306001,94,110,123,156,-0.33929498645626416,-2.2924549519499333,0.3807236770688,0,0,0,0,0,1,1,1,train
4946812,Công viên Nhân Chính - Khuất Duy Tiến,21.0031,105.79470000000002,2025-06-16,-0.8524788615059112,-0.7449581765989849,0.1889488465939078,-0.8698798433164264,0,0,0,156,-0.7187854408204652,-3.747985021687206,0.7585193273452994,45954,1,1,1,0,0,0,0,train
4946812,Công viên Nhân Chính - Khuất Duy Tiến,21.0031,105.79470000000002,2025-06-17,-1.0380235525904484,-0.8636503372577218,0.8108683830769314,-1.18386676522918,0,0,8,156,-0.6177955495691158,-3.4512279860431327,0.6466466016073071,0,1,1,0,0,1,1,1,train
4946812,Công viên Nhân Chính - Khuất Duy Tiến,21.0031,105.79470000000002,2025-06-18,-1.2235682436749855,-0.9823424979164586,0.7843334345532674,0.8636900956135184,63,0,139,156,-0.5168056583177661,-3.15447095039906,0.5347738758693148,0,0,1,0,0,1,1,1,train
4946812,Công viên Nhân Chính - Khuất Duy Tiến,21.0031,105.79470000000002,2025-06-19,-1.4287223862337781,-1.1010346585751953,-1.079283125336158,0.08813733516251342,11,0,42,156,-0.41581576706641665,-2.8577139147549864,0.4229011501313225,0,0,1,0,0,1,1,1,train
4946812,Công viên Nhân Chính - Khuất Duy Tiến,21.0031,105.79470000000002,2025-06-20,-1.23485239201504,-1.2197268192339323,-0.5424949246136733,-0.7799445816762547,0,7,2,156,-0.3148258758150671,-2.560956879110913,0.3110284243933302,0,1,0,0,0,1,1,1,train
4946812,Công viên Nhân Chính - Khuất Duy Tiến,21.0031,105.79470000000002,2025-06-21,-1.040982397796302,-1.1987512446000883,-0.5186316560566729,-0.629531414588216,0,0,0,156,-0.21383598456371758,-2.26419984346684,0.19915569865533786,45954,1,1,1,0,0,0,0,train
4946812,Công viên Nhân Chính - Khuất Duy Tiến,21.0031,105.79470000000002,2025-06-22,-0.847112403577564,-1.1777756699662443,-0.49476838749967245,-0.9997216190287752,0,0,0,156,-0.08043449987534847,-1.58547525398258,0.08112563045110208,0,1,1,1,0,1,1,1,train
4946812,Công viên Nhân Chính - Khuất Duy Tiến,21.0031,105.79470000000002,2025-06-23,-0.6532424093588257,-1.1568000953323998,-0.47090511894267206,0.9776882222165729,6,0,47,156,0.05296698481302072,-0.9067506644983206,-0.036904437753133845,0,0,1,0,0,1,1,1,train
4946812,Công viên Nhân Chính - Khuất Duy Tiến,21.0031,105.79470000000002,2025-06-24,-0.7876118688279877,-1.1358245206985558,-0.7156237865894495,0.36962376132674546,7,34,29,156,0.18636846950138977,-0.2280260750140612,-0.15493450595736963,0,0,0,0,0,1,1,1,train
4946812,Công viên Nhân Chính - Khuất Duy Tiến,21.0031,105.79470000000002,2025-06-25,-0.5897668666435014,-0.8846202528970191,0.01053603755716076,-0.3909094619459189,113,106,128,156,0.31976995418975895,0.45069851447019826,-0.2729645741616054,0,0,0,0,0,1,1,1,train
4946812,Công viên Nhân Chính - Khuất Duy Tiến,21.0031,105.79470000000002,2025-06-26,-0.5883640831067609,-1.2235394815824179,-0.3657721265144473,-1.2525888507967187,31,96,118,156,0.4531714388781281,1.1294231039544576,-0.3909946423658412,45954,0,0,0,0,0,0,0,train
4946812,Công viên Nhân Chính - Khuất Duy Tiến,21.0031,105.79470000000002,2025-06-27,-0.17916726003760675,-1.281617538049892,-0.46731039984686984,-0.903769252585236,0,0,0,156,0.21626678193739154,0.24852120125246951,-0.19305415115777588,0,1,1,1,0,1,1,1,train
4946812,Công viên Nhân Chính - Khuất Duy Tiến,21.0031,105.79470000000002,2025-06-28,0.23002956303154742,-1.3396955945173656,-0.5688486731792924,-1.1022364818495216,0,0,0,147,-0.020637875003345012,-0.6323807014495185,0.004886340050289289,0,1,1,1,0,1,1,1,train
4946812,Công viên Nhân Chính - Khuất Duy Tiến,21.0031,105.79470000000002,2025-06-29,0.639226386100702,-1.3977736509848395,-0.670386946511715,0.4034548733605555,0,2,19,156,-0.2575425319440816,-1.5132826041515066,0.20282683125835455,0,1,0,0,0,1,1,1,train
4946812,Công viên Nhân Chính - Khuất Duy Tiến,21.0031,105.79470000000002,2025-06-30,1.0484232091698562,-1.3637640483020383,-1.230381657031655,-0.10015817999722487,20,2,78,156,-0.49444718888481803,-2.394184506853495,0.4007673224664198,0,0,0,0,0,1,1,1,train
4946812,Công viên Nhân Chính - Khuất Duy Tiến,21.0031,105.79470000000002,2025-07-01,0.5448073314409168,-1.0267302875097968,-0.11389275614900476,-1.1328258301454792,0,55,3,156,-0.7313518458255547,-3.2750864095554832,0.5987078136744851,45954,1,0,0,0,0,0,0,train
4946812,Công viên Nhân Chính - Khuất Duy Tiến,21.0031,105.79470000000002,2025-07-02,0.04119145371197686,-1.1657641926865154,-0.31357837165323615,-1.183177918710053,0,0,0,156,-0.7993601948110665,-3.6009711211112867,0.7651935219791508,0,1,1,1,0,1,1,1,train
4946812,Công viên Nhân Chính - Khuất Duy Tiến,21.0031,105.79470000000002,2025-07-03,-0.4624244240169626,-1.3047980978632345,-0.5132639871574675,-0.9053492875696317,0,0,0,156,-0.8673685437965782,-3.92685583266709,0.9316792302838164,45954,1,1,1,0,0,0,0,train
4946812,Công viên Nhân Chính - Khuất Duy Tiến,21.0031,105.79470000000002,2025-07-04,-0.966040301745902,-1.4438320030399532,-0.7129496026616989,0.5394846515973125,14,27,75,156,-1.0953876795141622,-3.603873650129926,1.325523433968207,0,0,0,0,0,1,1,1,train
4946812,Công viên Nhân Chính - Khuất Duy Tiến,21.0031,105.79470000000002,2025-07-05,-0.9336793529682821,-1.1305890643964167,-0.22781678287913243,-0.5265446793600114,98,152,130,156,-1.3234068152317464,-3.2808914675927623,1.7193676376525977,0,0,0,0,0,1,1,1,train
4946812,Công viên Nhân Chính - Khuất Duy Tiến,21.0031,105.79470000000002,2025-07-06,-0.9873787999080226,-1.1746336325616036,-0.728190120738104,-0.6036624028912047,3,9,19,156,-1.5514259509493304,-2.957909285055598,2.1132118413369887,45954,0,0,0,0,0,0,0,train
4946812,Công viên Nhân Chính - Khuất Duy Tiến,21.0031,105.79470000000002,2025-07-07,-0.4509636114755052,-1.0315681142193656,0.02892261606710033,-1.1634238980176272,85,140,128,156,-1.4081181261672633,-2.443523448973632,1.8200577247080243,0,0,0,0,0,1,1,1,train
4946812,Công viên Nhân Chính - Khuất Duy Tiến,21.0031,105.79470000000002,2025-07-08,-0.26235373834862674,-0.9517645640699193,-0.3524234285613166,-1.5185479887080489,29,65,139,156,-1.2648103013851963,-1.9291376128916655,1.5269036080790601,0,0,0,0,0,1,1,1,train
4946812,Công viên Nhân Chính - Khuất Duy Tiến,21.0031,105.79470000000002,2025-07-09,-0.8760589122701525,-1.1272094855822254,0.39706989807175014,0.9289054184739667,118,114,150,156,-1.121502476603129,-1.4147517768096989,1.2337494914500955,0,0,0,0,0,1,1,1,train
4946812,Công viên Nhân Chính - Khuất Duy Tiến,21.0031,105.79470000000002,2025-07-10,-0.5014274075767691,-0.9094819204471133,-0.23784325743361354,0.3189188789334256,128,65,156,156,-0.9781946518210617,-0.9003659407277331,0.940595374821131,0,0,0,0,0,1,1,1,train
4946812,Công viên Nhân Chính - Khuất Duy Tiến,21.0031,105.79470000000002,2025-07-11,-0.7577064572985922,-0.5958672608607309,-0.3800548445901525,-0.6625820722951546,2,10,16,156,-0.8348868270389944,-0.38598010464576643,0.6474412581921665,45954,0,0,0,0,0,0,0,train
4946812,Công viên Nhân Chính - Khuất Duy Tiến,21.0031,105.79470000000002,2025-07-12,-1.3005782306774616,-0.5901635398052086,-0.32855519278120005,-0.957573337751643,14,125,0,156,-0.7414596189258292,-0.8902410691537228,0.613942935042583,0,0,0,1,0,1,1,1,train
4946812,Công viên Nhân Chính - Khuất Duy Tiến,21.0031,105.79470000000002,2025-07-13,-1.0165106950022635,-0.8501813847967257,-0.2770555409722476,-1.4739426980849064,27,81,105,156,-0.648032410812664,-1.3945020336616791,0.5804446118929995,0,0,0,0,0,1,1,1,train
4946812,Công viên Nhân Chính - Khuất Duy Tiến,21.0031,105.79470000000002,2025-07-14,-0.7400088275399613,-0.8811864022797227,0.3045499332399122,-1.3030221628107477,0,0,0,144,-0.5546052026994988,-1.8987629981696357,0.5469462887434159,0,1,1,1,0,1,1,1,train
4946812,Công viên Nhân Chính - Khuất Duy Tiến,21.0031,105.79470000000002,2025-07-15,-0.4635069600776594,-0.9121914197627201,0.8861554074520719,0.5449657562881837,10,45,73,156,-0.4611779945863336,-2.4030239626775924,0.5134479655938324,0,0,0,0,0,1,1,1,train
4946812,Công viên Nhân Chính - Khuất Duy Tiến,21.0031,105.79470000000002,2025-07-16,0.9802776418558672,-1.0121056729099072,-0.021716721613164035,-0.36558751407023593,1,0,24,156,-0.36775078647316833,-2.9072849271855485,0.4799496424442489,45954,0,1,0,0,0,0,0,train
4946812,Công viên Nhân Chính - Khuất Duy Tiến,21.0031,105.79470000000002,2025-07-17,-0.8210972519445903,-1.1120199260570949,-0.17080487973675212,-0.614758780272359,96,144,121,156,-0.4114885878872484,-3.1794725158683543,0.46528314451817954,0,0,0,0,0,1,1,1,train
4946812,Công viên Nhân Chính - Khuất Duy Tiến,21.0031,105.79470000000002,2025-07-18,-0.9889255790415983,-0.976480870458943,-0.10976458674889214,-1.4072627850399124,58,115,155,156,-0.45522638930132836,-3.4516601045511597,0.4506166465921101,0,0,0,0,0,1,1,1,train
4946812,Công viên Nhân Chính - Khuất Duy Tiến,21.0031,105.79470000000002,2025-07-19,-0.6280784493188591,-0.9117577907831698,0.5494466592650733,-1.2998157476972667,3,0,142,156,-0.49896419071540843,-3.7238476932339664,0.43595014866604076,0,0,1,0,0,1,1,1,train
4946812,Công viên Nhân Chính - Khuất Duy Tiến,21.0031,105.79470000000002,2025-07-20,-0.6652345149052563,-0.847034711107396,0.15586167533818296,0.40903050482688613,0,0,0,156,-0.5427019921294883,-3.996035281916772,0.4212836507399714,0,1,1,1,0,1,1,1,train
4946812,Công viên Nhân Chính - Khuất Duy Tiến,21.0031,105.79470000000002,2025-07-21,-0.7023905804916535,-0.7823116314316227,-0.2377233085887075,0.17430620274218087,0,0,0,156,-0.5864397935435685,-4.268222870599578,0.406617152813902,45954,1,1,1,0,0,0,0,train
4946812,Công viên Nhân Chính - Khuất Duy Tiến,21.0031,105.79470000000002,2025-07-22,-0.7395466460780507,-0.717588551755849,-0.631308292515598,-0.3525789814087895,0,44,0,156,-0.7261270079036644,-2.294809043567263,0.7355318165769892,0,1,0,1,0,1,1,1,train
4946812,Công viên Nhân Chính - Khuất Duy Tiến,21.0031,105.79470000000002,2025-07-23,-0.7767027116644478,-0.9988632165920085,-1.0248932764424885,-1.3202651844525255,9,101,34,156,-0.8658142222637605,-0.32139521653494885,1.0644464803400764,45954,0,0,0,0,0,0,0,train
4946812,Công viên Nhân Chính - Khuất Duy Tiến,21.0031,105.79470000000002,2025-07-24,-0.7974699638582743,-1.1596036157742315,-0.4872231620198646,-1.7214620823837408,0,11,47,156,-0.8940359123016384,-0.016973549832121407,1.1033963532934574,0,1,0,0,0,1,1,1,train
4946812,Công viên Nhân Chính - Khuất Duy Tiến,21.0031,105.79470000000002,2025-07-25,-0.8182372160521005,-1.05022909190388,0.19481841821338727,0.6844889789752453,0,0,1,156,-0.9222576023395163,0.2874481168707062,1.142346226246838,0,1,1,0,0,1,1,1,train
4946812,Công viên Nhân Chính - Khuất Duy Tiến,21.0031,105.79470000000002,2025-07-26,-0.839004468245927,-0.9408545680335281,-0.1549643964980739,-0.4812090346461454,85,154,131,156,-0.9504792923773941,0.5918697835735338,1.181296099200219,45954,0,0,0,0,0,0,0,train
4946812,Công viên Nhân Chính - Khuất Duy Tiến,21.0031,105.79470000000002,2025-07-27,-1.037564246811529,-0.9593568893288259,-0.24351165070273725,-0.7908373629256508,134,153,152,156,-0.5774742652936693,0.340752313092361,0.7943527850861691,0,0,0,0,0,1,1,1,train
4946812,Công viên Nhân Chính - Khuất Duy Tiến,21.0031,105.79470000000002,2025-07-28,-0.8928885086600238,-0.7101854960012285,0.1789155520401501,-1.0570248820654482,119,155,146,156,-0.20446923820994437,0.08963484261118816,0.40740947097211916,0,0,0,0,0,1,1,1,train
4946812,Công viên Nhân Chính - Khuất Duy Tiến,21.0031,105.79470000000002,2025-07-29,-0.3004066364231509,-0.5101562658521671,-0.11212151570603406,-1.415979972306409,138,75,156,156,0.16853578887378048,-0.16148262786998477,0.020466156858069278,0,0,0,0,0,1,1,1,train
4946812,Công viên Nhân Chính - Khuất Duy Tiến,21.0031,105.79470000000002,2025-07-30,-0.8922641894247609,-0.5843422752967355,0.38886580523358716,-1.0486709308427637,2,0,126,140,0.5415408159575055,-0.4126000983511577,-0.3664771572559806,0,0,1,0,0,1,1,1,train
4946812,Công viên Nhân Chính - Khuất Duy Tiến,21.0031,105.79470000000002,2025-07-31,-0.4384538829906736,-0.6585282847413034,-0.4226812936063446,0.36098193717810223,125,45,151,156,0.9145458430412303,-0.6637175688323306,-0.7534204713700307,45954,0,0,0,0,0,0,0,train
4946812,Công viên Nhân Chính - Khuất Duy Tiến,21.0031,105.79470000000002,2025-08-01,-0.7910021722061484,-0.6891853081501462,-1.0260524786383627,-0.4649776630119533,92,73,130,156,0.7676751840240482,-0.6419316489143677,-0.6368865474523865,0,0,0,0,0,1,1,1,train
4946812,Công viên Nhân Chính - Khuất Duy Tiến,21.0031,105.79470000000002,2025-08-02,-0.7669091080541828,-0.4291821901805753,-0.39680427442465327,-0.8439721907577993,125,154,153,156,0.620804525006866,-0.6201457289964051,-0.5203526235347425,0,0,0,0,0,1,1,1,train
4946812,Công viên Nhân Chính - Khuất Duy Tiến,21.0031,105.79470000000002,2025-08-03,-1.1445449825525367,-0.7900512269100028,0.13292643057589074,-0.8258008328672519,142,117,155,156,0.47393386598968396,-0.5983598090784422,-0.4038186996170983,0,0,0,0,0,1,1,1,train
4946812,Công viên Nhân Chính - Khuất Duy Tiến,21.0031,105.79470000000002,2025-08-04,-0.844044948476976,-0.5324251593717123,-0.11717640265490081,-0.07763473829401049,156,9,156,156,0.3270632069725018,-0.5765738891604796,-0.2872847756994544,0,0,0,0,0,1,1,1,train
4946812,Công viên Nhân Chính - Khuất Duy Tiến,21.0031,105.79470000000002,2025-08-05,-0.2604928754271833,-0.7164443098770342,0.6549558699081508,0.750831157750631,0,0,0,156,0.18019254795531964,-0.5547879692425167,-0.17075085178181015,45954,1,1,1,0,0,0,0,train
4946812,Công viên Nhân Chính - Khuất Duy Tiến,21.0031,105.79470000000002,2025-08-06,0.3230591976226094,-0.9004634603823561,1.4270881424712025,-0.265699333992486,0,0,0,156,0.3577308753037457,-0.3450133354552713,-0.3316228310431597,0,1,1,1,0,1,1,1,train
4946812,Công viên Nhân Chính - Khuất Duy Tiến,21.0031,105.79470000000002,2025-08-07,0.9066112706724023,-1.0844826108876786,2.199220415034254,-0.8545399587631262,1,0,4,156,0.5352692026521718,-0.1352387016680257,-0.49249481030450926,0,0,1,0,0,1,1,1,train
4946812,Công viên Nhân Chính - Khuất Duy Tiến,21.0031,105.79470000000002,2025-08-08,-0.9464854459590221,-1.2685017613930005,0.3158731379211179,-1.3660134562342472,102,124,125,156,0.7128075300005979,0.07453593211921967,-0.6533667895658587,0,0,0,0,0,1,1,1,train
4946812,Công viên Nhân Chính - Khuất Duy Tiến,21.0031,105.79470000000002,2025-08-09,-0.9355041006945136,-1.0129869760843857,0.14426879288507274,-1.0095707983989246,129,153,156,156,0.8903458573490242,0.28431056590646514,-0.8142387688272084,0,0,0,0,0,1,1,1,train
4946812,Công viên Nhân Chính - Khuất Duy Tiến,21.0031,105.79470000000002,2025-08-10,-0.5919786897582288,-0.8722051006731223,0.164503631898014,0.35039768932308124,0,0,0,156,1.06788418469745,0.4940851996937107,-0.9751107480885578,0,1,1,1,0,1,1,1,train
4946812,Công viên Nhân Chính - Khuất Duy Tiến,21.0031,105.79470000000002,2025-08-11,-0.2484532788219437,-0.7314232252618582,0.18473847091095533,0.023246816515197718,88,129,117,156,1.245422512045876,0.703859833480956,-1.1359827273499072,0,0,0,0,0,1,1,1,train
4946812,Công viên Nhân Chính - Khuất Duy Tiến,21.0031,105.79470000000002,2025-08-12,-0.30201773781892466,-0.8117632208218472,-0.19444494060927434,-0.5121031500469321,116,150,117,156,1.4229608393943023,0.9136344672682016,-1.2968547066112568,45954,0,0,0,0,0,0,0,train
4946812,Công viên Nhân Chính - Khuất Duy Tiến,21.0031,105.79470000000002,2025-08-13,-0.13049855618172845,-0.7670304371032747,0.099889051710451,-0.3811726217731403,81,105,111,156,0.684065954446478,0.03879509282877872,-0.6289088505153778,0,0,0,0,0,1,1,1,train
4946812,Công viên Nhân Chính - Khuất Duy Tiến,21.0031,105.79470000000002,2025-08-14,-0.135232921166643,-0.96402194625315,-0.775342374764402,-1.3039282820571665,0,0,5,156,-0.054828930501346324,-0.8360442816106441,0.039037005580501015,0,1,1,0,0,1,1,1,train
4946812,Công viên Nhân Chính - Khuất Duy Tiến,21.0031,105.79470000000002,2025-08-15,-0.13996728615155804,-1.1610134554030251,-0.5085067924987043,-1.1501290526968524,0,0,0,155,-0.7937238154491707,-1.7108836560500673,0.7069828616763797,45954,1,1,1,0,0,0,0,train
4946812,Công viên Nhân Chính - Khuất Duy Tiến,21.0031,105.79470000000002,2025-08-16,-0.14470165113647263,-1.3580049645529002,-0.24167121023300658,0.24311725710189577,0,23,8,156,-0.523234248038516,-1.1156138050123403,0.45011380272422347,0,1,0,0,0,1,1,1,train
4946812,Công viên Nhân Chính - Khuất Duy Tiến,21.0031,105.79470000000002,2025-08-17,-0.14943601612138718,-1.2987402237475245,0.9062813009011224,-0.3433432182513981,0,0,7,156,-0.2527446806278613,-0.520343953974613,0.19324474377206718,0,1,1,0,0,1,1,1,train
4946812,Công viên Nhân Chính - Khuất Duy Tiến,21.0031,105.79470000000002,2025-08-18,-0.15417038110630174,-1.239475482942149,0.561108718488339,-0.8892942783223813,0,0,0,156,0.01774488678279337,0.0749258970631143,-0.06362431518008908,0,1,1,1,0,1,1,1,train
4946812,Công viên Nhân Chính - Khuất Duy Tiến,21.0031,105.79470000000002,2025-08-19,-0.15890474609121677,-1.1802107421367733,0.21593613607555567,-1.4005625671373791,0,0,0,156,0.288234454193448,0.6701957481008414,-0.3204933741322454,0,1,1,1,0,1,1,1,train
4946812,Công viên Nhân Chính - Khuất Duy Tiến,21.0031,105.79470000000002,2025-08-20,-0.16363911107613133,-1.1209460013313977,-0.1292364463372277,-1.48995852896242,83,24,138,156,0.5587240216041027,1.2654655991385684,-0.5773624330844016,45954,0,0,0,0,0,0,0,train
4946812,Công viên Nhân Chính - Khuất Duy Tiến,21.0031,105.79470000000002,2025-08-21,-0.4250991477457388,-1.177219247623146,0.14094424382597076,0.7802166073009178,0,0,0,156,0.35327529070124086,0.4355111248165709,-0.39782973455393394,0,1,1,1,0,1,1,1,train
4946812,Công viên Nhân Chính - Khuất Duy Tiến,21.0031,105.79470000000002,2025-08-22,-0.6865591844153464,-1.2334924939148944,0.41112493398916927,-0.13737542149182552,78,62,112,156,0.14782655979837897,-0.3944433495054268,-0.21829703602346634,0,0,0,0,0,1,1,1,train
4946812,Công viên Nhân Chính - Khuất Duy Tiến,21.0031,105.79470000000002,2025-08-23,-0.7286798629491739,-1.3390335603363261,-0.07621381833859396,-0.51454116743932,64,85,73,156,-0.05762217110448307,-1.2243978238274247,-0.0387643374929986,0,0,0,0,0,1,1,1,train
4946812,Công viên Nhân Chính - Khuất Duy Tiến,21.0031,105.79470000000002,2025-08-24,-1.7146265318275464,-1.2512610549778178,-0.29636648811388433,-1.0944115580645368,5,30,21,156,-0.26307090200734495,-2.0543522981494218,0.140768361037469,0,0,0,0,0,1,1,1,train
4946812,Công viên Nhân Chính - Khuất Duy Tiến,21.0031,105.79470000000002,2025-08-25,-1.3767227692541606,-1.2136616043341357,-0.17513211888841046,-0.8863573339470918,0,0,0,156,-0.46851963291020693,-2.884306772471419,0.32030105956793675,45954,1,1,1,0,0,0,0,train
4946812,Công viên Nhân Chính - Khuất Duy Tiến,21.0031,105.79470000000002,2025-08-26,-1.0388190066807745,-1.1760621536904539,-0.05389774966293657,0.4764177337672894,0,0,0,156,-0.3416623390599188,-2.186586851847308,0.23600449078185393,0,1,1,1,0,1,1,1,train
4946812,Công viên Nhân Chính - Khuất Duy Tiến,21.0031,105.79470000000002,2025-08-27,-0.7009152441073887,-1.1384627030467716,0.06733661956253736,0.15702692916377153,0,0,1,156,-0.21480504520963056,-1.4888669312231968,0.1517079219957711,0,1,1,0,0,1,1,1,train
4946812,Công viên Nhân Chính - Khuất Duy Tiến,21.0031,105.79470000000002,2025-08-28,-0.36301148153400276,-1.1008632524030895,-0.3664675803878187,-0.5933858448414232,75,102,92,156,-0.08794775135934249,-0.7911470105990859,0.06741135320968819,0,0,0,0,0,1,1,1,train
4946812,Công viên Nhân Chính - Khuất Duy Tiến,21.0031,105.79470000000002,2025-08-29,-1.0790198813642047,-1.2085905997770763,-0.4032132364728487,-1.2690607274536716,7,72,21,156,0.03890954249094572,-0.09342708997497447,-0.016885215576394576,0,0,0,0,0,1,1,1,train
4946812,Công viên Nhân Chính - Khuất Duy Tiến,21.0031,105.79470000000002,2025-08-30,-0.9961957073929737,-1.6856104313501867,0.7979111984326533,-1.5663697279296054,0,58,8,156,0.1657668363412338,0.6042928306491363,-0.10118178436247748,45954,1,0,0,0,0,0,0,train
4946812,Công viên Nhân Chính - Khuất Duy Tiến,21.0031,105.79470000000002,2025-08-31,-0.9133715334217426,-1.7084502696928097,0.052425484776,-1.0496293675463315,6,24,37,138,-0.09314022164329118,-0.7666253293560633,0.1751472492910854,0,0,0,0,0,1,1,1,train
4946812,Công viên Nhân Chính - Khuất Duy Tiến,21.0031,105.79470000000002,2025-09-01,-0.9756706257675096,-1.3793295559707566,-1.2803426111862681,0.41743279445354303,0,18,11,156,-0.3520472796278161,-2.1375434893612626,0.45147628294464826,45954,1,0,0,0,0,0,0,train
4946812,Công viên Nhân Chính - Khuất Duy Tiến,21.0031,105.79470000000002,2025-09-02,-1.0379697181132765,-1.1141333900678,-0.19967258706453797,-0.39039518611999535,34,94,54,156,0.3369783990324403,-1.0851984151580514,-0.18034940790577098,0,0,0,0,0,1,1,1,train
4946812,Công viên Nhân Chính - Khuất Duy Tiến,21.0031,105.79470000000002,2025-09-03,-0.0056118728230564454,-1.1580027339440788,0.1622321709624963,-0.8643169925987602,131,154,152,156,1.0260040776926969,-0.032853340954839716,-0.8121750987561902,0,0,0,0,0,1,1,1,train
4946812,Công viên Nhân Chính - Khuất Duy Tiến,21.0031,105.79470000000002,2025-09-04,-0.20404567109997393,-1.301439427783905,0.07404954543185621,-1.0532700892218976,146,144,156,156,1.715029756352953,1.0194917332483717,-1.4440007896066096,45954,0,0,0,0,0,0,0,train
4946812,Công viên Nhân Chính - Khuất Duy Tiến,21.0031,105.79470000000002,2025-09-05,-0.05071814464350059,-1.000799274532775,-0.12174302300594572,-0.7160536191037935,152,141,156,156,1.4482311082855377,0.8941228149191786,-1.1827864500185983,0,0,0,0,0,1,1,1,train
4946813,Số 1 đường Giải Phóng - phường Bạch Mai - ĐHBK,21.0052,105.8418,2024-01-29,0.20822729755292524,0.5402684832652487,0.9967430736750751,0.37208107675376945,0,4,0,156,-0.9040231736774028,0.6373032005989335,0.7307498687681094,0,1,0,1,0,1,1,1,train
4946813,Số 1 đường Giải Phóng - phường Bạch Mai - ĐHBK,21.0052,105.8418,2024-01-30,0.20822729755292524,0.15422714791170156,0.9967430736750751,0.4004298373764823,0,7,0,156,-0.9040231736774028,0.6373032005989335,0.7307498687681094,0,1,0,1,0,1,1,1,train
4946813,Số 1 đường Giải Phóng - phường Bạch Mai - ĐHBK,21.0052,105.8418,2024-01-31,0.20822729755292524,0.243017181397688,0.9967430736750751,-0.4191366412177291,0,32,0,156,-0.9040231736774028,0.6373032005989335,0.7307498687681094,0,1,0,1,0,1,1,1,train
4946813,Số 1 đường Giải Phóng - phường Bạch Mai - ĐHBK,21.0052,105.8418,2024-02-01,0.20822729755292524,-0.4184628272615991,0.9967430736750751,-0.14577228377953452,0,17,0,156,-0.9040231736774028,0.6373032005989335,0.7307498687681094,0,1,0,1,0,1,1,1,train
4946813,Số 1 đường Giải Phóng - phường Bạch Mai - ĐHBK,21.0052,105.8418,2024-02-02,0.20822729755292524,-0.35408610532420964,0.9967430736750751,0.5090892541484914,10,156,24,148,-0.9040231736774028,0.6373032005989335,0.7307498687681094,45954,0,0,0,0,0,0,0,train
4946813,Số 1 đường Giải Phóng - phường Bạch Mai - ĐHBK,21.0052,105.8418,2024-02-03,-0.1463257656019162,-0.24957688496826133,0.4635142439475675,0.9750948649771025,0,27,0,156,-0.8950807067836763,0.4345196428485008,0.7358061219244285,0,1,0,1,0,1,1,1,train
4946813,Số 1 đường Giải Phóng - phường Bạch Mai - ĐHBK,21.0052,105.8418,2024-02-04,-0.5008788287567574,-0.08848235545273683,-0.0697145857799402,-0.2171837315093366,134,152,149,156,-0.8861382398899499,0.231736085098068,0.7408623750807478,0,0,0,0,0,1,1,1,train
4946813,Số 1 đường Giải Phóng - phường Bạch Mai - ĐHBK,21.0052,105.8418,2024-02-05,-0.24798868686105516,-0.20919048178243768,-0.11763482521496774,-0.7293371170308945,81,156,128,156,-0.8771957729962233,0.028952527347635294,0.7459186282370669,0,0,0,0,0,1,1,1,train
4946813,Số 1 đường Giải Phóng - phường Bạch Mai - ĐHBK,21.0052,105.8418,2024-02-06,-0.4625996736360705,-0.32173247444255604,-0.11983386508399893,0.28376861092203315,0,81,1,156,-0.8682533061024967,-0.17383103040279743,0.7509748813933862,0,1,0,0,0,1,1,1,train
4946813,Số 1 đường Giải Phóng - phường Bạch Mai - ĐHBK,21.0052,105.8418,2024-02-07,-0.6772106604110859,-0.19847275519923396,-0.11471146566573795,0.7037617208680884,0,7,0,156,-0.8593108392087703,-0.37661458815323035,0.7560311345497053,45954,1,0,1,0,0,0,0,train
4946813,Số 1 đường Giải Phóng - phường Bạch Mai - ĐHBK,21.0052,105.8418,2024-02-08,-0.8918216471861015,0.4767306561335724,-0.10958906624747697,0.9455034303700732,0,0,0,156,-0.4104094847713533,0.003627058155698163,0.2645753425270033,0,1,1,1,0,1,1,1,train
4946813,Số 1 đường Giải Phóng - phường Bạch Mai - ĐHBK,21.0052,105.8418,2024-02-09,-1.1064326339611168,1.1519340674663783,-0.104466666829216,0.7618884762082975,0,2,0,156,0.03849186966606366,0.3838687044646267,-0.2268804494956987,0,1,0,1,0,1,1,1,train
4946813,Số 1 đường Giải Phóng - phường Bạch Mai - ĐHBK,21.0052,105.8418,2024-02-10,-1.3210436207361322,1.5870297493120442,-0.09934426741095502,-0.4322002983231806,114,128,143,156,0.48739322410348074,0.7641103507735552,-0.7183362415184007,0,0,0,0,0,1,1,1,train
4946813,Số 1 đường Giải Phóng - phường Bạch Mai - ĐHBK,21.0052,105.8418,2024-02-11,-1.2801710731993612,1.3242080429754064,1.271740142679097,-0.564328573860809,154,83,156,156,0.9362945785408975,1.1443519970824836,-1.2097920335411023,0,0,0,0,0,1,1,1,train
4946813,Số 1 đường Giải Phóng - phường Bạch Mai - ĐHBK,21.0052,105.8418,2024-02-12,-0.061122873178833914,0.7149800536291124,1.8160656228739298,0.04213040252815265,152,145,156,156,1.3851959329783148,1.5245936433914125,-1.701247825563805,45954,0,0,0,0,0,0,0,train
4946813,Số 1 đường Giải Phóng - phường Bạch Mai - ĐHBK,21.0052,105.8418,2024-02-13,-0.19066346885352836,0.8865615863840053,-0.5229409343264627,1.2979129856012128,36,89,97,156,0.9495790126779733,1.2863112179501226,-1.2429490926500237,0,0,0,0,0,1,1,1,train
4946813,Số 1 đường Giải Phóng - phường Bạch Mai - ĐHBK,21.0052,105.8418,2024-02-14,0.02471195058154652,0.37062969015552716,-0.9934181483576192,0.7674939393753654,0,0,0,156,0.513962092377632,1.0480287925088332,-0.7846503597362423,0,1,1,1,0,1,1,1,train
4946813,Số 1 đường Giải Phóng - phường Bạch Mai - ĐHBK,21.0052,105.8418,2024-02-15,0.2400873700166214,-0.1453022060729515,-1.4638953623887758,-0.005684826872822143,0,3,1,156,0.07834517207729078,0.8097463670675435,-0.326351626822461,0,1,0,0,0,1,1,1,train
4946813,Số 1 đường Giải Phóng - phường Bạch Mai - ĐHBK,21.0052,105.8418,2024-02-16,0.45546278945169627,0.30970413672234864,0.6036731537685689,-0.35561733564964837,16,48,34,156,-0.35727174822305047,0.5714639416262539,0.13194710609132032,0,0,0,0,0,1,1,1,train
4946813,Số 1 đường Giải Phóng - phường Bạch Mai - ĐHBK,21.0052,105.8418,2024-02-17,0.5275530749087503,0.585287353021273,-0.8089280280814857,0.5824076761775264,0,64,31,156,-0.792888668523392,0.33318151618496444,0.5902458390051016,45954,1,0,0,0,0,0,0,train
4946813,Số 1 đường Giải Phóng - phường Bạch Mai - ĐHBK,21.0052,105.8418,2024-02-18,0.5996433603658043,0.3087130626898463,3.9963475519341705,1.0563267353925598,27,56,63,153,-0.9111613317626895,0.15162926214753233,0.7885973590590225,0,0,0,0,0,1,1,1,train
4946813,Số 1 đường Giải Phóng - phường Bạch Mai - ĐHBK,21.0052,105.8418,2024-02-19,0.1790021542087523,-0.04401247634817848,0.19216470009761744,1.5905932050282112,14,122,27,156,-1.029433995001987,-0.02992299188989988,0.9869488791129434,0,0,0,0,0,1,1,1,train
4946813,Số 1 đường Giải Phóng - phường Bạch Mai - ĐHBK,21.0052,105.8418,2024-02-20,0.2055315984854868,0.040623446058253646,-0.18068752527409482,0.97540220017629,9,104,24,156,-1.1477066582412845,-0.21147524592733208,1.1853003991668642,0,0,0,0,0,1,1,1,train
4946813,Số 1 đường Giải Phóng - phường Bạch Mai - ĐHBK,21.0052,105.8418,2024-02-21,1.52133088405676,0.17762565855910079,-0.08230803712946924,0.22756709115957727,13,112,43,156,-1.2659793214805821,-0.3930274999647641,1.383651919220785,0,0,0,0,0,1,1,1,train
4946813,Số 1 đường Giải Phóng - phường Bạch Mai - ĐHBK,21.0052,105.8418,2024-02-22,1.2663808946636397,-0.14536111416073416,-0.0037386953633812624,0.38927496119478316,0,107,0,156,-1.3842519847198795,-0.5745797540021963,1.5820034392747062,45954,1,0,1,0,0,0,0,train
4946813,Số 1 đường Giải Phóng - phường Bạch Mai - ĐHBK,21.0052,105.8418,2024-02-23,1.0114309052705188,0.16125866453856472,0.07483064640270672,0.16375205160926243,0,0,0,156,-1.238971453173369,-0.5293432992014311,1.3394870282256839,0,1,1,1,0,1,1,1,train
4946813,Số 1 đường Giải Phóng - phường Bạch Mai - ĐHBK,21.0052,105.8418,2024-02-24,0.7564809158773985,0.4678784432378636,0.15339998816879474,0.8995995798487707,0,0,0,156,-1.0936909216268587,-0.48410684440066565,1.096970617176662,0,1,1,1,0,1,1,1,train
4946813,Số 1 đường Giải Phóng - phường Bạch Mai - ĐHBK,21.0052,105.8418,2024-02-25,0.5015309264842781,0.7744982219371626,0.23196932993488267,0.6969757106970685,0,2,0,156,-0.9484103900803483,-0.43887038959990043,0.8544542061276401,0,1,0,1,0,1,1,1,train
4946813,Số 1 đường Giải Phóng - phường Bạch Mai - ĐHBK,21.0052,105.8418,2024-02-26,0.24658093709115728,0.7653611957095986,0.31053867170097066,0.9156744768965129,0,7,0,156,-0.8031298585338378,-0.393633934799135,0.6119377950786181,0,1,0,1,0,1,1,1,train
4946813,Số 1 đường Giải Phóng - phường Bạch Mai - ĐHBK,21.0052,105.8418,2024-02-27,-0.008369052301962655,0.7165083912400521,0.3891080134670587,0.5094630163930142,0,17,0,156,-0.6578493269873273,-0.3483974799983698,0.36942138402959623,45954,1,0,1,0,0,0,0,train
4946813,Số 1 đường Giải Phóng - phường Bạch Mai - ĐHBK,21.0052,105.8418,2024-02-28,-0.2633190416950835,1.164058770090774,0.4676773552331467,1.0963448122614883,0,71,0,156,-0.6041120607949595,-0.10285355250488111,0.31243531268242114,0,1,0,1,0,1,1,1,train
4946813,Số 1 đường Giải Phóng - phường Bạch Mai - ĐHBK,21.0052,105.8418,2024-02-29,-0.5182690310882039,1.5231853819457732,0.5462466969992347,1.3704728791554945,0,20,0,156,-0.5503747946025916,0.14269037498860765,0.25544924133524605,0,1,0,1,0,1,1,1,train
4946813,Số 1 đường Giải Phóng - phường Bạch Mai - ĐHBK,21.0052,105.8418,2024-03-01,-0.7732190204813243,1.357467658429426,0.6248160387653227,0.6000936642344562,0,0,0,156,-0.4966375284102237,0.3882343024820964,0.19846316998807093,0,1,1,1,0,1,1,1,train
4946813,Số 1 đường Giải Phóng - phường Bạch Mai - ĐHBK,21.0052,105.8418,2024-03-02,-1.0281690098744452,1.191749934913079,0.7033853805314105,-0.08107383470092984,17,60,49,156,-0.44290026221785583,0.6337782299755851,0.1414770986408958,0,0,0,0,0,1,1,1,train
4946813,Số 1 đường Giải Phóng - phường Bạch Mai - ĐHBK,21.0052,105.8418,2024-03-03,-0.2692962291415657,0.8941844565773183,-0.4142921944791964,1.242213109290654,2,20,8,156,-0.3891629960254879,0.8793221574690739,0.0844910272937207,45954,0,0,0,0,0,0,0,train
4946813,Số 1 đường Giải Phóng - phường Bạch Mai - ĐHBK,21.0052,105.8418,2024-03-04,0.14943808202145709,0.7633659569584198,1.083513000019967,2.087536782961846,0,150,4,156,-0.417118447790068,0.6520717337133601,0.09491747266981371,0,1,0,0,0,1,1,1,train
4946813,Số 1 đường Giải Phóng - phường Bạch Mai - ĐHBK,21.0052,105.8418,2024-03-05,0.5681723931844799,0.9101270032801396,-0.8145673360595771,1.3182641180933812,142,129,63,142,-0.4450738995546481,0.4248213099576465,0.10534391804590673,0,0,0,0,0,1,1,1,train
4946813,Số 1 đường Giải Phóng - phường Bạch Mai - ĐHBK,21.0052,105.8418,2024-03-06,-0.5745517970953202,1.029879236796426,-0.2900607388765647,0.9724425012905282,73,103,91,156,-0.47302935131922824,0.19757088620193275,0.11577036342199967,0,0,0,0,0,1,1,1,train
4946813,Số 1 đường Giải Phóng - phường Bạch Mai - ĐHBK,21.0052,105.8418,2024-03-07,-0.5798466737763893,1.2181538489281711,0.2897109462547582,1.842361650749779,0,14,7,156,-0.5009848030838084,-0.029679537553780954,0.1261968087980927,0,1,0,0,0,1,1,1,train
4946813,Số 1 đường Giải Phóng - phường Bạch Mai - ĐHBK,21.0052,105.8418,2024-03-08,-0.5851415504574586,1.227543689032489,0.30104834327887436,1.3531837512615268,0,0,0,156,-0.5289402548483885,-0.2569299613094947,0.13662325417418572,45954,1,1,1,0,0,0,0,train
4946813,Số 1 đường Giải Phóng - phường Bạch Mai - ĐHBK,21.0052,105.8418,2024-03-09,-0.5904364271385276,1.2369335291368075,0.3123857403029906,0.8970377564190888,0,9,0,156,-0.6166624853919502,-0.1083498317302195,0.2894979299457457,0,1,0,1,0,1,1,1,train
4946813,Số 1 đường Giải Phóng - phường Bạch Mai - ĐHBK,21.0052,105.8418,2024-03-10,-0.5957313038195969,1.158712315678774,0.32372313732710684,1.3763201313925026,0,1,0,156,-0.704384715935512,0.04023029784905566,0.44237260571730563,0,1,0,1,0,1,1,1,train
4946813,Số 1 đường Giải Phóng - phường Bạch Mai - ĐHBK,21.0052,105.8418,2024-03-11,-0.601026180500666,1.479454853887475,0.335060534351223,1.2482693924637587,59,108,140,156,-0.7921069464790738,0.18881042742833093,0.5952472814888656,0,0,0,0,0,1,1,1,train
4946813,Số 1 đường Giải Phóng - phường Bạch Mai - ĐHBK,21.0052,105.8418,2024-03-12,1.4954043182598153,2.0786351961491496,0.4281367820463932,0.4354682299778933,67,147,0,156,-0.8798291770226355,0.33739055700760606,0.7481219572604256,0,0,0,1,0,1,1,1,train
4946813,Số 1 đường Giải Phóng - phường Bạch Mai - ĐHBK,21.0052,105.8418,2024-03-13,1.41000578071829,1.7212657361905197,0.5212130297415632,0.6762586546204811,0,0,0,156,-0.9675514075661973,0.48597068658688136,0.9009966330319856,45954,1,1,1,0,0,0,0,train
4946813,Số 1 đường Giải Phóng - phường Bạch Mai - ĐHBK,21.0052,105.8418,2024-03-14,1.3246072431767646,1.3638962762318911,0.6142892774367333,2.5912541576875205,0,3,0,156,-0.8840125044076049,0.6253523742500677,0.7568741203251074,0,1,0,1,0,1,1,1,train
4946813,Số 1 đường Giải Phóng - phường Bạch Mai - ĐHBK,21.0052,105.8418,2024-03-15,1.2392087056352397,1.1930922756912765,0.7073655251319035,2.8481218832336155,0,112,0,156,-0.8004736012490128,0.7647340619132541,0.612751607618229,0,1,0,1,0,1,1,1,train
4946813,Số 1 đường Giải Phóng - phường Bạch Mai - ĐHBK,21.0052,105.8418,2024-03-16,1.1538101680937143,1.7565126814394914,0.8004417728270735,2.9614035115108535,0,0,0,156,-0.7169346980904204,0.9041157495764405,0.4686290949113508,0,1,1,1,0,1,1,1,train
4946813,Số 1 đường Giải Phóng - phường Bạch Mai - ĐHBK,21.0052,105.8418,2024-03-17,1.0684116305521887,2.319933087187706,0.8935180205222436,2.797972853292679,0,7,0,156,-0.6333957949318283,1.0434974372396266,0.3245065822044725,0,1,0,1,0,1,1,1,train
4946813,Số 1 đường Giải Phóng - phường Bạch Mai - ĐHBK,21.0052,105.8418,2024-03-18,0.9830130930106633,1.7460843135652888,0.9865942682174136,3.2072793154207178,0,1,0,156,-0.5498568917732359,1.182879124902813,0.1803840694975942,45954,1,0,1,0,0,0,0,train
4946813,Số 1 đường Giải Phóng - phường Bạch Mai - ĐHBK,21.0052,105.8418,2024-03-19,0.8976145554691384,1.6917874199826894,1.079670515912584,0.3403880451152194,0,3,0,156,-0.6942568979591945,1.1210856240656122,0.40357094130214277,0,1,0,1,0,1,1,1,train
4946813,Số 1 đường Giải Phóng - phường Bạch Mai - ĐHBK,21.0052,105.8418,2024-03-20,0.812216017927613,3.489951345251536,1.172746763607754,-0.24962664670035392,0,78,0,156,-0.838656904145153,1.0592921232284112,0.6267578131066913,0,1,0,1,0,1,1,1,train
4946813,Số 1 đường Giải Phóng - phường Bạch Mai - ĐHBK,21.0052,105.8418,2024-03-21,0.7268174803860875,2.054293610651887,1.265823011302924,0.9741832512032206,131,60,46,137,-0.9830569103311115,0.99749862239121,0.84994468491124,0,0,0,0,0,1,1,1,train
4946813,Số 1 đường Giải Phóng - phường Bạch Mai - ĐHBK,21.0052,105.8418,2024-03-22,0.36035889934546744,1.1403771733548327,0.9393484743834367,1.442520945531962,0,2,0,156,-1.12745691651707,0.9357051215540091,1.0731315567157884,0,1,0,1,0,1,1,1,train
4946813,Số 1 đường Giải Phóng - phường Bạch Mai - ĐHBK,21.0052,105.8418,2024-03-23,-0.006099681695152683,0.6898689812351236,0.6128739374639492,1.2235914091790665,0,0,0,0,-1.2718569227030285,0.8739116207168081,1.2963184285203373,45954,1,1,1,1,0,0,0,train
4946813,Số 1 đường Giải Phóng - phường Bạch Mai - ĐHBK,21.0052,105.8418,2024-03-24,-0.3725582627357728,0.23936078911541503,0.28639940054446195,1.004661872826171,0,53,0,156,-1.201874932387911,0.6576210923166464,1.1920855307194966,0,1,0,1,0,1,1,1,train
4946813,Số 1 đường Giải Phóng - phường Bạch Mai - ĐHBK,21.0052,105.8418,2024-03-25,-0.7390168437763929,0.2066313464514848,-0.04007513637502548,-0.13687341876800704,81,156,148,156,-1.131892942072793,0.4413305639164849,1.087852632918656,0,0,0,0,0,1,1,1,train
4946813,Số 1 đường Giải Phóng - phường Bạch Mai - ĐHBK,21.0052,105.8418,2024-03-26,-0.056622725323924775,0.6973670808258342,-0.9090215701320962,-0.39800259828519,0,121,25,156,-1.0619109517576755,0.22504003551632332,0.9836197351178155,0,1,0,0,0,1,1,1,train
4946813,Số 1 đường Giải Phóng - phường Bạch Mai - ĐHBK,21.0052,105.8418,2024-03-27,0.6257713931285434,0.8477217932252334,-0.8347919770514347,0.998939382196451,9,16,43,156,-0.9919289614425576,0.008749507116161655,0.8793868373169751,0,0,0,0,0,1,1,1,train
4946813,Số 1 đường Giải Phóng - phường Bạch Mai - ĐHBK,21.0052,105.8418,2024-03-28,0.21662978951623701,2.423659320876807,-0.5297450813199498,2.2513565970599094,0,3,0,156,-0.92194697112744,-0.207541021284,0.7751539395161344,45954,1,0,1,0,0,0,0,train
4946813,Số 1 đường Giải Phóng - phường Bạch Mai - ĐHBK,21.0052,105.8418,2024-03-29,-0.1925118140960691,1.136166335968526,-0.2246981855884648,0.7448505437763934,2,13,4,156,-0.6685465885461009,0.11053448137953369,0.5544016349639401,0,0,0,0,0,1,1,1,train
4946813,Số 1 đường Giải Phóng - phường Bạch Mai - ĐHBK,21.0052,105.8418,2024-03-30,-0.23439144273211204,0.8770432939215963,-0.36092955492242756,1.39484612519692,3,83,26,156,-0.4151462059647619,0.4286099840430675,0.33364933041174577,0,0,0,0,0,1,1,1,train
4946813,Số 1 đường Giải Phóng - phường Bạch Mai - ĐHBK,21.0052,105.8418,2024-03-31,0.47435425054619884,2.160522892626713,-0.426372791185771,1.0778972349196698,152,62,156,156,-0.1617458233834228,0.7466854867066013,0.1128970258595513,0,0,0,0,0,1,1,1,train
4946813,Số 1 đường Giải Phóng - phường Bạch Mai - ĐHBK,21.0052,105.8418,2024-04-01,0.14607473817133815,1.506088400355889,0.23733046799192778,1.8981033929706819,151,1,156,156,0.0916545591979161,1.0647609893701349,-0.10785527869264308,0,0,0,0,0,1,1,1,train
4946813,Số 1 đường Giải Phóng - phường Bạch Mai - ĐHBK,21.0052,105.8418,2024-04-02,0.85538842112985,2.202094548356635,0.9070790024362818,1.8608387910382742,156,74,156,156,0.345054941779255,1.3828364920336687,-0.3286075832448375,45954,0,0,0,0,0,0,0,train
4946813,Số 1 đường Giải Phóng - phường Bạch Mai - ĐHBK,21.0052,105.8418,2024-04-03,0.6914392212300375,2.371309666862755,-0.15867081028222663,1.8441449832503105,156,67,156,156,0.06664485682243519,1.0034503597238738,-0.07904366138291709,0,0,0,0,0,1,1,1,train
4946813,Số 1 đường Giải Phóng - phường Bạch Mai - ĐHBK,21.0052,105.8418,2024-04-04,0.5484154360885624,1.6564927482737077,-0.08779200261764526,2.9335949913424835,9,155,53,156,-0.21176522813438461,0.6240642274140789,0.1705202604790034,0,0,0,0,0,1,1,1,train
4946813,Số 1 đường Giải Phóng - phường Bạch Mai - ĐHBK,21.0052,105.8418,2024-04-05,0.37946613181557926,3.861016117452933,-0.2308467492499606,4.492417516343328,0,44,7,156,-0.49017531309120443,0.2446780951042841,0.42008418234092393,0,1,0,0,0,1,1,1,train
4946813,Số 1 đường Giải Phóng - phường Bạch Mai - ĐHBK,21.0052,105.8418,2024-04-06,0.21051682754259618,2.6934719990761935,-0.16678950583760416,3.437424287203657,0,34,0,156,-0.7685853980480242,-0.1347080372055109,0.6696481042028444,0,1,0,1,0,1,1,1,train
4946813,Số 1 đường Giải Phóng - phường Bạch Mai - ĐHBK,21.0052,105.8418,2024-04-07,0.041567523269613084,1.4136534289380307,-0.1027322624252477,2.830231462921183,0,57,0,156,-1.0469954830048442,-0.5140941695153055,0.9192120260647648,45954,1,0,1,0,0,0,0,train
4946813,Số 1 đường Giải Phóng - phường Bạch Mai - ĐHBK,21.0052,105.8418,2024-04-08,-0.12738178100337,1.7417632962370029,-0.038675019012891235,2.9001767975267616,0,0,0,156,-0.9856471011178322,-0.33219356056275395,0.8592995031496857,0,1,1,1,0,1,1,1,train
4946813,Số 1 đường Giải Phóng - phường Bạch Mai - ĐHBK,21.0052,105.8418,2024-04-09,-0.2963310852763531,2.069873163535976,0.025382224399465195,1.8832492963128715,0,5,0,156,-0.9242987192308202,-0.15029295161020223,0.7993869802346066,0,1,0,1,0,1,1,1,train
4946813,Số 1 đường Giải Phóng - phường Bạch Mai - ĐHBK,21.0052,105.8418,2024-04-10,-0.4652803895493362,1.5295272739523296,0.08943946781182166,0.03963137796398675,0,8,0,156,-0.8629503373438081,0.0316076573423493,0.7394744573195275,0,1,0,1,0,1,1,1,train
4946813,Số 1 đường Giải Phóng - phường Bạch Mai - ĐHBK,21.0052,105.8418,2024-04-11,-0.6342296938223193,2.263681863248228,0.15349671122417813,1.0902660134704096,0,110,29,156,-0.801601955456796,0.21350826629490094,0.6795619344044483,0,1,0,0,0,1,1,1,train
4946813,Số 1 đường Giải Phóng - phường Bạch Mai - ĐHBK,21.0052,105.8418,2024-04-12,-0.8031789980953024,1.600261160363485,-0.07963300433565354,1.875366202204527,10,13,18,156,-0.7402535735697839,0.39540887524745266,0.6196494114893694,45954,0,0,0,0,0,0,0,train
4946813,Số 1 đường Giải Phóng - phường Bạch Mai - ĐHBK,21.0052,105.8418,2024-04-13,0.1666231001421936,1.0623686835471504,-1.3359072907140517,1.0011303847454966,10,16,11,156,-0.8083804531231343,0.39678214350445457,0.6855577021632985,0,0,0,0,0,1,1,1,train
4946813,Số 1 đường Giải Phóng - phường Bạch Mai - ĐHBK,21.0052,105.8418,2024-04-14,-0.47133017107608394,1.7155279248064146,0.4317523793713757,2.1295230951250654,2,23,2,156,-0.8765073326764846,0.3981554117614565,0.7514659928372277,0,0,0,0,0,1,1,1,train
4946813,Số 1 đường Giải Phóng - phường Bạch Mai - ĐHBK,21.0052,105.8418,2024-04-15,-0.3159255557109085,1.5711065659158578,0.27259892269912994,2.3565033385354925,0,14,0,156,-0.9446342122298349,0.3995286800184584,0.8173742835111569,0,1,0,1,0,1,1,1,train
4946813,Số 1 đường Giải Phóng - phường Bạch Mai - ĐHBK,21.0052,105.8418,2024-04-16,-0.16052094034573308,1.1385041143412873,0.11344546602688418,0.3759731581299924,153,114,156,156,-1.0127610917831853,0.4009019482754604,0.8832825741850862,0,0,0,0,0,1,1,1,train
4946813,Số 1 đường Giải Phóng - phường Bạch Mai - ĐHBK,21.0052,105.8418,2024-04-17,-0.1838903473308751,1.3753053546787146,-0.3420737279030154,1.662931884128978,3,80,27,156,-1.0808879713365356,0.4022752165324623,0.9491908648590152,45954,0,0,0,0,0,0,0,train
4946813,Số 1 đường Giải Phóng - phường Bạch Mai - ĐHBK,21.0052,105.8418,2024-04-18,0.9611839525839608,1.7678846696088149,0.17433011709604554,1.0729549671897136,152,87,156,156,-1.0721631746988631,0.2675141304766951,0.9511528620200947,0,0,0,0,0,1,1,1,train
4946813,Số 1 đường Giải Phóng - phường Bạch Mai - ĐHBK,21.0052,105.8418,2024-04-19,0.9870894582305337,1.5715303768807742,0.3427033988090225,0.2055638378716217,53,50,61,156,-1.063438378061191,0.13275304442092803,0.9531148591811743,0,0,0,0,0,1,1,1,train
4946813,Số 1 đường Giải Phóng - phường Bạch Mai - ĐHBK,21.0052,105.8418,2024-04-20,-0.48390904282106956,1.0808320055065501,0.5520514919981345,-0.24453100998642702,156,100,156,156,-1.0547135814235187,-0.0020080416348391686,0.9550768563422539,0,0,0,0,0,1,1,1,train
4946813,Số 1 đường Giải Phóng - phường Bạch Mai - ĐHBK,21.0052,105.8418,2024-04-21,-0.304430012953915,1.1977596507579442,0.26323241825366844,1.2987836293116197,1,156,64,156,-1.0459887847858462,-0.13676912769060634,0.9570388535033335,0,0,0,0,0,1,1,1,train
4946813,Số 1 đường Giải Phóng - phường Bạch Mai - ĐHBK,21.0052,105.8418,2024-04-22,-0.13481702853472816,1.1313045096676335,-0.18014146746756962,1.387922542808386,0,124,0,144,-1.0372639881481738,-0.27153021374637354,0.9590008506644131,45954,1,0,1,0,0,0,0,train
4946813,Số 1 đường Giải Phóng - phường Bạch Mai - ĐHBK,21.0052,105.8418,2024-04-23,0.0347959558844587,1.08484811893601,-0.6235153531888077,1.6404252246237758,4,88,50,156,-0.4627199221165774,0.08714817588075577,0.3505628691329794,0,0,0,0,0,1,1,1,train
4946813,Số 1 đường Giải Phóng - phường Bạch Mai - ĐHBK,21.0052,105.8418,2024-04-24,0.3314422364362755,1.1983498225263385,-0.375204865769592,0.48153624443793785,0,4,0,156,0.11182414391501895,0.4458265655078851,-0.25787511239845434,0,1,0,1,0,1,1,1,train
4946813,Số 1 đường Giải Phóng - phường Bạch Mai - ĐHBK,21.0052,105.8418,2024-04-25,0.6280885169880923,1.1087138034462842,-0.12689437835037637,-0.19828775294802733,136,134,152,156,0.6863682099466153,0.8045049551350144,-0.866313093929888,0,0,0,0,0,1,1,1,train
4946813,Số 1 đường Giải Phóng - phường Bạch Mai - ĐHBK,21.0052,105.8418,2024-04-26,-0.16122353736359235,0.5251397408863092,0.6264892782024913,-0.3925203737857326,155,78,156,156,1.2609122759782119,1.1631833447621436,-1.4747510754613218,0,0,0,0,0,1,1,1,train
4946813,Số 1 đường Giải Phóng - phường Bạch Mai - ĐHBK,21.0052,105.8418,2024-04-27,-0.23535817969059664,0.8119924016461837,0.8613718673018712,0.7683499807818076,156,23,156,156,1.8354563420098087,1.521861734389273,-2.083189056992755,45954,0,0,0,0,0,0,0,train
4946813,Số 1 đường Giải Phóng - phường Bạch Mai - ĐHBK,21.0052,105.8418,2024-04-28,-0.236324789780714,1.0774428814003594,0.4661391296878792,1.5516984006867443,156,34,156,156,1.358348922364158,1.251549841222267,-1.6019450585851125,0,0,0,0,0,1,1,1,train
4946813,Số 1 đường Giải Phóng - phường Bạch Mai - ĐHBK,21.0052,105.8418,2024-04-29,-0.03125095489839396,2.2172437449327242,0.4749334286356421,1.3280993222523747,156,147,156,156,0.8812415027185075,0.9812379480552608,-1.1207010601774703,0,0,0,0,0,1,1,1,train
4946813,Số 1 đường Giải Phóng - phường Bạch Mai - ĐHBK,21.0052,105.8418,2024-04-30,0.1507622706046832,2.620723783329846,0.468424277135159,1.4574008425795992,156,90,156,156,0.40413408307285675,0.7109260548882548,-0.6394570617698279,0,0,0,0,0,1,1,1,train
4946813,Số 1 đường Giải Phóng - phường Bạch Mai - ĐHBK,21.0052,105.8418,2024-05-01,0.028628440512898114,2.060110057060581,0.4283009364638419,1.915012442899701,0,0,0,156,-0.07297333657279371,0.4406141617212487,-0.15821306336218563,0,1,1,1,0,1,1,1,train
4946813,Số 1 đường Giải Phóng - phường Bạch Mai - ĐHBK,21.0052,105.8418,2024-05-02,-0.09350538957888697,1.4994963307913176,0.3881775957925248,1.4063581158021599,0,0,0,156,-0.5500807562184442,0.17030226855424266,0.32303093504545705,45954,1,1,1,0,0,0,0,train
4946813,Số 1 đường Giải Phóng - phường Bạch Mai - ĐHBK,21.0052,105.8418,2024-05-03,-0.21563921967067184,0.9388826045220532,0.34805425512120775,1.4352735443618507,0,13,0,156,-0.5938849951855709,0.23550874876998823,0.42511178760051727,0,1,0,1,0,1,1,1,train
4946813,Số 1 đường Giải Phóng - phường Bạch Mai - ĐHBK,21.0052,105.8418,2024-05-04,-0.3377730497624569,0.27397856326010195,0.3079309144498906,0.9215122928798338,124,142,153,156,-0.6376892341526977,0.3007152289857339,0.5271926401555774,0,0,0,0,0,1,1,1,train
4946813,Số 1 đường Giải Phóng - phường Bạch Mai - ĐHBK,21.0052,105.8418,2024-05-05,-0.5718231122523955,1.0012741784455215,-0.8743357398814192,0.9636471961770557,10,17,12,156,-0.6814934731198243,0.36592170920147943,0.6292734927106378,0,0,0,0,0,1,1,1,train
4946813,Số 1 đường Giải Phóng - phường Bạch Mai - ĐHBK,21.0052,105.8418,2024-05-06,0.8488356699611196,0.27192387097587567,0.09175142624801641,-0.9784566032839901,15,71,34,156,-0.725297712086951,0.431128189417225,0.731354345265698,0,0,0,0,0,1,1,1,train
4946813,Số 1 đường Giải Phóng - phường Bạch Mai - ĐHBK,21.0052,105.8418,2024-05-07,0.07493368183808752,0.6953595695563617,0.1589127325422385,-0.6587749619944552,0,61,3,156,-0.7691019510540779,0.49633466963297057,0.8334351978207583,45954,1,0,0,0,0,0,0,train
4946813,Số 1 đường Giải Phóng - phường Bạch Mai - ĐHBK,21.0052,105.8418,2024-05-08,-0.6989683062849446,-0.1933450243354107,-4.424682521116779,-0.8510929789037599,10,88,5,138,-0.9000282441303691,0.40242338438119674,0.9813235154629519,0,0,0,0,0,1,1,1,train
4946813,Số 1 đường Giải Phóng - phường Bạch Mai - ĐHBK,21.0052,105.8418,2024-05-09,-1.2411952711872392,0.08960006660120592,-0.8092305965063377,0.5941386117575471,24,71,37,156,-1.0309545372066602,0.30851209912942296,1.1292118331051457,0,0,0,0,0,1,1,1,train
4946813,Số 1 đường Giải Phóng - phường Bạch Mai - ĐHBK,21.0052,105.8418,2024-05-10,-0.39505094586899775,-0.016922937644669116,-0.1644400500027158,-0.5050235111338204,44,77,64,156,-1.1618808302829513,0.21460081387764915,1.2771001507473396,0,0,0,0,0,1,1,1,train
4946813,Số 1 đường Giải Phóng - phường Bạch Mai - ĐHBK,21.0052,105.8418,2024-05-11,-0.08664295272568605,0.10083623890146923,-0.7901024113913496,-1.0450825266243464,75,82,104,156,-1.2928071233592426,0.12068952862587523,1.424988468389533,0,0,0,0,0,1,1,1,train
4946813,Số 1 đường Giải Phóng - phường Bạch Mai - ĐHBK,21.0052,105.8418,2024-05-12,-0.03663778577204968,-0.32974097443277395,-0.06883399770625866,-1.1766592591063014,58,78,91,156,-1.4237334164355337,0.026778243374101333,1.5728767860317268,45954,0,0,0,0,0,0,0,train
4946813,Số 1 đường Giải Phóng - phường Bạch Mai - ĐHBK,21.0052,105.8418,2024-05-13,-0.3012217022485819,0.4205132498000457,-0.5108345925586804,-0.8439684879240742,0,91,12,156,-0.9739986285980305,0.29006940402854603,1.107699166350365,0,1,0,0,0,1,1,1,train
4946813,Số 1 đường Giải Phóng - phường Bạch Mai - ĐHBK,21.0052,105.8418,2024-05-14,-0.5658056187251144,0.485833592032556,0.15557452604213007,0.5716646208015007,72,110,102,156,-0.5242638407605272,0.5533605646829909,0.6425215466690029,0,0,0,0,0,1,1,1,train
4946813,Số 1 đường Giải Phóng - phường Bạch Mai - ĐHBK,21.0052,105.8418,2024-05-15,-0.8369482491836384,0.39702337707204155,-0.1003783432603412,0.11833887134888567,0,3,0,156,-0.07452905292302388,0.8166517253374357,0.1773439269876408,0,1,0,1,0,1,1,1,train
4946813,Số 1 đường Giải Phóng - phường Bạch Mai - ĐHBK,21.0052,105.8418,2024-05-16,-1.1080908796421627,0.2727892198765712,-0.3563312125628125,-0.7560583179928118,19,35,25,156,0.37520573491447934,1.0799428859918805,-0.2878336926937214,0,0,0,0,0,1,1,1,train
4946813,Số 1 đường Giải Phóng - phường Bạch Mai - ĐHBK,21.0052,105.8418,2024-05-17,-1.6123843296035203,0.32319054343157055,-0.5247379023881876,-0.8084861434759553,2,57,27,156,0.8249405227519827,1.3432340466463253,-0.7530113123750832,45954,0,0,0,0,0,0,0,train
4946813,Số 1 đường Giải Phóng - phường Bạch Mai - ĐHBK,21.0052,105.8418,2024-05-18,-1.3898097170929113,-0.300993282147087,0.3102033172778915,-1.3560760060859398,0,72,3,156,0.4080203143489482,1.0680844999632486,-0.3202672361442037,0,1,0,0,0,1,1,1,train
4946813,Số 1 đường Giải Phóng - phường Bạch Mai - ĐHBK,21.0052,105.8418,2024-05-19,-1.1672351045823026,0.000996848115841699,0.8757566353582259,0.9277955239264155,0,0,31,156,-0.00889989405408614,0.7929349532801719,0.11247684008667601,0,1,1,0,0,1,1,1,train
4946813,Số 1 đường Giải Phóng - phường Bạch Mai - ĐHBK,21.0052,105.8418,2024-05-20,-0.9446604920716938,0.3029869783787709,0.5424341185596769,0.23190052269389283,0,0,0,156,-0.4258201024571205,0.5177854065970953,0.5452209163175554,0,1,1,1,0,1,1,1,train
4946813,Số 1 đường Giải Phóng - phường Bạch Mai - ĐHBK,21.0052,105.8418,2024-05-21,-0.7220858795610849,0.6049771086416996,0.20911160176112809,-0.5585098095542352,53,95,70,156,-0.842740310860155,0.2426358599140186,0.9779649925484353,0,0,0,0,0,1,1,1,train
4946813,Số 1 đường Giải Phóng - phường Bạch Mai - ĐHBK,21.0052,105.8418,2024-05-22,-0.6270645173277556,0.08326035637567979,-0.2824426775874896,-1.2890486239020278,12,46,59,156,-1.2596605192631893,-0.03251368676905809,1.410709068779315,45954,0,0,0,0,0,0,0,train
4946813,Số 1 đường Giải Phóng - phường Bạch Mai - ĐHBK,21.0052,105.8418,2024-05-23,-0.6309603911494283,0.3825633505785502,0.007369395028622953,-1.242660836902098,1,1,10,156,-1.007040248311979,0.025223026150950283,1.1377075452273473,0,0,0,0,0,1,1,1,train
4946813,Số 1 đường Giải Phóng - phường Bạch Mai - ĐHBK,21.0052,105.8418,2024-05-24,-0.7226510781372069,-0.10281911131808735,1.5368875745351893,-0.06677071372910923,18,115,23,138,-0.7544199773607686,0.08295973907095856,0.8647060216753798,0,0,0,0,0,1,1,1,train
4946813,Số 1 đường Giải Phóng - phường Bạch Mai - ĐHBK,21.0052,105.8418,2024-05-25,-0.2927072489511674,-1.0846339378562482,0.6647278456829978,0.15299524498379793,0,11,0,156,-0.5017997064095583,0.14069645199096692,0.5917044981234121,0,1,0,1,0,1,1,1,train
4946813,Số 1 đường Giải Phóng - phường Bạch Mai - ĐHBK,21.0052,105.8418,2024-05-26,0.137236580234872,-1.1726787567594599,-0.20743188316919375,-0.61806349964893,86,30,106,156,-0.2491794354583479,0.1984331649109752,0.31870297457144453,0,0,0,0,0,1,1,1,train
4946813,Số 1 đường Giải Phóng - phường Bạch Mai - ĐHBK,21.0052,105.8418,2024-05-27,-0.6247175794019018,-0.913090858991996,-0.4289563208690886,-0.7134596049099526,89,68,93,156,0.0034408354928625565,0.2561698778309836,0.04570145101947689,45954,0,0,0,0,0,0,0,train
4946813,Số 1 đường Giải Phóng - phường Bạch Mai - ĐHBK,21.0052,105.8418,2024-05-28,-0.6725439090162973,-0.5780543823706518,0.37864234142464004,-1.204601320181275,0,6,11,156,-0.17104176775547034,0.3506724175017732,0.24363031264529733,0,1,0,0,0,1,1,1,train
4946813,Số 1 đường Giải Phóng - phường Bạch Mai - ĐHBK,21.0052,105.8418,2024-05-29,-0.7203702386306929,-0.3908041164321029,0.31740560861959594,-0.8890537135764958,91,121,147,156,-0.34552437100380323,0.44517495717256267,0.4415591742711177,0,0,0,0,0,1,1,1,train
4946813,Số 1 đường Giải Phóng - phường Bạch Mai - ĐHBK,21.0052,105.8418,2024-05-30,-0.8775331226976582,-0.19940164847240882,-0.33006119164957903,0.8309861903680027,19,110,71,156,-0.5200069742521363,0.5396774968433522,0.639488035896938,0,0,0,0,0,1,1,1,train
4946813,Số 1 đường Giải Phóng - phường Bạch Mai - ĐHBK,21.0052,105.8418,2024-05-31,-0.8722694810086072,-0.07840279982057428,2.5650382457603156,0.04560155532220055,0,21,2,156,-0.694489577500469,0.6341800365141418,0.8374168975227585,0,1,0,0,0,1,1,1,train
4946813,Số 1 đường Giải Phóng - phường Bạch Mai - ĐHBK,21.0052,105.8418,2024-06-01,-0.8670058393195561,0.14069546924612014,-0.3943729708462449,-1.1528840804346128,57,103,82,156,-0.868972180748802,0.7286825761849314,1.0353457591485788,45954,0,0,0,0,0,0,0,train
4946813,Số 1 đường Giải Phóng - phường Bạch Mai - ĐHBK,21.0052,105.8418,2024-06-02,-0.8419362693448273,-0.1644661524653491,-0.11061042945541545,-1.207221254211192,109,135,142,156,-0.8686190407263064,0.29939318787998787,0.9633224358372331,0,0,0,0,0,1,1,1,train
4946813,Số 1 đường Giải Phóng - phường Bạch Mai - ĐHBK,21.0052,105.8418,2024-06-03,-0.2054681192336392,-0.24408425122731137,0.2999412475054352,-1.474262814032758,53,9,101,156,-0.8682659007038105,-0.12989620042495556,0.8912991125258874,0,0,0,0,0,1,1,1,train
4946813,Số 1 đường Giải Phóng - phường Bạch Mai - ĐHBK,21.0052,105.8418,2024-06-04,0.11021234932584224,-0.2861228080974803,-0.5506442016349742,0.6330419565058318,0,0,16,156,-0.8679127606813147,-0.5591855887298992,0.8192757892145418,0,1,1,0,0,1,1,1,train
4946813,Số 1 đường Giải Phóng - phường Bạch Mai - ĐHBK,21.0052,105.8418,2024-06-05,0.4258928178853237,-0.32816136496764925,-2.5608695708316502,0.26895091270914445,0,0,0,156,-0.867559620658819,-0.9884749770348424,0.747252465903196,0,1,1,1,0,1,1,1,train
4946813,Số 1 đường Giải Phóng - phường Bạch Mai - ĐHBK,21.0052,105.8418,2024-06-06,0.7415732864448051,-0.3701999218378187,-4.571094940028327,-0.40083353411431594,0,0,1,156,-0.8672064806363232,-1.417764365339786,0.6752291425918504,45954,1,1,0,0,0,0,0,train
4946813,Số 1 đường Giải Phóng - phường Bạch Mai - ĐHBK,21.0052,105.8418,2024-06-07,1.0572537550042866,-0.41223847870798763,-0.704150419826986,-1.0320200042582623,4,86,9,156,-0.9142676426336196,-1.4151819820144864,0.8003240560173097,0,0,0,0,0,1,1,1,train
4946813,Số 1 đường Giải Phóng - phường Bạch Mai - ĐHBK,21.0052,105.8418,2024-06-08,0.6802157159695309,-0.41149676406561175,-1.194594952149249,-1.577847556907574,0,0,6,156,-0.9613288046309159,-1.412599598689187,0.9254189694427688,0,1,1,0,0,1,1,1,train
4946813,Số 1 đường Giải Phóng - phường Bạch Mai - ĐHBK,21.0052,105.8418,2024-06-09,0.30317767693477526,-0.4107550494232359,-0.8902157680690143,-0.3439579483728975,0,0,0,145,-1.0083899666282121,-1.4100172153638875,1.050513882868228,0,1,1,1,0,1,1,1,train
4946813,Số 1 đường Giải Phóng - phường Bạch Mai - ĐHBK,21.0052,105.8418,2024-06-10,-0.07386036209998037,-0.41001333478086,-0.5858365839887797,0.39428323044281194,0,2,0,156,-1.0554511286255086,-1.407434832038588,1.1756087962936874,0,1,0,1,0,1,1,1,train
4946813,Số 1 đường Giải Phóng - phường Bạch Mai - ĐHBK,21.0052,105.8418,2024-06-11,-0.450898401134736,-0.5290360352655145,-0.28145739990854507,-0.41435693983293187,47,41,76,156,-1.1025122906228049,-1.4048524487132885,1.3007037097191465,45954,0,0,0,0,0,0,0,train
4946813,Số 1 đường Giải Phóng - phường Bạch Mai - ĐHBK,21.0052,105.8418,2024-06-12,-0.9002665385577499,-0.7561878035561506,-0.5060133123881021,-0.5787745824082331,104,116,124,156,-0.6919443206852192,-1.0552059613277822,0.8415204402715654,0,0,0,0,0,1,1,1,train
4946813,Số 1 đường Giải Phóng - phường Bạch Mai - ĐHBK,21.0052,105.8418,2024-06-13,-1.1417767147790283,-0.6393018848669421,-0.03637448732171905,-0.9228112541861903,88,11,128,156,-0.28137635074763345,-0.7055594739422758,0.3823371708239841,0,0,0,0,0,1,1,1,train
4946813,Số 1 đường Giải Phóng - phường Bạch Mai - ĐHBK,21.0052,105.8418,2024-06-14,-1.0343358697594416,-0.599676105092414,-0.4790487213524692,-1.3227158631473284,0,0,17,156,0.12919161918995226,-0.3559129865567696,-0.07684609862359712,0,1,1,0,0,1,1,1,train
4946813,Số 1 đường Giải Phóng - phường Bạch Mai - ĐHBK,21.0052,105.8418,2024-06-15,-0.9268950247398549,-0.560050325317886,-0.3867213241131621,0.5211992076079996,0,0,0,156,0.539759589127538,-0.006266499171263255,-0.5360293680711784,0,1,1,1,0,1,1,1,train
4946813,Số 1 đường Giải Phóng - phường Bạch Mai - ĐHBK,21.0052,105.8418,2024-06-16,-0.8194541797202682,-0.5204245455433579,-0.2943939268738551,-0.2504630690603655,80,50,93,156,0.9503275590651237,0.3433799882142429,-0.9952126375187599,45954,0,0,0,0,0,0,0,train
4946813,Số 1 đường Giải Phóng - phường Bạch Mai - ĐHBK,21.0052,105.8418,2024-06-17,-0.6024108218608892,-0.365100826850008,-0.7467366581739568,-0.4142807331259433,135,113,154,156,0.6860084145453357,-0.09274081073336533,-0.7059612832774917,0,0,0,0,0,1,1,1,train
4946813,Số 1 đường Giải Phóng - phường Bạch Mai - ĐHBK,21.0052,105.8418,2024-06-18,1.382251943925291,-0.014383617249334965,-0.45297502106632176,-1.3800573489837449,65,11,113,156,0.4216892700255473,-0.5288616096809734,-0.41670992903622384,0,0,0,0,0,1,1,1,train
4946813,Số 1 đường Giải Phóng - phường Bạch Mai - ĐHBK,21.0052,105.8418,2024-06-19,-0.33194966483707633,-0.355438809562301,0.2859709586549001,-1.0304867922035525,116,109,156,156,0.15737012550575924,-0.9649824086285814,-0.1274585747949559,0,0,0,0,0,1,1,1,train
4946813,Số 1 đường Giải Phóng - phường Bạch Mai - ĐHBK,21.0052,105.8418,2024-06-20,-0.6013989197636618,-0.9447332292581447,-0.9315764298708005,1.2586045388987719,10,15,77,156,-0.10694901901402894,-1.4011032075761896,0.16179277944631218,0,0,0,0,0,1,1,1,train
4946813,Số 1 đường Giải Phóng - phường Bạch Mai - ĐHBK,21.0052,105.8418,2024-06-21,-0.5018491180295254,-0.7893784201851305,-1.7042273460332333,0.22302758125113678,0,6,3,156,-0.37126816353381714,-1.8372240065237981,0.4510441336875801,45954,1,0,0,0,0,0,0,train
4946813,Số 1 đường Giải Phóng - phường Bạch Mai - ĐHBK,21.0052,105.8418,2024-06-22,-0.402299316295389,-0.6050661951249942,-0.4693816950633537,-0.5222097958072288,25,3,88,156,-0.45043500541974435,-2.2012546356592866,0.5130763396264447,0,0,0,0,0,1,1,1,train
4946813,Số 1 đường Giải Phóng - phường Bạch Mai - ĐHBK,21.0052,105.8418,2024-06-23,0.43988868242418266,-1.0828094234706005,0.010236911109778226,-1.212247313484961,5,75,24,156,-0.5296018473056716,-2.5652852647947753,0.5751085455653093,0,0,0,0,0,1,1,1,train
4946813,Số 1 đường Giải Phóng - phường Bạch Mai - ĐHBK,21.0052,105.8418,2024-06-24,0.2831748172260254,-1.0757790886417928,-0.11076219042823418,-1.3466230299243815,0,0,0,156,-0.6087686891915988,-2.929315893930264,0.637140751504174,0,1,1,1,0,1,1,1,train
4946813,Số 1 đường Giải Phóng - phường Bạch Mai - ĐHBK,21.0052,105.8418,2024-06-25,0.12646095202786814,-1.0687487538129852,-0.2317612919662466,-0.7246071650088884,0,0,0,148,-0.6879355310775261,-3.2933465230657526,0.6991729574430386,0,1,1,1,0,1,1,1,train
4946813,Số 1 đường Giải Phóng - phường Bạch Mai - ĐHBK,21.0052,105.8418,2024-06-26,-0.030252913170289133,-1.0617184189841777,-0.352760393504259,0.3075167938082291,0,8,0,156,-0.7671023729634533,-3.6573771522012413,0.7612051633819032,45954,1,0,1,0,0,0,0,train
4946813,Số 1 đường Giải Phóng - phường Bạch Mai - ĐHBK,21.0052,105.8418,2024-06-27,-0.18696677836844638,-1.168761232560256,-0.4737594950422715,-0.41214921480899847,58,99,78,156,-0.6140536875194894,-2.820876305701343,0.6005685530664469,0,0,0,0,0,1,1,1,train
4946813,Số 1 đường Giải Phóng - phường Bạch Mai - ĐHBK,21.0052,105.8418,2024-06-28,0.5782092034547731,-1.2626588154355516,-0.5648795227506603,-0.9974074673968061,23,24,41,156,-0.4610050020755255,-1.9843754592014446,0.4399319427509905,0,0,0,0,0,1,1,1,train
4946813,Số 1 đường Giải Phóng - phường Bạch Mai - ĐHBK,21.0052,105.8418,2024-06-29,0.40453048961488697,-1.2641214041660993,-0.8903612148737049,-1.6946656302848289,0,0,88,156,-0.30795631663156164,-1.1478746127015464,0.2792953324355341,0,1,1,0,0,1,1,1,train
4946813,Số 1 đường Giải Phóng - phường Bạch Mai - ĐHBK,21.0052,105.8418,2024-06-30,0.23085177577500032,-1.265583992896647,-0.43829610347595255,-1.1146685669123368,0,0,18,156,-0.15490763118759776,-0.3113737662016478,0.11865872212007761,0,1,1,0,0,1,1,1,train
4946813,Số 1 đường Giải Phóng - phường Bạch Mai - ĐHBK,21.0052,105.8418,2024-07-01,0.057173061935114185,-1.2670465816271945,0.5313845220164897,0.40094008189149555,0,0,0,156,-0.0018589457436338716,0.5251270802982505,-0.041977888195378774,45954,1,1,1,0,0,0,0,train
4946813,Số 1 đường Giải Phóng - phường Bạch Mai - ĐHBK,21.0052,105.8418,2024-07-02,-0.11650565190477197,-1.2685091703577422,1.5010651475089318,-0.26437282367201353,0,0,9,156,0.15062435355548842,0.6953046848562434,-0.1718791732442009,0,1,1,0,0,1,1,1,train
4946813,Số 1 đường Giải Phóng - phường Bạch Mai - ĐHBK,21.0052,105.8418,2024-07-03,-0.29018436574465833,-1.26997175908829,0.5742600260105251,-0.18931103884358477,0,0,0,156,0.30310765285461055,0.8654822894142363,-0.301780458293023,0,1,1,1,0,1,1,1,train
4946813,Số 1 đường Giải Phóng - phường Bạch Mai - ĐHBK,21.0052,105.8418,2024-07-04,-0.46386307958454476,-1.2714343478188377,-0.3525450954878818,-1.355887042119708,14,12,36,156,0.4555909521537327,1.0356598939722295,-0.43168174334184517,0,0,0,0,0,1,1,1,train
4946813,Số 1 đường Giải Phóng - phường Bạch Mai - ĐHBK,21.0052,105.8418,2024-07-05,-0.7398616602339453,-1.37654287615124,-0.38467645518259347,-0.8825311122465204,124,153,146,156,0.608074251452855,1.2058374985302223,-0.5615830283906672,0,0,0,0,0,1,1,1,train
4946813,Số 1 đường Giải Phóng - phường Bạch Mai - ĐHBK,21.0052,105.8418,2024-07-06,-0.7500212790837416,-1.1961764020823724,-0.4748227404878814,0.6297509734479184,37,118,84,156,0.7605575507519773,1.3760151030882153,-0.6914843134394895,45954,0,0,0,0,0,0,0,train
4946813,Số 1 đường Giải Phóng - phường Bạch Mai - ĐHBK,21.0052,105.8418,2024-07-07,-0.9298328309414721,-1.2710260820437527,-0.820834944465478,0.1800757626594755,54,58,97,156,0.6914341492939914,1.5030965808297605,-0.7392654506806118,0,0,0,0,0,1,1,1,train
4946813,Số 1 đường Giải Phóng - phường Bạch Mai - ĐHBK,21.0052,105.8418,2024-07-08,-0.7164151172815121,-1.2138789642691656,-0.3919418184357659,-0.44813430851999336,38,110,52,156,0.6223107478360055,1.6301780585713057,-0.7870465879217343,0,0,0,0,0,1,1,1,train
4946813,Số 1 đường Giải Phóng - phường Bạch Mai - ĐHBK,21.0052,105.8418,2024-07-09,-0.7987700685964497,-1.1282718765821156,-0.5717033826235567,-1.2580580556550134,19,128,61,156,0.5531873463780199,1.7572595363128507,-0.8348277251628566,0,0,0,0,0,1,1,1,train
4946813,Số 1 đường Giải Phóng - phường Bạch Mai - ĐHBK,21.0052,105.8418,2024-07-10,-1.0917828391100777,-1.3851276390557927,-0.1965011536754683,-0.9829238930040087,3,17,10,156,0.48406394492003396,1.8843410140543964,-0.8826088624039792,0,0,0,0,0,1,1,1,train
4946813,Số 1 đường Giải Phóng - phường Bạch Mai - ĐHBK,21.0052,105.8418,2024-07-11,-0.25617930865105076,-1.2008110504336031,0.7333559807281368,-0.35022511389896194,112,87,12,141,0.41494054346204806,2.0114224917959413,-0.9303899996451015,45954,0,0,0,0,0,0,0,train
4946813,Số 1 đường Giải Phóng - phường Bạch Mai - ĐHBK,21.0052,105.8418,2024-07-12,-1.1296291954827102,-1.075673635892047,-0.010411441959894907,0.41408299158329004,71,148,115,156,0.1624258680629388,1.372215612024633,-0.5267218272321399,0,0,0,0,0,1,1,1,train
4946813,Số 1 đường Giải Phóng - phường Bạch Mai - ĐHBK,21.0052,105.8418,2024-07-13,-0.7265408622772512,-1.1698131237389502,-0.157129920692911,-0.350305560947797,79,112,97,156,-0.09008880733617046,0.7330087322533244,-0.12305365481917822,0,0,0,0,0,1,1,1,train
4946813,Số 1 đường Giải Phóng - phường Bạch Mai - ĐHBK,21.0052,105.8418,2024-07-14,-0.4193183271575721,-1.207739023369122,-0.32406632507322863,-0.7724633047502137,15,5,27,156,-0.34260348273527974,0.09380185248201593,0.2806145175937833,0,0,0,0,0,1,1,1,train
4946813,Số 1 đường Giải Phóng - phường Bạch Mai - ĐHBK,21.0052,105.8418,2024-07-15,-1.215041547580131,-1.2736243105268772,-0.007660790316470699,-1.3015901217291086,39,137,65,156,-0.595118158134389,-0.5454050272892925,0.684282690006745,0,0,0,0,0,1,1,1,train
4946813,Số 1 đường Giải Phóng - phường Bạch Mai - ĐHBK,21.0052,105.8418,2024-07-16,-0.8630711437775036,-1.1327262552758093,0.0018454398089685956,-0.686746944354853,17,73,69,156,-0.8476328335334984,-1.1846119070606012,1.0879508624197067,45954,0,0,0,0,0,0,0,train
4946813,Số 1 đường Giải Phóng - phường Bạch Mai - ĐHBK,21.0052,105.8418,2024-07-17,-0.6923878978121519,-1.0824875425881366,-0.47058057302654527,0.17253539716703398,0,0,3,156,-0.701782620310699,-0.7771762839500331,0.9100377824449537,0,1,1,0,0,1,1,1,train
4946813,Số 1 đường Giải Phóng - phường Bạch Mai - ĐHBK,21.0052,105.8418,2024-07-18,-0.5217046518468001,-1.032248829900464,-0.45356380852304573,-0.20268710761381464,0,55,0,156,-0.5559324070878998,-0.36974066083946516,0.7321247024702006,0,1,0,1,0,1,1,1,train
4946813,Số 1 đường Giải Phóng - phường Bạch Mai - ĐHBK,21.0052,105.8418,2024-07-19,-0.35102140588144826,-1.0579188473218721,-0.4365470440195462,-0.8449969201296721,13,94,39,156,-0.4100821938651005,0.037694962271103,0.5542116224954476,0,0,0,0,0,1,1,1,train
4946813,Số 1 đường Giải Phóng - phường Bạch Mai - ĐHBK,21.0052,105.8418,2024-07-20,-1.1015695918285109,-1.3661011448682314,-0.35302289079951693,-1.4266965703382373,1,29,15,156,-0.2642319806423012,0.44513058538167094,0.37629854252069467,0,0,0,0,0,1,1,1,train
4946813,Số 1 đường Giải Phóng - phường Bạch Mai - ĐHBK,21.0052,105.8418,2024-07-21,-0.704509155356448,-1.2089169124022519,0.5262324747881251,-1.1016083140249875,84,149,140,156,-0.1183817674195018,0.852566208492239,0.19838546254594153,45954,0,0,0,0,0,0,0,train
4946813,Số 1 đường Giải Phóng - phường Bạch Mai - ĐHBK,21.0052,105.8418,2024-07-22,-0.826579149514776,-1.1881600840434685,0.3512677364512561,0.7851738953967107,0,0,0,156,-0.05191814778496406,1.0443554348040882,0.019478932564409687,0,1,1,1,0,1,1,1,train
4946813,Số 1 đường Giải Phóng - phường Bạch Mai - ĐHBK,21.0052,105.8418,2024-07-23,-0.9486491436731036,-1.1674032556846852,0.176302998114387,0.3038675942484913,0,0,0,156,0.01454547184957361,1.2361446611159372,-0.1594275974171221,0,1,1,1,0,1,1,1,train
4946813,Số 1 đường Giải Phóng - phường Bạch Mai - ĐHBK,21.0052,105.8418,2024-07-24,-1.0707191378314316,-1.1466464273259018,0.0013382597775179416,-0.5393725495695453,12,89,33,156,0.08100909148411128,1.4279338874277865,-0.33833412739865387,0,0,0,0,0,1,1,1,train
4946813,Số 1 đường Giải Phóng - phường Bạch Mai - ĐHBK,21.0052,105.8418,2024-07-25,-1.060107486989105,-1.4640471588044692,-0.9652531560511984,-1.3411640974435175,4,8,27,156,0.14747271111864896,1.6197231137396355,-0.5172406573801859,0,0,0,0,0,1,1,1,train
4946813,Số 1 đường Giải Phóng - phường Bạch Mai - ĐHBK,21.0052,105.8418,2024-07-26,-1.0576009486572442,-0.8474418859919696,-0.1779487214171376,-1.1870514411253068,136,23,156,156,0.21393633075318663,1.8115123400514852,-0.6961471873617177,45954,0,0,0,0,0,0,0,train
4946813,Số 1 đường Giải Phóng - phường Bạch Mai - ĐHBK,21.0052,105.8418,2024-07-27,-0.76348607263727,-0.7399375348206775,-2.152677474079755,-0.7269690951405372,45,0,23,134,0.06513431080921835,1.200556678722902,-0.48182253982712453,0,0,1,0,0,1,1,1,train
4946813,Số 1 đường Giải Phóng - phường Bạch Mai - ĐHBK,21.0052,105.8418,2024-07-28,-0.7572160929350985,-0.6324331836493847,-3.5464599231951177,0.2030702481117943,0,0,3,156,-0.08366770913475005,0.5896010173943189,-0.2674978922925313,0,1,1,0,0,1,1,1,train
4946813,Số 1 đường Giải Phóng - phường Bạch Mai - ĐHBK,21.0052,105.8418,2024-07-29,-0.7509461132329268,-0.5249288324780925,-2.8595286573652916,0.06351974688757203,0,9,0,156,-0.2324697290787184,-0.021354643934264048,-0.05317324475793817,0,1,0,1,0,1,1,1,train
4946813,Số 1 đường Giải Phóng - phường Bạch Mai - ĐHBK,21.0052,105.8418,2024-07-30,-0.7446761335307553,-0.6950311517855263,-2.172597391535465,-0.3110097158246465,0,0,0,156,-0.38127174902268673,-0.6323103052628471,0.1611514027766551,0,1,1,1,0,1,1,1,train
4946813,Số 1 đường Giải Phóng - phường Bạch Mai - ĐHBK,21.0052,105.8418,2024-07-31,-0.7384061538285837,-0.8651334710929606,-1.485666125705639,-1.0376954927889228,0,0,0,156,-0.5300737689666551,-1.2432659665914303,0.3754760503112482,45954,1,1,1,0,0,0,0,train
4946813,Số 1 đường Giải Phóng - phường Bạch Mai - ĐHBK,21.0052,105.8418,2024-08-01,-0.7321361741264122,-1.0352357904003948,-0.7987348598758127,-1.1736295049953849,0,0,0,156,-0.47567649354725233,-0.7141072178850678,0.3364130056704477,0,1,1,1,0,1,1,1,train
4946813,Số 1 đường Giải Phóng - phường Bạch Mai - ĐHBK,21.0052,105.8418,2024-08-02,-0.7258661944242404,-1.2053381097078286,-0.11180359404598642,-0.05309952313867252,0,11,0,156,-0.4212792181278495,-0.18494846917870533,0.2973499610296471,0,1,0,1,0,1,1,1,train
4946813,Số 1 đường Giải Phóng - phường Bạch Mai - ĐHBK,21.0052,105.8418,2024-08-03,-0.7195962147220689,-0.8607313869633079,0.5751276717838398,-0.17275766998311623,5,38,11,156,-0.36688194270844676,0.34421027952765715,0.2582869163888466,0,0,0,0,0,1,1,1,train
4946813,Số 1 đường Giải Phóng - phường Bạch Mai - ĐHBK,21.0052,105.8418,2024-08-04,-1.2149498217506054,-1.1746525867842916,0.05650239080559148,-0.5933550874322546,113,149,132,156,-0.312484667289044,0.8733690282340196,0.21922387174804606,0,0,0,0,0,1,1,1,train
4946813,Số 1 đường Giải Phóng - phường Bạch Mai - ĐHBK,21.0052,105.8418,2024-08-05,-0.5750737335582081,-1.1086237111625568,-0.14713265934078712,-1.2686534157439056,69,120,93,156,-0.2580873918696412,1.4025277769403823,0.1801608271072455,45954,0,0,0,0,0,0,0,train
4946813,Số 1 đường Giải Phóng - phường Bạch Mai - ĐHBK,21.0052,105.8418,2024-08-06,-0.9653401152270206,-1.0489487273430356,-0.13992625739423314,-1.447563471734444,43,123,134,156,0.13646182748931404,1.457514877659996,-0.25962713776820157,0,0,0,0,0,1,1,1,train
4946813,Số 1 đường Giải Phóng - phường Bạch Mai - ĐHBK,21.0052,105.8418,2024-08-07,-1.1307856006502415,-1.0977465782029125,1.2183627933195769,1.089463155506423,88,94,56,156,0.531011046848269,1.5125019783796096,-0.6994151026436486,0,0,0,0,0,1,1,1,train
4946813,Số 1 đường Giải Phóng - phường Bạch Mai - ĐHBK,21.0052,105.8418,2024-08-08,-0.8335649869998604,-1.1704285223504935,0.12720111967427106,-0.06162443180552224,109,156,132,156,0.9255602662072242,1.5674890790992233,-1.1392030675190954,0,0,0,0,0,1,1,1,train
4946813,Số 1 đường Giải Phóng - phường Bạch Mai - ĐHBK,21.0052,105.8418,2024-08-09,-0.9134163179553839,-1.1781626633762967,-0.10122731979432407,-0.11464091826627752,147,76,154,156,1.3201094855661795,1.6224761798188372,-1.5789910323945429,0,0,0,0,0,1,1,1,train
4946813,Số 1 đường Giải Phóng - phường Bạch Mai - ĐHBK,21.0052,105.8418,2024-08-10,-0.6319235757936297,-1.068735299496643,0.3079151464720236,-0.03797664255860353,130,147,150,156,1.714658704925135,1.6774632805384508,-2.01877899726999,45954,0,0,0,0,0,0,0,train
4946813,Số 1 đường Giải Phóng - phường Bạch Mai - ĐHBK,21.0052,105.8418,2024-08-11,-0.5953719111088364,-1.1331910200887985,-1.405664731771243,-1.5553684894859372,0,0,7,156,1.4356109934362915,1.4091943631952224,-1.689278671271072,0,1,1,0,0,1,1,1,train
4946813,Số 1 đường Giải Phóng - phường Bạch Mai - ĐHBK,21.0052,105.8418,2024-08-12,-0.5588202464240427,-1.1976467406809537,-1.9989528066016615,1.1695808910324823,0,0,9,26,1.1565632819474483,1.1409254458519937,-1.3597783452721532,0,1,1,0,0,1,1,1,train
4946813,Số 1 đường Giải Phóng - phường Bạch Mai - ĐHBK,21.0052,105.8418,2024-08-13,-0.5222685817392493,-1.2621024612731089,-0.9389579831201728,0.23966924701863004,12,7,41,156,0.8775155704586047,0.8726565285087654,-1.030278019273235,0,0,0,0,0,1,1,1,train
4946813,Số 1 đường Giải Phóng - phường Bạch Mai - ĐHBK,21.0052,105.8418,2024-08-14,-0.9770319233481579,-1.1029595348881829,0.28102288347645904,-0.30495092428030857,1,1,4,156,0.5984678589697615,0.604387611165537,-0.7007776932743167,0,0,0,0,0,1,1,1,train
4946813,Số 1 đường Giải Phóng - phường Bạch Mai - ĐHBK,21.0052,105.8418,2024-08-15,-0.7832927621331518,-0.7526533182888894,0.12888033954729297,-1.1373527235438476,30,51,57,156,0.31942014748091835,0.3361186938223082,-0.3712773672753984,45954,0,0,0,0,0,0,0,train
4946813,Số 1 đường Giải Phóng - phường Bạch Mai - ĐHBK,21.0052,105.8418,2024-08-16,-0.9343912113769512,-0.2641626365935595,-0.22551042686206485,-1.4698815256121625,53,71,86,156,0.037189965090810996,0.29196122889638804,-0.0634536494356608,0,0,0,0,0,1,1,1,train
4946813,Số 1 đường Giải Phóng - phường Bạch Mai - ĐHBK,21.0052,105.8418,2024-08-17,-0.7419716080497665,-0.08533213636923687,-0.030226394606464858,-1.1799135721657108,0,0,105,156,-0.24504021729929645,0.2478037639704678,0.2443700684040768,0,1,1,0,0,1,1,1,train
4946813,Số 1 đường Giải Phóng - phường Bạch Mai - ĐHBK,21.0052,105.8418,2024-08-18,-0.5495520047225817,0.09349836385508575,-0.5783806561181409,0.77509018331626,6,14,31,156,-0.5272703996894039,0.20364629904454762,0.5521937862438144,0,0,0,0,0,1,1,1,train
4946813,Số 1 đường Giải Phóng - phường Bạch Mai - ĐHBK,21.0052,105.8418,2024-08-19,-0.3883624455473037,0.02342201170160524,-0.3474007694521684,0.03470072638176505,29,46,69,156,-0.8095005820795113,0.15948883411862746,0.860017504083552,0,0,0,0,0,1,1,1,train
4946813,Số 1 đường Giải Phóng - phường Bạch Mai - ĐHBK,21.0052,105.8418,2024-08-20,-0.5096800679983525,-0.31558012466290736,-0.7884022140610474,-0.9048072404907698,52,27,89,156,-1.0917307644696186,0.11533136919270721,1.1678412219232897,45954,0,0,0,0,0,0,0,train
4946813,Số 1 đường Giải Phóng - phường Bạch Mai - ĐHBK,21.0052,105.8418,2024-08-21,-0.5625932482320289,-0.534625621900952,-1.1005614300525617,-1.784039016768771,0,0,29,156,-0.8315972195373593,-0.024475776420185363,0.8881391357232465,0,1,1,0,0,1,1,1,train
4946813,Số 1 đường Giải Phóng - phường Bạch Mai - ĐHBK,21.0052,105.8418,2024-08-22,-0.6155064284657052,-0.7536711191389961,-0.29099071816410327,-1.6077156887508717,47,4,105,156,-0.5714636746050998,-0.16428292203307804,0.6084370495232035,0,0,0,0,0,1,1,1,train
4946813,Số 1 đường Giải Phóng - phường Bạch Mai - ĐHBK,21.0052,105.8418,2024-08-23,0.24276416569733883,-0.9578405515135483,-0.3400932099971635,0.5853461733540555,0,0,0,156,-0.3113301296728405,-0.30409006764597074,0.32873496332316055,0,1,1,1,0,1,1,1,train
4946813,Số 1 đường Giải Phóng - phường Bạch Mai - ĐHBK,21.0052,105.8418,2024-08-24,1.101034759860383,-1.1620099838881002,-0.38919570183022373,-0.04977685696315934,31,66,77,156,-0.05119658474058107,-0.4438972132588632,0.04903287712311752,0,0,0,0,0,1,1,1,train
4946813,Số 1 đường Giải Phóng - phường Bạch Mai - ĐHBK,21.0052,105.8418,2024-08-25,-1.0091218812933205,-1.1458238958778992,0.030280150586351785,-0.6624101891425583,2,8,10,156,0.20893696019167815,-0.5837043588717559,-0.2306692090769256,45954,0,0,0,0,0,0,0,train
4946813,Số 1 đường Giải Phóng - phường Bạch Mai - ĐHBK,21.0052,105.8418,2024-08-26,-0.9615072949838741,-0.9439578788249032,0.03792127079881205,-0.8508513391416316,98,156,134,156,-0.029100191000829476,-0.8812227040468494,0.011451302891304171,0,0,0,0,0,1,1,1,train
4946813,Số 1 đường Giải Phóng - phường Bạch Mai - ĐHBK,21.0052,105.8418,2024-08-27,-0.17813369516667046,-1.0511986890293803,-0.03846198851545506,-1.0748302566484518,136,155,152,156,-0.267137342193337,-1.1787410492219428,0.25357181485953395,0,0,0,0,0,1,1,1,train
4946813,Số 1 đường Giải Phóng - phường Bạch Mai - ĐHBK,21.0052,105.8418,2024-08-28,-0.731219260188154,-0.8820779325527759,-0.2662655288346522,0.18562378711146005,104,156,41,135,-0.5051744933858446,-1.4762593943970364,0.4956923268277637,0,0,0,0,0,1,1,1,train
4946813,Số 1 đường Giải Phóng - phường Bạch Mai - ĐHBK,21.0052,105.8418,2024-08-29,-0.6183407946585536,-0.5622415152777511,0.000802430516369822,0.620613484692055,0,0,0,156,-0.7432116445783522,-1.7737777395721295,0.7378128387959935,0,1,1,1,0,1,1,1,train
4946813,Số 1 đường Giải Phóng - phường Bạch Mai - ĐHBK,21.0052,105.8418,2024-08-30,-0.5054623291289532,-0.24240509800272644,0.26787038986739176,-0.11580898313718839,156,98,156,156,-0.9812487957708597,-2.071296084747223,0.9799333507642233,45954,0,0,0,0,0,0,0,train
4946813,Số 1 đường Giải Phóng - phường Bạch Mai - ĐHBK,21.0052,105.8418,2024-08-31,-0.36280392488517327,-0.7299532502934512,-0.3211000498209639,-1.2212871250705424,150,145,153,156,-0.5464995550126416,-1.3360955308822828,0.5077164511755802,0,0,0,0,0,1,1,1,train
4946813,Số 1 đường Giải Phóng - phường Bạch Mai - ĐHBK,21.0052,105.8418,2024-09-01,-0.8659967600435002,-1.5554913289124537,-0.5973426030239942,-1.4104916560482426,0,6,3,156,-0.11175031425442346,-0.6008949770173428,0.03549955158693702,0,1,0,0,0,1,1,1,train
4946813,Số 1 đường Giải Phóng - phường Bạch Mai - ĐHBK,21.0052,105.8418,2024-09-02,-1.3691895952018274,-1.1516785689083775,0.10649420647440754,-0.9515983974742424,72,154,155,156,0.3229989265037947,0.1343055768475973,-0.4367173480017061,0,0,0,0,0,1,1,1,train
4946813,Số 1 đường Giải Phóng - phường Bạch Mai - ĐHBK,21.0052,105.8418,2024-09-03,-1.0279271987664567,-0.7620592490282938,0.13419245035634186,0.6034856988191913,150,91,154,156,0.7577481672620128,0.8695061307125375,-0.9089342475903492,0,0,0,0,0,1,1,1,train
4946813,Số 1 đường Giải Phóng - phường Bạch Mai - ĐHBK,21.0052,105.8418,2024-09-04,-0.7145266816349183,-0.3685068597591814,0.32264974037362243,-0.10078061440179761,156,156,156,156,1.1924974080202306,1.6047066845774773,-1.3811511471789923,45954,0,0,0,0,0,0,0,train
4946813,Số 1 đường Giải Phóng - phường Bạch Mai - ĐHBK,21.0052,105.8418,2024-09-05,-0.8340700499699033,-0.3948630473142563,-0.28593534864069264,-0.7446372259832116,126,153,148,156,0.8926646898755881,0.9199577563890333,-1.0618910650219062,0,0,0,0,0,1,1,1,train
4946813,Số 1 đường Giải Phóng - phường Bạch Mai - ĐHBK,21.0052,105.8418,2024-09-06,-0.38682886072392286,-0.4967713119607998,-0.35851715896349695,-1.5616828960035596,57,123,105,156,0.5928319717309453,0.23520882820058914,-0.7426309828648203,0,0,0,0,0,1,1,1,train
4946813,Số 1 đường Giải Phóng - phường Bạch Mai - ĐHBK,21.0052,105.8418,2024-09-07,-0.43964154006600537,-0.5521438235907801,-0.291002670120778,-0.8592795859313175,0,0,0,156,0.29299925358630274,-0.44954009998785505,-0.4233709007077344,0,1,1,1,0,1,1,1,train
4946813,Số 1 đường Giải Phóng - phường Bạch Mai - ĐHBK,21.0052,105.8418,2024-09-08,-0.49245421940808765,-0.6075163352207603,-0.2234881812780591,0.8460705793942674,0,0,0,156,-0.006833464558339929,-1.1342890281762992,-0.10411081855064849,0,1,1,1,0,1,1,1,train
4946813,Số 1 đường Giải Phóng - phường Bạch Mai - ĐHBK,21.0052,105.8418,2024-09-09,-0.5452668987501701,-0.6628888468507405,-0.1559736924353402,0.33622544784612435,0,0,0,156,-0.3066661827029825,-1.8190379563647427,0.2151492636064375,45954,1,1,1,0,0,0,0,train
4946813,Số 1 đường Giải Phóng - phường Bạch Mai - ĐHBK,21.0052,105.8418,2024-09-10,-0.5980795780922525,-0.7182613584807207,-0.0884592035926213,-0.2492324740779993,0,9,0,156,-0.03650959982826091,-1.0962060644451457,-0.08829197959166343,0,1,0,1,0,1,1,1,train
4946813,Số 1 đường Giải Phóng - phường Bạch Mai - ĐHBK,21.0052,105.8418,2024-09-11,-0.6508922574343349,-0.7219416139929987,-0.020944714749902393,-0.22746596325595492,0,0,0,156,0.23364698304646064,-0.3733741725255484,-0.3917332227897644,0,1,1,1,0,1,1,1,train
4946813,Số 1 đường Giải Phóng - phường Bạch Mai - ĐHBK,21.0052,105.8418,2024-09-12,-0.7037049367764173,-0.7256218695052769,0.0465697740928165,-1.4472848036350643,2,29,41,156,0.5038035659211821,0.3494577193940486,-0.6951744659878653,0,0,0,0,0,1,1,1,train
4946813,Số 1 đường Giải Phóng - phường Bạch Mai - ĐHBK,21.0052,105.8418,2024-09-13,-1.2767385860890883,-0.8599838542381925,-0.6471173182895825,-0.28464966059718055,6,137,23,134,0.7739601487959039,1.0722896113136462,-0.9986157091859662,0,0,0,0,0,1,1,1,train
4946813,Số 1 đường Giải Phóng - phường Bạch Mai - ĐHBK,21.0052,105.8418,2024-09-14,-0.5300995317080767,-0.579440086046809,-0.794760104605709,0.23099992410380418,82,98,140,156,1.0441167316706252,1.795121503233243,-1.3020569523840668,45954,0,0,0,0,0,0,0,train
4946813,Số 1 đường Giải Phóng - phường Bạch Mai - ĐHBK,21.0052,105.8418,2024-09-15,-0.7623106372146509,-0.2808497160725872,-0.2934715466818446,-0.7787136880782656,95,148,139,156,0.9205687996110539,1.8141827353258102,-1.1976333654067857,0,0,0,0,0,1,1,1,train
4946813,Số 1 đường Giải Phóng - phường Bạch Mai - ĐHBK,21.0052,105.8418,2024-09-16,-0.9295861988355277,-0.3586392096094705,0.0876847531244154,-0.757580063207599,150,135,156,156,0.7970208675514823,1.8332439674183771,-1.0932097784295045,0,0,0,0,0,1,1,1,train
4946813,Số 1 đường Giải Phóng - phường Bạch Mai - ĐHBK,21.0052,105.8418,2024-09-17,-0.5094838872131201,-1.3105958173180963,-0.8625051051602642,-1.6067013512026798,0,57,20,156,0.6734729354919109,1.852305199510944,-0.9887861914522234,0,1,0,0,0,1,1,1,train
4946813,Số 1 đường Giải Phóng - phường Bạch Mai - ĐHBK,21.0052,105.8418,2024-09-18,-0.08938157559071236,-0.7851378560322967,0.25447686480904186,-0.49709484828140665,0,85,25,156,0.5499250034323392,1.871366431603511,-0.884362604474942,0,1,0,0,0,1,1,1,train
4946813,Số 1 đường Giải Phóng - phường Bạch Mai - ĐHBK,21.0052,105.8418,2024-09-19,0.3307207360316952,-0.7759623759140919,0.5534997272750282,0.9647429960672016,3,11,28,156,0.42637707137276787,1.890427663696078,-0.7799390174976608,45954,0,0,0,0,0,0,0,train
4946813,Số 1 đường Giải Phóng - phường Bạch Mai - ĐHBK,21.0052,105.8418,2024-09-20,-0.7866763414878479,-1.010602562142121,-0.1189184560591944,0.028761052609440216,15,39,30,156,0.7051369855354837,1.8465884963085761,-1.038790663340613,0,0,0,0,0,1,1,1,train
4946813,Số 1 đường Giải Phóng - phường Bạch Mai - ĐHBK,21.0052,105.8418,2024-09-21,-1.1652150112875899,-0.41097359115632726,-0.010130013788554831,-1.0493621662868746,52,105,87,156,0.9838968996981994,1.8027493289210745,-1.2976423091835652,0,0,0,0,0,1,1,1,train
4946813,Số 1 đường Giải Phóng - phường Bạch Mai - ĐHBK,21.0052,105.8418,2024-09-22,-0.8322354065110259,-0.49684453798659256,0.6368860153429596,-0.5264068383884364,0,0,0,156,1.262656813860915,1.758910161533573,-1.556493955026517,0,1,1,1,0,1,1,1,train
4946813,Số 1 đường Giải Phóng - phường Bạch Mai - ĐHBK,21.0052,105.8418,2024-09-23,-0.4992558017344619,-0.5827154848168579,1.2839020444744742,-0.8699679946483349,0,71,5,156,1.5414167280236304,1.7150709941460713,-1.8153456008694693,0,1,0,0,0,1,1,1,train
4946813,Số 1 đường Giải Phóng - phường Bạch Mai - ĐHBK,21.0052,105.8418,2024-09-24,-0.1662761969578979,-0.10994808083092109,-0.1293706253170266,0.5749132900256357,154,14,156,156,1.8201766421863466,1.6712318267585695,-2.074197246712422,45954,0,0,0,0,0,0,0,train
4946813,Số 1 đường Giải Phóng - phường Bạch Mai - ĐHBK,21.0052,105.8418,2024-09-25,0.06751340477406548,-0.7878629005377359,-0.19463628286945447,0.09305035349219709,0,9,0,156,1.2595564572105522,1.5982499753441404,-1.4406047058393703,0,1,0,1,0,1,1,1,train
4946813,Số 1 đường Giải Phóng - phường Bạch Mai - ĐHBK,21.0052,105.8418,2024-09-26,0.30130300650602887,-0.38546475280845005,-0.2599019404218823,-0.9601365348131907,76,130,109,156,0.6989362722347585,1.5252681239297108,-0.8070121649663193,0,0,0,0,0,1,1,1,train
4946813,Số 1 đường Giải Phóng - phường Bạch Mai - ĐHBK,21.0052,105.8418,2024-09-27,-0.36518067687733213,-0.645309146208156,-0.10533863978445934,-1.1280905030422588,126,142,151,156,0.1383160872589648,1.4522862725152814,-0.17341962409326794,0,0,0,0,0,1,1,1,train
4946813,Số 1 đường Giải Phóng - phường Bạch Mai - ĐHBK,21.0052,105.8418,2024-09-28,0.45713998926681,-0.567495107634692,-0.15507578109836412,-0.9812920183474609,135,146,156,156,-0.42230409771682914,1.379304421100852,0.46017291677978317,0,0,0,0,0,1,1,1,train
4946813,Số 1 đường Giải Phóng - phường Bạch Mai - ĐHBK,21.0052,105.8418,2024-09-29,0.4023878309050415,-0.7187285323435957,-0.35466857610235364,-0.3335003098093314,0,156,0,143,-0.9829242826926231,1.3063225696864225,1.0937654576528344,45954,1,0,1,0,0,0,0,train
4946813,Số 1 đường Giải Phóng - phường Bạch Mai - ĐHBK,21.0052,105.8418,2024-09-30,0.34763567254327343,-0.5915006988534611,-0.5542613711063432,0.5915238139163457,0,78,9,156,-0.40984858819505854,1.3421826659429608,0.4435692105732474,0,1,0,0,0,1,1,1,train
4946813,Số 1 đường Giải Phóng - phường Bạch Mai - ĐHBK,21.0052,105.8418,2024-10-01,0.2928835141815049,-0.8788554419726768,-0.5942260319649958,-0.07785699790220629,5,64,9,156,0.163227106302506,1.3780427621994986,-0.2066270365063397,0,0,0,0,0,1,1,1,train
4946813,Số 1 đường Giải Phóng - phường Bạch Mai - ĐHBK,21.0052,105.8418,2024-10-02,-0.6121047069344917,-0.08899671033036516,-0.11163628409510255,-0.6702762024372674,107,118,120,156,0.7363028008000706,1.4139028584560367,-0.8568232835859265,0,0,0,0,0,1,1,1,train
4946813,Số 1 đường Giải Phóng - phường Bạch Mai - ĐHBK,21.0052,105.8418,2024-10-03,-0.41401992353589323,-0.11414391847265332,-0.506788827122546,-0.35884937198358235,156,85,156,156,1.3093784952976353,1.4497629547125748,-1.5070195306655136,0,0,0,0,0,1,1,1,train
4946813,Số 1 đường Giải Phóng - phường Bạch Mai - ĐHBK,21.0052,105.8418,2024-10-04,0.31212183339208316,0.24920825779060554,1.5083308828678,-0.486578143547612,107,25,137,156,1.8824541897951999,1.4856230509691128,-2.1572157777451,45954,0,0,0,0,0,0,0,train
4946813,Số 1 đường Giải Phóng - phường Bạch Mai - ĐHBK,21.0052,105.8418,2024-10-05,0.17756321318734383,0.07766108808692886,2.100564782328549,0.28829659333425206,156,102,156,156,1.4136772871500727,1.4586952520333916,-1.6364363925491128,0,0,0,0,0,1,1,1,train
4946813,Số 1 đường Giải Phóng - phường Bạch Mai - ĐHBK,21.0052,105.8418,2024-10-06,-0.19328406184755173,0.23409696965989946,0.4241757497232596,-0.3097663998167407,156,130,156,156,0.9449003845049462,1.4317674530976705,-1.1156570073531247,0,0,0,0,0,1,1,1,train
4946813,Số 1 đường Giải Phóng - phường Bạch Mai - ĐHBK,21.0052,105.8418,2024-10-07,-0.394611600713193,-0.1662541220187576,0.385558250938241,-0.7397324046523793,132,138,144,156,0.47612348185981906,1.4048396541619492,-0.5948776221571367,0,0,0,0,0,1,1,1,train
4946813,Số 1 đường Giải Phóng - phường Bạch Mai - ĐHBK,21.0052,105.8418,2024-10-08,-0.0003371935860543248,0.22174808903476537,0.18007721943610383,-0.9441889077439694,155,110,156,156,0.0073465792146923,1.377911855226228,-0.07409823696114888,0,0,0,0,0,1,1,1,train
4946813,Số 1 đường Giải Phóng - phường Bạch Mai - ĐHBK,21.0052,105.8418,2024-10-09,-0.36166337826354905,-0.043990385815263655,1.1877579390048945,-0.4579547610672108,23,56,65,156,-0.46143032343043433,1.3509840562905069,0.44668114823483895,45954,0,0,0,0,0,0,0,train
4946813,Số 1 đường Giải Phóng - phường Bạch Mai - ĐHBK,21.0052,105.8418,2024-10-10,-0.2695273833067049,-0.22441522252665588,-0.6280886249287464,0.03475492511733887,31,60,52,156,-0.4552660891044586,1.3545270515676278,0.45257989744370325,0,0,0,0,0,1,1,1,train
4946813,Số 1 đường Giải Phóng - phường Bạch Mai - ĐHBK,21.0052,105.8418,2024-10-11,0.3031428515679637,0.08707110966576442,0.44561945541103515,-0.1225549788147268,60,125,115,156,-0.44910185477848286,1.3580700468447489,0.45847864665256755,0,0,0,0,0,1,1,1,train
4946813,Số 1 đường Giải Phóng - phường Bạch Mai - ĐHBK,21.0052,105.8418,2024-10-12,-0.35430044570152636,0.1418349043886019,0.01778293506634145,-0.8019355917236677,44,133,102,156,-0.442937620452507,1.3616130421218697,0.46437739586143195,0,0,0,0,0,1,1,1,train
4946813,Số 1 đường Giải Phóng - phường Bạch Mai - ĐHBK,21.0052,105.8418,2024-10-13,-0.5810214494834991,-0.06189544455382651,0.3097709304865888,-1.313645473321952,31,114,71,156,-0.4367733861265314,1.365156037398991,0.47027614507029625,0,0,0,0,0,1,1,1,train
4946813,Số 1 đường Giải Phóng - phường Bạch Mai - ĐHBK,21.0052,105.8418,2024-10-14,-0.3390395766727658,0.05856723141008591,0.6644884303864365,-0.769461142722862,34,153,156,156,-0.43060915180055553,1.3686990326761117,0.47617489427916054,45954,0,0,0,0,0,0,0,train
4946813,Số 1 đường Giải Phóng - phường Bạch Mai - ĐHBK,21.0052,105.8418,2024-10-15,-0.6006525531590995,-0.46826770642774995,1.2293511668520087,0.2669972685207324,3,156,11,146,-0.2208053097499364,1.404461262443282,0.23671637329642703,0,0,0,0,0,1,1,1,train
4946813,Số 1 đường Giải Phóng - phường Bạch Mai - ĐHBK,21.0052,105.8418,2024-10-16,-0.3494394207759598,-0.42647705442702116,-0.0761023959463214,0.04349946557490197,0,49,25,156,-0.011001467699317235,1.440223492210452,-0.0027421476863065055,0,1,0,0,0,1,1,1,train
4946813,Số 1 đường Giải Phóng - phường Bạch Mai - ĐHBK,21.0052,105.8418,2024-10-17,-0.09822628839282016,-0.2326825362914644,0.4250884784243928,-0.6956649804893769,81,153,125,156,0.19880237435130205,1.4759857219776222,-0.24220066866904005,0,0,0,0,0,1,1,1,train
4946813,Số 1 đường Giải Phóng - phường Bạch Mai - ĐHBK,21.0052,105.8418,2024-10-18,0.9074770204105522,-0.4087222658568464,0.39690561341739544,-1.2681013351801103,86,150,125,156,0.40860621640192124,1.5117479517447923,-0.48165918965177357,0,0,0,0,0,1,1,1,train
4946813,Số 1 đường Giải Phóng - phường Bạch Mai - ĐHBK,21.0052,105.8418,2024-10-19,-0.3836867118721134,-0.7626071487892446,0.46104625888967427,-1.5000497064334457,21,119,79,156,0.6184100584525404,1.5475101815119623,-0.721117710634507,45954,0,0,0,0,0,0,0,train
4946813,Số 1 đường Giải Phóng - phường Bạch Mai - ĐHBK,21.0052,105.8418,2024-10-20,-0.4649596028827314,-0.5491866921283617,0.19577942762551145,-0.49427961963405037,0,156,152,156,0.8361611239284139,1.4113704579276858,-0.9562878549965517,0,1,0,0,0,1,1,1,train
4946813,Số 1 đường Giải Phóng - phường Bạch Mai - ĐHBK,21.0052,105.8418,2024-10-21,-0.5462324938933494,-0.48897839920852487,0.3270985427661507,0.8977915816977796,0,0,0,156,1.0539121894042873,1.275230734343409,-1.1914579993585965,0,1,1,1,0,1,1,1,train
4946813,Số 1 đường Giải Phóng - phường Bạch Mai - ĐHBK,21.0052,105.8418,2024-10-22,-0.6275053849039675,-0.42877010628868806,0.45841765790678995,-0.6376355439807021,145,156,153,156,1.2716632548801607,1.1390910107591325,-1.4266281437206412,0,0,0,0,0,1,1,1,train
4946813,Số 1 đường Giải Phóng - phường Bạch Mai - ĐHBK,21.0052,105.8418,2024-10-23,-0.7991801071594185,-0.22440949535145227,0.48308607786459884,-0.541027417629064,103,109,111,156,1.4894143203560342,1.0029512871748558,-1.6617982880826858,0,0,0,0,0,1,1,1,train
4946813,Số 1 đường Giải Phóng - phường Bạch Mai - ĐHBK,21.0052,105.8418,2024-10-24,-0.18405476873483784,-0.5598092385141651,-0.07419863355662411,-1.2917902736598779,156,88,156,156,1.7071653858319076,0.8668115635905792,-1.8969684324447305,45954,0,0,0,0,0,0,0,train
4946813,Số 1 đường Giải Phóng - phường Bạch Mai - ĐHBK,21.0052,105.8418,2024-10-25,0.586136953987816,-0.4161866160222568,0.26464176848779847,-1.3556051489716,85,0,156,156,1.20810204218343,0.7403821413289814,-1.3780456311196634,0,0,1,0,0,1,1,1,train
4946813,Số 1 đường Giải Phóng - phường Bạch Mai - ĐHBK,21.0052,105.8418,2024-10-26,-0.6159934761275982,-0.27256399353034855,4.111719659866554,1.3160039561660497,147,0,152,156,0.7090386985349527,0.6139527190673836,-0.8591228297945965,0,0,1,0,0,1,1,1,train
4946813,Số 1 đường Giải Phóng - phường Bạch Mai - ĐHBK,21.0052,105.8418,2024-10-27,-0.6565789628387263,-0.12894137103844028,3.256991938133421,0.3687002402548966,0,0,0,156,0.20997535488647506,0.48752329680578593,-0.3402000284695295,0,1,1,1,0,1,1,1,train
4946813,Số 1 đường Giải Phóng - phường Bạch Mai - ĐHBK,21.0052,105.8418,2024-10-28,-0.6971644495498545,0.014681251453467985,2.4022642164002868,-0.37970128287551486,0,4,0,156,-0.2890879887620023,0.3610938745441881,0.17872277285553753,0,1,0,1,0,1,1,1,train
4946813,Số 1 đường Giải Phóng - phường Bạch Mai - ĐHBK,21.0052,105.8418,2024-10-29,-0.7377499362609825,-0.047990408609626806,1.5475364946671528,-0.9838073174630801,2,147,5,156,-0.7881513324104796,0.23466445228259034,0.6976455741806047,45954,0,0,0,0,0,0,0,train
4946813,Số 1 đường Giải Phóng - phường Bạch Mai - ĐHBK,21.0052,105.8418,2024-10-30,0.0010208054170453167,0.09599650313349878,0.22871110522339141,-0.6511550079730946,148,68,156,156,-0.886782060611128,0.2912487600308627,0.8372276614875946,0,0,0,0,0,1,1,1,train
4946813,Số 1 đường Giải Phóng - phường Bạch Mai - ĐHBK,21.0052,105.8418,2024-10-31,0.6053065105433418,0.33511315858813645,-1.1245854094990217,0.8868870349928378,150,92,41,155,-0.9854127888117763,0.34783306777913514,0.9768097487945848,0,0,0,0,0,1,1,1,train
4946813,Số 1 đường Giải Phóng - phường Bạch Mai - ĐHBK,21.0052,105.8418,2024-11-01,0.19183691945049167,-0.019335169295052728,0.6396853546884358,0.248330145240192,156,152,156,156,-1.0840435170124245,0.4044173755274076,1.1163918361015748,0,0,0,0,0,1,1,1,train
4946813,Số 1 đường Giải Phóng - phường Bạch Mai - ĐHBK,21.0052,105.8418,2024-11-02,0.11615004265012004,0.02912873270604362,0.01731901231930469,-0.21328470731987895,156,131,156,156,-1.1826742452130727,0.46100168327568,1.2559739234085647,0,0,0,0,0,1,1,1,train
4946813,Số 1 đường Giải Phóng - phường Bạch Mai - ĐHBK,21.0052,105.8418,2024-11-03,0.1821213906334353,-0.1284344478524441,0.10252340172597356,-0.8533201736663126,0,0,0,156,-1.2813049734137212,0.5175859910239523,1.3955560107155547,45954,1,1,1,0,0,0,0,train
4946813,Số 1 đường Giải Phóng - phường Bạch Mai - ĐHBK,21.0052,105.8418,2024-11-04,0.24809273861675105,-0.28599762841093135,0.18772779113264246,-0.7884987248125956,0,145,0,156,-0.6913111935642046,0.7033840089623368,0.7384987927113043,0,1,0,1,0,1,1,1,train
4946813,Số 1 đường Giải Phóng - phường Bạch Mai - ĐHBK,21.0052,105.8418,2024-11-05,0.3140640866000663,-0.14678172633335765,0.27293218053931134,-0.3499070285373467,0,10,0,156,-0.10131741371468808,0.8891820269007213,0.08144157470705349,0,1,0,1,0,1,1,1,train
4946813,Số 1 đường Giải Phóng - phường Bạch Mai - ĐHBK,21.0052,105.8418,2024-11-06,0.38003543458338207,0.3681870499320514,0.35813656994598025,0.45412294204660303,0,0,0,156,0.4886763661348283,1.0749800448391056,-0.5756156432971974,0,1,1,1,0,1,1,1,train
4946813,Số 1 đường Giải Phóng - phường Bạch Mai - ĐHBK,21.0052,105.8418,2024-11-07,0.44600678256669735,0.8831558261974605,0.44334095935264906,-0.6740874336335643,111,130,143,156,1.0786701459843449,1.26077806277749,-1.2326728613014482,0,0,0,0,0,1,1,1,train
4946813,Số 1 đường Giải Phóng - phường Bạch Mai - ĐHBK,21.0052,105.8418,2024-11-08,0.033496570067030954,0.6122588028265807,0.1938098257884079,-0.8837616475057621,147,82,156,156,1.6686639258338614,1.4465760807158743,-1.8897300793056981,45954,0,0,0,0,0,0,0,train
4946813,Số 1 đường Giải Phóng - phường Bạch Mai - ĐHBK,21.0052,105.8418,2024-11-09,0.5392758389114979,0.3684622270643527,0.766779628538109,-0.5419883627038649,156,119,156,156,1.4505904025690595,1.4334254537937838,-1.639665464794842,0,0,0,0,0,1,1,1,train
4946813,Số 1 đường Giải Phóng - phường Bạch Mai - ĐHBK,21.0052,105.8418,2024-11-10,0.04335170483541475,0.22399695983058787,-0.24929873114597162,0.11322537742070359,156,151,156,156,1.2325168793042578,1.4202748268716934,-1.3896008502839856,0,0,0,0,0,1,1,1,train
4946813,Số 1 đường Giải Phóng - phường Bạch Mai - ĐHBK,21.0052,105.8418,2024-11-11,0.7562461205913379,0.3402774342841989,1.656892025982288,0.5903361001374416,156,111,156,156,1.014443356039456,1.407124199949603,-1.1395362357731296,0,0,0,0,0,1,1,1,train
4946813,Số 1 đường Giải Phóng - phường Bạch Mai - ĐHBK,21.0052,105.8418,2024-11-12,1.6187495509591692,-0.15741409073379586,1.291715240304346,-0.1977287445017789,71,150,153,156,0.7963698327746541,1.3939735730275125,-0.8894716212622734,0,0,0,0,0,1,1,1,train
4946813,Số 1 đường Giải Phóng - phường Bạch Mai - ĐHBK,21.0052,105.8418,2024-11-13,-0.15913706019571336,-0.36353894435574585,0.17375691156435238,-0.7603739109763487,120,142,149,156,0.5782963095098523,1.3808229461054218,-0.6394070067514172,45954,0,0,0,0,0,0,0,train
4946813,Số 1 đường Giải Phóng - phường Bạch Mai - ĐHBK,21.0052,105.8418,2024-11-14,1.3468838342415297,-0.21344413662144462,-0.42993328431191596,-1.0146883534995794,113,130,156,156,0.20915532410692958,1.2230597941883177,-0.21730512463686358,0,0,0,0,0,1,1,1,train
4946813,Số 1 đường Giải Phóng - phường Bạch Mai - ĐHBK,21.0052,105.8418,2024-11-15,0.7184099136880856,-0.3123701793237317,0.11065585957088298,-0.27133863030963923,31,156,156,156,-0.15998566129599312,1.0652966422712133,0.20479675747769,0,0,0,0,0,1,1,1,train
4946813,Số 1 đường Giải Phóng - phường Bạch Mai - ĐHBK,21.0052,105.8418,2024-11-16,0.0666657972124335,-0.42205622061665765,-0.26650940921798894,0.7058397272653925,62,156,67,155,-0.5291266466989158,0.9075334903541091,0.6268986395922436,0,0,0,0,0,1,1,1,train
4946813,Số 1 đường Giải Phóng - phường Bạch Mai - ĐHBK,21.0052,105.8418,2024-11-17,0.025735524568561458,-0.3601397295122911,0.14584642790953561,-0.01791764573041213,156,156,156,156,-0.8982676321018385,0.7497703384370049,1.0490005217067973,0,0,0,0,0,1,1,1,train
4946813,Số 1 đường Giải Phóng - phường Bạch Mai - ĐHBK,21.0052,105.8418,2024-11-18,-0.19439377945593272,0.03422346413179397,0.9660597980893278,-0.28430481927574486,13,81,47,156,-1.2674086175047612,0.5920071865199007,1.471102403821351,45954,0,0,0,0,0,0,0,train
4946813,Số 1 đường Giải Phóng - phường Bạch Mai - ĐHBK,21.0052,105.8418,2024-11-19,-0.2506760126162548,0.03976736972693616,-0.5621113588840299,-0.9554873284556428,154,138,156,156,-1.188640299231678,0.6667747837672446,1.3621817613003917,0,0,0,0,0,1,1,1,train
4946813,Số 1 đường Giải Phóng - phường Bạch Mai - ĐHBK,21.0052,105.8418,2024-11-20,-0.039611580300511526,0.20770723722149484,0.481072893150618,-0.7299256287006949,156,62,156,156,-1.109871980958595,0.7415423810145886,1.253261118779433,0,0,0,0,0,1,1,1,train
4946813,Số 1 đường Giải Phóng - phường Bạch Mai - ĐHBK,21.0052,105.8418,2024-11-21,-0.504255557219622,0.34713722656255697,-0.47373193596591107,0.30839296564035673,145,72,156,156,-1.0311036626855117,0.8163099782619323,1.1443404762584737,0,0,0,0,0,1,1,1,train
4946813,Số 1 đường Giải Phóng - phường Bạch Mai - ĐHBK,21.0052,105.8418,2024-11-22,0.16809807177990252,-0.32984024546959845,-1.0640138620965616,0.6999691830097912,82,124,134,156,-0.9523353444124286,0.8910775755092764,1.0354198337375147,0,0,0,0,0,1,1,1,train
4946813,Số 1 đường Giải Phóng - phường Bạch Mai - ĐHBK,21.0052,105.8418,2024-11-23,0.3814394106827748,-0.16651566301962858,0.5391476580046336,-0.4552711024633465,19,92,92,156,-0.8735670261393456,0.9658451727566202,0.9264991912165557,45954,0,0,0,0,0,0,0,train
4946813,Số 1 đường Giải Phóng - phường Bạch Mai - ĐHBK,21.0052,105.8418,2024-11-24,0.8444736817580119,-0.09266851144115515,0.34989008496909163,-0.9280840894108029,0,0,0,156,-0.7892668132643756,1.0071079217474037,0.8102429063233996,0,1,1,1,0,1,1,1,train
4946813,Số 1 đường Giải Phóng - phường Bạch Mai - ĐHBK,21.0052,105.8418,2024-11-25,1.307507952833249,-0.0188213598626817,0.16063251193354955,-1.0229742203602215,3,144,71,156,-0.7049666003894056,1.0483706707381872,0.6939866214302434,0,0,0,0,0,1,1,1,train
4946813,Số 1 đường Giải Phóng - phường Bạch Mai - ĐHBK,21.0052,105.8418,2024-11-26,0.7700978626648087,-0.05645790078385921,0.16788868107573368,-0.4751408068481208,0,0,0,156,-0.6206663875144356,1.0896334197289708,0.5777303365370873,0,1,1,1,0,1,1,1,train
4946813,Số 1 đường Giải Phóng - phường Bạch Mai - ĐHBK,21.0052,105.8418,2024-11-27,0.23268777249636885,-0.09409444170503672,0.17514485021791776,0.5672628772107294,0,0,0,156,-0.5363661746394657,1.1308961687197543,0.4614740516439312,0,1,1,1,0,1,1,1,train
4946813,Số 1 đường Giải Phóng - phường Bạch Mai - ĐHBK,21.0052,105.8418,2024-11-28,-0.304722317672071,-0.13173098262621424,0.1824010193601019,-0.10885995869757506,95,114,114,156,-0.4520659617644957,1.1721589177105376,0.3452177667507751,45954,0,0,0,0,0,0,0,train
4946813,Số 1 đường Giải Phóng - phường Bạch Mai - ĐHBK,21.0052,105.8418,2024-11-29,0.25266903286568665,-0.04243204871516784,-0.05693689560937522,-0.3206274083638497,129,79,135,156,-0.5314474972648818,1.0046497334041713,0.4446442110109747,0,0,0,0,0,1,1,1,train
4946813,Số 1 đường Giải Phóng - phường Bạch Mai - ĐHBK,21.0052,105.8418,2024-11-30,4.590481960979674,0.3387450058338281,2.219682505959374,-0.5967759085630466,156,90,156,156,-0.6108290327652679,0.8371405490978049,0.5440706552711743,0,0,0,0,0,1,1,1,train
4946813,Số 1 đường Giải Phóng - phường Bạch Mai - ĐHBK,21.0052,105.8418,2024-12-01,1.4198755194479564,0.06680590929888904,0.4553563910533486,-0.8224126205624911,28,67,119,156,-0.690210568265654,0.6696313647914384,0.6434970995313738,0,0,0,0,0,1,1,1,train
4946813,Số 1 đường Giải Phóng - phường Bạch Mai - ĐHBK,21.0052,105.8418,2024-12-02,0.6225917335293255,-0.09417571304837304,0.50456662201394,0.6391074370401248,0,1,0,152,-0.7695921037660403,0.5021221804850718,0.7429235437915733,0,1,0,1,0,1,1,1,train
4946813,Số 1 đường Giải Phóng - phường Bạch Mai - ĐHBK,21.0052,105.8418,2024-12-03,-0.17469205238930552,-0.15325534336955304,0.5537768529745314,1.0152993377179051,0,72,8,156,-0.8489736392664262,0.3346129961787053,0.842349988051773,45954,1,0,0,0,0,0,0,train
4946813,Số 1 đường Giải Phóng - phường Bạch Mai - ĐHBK,21.0052,105.8418,2024-12-04,-0.9719758383079365,-0.33143403651141073,0.5447158007728827,-0.22811479528160042,16,48,32,156,-0.80025099851364,0.13398720730314337,0.750323088763765,0,0,0,0,0,1,1,1,train
4946813,Số 1 đường Giải Phóng - phường Bạch Mai - ĐHBK,21.0052,105.8418,2024-12-05,-0.2796177320279796,-0.131099902463528,0.06473960104859608,-1.0895496179371664,5,112,53,156,-0.7515283577608537,-0.06663858157241863,0.658296189475757,0,0,0,0,0,1,1,1,train
4946813,Số 1 đường Giải Phóng - phường Bạch Mai - ĐHBK,21.0052,105.8418,2024-12-06,0.2542600573417269,-0.6047991996715483,0.10813609368301795,-0.7390631473181207,0,19,0,156,-0.7028057170080674,-0.26726437044798074,0.5662692901877492,0,1,0,1,0,1,1,1,train
4946813,Số 1 đường Giải Phóng - phường Bạch Mai - ĐHBK,21.0052,105.8418,2024-12-07,0.7881378467114339,-0.42678468555213506,0.15153258631743982,0.17031218892304822,0,0,0,156,-0.6540830762552812,-0.4678901593235428,0.4742423908997412,0,1,1,1,0,1,1,1,train
4946813,Số 1 đường Giải Phóng - phường Bạch Mai - ĐHBK,21.0052,105.8418,2024-12-08,1.322015636081141,-0.24877017143272234,0.19492907895186168,0.5576959493274356,0,0,0,156,-0.6053604355024949,-0.6685159481991046,0.3822154916117332,45954,1,1,1,0,0,0,0,train
4946813,Số 1 đường Giải Phóng - phường Bạch Mai - ĐHBK,21.0052,105.8418,2024-12-09,1.8558934254508475,-0.07075565731330914,0.23832557158628356,0.19359027709791682,3,17,10,156,-0.6178479133394796,-0.5523070938546867,0.41777187573541275,0,0,0,0,0,1,1,1,train
4946813,Số 1 đường Giải Phóng - phường Bạch Mai - ĐHBK,21.0052,105.8418,2024-12-10,3.427888154492121,0.28181388438113053,0.29010305260702607,-1.0457728064984637,66,112,97,156,-0.6303353911764643,-0.4360982395102684,0.4533282598590923,0,0,0,0,0,1,1,1,train
4946813,Số 1 đường Giải Phóng - phường Bạch Mai - ĐHBK,21.0052,105.8418,2024-12-11,3.0030067960544558,-0.2503705078176227,0.17178890280465864,-0.6120852745996765,0,39,0,156,-0.6428228690134491,-0.31988938516585036,0.4888846439827718,0,1,0,1,0,1,1,1,train
4946813,Số 1 đường Giải Phóng - phường Bạch Mai - ĐHBK,21.0052,105.8418,2024-12-12,2.578125437616789,-0.22399686601431437,0.05347475300229123,-0.09234726128495849,0,1,0,156,-0.6553103468504339,-0.20368053082143212,0.5244410281064513,0,1,0,1,0,1,1,1,train
4946813,Số 1 đường Giải Phóng - phường Bạch Mai - ĐHBK,21.0052,105.8418,2024-12-13,2.1532440791791236,-0.25939121784406816,-0.06483939680007618,0.40378542592443084,0,0,0,156,-0.6677978246874186,-0.08747167647701408,0.5599974122301309,45954,1,1,1,0,0,0,0,train
4946813,Số 1 đường Giải Phóng - phường Bạch Mai - ĐHBK,21.0052,105.8418,2024-12-14,1.728362720741458,-0.29478556967382197,-0.18315354660244357,0.4790294857291363,0,75,0,156,-0.17989595245570533,0.21513666222368164,0.02221968879340686,0,1,0,1,0,1,1,1,train
4946813,Số 1 đường Giải Phóng - phường Bạch Mai - ĐHBK,21.0052,105.8418,2024-12-15,1.3034813623037922,0.2723007736486608,-0.30146769640481097,0.2171742820477635,0,43,0,156,0.30800591977600805,0.5177450009243774,-0.5155580346433172,0,1,0,1,0,1,1,1,train
4946813,Số 1 đường Giải Phóng - phường Bạch Mai - ĐHBK,21.0052,105.8418,2024-12-16,0.8786000038661266,0.18137204930882728,-0.41978184620717846,-0.7903817949312082,142,104,156,156,0.7959077920077211,0.8203533396250731,-1.0533357580800413,0,0,0,0,0,1,1,1,train
4946813,Số 1 đường Giải Phóng - phường Bạch Mai - ĐHBK,21.0052,105.8418,2024-12-17,3.4916861965982435,0.6454985095287081,0.9000689036743604,-0.3015350004457337,7,60,73,156,1.2838096642394348,1.1229616783257688,-1.5911134815167653,0,0,0,0,0,1,1,1,train
4946813,Số 1 đường Giải Phóng - phường Bạch Mai - ĐHBK,21.0052,105.8418,2024-12-18,0.2729319410102179,0.7077981759263283,-1.3568066058031387,0.9164088921597091,150,102,152,150,1.7717115364711478,1.4255700170264645,-2.1288912049534896,45954,0,0,0,0,0,0,0,train
4946813,Số 1 đường Giải Phóng - phường Bạch Mai - ĐHBK,21.0052,105.8418,2024-12-19,1.2795253582782304,0.977889303929553,-0.2544183993667389,0.31343340885541576,153,125,156,156,1.6423467208659324,1.3598339375599446,-1.9682411085609584,0,0,0,0,0,1,1,1,train
4946813,Số 1 đường Giải Phóng - phường Bạch Mai - ĐHBK,21.0052,105.8418,2024-12-20,3.106125616406968,0.9432685298359575,1.9490695859867417,-0.6006738577362615,145,55,148,156,1.5129819052607165,1.2940978580934248,-1.8075910121684267,0,0,0,0,0,1,1,1,train
4946813,Số 1 đường Giải Phóng - phường Bạch Mai - ĐHBK,21.0052,105.8418,2024-12-21,2.7143261573881627,1.0740073944472874,0.9341709931514951,-1.0384984104760342,74,119,114,156,1.3836170896555013,1.2283617786269048,-1.6469409157758954,0,0,0,0,0,1,1,1,train
4946813,Số 1 đường Giải Phóng - phường Bạch Mai - ĐHBK,21.0052,105.8418,2024-12-22,7.20641330371667,1.6597256023136846,3.6702311638173923,-0.3563224865817909,49,21,156,156,1.254252274050286,1.162625699160385,-1.4862908193833642,0,0,0,0,0,1,1,1,train
4946813,Số 1 đường Giải Phóng - phường Bạch Mai - ĐHBK,21.0052,105.8418,2024-12-23,0.43462237649941937,2.1073888883326615,-0.2449531764492258,0.8624693549467111,96,14,156,156,1.1248874584450705,1.0968896196938653,-1.325640722990833,45954,0,0,0,0,0,0,0,train
4946813,Số 1 đường Giải Phóng - phường Bạch Mai - ĐHBK,21.0052,105.8418,2024-12-24,2.1280712383536704,-0.058171689782279774,0.8252708755726067,0.7463324835286352,0,12,0,156,1.1984632670643593,1.1533922931705773,-1.4152445198837698,0,1,0,1,0,1,1,1,train
4946813,Số 1 đường Giải Phóng - phường Bạch Mai - ĐHBK,21.0052,105.8418,2024-12-25,3.821520100207922,0.8533186070103327,1.8954949275944393,0.4666118685932554,43,59,66,156,1.2720390756836477,1.2098949666472896,-1.5048483167767075,0,0,0,0,0,1,1,1,train
4946813,Số 1 đường Giải Phóng - phường Bạch Mai - ĐHBK,21.0052,105.8418,2024-12-26,2.4783492604263095,-0.05636244786383478,1.352503725313564,-1.009121202716942,0,131,11,156,1.3456148843029363,1.2663976401240018,-1.594452113669645,0,1,0,0,0,1,1,1,train
4946813,Số 1 đường Giải Phóng - phường Bạch Mai - ĐHBK,21.0052,105.8418,2024-12-27,1.135178420644697,-0.11317329863730052,0.23766115365131876,-0.8157936261094129,0,130,0,156,1.419190692922225,1.3229003136007138,-1.6840559105625819,0,1,0,1,0,1,1,1,train
4946813,Số 1 đường Giải Phóng - phường Bạch Mai - ĐHBK,21.0052,105.8418,2024-12-28,-0.20799241913691588,0.837985595382533,-0.8771814180109269,0.13460904808328605,146,129,156,156,1.492766501541514,1.3794029870774258,-1.7736597074555194,45954,0,0,0,0,0,0,0,train
4946813,Số 1 đường Giải Phóng - phường Bạch Mai - ĐHBK,21.0052,105.8418,2024-12-29,1.5521634496130143,0.8617476452939223,-2.8731168479558717,0.5815307018159119,152,108,156,156,1.3426724494799471,1.3055003353340966,-1.5784546807983801,0,0,0,0,0,1,1,1,train
4946813,Số 1 đường Giải Phóng - phường Bạch Mai - ĐHBK,21.0052,105.8418,2024-12-30,1.5087233823500612,0.8735278083307888,-2.754440627706129,0.3070058970047145,0,0,2,156,1.1925783974183803,1.2315976835907672,-1.383249654141241,0,1,1,0,0,1,1,1,train
4946813,Số 1 đường Giải Phóng - phường Bạch Mai - ĐHBK,21.0052,105.8418,2024-12-31,1.4652833150871076,0.8853079713676554,-1.0857131578679369,-0.12470525019279571,0,0,0,156,1.0424843453568136,1.157695031847438,-1.1880446274841014,0,1,1,1,0,1,1,1,train
4946813,Số 1 đường Giải Phóng - phường Bạch Mai - ĐHBK,21.0052,105.8418,2025-01-01,1.4218432478241545,0.8970881344045218,0.5830143119702557,-0.569532667769008,156,101,156,156,0.8923902932952467,1.0837923801041085,-0.9928396008269621,0,0,0,0,0,1,1,1,train
4946813,Số 1 đường Giải Phóng - phường Bạch Mai - ĐHBK,21.0052,105.8418,2025-01-02,3.175994056147364,0.7081268066938444,2.67076146755458,0.005846036239791237,67,86,92,156,0.7422962412336799,1.009889728360779,-0.7976345741698228,45954,0,0,0,0,0,0,0,train
4946813,Số 1 đường Giải Phóng - phường Bạch Mai - ĐHBK,21.0052,105.8418,2025-01-03,0.10261014302317627,1.124646259411841,0.4985797208246388,1.1494022389241565,143,67,141,153,0.4444757633893136,0.8584650749108577,-0.4961492929663939,0,0,0,0,0,1,1,1,train
4946813,Số 1 đường Giải Phóng - phường Bạch Mai - ĐHBK,21.0052,105.8418,2025-01-04,1.6657517436580846,1.0122804455698353,0.6845945092084328,0.47444837866441253,147,122,156,156,0.14665528554494725,0.7070404214609362,-0.19466401176296497,0,0,0,0,0,1,1,1,train
4946813,Số 1 đường Giải Phóng - phường Bạch Mai - ĐHBK,21.0052,105.8418,2025-01-05,0.276607317609601,1.6069188651740138,0.8576215072563955,0.333351354594085,156,31,156,156,-0.15116519229941924,0.5556157680110146,0.10682126944046404,0,0,0,0,0,1,1,1,train
4946813,Số 1 đường Giải Phóng - phường Bạch Mai - ĐHBK,21.0052,105.8418,2025-01-06,3.107784547177841,1.809526687776936,0.6416360256494572,-0.28918742360422645,156,91,156,156,-0.4489856701437856,0.4041911145610931,0.40830655064389276,0,0,0,0,0,1,1,1,train
4946813,Số 1 đường Giải Phóng - phường Bạch Mai - ĐHBK,21.0052,105.8418,2025-01-07,2.444069791283661,0.5610183117432319,-0.49347149070061547,-0.4539788134932694,0,17,6,156,-0.746806147988152,0.2527664611111715,0.7097918318473218,45954,1,0,0,0,0,0,0,train
4946813,Số 1 đường Giải Phóng - phường Bạch Mai - ĐHBK,21.0052,105.8418,2025-01-08,1.780355035389482,0.5047439063803093,-1.3880555750373185,0.1571582005916405,0,31,14,156,-0.30580052367761457,0.45062040849439783,0.20905187568355546,0,1,0,0,0,1,1,1,train
4946813,Số 1 đường Giải Phóng - phường Bạch Mai - ĐHBK,21.0052,105.8418,2025-01-09,1.116640279495302,0.41324519174660296,-2.6057632015679713,0.5262516197104978,0,4,12,156,0.1352051006329229,0.6484743558776241,-0.2916880804802107,0,1,0,0,0,1,1,1,train
4946813,Số 1 đường Giải Phóng - phường Bạch Mai - ĐHBK,21.0052,105.8418,2025-01-10,0.4529255236011227,0.5261235877691539,-1.240723334161288,0.33307591527612884,0,0,0,156,0.5762107249434605,0.8463283032608505,-0.7924280366439771,0,1,1,1,0,1,1,1,train
4946813,Số 1 đường Giải Phóng - phường Bạch Mai - ĐHBK,21.0052,105.8418,2025-01-11,-0.21078923229305674,0.6390019837917044,0.1243165332453954,-0.7078246086577703,44,62,70,156,1.017216349253998,1.0441822506440768,-1.293167992807743,0,0,0,0,0,1,1,1,train
4946813,Số 1 đường Giải Phóng - phường Bạch Mai - ĐHBK,21.0052,105.8418,2025-01-12,0.22504319215913274,0.42732804284467346,-0.15037868247471511,-0.33375060942452656,156,120,156,156,1.4582219735645354,1.2420361980273031,-1.7939079489715095,45954,0,0,0,0,0,0,0,train
4946813,Số 1 đường Giải Phóng - phường Bạch Mai - ĐHBK,21.0052,105.8418,2025-01-13,4.945297261047208,0.7418410507698238,4.446411223203588,0.40608200402698674,156,133,156,156,1.2687834368603699,1.1851142076870897,-1.5528252006957752,0,0,0,0,0,1,1,1,train
4946813,Số 1 đường Giải Phóng - phường Bạch Mai - ĐHBK,21.0052,105.8418,2025-01-14,0.29998509790698186,0.2667031416956822,5.247146908016032,0.9231626219818831,74,88,103,156,1.0793449001562045,1.1281922173468766,-1.3117424524200405,0,0,0,0,0,1,1,1,train
4946813,Số 1 đường Giải Phóng - phường Bạch Mai - ĐHBK,21.0052,105.8418,2025-01-15,0.23049510650519037,0.4113658601125962,-0.4332049071532733,0.6812334415917816,0,60,56,156,0.8899063634520396,1.071270227006663,-1.0706597041443062,0,1,0,0,0,1,1,1,train
4946813,Số 1 đường Giải Phóng - phường Bạch Mai - ĐHBK,21.0052,105.8418,2025-01-16,0.1610051151033989,0.9311615541824237,0.7818196746835206,-0.3050449882015523,156,91,156,156,0.7004678267478742,1.0143482366664498,-0.8295769558685716,0,0,0,0,0,1,1,1,train
4946813,Số 1 đường Giải Phóng - phường Bạch Mai - ĐHBK,21.0052,105.8418,2025-01-17,4.836626384918243,1.088720780262794,2.8045955984218405,-0.4448691258519068,156,70,156,156,0.511029290043709,0.9574262463262364,-0.588494207592837,45954,0,0,0,0,0,0,0,train
4946813,Số 1 đường Giải Phóng - phường Bạch Mai - ĐHBK,21.0052,105.8418,2025-01-18,3.682225399274065,0.06843379066928222,-2.1390255681464816,0.0006225621776598594,0,3,0,156,0.250150825437047,0.769026058832544,-0.30983734311919786,0,1,0,1,0,1,1,1,train
4946813,Số 1 đường Giải Phóng - phường Bạch Mai - ĐHBK,21.0052,105.8418,2025-01-19,2.5278244136298866,0.28710333976374247,-7.082646734714801,0.7454473868220752,0,2,3,153,-0.010727639169615246,0.5806258713388519,-0.03118047864555867,0,1,0,0,0,1,1,1,train
4946813,Số 1 đường Giải Phóng - phường Bạch Mai - ĐHBK,21.0052,105.8418,2025-01-20,1.3734234279857087,1.4666532536987826,0.6250021578828343,0.4231817349620698,156,129,156,156,-0.2716061037762773,0.3922256838451595,0.24747638582808051,0,0,0,0,0,1,1,1,train
4946813,Số 1 đường Giải Phóng - phường Bạch Mai - ĐHBK,21.0052,105.8418,2025-01-21,1.4222017778297091,0.7829599869361958,0.49280808276680815,-0.3181410152405365,156,56,156,156,-0.5324845683829393,0.20382549635146724,0.5261332503017198,0,0,0,0,0,1,1,1,train
4946813,Số 1 đường Giải Phóng - phường Bạch Mai - ĐHBK,21.0052,105.8418,2025-01-22,1.0868026875660282,0.4601847560686454,0.5561827177036918,0.036925442634646914,0,0,0,156,-0.7933630329896018,0.015425308857774957,0.8047901147753588,45954,1,1,1,0,0,0,0,train
4946813,Số 1 đường Giải Phóng - phường Bạch Mai - ĐHBK,21.0052,105.8418,2025-01-23,0.7514035973023473,0.13740952520109495,0.6195573526405753,-0.17527440245372575,0,0,0,156,-0.3476392704046369,0.27903396469766684,0.25122581799268034,0,1,1,1,0,1,1,1,train
4946813,Số 1 đường Giải Phóng - phường Bạch Mai - ĐHBK,21.0052,105.8418,2025-01-24,0.41600450703866587,-0.1853657056664555,0.6829319875774588,-0.21760221144340305,0,10,0,156,0.09808449218032801,0.5426426205375587,-0.30233847878999803,0,1,0,1,0,1,1,1,train
4946813,Số 1 đường Giải Phóng - phường Bạch Mai - ĐHBK,21.0052,105.8418,2025-01-25,0.08060541677498496,0.2954590156602296,0.7463066225143424,1.051552647981475,0,0,0,156,0.5438082547652928,0.8062512763774506,-0.8559027755726761,0,1,1,1,0,1,1,1,train
4946813,Số 1 đường Giải Phóng - phường Bạch Mai - ĐHBK,21.0052,105.8418,2025-01-26,-0.2547936734886962,0.7762837369869152,0.8096812574512259,0.2485629310490985,0,0,0,156,0.9895320173502578,1.0698599322173428,-1.4094670723553546,0,1,1,1,0,1,1,1,train
4946813,Số 1 đường Giải Phóng - phường Bạch Mai - ĐHBK,21.0052,105.8418,2025-01-27,-0.5901927637523774,1.2571084583136003,0.8730558923881093,-0.0801699252101212,116,102,134,156,1.4352557799352228,1.3334685880572343,-1.9630313691380328,45954,0,0,0,0,0,0,0,train
4946813,Số 1 đường Giải Phóng - phường Bạch Mai - ĐHBK,21.0052,105.8418,2025-01-28,-0.9850692881505092,0.8443593959366466,0.00805958128106981,-0.8035083404868626,27,92,98,156,0.9899056896849884,1.0791416439706643,-1.4191071439183085,0,0,0,0,0,1,1,1,train
4946813,Số 1 đường Giải Phóng - phường Bạch Mai - ĐHBK,21.0052,105.8418,2025-01-29,-0.42742464491752663,0.9743368189687941,1.0354976003739471,-0.6079948975190032,0,12,12,156,0.5445555994347537,0.8248146998840942,-0.8751829186985836,0,1,0,0,0,1,1,1,train
4946813,Số 1 đường Giải Phóng - phường Bạch Mai - ĐHBK,21.0052,105.8418,2025-01-30,0.13021999831545603,0.7082988946725187,2.703761845162598,0.8931283404059508,148,50,156,156,0.09920550918451937,0.5704877557975241,-0.33125869347885895,0,0,0,0,0,1,1,1,train
4946813,Số 1 đường Giải Phóng - phường Bạch Mai - ĐHBK,21.0052,105.8418,2025-01-31,-0.9841812095797229,0.15404578736364974,-0.1974973903025257,0.580020035240738,30,69,50,156,-0.3461445810657153,0.31616081171095395,0.21266553174086578,0,0,0,0,0,1,1,1,train
4946813,Số 1 đường Giải Phóng - phường Bạch Mai - ĐHBK,21.0052,105.8418,2025-02-01,0.265941240237722,-0.18828192873458188,0.09004915907991161,-0.11475059978460392,3,51,19,156,-0.7914946713159499,0.0618338676243838,0.7565897569605908,45954,0,0,0,0,0,0,0,train
4946813,Số 1 đường Giải Phóng - phường Bạch Mai - ĐHBK,21.0052,105.8418,2025-02-02,-0.07428529712373788,0.02492516792316063,1.2353743018311572,-0.382479423462495,0,0,0,156,-0.7838470746839219,-0.012592270571600462,0.7027853295360585,0,1,1,1,0,1,1,1,train
4946813,Số 1 đường Giải Phóng - phường Bạch Mai - ĐHBK,21.0052,105.8418,2025-02-03,-0.41451183448519724,0.23813226458090367,2.380699444582403,-0.5572440376514801,0,0,0,156,-0.7761994780518938,-0.08701840876758464,0.6489809021115263,0,1,1,1,0,1,1,1,train
4946813,Số 1 đường Giải Phóng - phường Bạch Mai - ĐHBK,21.0052,105.8418,2025-02-04,-0.754738371846657,0.45133936123864615,3.5260245873336484,0.36056212840451346,79,53,145,148,-0.7685518814198657,-0.1614445469635688,0.5951764746869938,0,0,0,0,0,1,1,1,train
4946813,Số 1 đường Giải Phóng - phường Bạch Mai - ĐHBK,21.0052,105.8418,2025-02-05,-0.39628793057392225,0.47119165954575043,3.0884190870679964,0.7329905763856761,0,0,0,156,-0.7609042847878376,-0.23587068515955298,0.5413720472624615,0,1,1,1,0,1,1,1,train
4946813,Số 1 đường Giải Phóng - phường Bạch Mai - ĐHBK,21.0052,105.8418,2025-02-06,-0.037837489301187466,0.49104395785285526,2.6508135868023444,0.6616949616560341,0,0,0,156,-0.7532566881558096,-0.31029682335553715,0.4875676198379291,45954,1,1,1,0,0,0,0,train
4946813,Số 1 đường Giải Phóng - phường Bạch Mai - ĐHBK,21.0052,105.8418,2025-02-07,0.3206129519715476,0.5108962561599595,2.2132080865366928,-0.17153460011444951,0,0,0,156,-0.8952521896483526,0.003876399628163646,0.7058950963897862,0,1,1,1,0,1,1,1,train
4946813,Số 1 đường Giải Phóng - phường Bạch Mai - ĐHBK,21.0052,105.8418,2025-02-08,0.6790633932442821,0.5307485544670643,1.7756025862710405,-0.46137850863110813,0,0,0,156,-1.0372476911408957,0.31804962261186454,0.9242225729416433,0,1,1,1,0,1,1,1,train
4946813,Số 1 đường Giải Phóng - phường Bạch Mai - ĐHBK,21.0052,105.8418,2025-02-09,1.0375138345170167,0.5506008527741686,1.3379970860053887,0.07597277983634035,0,2,0,156,-1.1792431926334386,0.6322228455955652,1.1425500494935004,0,1,0,1,0,1,1,1,train
4946813,Số 1 đường Giải Phóng - phường Bạch Mai - ĐHBK,21.0052,105.8418,2025-02-10,1.3959642757897517,0.6977600741337125,0.9003915857397369,0.6348918504287293,0,0,0,156,-1.3212386941259815,0.9463960685792662,1.3608775260453574,0,1,1,1,0,1,1,1,train
4946813,Số 1 đường Giải Phóng - phường Bạch Mai - ĐHBK,21.0052,105.8418,2025-02-11,1.7544147170624864,0.844919295493256,0.46278608547408473,-0.026379486777685,65,145,150,156,-1.4632341956185246,1.260569291562967,1.5792050025972146,45954,0,0,0,0,0,0,0,train
4946813,Số 1 đường Giải Phóng - phường Bạch Mai - ĐHBK,21.0052,105.8418,2025-02-12,1.6979169949597508,0.019944525463725764,-1.1136984347630163,-0.19199383146214238,0,13,6,156,-1.3402558140024206,0.9063299146072874,1.3926036483564934,0,1,0,0,0,1,1,1,train
4946813,Số 1 đường Giải Phóng - phường Bạch Mai - ĐHBK,21.0052,105.8418,2025-02-13,1.6414192728570152,0.27848230474957925,0.25219674078833915,-0.29831646153795915,0,39,13,156,-1.2172774323863167,0.552090537651608,1.2060022941157726,0,1,0,0,0,1,1,1,train
4946813,Số 1 đường Giải Phóng - phường Bạch Mai - ĐHBK,21.0052,105.8418,2025-02-14,1.5849215507542795,0.634648239747986,-0.9841493797926681,0.5676415516822507,0,13,4,156,-1.0942990507702126,0.19785116069592854,1.0194009398750514,0,1,0,0,0,1,1,1,train
4946813,Số 1 đường Giải Phóng - phường Bạch Mai - ĐHBK,21.0052,105.8418,2025-02-15,1.5284238286515441,0.6055113722712212,-0.9537021626189359,1.2726659305237773,0,0,0,156,-0.9713206691541086,-0.15638821625975088,0.8327995856343307,0,1,1,1,0,1,1,1,train
4946813,Số 1 đường Giải Phóng - phường Bạch Mai - ĐHBK,21.0052,105.8418,2025-02-16,1.4719261065488085,0.5763745047944565,-0.9232549454452037,0.8670801593351418,0,0,0,156,-0.8483422875380048,-0.5106275932154305,0.6461982313936095,45954,1,1,1,0,0,0,0,train
4946813,Số 1 đường Giải Phóng - phường Bạch Mai - ĐHBK,21.0052,105.8418,2025-02-17,1.4154283844460729,0.5472376373176917,-0.8928077282714717,1.0202861588988124,0,0,0,156,-0.8138234390119797,-0.5823547806005659,0.5894952728368551,0,1,1,1,0,1,1,1,train
4946813,Số 1 đường Giải Phóng - phường Bạch Mai - ĐHBK,21.0052,105.8418,2025-02-18,1.3589306623433373,0.5181007698409269,-0.8623605110977395,0.8062904991768667,0,0,0,156,-0.7793045904859547,-0.6540819679857012,0.5327923142801008,0,1,1,1,0,1,1,1,train
4946813,Số 1 đường Giải Phóng - phường Bạch Mai - ĐHBK,21.0052,105.8418,2025-02-19,-0.20193699196782527,0.4889639023641622,-0.8319132939240073,0.8303063620406902,0,0,0,156,-0.7447857419599296,-0.7258091553708366,0.47608935572334643,0,1,1,1,0,1,1,1,train
4946813,Số 1 đường Giải Phóng - phường Bạch Mai - ĐHBK,21.0052,105.8418,2025-02-20,-0.20193699196782527,0.45982703488739746,-0.8014660767502753,0.6183076644359674,0,8,0,147,-0.7102668934339046,-0.7975363427559721,0.41938639716659204,0,1,0,1,0,1,1,1,train
4946813,Số 1 đường Giải Phóng - phường Bạch Mai - ĐHBK,21.0052,105.8418,2025-02-21,-0.20193699196782527,0.5040354184448551,-0.771018859576543,0.6391005688807959,0,0,0,156,-0.6757480449078795,-0.8692635301411074,0.3626834386098376,45954,1,1,1,0,0,0,0,train
4946813,Số 1 đường Giải Phóng - phường Bạch Mai - ĐHBK,21.0052,105.8418,2025-02-22,-0.20193699196782527,0.5482438020023132,-0.025178106719131677,0.9426514122779639,0,0,0,156,-0.6909846047535447,-1.186329971077234,0.39157445335075153,0,1,1,1,0,1,1,1,train
4946813,Số 1 đường Giải Phóng - phường Bạch Mai - ĐHBK,21.0052,105.8418,2025-02-23,-0.20193699196782527,0.5924521855597709,-0.025178106719131677,0.2663357733263243,0,0,0,156,-0.70622116459921,-1.5033964120133603,0.42046546809166546,0,1,1,1,0,1,1,1,train
4946813,Số 1 đường Giải Phóng - phường Bạch Mai - ĐHBK,21.0052,105.8418,2025-02-24,-0.20193699196782527,0.6366605691172285,-0.025178106719131677,-0.3862477734553297,0,0,0,156,-0.7214577244448754,-1.8204628529494866,0.4493564828325794,0,1,1,1,0,1,1,1,train
4946813,Số 1 đường Giải Phóng - phường Bạch Mai - ĐHBK,21.0052,105.8418,2025-02-25,0.9634466076241888,0.6808689526746866,-0.6492299908816146,-0.5016444364671232,0,0,0,156,-0.7366942842905406,-2.1375292938856134,0.47824749757349333,0,1,1,1,0,1,1,1,train
4946813,Số 1 đường Giải Phóng - phường Bạch Mai - ĐHBK,21.0052,105.8418,2025-02-26,0.9069488855214533,0.7250773362321442,-0.6187827737078824,0.49447884276982673,0,7,0,156,-0.7519308441362059,-2.4545957348217398,0.5071385123144073,45954,1,0,1,0,0,0,0,train
4946813,Số 1 đường Giải Phóng - phường Bạch Mai - ĐHBK,21.0052,105.8418,2025-02-27,0.8504511634187176,-0.4833978124198332,-0.5883355565341502,0.026058252744141894,0,1,0,156,-0.7760129732474019,-1.9647043977042427,0.5543870376611832,0,1,0,1,0,1,1,1,train
4946813,Số 1 đường Giải Phóng - phường Bạch Mai - ĐHBK,21.0052,105.8418,2025-02-28,0.793953441315982,-0.23930860527707096,-0.5578883393604179,0.26562559631997723,0,0,0,156,-0.800095102358598,-1.4748130605867462,0.6016355630079594,0,1,1,1,0,1,1,1,train
4946813,Số 1 đường Giải Phóng - phường Bạch Mai - ĐHBK,21.0052,105.8418,2025-03-01,0.7374557192132465,0.004780601865691296,-0.5274411221866859,0.40371923777159385,0,27,0,156,-0.824177231469794,-0.9849217234692494,0.6488840883547353,0,1,0,1,0,1,1,1,train
4946813,Số 1 đường Giải Phóng - phường Bạch Mai - ĐHBK,21.0052,105.8418,2025-03-02,0.6809579971105109,0.0003611316684644232,-0.49699390501295376,0.43982698784973423,0,114,0,156,-0.8482593605809902,-0.4950303863517528,0.6961326137015114,0,1,0,1,0,1,1,1,train
4946813,Số 1 đường Giải Phóng - phường Bạch Mai - ĐHBK,21.0052,105.8418,2025-03-03,0.6244602750077753,0.12219805695813285,-0.46654668783922154,1.797121383865898,0,0,0,156,-0.8723414896921862,-0.005139049234256061,0.7433811390482874,45954,1,1,1,0,0,0,0,train
4946813,Số 1 đường Giải Phóng - phường Bạch Mai - ĐHBK,21.0052,105.8418,2025-03-04,0.5679625529050397,0.2440349822478013,-0.43609947066548954,0.9493262478525423,40,156,133,156,-0.8704365909263924,0.0784921348599671,0.7646562011769328,0,0,0,0,0,1,1,1,train
4946813,Số 1 đường Giải Phóng - phường Bạch Mai - ĐHBK,21.0052,105.8418,2025-03-05,0.5726645483322519,0.6611075164566955,0.21145749545942355,1.1861570442649856,0,39,12,156,-0.8685316921605986,0.16212331895419027,0.7859312633055784,0,1,0,0,0,1,1,1,train
4946813,Số 1 đường Giải Phóng - phường Bạch Mai - ĐHBK,21.0052,105.8418,2025-03-06,0.5773665437594641,0.9147906965913184,0.13031147346766023,-0.10581485574363653,0,0,0,156,-0.8666267933948048,0.24575450304841354,0.8072063254342238,0,1,1,1,0,1,1,1,train
4946813,Số 1 đường Giải Phóng - phường Bạch Mai - ĐHBK,21.0052,105.8418,2025-03-07,0.5820685391866762,1.168473876725941,0.0491654514758969,0.2135282898064514,0,18,0,156,-0.864721894629011,0.3293856871426367,0.8284813875628692,0,1,0,1,0,1,1,1,train
4946813,Số 1 đường Giải Phóng - phường Bạch Mai - ĐHBK,21.0052,105.8418,2025-03-08,0.5867705346138884,0.6981087045606695,-0.031980570515866384,0.5930555030313787,0,0,0,145,-0.8628169958632173,0.4130168712368599,0.8497564496915145,45954,1,1,1,0,0,0,0,train
4946813,Số 1 đường Giải Phóng - phường Bạch Mai - ĐHBK,21.0052,105.8418,2025-03-09,0.5914725300411006,0.2277435323953979,-0.1131265925076297,0.33982235141171124,0,0,0,156,-0.8516047551548651,0.22390999079037935,0.7968552724467541,0,1,1,1,0,1,1,1,train
4946813,Số 1 đường Giải Phóng - phường Bạch Mai - ĐHBK,21.0052,105.8418,2025-03-10,0.5961745254683127,-0.24262163976987372,-0.19427261449939304,0.29295986332117596,0,1,0,156,-0.840392514446513,0.03480311034389889,0.7439540952019938,0,1,0,1,0,1,1,1,train
4946813,Số 1 đường Giải Phóng - phường Bạch Mai - ĐHBK,21.0052,105.8418,2025-03-11,0.6008765208955249,0.6833974096186476,-0.27541863649115633,0.835063906146261,0,0,0,156,-0.829180273738161,-0.15430377010258176,0.6910529179572334,0,1,1,1,0,1,1,1,train
4946813,Số 1 đường Giải Phóng - phường Bạch Mai - ĐHBK,21.0052,105.8418,2025-03-12,0.605578516322737,1.6094164590071696,-0.35656465848291957,0.8496448292321548,0,38,0,156,-0.8179680330298088,-0.3434106505490622,0.6381517407124732,0,1,0,1,0,1,1,1,train
4946813,Số 1 đường Giải Phóng - phường Bạch Mai - ĐHBK,21.0052,105.8418,2025-03-13,0.6102805117499491,2.215808133015526,-0.4377106804746829,0.27514602041903236,0,21,0,156,-0.8067557923214568,-0.5325175309955429,0.5852505634677129,45954,1,0,1,0,0,0,0,train
4946813,Số 1 đường Giải Phóng - phường Bạch Mai - ĐHBK,21.0052,105.8418,2025-03-14,0.6149825071771613,0.6707359888610794,-0.5188567024664463,1.6161244824556145,12,61,45,156,-0.7428266562249359,-0.3298769669458356,0.506649083291181,0,0,0,0,0,1,1,1,train
4946813,Số 1 đường Giải Phóng - phường Bạch Mai - ĐHBK,21.0052,105.8418,2025-03-15,0.1935524969467001,1.3623581206063238,-0.20790653338845147,3.26810827339498,0,9,2,156,-0.6788975201284153,-0.1272364028961284,0.4280476031146492,0,1,0,0,0,1,1,1,train
4946813,Số 1 đường Giải Phóng - phường Bạch Mai - ĐHBK,21.0052,105.8418,2025-03-16,-0.2278775132837609,1.9102589724487509,-2.7306759128860607,1.115759426436817,1,9,9,156,-0.6149683840318947,0.07540416115357884,0.3494461229381173,0,0,0,0,0,1,1,1,train
4946813,Số 1 đường Giải Phóng - phường Bạch Mai - ĐHBK,21.0052,105.8418,2025-03-17,-0.3847971484012423,2.083473295581347,-2.118926745384212,1.3835037482655415,0,0,0,156,-0.5510392479353741,0.27804472520328605,0.2708446427615855,0,1,1,1,0,1,1,1,train
4946813,Số 1 đường Giải Phóng - phường Bạch Mai - ĐHBK,21.0052,105.8418,2025-03-18,-0.5417167835187235,2.256687618713943,-1.507177577882364,0.7672934787076482,0,0,0,156,-0.4871101118388534,0.4806852892529933,0.1922431625850536,45954,1,1,1,0,0,0,0,train
4946813,Số 1 đường Giải Phóng - phường Bạch Mai - ĐHBK,21.0052,105.8418,2025-03-19,-0.698636418636205,2.429901941846539,-0.8954284103805158,1.5688757268914628,23,105,118,156,-0.7184197549402745,0.6778814872146922,0.48002298333930415,0,0,0,0,0,1,1,1,train
4946813,Số 1 đường Giải Phóng - phường Bạch Mai - ĐHBK,21.0052,105.8418,2025-03-20,0.3246564280768967,1.3872402423535675,-0.33138946936033997,1.1006624358312618,95,115,123,156,-0.9497293980416956,0.8750776851763911,0.7678028040935546,0,0,0,0,0,1,1,1,train
4946813,Số 1 đường Giải Phóng - phường Bạch Mai - ĐHBK,21.0052,105.8418,2025-03-21,3.5669998266612195,1.5497791109104027,1.0312942016723516,0.14817675342957348,156,90,156,156,-1.1810390411431166,1.0722738831380898,1.0555826248478053,0,0,0,0,0,1,1,1,train
4946813,Số 1 đường Giải Phóng - phường Bạch Mai - ĐHBK,21.0052,105.8418,2025-03-22,1.0466513655527696,1.7182000611218953,0.48424095433203174,0.24361676638526222,156,86,156,156,-1.412348684244538,1.2694700810997885,1.3433624456020556,0,0,0,0,0,1,1,1,train
4946813,Số 1 đường Giải Phóng - phường Bạch Mai - ĐHBK,21.0052,105.8418,2025-03-23,0.07611875925661832,1.6927572216501563,0.35999338190246527,0.3992038784016632,147,90,156,156,-1.643658327345959,1.4666662790614875,1.6311422663563064,45954,0,0,0,0,0,0,0,train
4946813,Số 1 đường Giải Phóng - phường Bạch Mai - ĐHBK,21.0052,105.8418,2025-03-24,-0.24697361305464632,1.7035488560657248,0.704377228201133,1.438068347700594,136,83,137,136,-1.1539981579389416,1.026865292765211,0.9368876020443639,0,0,0,0,0,1,1,1,train
4946813,Số 1 đường Giải Phóng - phường Bạch Mai - ĐHBK,21.0052,105.8418,2025-03-25,2.525901258340485,3.0838935325684402,-0.033592462518792526,1.9488981493347854,156,150,156,156,-0.6643379885319243,0.587064306468935,0.24263293773242153,45954,0,0,0,0,0,0,0,train
4946813,Số 1 đường Giải Phóng - phường Bạch Mai - ĐHBK,21.0052,105.8418,2025-03-26,-0.5803326811176707,2.0099205480804954,-0.27033245196675193,2.554240392878429,3,41,14,156,-0.6541534701654245,0.32636734498739517,0.23184626053321167,0,0,0,0,0,1,1,1,train
4946813,Số 1 đường Giải Phóng - phường Bạch Mai - ĐHBK,21.0052,105.8418,2025-03-27,-0.6551321136890922,1.0247656875092908,-2.4194173321615597,3.7016241013105446,1,18,1,156,-0.6439689517989245,0.06567038350585534,0.22105958333400189,0,0,0,0,0,1,1,1,train
4946813,Số 1 đường Giải Phóng - phường Bạch Mai - ĐHBK,21.0052,105.8418,2025-03-28,-0.6020432080799306,2.210928579743772,-0.3066677568932652,2.520657363238814,0,120,50,156,-0.6337844334324247,-0.1950265779756845,0.21027290613479202,45954,1,0,0,0,0,0,0,train
4946813,Số 1 đường Giải Phóng - phường Bạch Mai - ĐHBK,21.0052,105.8418,2025-03-29,-0.5489543024707688,1.8260692242627798,-0.574563526361078,0.3340365206756586,0,0,0,156,-0.657047954116946,-0.08845621500590832,0.31934045838959124,0,1,1,1,0,1,1,1,train
4946813,Số 1 đường Giải Phóng - phường Bạch Mai - ĐHBK,21.0052,105.8418,2025-03-30,-0.4958653968616073,1.4412098687817865,-0.8424592958288908,1.5174222244630304,0,5,0,156,-0.6803114748014671,0.018114147963867698,0.4284080106443905,0,1,0,1,0,1,1,1,train
4946813,Số 1 đường Giải Phóng - phường Bạch Mai - ĐHBK,21.0052,105.8418,2025-03-31,-0.44277649125244556,2.2995317982291383,-1.1103550652967036,1.365868345695147,0,9,34,156,-0.7035749954859882,0.1246845109336439,0.5374755628991897,0,1,0,0,0,1,1,1,train
4946813,Số 1 đường Giải Phóng - phường Bạch Mai - ĐHBK,21.0052,105.8418,2025-04-01,-0.38968758564328404,1.691052159775861,0.07021374062136089,-0.09210717432406972,137,152,155,156,-0.7268385161705095,0.23125487390342,0.646543115153989,0,0,0,0,0,1,1,1,train
4946813,Số 1 đường Giải Phóng - phường Bạch Mai - ĐHBK,21.0052,105.8418,2025-04-02,0.4880238096444774,1.7513740416705288,0.7884490163161817,-0.05484499117820829,62,138,154,156,-0.7501020368550306,0.3378252368731961,0.7556106674087882,45954,0,0,0,0,0,0,0,train
4946813,Số 1 đường Giải Phóng - phường Bạch Mai - ĐHBK,21.0052,105.8418,2025-04-03,0.5149551729086763,2.556901779219126,0.31394977021380716,1.7049020710485554,77,92,156,156,-0.7898949586937645,0.4001785242059015,0.7523367881928644,0,0,0,0,0,1,1,1,train
4946813,Số 1 đường Giải Phóng - phường Bạch Mai - ĐHBK,21.0052,105.8418,2025-04-04,1.616033045476622,3.182126587071335,0.15876312280533816,2.507673555950951,90,118,149,156,-0.8296878805324984,0.46253181153860684,0.7490629089769406,0,0,0,0,0,1,1,1,train
4946813,Số 1 đường Giải Phóng - phường Bạch Mai - ĐHBK,21.0052,105.8418,2025-04-05,1.475272465139012,2.3230517613538315,0.10255345042184828,1.4668578799136307,0,0,0,156,-0.8694808023712322,0.5248850988713122,0.7457890297610167,0,1,1,1,0,1,1,1,train
4946813,Số 1 đường Giải Phóng - phường Bạch Mai - ĐHBK,21.0052,105.8418,2025-04-06,1.3345118848014015,1.4639769356363297,0.04634377803835842,0.8116920974581152,0,0,0,156,-0.9092737242099661,0.5872383862040176,0.7425151505450929,0,1,1,1,0,1,1,1,train
4946813,Số 1 đường Giải Phóng - phường Bạch Mai - ĐHBK,21.0052,105.8418,2025-04-07,1.1937513044637909,0.6049021099188273,-0.009865894345131444,0.8009278403728569,0,18,0,156,-0.9490666460487,0.649591673536723,0.7392412713291691,45954,1,0,1,0,0,0,0,train
4946813,Số 1 đường Giải Phóng - phường Bạch Mai - ĐHBK,21.0052,105.8418,2025-04-08,1.0529907241261804,0.953416538847909,-0.0660755667286213,0.5158604380538294,0,66,18,156,-1.133880909339573,0.46508780979503656,1.0076382585264385,0,1,0,0,0,1,1,1,train
4946813,Số 1 đường Giải Phóng - phường Bạch Mai - ĐHBK,21.0052,105.8418,2025-04-09,0.9122301437885701,1.0363623991246205,-0.3009827923243932,0.9659627811640153,0,0,0,142,-1.3186951726304457,0.28058394605335024,1.2760352457237076,0,1,1,1,0,1,1,1,train
4946813,Số 1 đường Giải Phóng - phường Bạch Mai - ĐHBK,21.0052,105.8418,2025-04-10,0.7714695634509594,1.119308259401332,-0.535890017920165,1.073435559173363,0,8,0,156,-1.5035094359213188,0.09608008231166384,1.5444322329209774,0,1,0,1,0,1,1,1,train
4946813,Số 1 đường Giải Phóng - phường Bạch Mai - ĐHBK,21.0052,105.8418,2025-04-11,0.6307089831133491,1.4283100884467843,-0.7707972435159369,2.135224145153054,0,42,8,156,-1.6883236992121915,-0.08842378143002246,1.8128292201182465,0,1,0,0,0,1,1,1,train
4946813,Số 1 đường Giải Phóng - phường Bạch Mai - ĐHBK,21.0052,105.8418,2025-04-12,0.48994840277573876,2.299907064566158,-0.06122212267398684,0.5120652723780498,71,135,120,156,-1.8731379625030644,-0.27292764517170887,2.0812262073155154,45954,0,0,0,0,0,0,0,train
4946813,Số 1 đường Giải Phóng - phường Bạch Mai - ĐHBK,21.0052,105.8418,2025-04-13,-0.8881914610991346,-0.10846146978216757,0.4404011384880299,-0.7413393150428446,68,88,93,156,-1.0242055163066905,0.26492773088616134,1.000824464830597,0,0,0,0,0,1,1,1,train
4946813,Số 1 đường Giải Phóng - phường Bạch Mai - ĐHBK,21.0052,105.8418,2025-04-14,0.8401132159755906,-0.15288334970407846,-0.025178106719131677,-0.5815197558304346,64,1,138,156,-0.17527307011031631,0.8027831069440315,-0.07957727765432167,45954,0,0,0,0,0,0,0,train
4946813,Số 1 đường Giải Phóng - phường Bạch Mai - ĐHBK,21.0052,105.8418,2025-04-15,0.10027982485343279,-0.1758315952915855,0.6989706258079047,0.7570039010167041,156,48,156,156,-0.668754021392275,0.5357562898626539,0.5709976100789752,0,0,0,0,0,1,1,1,train
4946813,Số 1 đường Giải Phóng - phường Bạch Mai - ĐHBK,21.0052,105.8418,2025-04-16,1.1954778560745036,-0.19337120570776437,0.13038680936191369,0.26297104900665974,145,126,149,156,-1.1622349726742336,0.26872947278127624,1.2215724978122722,0,0,0,0,0,1,1,1,train
4946813,Số 1 đường Giải Phóng - phường Bạch Mai - ĐHBK,21.0052,105.8418,2025-04-17,0.9581680377575698,-0.379536853752183,-0.497783986134031,-0.3837432245021383,7,61,26,156,-1.655715923956192,0.00170265569989857,1.8721473855455693,45954,0,0,0,0,0,0,0,train
4946813,Số 1 đường Giải Phóng - phường Bạch Mai - ĐHBK,21.0052,105.8418,2025-04-18,-0.1665400831617887,-0.3992767903362796,0.4071559153479628,-1.019470981317482,125,121,147,156,-1.7259519847624212,0.05027509871114208,1.9704025872513855,0,0,0,0,0,1,1,1,train
4946813,Số 1 đường Giải Phóng - phường Bạch Mai - ĐHBK,21.0052,105.8418,2025-04-19,2.844088645835823,-0.4091222135917537,-0.11959203709601142,-1.2424954038469582,2,0,24,156,-1.79618804556865,0.09884754172238559,2.0686577889572018,0,0,1,0,0,1,1,1,train
4946813,Số 1 đường Giải Phóng - phường Bạch Mai - ĐHBK,21.0052,105.8418,2025-04-20,0.4314006811813409,-0.4189676368472284,0.8943414531651246,0.7031569047852725,122,31,150,156,-1.866424106374879,0.147419984733629,2.1669129906630187,0,0,0,0,0,1,1,1,train
4946813,Số 1 đường Giải Phóng - phường Bạch Mai - ĐHBK,21.0052,105.8418,2025-04-21,0.21186207627478668,-0.5932289421512009,-0.21563603596579026,0.2572408615592571,27,131,46,156,-1.9366601671811081,0.1959924277448725,2.265168192368835,0,0,0,0,0,1,1,1,train
4946813,Số 1 đường Giải Phóng - phường Bạch Mai - ĐHBK,21.0052,105.8418,2025-04-22,0.745743195939749,0.3385260095630291,-0.586259133236369,-0.23080335118168185,66,132,89,156,-2.006896227987337,0.24456487075611602,2.3634233940746516,45954,0,0,0,0,0,0,0,train
4946813,Số 1 đường Giải Phóng - phường Bạch Mai - ĐHBK,21.0052,105.8418,2025-04-23,1.0147221498289194,0.6137077781525805,-0.04300704999410662,-0.6200653590623701,142,121,154,156,-1.7194579661065919,0.3488185513872508,2.019246114344067,0,0,0,0,0,1,1,1,train
4946813,Số 1 đường Giải Phóng - phường Bạch Mai - ĐHBK,21.0052,105.8418,2025-04-24,0.6356134921721917,0.32231592196150455,0.7185706409154676,0.7329740032186,0,53,2,156,-1.432019704225847,0.4530722320183856,1.6750688346134819,0,1,0,0,0,1,1,1,train
4946813,Số 1 đường Giải Phóng - phường Bạch Mai - ĐHBK,21.0052,105.8418,2025-04-25,0.25650483451546396,0.41471843938654723,-1.185176771528536,0.3386254962620483,0,30,8,155,-1.1445814423451015,0.5573259126495204,1.3308915548828975,0,1,0,0,0,1,1,1,train
4946813,Số 1 đường Giải Phóng - phường Bạch Mai - ĐHBK,21.0052,105.8418,2025-04-26,-0.12260382314126379,0.31915097585605207,-0.016395063967958225,1.1990633309371181,0,15,11,156,-0.8571431804643563,0.6615795932806551,0.9867142751523124,0,1,0,0,0,1,1,1,train
4946813,Số 1 đường Giải Phóng - phường Bạch Mai - ĐHBK,21.0052,105.8418,2025-04-27,-0.5017124807979914,1.0846239409352647,-0.4500889694713612,1.6769575016023484,6,35,19,156,-0.5697049185836112,0.7658332739117899,0.6425369954217278,45954,0,0,0,0,0,0,0,train
4946813,Số 1 đường Giải Phóng - phường Bạch Mai - ĐHBK,21.0052,105.8418,2025-04-28,1.120998512394926,0.9483013532250091,-0.22956447310294742,-0.4240043744881855,1,23,14,156,-0.5514844074746313,0.7739855748494479,0.6569956574159261,0,0,0,0,0,1,1,1,train
4946813,Số 1 đường Giải Phóng - phường Bạch Mai - ĐHBK,21.0052,105.8418,2025-04-29,0.3406592233173652,0.5209149946459363,0.9221159787098964,-0.6836018648903354,0,58,9,156,-0.5332638963656516,0.7821378757871058,0.6714543194101243,0,1,0,0,0,1,1,1,train
4946813,Số 1 đường Giải Phóng - phường Bạch Mai - ĐHBK,21.0052,105.8418,2025-04-30,-0.43968006576019536,0.17180084865645723,0.2509842577115012,-1.4958344482992354,0,0,0,156,-0.5150433852566719,0.7902901767247639,0.6859129814043226,0,1,1,1,0,1,1,1,train
4946813,Số 1 đường Giải Phóng - phường Bạch Mai - ĐHBK,21.0052,105.8418,2025-05-01,-1.2200193548377558,-0.17731329733302184,-0.42014746328689395,-0.13600994183255205,94,78,122,156,-0.4968228741476922,0.7984424776624218,0.7003716433985209,0,0,0,0,0,1,1,1,train
4946813,Số 1 đường Giải Phóng - phường Bạch Mai - ĐHBK,21.0052,105.8418,2025-05-02,-0.9110415958571009,-0.3943677830206338,-0.00679626092821268,-0.5330219508384157,115,147,129,156,-0.4786023630387125,0.8065947786000799,0.7148303053927191,45954,0,0,0,0,0,0,0,train
4946813,Số 1 đường Giải Phóng - phường Bạch Mai - ĐHBK,21.0052,105.8418,2025-05-03,0.1816478671394922,-0.3809820109613801,-0.17135976197115624,-0.9398153833295713,25,61,62,156,-0.9560047940661405,0.9208227430393546,1.136133910757494,0,0,0,0,0,1,1,1,train
4946813,Số 1 đường Giải Phóng - phường Bạch Mai - ĐHBK,21.0052,105.8418,2025-05-04,-0.7113528156912952,-0.21680244307059976,-0.8467255455042112,-1.4555947986380438,83,89,140,156,-1.4334072250935683,1.0350507074786297,1.5574375161222684,45954,0,0,0,0,0,0,0,train
4946813,Số 1 đường Giải Phóng - phường Bạch Mai - ĐHBK,21.0052,105.8418,2025-05-05,-0.10749021656979472,-0.06508766292214016,1.060364585221178,-0.8161735846281128,150,149,156,156,-1.2837410545205272,0.7622508429003982,1.3419503888076123,0,0,0,0,0,1,1,1,train
4946813,Số 1 đường Giải Phóng - phường Bạch Mai - ĐHBK,21.0052,105.8418,2025-05-06,-0.4861193435153899,-0.10733430715796477,0.507194013653389,0.9605976139887723,28,141,119,156,-1.1340748839474863,0.4894509783221669,1.1264632614929564,0,0,0,0,0,1,1,1,train
4946813,Số 1 đường Giải Phóng - phường Bạch Mai - ĐHBK,21.0052,105.8418,2025-05-07,-0.5970852684086178,-0.14836951747734478,0.10568759765971546,0.30765931464652063,57,143,100,156,-0.9844087133744455,0.21665111374393545,0.9109761341783001,45954,0,0,0,0,0,0,0,train
4946813,Số 1 đường Giải Phóng - phường Bạch Mai - ĐHBK,21.0052,105.8418,2025-05-08,0.7376431581639736,-0.05432384621469812,-0.06258278520654681,-0.4274818728642221,155,148,156,156,-0.4016071070393706,0.47804073900226823,0.27331048816760883,0,0,0,0,0,1,1,1,train
4946813,Số 1 đường Giải Phóng - phường Bạch Mai - ĐHBK,21.0052,105.8418,2025-05-09,-0.5358193920457772,0.14338996881715294,-0.9734636677122099,-0.4618416614623748,34,123,52,156,0.18119449929570447,0.739430364260601,-0.3643551578430825,0,0,0,0,0,1,1,1,train
4946813,Số 1 đường Giải Phóng - phường Bạch Mai - ĐHBK,21.0052,105.8418,2025-05-10,-0.40798614856814747,0.15270962829836482,1.1985200490308434,0.23288581614005371,0,0,0,156,0.7639961056307792,1.0008199895189338,-1.002020803853774,0,1,1,1,0,1,1,1,train
4946813,Số 1 đường Giải Phóng - phường Bạch Mai - ĐHBK,21.0052,105.8418,2025-05-11,-0.2801529050905179,0.1620292877795772,3.370503765773897,-0.677732992882223,0,0,10,135,1.346797711965854,1.2622096147772666,-1.6396864498644648,0,1,1,0,0,1,1,1,train
4946813,Số 1 đường Giải Phóng - phường Bạch Mai - ĐHBK,21.0052,105.8418,2025-05-12,-0.15231966161288804,0.1713489472607891,-0.21692417277714338,0.2295942806432378,156,148,156,156,1.9295993183009295,1.5235992400355995,-2.2773520958751563,45954,0,0,0,0,0,0,0,train
4946813,Số 1 đường Giải Phóng - phường Bạch Mai - ĐHBK,21.0052,105.8418,2025-05-13,0.9731636250304001,-0.04565072117846381,-0.23097524198995348,-0.4037395419110629,103,117,121,156,1.308158262531202,1.4034904063470313,-1.5569015469083232,0,0,0,0,0,1,1,1,train
4946813,Số 1 đường Giải Phóng - phường Bạch Mai - ĐHBK,21.0052,105.8418,2025-05-14,-0.5373321704569283,0.23985387162800786,-0.5307776193263619,-1.0283989912138138,9,83,24,156,0.6867172067614744,1.283381572658463,-0.8364509979414899,0,0,0,0,0,1,1,1,train
4946813,Số 1 đường Giải Phóng - phường Bạch Mai - ĐHBK,21.0052,105.8418,2025-05-15,-0.15351171679161787,-0.4681842533033865,-0.9798844441155034,-1.9649707005269927,40,9,76,156,0.06527615099174698,1.163272738969895,-0.11600044897465672,0,0,0,0,0,1,1,1,train
4946813,Số 1 đường Giải Phóng - phường Bạch Mai - ĐHBK,21.0052,105.8418,2025-05-16,-0.8041006333492278,-0.674249653392296,3.3118855870983235,-1.4652988508154174,0,17,3,156,-0.5561649047779805,1.0431639052813266,0.6044500999921767,0,1,0,0,0,1,1,1,train
4946813,Số 1 đường Giải Phóng - phường Bạch Mai - ĐHBK,21.0052,105.8418,2025-05-17,-1.4546895499068375,-1.2324280574952846,1.4843128512973955,0.42129923221314125,20,96,0,156,-1.1776059605477078,0.9230550715927582,1.32490064895901,45954,0,0,1,0,0,0,0,train
4946813,Số 1 đường Giải Phóng - phường Bạch Mai - ĐHBK,21.0052,105.8418,2025-05-18,0.403409967050561,-0.9602991460108025,-0.3432598845035325,-0.24721108520281534,45,119,109,156,-1.049444156213292,0.7781544954518711,1.1687459697645988,0,0,0,0,0,1,1,1,train
4946813,Số 1 đường Giải Phóng - phường Bạch Mai - ĐHBK,21.0052,105.8418,2025-05-19,-1.298036042334402,-0.9826124933188207,-0.33103422472624194,-0.8559980391270908,19,98,46,156,-0.9212823518788759,0.6332539193109838,1.0125912905701873,0,0,0,0,0,1,1,1,train
4946813,Số 1 đường Giải Phóng - phường Bạch Mai - ĐHBK,21.0052,105.8418,2025-05-20,-0.27536523122595263,-0.8547208529505557,-0.23244760890111588,-1.5414816685541355,16,85,53,156,-0.7931205475444599,0.4883533431700966,0.856436611375776,0,0,0,0,0,1,1,1,train
4946813,Số 1 đường Giải Phóng - phường Bạch Mai - ĐHBK,21.0052,105.8418,2025-05-21,1.035992392809457,-0.3639412102329977,-0.3599465447624241,-1.3133560550601444,9,135,82,156,-0.664958743210044,0.34345276702920935,0.7002819321813647,0,0,0,0,0,1,1,1,train
4946813,Số 1 đường Giải Phóng - phường Bạch Mai - ĐHBK,21.0052,105.8418,2025-05-22,2.773734553984652,-0.6127504279097559,2.034316576841069,0.9577430875254298,1,68,19,156,-0.536796938875628,0.19855219088832213,0.5441272529869534,45954,0,0,0,0,0,0,0,train
4946813,Số 1 đường Giải Phóng - phường Bạch Mai - ĐHBK,21.0052,105.8418,2025-05-23,2.168265145847622,-0.652318845024726,1.6468359845316354,0.31552684621503807,0,0,0,156,-0.6563711626727106,-0.20764473569214092,0.5517010751870421,0,1,1,1,0,1,1,1,train
4946813,Số 1 đường Giải Phóng - phường Bạch Mai - ĐHBK,21.0052,105.8418,2025-05-24,1.5627957377105905,-0.6918872621396956,1.259355392222202,-0.21151284165927037,0,0,0,156,-0.7759453864697932,-0.6138416622726042,0.5592748973871308,45954,1,1,1,0,0,0,0,train
4946813,Số 1 đường Giải Phóng - phường Bạch Mai - ĐHBK,21.0052,105.8418,2025-05-25,0.9573263295735603,-0.7314556792546657,0.8718747999127684,-0.4532080865703169,0,7,0,156,-0.8558970798341332,-0.9358285156620653,0.6439050974379481,0,1,0,1,0,1,1,1,train
4946813,Số 1 đường Giải Phóng - phường Bạch Mai - ĐHBK,21.0052,105.8418,2025-05-26,0.35185692143652975,-0.9453850363406092,0.4843942076033349,-1.1647137980627205,0,90,0,156,-0.9358487731984733,-1.2578153690515261,0.7285352974887654,0,1,0,1,0,1,1,1,train
4946813,Số 1 đường Giải Phóng - phường Bạch Mai - ĐHBK,21.0052,105.8418,2025-05-27,-0.25361248670050046,-0.9293484003309103,0.0969136152939014,-0.7534730233751623,0,100,0,139,-1.0158004665628133,-1.5798022224409873,0.8131654975395828,45954,1,0,1,0,0,0,0,train
4946813,Số 1 đường Giải Phóng - phường Bạch Mai - ĐHBK,21.0052,105.8418,2025-05-28,-0.8590818948375312,-1.0362311257239722,-0.29056697701553214,0.17814919917537392,12,112,51,156,-0.6692300940723714,-0.9856396956532332,0.45596423498561683,0,0,0,0,0,1,1,1,train
4946813,Số 1 đường Giải Phóng - phường Bạch Mai - ĐHBK,21.0052,105.8418,2025-05-29,-1.0953669339192207,-1.1876977282803634,0.05980026453930483,-0.3064975740380536,0,9,0,156,-0.32265972158192957,-0.39147716886547873,0.0987629724316509,0,1,0,1,0,1,1,1,train
4946813,Số 1 đường Giải Phóng - phường Bạch Mai - ĐHBK,21.0052,105.8418,2025-05-30,-1.3316519730009102,-0.9651440635087187,0.41016750609414176,-1.213001258209901,8,56,16,156,0.023910650908512455,0.20268535792227535,-0.258438290122315,0,0,0,0,0,1,1,1,train
4946813,Số 1 đường Giải Phóng - phường Bạch Mai - ĐHBK,21.0052,105.8418,2025-05-31,-1.0019841400831757,-1.121131452718881,-0.4002979280693974,-1.3782770026394433,86,156,153,156,0.37048102339895417,0.79684788471003,-0.6156395526762808,0,0,0,0,0,1,1,1,train
4946813,Số 1 đường Giải Phóng - phường Bạch Mai - ĐHBK,21.0052,105.8418,2025-06-01,-0.9618124134071225,-0.9958327227424831,-0.05188692161821408,-0.1287993898303189,156,54,156,156,0.7170513958893961,1.3910104114977841,-0.9728408152302467,45954,0,0,0,0,0,0,0,train
4946813,Số 1 đường Giải Phóng - phường Bạch Mai - ĐHBK,21.0052,105.8418,2025-06-02,-1.0803928508346405,-0.9020091840608705,0.37206295497849573,1.0197395728624807,156,0,156,156,0.3645862213031742,0.9762194668098857,-0.5275662305326118,0,0,1,0,0,1,1,1,train
4946813,Số 1 đường Giải Phóng - phường Bạch Mai - ĐHBK,21.0052,105.8418,2025-06-03,-0.2049162418360791,-0.8081856453792573,-0.31355802600037874,-0.12110549858070457,9,32,113,156,0.012121046716952185,0.5614285221219875,-0.08229164583497682,0,0,0,0,0,1,1,1,train
4946813,Số 1 đường Giải Phóng - phường Bạch Mai - ĐHBK,21.0052,105.8418,2025-06-04,1.0369043226332872,-0.5287679489215534,-0.009852108992800082,-1.1355041733912536,50,113,82,156,-0.3403441278692698,0.14663757743408912,0.36298293886265814,0,0,0,0,0,1,1,1,train
4946813,Số 1 đường Giải Phóng - phường Bạch Mai - ĐHBK,21.0052,105.8418,2025-06-05,-0.40834954186142214,-0.5705763278931447,-0.3917503235541186,-1.5147554508497516,19,87,79,156,-0.6928093024554918,-0.2681533672538093,0.8082575235602931,0,0,0,0,0,1,1,1,train
4946813,Số 1 đường Giải Phóng - phường Bạch Mai - ĐHBK,21.0052,105.8418,2025-06-06,-0.769599224913462,-0.8943267239731991,0.483620375096924,-1.5107172120568533,10,64,71,156,-1.0452744770417137,-0.6829443119417072,1.2535321082579278,45954,0,0,0,0,0,0,0,train
4946813,Số 1 đường Giải Phóng - phường Bạch Mai - ĐHBK,21.0052,105.8418,2025-06-07,-1.2507417986522746,-0.9308333750438914,-0.772547442545965,0.6652713316648449,17,148,49,156,-0.46465505879910163,-0.20168448235990996,0.560578568125271,0,0,0,0,0,1,1,1,train
4946813,Số 1 đường Giải Phóng - phường Bạch Mai - ĐHBK,21.0052,105.8418,2025-06-08,-0.6277787862354022,-0.9158039037017769,-1.1334594786003005,0.37741091770081203,18,44,47,156,0.11596435944351062,0.27957534722188754,-0.13237497200738613,0,0,0,0,0,1,1,1,train
4946813,Số 1 đường Giải Phóng - phường Bạch Mai - ĐHBK,21.0052,105.8418,2025-06-09,-0.5081693194810776,-0.6952809316230348,-0.9354650271735644,-0.7019464795653451,37,52,64,156,0.6965837776861228,0.760835176803685,-0.825328512140043,0,0,0,0,0,1,1,1,train
4946813,Số 1 đường Giải Phóng - phường Bạch Mai - ĐHBK,21.0052,105.8418,2025-06-10,-0.6995035639263942,-0.6299098629815972,-0.6225087143186082,-1.302194280857554,14,51,46,156,1.277203195928735,1.2420950063854823,-1.5182820522727005,0,0,0,0,0,1,1,1,train
4946813,Số 1 đường Giải Phóng - phường Bạch Mai - ĐHBK,21.0052,105.8418,2025-06-11,-1.1190419033668968,-0.664773087492065,0.014905651211286265,-1.3335196569410712,107,94,138,156,1.857822614171347,1.72335483596728,-2.211235592405357,45954,0,0,0,0,0,0,0,train
4946813,Số 1 đường Giải Phóng - phường Bạch Mai - ĐHBK,21.0052,105.8418,2025-06-12,-1.2795216657444737,-1.29547525661802,-0.746901361447193,-0.777110241629027,0,87,49,148,1.12734664902675,1.3799856702065247,-1.3508804691782121,0,1,0,0,0,1,1,1,train
4946813,Số 1 đường Giải Phóng - phường Bạch Mai - ĐHBK,21.0052,105.8418,2025-06-13,-1.4400014281220506,-1.1834469370289618,-0.6049150929965054,0.39918177338017097,59,15,138,156,0.3968706838821536,1.0366165044457696,-0.49052534595106745,45954,0,0,0,0,0,0,0,train
4946813,Số 1 đường Giải Phóng - phường Bạch Mai - ĐHBK,21.0052,105.8418,2025-06-14,-0.940682359972402,-0.9114264327893642,-0.10257784244731175,-0.14976199753369604,81,17,139,156,0.012135086832166929,-0.5889159157302565,-0.0635135784540737,0,0,0,0,0,1,1,1,train
4946813,Số 1 đường Giải Phóng - phường Bạch Mai - ĐHBK,21.0052,105.8418,2025-06-15,-0.6062044397785542,-0.5861392446968934,-0.5731540133307162,-0.8682920443258326,95,117,126,156,-0.37260051021781954,-2.2144483359062823,0.3634981890429199,0,0,0,0,0,1,1,1,train
4946813,Số 1 đường Giải Phóng - phường Bạch Mai - ĐHBK,21.0052,105.8418,2025-06-16,-0.7590147661911839,-0.7128567596043013,0.06874310923431118,-0.7671596523933079,0,0,0,156,-0.7573361072678062,-3.8399807560823085,0.7905099565399136,45954,1,1,1,0,0,0,0,train
4946813,Số 1 đường Giải Phóng - phường Bạch Mai - ĐHBK,21.0052,105.8418,2025-06-17,-0.9118250926038134,-0.8395742745117092,0.7106402317993383,-1.1567726530772655,0,0,5,156,-0.6308404322519771,-3.317266763607323,0.6594012214998819,0,1,1,0,0,1,1,1,train
4946813,Số 1 đường Giải Phóng - phường Bạch Mai - ĐHBK,21.0052,105.8418,2025-06-18,-1.064635419016443,-0.9662917894191165,0.7215354858865541,0.8692548574711718,66,0,140,156,-0.5043447572361479,-2.794552771132338,0.52829248645985,0,0,1,0,0,1,1,1,train
4946813,Số 1 đường Giải Phóng - phường Bạch Mai - ĐHBK,21.0052,105.8418,2025-06-19,-1.372602037110074,-1.0930093043265243,-1.3389407891816918,0.08721876364461568,12,0,40,156,-0.3778490822203188,-2.2718387786573535,0.39718375141981815,0,0,1,0,0,1,1,1,train
4946813,Số 1 đường Giải Phóng - phường Bạch Mai - ĐHBK,21.0052,105.8418,2025-06-20,-1.1854436649729623,-1.2197268192339323,-2.4765260641764653,-0.7540268956326952,0,7,3,156,-0.25135340720448973,-1.7491247861823684,0.2660750163797863,0,1,0,0,0,1,1,1,train
4946813,Số 1 đường Giải Phóng - phường Bạch Mai - ĐHBK,21.0052,105.8418,2025-06-21,-0.9982852928358504,-1.1978734186391302,-2.0991334833973436,-0.6391513168830296,0,0,0,156,-0.12485773218866064,-1.2264107937073834,0.13496628133975458,45954,1,1,1,0,0,0,0,train
4946813,Số 1 đường Giải Phóng - phường Bạch Mai - ĐHBK,21.0052,105.8418,2025-06-22,-0.8111269206987387,-1.1760200180443285,-1.7217409026182224,-0.9760065218204332,0,0,0,156,-0.3479166628428083,-0.8392485881400543,0.3569122417258864,0,1,1,1,0,1,1,1,train
4946813,Số 1 đường Giải Phóng - phường Bạch Mai - ĐHBK,21.0052,105.8418,2025-06-23,-0.623968548561627,-1.1541666174495269,-1.344348321839101,0.9725482112210688,4,0,40,156,-0.570975593496956,-0.4520863825727253,0.5788582021120182,0,0,1,0,0,1,1,1,train
4946813,Số 1 đường Giải Phóng - phường Bạch Mai - ĐHBK,21.0052,105.8418,2025-06-24,-0.4356381664478118,-1.132313216854725,-0.7004393169299462,0.36816334429553105,3,36,27,156,-0.7940345241511038,-0.06492417700539647,0.8008041624981501,0,0,0,0,0,1,1,1,train
4946813,Số 1 đường Giải Phóng - phường Bạch Mai - ĐHBK,21.0052,105.8418,2025-06-25,-0.5952968050354213,-0.8926358436755844,0.02955107929114151,-0.37383772622549166,110,97,124,156,-1.0170934548052515,0.32223802856193257,1.022750122884282,0,0,0,0,0,1,1,1,train
4946813,Số 1 đường Giải Phóng - phường Bạch Mai - ĐHBK,21.0052,105.8418,2025-06-26,-0.5937491378232751,-1.230296184707149,-0.35217911793079626,-1.2832510613046866,31,93,114,156,-1.2401523854593992,0.7094002341292613,1.2446960832704137,45954,0,0,0,0,0,0,0,train
4946813,Số 1 đường Giải Phóng - phường Bạch Mai - ĐHBK,21.0052,105.8418,2025-06-27,0.0015978873298564673,-1.2861220067997126,-0.37288331398403124,-0.9162093405467474,0,0,0,156,-1.1415400498315549,-0.10828058764012251,1.1189220727174445,0,1,1,1,0,1,1,1,train
4946813,Số 1 đường Giải Phóng - phường Bạch Mai - ĐHBK,21.0052,105.8418,2025-06-28,0.596944912482988,-1.341947828892276,-0.39358751003726633,-1.137328117616513,0,0,0,152,-1.0429277142037108,-0.9259614094095064,0.9931480621644753,0,1,1,1,0,1,1,1,train
4946813,Số 1 đường Giải Phóng - phường Bạch Mai - ĐHBK,21.0052,105.8418,2025-06-29,1.1922919376361196,-1.3977736509848395,-0.41429170609050137,0.39914008663920075,1,3,25,156,-0.9443153785758666,-1.74364223117889,0.867374051611506,0,0,0,0,0,1,1,1,train
4946813,Số 1 đường Giải Phóng - phường Bạch Mai - ĐHBK,21.0052,105.8418,2025-06-30,0.8547332728813452,-1.2258255790170551,-0.9987854122042958,-0.09620337440939157,21,3,83,156,-0.8457030429480225,-2.5613230529482736,0.7416000410585368,0,0,0,0,0,1,1,1,train
4946813,Số 1 đường Giải Phóng - phường Bạch Mai - ĐHBK,21.0052,105.8418,2025-07-01,0.4481872057605293,-1.0136586919187425,0.2517751915747444,-1.1105178097526935,0,53,2,156,-0.7470907073201782,-3.3790038747176583,0.6158260305055676,45954,1,0,0,0,0,0,0,train
4946813,Số 1 đường Giải Phóng - phường Bạch Mai - ĐHBK,21.0052,105.8418,2025-07-02,0.041641138639712916,-1.150709085417312,-0.06441130860450954,-1.1599177922649078,0,0,0,156,-0.7507902939760954,-3.6190217999228453,0.7321046041328512,0,1,1,1,0,1,1,1,train
4946813,Số 1 đường Giải Phóng - phường Bạch Mai - ĐHBK,21.0052,105.8418,2025-07-03,-0.36490492848110295,-1.2877594789158822,-0.3805978087837635,-0.9101202096551131,0,0,0,156,-0.7544898806320125,-3.859039725128033,0.8483831777601349,45954,1,1,1,0,0,0,0,train
4946813,Số 1 đường Giải Phóng - phường Bạch Mai - ĐHBK,21.0052,105.8418,2025-07-04,-0.7714509956019189,-1.424809872414452,-0.6967843089630172,0.5450966992388675,13,19,72,156,-1.021912304778909,-3.352299853397227,1.2596415225869688,0,0,0,0,0,1,1,1,train
4946813,Số 1 đường Giải Phóng - phường Bạch Mai - ĐHBK,21.0052,105.8418,2025-07-05,-0.9327617140679255,-1.125528968744504,-0.16008248036265796,-0.5563274071351318,98,152,130,156,-1.2893347289258053,-2.845559981666422,1.6708998674138027,0,0,0,0,0,1,1,1,train
4946813,Số 1 đường Giải Phóng - phường Bạch Mai - ĐHBK,21.0052,105.8418,2025-07-06,-0.8415922023328313,-1.3034836202469275,-0.44254973644331874,-0.5869571879864426,3,12,15,156,-1.5567571530727013,-2.338820109935617,2.0821582122406364,45954,0,0,0,0,0,0,0,train
4946813,Số 1 đường Giải Phóng - phường Bạch Mai - ĐHBK,21.0052,105.8418,2025-07-07,-0.4371291234997949,-1.049346356935606,-0.045830832030455244,-1.1206899717806755,82,141,125,156,-1.3887877317528952,-1.9171248664952114,1.76227660944973,0,0,0,0,0,1,1,1,train
4946813,Số 1 đường Giải Phóng - phường Bạch Mai - ĐHBK,21.0052,105.8418,2025-07-08,-0.26479303644584246,-0.9650775191873309,-0.3681805921072135,-1.5593581136554118,26,54,134,156,-1.2208183104330887,-1.495429623054806,1.4423950066588234,0,0,0,0,0,1,1,1,train
4946813,Số 1 đường Giải Phóng - phường Bạch Mai - ĐHBK,21.0052,105.8418,2025-07-09,-0.795582120264061,-1.132091084273692,0.2574903160835827,0.9708749484391735,109,107,150,156,-1.0528488891132826,-1.0737343796144008,1.1225134038679168,0,0,0,0,0,1,1,1,train
4946813,Số 1 đường Giải Phóng - phường Bạch Mai - ĐHBK,21.0052,105.8418,2025-07-10,-0.42552612323573596,-0.8543851313946916,-0.3211780757291406,0.3210088467527782,124,57,156,156,-0.8848794677934761,-0.6520391361739952,0.8026318010770104,0,0,0,0,0,1,1,1,train
4946813,Số 1 đường Giải Phóng - phường Bạch Mai - ĐHBK,21.0052,105.8418,2025-07-11,-0.8058224273954316,-0.596013712912316,-0.42787733070221623,-0.6359452601082961,3,12,22,156,-0.7169100464736698,-0.2303438927335899,0.48275019828610355,45954,0,0,0,0,0,0,0,train
4946813,Số 1 đường Giải Phóng - phường Bạch Mai - ĐHBK,21.0052,105.8418,2025-07-12,-1.27719956230151,-0.5841107337850137,-0.3213368398469965,-0.9791530943630657,16,130,0,156,-0.613222443832761,-0.6052429071966641,0.44631212870605635,0,0,0,1,0,1,1,1,train
4946813,Số 1 đường Giải Phóng - phường Bạch Mai - ĐHBK,21.0052,105.8418,2025-07-13,-0.9341899981464845,-0.8731143579170294,-0.2147963489917768,-1.4901851184971493,25,71,100,156,-0.5095348411918522,-0.9801419216597383,0.409874059126009,0,0,0,0,0,1,1,1,train
4946813,Số 1 đường Giải Phóng - phường Bạch Mai - ĐHBK,21.0052,105.8418,2025-07-14,-0.6761136042657568,-0.8899088901117441,0.35493078829627456,-1.3281221198322954,0,0,0,151,-0.4058472385509433,-1.3550409361228126,0.3734359895459617,0,1,1,1,0,1,1,1,train
4946813,Số 1 đường Giải Phóng - phường Bạch Mai - ĐHBK,21.0052,105.8418,2025-07-15,-0.4180372103850291,-0.9067034223064593,0.9246579255843258,0.5465053587172259,8,37,64,156,-0.3021596359100345,-1.7299399505858866,0.33699791996591444,0,0,0,0,0,1,1,1,train
4946813,Số 1 đường Giải Phóng - phường Bạch Mai - ĐHBK,21.0052,105.8418,2025-07-16,0.9463517717681551,-1.0006859582805732,-0.03705547558707682,-0.338600007695731,1,0,25,156,-0.19847203326912555,-2.1048389650489607,0.30055985038586713,45954,0,1,0,0,0,0,0,train
4946813,Số 1 đường Giải Phóng - phường Bạch Mai - ĐHBK,21.0052,105.8418,2025-07-17,-0.7742561820702986,-1.094668494254687,-0.14907612656855737,-0.6579019293590644,89,145,119,156,-0.27959854534478856,-2.519213128514479,0.32698417027420135,0,0,0,0,0,1,1,1,train
4946813,Số 1 đường Giải Phóng - phường Bạch Mai - ĐHBK,21.0052,105.8418,2025-07-18,-0.9627070891330063,-0.9484616203143805,-0.19765861780353888,-1.3996840399745252,51,121,154,156,-0.36072505742045147,-2.9335872919799977,0.35340849016253545,0,0,0,0,0,1,1,1,train
4946813,Số 1 đường Giải Phóng - phường Bạch Mai - ĐHBK,21.0052,105.8418,2025-07-19,-0.9462748952167254,-0.8896484400013872,0.5594292776775741,-1.2706552154342206,0,0,144,156,-0.4418515694961144,-3.347961455445516,0.37983281005086966,0,1,1,0,0,1,1,1,train
4946813,Số 1 đường Giải Phóng - phường Bạch Mai - ĐHBK,21.0052,105.8418,2025-07-20,-0.9298427013004446,-0.8308352596883933,0.17755490113589234,0.40323754091013914,0,0,0,156,-0.5229780815717774,-3.7623356189110346,0.4062571299392039,0,1,1,1,0,1,1,1,train
4946813,Số 1 đường Giải Phóng - phường Bạch Mai - ĐHBK,21.0052,105.8418,2025-07-21,-0.9134105073841635,-0.7720220793753995,-0.2043194754057894,0.1646264877380814,0,0,0,156,-0.6041045936474403,-4.176709782376553,0.4326814498275381,45954,1,1,1,0,0,0,0,train
4946813,Số 1 đường Giải Phóng - phường Bạch Mai - ĐHBK,21.0052,105.8418,2025-07-22,-0.8969783134678827,-0.713208899062406,-0.5861938519474712,-0.40816066565576664,0,53,0,156,-0.8865942036398904,-2.458540791230187,0.9117540990047847,0,1,0,1,0,1,1,1,train
4946813,Số 1 đường Giải Phóng - phường Bạch Mai - ĐHBK,21.0052,105.8418,2025-07-23,-0.8805461195516018,-1.033954709942653,-0.968068228489153,-1.2577963489230197,10,100,35,156,-1.1690838136323405,-0.7403718000838208,1.390826748182031,45954,0,0,0,0,0,0,0,train
4946813,Số 1 đường Giải Phóng - phường Bạch Mai - ĐHBK,21.0052,105.8418,2025-07-24,-0.867024108364441,-1.1487446188693966,-0.5855119217896303,-1.7739350585490812,0,13,46,156,-1.1718685990922904,-0.26342112114493743,1.3847044407857751,0,1,0,0,0,1,1,1,train
4946813,Số 1 đường Giải Phóng - phường Bạch Mai - ĐHBK,21.0052,105.8418,2025-07-25,-0.8535020971772802,-1.0489607953193563,-3.219810865808316,0.6781734675798177,0,0,2,156,-1.17465338455224,0.21352955779394572,1.3785821333895192,0,1,1,0,0,1,1,1,train
4946813,Số 1 đường Giải Phóng - phường Bạch Mai - ĐHBK,21.0052,105.8418,2025-07-26,-0.8399800859901194,-0.9491769717693167,-0.09106689301193817,-0.49095381799449567,91,156,130,156,-1.17743817001219,0.6904802367328289,1.3724598259932637,45954,0,0,0,0,0,0,0,train
4946813,Số 1 đường Giải Phóng - phường Bạch Mai - ĐHBK,21.0052,105.8418,2025-07-27,-0.995099881870807,-0.9482077155471076,-0.200958673206618,-0.783874721613629,130,153,153,156,-0.8401217436415428,0.37372390779182507,1.0235970193192983,0,0,0,0,0,1,1,1,train
4946813,Số 1 đường Giải Phóng - phường Bạch Mai - ĐHBK,21.0052,105.8418,2025-07-28,-0.8450796868803094,-0.7019408182146002,0.05651241440214116,-1.024975183926792,116,154,146,156,-0.5028053172708955,0.056967578850821404,0.674734212645333,0,0,0,0,0,1,1,1,train
4946813,Số 1 đường Giải Phóng - phường Bạch Mai - ĐHBK,21.0052,105.8418,2025-07-29,-0.21579456998637606,-0.4891942591690965,-0.14633042276774558,-1.4378051909599345,130,68,156,156,-0.16548889090024807,-0.2597887500901824,0.3258714059713678,0,0,0,0,0,1,1,1,train
4946813,Số 1 đường Giải Phóng - phường Bạch Mai - ĐHBK,21.0052,105.8418,2025-07-30,-0.2900490394862529,-0.5806775649742894,0.6578246689790804,-1.0665508398852672,0,0,131,150,0.17182753547039922,-0.576545079031186,-0.02299140070259758,0,1,1,0,0,1,1,1,train
4946813,Số 1 đường Giải Phóng - phường Bạch Mai - ĐHBK,21.0052,105.8418,2025-07-31,-0.3643035089861297,-0.6721608707794822,-0.5164371318450199,0.39390664628065186,128,41,153,156,0.5091439618410465,-0.8933014079721897,-0.37185420737656255,45954,0,0,0,0,0,0,0,train
4946813,Số 1 đường Giải Phóng - phường Bạch Mai - ĐHBK,21.0052,105.8418,2025-08-01,-0.7776202236964374,-0.6862199950088654,-1.0783193716447,-0.45248101725144646,88,74,132,156,0.43899647943953424,-0.8463394416733641,-0.32230790238502205,0,0,0,0,0,1,1,1,train
4946813,Số 1 đường Giải Phóng - phường Bạch Mai - ĐHBK,21.0052,105.8418,2025-08-02,-0.7056850982525367,-0.42673068647166496,-0.23391518204467082,-0.858197880698577,124,154,154,156,0.3688489970380218,-0.7993774753745384,-0.2727615973934816,0,0,0,0,0,1,1,1,train
4946813,Số 1 đường Giải Phóng - phường Bạch Mai - ĐHBK,21.0052,105.8418,2025-08-03,-1.081806037577496,-0.7613599882084469,0.10903529285446953,-0.8453017469576264,139,120,155,156,0.2987015146365096,-0.7524155090757125,-0.22321529240194107,0,0,0,0,0,1,1,1,train
4946813,Số 1 đường Giải Phóng - phường Bạch Mai - ĐHBK,21.0052,105.8418,2025-08-04,-0.786901025366257,-0.5933336676406004,-0.09870601315640935,-0.07121754827895282,156,4,156,156,0.22855403223499737,-0.7054535427768868,-0.17366898741040057,0,0,0,0,0,1,1,1,train
4946813,Số 1 đường Giải Phóng - phường Bạch Mai - ĐHBK,21.0052,105.8418,2025-08-05,-0.22239692668670383,-0.7709167345614945,0.4578051022001529,0.7681005471519192,0,0,0,156,0.158406549833485,-0.6584915764780611,-0.12412268241886008,45954,1,1,1,0,0,0,0,train
4946813,Số 1 đường Giải Phóng - phường Bạch Mai - ĐHBK,21.0052,105.8418,2025-08-06,0.34210717199284923,-0.9484998014823881,1.0143162175567153,-0.2537922749180223,0,0,0,156,0.1924679160583547,-0.3534056981793617,-0.19426100877512956,0,1,1,1,0,1,1,1,train
4946813,Số 1 đường Giải Phóng - phường Bạch Mai - ĐHBK,21.0052,105.8418,2025-08-07,0.9066112706724023,-1.1260828684032824,1.5708273329132774,-0.8073180786050447,1,0,3,156,0.2265292822832244,-0.0483198198806623,-0.264399335131399,0,0,1,0,0,1,1,1,train
4946813,Số 1 đường Giải Phóng - phường Bạch Mai - ĐHBK,21.0052,105.8418,2025-08-08,-0.8928007157498832,-1.3036659353241762,0.33180079563477727,-1.3641870036377548,90,123,112,156,0.26059064850809405,0.2567660584180369,-0.3345376614876684,0,0,0,0,0,1,1,1,train
4946813,Số 1 đường Giải Phóng - phường Bạch Mai - ĐHBK,21.0052,105.8418,2025-08-09,-0.8798133278623358,-1.0093480380503461,0.15476933588031402,-1.0535710937698775,122,150,156,156,0.2946520147329639,0.5618519367167363,-0.4046759878439378,0,0,0,0,0,1,1,1,train
4946813,Số 1 đường Giải Phóng - phường Bạch Mai - ĐHBK,21.0052,105.8418,2025-08-10,-0.5219705679445671,-0.8637644716778096,0.1804174635602841,0.36251029672893886,0,0,0,156,0.3287133809578336,0.8669378150154355,-0.4748143142002073,0,1,1,1,0,1,1,1,train
4946813,Số 1 đường Giải Phóng - phường Bạch Mai - ĐHBK,21.0052,105.8418,2025-08-11,-0.16412780802679836,-0.7181809053052733,0.20606559124025417,0.045712013241146744,83,123,110,156,0.36277474718270325,1.172023693314135,-0.5449526405564767,0,0,0,0,0,1,1,1,train
4946813,Số 1 đường Giải Phóng - phường Bạch Mai - ĐHBK,21.0052,105.8418,2025-08-12,-0.3575494177185647,-0.8304635387455438,-0.1225854179208484,-0.5259402813390676,119,151,123,156,0.39683611340757297,1.4771095716128346,-0.6150909669127462,45954,0,0,0,0,0,0,0,train
4946813,Số 1 đường Giải Phóng - phường Bạch Mai - ĐHBK,21.0052,105.8418,2025-08-13,-0.1003723936933091,-0.7578713203427883,0.10330837724713772,-0.13642892941317766,78,92,105,156,0.001171248216318125,0.3597918267929557,-0.17465871849148462,0,0,0,0,0,1,1,1,train
4946813,Số 1 đường Giải Phóng - phường Bạch Mai - ĐHBK,21.0052,105.8418,2025-08-14,-0.11008884321223063,-0.9579158684128256,-0.7194976392049454,-1.3689525506420221,0,0,4,156,-0.39449361697493657,-0.7575259180269232,0.26577352992977715,0,1,1,0,0,1,1,1,train
4946813,Số 1 đường Giải Phóng - phường Bạch Mai - ĐHBK,21.0052,105.8418,2025-08-15,-0.11980529273115169,-1.1579604164828627,-0.500874437119074,-1.2061710827882401,0,0,0,156,-0.7901584821661911,-1.8748436628468017,0.7062057783510389,45954,1,1,1,0,0,0,0,train
4946813,Số 1 đường Giải Phóng - phường Bạch Mai - ĐHBK,21.0052,105.8418,2025-08-16,-0.12952174225007324,-1.3580049645529002,-0.2822512350332025,0.2707625856986461,0,23,7,156,-0.6800374393457276,-1.2055220689967652,0.5890300842046423,0,1,0,0,0,1,1,1,train
4946813,Số 1 đường Giải Phóng - phường Bạch Mai - ĐHBK,21.0052,105.8418,2025-08-17,-0.13923819176899477,-1.300129506908183,0.43297763032409703,-0.33969025333528907,0,0,7,156,-0.5699163965252642,-0.5362004751467286,0.47185439005824564,0,1,1,0,0,1,1,1,train
4946813,Số 1 đường Giải Phóng - phường Bạch Mai - ĐHBK,21.0052,105.8418,2025-08-18,-0.1489546412879163,-1.2422540492634655,0.2351705379795037,-0.9521356667031369,0,0,0,156,-0.45979535370480074,0.13312111870330798,0.35467869591184903,0,1,1,1,0,1,1,1,train
4946813,Số 1 đường Giải Phóng - phường Bạch Mai - ĐHBK,21.0052,105.8418,2025-08-19,-0.15867109080683736,-1.1843785916187481,0.037363445634910473,-1.341598523451852,0,0,0,156,-0.3496743108843373,0.8024427125533448,0.23750300176545236,0,1,1,1,0,1,1,1,train
4946813,Số 1 đường Giải Phóng - phường Bạch Mai - ĐHBK,21.0052,105.8418,2025-08-20,-0.1683875403257589,-1.1265031339740308,-0.16044364670968278,-1.553999754916373,81,24,143,156,-0.23955326806387386,1.4717643064033814,0.12032730761905568,45954,0,0,0,0,0,0,0,train
4946813,Số 1 đường Giải Phóng - phường Bạch Mai - ĐHBK,21.0052,105.8418,2025-08-21,-0.4944678529884343,-1.1899883938190303,0.05382753825046084,0.7758885919074642,0,0,0,156,-0.2816133272264233,0.7202483574726721,0.16030960658259294,0,1,1,1,0,1,1,1,train
4946813,Số 1 đường Giải Phóng - phường Bạch Mai - ĐHBK,21.0052,105.8418,2025-08-22,-0.8205481656511098,-1.2534736536640299,0.26809872321060446,-0.11590095674907108,85,68,116,156,-0.3236733863889727,-0.03126759145803692,0.2002919055461301,0,0,0,0,0,1,1,1,train
4946813,Số 1 đường Giải Phóng - phường Bạch Mai - ĐHBK,21.0052,105.8418,2025-08-23,-0.7106078446387727,-1.3383250269471016,-0.02387448100916584,-0.5519055069898083,72,98,81,156,-0.36573344555152215,-0.7827835403887461,0.24027420450966736,0,0,0,0,0,1,1,1,train
4946813,Số 1 đường Giải Phóng - phường Bạch Mai - ĐHBK,21.0052,105.8418,2025-08-24,-1.9016351358571133,-1.287685071092033,0.06880776259488669,-0.9143843213052456,1,19,10,156,-0.40779350471407155,-1.5342994893194553,0.28025650347320463,0,0,0,0,0,1,1,1,train
4946813,Số 1 đường Giải Phóng - phường Bạch Mai - ĐHBK,21.0052,105.8418,2025-08-25,-1.4767105998847914,-1.2466265429879053,0.0683173815841036,-0.8782412002065613,0,0,0,156,-0.44985356387662095,-2.2858154382501636,0.32023880243674185,45954,1,1,1,0,0,0,0,train
4946813,Số 1 đường Giải Phóng - phường Bạch Mai - ĐHBK,21.0052,105.8418,2025-08-26,-1.0517860639124694,-1.205568014883778,0.06782700057332046,0.4660921430322122,0,0,0,156,-0.3802205666268531,-1.6375725043177691,0.2649104126865331,0,1,1,1,0,1,1,1,train
4946813,Số 1 đường Giải Phóng - phường Bạch Mai - ĐHBK,21.0052,105.8418,2025-08-27,-0.6268615279401473,-1.1645094867796504,0.06733661956253736,0.18092138238067534,0,0,2,156,-0.3105875693770852,-0.9893295703853743,0.20958202293632436,0,1,1,0,0,1,1,1,train
4946813,Số 1 đường Giải Phóng - phường Bạch Mai - ĐHBK,21.0052,105.8418,2025-08-28,-0.20193699196782527,-1.1234509586755228,-0.1353361653150728,-0.6179396936116361,84,109,102,156,-0.24095457212731736,-0.3410866364529796,0.15425363318611565,0,0,0,0,0,1,1,1,train
4946813,Số 1 đường Giải Phóng - phường Bạch Mai - ĐHBK,21.0052,105.8418,2025-08-29,-1.04680013707934,-1.241415631722347,-0.6036895164513207,-1.162400124215748,6,70,19,156,-0.1713215748775495,0.30715629747941475,0.09892524343590685,0,0,0,0,0,1,1,1,train
4946813,Số 1 đường Giải Phóng - phường Bạch Mai - ĐHBK,21.0052,105.8418,2025-08-30,-1.0146457300036118,-1.7023583279754058,0.7164253586877927,-1.486628606427268,0,57,3,156,-0.1016885776277816,0.9553992314118097,0.043596853685698066,45954,1,0,0,0,0,0,0,train
4946813,Số 1 đường Giải Phóng - phường Bạch Mai - ĐHBK,21.0052,105.8418,2025-08-31,-0.9824913229278837,-1.7125843356591532,-0.18459675990629784,-1.177892899968022,5,23,41,144,-0.24557258011078079,-0.4784812281908042,0.26239475534271645,0,0,0,0,0,1,1,1,train
4946813,Số 1 đường Giải Phóng - phường Bạch Mai - ĐHBK,21.0052,105.8418,2025-09-01,-1.0366764854116606,-1.3660726453535372,-1.4199255886386961,0.41745290621575176,0,21,12,156,-0.3894565825937801,-1.9123616877934173,0.48119265699973485,45954,1,0,0,0,0,0,0,train
4946813,Số 1 đường Giải Phóng - phường Bạch Mai - ĐHBK,21.0052,105.8418,2025-09-02,-1.0908616478954376,-1.1346707676180605,-0.37396121884269257,-0.4344030066046476,36,91,52,156,-0.0012831211214828862,-0.8066684259666885,0.049181421640894826,0,0,0,0,0,1,1,1,train
4946813,Số 1 đường Giải Phóng - phường Bạch Mai - ĐHBK,21.0052,105.8418,2025-09-03,0.03343618072421748,-1.1375880815767017,0.20098020906870587,-0.8581950139885963,132,154,153,156,0.3868903403508142,0.2990248358600406,-0.3828298137179452,0,0,0,0,0,1,1,1,train
4946813,Số 1 đường Giải Phóng - phường Bạch Mai - ĐHBK,21.0052,105.8418,2025-09-04,-0.1637946516943862,-1.28308287673361,0.16972726295515286,-1.0858850070117605,144,143,156,156,0.7750638018231116,1.4047180976867695,-0.8148410490767851,45954,0,0,0,0,0,0,0,train
4946813,Số 1 đường Giải Phóng - phường Bạch Mai - ĐHBK,21.0052,105.8418,2025-09-05,-0.033904533667903684,-1.0251476780957558,-0.11372615746249996,-0.7683770485651377,153,141,156,156,0.5672214180094151,1.187493544277721,-0.5808979258121237,0,0,0,0,0,1,1,1,train
6123215,OceanPark,20.9933,105.9441,2024-01-29,0.6471078613967881,0.5489857893673198,0.014741668892790367,0.3573501142481014,0,4,0,156,-0.40807297063081566,0.5727102118090771,0.4157310198382884,0,1,0,1,0,1,1,1,train
6123215,OceanPark,20.9933,105.9441,2024-01-30,0.6471078613967881,0.23837844220703294,0.014741668892790367,0.32066277177554997,0,6,0,156,-0.40807297063081566,0.5727102118090771,0.4157310198382884,0,1,0,1,0,1,1,1,train
6123215,OceanPark,20.9933,105.9441,2024-01-31,0.6471078613967881,0.26925255282827326,0.014741668892790367,-0.3768817541631874,0,34,0,156,-0.40807297063081566,0.5727102118090771,0.4157310198382884,0,1,0,1,0,1,1,1,train
6123215,OceanPark,20.9933,105.9441,2024-02-01,0.6471078613967881,-0.42832475023610644,0.014741668892790367,-0.14916112317710367,0,21,0,156,-0.40807297063081566,0.5727102118090771,0.4157310198382884,0,1,0,1,0,1,1,1,train
6123215,OceanPark,20.9933,105.9441,2024-02-02,0.6471078613967881,-0.35858548325162654,0.014741668892790367,0.21474405852313586,8,156,15,148,-0.40807297063081566,0.5727102118090771,0.4157310198382884,46161,0,0,0,0,0,0,0,train
6123215,OceanPark,20.9933,105.9441,2024-02-03,0.12207492226930504,-0.3929267166508608,0.025358820503112976,1.0099093854459535,0,12,0,156,-0.48384375035671656,0.4409785842689512,0.4703358129031859,0,1,0,1,0,1,1,1,train
6123215,OceanPark,20.9933,105.9441,2024-02-04,-0.402958016858178,-0.12145888481822129,0.035975972113435624,-0.1799810923187005,119,147,141,156,-0.5596145300826175,0.30924695672882535,0.5249406059680833,0,0,0,0,0,1,1,1,train
6123215,OceanPark,20.9933,105.9441,2024-02-05,-0.32421259746001807,-0.24032531523666967,-0.1529944981392626,-0.7039932507684837,64,155,111,156,-0.6353853098085185,0.17751532918869944,0.5795453990329807,0,0,0,0,0,1,1,1,train
6123215,OceanPark,20.9933,105.9441,2024-02-06,-0.5232151339405039,-0.3760170955068607,-0.0727423328892817,0.2357606186041977,0,68,0,156,-0.7111560895344194,0.045783701648573545,0.6341501920978783,0,1,0,1,0,1,1,1,train
6123215,OceanPark,20.9933,105.9441,2024-02-07,-0.7222176704209897,-0.1954678972768049,0.007509832360699195,0.6885781317318643,0,2,0,156,-0.7869268692603203,-0.08594792589155234,0.6887549851627757,46161,1,0,1,0,0,0,0,train
6123215,OceanPark,20.9933,105.9441,2024-02-08,-0.9212202069014753,0.47823308509478696,0.0877619976106801,0.9752715857027915,0,0,0,156,-0.15488256806221473,0.029967899889760716,0.1181884403701524,0,1,1,1,0,1,1,1,train
6123215,OceanPark,20.9933,105.9441,2024-02-09,-1.1202227433819614,1.1519340674663783,0.16801416286066098,0.8002289603687973,0,1,0,156,0.47716173313589083,0.14588372567107377,-0.45237810442247084,0,1,0,1,0,1,1,1,train
6123215,OceanPark,20.9933,105.9441,2024-02-10,-1.319225279862447,1.556718265473701,0.2482663281106419,-0.40715313654377844,127,128,151,156,1.1092060343339964,0.2617995514523868,-1.022944649215094,0,0,0,0,0,1,1,1,train
6123215,OceanPark,20.9933,105.9441,2024-02-11,-1.1278893226941726,1.324674398670388,1.375034444696998,-0.5542303490610807,155,96,156,156,1.7412503355321023,0.3777153772336999,-1.5935111940077173,0,0,0,0,0,1,1,1,train
6123215,OceanPark,20.9933,105.9441,2024-02-12,0.14202256252120712,0.677911048498152,1.5558597543474544,0.08782773048459117,141,149,156,156,2.3732946367302077,0.49363120301501295,-2.1640777388003403,46161,0,0,0,0,0,0,0,train
6123215,OceanPark,20.9933,105.9441,2024-02-13,-0.034775865614212385,0.8915987733351167,0.008840189211904421,1.3149517541568614,31,69,85,156,1.740793929340079,0.37586015200524964,-1.6043899760187474,0,0,0,0,0,1,1,1,train
6123215,OceanPark,20.9933,105.9441,2024-02-14,0.01001670302346525,0.512343867872821,-0.7275275865884356,0.7779233886241206,0,0,0,156,1.1082932219499506,0.25808910099548643,-1.0447022132371542,0,1,1,1,0,1,1,1,train
6123215,OceanPark,20.9933,105.9441,2024-02-15,0.05480927166114336,0.13308896241052542,-1.4638953623887758,0.0032371211263628316,0,3,1,156,0.475792514559822,0.1403180499857232,-0.48501445045556124,0,1,0,0,0,1,1,1,train
6123215,OceanPark,20.9933,105.9441,2024-02-16,0.099601840298821,0.3074817200215013,0.5193017740740472,-0.48818929427992414,24,66,46,156,-0.15670819283030657,0.022546998975959884,0.07467331232603192,0,0,0,0,0,1,1,1,train
6123215,OceanPark,20.9933,105.9441,2024-02-17,0.46851411899634027,0.5750659816222069,-0.7049741222460029,0.6773858091510414,0,45,19,156,-0.7892089002204347,-0.09522405203380344,0.6343610751076253,46161,1,0,0,0,0,0,0,train
6123215,OceanPark,20.9933,105.9441,2024-02-18,0.8374263976938595,0.3012380081612549,4.513052000175019,0.8537863890306097,17,75,42,153,-0.9239208364902174,-0.17821446470110708,0.8374436519728384,0,0,0,0,0,1,1,1,train
6123215,OceanPark,20.9933,105.9441,2024-02-19,0.9237227685743145,-0.11713377665050832,1.1820312327060971,1.6314130051217592,0,99,4,156,-1.0586327727600002,-0.2612048773684109,1.0405262288380517,0,1,0,0,0,1,1,1,train
6123215,OceanPark,20.9933,105.9441,2024-02-20,1.0100191394547693,-0.06360187004126548,-0.7414120120550697,1.1189893127382653,3,81,10,156,-1.193344709029783,-0.3441952900357146,1.2436088057032648,0,0,0,0,0,1,1,1,train
6123215,OceanPark,20.9933,105.9441,2024-02-21,2.462120470335178,0.07992741313098477,0.05918271447693631,0.42927697254319447,9,89,25,156,-1.328056645299566,-0.4271857027030184,1.4466913825684777,0,0,0,0,0,1,1,1,train
6123215,OceanPark,20.9933,105.9441,2024-02-22,2.121815295730764,-0.11470927248183763,0.1470347636538966,0.5550793000693716,0,115,0,156,-1.4627685815693487,-0.5101761153703221,1.6497739594336909,46161,1,0,1,0,0,0,0,train
6123215,OceanPark,20.9933,105.9441,2024-02-23,1.781510121126351,0.07034005366286993,0.23488681283085688,0.1906120491127482,0,0,0,156,-1.2898551629081982,-0.5153438857012758,1.3858578313096128,0,1,1,1,0,1,1,1,train
6123215,OceanPark,20.9933,105.9441,2024-02-24,1.4412049465219376,0.2553893798075775,0.32273886200781726,0.950077863375623,0,0,0,156,-1.1169417442470473,-0.5205116560322295,1.1219417031855348,0,1,1,1,0,1,1,1,train
6123215,OceanPark,20.9933,105.9441,2024-02-25,1.1008997719175242,0.4404387059522845,0.4105909111847776,0.669514301328869,0,0,0,156,-0.9440283255858967,-0.5256794263631833,0.8580255750614565,0,1,1,1,0,1,1,1,train
6123215,OceanPark,20.9933,105.9441,2024-02-26,0.7605945973131106,0.6254880320969921,0.4984429603617378,0.828268310413743,0,14,0,156,-0.7711149069247458,-0.530847196694137,0.5941094469373784,0,1,0,1,0,1,1,1,train
6123215,OceanPark,20.9933,105.9441,2024-02-27,0.4202894227086972,0.6652864452954517,0.5862950095386982,0.4853355310093149,0,15,0,156,-0.598201488263595,-0.5360149670250907,0.33019331881330016,46161,1,0,1,0,0,0,0,train
6123215,OceanPark,20.9933,105.9441,2024-02-28,0.0799842481042837,1.1386745659841886,0.6741470587156586,1.036674064842579,0,44,0,156,-0.5568544395150036,-0.3470788643226177,0.3014834570091945,0,1,0,1,0,1,1,1,train
6123215,OceanPark,20.9933,105.9441,2024-02-29,-0.2603209265001298,1.561232370423064,0.7619991078926187,1.3493153650349885,0,11,0,156,-0.5155073907664122,-0.15814276162014468,0.27277359520508887,0,1,0,1,0,1,1,1,train
6123215,OceanPark,20.9933,105.9441,2024-03-01,-0.6006261011045433,1.4307416834037991,0.8498511570695791,0.5706527916245415,0,0,0,156,-0.47416034201782076,0.03079334108232825,0.24406373340098317,0,1,1,1,0,1,1,1,train
6123215,OceanPark,20.9933,105.9441,2024-03-02,-0.9409312757089567,1.3002509963845346,0.9377032062465394,-0.05842228689545009,21,67,53,156,-0.4328132932692293,0.21972944378480128,0.21535387159687752,0,0,0,0,0,1,1,1,train
6123215,OceanPark,20.9933,105.9441,2024-03-03,0.37486027089365476,0.9132665861811249,-0.6268838397880059,1.3105195816341069,1,16,8,156,-0.39146624452063783,0.4086655464872742,0.18664400979277185,46161,0,0,0,0,0,0,0,train
6123215,OceanPark,20.9933,105.9441,2024-03-04,0.5612004689303377,0.7496908261901696,-0.9970664235375385,2.2117644655156226,0,153,0,156,-0.4176397832950723,0.223613140764083,0.17500179091771131,0,1,0,1,0,1,1,1,train
6123215,OceanPark,20.9933,105.9441,2024-03-05,0.7475406669670207,0.9587782657271129,-1.367249007287071,1.2846394614359198,142,128,37,142,-0.4438133220695067,0.03856073504089184,0.16335957204265075,0,0,0,0,0,1,1,1,train
6123215,OceanPark,20.9933,105.9441,2024-03-06,-0.5556534851089859,0.9746499045464859,0.15326107530714503,0.9116190975668547,81,111,98,156,-0.4699868608439411,-0.14649167068229943,0.1517173531675902,0,0,0,0,0,1,1,1,train
6123215,OceanPark,20.9933,105.9441,2024-03-07,-0.5420696129059516,1.2268684278039557,0.4301322312738437,1.9153600314848682,0,15,8,156,-0.49616039961837555,-0.3315440764054907,0.14007513429252963,0,1,0,0,0,1,1,1,train
6123215,OceanPark,20.9933,105.9441,2024-03-08,-0.5284857407029172,1.2087146460280662,0.39586795023676147,1.340754294016194,0,0,0,156,-0.5223339383928101,-0.5165964821286818,0.1284329154174691,46161,1,1,1,0,0,0,0,train
6123215,OceanPark,20.9933,105.9441,2024-03-09,-0.5149018684998825,1.1905608642521768,0.3616036691996793,0.81414994292787,0,10,0,156,-0.6134355828069785,-0.4601044141124005,0.30016680416331787,0,1,0,1,0,1,1,1,train
6123215,OceanPark,20.9933,105.9441,2024-03-10,-0.5013179962968481,1.3224440730133133,0.3273393881625971,1.3349323643840163,0,0,0,156,-0.704537227221147,-0.4036123460961194,0.47190069290916664,0,1,1,1,0,1,1,1,train
6123215,OceanPark,20.9933,105.9441,2024-03-11,-0.4877341240938138,1.45432728177445,0.2930751071255149,1.2601684486395262,58,118,142,156,-0.7956388716353157,-0.34712027807983814,0.6436345816550154,0,0,0,0,0,1,1,1,train
6123215,OceanPark,20.9933,105.9441,2024-03-12,1.5088457680353817,2.0603660527013394,0.5281261624166699,0.30219079567098495,92,156,0,156,-0.8867405160494842,-0.2906282100635568,0.8153684704008641,0,0,0,1,0,1,1,1,train
6123215,OceanPark,20.9933,105.9441,2024-03-13,1.3923245028839828,1.7745246474484884,0.763177217707825,0.5174141202094961,0,0,0,156,-0.9778421604636528,-0.23413614204727573,0.9871023591467128,46161,1,1,1,0,0,0,0,train
6123215,OceanPark,20.9933,105.9441,2024-03-14,1.2758032377325845,1.4886832421956377,0.9982282729989801,2.432591077059849,0,2,0,156,-0.8890068468773114,-0.10793145094518485,0.8168598207458888,0,1,0,1,0,1,1,1,train
6123215,OceanPark,20.9933,105.9441,2024-03-15,1.1592819725811856,1.202742838628583,1.233279328290135,2.89840540965115,0,109,0,156,-0.8001715332909698,0.018273240156906047,0.646617282345065,0,1,0,1,0,1,1,1,train
6123215,OceanPark,20.9933,105.9441,2024-03-16,1.0427607074297869,1.360990416623658,1.4683303835812902,2.8616560988377837,0,0,0,156,-0.7113362197046283,0.14447793125899694,0.47637474394424106,0,1,1,1,0,1,1,1,train
6123215,OceanPark,20.9933,105.9441,2024-03-17,0.9262394422783884,1.5192379946187318,1.7033814388724453,2.8245126154020634,0,2,0,156,-0.622500906118287,0.27068262236108775,0.30613220554341714,0,1,0,1,0,1,1,1,train
6123215,OceanPark,20.9933,105.9441,2024-03-18,0.8097181771269896,1.6055127073007107,1.9384324941636004,3.1653204758948146,0,0,0,156,-0.5336655925319455,0.3968873134631786,0.1358896671425932,46161,1,1,1,0,0,0,0,train
6123215,OceanPark,20.9933,105.9441,2024-03-19,0.6931969119755907,1.6917874199826894,2.1734835494547555,0.42092396195972237,0,2,0,156,-0.62995763000198,0.4265200397107287,0.3533796267877523,0,1,0,1,0,1,1,1,train
6123215,OceanPark,20.9933,105.9441,2024-03-20,0.5766756468241919,3.449438398766018,2.4085346047459106,-0.20127650713390652,0,61,0,156,-0.7262496674720147,0.4561527659582788,0.5708695864329114,0,1,0,1,0,1,1,1,train
6123215,OceanPark,20.9933,105.9441,2024-03-21,0.4601543816727935,2.0483428028948047,2.6435856600370657,0.6697170314753211,114,80,20,137,-0.8225417049420493,0.48578549220582895,0.7883595460780707,0,0,0,0,0,1,1,1,train
6123215,OceanPark,20.9933,105.9441,2024-03-22,0.17417972898392314,1.0340827106717634,1.99487236972127,1.4497891303494332,0,2,0,156,-0.9188337424120838,0.515418218453379,1.0058495057232297,0,1,0,1,0,1,1,1,train
6123215,OceanPark,20.9933,105.9441,2024-03-23,-0.11179492370494723,0.6865869007606737,1.3461590794054747,1.2813366233377737,0,0,0,0,-1.0151257798821185,0.5450509447009291,1.2233394653683891,46161,1,1,1,1,0,0,0,train
6123215,OceanPark,20.9933,105.9441,2024-03-24,-0.3977695763938176,0.3390910908495848,0.6974457890896792,1.1128841163261138,0,46,0,156,-0.9911821904479999,0.2882606946992891,1.1296267672681846,0,1,0,1,0,1,1,1,train
6123215,OceanPark,20.9933,105.9441,2024-03-25,-0.683744229082688,0.1961367069785184,0.048732498773884136,-0.18100934535492463,82,156,143,156,-0.9672386010138813,0.031470444697648946,1.0359140691679802,0,0,0,0,0,1,1,1,train
6123215,OceanPark,20.9933,105.9441,2024-03-26,0.06287642938507161,0.6286857049178736,-1.3017365477403633,-0.3690765390093202,0,121,17,156,-0.9432950115797626,-0.2253198053039912,0.9422013710677758,0,1,0,0,0,1,1,1,train
6123215,OceanPark,20.9933,105.9441,2024-03-27,0.8094970878528313,0.8244675528483896,-1.173638890945124,0.9670016051932935,3,7,23,156,-0.9193514221456439,-0.4821100553056312,0.8484886729675712,0,0,0,0,0,1,1,1,train
6123215,OceanPark,20.9933,105.9441,2024-03-28,0.8290957132264142,2.194125047702315,-0.9109123088232604,2.4815561557787316,0,1,0,156,-0.8954078327115252,-0.7389003053072712,0.7547759748673669,46161,1,0,1,0,0,0,0,train
6123215,OceanPark,20.9933,105.9441,2024-03-29,0.8486943385999972,1.0821822552409828,-0.6481857267013966,0.6303534304673127,5,22,10,156,-0.4730213236200867,-0.4998591831254071,0.42902864443463695,0,0,0,0,0,1,1,1,train
6123215,OceanPark,20.9933,105.9441,2024-03-30,-0.23439144273211204,1.0471965782702535,-0.33873519581044365,1.5172927447288993,3,80,19,156,-0.05063481452864805,-0.26081806094354293,0.1032813140019069,0,0,0,0,0,1,1,1,train
6123215,OceanPark,20.9933,105.9441,2024-03-31,0.322953854588332,2.1700632756220437,-0.4721524404130863,1.215290581675713,151,48,156,156,0.3717516945627907,-0.021776938761678723,-0.22246601643082317,0,0,0,0,0,1,1,1,train
6123215,OceanPark,20.9933,105.9441,2024-04-01,0.16058924059553636,1.3825254135495175,-0.0677790083552546,1.8166796321558876,148,6,156,156,0.7941382036542289,0.21726418342018547,-0.5482133468635532,0,0,0,0,0,1,1,1,train
6123215,OceanPark,20.9933,105.9441,2024-04-02,0.8268133512994932,2.12164900913936,0.8142614286505065,1.8326227202676395,156,76,156,156,1.216524712745668,0.4563053056020496,-0.8739606772962831,46161,0,0,0,0,0,0,0,train
6123215,OceanPark,20.9933,105.9441,2024-04-03,0.6924105254497432,2.1907258328588535,-0.276042413509386,1.7892213283901672,156,73,156,156,0.7741307289662472,0.17857176060115384,-0.5165432742237989,0,0,0,0,0,1,1,1,train
6123215,OceanPark,20.9933,105.9441,2024-04-04,0.4060561874547699,1.7442325269167722,-0.049804374081241595,2.9836424919716023,7,156,48,156,0.3317367451868265,-0.09916178439974177,-0.15912587115131463,0,0,0,0,0,1,1,1,train
6123215,OceanPark,20.9933,105.9441,2024-04-05,0.3178563628847476,3.7332761108661994,-0.03270396387720087,4.590390196645808,0,30,0,156,-0.11065723859259419,-0.37689532940063775,0.19829153192116963,0,1,0,1,0,1,1,1,train
6123215,OceanPark,20.9933,105.9441,2024-04-06,0.22965653831472532,2.805324821653714,-0.015603553673160143,3.580897388320772,0,14,0,156,-0.5530512223720149,-0.6546288744015334,0.5557089349936538,0,1,0,1,0,1,1,1,train
6123215,OceanPark,20.9933,105.9441,2024-04-07,0.14145671374470303,1.3935439531921112,0.001496856530880602,2.7827499066173433,0,33,0,156,-0.9954452061514353,-0.9323624194024294,0.9131263380661381,46161,1,0,1,0,0,0,0,train
6123215,OceanPark,20.9933,105.9441,2024-04-08,0.05325688917468072,1.7317085583640437,0.018597266734921306,2.9521148933881918,0,0,0,156,-0.8576194731156576,-0.6703105649184781,0.7998902256752343,0,1,1,1,0,1,1,1,train
6123215,OceanPark,20.9933,105.9441,2024-04-09,-0.03494293539534158,2.069873163535976,0.03569767693896205,1.7914861487212175,0,5,0,156,-0.7197937400798797,-0.4082587104345268,0.6866541132843303,0,1,0,1,0,1,1,1,train
6123215,OceanPark,20.9933,105.9441,2024-04-10,-0.12314275996536388,1.570292761591975,0.0527980871430028,0.13494325868854312,0,9,0,156,-0.5819680070441019,-0.14620685595057548,0.5734180008934264,0,1,0,1,0,1,1,1,train
6123215,OceanPark,20.9933,105.9441,2024-04-11,-0.21134258453538618,2.223432912267241,0.0698984973470435,0.9937676582217847,0,110,17,156,-0.444142274008324,0.11584499853337582,0.4601818885025226,0,1,0,0,0,1,1,1,train
6123215,OceanPark,20.9933,105.9441,2024-04-12,-0.29954240910540847,1.6600167337197684,-0.7795349824014984,1.9362971672756037,2,0,8,156,-0.30631654097254624,0.37789685301732723,0.34694577611161864,46161,0,1,0,0,0,0,0,train
6123215,OceanPark,20.9933,105.9441,2024-04-13,0.1666231001421936,1.0966005551722957,-1.1637510199394525,1.1132760791928582,10,14,10,156,-0.4475927260797337,0.25408465503728456,0.44639450187140384,0,0,0,0,0,1,1,1,train
6123215,OceanPark,20.9933,105.9441,2024-04-14,0.053661535832041175,1.5784722586703603,-0.7369584188020095,2.2942719621493937,0,11,0,156,-0.5888689111869212,0.13027245705724194,0.545843227631189,0,1,0,1,0,1,1,1,train
6123215,OceanPark,20.9933,105.9441,2024-04-15,-0.05930002847811122,1.6900463587214056,-0.3101658176645665,2.4114500465217317,0,12,0,156,-0.7301450962941086,0.0064602590771992855,0.6452919533909742,0,1,0,1,0,1,1,1,train
6123215,OceanPark,20.9933,105.9441,2024-04-16,-0.1722615927882636,1.0982216184769766,0.11662678347287643,0.3956939205074069,149,124,156,156,-0.8714212814012962,-0.11735193890284346,0.7447406791507593,0,0,0,0,0,1,1,1,train
6123215,OceanPark,20.9933,105.9441,2024-04-17,-0.39795382098016396,1.3126440580755125,-0.09591461594185982,1.6580507131554867,1,61,20,156,-1.0126974665084838,-0.24116413688288602,0.8441894049105445,46161,0,0,0,0,0,0,0,train
6123215,OceanPark,20.9933,105.9441,2024-04-18,1.0409067658834548,1.751478221714671,0.1920284629083182,1.2022103215416229,139,107,156,156,-1.0059771612245194,-0.2500544752579248,0.8576517152900367,0,0,0,0,0,1,1,1,train
6123215,OceanPark,20.9933,105.9441,2024-04-19,0.7786797464996055,1.5458819045470376,0.17647316668968618,0.21676490242480784,70,67,74,156,-0.999256855940555,-0.2589448136329638,0.8711140256695289,0,0,0,0,0,1,1,1,train
6123215,OceanPark,20.9933,105.9441,2024-04-20,-0.4843832767778695,1.0900164854714967,0.4459989101704422,-0.2541582582255661,156,108,156,156,-0.9925365506565906,-0.2678351520080026,0.884576336049021,0,0,0,0,0,1,1,1,train
6123215,OceanPark,20.9933,105.9441,2024-04-21,-0.304430012953915,1.1852689543659065,0.11964870015146384,1.2690198337669971,1,156,52,156,-0.9858162453726264,-0.2767254903830416,0.8980386464285132,0,0,0,0,0,1,1,1,train
6123215,OceanPark,20.9933,105.9441,2024-04-22,-0.13481702853472816,1.1539467604657971,-0.3340320010493339,1.275508213746577,0,110,0,148,-0.979095940088662,-0.2856158287580804,0.9115009568080052,46161,1,0,1,0,0,0,0,train
6123215,OceanPark,20.9933,105.9441,2024-04-23,0.0347959558844587,1.03555268564017,-0.7877127022501317,1.705768653586489,4,92,42,156,-0.20466949199588683,-0.1402069581522915,0.22716514636377372,0,0,0,0,0,1,1,1,train
6123215,OceanPark,20.9933,105.9441,2024-04-24,0.4183393290356837,1.222543592358871,-0.5420590958449011,0.5934578875833657,0,5,0,156,0.5697569560968881,0.005201912453497409,-0.45717066408045787,0,1,0,1,0,1,1,1,train
6123215,OceanPark,20.9933,105.9441,2024-04-25,0.8018827021869087,1.135307805133542,-0.29640548943967043,-0.10169811090345256,114,138,146,156,1.3441834041896634,0.1506107830592864,-1.1415064745246895,0,0,0,0,0,1,1,1,train
6123215,OceanPark,20.9933,105.9441,2024-04-26,-0.14704878842690358,0.5233921342819425,0.7090990631307684,-0.39802403888692117,155,96,156,156,2.1186098522824386,0.2960196536650753,-1.8258422849689209,0,0,0,0,0,1,1,1,train
6123215,OceanPark,20.9933,105.9441,2024-04-27,-0.19021955643650243,0.7197374271632341,0.96299885682835,0.7239913466632597,156,31,156,156,2.893036300375214,0.4414285242708643,-2.5101780954131523,46161,0,0,0,0,0,0,0,train
6123215,OceanPark,20.9933,105.9441,2024-04-28,-0.32043445748315824,1.0672591457240481,0.9015099759170607,1.4869516057387764,156,60,156,156,2.2218973790137055,0.1854184853846688,-1.9577494997711162,0,0,0,0,0,1,1,1,train
6123215,OceanPark,20.9933,105.9441,2024-04-29,-0.08237510085122118,2.1726715948424182,0.3184495975966602,1.303576171168206,154,146,156,156,1.550758457652197,-0.07059155350152674,-1.4053209041290795,0,0,0,0,0,1,1,1,train
6123215,OceanPark,20.9933,105.9441,2024-04-30,0.1316447300797319,2.557108502971638,0.7072414185878414,1.4040856509111606,156,88,156,156,0.8796195362906887,-0.3266015923877223,-0.8528923084870434,0,0,0,0,0,1,1,1,train
6123215,OceanPark,20.9933,105.9441,2024-05-01,0.023727483768737994,1.6675445600769954,0.6012673045438116,1.859698796035925,0,4,0,156,0.2084806149291802,-0.5826116312739178,-0.300463712845007,0,1,0,1,0,1,1,1,train
6123215,OceanPark,20.9933,105.9441,2024-05-02,-0.08418976254225591,1.3143453018330087,0.4952931904997819,1.3550729131388481,0,0,0,156,-0.46265830643232875,-0.8386216701601134,0.25196488279702967,46161,1,1,1,0,0,0,0,train
6123215,OceanPark,20.9933,105.9441,2024-05-03,-0.19210700885324983,0.961146043589023,0.38931907645575214,1.4509699759690085,0,14,0,156,-0.2890510261005692,-0.6657155923165513,0.17656591229846688,0,1,0,1,0,1,1,1,train
6123215,OceanPark,20.9933,105.9441,2024-05-04,-0.30002425516424375,0.3129896262296616,0.28334496241172236,1.0908282469653865,107,140,150,156,-0.11544374576880975,-0.4928095144729895,0.10116694179990411,0,0,0,0,0,1,1,1,train
6123215,OceanPark,20.9933,105.9441,2024-05-05,-0.4197846952756022,1.06857312334887,-0.6783844276752904,0.9668418458349907,3,12,5,156,0.05816353456294988,-0.31990343662942766,0.025767971301341334,0,0,0,0,0,1,1,1,train
6123215,OceanPark,20.9933,105.9441,2024-05-06,0.9229120797075537,0.27209732256769364,-0.06412819820544224,-1.0094133682424813,16,76,33,156,0.23177081489470916,-0.14699735878586564,-0.04963099919722145,0,0,0,0,0,1,1,1,train
6123215,OceanPark,20.9933,105.9441,2024-05-07,0.06066244950810115,0.6270294603941047,0.5445114682455384,-0.7560172284830875,0,59,4,156,0.4053780952264687,0.02590871905769639,-0.12502996969578423,46161,1,0,0,0,0,0,0,train
6123215,OceanPark,20.9933,105.9441,2024-05-08,-0.8015871806913514,-0.1824443008683904,-3.036881670686267,-1.0489700242507565,11,74,2,139,0.03397611829678202,-0.18645263412240098,0.23520868223527355,0,0,0,0,0,1,1,1,train
6123215,OceanPark,20.9933,105.9441,2024-05-09,-1.1487209817291089,0.05470438809793019,-1.036150868428182,0.8914884031275818,14,43,25,156,-0.33742585863290453,-0.39881398730249834,0.5954473341663313,0,0,0,0,0,1,1,1,train
6123215,OceanPark,20.9933,105.9441,2024-05-10,-0.4328501072090115,-0.01820909756137264,-0.2648627485913,-0.448029016651325,38,73,63,156,-0.7088278355625912,-0.6111753404825956,0.9556859860973892,0,0,0,0,0,1,1,1,train
6123215,OceanPark,20.9933,105.9441,2024-05-11,0.06638846296161365,0.20794396046316302,-0.5988568870577349,-1.0219769636256637,61,63,95,156,-1.0802298124922778,-0.8235366936626929,1.3159246380284468,0,0,0,0,0,1,1,1,train
6123215,OceanPark,20.9933,105.9441,2024-05-12,-0.2027564347519266,-0.3202698629851184,-0.26597601317908903,-1.139323228316873,72,94,104,156,-1.4516317894219644,-1.0358980468427903,1.6761632899595047,46161,0,0,0,0,0,0,0,train
6123215,OceanPark,20.9933,105.9441,2024-05-13,-0.30017072469423983,0.38469167797251225,-0.8007384473645454,-0.8305531213378581,0,110,12,156,-0.6623235881628472,-0.7649142550682017,0.9503770484125612,0,1,0,0,0,1,1,1,train
6123215,OceanPark,20.9933,105.9441,2024-05-14,-0.3975850146365531,0.5109952544741614,0.33729265674018905,0.7388020843326112,45,80,75,156,0.12698461309627013,-0.493930463293613,0.22459080686561786,0,0,0,0,0,1,1,1,train
6123215,OceanPark,20.9933,105.9441,2024-05-15,-0.37550928439231235,0.42960364045810695,0.0585180356322696,0.07712813861249267,0,6,0,156,0.9162928143553876,-0.22294667151902436,-0.5011954346813257,0,1,0,1,0,1,1,1,train
6123215,OceanPark,20.9933,105.9441,2024-05-16,-0.3534335541480716,0.2290832368548542,-0.22025658547564986,-0.8761003650821789,33,38,41,156,1.705601015614505,0.04803712025556429,-1.2269816762282688,0,0,0,0,0,1,1,1,train
6123215,OceanPark,20.9933,105.9441,2024-05-17,-1.6035583510303106,0.2676571254506881,-0.22747632072428475,-0.9967986498646417,5,73,46,156,2.4949092168736224,0.31902091203015276,-1.952767917775212,46161,0,0,0,0,0,0,0,train
6123215,OceanPark,20.9933,105.9441,2024-05-18,-1.3726818531716234,-0.3484110201446928,-2.068276279418382,-1.2676113666658986,0,69,2,156,1.9612486177754131,0.2893511643935723,-1.4654650824279871,0,1,0,0,0,1,1,1,train
6123215,OceanPark,20.9933,105.9441,2024-05-19,-1.1418053553129361,-0.21819251030881678,0.41559531851069553,1.045509503895782,0,0,52,156,1.427588018677204,0.2596814167569918,-0.9781622470807625,0,1,1,0,0,1,1,1,train
6123215,OceanPark,20.9933,105.9441,2024-05-20,-0.9109288574542489,-0.08797400047294078,0.3003320282312453,0.20497502758619832,0,1,0,156,0.8939274195789947,0.23001166912041127,-0.49085941173353764,0,1,0,1,0,1,1,1,train
6123215,OceanPark,20.9933,105.9441,2024-05-21,-0.6800523595955617,0.661664961509646,0.1850687379517949,-0.5258432909847185,44,91,63,156,0.36026682048078557,0.2003419214838308,-0.0035565763863125662,0,0,0,0,0,1,1,1,train
6123215,OceanPark,20.9933,105.9441,2024-05-22,-0.6592710673024257,0.04000927469854355,-0.5320993619312516,-1.3120734412362522,17,49,61,156,-0.1733937786174236,0.17067217384725034,0.4837462589609121,46161,0,0,0,0,0,0,0,train
6123215,OceanPark,20.9933,105.9441,2024-05-23,-0.06926807609335214,0.3825633505785502,0.3272896190289166,-1.337279347080839,13,4,25,156,0.13655757495557092,0.10119053583803934,0.1843597215675138,0,0,0,0,0,1,1,1,train
6123215,OceanPark,20.9933,105.9441,2024-05-24,-0.6072177374278215,-0.07280298608656606,0.7422149795496844,-0.4387371137568103,23,133,13,138,0.44650892852856544,0.03170889782882836,-0.11502681582588455,0,0,0,0,0,1,1,1,train
6123215,OceanPark,20.9933,105.9441,2024-05-25,-0.21283352572882336,-1.0925658027878213,0.20364614853015284,0.13692708171835424,0,23,0,156,0.7564602821015598,-0.037772740180382625,-0.41441335321928285,0,1,0,1,0,1,1,1,train
6123215,OceanPark,20.9933,105.9441,2024-05-26,0.1815506859701747,-1.1783162062162225,-0.33492268248937873,-0.5828361729428497,91,32,108,156,1.0664116356745545,-0.10725437818959371,-0.7137998906126813,0,0,0,0,0,1,1,1,train
6123215,OceanPark,20.9933,105.9441,2024-05-27,-0.6374569396314652,-0.9380411613964006,-0.7242768714345451,-0.7566893525273267,105,76,111,156,1.3763629892475493,-0.1767360161988046,-1.0131864280060796,46161,0,0,0,0,0,0,0,train
6123215,OceanPark,20.9933,105.9441,2024-05-28,2.1485343447808143,-0.6917298102754268,0.5428017357073815,-1.3643042998544677,2,14,28,156,1.2405121226934983,-0.07201165139830666,-0.8636876807897779,0,0,0,0,0,1,1,1,train
6123215,OceanPark,20.9933,105.9441,2024-05-29,-0.7198977808310345,-0.4055488653499094,0.5054800949264181,-0.9207604815337035,85,140,152,156,1.1046612561394475,0.032712713402191285,-0.7141889335734761,0,0,0,0,0,1,1,1,train
6123215,OceanPark,20.9933,105.9441,2024-05-30,-0.890252818330297,-0.19334011532810064,-0.5534288079210028,0.8686639568763875,17,92,55,156,0.9688103895853968,0.13743707820268922,-0.5646901863571744,0,0,0,0,0,1,1,1,train
6123215,OceanPark,20.9933,105.9441,2024-05-31,-0.8668548659625226,-0.06273106668800207,2.5650382457603156,-0.06564221542824532,0,14,2,156,0.8329595230313461,0.24216144300318718,-0.4151914391408726,0,1,0,0,0,1,1,1,train
6123215,OceanPark,20.9933,105.9441,2024-06-01,-0.8434569135947482,0.05552719226856137,-0.33318322801064065,-1.0777847596223735,64,105,84,156,0.6971086564772953,0.346885807803685,-0.2656926919245708,46161,0,0,0,0,0,0,0,train
6123215,OceanPark,20.9933,105.9441,2024-06-02,-0.8887040093028455,-0.1418863551491422,-0.14631632345125314,-1.2239365623240113,111,143,138,156,0.38801497125693085,0.09172523955289556,-0.0817432408236962,0,0,0,0,0,1,1,1,train
6123215,OceanPark,20.9933,105.9441,2024-06-03,-0.16073991514761554,-0.27208386534261847,0.3001869302756226,-1.5224553144118258,43,4,73,156,0.0789212860365664,-0.1634353286978938,0.10220621027717848,0,0,0,0,0,1,1,1,train
6123215,OceanPark,20.9933,105.9441,2024-06-04,0.15038331479169192,-0.3152352668989817,-0.6376324842403048,0.7400293348199998,0,0,19,156,-0.23017239918379803,-0.41859589694868315,0.2861556613780531,0,1,1,0,0,1,1,1,train
6123215,OceanPark,20.9933,105.9441,2024-06-05,0.4615065447309994,-0.3583866684553449,-0.9616788485019665,0.26976397026300436,0,0,0,156,-0.5392660844041625,-0.6737564651994725,0.4701051124789278,0,1,1,1,0,1,1,1,train
6123215,OceanPark,20.9933,105.9441,2024-06-06,0.7726297746703069,-0.4015380700117086,-1.285725212763628,-0.5022055949458571,0,0,2,156,-0.8483597696245271,-0.928917033450262,0.6540545635798023,46161,1,1,0,0,0,0,0,train
6123215,OceanPark,20.9933,105.9441,2024-06-07,1.0837530046096144,-0.4446894715680718,-0.4171353143822064,-1.0411412781857972,5,82,9,156,-0.8519206128702705,-1.123197712161559,0.7670771986541245,0,0,0,0,0,1,1,1,train
6123215,OceanPark,20.9933,105.9441,2024-06-08,0.7297332009194384,-0.43992139367077887,-1.5110889666570124,-1.5139800057999557,0,0,5,156,-0.8554814561160143,-1.3174783908728556,0.8800998337284467,0,1,1,0,0,1,1,1,train
6123215,OceanPark,20.9933,105.9441,2024-06-09,0.37571339722926234,-0.4351533157734864,-1.1810295375262623,-0.6193314215841709,0,0,0,145,-0.8590422993617578,-1.5117590695841525,0.993122468802769,0,1,1,1,0,1,1,1,train
6123215,OceanPark,20.9933,105.9441,2024-06-10,0.021693593539086287,-0.43038523787619354,-0.8509701083955118,0.36488363397738577,0,0,0,156,-0.8626031426075016,-1.7060397482954492,1.1061451038770913,0,1,1,1,0,1,1,1,train
6123215,OceanPark,20.9933,105.9441,2024-06-11,-0.33232621015108976,-0.4256171599789006,-0.5209106792647614,-0.3294137550086323,26,20,50,156,-0.8661639858532453,-1.9003204270067464,1.2191677389514135,46161,0,0,0,0,0,0,0,train
6123215,OceanPark,20.9933,105.9441,2024-06-12,-0.6684930020498386,-0.7547519189163239,-0.49300521903652184,-0.5861795929041612,98,112,118,156,-0.49419303215499455,-1.5828356927214855,0.8126998334309966,0,0,0,0,0,1,1,1,train
6123215,OceanPark,20.9933,105.9441,2024-06-13,-1.1148779566852138,-0.6572500337808342,-0.2534685473106349,-0.8858467012317688,83,25,121,156,-0.12222207845674395,-1.2653509584362252,0.40623192791057994,0,0,0,0,0,1,1,1,train
6123215,OceanPark,20.9933,105.9441,2024-06-14,-1.0000663555542904,-0.6019521572435597,0.15889612732660863,-1.2500194425302125,0,0,8,156,0.2497488752415066,-0.9478662241509649,-0.0002359776098370177,0,1,1,0,0,1,1,1,train
6123215,OceanPark,20.9933,105.9441,2024-06-15,-0.8852547544233669,-0.5466542807062847,-0.07734911855916912,0.5506082776540654,0,0,0,156,0.6217198289397573,-0.6303814898657042,-0.4067038831302536,0,1,1,1,0,1,1,1,train
6123215,OceanPark,20.9933,105.9441,2024-06-16,-0.7704431532924433,-0.4913564041690102,-0.31359436444494687,-0.18818062940273375,75,64,92,156,0.9936907826380079,-0.31289675558044366,-0.8131717886506705,46161,0,0,0,0,0,0,0,train
6123215,OceanPark,20.9933,105.9441,2024-06-17,-0.5089753142182499,-0.4508933659245337,-0.5294481090155613,-0.4042176255234794,132,121,150,156,0.7132780473364843,-0.7404138310356346,-0.546967671777346,0,0,0,0,0,1,1,1,train
6123215,OceanPark,20.9933,105.9441,2024-06-18,1.4678312547946701,-0.05207524814150477,-0.8021253782319148,-1.3799760060880408,63,13,112,156,0.4328653120349605,-1.1679309064908254,-0.28076355490402144,0,0,0,0,0,1,1,1,train
6123215,OceanPark,20.9933,105.9441,2024-06-19,-0.27358564863846396,-0.3839593238983194,0.41317388736090743,-1.07100857390535,105,105,156,156,0.15245257673343673,-1.5954479819460163,-0.014559438030697053,0,0,0,0,0,1,1,1,train
6123215,OceanPark,20.9933,105.9441,2024-06-20,-0.5540029276509958,-0.959244800328457,-1.5680277394068407,1.276675800832491,5,17,50,156,-0.127960158568087,-2.022965057401207,0.2516446788426275,0,0,0,0,0,1,1,1,train
6123215,OceanPark,20.9933,105.9441,2024-06-21,-0.5193107091908782,-0.7893784201851305,-1.4085378526940884,0.17055983085919868,0,6,3,156,-0.40837289386961073,-2.450482132856398,0.5178487957159518,46161,1,0,0,0,0,0,0,train
6123215,OceanPark,20.9933,105.9441,2024-06-22,-0.48461849073076063,-0.63345934799344,-0.5537268180513683,-0.4671272177125271,40,12,102,156,-0.4859569840380998,-2.823736447166848,0.5741024161885622,0,0,0,0,0,1,1,1,train
6123215,OceanPark,20.9933,105.9441,2024-06-23,0.31312536217707176,-1.092176900319364,0.056715909691722605,-1.2947358181651094,6,70,23,156,-0.5635410742065887,-3.196990761477297,0.6303560366611723,0,0,0,0,0,1,1,1,train
6123215,OceanPark,20.9933,105.9441,2024-06-24,0.22923238564589937,-1.1131723496147725,-0.06852483021987309,-1.2816224116968669,0,0,0,156,-0.6411251643750777,-3.570245075787747,0.6866096571337827,0,1,1,1,0,1,1,1,train
6123215,OceanPark,20.9933,105.9441,2024-06-25,0.145339409114727,-1.134167798910181,-0.19376557013146878,-0.9832583425017645,0,0,0,148,-0.7187092545435667,-3.943499390098196,0.742863277606393,0,1,1,1,0,1,1,1,train
6123215,OceanPark,20.9933,105.9441,2024-06-26,0.06144643258355465,-1.1551632482055894,-0.31900631004306446,0.36975068789729987,0,0,0,156,-0.7962933447120557,-4.316753704408646,0.7991168980790033,46161,1,1,1,0,0,0,0,train
6123215,OceanPark,20.9933,105.9441,2024-06-27,-0.022446543947617716,-1.1761586975009979,-0.4442470499546602,-0.32885319376114436,45,78,60,156,-0.6236233741825277,-3.382875772993628,0.6243277050035506,0,0,0,0,0,1,1,1,train
6123215,OceanPark,20.9933,105.9441,2024-06-28,1.546098887922758,-1.11877322014897,-0.3542824917571195,-0.8954721577771699,12,12,28,156,-0.4509534036529995,-2.448997841578611,0.44953851192809796,0,0,0,0,0,1,1,1,train
6123215,OceanPark,20.9933,105.9441,2024-06-29,1.1923200601240704,-1.131869360776602,-1.0108713114167018,-1.6912221143666883,0,0,82,156,-0.27828343312347154,-1.515119910163594,0.2747493188526454,0,1,1,0,0,1,1,1,train
6123215,OceanPark,20.9933,105.9441,2024-06-30,0.8385412323253822,-1.1449655014042335,-0.17936320409317855,-1.1217003676026445,0,0,17,156,-0.10561346259394334,-0.5812419787485766,0.09996012577719275,0,1,1,0,0,1,1,1,train
6123215,OceanPark,20.9933,105.9441,2024-07-01,0.48476240452669467,-1.158061642031865,0.45237974553546817,0.40398219122381357,0,0,0,156,0.06705650793558483,0.3526359526664413,-0.07482906729825993,46161,1,1,1,0,0,0,0,train
6123215,OceanPark,20.9933,105.9441,2024-07-02,0.13098357672800706,-1.1711577826594968,1.0841226951641147,-0.19360038351386047,0,0,5,156,-0.07761090949512488,0.23532704153838827,0.1356351608450568,0,1,1,0,0,1,1,1,train
6123215,OceanPark,20.9933,105.9441,2024-07-03,-0.22279525107068052,-1.1842539232871285,0.34768708566283546,-0.15119765186437345,0,0,0,156,-0.22227832692583452,0.11801813041033522,0.34609938898837345,0,1,1,1,0,1,1,1,train
6123215,OceanPark,20.9933,105.9441,2024-07-04,-0.5765740788693681,-1.19735006391476,-0.388748523838444,-1.2507960820425004,4,3,19,156,-0.3669457443565442,0.000709219282282289,0.5565636171316901,0,0,0,0,0,1,1,1,train
6123215,OceanPark,20.9933,105.9441,2024-07-05,-0.7842274013947208,-1.4148777233630652,-0.3960112707236076,-0.9211620598235084,110,155,135,156,-0.5116131617872539,-0.11659969184577065,0.7670278452750069,0,0,0,0,0,1,1,1,train
6123215,OceanPark,20.9933,105.9441,2024-07-06,-0.7708756475564166,-1.2214481081046347,-0.6914362666999795,0.5417191176502852,42,93,103,156,-0.6562805792179636,-0.2339086029738238,0.9774920734183236,46161,0,0,0,0,0,0,0,train
6123215,OceanPark,20.9933,105.9441,2024-07-07,-0.9157307775792205,-1.2207777558834219,-0.831981602447594,0.20461581538790596,34,39,79,156,-0.1779206585299319,-0.0762265864293164,0.5100590003935203,0,0,0,0,0,1,1,1,train
6123215,OceanPark,20.9933,105.9441,2024-07-08,-0.6552172423635202,-1.1927244154102712,-0.40432590220307124,-0.3385258315749788,28,103,42,156,0.30043926215809985,0.08145543011519078,0.04262592736871704,0,0,0,0,0,1,1,1,train
6123215,OceanPark,20.9933,105.9441,2024-07-09,-0.6807630761889253,-1.1061107085008868,-0.6382107829683887,-1.2758720303679592,21,119,73,156,0.7787991828461313,0.23913744665969816,-0.42480714565608635,0,0,0,0,0,1,1,1,train
6123215,OceanPark,20.9933,105.9441,2024-07-10,-1.0811307172585967,-1.2937644675685136,-0.17716835477357493,-0.9760441473889307,4,40,16,156,1.2571591035341632,0.3968194632042054,-0.8922402186808895,0,0,0,0,0,1,1,1,train
6123215,OceanPark,20.9933,105.9441,2024-07-11,-0.2306481915562474,-1.1602319687106377,1.5114902460779343,-0.6844271787491716,137,85,2,143,1.735519024222195,0.5545014797487127,-1.359673291705693,46161,0,0,0,0,0,0,0,train
6123215,OceanPark,20.9933,105.9441,2024-07-12,-1.089913306850205,-1.1132878135576787,0.015415203416398326,0.38171066166015843,72,141,119,156,1.5418704036355975,0.3606184492273989,-1.155524921303764,0,0,0,0,0,1,1,1,train
6123215,OceanPark,20.9933,105.9441,2024-07-13,-0.703831551406938,-1.21268362098781,-0.08268971289460826,-0.3707372002119251,96,97,120,156,1.348221783049,0.16673541870608496,-0.9513765509018349,0,0,0,0,0,1,1,1,train
6123215,OceanPark,20.9933,105.9441,2024-07-14,-0.32946126868173287,-1.201836487517315,-0.12892904053863477,-0.7103150629535564,22,8,35,156,1.1545731624624025,-0.027147611815228966,-0.7472281804999061,0,0,0,0,0,1,1,1,train
6123215,OceanPark,20.9933,105.9441,2024-07-15,-1.189677135519901,-1.2373449737671571,-0.019299302227656242,-1.351786930169725,47,136,83,156,0.9609245418758052,-0.2210306423365428,-0.5430798100979769,0,0,0,0,0,1,1,1,train
6123215,OceanPark,20.9933,105.9441,2024-07-16,-0.770516483208717,-1.14909861284138,-0.025638785169837395,-0.7399226825273524,29,75,80,156,0.7672759212892076,-0.4149136728578568,-0.3389314396960479,46161,0,0,0,0,0,0,0,train
6123215,OceanPark,20.9933,105.9441,2024-07-17,-0.6231296526278798,-1.078667244006053,-0.23949829915915763,0.15129734641300543,0,0,7,156,0.6885601205163645,-0.3620983359005205,-0.260610579620595,0,1,1,0,0,1,1,1,train
6123215,OceanPark,20.9933,105.9441,2024-07-18,-0.4757428220470428,-1.0082358751707257,0.9436810838732853,-0.24304653200138973,0,47,3,156,0.609844319743521,-0.3092829989431842,-0.18228971954514206,0,1,0,0,0,1,1,1,train
6123215,OceanPark,20.9933,105.9441,2024-07-19,-0.3283559914662056,-1.1252645641560277,-0.26218259353033796,-0.7984045217048655,13,72,42,156,0.5311285189706778,-0.2564676619858481,-0.10396885946968913,0,0,0,0,0,1,1,1,train
6123215,OceanPark,20.9933,105.9441,2024-07-20,-1.3749088846318753,-1.3915947107488982,-0.3870374773021315,-1.4491839989973183,1,30,22,156,0.45241271819783463,-0.20365232502851174,-0.02564799939423608,0,0,0,0,0,1,1,1,train
6123215,OceanPark,20.9933,105.9441,2024-07-21,-0.6539436108246455,-1.2532129308310456,0.5124588902986505,-1.1062778262448991,76,141,138,156,0.3736969174249913,-0.15083698807117543,0.05267286068121677,46161,0,0,0,0,0,0,0,train
6123215,OceanPark,20.9933,105.9441,2024-07-22,-0.7920168654074555,-1.2238057497755206,0.3411426015662347,0.7349572588787272,0,0,0,156,0.5819713084371408,-0.06561974759728205,-0.17424280725714558,0,1,1,1,0,1,1,1,train
6123215,OceanPark,20.9933,105.9441,2024-07-23,-0.9300901199902656,-1.1943985687199958,0.16982631283381888,0.2423621365779401,0,0,0,156,0.7902456994492906,0.019597492876611517,-0.4011584751955079,0,1,1,1,0,1,1,1,train
6123215,OceanPark,20.9933,105.9441,2024-07-24,-1.0681633745730756,-1.1649913876644709,-0.0014899758985969717,-0.5030627412301046,9,89,34,156,0.99852009046144,0.104814733350505,-0.6280741431338703,0,0,0,0,0,1,1,1,train
6123215,OceanPark,20.9933,105.9441,2024-07-25,-0.5713169074670472,-1.4762752233051217,-0.4529822073571195,-1.3100728360084293,2,8,16,156,1.2067944814735896,0.19003197382439846,-0.8549898110722327,0,0,0,0,0,1,1,1,train
6123215,OceanPark,20.9933,105.9441,2024-07-26,-0.9470166438127195,-0.8417054382210036,-0.17394516671821356,-1.2107123097365127,138,19,156,156,1.415068872485739,0.2752492142982919,-1.0819054790105953,46161,0,0,0,0,0,0,0,train
6123215,OceanPark,20.9933,105.9441,2024-07-27,-0.4328445250008523,-0.7437571970499628,-4.704663015339537,-1.0412032707891312,26,0,2,139,1.0219941401102781,-0.11783433819708364,-0.784862228090638,0,0,1,0,0,1,1,1,train
6123215,OceanPark,20.9933,105.9441,2024-07-28,-0.48671698414542397,-0.6458089558789226,-3.5464599231951177,0.2700696126848789,0,0,2,156,0.6289194077348174,-0.5109178906924591,-0.4878189771706806,0,1,1,0,0,1,1,1,train
6123215,OceanPark,20.9933,105.9441,2024-07-29,-0.5405894432899957,-0.5478607147078818,-2.85662954331079,0.016608203015688647,0,19,0,156,0.2358446753593562,-0.9040014431878348,-0.19077572625072328,0,1,0,1,0,1,1,1,train
6123215,OceanPark,20.9933,105.9441,2024-07-30,-0.5944619024345671,-0.7005139675118485,-2.1667991634264623,-0.24657664645019825,0,0,0,156,-0.15723005701610468,-1.2970849956832105,0.10626752466923395,0,1,1,1,0,1,1,1,train
6123215,OceanPark,20.9933,105.9441,2024-07-31,-0.6483343615791388,-0.8531672203158152,-1.476968783542135,-0.9977554143207211,0,0,0,156,-0.5503047893915658,-1.6901685481785862,0.40331077558919115,46161,1,1,1,0,0,0,0,train
6123215,OceanPark,20.9933,105.9441,2024-08-01,-0.7022068207237104,-1.005820473119782,-0.7871384036578073,-1.170070842893018,0,0,0,156,-0.41142596171027623,-1.3026218792407767,0.3520272366389925,0,1,1,1,0,1,1,1,train
6123215,OceanPark,20.9933,105.9441,2024-08-02,-0.7560792798682822,-1.158473725923749,-0.09730802377347951,-0.07357431236032348,0,13,0,156,-0.27254713402898667,-0.9150752103029673,0.300743697688794,0,1,0,1,0,1,1,1,train
6123215,OceanPark,20.9933,105.9441,2024-08-03,-0.8099517390128539,-0.840183373230526,0.5925223561108478,-0.19444200178571214,6,35,11,156,-0.13366830634769697,-0.527528541365158,0.2494601587385954,0,0,0,0,0,1,1,1,train
6123215,OceanPark,20.9933,105.9441,2024-08-04,-1.2560520644662918,-1.2090495919610884,0.07384579431962492,-0.5798295316811531,131,153,144,156,0.005210521333592605,-0.13998187242734866,0.19817661978839682,0,0,0,0,0,1,1,1,train
6123215,OceanPark,20.9933,105.9441,2024-08-05,-0.5133317202130588,-1.1093078358765183,-0.09653995115259263,-1.2375038645392078,72,133,99,156,0.14408934901488218,0.24756479651046087,0.14689308083819824,46161,0,0,0,0,0,0,0,train
6123215,OceanPark,20.9933,105.9441,2024-08-06,-0.9729239256164346,-1.0903368407438838,-0.21400271881594676,-1.4884997319209605,36,115,136,156,0.5905614639498984,0.3073845926162444,-0.26579318661643647,0,0,0,0,0,1,1,1,train
6123215,OceanPark,20.9933,105.9441,2024-08-07,-1.1402109053903646,-1.1377480333983996,1.2256624833206762,1.208246000236741,64,98,82,156,1.0370335788849148,0.3672043887220279,-0.6784794540710711,0,0,0,0,0,1,1,1,train
6123215,OceanPark,20.9933,105.9441,2024-08-08,-0.8208749785651591,-1.1652473378514558,-0.20403004641741657,-0.07770082193137948,108,156,131,156,1.4835056938199311,0.4270241848278113,-1.0911657215257062,0,0,0,0,0,1,1,1,train
6123215,OceanPark,20.9933,105.9441,2024-08-09,-0.7852717817939656,-1.144590916873782,-0.03276014352779969,-0.14225393478627207,146,80,154,156,1.929977808754947,0.4868439809335948,-1.5038519889803408,0,0,0,0,0,1,1,1,train
6123215,OceanPark,20.9933,105.9441,2024-08-10,-0.5151669980137725,-0.9966345272707069,0.27021833014688523,0.28641553560498667,109,132,129,156,2.3764499236899637,0.5466637770393784,-1.9165382564349753,46161,0,0,0,0,0,0,0,train
6123215,OceanPark,20.9933,105.9441,2024-08-11,-0.507314480422512,-1.079826474266,-1.5786079130155373,-1.5200629254866322,0,0,4,156,1.8185712223425103,0.41785364010734616,-1.441109515721925,0,1,1,0,0,1,1,1,train
6123215,OceanPark,20.9933,105.9441,2024-08-12,-0.4994619628312516,-1.1630184212612933,-1.2024453585453343,1.2665331420280608,0,0,0,3,1.260692520995057,0.28904350317531396,-0.9656807750088751,0,1,1,1,0,1,1,1,train
6123215,OceanPark,20.9933,105.9441,2024-08-13,-0.4916094452399911,-1.2462103682565864,-0.8262828040751312,0.33095328077396824,15,16,43,156,0.7028138196476036,0.16023336624328177,-0.49025203429582476,0,0,0,0,0,1,1,1,train
6123215,OceanPark,20.9933,105.9441,2024-08-14,-0.9770319233481579,-0.9792935952894954,0.24346435092181806,-0.2863026175167121,2,0,7,156,0.14493511830015024,0.03142322931124957,-0.014823293582774705,0,0,1,0,0,1,1,1,train
6123215,OceanPark,20.9933,105.9441,2024-08-15,-0.7251431534752008,-0.7123768223224044,0.6239913328238206,-1.144952013364097,26,62,61,156,-0.4129435830473033,-0.09738690762078243,0.4606054471302752,46161,0,0,0,0,0,0,0,train
6123215,OceanPark,20.9933,105.9441,2024-08-16,-0.9497186862985209,-0.24869408181933236,-0.25884364863303594,-1.4902201162481645,69,84,98,156,-0.4929316175919308,-0.1985606136446242,0.5811844462300384,0,0,0,0,0,1,1,1,train
6123215,OceanPark,20.9933,105.9441,2024-08-17,-0.6571509700172241,-0.12320826411968233,0.1712837577261038,-1.1392480966261274,0,0,98,156,-0.5729196521365584,-0.29973431966846575,0.7017634453298017,0,1,1,0,0,1,1,1,train
6123215,OceanPark,20.9933,105.9441,2024-08-18,-0.3645832537359274,0.0022775535799677096,-0.9149868426791904,0.7392407208212298,2,10,17,156,-0.6529076866811859,-0.40090802569230755,0.822342444429565,0,0,0,0,0,1,1,1,train
6123215,OceanPark,20.9933,105.9441,2024-08-19,-0.42449201917423907,0.13821942050062905,-0.31716100894298827,-0.025001554846932655,47,47,85,156,-0.7328957212258136,-0.5020817317161491,0.9429214435293282,0,0,0,0,0,1,1,1,train
6123215,OceanPark,20.9933,105.9441,2024-08-20,-0.49462345704087285,-0.48322845166744643,-0.7355133464233311,-0.8674860210362421,61,30,97,156,-0.8128837557704411,-0.6032554377399909,1.0635004426290913,46161,0,0,0,0,0,0,0,train
6123215,OceanPark,20.9933,105.9441,2024-08-21,-0.5740263083181493,-0.6591600467105653,-0.9581945440122408,-1.6806733383149843,0,0,17,156,-0.5574292055257307,-0.6114762228469024,0.7770754766651794,0,1,1,0,0,1,1,1,train
6123215,OceanPark,20.9933,105.9441,2024-08-22,-0.6534291595954256,-0.8350916417536842,-0.32817095297541227,-1.6666391207116715,44,6,102,156,-0.30197465528102035,-0.619697007953814,0.4906505107012672,0,0,0,0,0,1,1,1,train
6123215,OceanPark,20.9933,105.9441,2024-08-23,0.21901301179512592,-0.9885228699461992,-0.36439874843336406,0.5243300878996437,0,0,0,156,-0.046520105036309975,-0.6279177930607257,0.20422554473735513,0,1,1,1,0,1,1,1,train
6123215,OceanPark,20.9933,105.9441,2024-08-24,1.0914551831856774,-1.141954098138714,-0.40062654389131586,-0.08310361467511997,34,56,79,156,0.2089344452084004,-0.6361385781676373,-0.08219942122655707,0,0,0,0,0,1,1,1,train
6123215,OceanPark,20.9933,105.9441,2024-08-25,1.3737398376955654,-1.1541716628181553,0.378937886354926,-0.5422225967985428,3,4,10,156,0.4643889954531107,-0.6443593632745488,-0.36862438719046897,46161,0,0,0,0,0,0,0,train
6123215,OceanPark,20.9933,105.9441,2024-08-26,-1.0123598157624076,-0.9341445004782931,0.16699079784048806,-0.8915139479712345,105,155,129,156,0.26069667712850475,-0.6386555182928778,-0.17600392856115699,0,0,0,0,0,1,1,1,train
6123215,OceanPark,20.9933,105.9441,2024-08-27,-0.12072385595818445,-1.0950156701609517,-0.12042250137279349,-1.1645046476803742,130,151,150,156,0.057004358803898696,-0.6329516733112069,0.016616530068155003,0,0,0,0,0,1,1,1,train
6123215,OceanPark,20.9933,105.9441,2024-08-28,-0.6474267634038476,-0.8719621048109957,0.011390508463962322,-0.11241103596311788,107,156,17,135,-0.1466879595207072,-0.6272478283295362,0.20923698869746693,0,0,0,0,0,1,1,1,train
6123215,OceanPark,20.9933,105.9441,2024-08-29,-0.5750272363016091,-0.5662453561889169,0.10004949902505932,0.6156263350339626,0,0,0,156,-0.3503802778453131,-0.6215439833478652,0.40185744732677897,0,1,1,1,0,1,1,1,train
6123215,OceanPark,20.9933,105.9441,2024-08-30,-0.5026277091993703,-0.2605286075668381,0.1887084895861563,-0.09611632795528827,156,110,156,156,-0.5540725961699191,-0.6158401383661942,0.594477905956091,46161,0,0,0,0,0,0,0,train
6123215,OceanPark,20.9933,105.9441,2024-08-31,-0.3858628849756418,-0.7308897798002241,-0.17825082180282362,-1.2180928934744797,154,142,155,156,0.006322093324175331,-0.3851462850365925,0.1101675724340935,0,0,0,0,0,1,1,1,train
6123215,OceanPark,20.9933,105.9441,2024-09-01,-0.8998336002544914,-1.4337877649881972,-0.31424563076972345,-1.4298922352892902,0,2,2,156,0.5667167828182699,-0.15445243170699077,-0.37414276108790395,0,1,0,0,0,1,1,1,train
6123215,OceanPark,20.9933,105.9441,2024-09-02,-1.413804315533341,-1.1371888156483587,0.21747407207609679,-1.0743302546493074,65,143,143,156,1.127111472312364,0.07624142162261116,-0.8584530946099015,0,0,0,0,0,1,1,1,train
6123215,OceanPark,20.9933,105.9441,2024-09-03,-0.9914883200601532,-0.7639492168448219,0.2690121030966644,0.6041843697923149,149,73,152,156,1.6875061618064588,0.3069352749522129,-1.3427634281318988,0,0,0,0,0,1,1,1,train
6123215,OceanPark,20.9933,105.9441,2024-09-04,-0.6589182463730888,-0.2941602166863399,0.27520282516801026,-0.16057618315111924,156,156,156,156,2.2479008513005536,0.5376291282818146,-1.8270737616538966,46161,0,0,0,0,0,0,0,train
6123215,OceanPark,20.9933,105.9441,2024-09-05,-0.7723770078145146,-0.47792126931397294,-0.255471394463905,-0.7912137380568748,119,150,146,156,1.7624129261980768,0.14586628992380882,-1.4417697761049455,0,0,0,0,0,1,1,1,train
6123215,OceanPark,20.9933,105.9441,2024-09-06,-0.3808552636517119,-0.4887093583353671,-0.24381495171063178,-1.5528494875365928,33,113,83,156,1.2769250010956004,-0.2458965484341972,-1.056465790555994,0,0,0,0,0,1,1,1,train
6123215,OceanPark,20.9933,105.9441,2024-09-07,-0.40966698527645573,-0.528527066659806,-0.16256906682806935,-0.8580550229845358,0,0,0,156,0.7914370759931237,-0.6376593867922032,-0.6711618050070429,0,1,1,1,0,1,1,1,train
6123215,OceanPark,20.9933,105.9441,2024-09-08,-0.43847870690119983,-0.5683447749842448,-0.08132318194550688,0.9108705279231285,0,0,0,156,0.3059491508906472,-1.029422225150209,-0.28585781945809136,0,1,1,1,0,1,1,1,train
6123215,OceanPark,20.9933,105.9441,2024-09-09,-0.46729042852594393,-0.6081624833086838,-7.729706294441279e-05,0.34260839411461497,0,0,0,156,-0.1795387742118293,-1.421185063508215,0.09944616609085978,46161,1,1,1,0,0,0,0,train
6123215,OceanPark,20.9933,105.9441,2024-09-10,-0.49610215015068776,-0.6479801916331227,0.08116858781961803,-0.2040040323727889,0,8,0,156,0.24380808541571244,-1.036035706953571,-0.233631010176252,0,1,0,1,0,1,1,1,train
6123215,OceanPark,20.9933,105.9441,2024-09-11,-0.5249138717754316,-0.6985906934442964,0.16241447270218046,-0.23891291537850648,0,0,0,156,0.6671549450432545,-0.650886350398927,-0.5667081864433637,0,1,1,1,0,1,1,1,train
6123215,OceanPark,20.9933,105.9441,2024-09-12,-0.5537255934001757,-0.74920119525547,0.24366035758474294,-1.4282073264980981,10,16,50,156,1.0905018046707962,-0.26573699384428284,-0.8997853627104755,0,0,0,0,0,1,1,1,train
6123215,OceanPark,20.9933,105.9441,2024-09-13,-0.9815058094510453,-0.8270965051722684,-0.885604402010866,-0.7447888032734443,9,144,8,135,1.513848664298338,0.11941236271036121,-1.2328625389775876,0,0,0,0,0,1,1,1,train
6123215,OceanPark,20.9933,105.9441,2024-09-14,-0.43976760493360123,-0.6212915551937219,-0.6234192103857071,0.34079613695830097,84,80,139,156,1.93719552392588,0.5045617192650055,-1.5659397152446994,46161,0,0,0,0,0,0,0,train
6123215,OceanPark,20.9933,105.9441,2024-09-15,-0.8506393124701667,-0.30341178641793154,-0.3837331673031163,-0.7796909972892068,99,149,140,156,1.730390835523519,0.5028262246443961,-1.377019353654176,0,0,0,0,0,1,1,1,train
6123215,OceanPark,20.9933,105.9441,2024-09-16,-0.8939732332000557,-0.2722693167300944,0.2132655104082972,-0.7526867087166895,150,136,156,156,1.5235861471211583,0.5010907300237869,-1.1880989920636533,0,0,0,0,0,1,1,1,train
6123215,OceanPark,20.9933,105.9441,2024-09-17,-0.48574191012280543,-1.3304447065923422,-0.6734257474851866,-1.5110472420433883,0,55,18,156,1.3167814587187971,0.4993552354031776,-0.9991786304731304,0,1,0,0,0,1,1,1,train
6123215,OceanPark,20.9933,105.9441,2024-09-18,-0.07751058704555512,-0.7863901983430414,0.6670007018334937,-0.48385202180215764,0,98,36,156,1.109976770316436,0.4976197407825683,-0.8102582688826073,0,1,0,0,0,1,1,1,train
6123215,OceanPark,20.9933,105.9441,2024-09-19,0.3307207360316952,-0.774257041317161,0.38936256630621124,1.0705472294214975,2,5,14,156,0.9031720819140752,0.49588424616195914,-0.6213379072920845,46161,0,0,0,0,0,0,0,train
6123215,OceanPark,20.9933,105.9441,2024-09-20,-0.7933607820217898,-1.0377485544297613,-0.372491040959431,0.17074715990489459,13,31,27,156,1.2341972893315651,0.4844480983845711,-0.9407263645084837,0,0,0,0,0,1,1,1,train
6123215,OceanPark,20.9933,105.9441,2024-09-21,-1.1517743227238397,-0.44807232305380823,-0.27493358511890986,-1.021886184476273,43,100,82,156,1.5652224967490553,0.47301195060718304,-1.2601148217248828,0,0,0,0,0,1,1,1,train
6123215,OceanPark,20.9933,105.9441,2024-09-22,-0.7839886351275466,-0.513655024455079,-1.2475054658713094,-0.5116901049172041,0,0,0,156,1.8962477041665458,0.461575802829795,-1.579503278941282,0,1,1,1,0,1,1,1,train
6123215,OceanPark,20.9933,105.9441,2024-09-23,-0.4162029475312534,-0.5792377258563498,-2.220077346623709,-0.9394503555920207,0,59,2,156,2.227272911584036,0.45013965505240694,-1.898891736157681,0,1,0,0,0,1,1,1,train
6123215,OceanPark,20.9933,105.9441,2024-09-24,-0.04841725993496032,-0.3310974967876608,-0.6811093110009023,0.7053620915764105,139,29,147,156,2.5582981190015257,0.4387035072750189,-2.2182801933740803,46161,0,0,0,0,0,0,0,train
6123215,OceanPark,20.9933,105.9441,2024-09-25,0.1021206848623057,-0.7919981937559125,3.2896463194839907,0.01038397841621095,0,17,1,156,2.080023927091239,0.43138688653106955,-1.7328377492703868,0,1,0,0,0,1,1,1,train
6123215,OceanPark,20.9933,105.9441,2024-09-26,0.25265862965957175,-0.36955493282107305,-0.2838228233404892,-0.9732648720625832,84,133,110,156,1.6017497351809522,0.4240702657871202,-1.2473953051666942,0,0,0,0,0,1,1,1,train
6123215,OceanPark,20.9933,105.9441,2024-09-27,-0.24438892380855617,-0.6927031573370676,0.0003238066881985392,-1.1222194810016606,121,144,151,156,1.1234755432706651,0.41675364504317086,-0.7619528610630008,0,0,0,0,0,1,1,1,train
6123215,OceanPark,20.9933,105.9441,2024-09-28,0.33454353367382883,-0.6164349106227759,-0.09305059997968536,-0.9485023506950208,139,146,156,156,0.6452013513603786,0.40943702429922163,-0.2765104169593078,0,0,0,0,0,1,1,1,train
6123215,OceanPark,20.9933,105.9441,2024-09-29,0.31364746779778246,-0.705460849182544,-0.38257640705071694,-0.5452185476209362,0,155,0,147,0.16692715945009146,0.4021204035552723,0.20893202714438544,46161,1,0,1,0,0,0,0,train
6123215,OceanPark,20.9933,105.9441,2024-09-30,0.2927514019217366,-0.5937432970288293,-0.6721022141217485,0.659502495890436,0,62,8,156,0.6489635788690808,0.3939456920247617,-0.2884570618087253,0,1,0,0,0,1,1,1,train
6123215,OceanPark,20.9933,105.9441,2024-10-01,0.2718553360456903,-0.8762749404604221,-0.387168795719574,-0.04529323296856258,9,70,11,156,1.13099999828807,0.3857709804942511,-0.7858461507618361,0,0,0,0,0,1,1,1,train
6123215,OceanPark,20.9933,105.9441,2024-10-02,-0.6131087431929493,-0.08980506020167907,-0.053645376742847924,-0.776883890986796,132,125,142,156,1.6130364177070597,0.37759626896374054,-1.283235239714947,0,0,0,0,0,1,1,1,train
6123215,OceanPark,20.9933,105.9441,2024-10-03,-0.3907745938139268,-0.12506536885945235,-0.3256492509752206,-0.33089566489931177,156,87,156,156,2.095072837126049,0.36942155743322996,-1.780624328668058,0,0,0,0,0,1,1,1,train
6123215,OceanPark,20.9933,105.9441,2024-10-04,0.3353580285916072,0.07154501041689075,0.7255860421832203,-0.44473731691591645,107,16,137,156,2.577109256545038,0.3612468459027194,-2.2780134176211684,46161,0,0,0,0,0,0,0,train
6123215,OceanPark,20.9933,105.9441,2024-10-05,0.1856607135957741,0.02458053742809331,1.739454646517552,0.2976051972406565,156,104,156,156,2.5389411729066342,0.3725197302802752,-2.2362105320879113,0,0,0,0,0,1,1,1,train
6123215,OceanPark,20.9933,105.9441,2024-10-06,-0.23841532673634516,0.21267760712858927,0.32734771402701657,-0.3054011769166618,156,133,156,156,2.500773089268229,0.38379261465783115,-2.1944076465546543,0,0,0,0,0,1,1,1,train
6123215,OceanPark,20.9933,105.9441,2024-10-07,-0.3593589412407256,-0.15615983936464253,0.6239903095332215,-0.7475773954072293,139,137,146,156,2.462605005629825,0.395065499035387,-2.152604761021397,0,0,0,0,0,1,1,1,train
6123215,OceanPark,20.9933,105.9441,2024-10-08,0.007735440622393937,0.2049944652343427,0.5424303277331398,-0.9424261199982998,156,119,156,156,2.42443692199142,0.4063383834129429,-2.11080187548814,0,0,0,0,0,1,1,1,train
6123215,OceanPark,20.9933,105.9441,2024-10-09,-0.2407754589723936,-0.06932468168080064,0.7872230211521156,-0.5312905774562854,39,60,80,156,2.3862688383530157,0.4176112677904988,-2.068998989954883,46161,0,0,0,0,0,0,0,train
6123215,OceanPark,20.9933,105.9441,2024-10-10,-0.20310392720983836,-0.13112499294535948,0.01261194533354176,-0.10639425963693544,53,85,75,156,1.9992666985498186,0.3799766650717571,-1.661020829006353,0,0,0,0,0,1,1,1,train
6123215,OceanPark,20.9933,105.9441,2024-10-11,0.28036312875382385,0.10827774854672993,0.6269458518624986,-0.14407549008654716,67,129,118,156,1.6122645587466216,0.34234206235301534,-1.2530426680578228,0,0,0,0,0,1,1,1,train
6123215,OceanPark,20.9933,105.9441,2024-10-12,-0.19390330634812436,0.13867977629778477,0.002803797968177076,-0.761812043816697,33,138,96,156,1.225262418943425,0.3047074596342737,-0.8450645071092929,0,0,0,0,0,1,1,1,train
6123215,OceanPark,20.9933,105.9441,2024-10-13,-0.650649346800497,-0.07737436278794628,0.12521356373847525,-1.2239463569164457,17,108,49,156,0.8382602791402278,0.26707285691553195,-0.43708634616076275,0,0,0,0,0,1,1,1,train
6123215,OceanPark,20.9933,105.9441,2024-10-14,-0.05035656979682328,0.018247645268278774,0.6878549921362233,-0.7492992130894238,24,153,156,156,0.451258139337031,0.2294382541967903,-0.02910818521223296,46161,0,0,0,0,0,0,0,train
6123215,OceanPark,20.9933,105.9441,2024-10-15,-1.0902048503581574,-0.4485100428727918,-0.49304422036230794,-0.21444351510647688,4,155,2,150,0.5032292461020459,0.18304337657700281,-0.056706301337047904,0,0,0,0,0,1,1,1,train
6123215,OceanPark,20.9933,105.9441,2024-10-16,-0.5475157039939521,-0.44338067567319617,-0.3170328301671565,0.14794749128501838,0,57,20,156,0.5552003528670607,0.13664849895721523,-0.08430441746186271,0,1,0,0,0,1,1,1,train
6123215,OceanPark,20.9933,105.9441,2024-10-17,-0.004826557629746769,-0.29096090752967785,0.5127331786924019,-0.6870440668997339,81,151,124,156,0.6071714596320754,0.09025362133742777,-0.11190253358667766,0,0,0,0,0,1,1,1,train
6123215,OceanPark,20.9933,105.9441,2024-10-18,1.4238835449037144,-0.371735077514477,0.19404667104887616,-1.2487658541448756,66,152,115,156,0.6591425663970905,0.043858743717640196,-0.13950064971149248,0,0,0,0,0,1,1,1,train
6123215,OceanPark,20.9933,105.9441,2024-10-19,-0.46951823705494494,-0.7682988700491085,0.31095920343811756,-1.3971260985479421,12,97,60,156,0.7111136731621052,-0.0025361339021472817,-0.16709876583630742,46161,0,0,0,0,0,0,0,train
6123215,OceanPark,20.9933,105.9441,2024-10-20,-1.2599651289517275,-0.5950657290551358,0.21920050285630166,-0.5152184276722747,2,152,156,156,1.0489487991328086,0.0008939559106786439,-0.5689232438839434,0,0,0,0,0,1,1,1,train
6123215,OceanPark,20.9933,105.9441,2024-10-21,-0.9286622799509919,-0.5098554527927699,0.32977816873935983,0.8812584888381124,0,0,0,156,1.3867839251035117,0.004324045723504474,-0.9707477219315793,0,1,1,1,0,1,1,1,train
6123215,OceanPark,20.9933,105.9441,2024-10-22,-0.5973594309502562,-0.42464517653040407,0.44035583462241795,-0.5987519675866598,149,156,156,156,1.7246190510742148,0.0077541355363304,-1.372572199979215,0,0,0,0,0,1,1,1,train
6123215,OceanPark,20.9933,105.9441,2024-10-23,-0.8036593217337306,-0.23401424088714892,0.6326161841510245,-0.6033708345969114,128,120,132,156,2.062454177044918,0.011184225349156229,-1.774396678026851,0,0,0,0,0,1,1,1,train
6123215,OceanPark,20.9933,105.9441,2024-10-24,-0.19844455955402418,-0.644943697885765,-0.11286566309512679,-1.2912035536838153,156,88,156,156,2.4002893030156214,0.014614315161982154,-2.1762211560744875,46161,0,0,0,0,0,0,0,train
6123215,OceanPark,20.9933,105.9441,2024-10-25,0.6888594798502703,-0.5382307423290358,0.97138956066121,-1.403751423652228,70,0,156,156,1.7583749682211454,-0.08579165222049097,-1.591251146173473,0,0,1,0,0,1,1,1,train
6123215,OceanPark,20.9933,105.9441,2024-10-26,-0.593107310753331,-0.431517786772307,4.883612689801186,1.4197648822584337,128,0,140,156,1.1164606334266693,-0.1861976196029642,-1.0062811362724586,0,0,1,0,0,1,1,1,train
6123215,OceanPark,20.9933,105.9441,2024-10-27,-0.43164974215222646,-0.3248048312155778,3.670050180921212,0.38637078241872697,0,0,0,156,0.47454629863219333,-0.2866035869854374,-0.42131112637144436,0,1,1,1,0,1,1,1,train
6123215,OceanPark,20.9933,105.9441,2024-10-28,-0.2701921735511219,-0.21809187565884855,2.4564876720412387,-0.38174691933928606,0,6,0,156,-0.16736803616228244,-0.38700955436791046,0.16365888352957014,0,1,0,1,0,1,1,1,train
6123215,OceanPark,20.9933,105.9441,2024-10-29,-0.10873460495001734,0.00986851522573055,1.2429251631612652,-0.8862946246662626,0,144,0,156,-0.8092823709567581,-0.48741552175038366,0.7486288934305847,46161,1,0,1,0,0,0,0,train
6123215,OceanPark,20.9933,105.9441,2024-10-30,0.052722963651087223,0.04921639064166928,0.02936265428129131,-0.7624545451911351,141,48,155,156,-0.8765245396134766,-0.40119479487357707,0.8655164186206645,0,0,0,0,0,1,1,1,train
6123215,OceanPark,20.9933,105.9441,2024-10-31,0.7181485648515399,0.3375510261656159,-1.5812248391836592,0.8705180612795692,148,96,15,155,-0.9437667082701952,-0.3149740679967704,0.9824039438107444,0,0,0,0,0,1,1,1,train
6123215,OceanPark,20.9933,105.9441,2024-11-01,0.3660086649102596,-0.08201282925597217,0.5955611570843194,0.2730034775865561,156,152,156,156,-1.0110088769269137,-0.2287533411199638,1.0992914690008242,0,0,0,0,0,1,1,1,train
6123215,OceanPark,20.9933,105.9441,2024-11-02,0.1908275547206093,-0.035630891801970904,0.12733049616523584,-0.19413726454244476,156,129,156,156,-1.078251045583632,-0.14253261424315716,1.2161789941909038,0,0,0,0,0,1,1,1,train
6123215,OceanPark,20.9933,105.9441,2024-11-03,0.3001161783040298,-0.16083048710285486,-1.169364978218613,-0.8984788587619912,0,4,1,156,-1.1454932142403504,-0.05631188736635052,1.333066519380984,46161,1,0,0,0,0,0,0,train
6123215,OceanPark,20.9933,105.9441,2024-11-04,0.4094048018874503,-0.2613576843579307,-0.7150453948349476,-0.759544476221915,0,141,0,156,-0.4566772281304638,0.05606434285139374,0.6573381740340964,0,1,0,1,0,1,1,1,train
6123215,OceanPark,20.9933,105.9441,2024-11-05,0.5186934254708714,-0.006849927355590037,-0.260725811451282,-0.369441626469995,0,3,0,156,0.2321387579794229,0.1684405730691381,-0.018390171312791047,0,1,0,1,0,1,1,1,train
6123215,OceanPark,20.9933,105.9441,2024-11-06,0.6279820490542919,0.16692920434093306,0.19359377193238358,0.3807694401472565,0,1,1,156,0.9209547440893098,0.28081680328688235,-0.6941185166596784,0,1,0,0,0,1,1,1,train
6123215,OceanPark,20.9933,105.9441,2024-11-07,0.7372706726377124,0.950981125774096,0.642531497950034,-0.6807708096149604,130,134,153,156,1.6097707301991966,0.3931930335046267,-1.3698468620065658,0,0,0,0,0,1,1,1,train
6123215,OceanPark,20.9933,105.9441,2024-11-08,0.0521464737902796,0.5403273913530314,0.29529662450281813,-0.8185837710444372,152,76,156,156,2.2985867163090834,0.505569263722371,-2.045575207353453,46161,0,0,0,0,0,0,0,train
6123215,OceanPark,20.9933,105.9441,2024-11-09,0.5952697002730486,0.33170794384684943,0.9736444280094002,-0.486195796103928,156,118,156,156,2.2548826773503574,0.5021920366264738,-1.9942813717575865,0,0,0,0,0,1,1,1,train
6123215,OceanPark,20.9933,105.9441,2024-11-10,-0.0059549248881145015,0.1369818052118303,0.2124810651377162,0.03339043088962128,156,149,156,156,2.2111786383916305,0.49881480953057683,-1.9429875361617193,0,0,0,0,0,1,1,1,train
6123215,OceanPark,20.9933,105.9441,2024-11-11,1.0292795337612495,0.3759375543155728,1.9058939787680622,0.5964367277305614,156,90,156,156,2.167474599432904,0.4954375824346797,-1.8916937005658527,0,0,0,0,0,1,1,1,train
6123215,OceanPark,20.9933,105.9441,2024-11-12,2.1687992828187204,-0.20506200662997265,1.2591272488076934,-0.19847367103490457,65,150,150,156,2.1237705604741772,0.4920603553387827,-1.8403998649699855,0,0,0,0,0,1,1,1,train
6123215,OceanPark,20.9933,105.9441,2024-11-13,0.46687079303528367,-0.38819361543069186,0.5777144573917907,-0.7374458451039748,113,144,144,156,2.080066521515451,0.4886831282428857,-1.7891060293741188,46161,0,0,0,0,0,0,0,train
6123215,OceanPark,20.9933,105.9441,2024-11-14,1.613719220197542,-0.28491682863360307,-0.22277598216491806,-1.0122952478968903,117,134,156,156,1.909587647912182,0.35380202869842226,-1.5674478479468288,0,0,0,0,0,1,1,1,train
6123215,OceanPark,20.9933,105.9441,2024-11-15,1.7633690864232,-0.38140773098469816,0.20413361858926973,-0.24272552020666913,34,156,156,156,1.7391087743089124,0.21892092915395878,-1.3457896665195388,0,0,0,0,0,1,1,1,train
6123215,OceanPark,20.9933,105.9441,2024-11-16,0.44782531374293333,-0.43592743895489855,-1.7188227259004438,0.5570180321401104,40,156,41,155,1.568629900705643,0.0840398296094954,-1.124131485092249,0,0,0,0,0,1,1,1,train
6123215,OceanPark,20.9933,105.9441,2024-11-17,0.39573493830509054,-0.416056050063791,0.5028691224497625,0.01672493186271775,154,156,156,156,1.398151027102374,-0.050841269934968084,-0.9024733036649589,0,0,0,0,0,1,1,1,train
6123215,OceanPark,20.9933,105.9441,2024-11-18,-0.07641660111471354,0.033469113340959804,0.8411566684914501,-0.31025242660472885,16,64,47,156,1.2276721534991049,-0.18572236947943147,-0.6808151222376687,46161,0,0,0,0,0,0,0,train
6123215,OceanPark,20.9933,105.9441,2024-11-19,-0.18330713344660293,-0.019243807214454445,-0.38344187833145815,-0.8807662939146147,154,129,156,156,1.0003663487785135,-0.014141758171608775,-0.5192777050142936,0,0,0,0,0,1,1,1,train
6123215,OceanPark,20.9933,105.9441,2024-11-20,0.027298289116410992,0.1263753494611166,0.39762475414247417,-0.7039314970576482,156,67,156,156,0.7730605440579221,0.15743885313621392,-0.3577402877909186,0,0,0,0,0,1,1,1,train
6123215,OceanPark,20.9933,105.9441,2024-11-21,-0.509589357115765,0.3202366846406975,-0.4075707101794129,0.22656849065471654,153,72,156,156,0.5457547393373308,0.3290194644440366,-0.1962028705675437,0,0,0,0,0,1,1,1,train
6123215,OceanPark,20.9933,105.9441,2024-11-22,0.3030479540292568,-0.37447157637031636,-0.9501812018443804,0.8226156958398042,67,122,116,156,0.3184489346167393,0.5006000757518593,-0.03466545334416868,0,0,0,0,0,1,1,1,train
6123215,OceanPark,20.9933,105.9441,2024-11-23,0.46475615108987406,-0.16689992920339686,0.4270432425478102,-0.41221234215169983,25,106,104,156,0.09114312989614783,0.6721806870596819,0.12687196387920643,46161,0,0,0,0,0,0,0,train
6123215,OceanPark,20.9933,105.9441,2024-11-24,0.8007465959581385,-0.09460197851695243,0.38026569893359635,-0.9240318754067484,0,0,0,156,0.12277523412156147,0.6360697526337894,0.08786529969531756,0,1,1,1,0,1,1,1,train
6123215,OceanPark,20.9933,105.9441,2024-11-25,1.1367370408264024,-0.0223040278305075,0.3334881553193825,-1.1238007104485486,4,152,67,156,0.15440733834697512,0.5999588182078968,0.04885863551142877,0,0,0,0,0,1,1,1,train
6123215,OceanPark,20.9933,105.9441,2024-11-26,0.643646004259495,-0.05901367544445727,0.20537068389708904,-0.45577773372932134,0,0,0,156,0.18603944257238889,0.5638478837820042,0.009851971327539977,0,1,1,1,0,1,1,1,train
6123215,OceanPark,20.9933,105.9441,2024-11-27,0.15055496769258822,-0.09572332305840653,0.0772532124747956,0.5705625798448343,0,0,0,156,0.21767154679780254,0.5277369493561117,-0.02915469285634895,0,1,1,1,0,1,1,1,train
6123215,OceanPark,20.9933,105.9441,2024-11-28,-0.3425360688743191,-0.1324329706723563,-0.050864258947497826,-0.08312801157151872,111,129,137,156,0.24930365102321617,0.4916260149302191,-0.06816135704023774,46161,0,0,0,0,0,0,0,train
6123215,OceanPark,20.9933,105.9441,2024-11-29,0.3177385497472053,-0.06882641743826147,0.046124828735071,-0.30707915782540046,141,86,146,156,0.06474658718886003,0.3781454384264154,0.07410475121236665,0,0,0,0,0,1,1,1,train
6123215,OceanPark,20.9933,105.9441,2024-11-30,4.970187312282071,0.32367080798061904,2.786337117290269,-0.6107729186597342,153,82,156,156,-0.11981047664549625,0.2646648619226115,0.21637085946497106,0,0,0,0,0,1,1,1,train
6123215,OceanPark,20.9933,105.9441,2024-12-01,1.450843834156351,-0.00225700556654466,0.0011794636818308053,-0.7791465612853606,24,68,97,156,-0.3043675404798525,0.1511842854188078,0.3586369677175755,0,0,0,0,0,1,1,1,train
6123215,OceanPark,20.9933,105.9441,2024-12-02,0.6853905180830115,-0.11965264284869243,-3.216913464989726,0.571655871363747,0,5,1,152,-0.48892460431420864,0.037703708915004054,0.5009030759701799,0,1,0,0,0,1,1,1,train
6123215,OceanPark,20.9933,105.9441,2024-12-03,-0.0800627979903279,-0.2343946889541075,0.15216327054721304,1.0132181659949975,0,70,7,156,-0.6734816681485648,-0.07577686758879969,0.6431691842227844,46161,1,0,0,0,0,0,0,train
6123215,OceanPark,20.9933,105.9441,2024-12-04,-0.8455161140636673,-0.3260008563035089,0.818591157227874,-0.4175933359549616,43,75,60,156,-0.6485035122685158,-0.09622942088022698,0.5849445614761605,0,0,0,0,0,1,1,1,train
6123215,OceanPark,20.9933,105.9441,2024-12-05,-0.3780301588496731,-0.13265660322784384,0.39242415875211595,-1.0724697598717938,5,125,63,156,-0.6235253563884668,-0.11668197417165427,0.5267199387295367,0,0,0,0,0,1,1,1,train
6123215,OceanPark,20.9933,105.9441,2024-12-06,0.1804507372254568,-0.5765936799716157,0.34077973458000416,-0.6269157209001457,0,17,0,156,-0.5985472005084178,-0.13713452746308158,0.46849531598291283,0,1,0,1,0,1,1,1,train
6123215,OceanPark,20.9933,105.9441,2024-12-07,0.7389316333005872,-0.3921738203807109,0.2891353104078923,0.17503248072965033,0,0,0,156,-0.5735690446283688,-0.15758708075450886,0.41027069323628906,0,1,1,1,0,1,1,1,train
6123215,OceanPark,20.9933,105.9441,2024-12-08,1.2974125293757175,-0.20775396078980557,0.23749088623578044,0.554047403922547,0,0,0,156,-0.5485908887483198,-0.17803963404593615,0.3520460704896653,46161,1,1,1,0,0,0,0,train
6123215,OceanPark,20.9933,105.9441,2024-12-09,1.8558934254508475,-0.02333410119890078,0.1858464620636686,0.19776028749985267,3,18,11,156,-0.5548849910740318,-0.15360586702946208,0.3751526587062494,0,0,0,0,0,1,1,1,train
6123215,OceanPark,20.9933,105.9441,2024-12-10,3.61904173838332,0.296111640910583,0.5082726549711936,-0.9743837250788242,55,89,83,156,-0.5611790933997436,-0.12917210001298782,0.39825924692283354,0,0,0,0,0,1,1,1,train
6123215,OceanPark,20.9933,105.9441,2024-12-11,3.166684286201775,-0.23610765978464365,0.33810550607709494,-0.6316488382477554,0,20,0,156,-0.5674731957254556,-0.10473833299651372,0.42136583513941767,0,1,0,1,0,1,1,1,train
6123215,OceanPark,20.9933,105.9441,2024-12-12,2.71432683402023,-0.32883389896989285,0.16793835718299613,-0.10353779217204342,0,3,0,156,-0.5737672980511676,-0.08030456598003946,0.44447242335600184,0,1,0,1,0,1,1,1,train
6123215,OceanPark,20.9933,105.9441,2024-12-13,2.261969381838685,-0.3262463066692902,-0.002228791711102675,0.45935071617370554,0,0,0,156,-0.5800614003768795,-0.05587079896356538,0.467579011572586,46161,1,1,1,0,0,0,0,train
6123215,OceanPark,20.9933,105.9441,2024-12-14,1.8096119296571396,-0.3236587143686876,-0.1723959406052014,0.5528708583679431,0,99,0,156,-0.029793104045617042,0.028234874047525227,-0.05501748048962183,0,1,0,1,0,1,1,1,train
6123215,OceanPark,20.9933,105.9441,2024-12-15,1.3572544774755946,0.2766667902106728,-0.34256308949930026,0.29210868515010613,0,44,0,156,0.5204751922856455,0.11234054705861574,-0.5776139725518298,0,1,0,1,0,1,1,1,train
6123215,OceanPark,20.9933,105.9441,2024-12-16,0.9048970252940496,0.1831253830883981,-0.512730238393399,-0.7659992320823458,147,115,156,156,1.070743488616908,0.19644622006970625,-1.1002104646140376,0,0,0,0,0,1,1,1,train
6123215,OceanPark,20.9933,105.9441,2024-12-17,2.483087244178618,0.6215954620183087,0.9761917704160793,-0.28548100649160113,1,41,52,156,1.6210117849481704,0.28055189308079687,-1.622806956676245,0,0,0,0,0,1,1,1,train
6123215,OceanPark,20.9933,105.9441,2024-12-18,0.28321386096604817,0.7165899353060221,-1.0925249708198048,0.8952122593925901,156,113,156,156,2.1712800812794333,0.36465756609188743,-2.1454034487384535,46161,0,0,0,0,0,0,0,train
6123215,OceanPark,20.9933,105.9441,2024-12-19,1.4993770743132555,0.9475682747992032,0.2048225257284678,0.3355004539058338,153,123,156,156,2.095717932680346,0.37256126747641427,-2.068022934903983,0,0,0,0,0,1,1,1,train
6123215,OceanPark,20.9933,105.9441,2024-12-20,3.424141985344361,0.876201671889588,2.2844288929521586,-0.47784638383871303,148,58,150,156,2.0201557840812585,0.38046496886094106,-1.9906424210695122,0,0,0,0,0,1,1,1,train
6123215,OceanPark,20.9933,105.9441,2024-12-21,2.8125182138570795,1.096758188851653,1.3117452235163678,-0.9834877987464745,82,122,123,156,1.9445936354821716,0.38836867024546795,-1.9132619072350416,0,0,0,0,0,1,1,1,train
6123215,OceanPark,20.9933,105.9441,2024-12-22,8.567784975490815,1.6724573855094433,3.7096989240634883,-0.39673115268559805,71,21,156,156,1.8690314868830842,0.39627237162999474,-1.8358813934005709,0,0,0,0,0,1,1,1,train
6123215,OceanPark,20.9933,105.9441,2024-12-23,0.3591052495744352,0.9655011512458922,-0.6288527439269738,0.8416452750308419,122,17,156,156,1.7934693382839966,0.4041760730145216,-1.7585008795661004,46161,0,0,0,0,0,0,0,train
6123215,OceanPark,20.9933,105.9441,2024-12-24,2.0320849153193628,-0.018432184671602875,0.7978540336987133,0.7324655503973247,0,16,0,156,1.8380327647453094,0.38332804200076487,-1.7908800584370317,0,1,0,1,0,1,1,1,train
6123215,OceanPark,20.9933,105.9441,2024-12-25,3.7050645810642893,0.5636885390003121,2.224560811324401,0.4175291502496933,40,61,61,156,1.8825961912066214,0.3624800109870082,-1.8232592373079626,0,0,0,0,0,1,1,1,train
6123215,OceanPark,20.9933,105.9441,2024-12-26,2.3950541722210406,-0.12800040978895588,1.6646541503090118,-0.9717296294216365,0,129,4,156,1.9271596176679342,0.34163197997325156,-1.855638416178894,0,1,0,0,0,1,1,1,train
6123215,OceanPark,20.9933,105.9441,2024-12-27,1.0850437633777914,-0.16998878569545478,0.3002163731368409,-0.8975622282456429,0,133,0,156,1.9717230441292461,0.3207839489594949,-1.8880175950498248,0,1,0,1,0,1,1,1,train
6123215,OceanPark,20.9933,105.9441,2024-12-28,-0.22496664546545786,0.8516800894574182,-1.0642214040353302,0.07286865550451659,156,127,156,156,2.016286470590559,0.29993591794573826,-1.9203967739207561,46161,0,0,0,0,0,0,0,train
6123215,OceanPark,20.9933,105.9441,2024-12-29,1.477002569064781,0.8955837963849058,-3.135752752575838,0.6325329064533107,156,117,156,156,1.8942316080819457,0.2936485771954201,-1.7878649612443882,0,0,0,0,0,1,1,1,train
6123215,OceanPark,20.9933,105.9441,2024-12-30,1.6474457377894862,0.8936369204465365,-2.754440627706129,0.32189791877981916,0,0,2,156,1.7721767455733324,0.28736123644510186,-1.6553331485680198,0,1,1,0,0,1,1,1,train
6123215,OceanPark,20.9933,105.9441,2024-12-31,1.817888906514191,0.8916900445081669,-0.6283131907020564,-0.14063092901372692,0,0,0,156,1.6501218830647193,0.2810738956947837,-1.522801335891652,0,1,1,1,0,1,1,1,train
6123215,OceanPark,20.9933,105.9441,2025-01-01,1.988332075238896,0.8897431685697976,1.4978142463020165,-0.5615974353728883,156,118,156,156,1.5280670205561064,0.2747865549444654,-1.3902695232152833,0,0,0,0,0,1,1,1,train
6123215,OceanPark,20.9933,105.9441,2025-01-02,3.4645627546234303,0.8103822472466531,2.3411552863899017,-0.06246034651897465,95,87,119,156,1.4060121580474934,0.26849921419414724,-1.2577377105389154,46161,0,0,0,0,0,0,0,train
6123215,OceanPark,20.9933,105.9441,2025-01-03,0.19632298491663547,1.148046133672391,1.1287408630478883,1.1311568840822306,150,91,156,156,0.9895496428555056,0.21506881196470873,-0.8638448640187527,0,0,0,0,0,1,1,1,train
6123215,OceanPark,20.9933,105.9441,2025-01-04,1.7259439330285156,0.8977933951222011,0.9694676348633798,0.4436256174667408,149,118,156,156,0.5730871276635178,0.16163840973527022,-0.46995201749858984,0,0,0,0,0,1,1,1,train
6123215,OceanPark,20.9933,105.9441,2025-01-05,0.2981315510613834,1.5998226223766228,0.9883963713379735,0.3771761610287937,156,49,156,156,0.15662461247153012,0.1082080075058317,-0.07605917097842706,0,0,0,0,0,1,1,1,train
6123215,OceanPark,20.9933,105.9441,2025-01-06,3.6051065169229957,1.7639340096102347,0.8854461740405203,-0.26802280243189264,156,87,156,156,-0.25983790272045754,0.05477760527639318,0.31783367554173564,0,0,0,0,0,1,1,1,train
6123215,OceanPark,20.9933,105.9441,2025-01-07,2.8218673975755157,0.4085208176505467,-0.6628930173487884,-0.5230826492732459,0,10,0,156,-0.6763004179124452,0.0013472030469546628,0.7117265220618982,46161,1,0,1,0,0,0,0,train
6123215,OceanPark,20.9933,105.9441,2025-01-08,2.038628278228035,0.34875938075774604,-2.211232208738097,0.14300405895413254,0,13,7,156,-0.1630480129213723,0.0710595483951971,0.17926819233820052,0,1,0,0,0,1,1,1,train
6123215,OceanPark,20.9933,105.9441,2025-01-09,1.2553891588805546,0.45010801857030885,-1.5812218623375596,0.5823457731588794,0,4,24,156,0.3502043920697005,0.14077189374343954,-0.35319013738549715,0,1,0,0,0,1,1,1,train
6123215,OceanPark,20.9933,105.9441,2025-01-10,0.4721500395330741,0.5487571114431997,-0.7438947941271022,0.35194960218118154,0,0,0,156,0.8634567970607736,0.21048423909168207,-0.885648467109195,0,1,1,1,0,1,1,1,train
6123215,OceanPark,20.9933,105.9441,2025-01-11,-0.3110890798144058,0.6474062043160911,0.09343227408335507,-0.718968346476732,41,65,75,156,1.3767092020518463,0.2801965844399245,-1.4181067968328926,0,0,0,0,0,1,1,1,train
6123215,OceanPark,20.9933,105.9441,2025-01-12,0.21220893439086239,0.3010241936204027,-0.19437935843805557,-0.32914308980794876,156,115,156,156,1.8899616070429193,0.34990892978816696,-1.9505651265565906,46161,0,0,0,0,0,0,0,train
6123215,OceanPark,20.9933,105.9441,2025-01-13,4.896203262707989,0.6670640513889752,4.643564343704801,0.33417366736591003,155,132,156,156,1.8023050116574408,0.33618794305569305,-1.842791764005422,0,0,0,0,0,1,1,1,train
6123215,OceanPark,20.9933,105.9441,2025-01-14,0.8730507814823847,0.21281669566919822,4.520132426909905,0.9009662838320984,52,82,85,156,1.7146484162719624,0.3224669563232193,-1.7350184014542536,0,0,0,0,0,1,1,1,train
6123215,OceanPark,20.9933,105.9441,2025-01-15,0.5217129433588917,0.3919079187265125,-0.9667519976995353,0.6752027796391298,0,54,54,156,1.626991820886484,0.30874596959074546,-1.627245038903085,0,1,0,0,0,1,1,1,train
6123215,OceanPark,20.9933,105.9441,2025-01-16,0.1703751052353988,0.9051866328621938,0.5631700094887769,-0.3220217044307422,156,83,156,156,1.5393352255010062,0.29502498285827167,-1.5194716763519172,0,0,0,0,0,1,1,1,train
6123215,OceanPark,20.9933,105.9441,2025-01-17,4.628668832049344,1.1172541125623638,2.534739913492759,-0.43714841891934747,156,79,156,156,1.4516786301155278,0.2813039961257978,-1.4116983138007486,46161,0,0,0,0,0,0,0,train
6123215,OceanPark,20.9933,105.9441,2025-01-18,3.6081752935700595,0.06843379066928222,1.8220565552087147,-0.04142200989360579,0,1,0,156,1.0882159538982112,0.30035773959063106,-1.0449954163218393,0,1,0,1,0,1,1,1,train
6123215,OceanPark,20.9933,105.9441,2025-01-19,2.5876817550907742,0.24999260807059598,1.10937319692467,0.7662273014873036,0,6,0,156,0.7247532776808945,0.31941148305546424,-0.6782925188429302,0,1,0,1,0,1,1,1,train
6123215,OceanPark,20.9933,105.9441,2025-01-20,1.5671882166114899,1.5438315758248649,0.39668983864062546,0.48211514068467776,156,128,156,156,0.36129060146357783,0.33846522652029737,-0.311589621364021,0,0,0,0,0,1,1,1,train
6123215,OceanPark,20.9933,105.9441,2025-01-21,1.2953610678789833,0.8660146635417385,0.7743759797868612,-0.30203619690737005,156,75,156,156,-0.0021720747537387424,0.3575189699851306,0.05511327611488811,0,0,0,0,0,1,1,1,train
6123215,OceanPark,20.9933,105.9441,2025-01-22,0.982059782955377,0.5094784621211701,0.08527022918617075,0.09685673218462032,0,0,1,156,-0.36563475097105536,0.37657271344996385,0.42181617359379725,46161,1,1,0,0,0,0,0,train
6123215,OceanPark,20.9933,105.9441,2025-01-23,0.6687584980317707,0.15294226070060177,0.19926837413350004,-0.2410977067225938,0,0,0,156,0.12345523010724645,0.38322453846744375,-0.10040780142802423,0,1,1,1,0,1,1,1,train
6123215,OceanPark,20.9933,105.9441,2025-01-24,0.3554572131081644,-0.20359394071996714,0.31326651908082925,-0.17898025219666738,0,5,0,156,0.6125452111855484,0.38987636348492355,-0.6226317764498458,0,1,0,1,0,1,1,1,train
6123215,OceanPark,20.9933,105.9441,2025-01-25,0.04215592818455764,0.2782356725857398,0.4272646640281584,1.0224600806342226,0,0,0,156,1.1016351922638503,0.39652818850240346,-1.1448557514716673,0,1,1,1,0,1,1,1,train
6123215,OceanPark,20.9933,105.9441,2025-01-26,-0.2711453567390484,0.7600652858914467,0.5412628089754876,0.24427432918518505,0,0,0,156,1.5907251733421521,0.4031800135198833,-1.6670797264934887,0,1,1,1,0,1,1,1,train
6123215,OceanPark,20.9933,105.9441,2025-01-27,-0.5844466416626549,1.2418948991971537,0.6552609539228169,-0.0506492326441796,121,97,132,156,2.079815154420454,0.4098318385373632,-2.18930370151531,46161,0,0,0,0,0,0,0,train
6123215,OceanPark,20.9933,105.9441,2025-01-28,-1.064223223691231,0.8362265344277581,0.18045509274640328,-0.81422207180871,24,79,89,156,1.519102406952102,0.29572716514723973,-1.6105110040882396,0,0,0,0,0,1,1,1,train
6123215,OceanPark,20.9933,105.9441,2025-01-29,-0.5428145966453107,0.9201004698097579,-0.000651761358357405,-0.6425713616132017,0,10,8,156,0.9583896594837501,0.1816224917571162,-1.031718306661169,0,1,0,0,0,1,1,1,train
6123215,OceanPark,20.9933,105.9441,2025-01-30,-0.02140596959939058,0.6266604666775392,1.4461456992162816,1.0280005949032889,127,59,145,156,0.39767691201539784,0.06751781836699261,-0.4529256092340986,0,0,0,0,0,1,1,1,train
6123215,OceanPark,20.9933,105.9441,2025-01-31,-0.8658850841632241,0.19635052151937818,-0.4877767157207352,0.5706397122602542,18,63,41,156,-0.16303583545295414,-0.04658685502313098,0.12586708819297207,0,0,0,0,0,1,1,1,train
6123215,OceanPark,20.9933,105.9441,2025-02-01,0.20545040273044346,-0.21056882194761783,0.011948922795178465,-0.06824730826169942,4,41,18,156,-0.7237485829213062,-0.16069152841325438,0.7046597856200423,46161,0,0,0,0,0,0,0,train
6123215,OceanPark,20.9933,105.9441,2025-02-02,-0.09417673468894541,0.014670615270946178,0.7473666430439402,-0.31572760377548353,0,0,0,156,-0.7151116642331681,-0.11515299800530145,0.6549175184725,0,1,1,1,0,1,1,1,train
6123215,OceanPark,20.9933,105.9441,2025-02-03,-0.3938038721083348,0.23991005248951017,1.482784363292702,-0.569855710149965,0,0,0,156,-0.7064747455450301,-0.06961446759734871,0.6051752513249578,0,1,1,1,0,1,1,1,train
6123215,OceanPark,20.9933,105.9441,2025-02-04,-0.6934310095277239,0.4651494897080742,2.2182020835414633,0.24130501860905812,83,76,148,156,-0.697837826856892,-0.024075937189395775,0.5554329841774155,0,0,0,0,0,1,1,1,train
6123215,OceanPark,20.9933,105.9441,2025-02-05,-0.31596879970015823,0.4822397623212933,1.9599923360251832,0.7640350746142035,0,0,0,156,-0.689200908168754,0.021462593218557157,0.5056907170298732,0,1,1,1,0,1,1,1,train
6123215,OceanPark,20.9933,105.9441,2025-02-06,0.06149341012740762,0.49933003493451183,1.7017825885089024,0.6768238145485632,0,0,0,156,-0.6805639894806159,0.06700112362650999,0.455948449882331,46161,1,1,1,0,0,0,0,train
6123215,OceanPark,20.9933,105.9441,2025-02-07,0.4389556199549735,0.5164203075477309,1.443572840992622,-0.18736298996540865,0,0,0,156,-0.2137446802658314,0.24444219561573546,0.002890925982262609,0,1,1,1,0,1,1,1,train
6123215,OceanPark,20.9933,105.9441,2025-02-08,0.8164178297825389,0.5335105801609495,1.1853630934763417,-0.578392712749546,0,0,0,156,0.2530746289489531,0.42188326760496087,-0.4501665979178057,0,1,1,1,0,1,1,1,train
6123215,OceanPark,20.9933,105.9441,2025-02-09,1.1938800396101048,0.5506008527741686,0.9271533459600612,0.09116110203018887,0,2,0,156,0.7198939381637374,0.5993243395941863,-0.9032241218178743,0,1,0,1,0,1,1,1,train
6123215,OceanPark,20.9933,105.9441,2025-02-10,1.57134224943767,0.6484347777100375,0.6689435984437808,0.6794201878058257,0,0,0,156,1.186713247378522,0.7767654115834117,-1.3562816457179427,0,1,1,1,0,1,1,1,train
6123215,OceanPark,20.9933,105.9441,2025-02-11,1.948804459265236,0.7462687026459065,0.4107338509275004,0.003234463447318168,62,131,135,156,1.6535325565933063,0.9542064835726373,-1.8093391696180108,46161,0,0,0,0,0,0,0,train
6123215,OceanPark,20.9933,105.9441,2025-02-12,1.8861171678397433,0.03900429181198122,-1.1592170983743677,-0.28500758128290343,0,10,6,156,1.1750993073402276,0.6462055896984094,-1.3438883914310993,0,1,0,0,0,1,1,1,train
6123215,OceanPark,20.9933,105.9441,2025-02-13,1.823429876414251,0.2656272509256722,-0.11655722463021563,-0.45038497447051357,0,58,20,156,0.6966660580871492,0.33820469582418133,-0.8784376132441877,0,1,0,0,0,1,1,1,train
6123215,OceanPark,20.9933,105.9441,2025-02-14,1.7607425849887584,0.5632756369405384,-1.8808016274559705,0.7167162638248973,0,4,2,156,0.21823280883407045,0.030203801949953316,-0.41298683505727585,0,1,0,0,0,1,1,1,train
6123215,OceanPark,20.9933,105.9441,2025-02-15,1.698055293563266,0.5460342487187861,-1.7917151071808501,1.3182702098520904,0,0,0,156,-0.2602004404190083,-0.27779709192427454,0.05246394312963568,0,1,1,1,0,1,1,1,train
6123215,OceanPark,20.9933,105.9441,2025-02-16,1.6353680021377732,0.5287928604970343,-1.7026285869057298,0.8933715329693187,0,0,0,156,-0.738633689672087,-0.5857979857985026,0.5179147213165475,46161,1,1,1,0,0,0,0,train
6123215,OceanPark,20.9933,105.9441,2025-02-17,1.572680710712281,0.511551472275282,-1.6135420666306097,1.012996951541482,0,0,0,156,-0.7245109558578786,-0.49638150760942634,0.49397556150371547,0,1,1,1,0,1,1,1,train
6123215,OceanPark,20.9933,105.9441,2025-02-18,1.5099934192867883,0.4943100840535302,-1.5244555463554894,0.7533154008414585,0,0,0,156,-0.7103882220436702,-0.4069650294203501,0.4700364016908835,0,1,1,1,0,1,1,1,train
6123215,OceanPark,20.9933,105.9441,2025-02-19,-0.07641660111471354,0.4770686958317784,-1.435369026080369,0.8174104074691132,0,0,0,156,-0.6962654882294621,-0.3175485512312737,0.4460972418780515,0,1,1,1,0,1,1,1,train
6123215,OceanPark,20.9933,105.9441,2025-02-20,-0.07641660111471354,0.4598273076100261,-1.346282505805249,0.5624835640262422,0,5,0,147,-0.6821427544152537,-0.22813207304219743,0.4221580820652195,0,1,0,1,0,1,1,1,train
6123215,OceanPark,20.9933,105.9441,2025-02-21,-0.07641660111471354,0.47079984803592667,-1.2571959855301287,0.6134674635259513,0,0,0,156,-0.6680200206010454,-0.13871559485312118,0.39821892225238753,46161,1,1,1,0,0,0,0,train
6123215,OceanPark,20.9933,105.9441,2025-02-22,-0.07641660111471354,0.4817723884618273,-0.02108139769078835,0.9249656631135325,0,0,0,156,-0.6576109219455434,-0.7991253719562672,0.4108667433843205,0,1,1,1,0,1,1,1,train
6123215,OceanPark,20.9933,105.9441,2025-02-23,-0.07641660111471354,0.49274492888772786,-0.02108139769078835,0.32701229735678433,0,0,0,156,-0.6472018232900416,-1.4595351490594128,0.4235145645162536,0,1,1,1,0,1,1,1,train
6123215,OceanPark,20.9933,105.9441,2025-02-24,-0.07641660111471354,0.5037174693136279,-0.02108139769078835,-0.33587555819776543,0,0,0,156,-0.6367927246345396,-2.119944926162559,0.4361623856481866,0,1,1,1,0,1,1,1,train
6123215,OceanPark,20.9933,105.9441,2025-02-25,1.0711823793083406,0.5146900097395285,-0.9008499044296474,-0.49103438448958,0,0,0,156,-0.6263836259790376,-2.7803547032657048,0.4488102067801197,0,1,1,1,0,1,1,1,train
6123215,OceanPark,20.9933,105.9441,2025-02-26,1.0084950878828483,0.5256625501654292,-0.8117633841545273,0.37387195676417223,0,15,0,156,-0.6159745273235356,-3.44076448036885,0.46145802791205276,46161,1,0,1,0,0,0,0,train
6123215,OceanPark,20.9933,105.9441,2025-02-27,0.945807796457356,-0.11313266296563008,-0.722676863879407,0.0313203378063267,0,2,0,156,-0.6641073946551264,-2.775680894341042,0.5129344980789712,0,1,0,1,0,1,1,1,train
6123215,OceanPark,20.9933,105.9441,2025-02-28,0.8831205050318633,-0.075443622938437,-0.6335903436042867,0.19721803139005437,0,0,0,156,-0.7122402619867173,-2.1105973083132326,0.5644109682458897,0,1,1,1,0,1,1,1,train
6123215,OceanPark,20.9933,105.9441,2025-03-01,0.8204332136063706,-0.037754582911243915,-0.5445038233291664,0.40083040037316914,0,24,0,156,-0.760373129318308,-1.4455137222854244,0.6158874384128081,0,1,0,1,0,1,1,1,train
6123215,OceanPark,20.9933,105.9441,2025-03-02,0.7577459221808783,0.006797112981906016,-0.4554173030540461,0.5097141372011726,0,118,0,156,-0.8085059966498988,-0.7804301362576155,0.6673639085797266,0,1,0,1,0,1,1,1,train
6123215,OceanPark,20.9933,105.9441,2025-03-03,0.695058630755386,0.13217002351329718,-0.3663307827789258,1.7809760732542532,0,0,0,156,-0.8566388639814896,-0.11534655022980703,0.7188403787466451,46161,1,1,1,0,0,0,0,train
6123215,OceanPark,20.9933,105.9441,2025-03-04,0.6323713393298933,0.25754293404468837,-0.27724426250380546,0.9706633494087186,29,155,127,156,-0.8496907272716109,-0.07050594346812719,0.743701230811636,0,0,0,0,0,1,1,1,train
6123215,OceanPark,20.9933,105.9441,2025-03-05,0.6309820545874283,0.7675868850819907,0.3032370339588927,1.246381484772054,0,39,10,156,-0.8427425905617323,-0.025665336706447165,0.768562082876627,0,1,0,0,0,1,1,1,train
6123215,OceanPark,20.9933,105.9441,2025-03-06,0.6295927698449638,0.900577484076748,0.19420179260104864,-0.05529596049205673,0,0,0,156,-0.8357944538518535,0.01917527005523267,0.7934229349416179,0,1,1,1,0,1,1,1,train
6123215,OceanPark,20.9933,105.9441,2025-03-07,0.6282034851024989,1.033568083071506,0.08516655124320463,0.21008953680749853,0,27,0,156,-0.8288463171419748,0.0640158768169125,0.8182837870066089,0,1,0,1,0,1,1,1,train
6123215,OceanPark,20.9933,105.9441,2025-03-08,0.6268142003600344,0.608171508791046,-0.023868690114639376,0.2461411434158205,0,0,0,144,-0.8218981804320962,0.10885648357859243,0.8431446390715999,46161,1,1,1,0,0,0,0,train
6123215,OceanPark,20.9933,105.9441,2025-03-09,0.6254249156175694,0.18277493451058613,-0.1329039314724834,0.2816875969055013,0,0,0,156,-0.8301157940871396,-0.043075305810546125,0.7958638610226684,0,1,1,1,0,1,1,1,train
6123215,OceanPark,20.9933,105.9441,2025-03-10,0.6240356308751045,-0.24262163976987372,-0.2419391728303274,0.28960625380161015,0,2,0,156,-0.8383334077421829,-0.1950070951996846,0.7485830829737368,0,1,0,1,0,1,1,1,train
6123215,OceanPark,20.9933,105.9441,2025-03-11,0.62264634613264,0.7064749257321319,-0.35097441418817144,0.7610625053950908,0,0,0,156,-0.8465510213972264,-0.3469388845888232,0.7013023049248054,0,1,1,1,0,1,1,1,train
6123215,OceanPark,20.9933,105.9441,2025-03-12,0.621257061390175,1.655571491234138,-0.46000965554601536,0.7018313500347936,0,40,0,156,-0.8547686350522699,-0.49887067397796186,0.6540215268758738,0,1,0,1,0,1,1,1,train
6123215,OceanPark,20.9933,105.9441,2025-03-13,0.6198677766477105,2.2139743460605,-0.5690448969038594,0.37843048102240684,0,20,0,156,-0.8629862487073133,-0.6508024633671003,0.6067407488269423,46161,1,0,1,0,0,0,0,train
6123215,OceanPark,20.9933,105.9441,2025-03-14,0.6184784919052455,0.6717993343901743,-0.6780801382617035,1.5752326562738,11,53,32,156,-0.7845320043206464,-0.41528865971968354,0.5242399906408411,0,0,0,0,0,1,1,1,train
6123215,OceanPark,20.9933,105.9441,2025-03-15,0.1953004893107422,1.2269218814391705,-0.20790653338845147,3.1787526844021676,0,14,2,156,-0.7060777599339796,-0.17977485607226654,0.4417392324547401,0,1,0,0,0,1,1,1,train
6123215,OceanPark,20.9933,105.9441,2025-03-16,-0.2278775132837609,1.9846004337916467,-2.7202746290794613,0.9741243642023658,1,10,10,156,-0.6276235155473127,0.055738947575150466,0.35923847426863903,0,0,0,0,0,1,1,1,train
6123215,OceanPark,20.9933,105.9441,2025-03-17,-0.41261773205153296,2.110509562464727,-1.9934543328689611,1.3075116861867935,0,0,0,156,-0.5491692711606458,0.2912527512225673,0.27673771608253794,0,1,1,1,0,1,1,1,train
6123215,OceanPark,20.9933,105.9441,2025-03-18,-0.5973579508193048,2.236418691137809,-1.2666340366584612,0.8044668535672307,0,0,0,156,-0.470715026773979,0.5267665548699842,0.19423695789643683,46161,1,1,1,0,0,0,0,train
6123215,OceanPark,20.9933,105.9441,2025-03-19,-0.7820981695870769,2.362327819810889,-0.5398137404479612,1.5851859927732506,41,118,131,156,-0.18148621678346105,0.5473987375045468,-0.005301599609611631,0,0,0,0,0,1,1,1,train
6123215,OceanPark,20.9933,105.9441,2025-03-20,0.4435896864337513,1.400585651463779,-0.10476689360470005,1.1035464655181562,115,128,133,156,0.10774259320705684,0.5680309201391094,-0.20484015711566017,0,0,0,0,0,1,1,1,train
6123215,OceanPark,20.9933,105.9441,2025-03-21,3.9342091512653528,1.6214184364486677,1.32695811274634,0.1596090136634737,156,104,156,156,0.3969714031975748,0.5886631027736718,-0.40437871462170855,0,0,0,0,0,1,1,1,train
6123215,OceanPark,20.9933,105.9441,2025-03-22,1.1889568219970466,1.5712745630551075,0.30719940121120526,0.2070671137101265,156,84,156,156,0.6862002131880925,0.6092952854082345,-0.6039172721277573,0,0,0,0,0,1,1,1,train
6123215,OceanPark,20.9933,105.9441,2025-03-23,0.10371542023870355,1.5639639602715927,0.2787137352133109,0.36202846549045375,155,91,156,156,0.9754290231786106,0.6299274680427971,-0.8034558296338057,46161,0,0,0,0,0,0,0,train
6123215,OceanPark,20.9933,105.9441,2025-03-24,-0.16765474863649288,1.7777790465761296,1.1589972404019582,1.4328302713344985,136,73,138,136,0.20170495376653177,0.4316695847996668,-0.3161418392903048,0,0,0,0,0,1,1,1,train
6123215,OceanPark,20.9933,105.9441,2025-03-25,2.5926406166708325,3.1038099206932785,-0.07973118209164991,2.0596886066387423,156,152,156,156,-0.5720191156455475,0.23341170155653646,0.17117215105319605,46161,0,0,0,0,0,0,0,train
6123215,OceanPark,20.9933,105.9441,2025-03-26,-0.37722720895331496,2.0538098007086654,-0.3863097432616812,2.247468502202253,24,64,42,156,-0.5685555690382675,0.1536580562110959,0.1792041045339265,0,0,0,0,0,1,1,1,train
6123215,OceanPark,20.9933,105.9441,2025-03-27,-0.3825793413285264,0.9199335635610305,-2.2450910341327543,3.7123171684312806,0,12,1,156,-0.5650920224309876,0.07390441086565533,0.18723605801465687,0,1,0,0,0,1,1,1,train
6123215,OceanPark,20.9933,105.9441,2025-03-28,-0.3879314737037378,2.1855217396590145,-0.26306725150981114,2.664988327317671,0,108,37,156,-0.5616284758237077,-0.005849234479785234,0.1952680114953873,46161,1,0,0,0,0,0,0,train
6123215,OceanPark,20.9933,105.9441,2025-03-29,-0.39328360607894924,0.4716211976858685,-0.5930627288545237,0.27057920397821666,0,1,0,156,-0.5250390742792221,0.04266153021841949,0.24768069820399669,0,1,0,1,0,1,1,1,train
6123215,OceanPark,20.9933,105.9441,2025-03-30,-0.39863573845416067,1.4412098687817865,-0.9230582061992363,1.5226429811229925,0,4,0,156,-0.4884496727347367,0.09117229491662411,0.300093384912606,0,1,0,1,0,1,1,1,train
6123215,OceanPark,20.9933,105.9441,2025-03-31,-0.4039878708293721,2.2254783319820888,-1.253053683543949,1.3597555644461716,0,6,37,156,-0.4518602711902512,0.13968305961482883,0.35250607162121533,0,1,0,0,0,1,1,1,train
6123215,OceanPark,20.9933,105.9441,2025-04-01,-0.40934000320458347,1.6400895730511016,0.09960922824482306,-0.042930556297856554,141,151,155,156,-0.41527086964576565,0.18819382431303344,0.4049187583298247,0,0,0,0,0,1,1,1,train
6123215,OceanPark,20.9933,105.9441,2025-04-02,0.9309651761874441,1.7731880338454862,0.7543758580550745,-0.031225839169534895,70,141,156,156,-0.3786814681012801,0.23670458901123817,0.4573314450384341,46161,0,0,0,0,0,0,0,train
6123215,OceanPark,20.9933,105.9441,2025-04-03,0.4226447339468561,2.5303669583422788,0.41476547634808447,1.7862937008223154,89,89,156,156,-0.46376056651687914,0.2886275037327525,0.4823502603273495,0,0,0,0,0,1,1,1,train
6123215,OceanPark,20.9933,105.9441,2025-04-04,1.6114457390536463,3.1837116509890264,0.3185519731697732,2.6089004298665923,66,98,130,156,-0.5488396649324782,0.3405504184542669,0.5073690756162649,0,0,0,0,0,1,1,1,train
6123215,OceanPark,20.9933,105.9441,2025-04-05,1.4752091578239594,2.320637620645045,0.24688754286900683,1.4378262301534694,0,0,0,156,-0.6339187633480772,0.39247333317578126,0.5323878909051803,0,1,1,1,0,1,1,1,train
6123215,OceanPark,20.9933,105.9441,2025-04-06,1.3389725765942724,1.4575635903010629,0.17522311256824044,0.9826872866380228,0,0,0,156,-0.7189978617636763,0.4443962478972956,0.5574067061940956,0,1,1,1,0,1,1,1,train
6123215,OceanPark,20.9933,105.9441,2025-04-07,1.2027359953645855,0.5944895599570816,0.10355868226747408,0.8532141817738249,0,16,0,156,-0.8040769601792751,0.49631916261880993,0.5824255214830111,46161,1,0,1,0,0,0,0,train
6123215,OceanPark,20.9933,105.9441,2025-04-08,1.066499414134898,0.821684418423047,0.03189425196670771,0.44278461135691616,0,60,17,156,-1.0500500356511426,0.21385068585534675,0.928017933986983,0,1,0,0,0,1,1,1,train
6123215,OceanPark,20.9933,105.9441,2025-04-09,0.9302628329052111,0.9268408095767747,-0.28029036798914786,0.6897343714241047,0,0,0,142,-1.2960231111230098,-0.06861779090811643,1.273610346490955,0,1,1,1,0,1,1,1,train
6123215,OceanPark,20.9933,105.9441,2025-04-10,0.7940262516755241,1.031997200730502,-0.5924749879450034,1.039300508693077,0,4,0,156,-1.5419961865948775,-0.35108626767157963,1.619202758994927,0,1,0,1,0,1,1,1,train
6123215,OceanPark,20.9933,105.9441,2025-04-11,0.6577896704458371,1.4781561487298558,-0.904659607900859,2.294903952253902,0,35,5,156,-1.7879692620667447,-0.6335547444350428,1.964795171498899,0,1,0,0,0,1,1,1,train
6123215,OceanPark,20.9933,105.9441,2025-04-12,0.5215530892161502,2.3831567378511838,-0.14207078959641217,0.7127976504505711,83,151,133,156,-2.033942337538612,-0.916023221198506,2.310387584002871,46161,0,0,0,0,0,0,0,train
6123215,OceanPark,20.9933,105.9441,2025-04-13,-0.8231754826685976,-0.08742446437621698,0.5590197753851226,-0.7031166944687415,70,93,103,156,-0.9520292269844796,-0.6714423249310629,1.1706078533272364,0,0,0,0,0,1,1,1,train
6123215,OceanPark,20.9933,105.9441,2025-04-14,0.8577248289812218,0.15197118632753168,0.6113973233157829,-0.5402922259652481,74,3,138,156,0.12988388356965316,-0.42686142866362,0.030828122651602067,46161,0,0,0,0,0,0,0,train
6123215,OceanPark,20.9933,105.9441,2025-04-15,0.19151518127113248,-0.14903850608541397,0.43095998034204763,0.8017870172433408,156,34,156,156,-0.4176947111047923,-0.253724886930005,0.6088988825150404,0,0,0,0,0,1,1,1,train
6123215,OceanPark,20.9933,105.9441,2025-04-16,0.49239366368621545,-0.23411351192397342,0.3061885296389826,0.25918209080314314,148,133,150,156,-0.9652733057792378,-0.08058834519639019,1.1869696423784788,0,0,0,0,0,1,1,1,train
6123215,OceanPark,20.9933,105.9441,2025-04-17,0.19443289998126753,-0.4268757749101067,0.2795510194893695,-0.21634032154374694,3,52,13,156,-1.5128519004536833,0.09254819653722471,1.7650404022419173,46161,0,0,0,0,0,0,0,train
6123215,OceanPark,20.9933,105.9441,2025-04-18,-0.13824412373939282,-0.44607381163108467,0.48741752743070116,-1.0343354697989726,140,131,152,156,-1.6030406593683775,0.030250374425317465,1.8846605845353444,0,0,0,0,0,1,1,1,train
6123215,OceanPark,20.9933,105.9441,2025-04-19,2.844088645835823,-0.4498193842129252,-0.1708144062233801,-1.2666297573899865,1,0,34,156,-1.6932294182830714,-0.03204744768658969,2.004280766828772,0,0,1,0,0,1,1,1,train
6123215,OceanPark,20.9933,105.9441,2025-04-20,0.4386578055250727,-0.4535649567947653,0.9897455334795966,0.7576797577562309,112,28,144,156,-1.7834181771977657,-0.09434526979849693,2.1239009491221994,0,0,0,0,0,1,1,1,train
6123215,OceanPark,20.9933,105.9441,2025-04-21,0.055283928512500656,-0.6160260994024335,-0.0180574111743983,0.39149863975837507,19,130,32,156,-1.8736069361124597,-0.15664309191040418,2.2435211314156267,0,0,0,0,0,1,1,1,train
6123215,OceanPark,20.9933,105.9441,2025-04-22,0.6919370527031469,0.2626581196675883,-0.4626039065240185,-0.022959322601263595,48,118,71,156,-1.963795695027154,-0.21894091402231144,2.363141313709054,46161,0,0,0,0,0,0,0,train
6123215,OceanPark,20.9933,105.9441,2025-04-23,0.8870623776987833,0.45243216081163945,0.33753587431029675,-0.6059229231572837,145,124,156,156,-1.5979274312113034,-0.12592662338963942,1.9099899767177002,0,0,0,0,0,1,1,1,train
6123215,OceanPark,20.9933,105.9441,2025-04-24,0.5555293260456631,0.2874357886480612,-0.15270309288458198,0.7716213746548525,0,58,0,156,-1.2320591673954533,-0.032912332756967234,1.4568386397263462,0,1,0,1,0,1,1,1,train
6123215,OceanPark,20.9933,105.9441,2025-04-25,0.22399627439254285,0.4111765906083101,-0.6429420600794606,0.31364535689288,0,38,8,154,-0.8661909035796029,0.06010195787570476,1.0036873027349924,0,1,0,0,0,1,1,1,train
6123215,OceanPark,20.9933,105.9441,2025-04-26,-0.10753677726057739,0.29033755741686323,0.061511747136952157,1.2007305019603043,0,7,2,156,-0.5003226397637527,0.15311624850837685,0.5505359657436385,0,1,0,0,0,1,1,1,train
6123215,OceanPark,20.9933,105.9441,2025-04-27,-0.4390698289136976,1.1512844421649435,-0.25665938252202836,1.9177407146776408,6,19,13,156,-0.1344543759479022,0.24613053914104896,0.09738462875228453,46161,0,0,0,0,0,0,0,train
6123215,OceanPark,20.9933,105.9441,2025-04-28,0.7840533830630667,0.8347519231746695,-0.6470907592472165,-0.4812880483399901,3,20,14,156,0.005957401063916176,0.2756180600739136,0.03740270364952755,0,0,0,0,0,1,1,1,train
6123215,OceanPark,20.9933,105.9441,2025-04-29,-0.024063354419917964,0.6321042830679633,-0.11065963461643626,-0.6901984631716892,1,63,9,156,0.1463691780757346,0.30510558100677815,-0.02257922145322943,0,0,0,0,0,1,1,1,train
6123215,OceanPark,20.9933,105.9441,2025-04-30,-0.613521192254896,0.23190714331317802,-0.23647725169616426,-1.331198696872898,0,0,0,156,0.2867809550875531,0.3345931019396428,-0.08256114655598627,0,1,1,1,0,1,1,1,train
6123215,OceanPark,20.9933,105.9441,2025-05-01,-1.202979030089874,-0.16828999644160678,-0.3622948687758923,-0.037683999248067535,117,79,141,156,0.4271927320993715,0.36408062287250736,-0.14254307165874325,0,0,0,0,0,1,1,1,train
6123215,OceanPark,20.9933,105.9441,2025-05-02,-0.8810693246981622,-0.37241142963351553,-0.0027814384043969654,-0.615110728645622,117,148,131,156,0.5676045091111898,0.39356814380537203,-0.20252499676150024,46161,0,0,0,0,0,0,0,train
6123215,OceanPark,20.9933,105.9441,2025-05-03,0.2334307136551084,-0.44153488892251197,-0.35572700597728935,-0.8498311487272283,20,73,56,156,0.2864554376991391,0.49895567648159933,0.06903579241912543,0,0,0,0,0,1,1,1,train
6123215,OceanPark,20.9933,105.9441,2025-05-04,-0.8008193733327229,-0.2875300568613021,-0.4991560560311098,-1.457713775098823,95,114,146,156,0.00530636628708847,0.6043432091578267,0.3405965815997511,46161,0,0,0,0,0,0,0,train
6123215,OceanPark,20.9933,105.9441,2025-05-05,-0.18755113406802384,-0.14912959544338308,1.035863380249894,-0.8862423072091138,137,153,156,156,-0.29246237641556166,0.43360005376399086,0.5459007323730598,0,0,0,0,0,1,1,1,train
6123215,OceanPark,20.9933,105.9441,2025-05-06,-0.10096030170716969,-0.1246805572304339,0.4849058141421526,1.0239660589441155,30,114,117,156,-0.5902311191182118,0.262856898370155,0.7512048831463686,0,0,0,0,0,1,1,1,train
6123215,OceanPark,20.9933,105.9441,2025-05-07,-0.666068547551592,-0.15711573217805702,0.12676326758090525,0.4524120387654291,40,138,82,156,-0.8879998618208622,0.09211374297631916,0.9565090339196772,46161,0,0,0,0,0,0,0,train
6123215,OceanPark,20.9933,105.9441,2025-05-08,0.7873281093586578,-0.12084280440010914,0.07041804989210071,-0.3774085121221522,143,154,156,156,-0.1728498148245557,0.16075945262816205,0.286007637747314,0,0,0,0,0,1,1,1,train
6123215,OceanPark,20.9933,105.9441,2025-05-09,-0.33386119052651037,0.14319988114498036,-0.7887108292030756,-0.47824097452293984,42,124,55,156,0.5423002321717508,0.22940516228000482,-0.38449375842504924,0,0,0,0,0,1,1,1,train
6123215,OceanPark,20.9933,105.9441,2025-05-10,-0.16552640490741966,0.12110634827565467,-0.46445492293465634,0.16842798406506862,0,0,0,156,1.257450279168057,0.2980508719318477,-1.0549951545974128,0,1,1,1,0,1,1,1,train
6123215,OceanPark,20.9933,105.9441,2025-05-11,0.0028083807116710594,0.09901281540632847,-0.14019901666623708,-1.0584441423984232,0,0,0,139,1.9726003261643636,0.36669658158369056,-1.725496550769776,0,1,1,1,0,1,1,1,train
6123215,OceanPark,20.9933,105.9441,2025-05-12,0.1711431663307618,0.0769192825370028,0.1840568896021822,0.2565547212442135,156,143,156,156,2.68775037316067,0.43534229123553336,-2.3959979469421393,46161,0,0,0,0,0,0,0,train
6123215,OceanPark,20.9933,105.9441,2025-05-13,1.3221980410751777,-0.10660150145478813,-0.20758835542135073,-0.28364882047514745,75,96,94,156,2.1040625328373257,0.4493108244328633,-1.7954736223285188,0,0,0,0,0,1,1,1,train
6123215,OceanPark,20.9933,105.9441,2025-05-14,-0.6291707859609265,0.2733496648784383,-0.5699861382021387,-0.8501284504414831,6,78,11,156,1.5203746925139823,0.46327935763019323,-1.1949492977148979,0,0,0,0,0,1,1,1,train
6123215,OceanPark,20.9933,105.9441,2025-05-15,-0.09612687065148114,-0.3691597577321614,-0.9294037513629968,-1.84148740699822,24,8,49,156,0.9366868521906381,0.47724789082752317,-0.5944249731012773,0,0,0,0,0,1,1,1,train
6123215,OceanPark,20.9933,105.9441,2025-05-16,-0.7958498125189696,-0.6318603752216808,3.3118855870983235,-1.3933400107871017,0,25,2,156,0.35299901186729427,0.49121642402485316,0.006099351512343654,0,1,0,0,0,1,1,1,train
6123215,OceanPark,20.9933,105.9441,2025-05-17,-1.4955727543864579,-1.2168648679689071,1.5081400100997724,0.4199039805762552,32,113,0,156,-0.23068882845604946,0.505184957222183,0.6066236761259646,46161,0,0,1,0,0,0,0,train
6123215,OceanPark,20.9933,105.9441,2025-05-18,0.22923111696222684,-0.961143222546462,-0.295605566898779,-0.21249331619581516,44,132,103,156,-0.31360294152727447,0.25705457484781113,0.6210499783467825,0,0,0,0,0,1,1,1,train
6123215,OceanPark,20.9933,105.9441,2025-05-19,-1.3210361989366477,-1.031717293497231,-0.39010884915023836,-0.8084562819136557,15,108,37,156,-0.3965170545984995,0.008924192473439039,0.6354762805676005,0,0,0,0,0,1,1,1,train
6123215,OceanPark,20.9933,105.9441,2025-05-20,-0.11077965959598751,-0.8292766498656724,-0.3023934488044774,-1.496972293269099,11,94,48,156,-0.47943116766972455,-0.23920618990093304,0.6499025827884184,0,0,0,0,0,1,1,1,train
6123215,OceanPark,20.9933,105.9441,2025-05-21,1.5256134526614018,-0.3994286968404401,-0.22912814141010235,-1.3178868901847367,9,134,91,156,-0.5623452807409496,-0.48733657227530514,0.6643288850092364,0,0,0,0,0,1,1,1,train
6123215,OceanPark,20.9933,105.9441,2025-05-22,1.169299166584528,-0.6074058825561567,-0.7016238688247513,0.8711518430778157,0,73,18,156,-0.6452593938121746,-0.735466954649677,0.6787551872300543,46161,1,0,0,0,0,0,0,train
6123215,OceanPark,20.9933,105.9441,2025-05-23,0.8129848805076544,-0.6539247267697418,-0.6599996903132089,0.3263604269171748,0,0,0,156,-0.5595492276934737,-0.8269018134579816,0.5008228794003303,0,1,1,1,0,1,1,1,train
6123215,OceanPark,20.9933,105.9441,2025-05-24,0.4566705944307808,-0.7004435709833269,-0.6183755118016665,-0.10918183647760236,0,0,0,156,-0.47383906157477285,-0.9183366722662863,0.32289057157060636,46161,1,1,1,0,0,0,0,train
6123215,OceanPark,20.9933,105.9441,2025-05-25,0.1003563083539071,-0.7469624151969121,-0.5767513332901243,-0.45015730991954145,0,6,0,156,-0.5612918118866106,-1.375328876758449,0.41337175697284395,0,1,0,1,0,1,1,1,train
6123215,OceanPark,20.9933,105.9441,2025-05-26,-0.2559579777229668,-0.9590980755542429,-0.535127154778582,-1.0569006579662819,0,62,0,156,-0.6487445621984482,-1.832321081250611,0.5038529423750816,0,1,0,1,0,1,1,1,train
6123215,OceanPark,20.9933,105.9441,2025-05-27,-0.6122722637998402,-0.9192006640415799,-0.49350297626703965,-0.8617020753113096,0,99,0,153,-0.7361973125102859,-2.289313285742774,0.5943341277773192,46161,1,0,1,0,0,0,0,train
6123215,OceanPark,20.9933,105.9441,2025-05-28,-0.9685865498767139,-1.0353745039473898,-0.4518787977554974,0.12716063380655554,13,109,49,156,-0.25101037656175923,-1.7715728530333368,0.20053068194550117,0,0,0,0,0,1,1,1,train
6123215,OceanPark,20.9933,105.9441,2025-05-29,-1.1958517872371197,-1.275177465897019,-0.09035238035115963,-0.2945558755513224,0,12,0,156,0.23417655938676754,-1.2538324203239,-0.1932727638863169,0,1,0,1,0,1,1,1,train
6123215,OceanPark,20.9933,105.9441,2025-05-30,-1.4231170245975253,-0.8757575856338771,0.2711740370531781,-1.0897827770156017,10,42,16,156,0.7193634953352943,-0.7360919876144632,-0.587076209718135,0,0,0,0,0,1,1,1,train
6123215,OceanPark,20.9933,105.9441,2025-05-31,-0.8571560330225972,-1.063855200779631,-0.31086670195509425,-1.475620081762399,68,156,150,156,1.2045504312838209,-0.21835155490502636,-0.9808796555499529,0,0,0,0,0,1,1,1,train
6123215,OceanPark,20.9933,105.9441,2025-06-01,-0.8902018172466605,-1.0366991177547265,0.25163676826462,-0.07917069761245227,156,51,156,156,1.689737367232348,0.29938887780441054,-1.3746831013817713,46161,0,0,0,0,0,0,0,train
6123215,OceanPark,20.9933,105.9441,2025-06-02,-1.0065299605502969,-0.9323323949722463,0.40060415774799263,1.0332994096871022,155,0,156,156,1.2779820477237809,-0.011290051698881066,-0.9540662815707591,0,0,1,0,0,1,1,1,train
6123215,OceanPark,20.9933,105.9441,2025-06-03,0.6186304802092173,-0.8279656721897666,-0.24090049217324563,-0.16690071273836127,14,33,133,156,0.8662267282152137,-0.3219689812021724,-0.5334494617597472,0,0,0,0,0,1,1,1,train
6123215,OceanPark,20.9933,105.9441,2025-06-04,0.8941725884732337,-0.5841099156171272,0.06260229583627278,-0.9849479096966751,33,94,58,156,0.45447140870664676,-0.6326479107054641,-0.11283264194873509,0,0,0,0,0,1,1,1,train
6123215,OceanPark,20.9933,105.9441,2025-06-05,-0.3166026521869495,-0.6115976293584648,-0.031206695372041352,-1.4337643243495537,27,105,83,156,0.042716089198079725,-0.9433268402087555,0.30778417786227685,0,0,0,0,0,1,1,1,train
6123215,OceanPark,20.9933,105.9441,2025-06-06,-1.0339313711151763,-0.9138337554324372,0.3030570278398799,-1.4809802321951757,15,64,54,156,-0.3690392303104871,-1.2540057697120472,0.7284009976732887,46161,0,0,0,0,0,0,0,train
6123215,OceanPark,20.9933,105.9441,2025-06-07,-1.3454706024307135,-0.9296767583757978,-0.10949351939486733,0.6653295019882044,14,152,55,156,0.21730622462000218,-0.86720613510864,0.12140350832298408,0,0,0,0,0,1,1,1,train
6123215,OceanPark,20.9933,105.9441,2025-06-08,-0.6951384040142443,-0.9256625540047388,-1.0548026652561087,0.3936487319670702,18,53,44,156,0.8036516795504915,-0.48040650050523326,-0.4855939810273206,0,0,0,0,0,1,1,1,train
6123215,OceanPark,20.9933,105.9441,2025-06-09,-0.39103302467802564,-0.7301815191336277,-0.8747398931548304,-0.6360476255438592,30,49,54,156,1.389997134480981,-0.09360686590182611,-1.0925914703776252,0,0,0,0,0,1,1,1,train
6123215,OceanPark,20.9933,105.9441,2025-06-10,-0.7231041250766752,-0.6113221795035272,-0.7085881055625521,-1.2881465658280817,16,70,56,156,1.9763425894114701,0.29319276870158084,-1.69958895972793,0,0,0,0,0,1,1,1,train
6123215,OceanPark,20.9933,105.9441,2025-06-11,-1.0335318626266896,-0.699010959015043,-0.057931929433917395,-1.3405894415386241,91,115,140,156,2.56268804434196,0.679992403304988,-2.306586449078235,46161,0,0,0,0,0,0,0,train
6123215,OceanPark,20.9933,105.9441,2025-06-12,-1.2012235842092556,-1.2951513984965035,-0.6017216356029518,-1.0319787953022894,0,63,50,156,2.1193932484826035,0.49901665659325406,-1.8603264066508456,0,1,0,0,0,1,1,1,train
6123215,OceanPark,20.9933,105.9441,2025-06-13,-1.3689153057918215,-1.254335048086612,-0.4585128837354812,0.5665530678748683,41,9,125,156,1.676098452623247,0.31804090988152023,-1.414066364223457,46161,0,0,0,0,0,0,0,train
6123215,OceanPark,20.9933,105.9441,2025-06-14,-0.9802633875305151,-1.0649703636081682,-0.005926475547332348,-0.12477963534448405,74,15,139,156,0.8713282971758685,-1.0287526478800701,-0.6840741388100868,0,0,0,0,0,1,1,1,train
6123215,OceanPark,20.9933,105.9441,2025-06-15,-0.6802328932821656,-0.5806449746201711,-0.43479493794794727,-0.843666050021104,107,128,133,156,0.06655814172849053,-2.37554620564166,0.04591808660328327,0,0,0,0,0,1,1,1,train
6123215,OceanPark,20.9933,105.9441,2025-06-16,-0.7632622345479763,-0.7272481418121665,-1.1990866629769992,-0.5682223424153019,0,0,0,156,-0.7382120137188874,-3.72233976340325,0.7759103120166532,46161,1,1,1,0,0,0,0,train
6123215,OceanPark,20.9933,105.9441,2025-06-17,-0.8462915758137867,-0.8738513090041623,-1.9633783880060516,-1.0542654348164675,0,0,1,156,-0.5908224656928506,-3.166231799108773,0.6281389811513359,0,1,1,0,0,1,1,1,train
6123215,OceanPark,20.9933,105.9441,2025-06-18,-0.9293209170795973,-1.0204544761961578,0.9887236382768296,0.8806922538937876,69,0,138,156,-0.4434329176668137,-2.610123834814297,0.48036765028601863,0,0,1,0,0,1,1,1,train
6123215,OceanPark,20.9933,105.9441,2025-06-19,-1.3085886359517713,-1.1670576433881534,-1.1212018526200922,0.08202055246418966,12,0,40,156,-0.2960433696407769,-2.0540158705198204,0.33259631942070134,0,0,1,0,0,1,1,1,train
6123215,OceanPark,20.9933,105.9441,2025-06-20,-1.2678080045470768,-1.313660810580149,-6.344588529358505,-0.7400199117741996,0,5,1,156,-0.14865382161473997,-1.4979079062253438,0.18482498855538404,0,1,0,0,0,1,1,1,train
6123215,OceanPark,20.9933,105.9441,2025-06-21,-1.2270273731423822,-1.440433197280438,-4.967181024479608,-0.7072254065486668,0,1,0,156,-0.0012642735887031969,-0.9417999419308671,0.037053657690066806,46161,1,0,1,0,0,0,0,train
6123215,OceanPark,20.9933,105.9441,2025-06-22,-1.1862467417376876,-1.3375013591548142,-3.5897735196007092,-0.9226313681348973,0,0,0,156,0.15129719547767004,-0.673664215180905,-0.05541172341675227,0,1,1,1,0,1,1,1,train
6123215,OceanPark,20.9933,105.9441,2025-06-23,-1.145466110332993,-1.2345695210291898,-2.2123660147218103,0.951728371647046,0,0,28,156,0.30385866454404326,-0.40552848843094286,-0.14787710452357128,0,1,1,0,0,1,1,1,train
6123215,OceanPark,20.9933,105.9441,2025-06-24,-1.1046854789282985,-1.1316376829035657,-0.6334643890643763,0.28966734029316304,2,41,26,156,0.45642013361041633,-0.13739276168098055,-0.2403424856303904,0,0,0,0,0,1,1,1,train
6123215,OceanPark,20.9933,105.9441,2025-06-25,-0.5792021570970596,-0.9177459615403765,-0.12344155748902454,-0.34629288365222716,95,78,113,156,0.6089816026767897,0.1307429650689816,-0.3328078667372095,0,0,0,0,0,1,1,1,train
6123215,OceanPark,20.9933,105.9441,2025-06-26,-0.3449135820766815,-1.2648415509939253,-0.2426316178804887,-1.2580708364036775,23,75,107,156,0.7615430717431628,0.3988786918189438,-0.42527324784402853,46161,0,0,0,0,0,0,0,train
6123215,OceanPark,20.9933,105.9441,2025-06-27,-0.02228830737655867,-1.3091522509908968,-0.3276893997840962,-0.9493897168803151,0,0,0,156,0.4713496067800106,-0.2955397623456164,-0.2249021151801113,0,1,1,1,0,1,1,1,train
6123215,OceanPark,20.9933,105.9441,2025-06-28,0.30033696732356413,-1.3534629509878682,-0.4127471816877037,-1.03502873582932,0,0,0,156,0.1811561418168584,-0.9899582165101765,-0.024530982516194094,0,1,1,1,0,1,1,1,train
6123215,OceanPark,20.9933,105.9441,2025-06-29,0.622962242023687,-1.3977736509848395,-0.4978049635913113,0.3957298738284157,0,3,42,156,-0.10903732314629365,-1.6843766706747365,0.17584015014772314,0,1,0,0,0,1,1,1,train
6123215,OceanPark,20.9933,105.9441,2025-06-30,0.9455875167238098,-1.1568564807358703,-1.1202766118657252,-0.11601920853577752,23,4,88,156,-0.39923078810944584,-2.378795124839297,0.37621128281164046,0,0,0,0,0,1,1,1,train
6123215,OceanPark,20.9933,105.9441,2025-07-01,0.5825634209702469,-0.9416457363792305,0.2517751915747444,-1.0405821502932997,0,37,2,156,-0.6894242530725981,-3.0732135790038564,0.5765824154755577,46161,1,0,0,0,0,0,0,train
6123215,OceanPark,20.9933,105.9441,2025-07-02,0.2195393252166841,-1.112237740529843,-0.027538186946186535,-1.1333585604169034,0,0,0,156,-0.7477665150455303,-3.4019733887074795,0.7321782656850773,0,1,1,1,0,1,1,1,train
6123215,OceanPark,20.9933,105.9441,2025-07-03,-0.14348477053687872,-1.2828297446804557,-0.30685156546711745,-0.9099065203152972,0,0,0,156,-0.8061087770184624,-3.7307331984111025,0.8877741158945968,46161,1,1,1,0,0,0,0,train
6123215,OceanPark,20.9933,105.9441,2025-07-04,-0.5065088662904416,-1.4534217488310681,-0.5861649439880484,0.618162507381629,6,7,60,156,-0.933343251181772,-3.170945177064594,1.1743033673020884,0,0,0,0,0,1,1,1,train
6123215,OceanPark,20.9933,105.9441,2025-07-05,-0.905219099010291,-1.1684812827819553,-0.10826701258550175,-0.6061317152008825,100,152,129,156,-1.0605777253450812,-2.611157155718086,1.4608326187095801,0,0,0,0,0,1,1,1,train
6123215,OceanPark,20.9933,105.9441,2025-07-06,-1.1558871414535188,-1.3724498549405062,-0.33333579133631547,-0.5655492548044917,1,16,14,156,-1.187812199508391,-2.051369134371577,1.7473618701170721,46161,0,0,0,0,0,0,0,train
6123215,OceanPark,20.9933,105.9441,2025-07-07,-0.38401644275860963,-1.1011577928420255,-0.06647515007924351,-1.1276882080749586,72,145,123,156,-1.1020437191482682,-1.6770878494039339,1.505649963311759,0,0,0,0,0,1,1,1,train
6123215,OceanPark,20.9933,105.9441,2025-07-08,-0.24842841262196166,-0.9668990336240624,-0.3047369819574137,-1.6011460255987129,16,26,120,156,-1.0162752387881455,-1.3028065644362903,1.2639380565064458,0,0,0,0,0,1,1,1,train
6123215,OceanPark,20.9933,105.9441,2025-07-09,-0.7476589900854498,-1.1388972865555245,0.542292602121151,1.0654219103146447,89,87,143,156,-0.9305067584280229,-0.928525279468647,1.0222261497011327,0,0,0,0,0,1,1,1,train
6123215,OceanPark,20.9933,105.9441,2025-07-10,-0.28616096806916647,-0.6911355476676013,-0.37265068592118317,0.2735789658824985,123,51,156,156,-0.8447382780679001,-0.5542439945010034,0.7805142428958196,0,0,0,0,0,1,1,1,train
6123215,OceanPark,20.9933,105.9441,2025-07-11,-0.2610651363424157,-0.507796124223855,-0.2542775864404996,-0.6444370523025555,7,18,38,156,-0.7589697977077776,-0.1799627095333598,0.5388023360905064,46161,0,0,0,0,0,0,0,train
6123215,OceanPark,20.9933,105.9441,2025-07-12,-1.182290732309936,-0.593993929124557,-0.30084752125320685,-0.9383948090878552,23,139,0,156,-0.5392741945925046,-0.3760655935623573,0.3990142392953004,0,0,0,1,0,1,1,1,train
6123215,OceanPark,20.9933,105.9441,2025-07-13,-0.8451922191220648,-0.9070792340887364,-0.3474174560659141,-1.4962276653515962,20,48,88,156,-0.3195785914772316,-0.5721684775913548,0.2592261425000943,0,0,0,0,0,1,1,1,train
6123215,OceanPark,20.9933,105.9441,2025-07-14,-0.5937230663738041,-0.8993171389934965,1.7607325791283837,-1.3272640179780544,0,0,3,156,-0.09988298836195889,-0.7682713616203523,0.11943804570488824,0,1,1,0,0,1,1,1,train
6123215,OceanPark,20.9933,105.9441,2025-07-15,-0.3422539136255435,-0.8915550438982566,0.6175448811291331,0.5594506147281596,6,24,44,156,0.11981261475331416,-0.9643742456493497,-0.020350051090317765,0,0,0,0,0,1,1,1,train
6123215,OceanPark,20.9933,105.9441,2025-07-16,0.4336629979062356,-1.239209851101847,-0.14066761399078306,-0.29687808980511243,3,2,32,156,0.33950821786858704,-1.1604771296783472,-0.1601381478855239,46161,0,0,0,0,0,0,0,train
6123215,OceanPark,20.9933,105.9441,2025-07-17,-0.6543503508100659,-1.111053806145113,-0.023032336102761765,-0.7323444152469618,87,148,114,156,0.15232525465042973,-1.7658268948072398,-0.040437480085760924,0,0,0,0,0,1,1,1,train
6123215,OceanPark,20.9933,105.9441,2025-07-18,-0.8856511757815835,-0.8745576060678326,-0.1637249879046554,-1.4008734857240426,40,125,155,156,-0.03485770856772758,-2.3711766599361326,0.079263187714002,0,0,0,0,0,1,1,1,train
6123215,OceanPark,20.9933,105.9441,2025-07-19,-0.9603064224536195,-0.8248556115133374,0.7379086006032585,-1.2604467417464822,0,0,152,156,-0.22204067178588482,-2.9765264250650243,0.19896385551376491,0,1,1,0,0,1,1,1,train
6123215,OceanPark,20.9933,105.9441,2025-07-20,-1.0349616691256556,-0.7751536169588422,0.35685314724836403,0.4116322233038003,0,0,0,156,-0.4092236350040421,-3.5818761901939173,0.3186645233135279,0,1,1,1,0,1,1,1,train
6123215,OceanPark,20.9933,105.9441,2025-07-21,-1.1096169157976914,-0.7254516224043469,-0.024202306106530496,0.14321724064738936,0,0,0,156,-0.5964065982221993,-4.18722595532281,0.43836519111329086,46161,1,1,1,0,0,0,0,train
6123215,OceanPark,20.9933,105.9441,2025-07-22,-1.1842721624697277,-0.6757496278498517,-0.40525775946142506,-0.44027761203272164,0,61,0,156,-0.5026551175576655,-2.1910778168736615,0.5529848658484069,0,1,0,1,0,1,1,1,train
6123215,OceanPark,20.9933,105.9441,2025-07-23,-1.2589274091417637,-1.0874677986905186,-0.7863132128163196,-1.0780881530953372,17,112,44,156,-0.40890363689313153,-0.19492967842451292,0.6676045405835228,46161,0,0,0,0,0,0,0,train
6123215,OceanPark,20.9933,105.9441,2025-07-24,-1.1295693559028215,-1.172359262199996,-0.2807401197118282,-1.8058690132722641,0,14,42,156,-0.5905750428471589,-0.09738088997349612,0.8651343053866966,0,1,0,0,0,1,1,1,train
6123215,OceanPark,20.9933,105.9441,2025-07-25,-1.0002113026638795,-1.0682673074658777,-1.7925292314314625,0.6834552015499957,0,0,5,156,-0.7722464488011864,0.00016789847752070243,1.0626640701898702,0,1,1,0,0,1,1,1,train
6123215,OceanPark,20.9933,105.9441,2025-07-26,-0.8708532494249375,-0.9641753527317598,-0.04248549738106036,-0.4591565097803955,98,156,130,156,-0.9539178547552138,0.09771668692853762,1.260193834993044,46161,0,0,0,0,0,0,0,train
6123215,OceanPark,20.9933,105.9441,2025-07-27,-0.8770681501316678,-0.9277311551430317,-0.050156700011471864,-0.8005852518764801,121,151,148,156,-0.5329282965470691,-0.11509576349333552,0.8350376351178417,0,0,0,0,0,1,1,1,train
6123215,OceanPark,20.9933,105.9441,2025-07-28,-0.7902498427883251,-0.7415079626239666,0.09981235142873221,-0.9564973659388641,117,154,148,156,-0.11193873833892423,-0.3279082139152085,0.40988143524263965,0,0,0,0,0,1,1,1,train
6123215,OceanPark,20.9933,105.9441,2025-07-29,-0.09897125944534269,-0.45026474026550634,-0.08583530819605224,-1.4640191037015062,117,59,156,156,0.30905081986922056,-0.5407206643370818,-0.015274764632562547,0,0,0,0,0,1,1,1,train
6123215,OceanPark,20.9933,105.9441,2025-07-30,-0.1700336573908951,-0.5666701216830378,0.9818423811039689,-1.0354754648013218,0,0,141,156,0.7300403780773655,-0.7535331147589548,-0.4404309645077646,0,1,1,0,0,1,1,1,train
6123215,OceanPark,20.9933,105.9441,2025-07-31,-0.24109605533644748,-0.6830755031005696,-0.6807742298429263,0.4665167296557689,130,28,156,156,1.1510299362855105,-0.9663455651808278,-0.8655871643829667,46161,0,0,0,0,0,0,0,train
6123215,OceanPark,20.9933,105.9441,2025-08-01,-0.7432413066692565,-0.6861351782713577,-0.9826031876975212,-0.42974340842341935,81,75,135,156,0.9491746149903196,-0.925276017385125,-0.7183408288859621,0,0,0,0,0,1,1,1,train
6123215,OceanPark,20.9933,105.9441,2025-08-02,-0.6621590988146231,-0.4571449867410145,-0.24266991569398794,-0.8545913206502816,126,154,153,156,0.7473192936951287,-0.8842064695894222,-0.5710944933889573,0,0,0,0,0,1,1,1,train
6123215,OceanPark,20.9933,105.9441,2025-08-03,-0.9797508393268041,-0.6868017123757751,-0.0070245593865186145,-0.9580372669835295,132,120,155,156,0.5454639723999377,-0.8431369217937196,-0.42384815789195274,0,0,0,0,0,1,1,1,train
6123215,OceanPark,20.9933,105.9441,2025-08-04,-0.6452002235585189,-0.6270495480523449,-0.036453420237472126,-0.058229082587371736,156,6,156,156,0.3436086511047467,-0.8020673739980169,-0.2766018223949481,0,0,0,0,0,1,1,1,train
6123215,OceanPark,20.9933,105.9441,2025-08-05,-0.6334262681695839,-0.8082906435912819,0.002209452182971972,0.8103771137006904,0,0,0,156,0.1417533298095557,-0.760997826202314,-0.12935548689794338,46161,1,1,1,0,0,0,0,train
6123215,OceanPark,20.9933,105.9441,2025-08-06,-0.6216523127806489,-0.9895317391302193,0.04087232460341609,-0.20069133995908373,0,0,0,156,0.33332442021067615,-0.5942432945424238,-0.2861964746433347,0,1,1,1,0,1,1,1,train
6123215,OceanPark,20.9933,105.9441,2025-08-07,-0.6098783573917138,-1.1707728346691564,0.07953519702386021,-0.6763138519954972,0,0,0,156,0.5248955106117965,-0.42748876288253357,-0.44303746238872616,0,1,1,1,0,1,1,1,train
6123215,OceanPark,20.9933,105.9441,2025-08-08,-0.5981044020027788,-1.3520139302080936,0.11819806944430432,-1.3907695275043528,64,116,88,156,0.7164666010129167,-0.2607342312226431,-0.5998784501341173,0,0,0,0,0,1,1,1,train
6123215,OceanPark,20.9933,105.9441,2025-08-09,-0.7229239719951728,-1.0437648156177177,0.2637150858239512,-1.1811044512702187,114,148,156,156,0.9080376914140373,-0.09397969956275287,-0.7567194378795088,0,0,0,0,0,1,1,1,train
6123215,OceanPark,20.9933,105.9441,2025-08-10,-0.35678370368799595,-0.8753325474171312,0.2442200510292079,0.3819513159907309,0,0,0,156,1.0996087818151574,0.07277483209713748,-0.9135604256248999,0,1,1,1,0,1,1,1,train
6123215,OceanPark,20.9933,105.9441,2025-08-11,0.00935656461918086,-0.7069002792165442,0.2247250162344646,0.0501957118896493,72,115,96,156,1.2911798722162777,0.23952936375702782,-1.0704014133702915,0,0,0,0,0,1,1,1,train
6123215,OceanPark,20.9933,105.9441,2025-08-12,-0.135137117425313,-0.8517367219479048,-0.17719523940840423,-0.5213842430558944,114,147,121,156,1.4827509626173985,0.40628389541691806,-1.2272424011156826,46161,0,0,0,0,0,0,0,train
6123215,OceanPark,20.9933,105.9441,2025-08-13,-0.01125396285162962,-0.6464954896427703,-0.017171218259026545,0.3452484249759596,76,71,100,156,0.7079173009555807,-0.40264123840735017,-0.5608348298098342,0,0,0,0,0,1,1,1,train
6123215,OceanPark,20.9933,105.9441,2025-08-14,-0.008622386681812507,-0.8878346072520275,-0.29222643458886016,-1.5707129129967068,0,0,5,156,-0.06691636070623713,-1.2115663722316186,0.10557274149601427,0,1,1,0,0,1,1,1,train
6123215,OceanPark,20.9933,105.9441,2025-08-15,-0.005990810511995392,-1.1291737248612852,-0.17090969143918885,-1.266017117577848,0,0,0,156,-0.8417500223680547,-2.020491506055886,0.7719803128018629,46161,1,1,1,0,0,0,0,train
6123215,OceanPark,20.9933,105.9441,2025-08-16,-0.0033592343421782788,-1.3705128424705426,-0.049592948289517554,0.37692548814406984,0,19,6,156,-0.6510923458793805,-1.4978401999784428,0.6432552405492191,0,1,0,0,0,1,1,1,train
6123215,OceanPark,20.9933,105.9441,2025-08-17,-0.0007276581723606923,-1.311087161223937,0.4556451915683228,-0.34298792538315753,0,0,6,156,-0.4604346693907062,-0.975188893900999,0.5145301682965755,0,1,1,0,0,1,1,1,train
6123215,OceanPark,20.9933,105.9441,2025-08-18,0.0019039179974564215,-1.2516614799773313,0.34327451124630864,-1.075278418975444,0,0,0,156,-0.269776992902032,-0.4525375878235553,0.38580509604393176,0,1,1,1,0,1,1,1,train
6123215,OceanPark,20.9933,105.9441,2025-08-19,0.0045354941672735355,-1.192235798730726,0.23090383092429445,-1.2118556492338395,0,0,0,156,-0.07911931641335773,0.0701137182538885,0.25708002379128814,0,1,1,1,0,1,1,1,train
6123215,OceanPark,20.9933,105.9441,2025-08-20,0.007167070337090649,-1.13281011748412,0.11853315060228034,-1.6464849550844318,68,24,136,156,0.1115383600753165,0.592765024331332,0.1283549515386445,46161,0,0,0,0,0,0,0,train
6123215,OceanPark,20.9933,105.9441,2025-08-21,-0.5333914486674309,-1.2182423217855491,0.22747500506465984,0.7592561794915885,0,0,0,156,0.01249206064967764,0.2790916929653074,0.1552216389740579,0,1,1,1,0,1,1,1,train
6123215,OceanPark,20.9933,105.9441,2025-08-22,-1.0739499676719524,-1.3036745260869786,0.3364168595270393,-0.08406972580019859,94,87,124,156,-0.08655423877596123,-0.03458163840071731,0.1820883264094714,0,0,0,0,0,1,1,1,train
6123215,OceanPark,20.9933,105.9441,2025-08-23,-0.7297732145381792,-1.3419308291817573,-0.11156213041157904,-0.6199592310699573,89,110,104,156,-0.18560053820160016,-0.3482549697667422,0.20895501384488477,0,0,0,0,0,1,1,1,train
6123215,OceanPark,20.9933,105.9441,2025-08-24,-0.5655444475042827,-1.1713632791601831,0.7159362257814523,-0.6585326055548316,0,5,4,156,-0.284646837627239,-0.6619283011327669,0.23582170128029825,0,1,0,0,0,1,1,1,train
6123215,OceanPark,20.9933,105.9441,2025-08-25,-0.4013156804703861,-1.162828935851601,0.4997363570418141,-0.8574864588383516,0,0,0,156,-0.383693137052878,-0.9756016324987918,0.26268838871571165,46161,1,1,1,0,0,0,0,train
6123215,OceanPark,20.9933,105.9441,2025-08-26,-0.23708691343648933,-1.1542945925430192,0.28353648830217576,0.45485844725682306,0,0,0,156,-0.4781994895265383,-0.9624808572218714,0.3759229126237488,0,1,1,1,0,1,1,1,train
6123215,OceanPark,20.9933,105.9441,2025-08-27,-0.07285814640259303,-1.1457602492344374,0.06733661956253736,0.25010829302696935,0,0,2,156,-0.5727058420001986,-0.9493600819449506,0.4891574365317859,0,1,1,0,0,1,1,1,train
6123215,OceanPark,20.9933,105.9441,2025-08-28,0.09137062063130375,-1.1372259059258554,0.053104159009207674,-0.6481372582102225,99,124,119,156,-0.6672121944738589,-0.9362393066680301,0.602391960439823,0,0,0,0,0,1,1,1,train
6123215,OceanPark,20.9933,105.9441,2025-08-29,-0.9532673213990159,-1.267259237096884,-1.0427919313895229,-0.9647694964808478,1,65,9,156,-0.7617185469475193,-0.9231185313911093,0.7156264843478601,0,0,0,0,0,1,1,1,train
6123215,OceanPark,20.9933,105.9441,2025-08-30,-0.9889175863344611,-1.7352943580305378,1.3072518614693203,-1.4005187303639235,0,64,2,156,-0.8562248994211796,-0.9099977561141889,0.8288610082558973,46161,1,0,0,0,0,0,0,train
6123215,OceanPark,20.9933,105.9441,2025-08-31,-1.0245678512699063,-1.684473996156614,0.15407096330307485,-1.1865099912776906,3,21,35,156,-0.33735063785461855,-1.182621763094023,0.41368014955394117,0,0,0,0,0,1,1,1,train
6123215,OceanPark,20.9933,105.9441,2025-09-01,-1.0848965510038326,-1.339931226868519,-1.2803426111862681,0.4040906260219139,0,21,11,156,0.1815236237119425,-1.4552457700738566,-0.0015007091480149968,46161,1,0,0,0,0,0,0,train
6123215,OceanPark,20.9933,105.9441,2025-09-02,-1.1452252507377592,-1.1477051365703073,-0.2721604675955159,-0.30061000869194154,25,77,41,156,0.6032928873533897,-0.8982021216314161,-0.2799479128785374,0,0,0,0,0,1,1,1,train
6123215,OceanPark,20.9933,105.9441,2025-09-03,0.07552400035092595,-1.156263445379878,0.2064884893369113,-0.8513307963859138,134,154,153,156,1.0250621509948368,-0.34115847318897596,-0.5583951166090599,0,0,0,0,0,1,1,1,train
6123215,OceanPark,20.9933,105.9441,2025-09-04,-0.11800709674178164,-1.2418498061471492,0.3216611021153241,-1.1576584664613205,144,143,156,156,1.4468314146362837,0.21588517525346448,-0.8368423203395824,46161,0,0,0,0,0,0,0,train
6123215,OceanPark,20.9933,105.9441,2025-09-05,0.09209478527159641,-1.0796199323285742,-0.25372889336997434,-0.920476557799359,149,143,156,156,1.1573905211583804,-0.03187998736352185,-0.5750249912306568,0,0,0,0,0,1,1,1,train
