location_id,location_name,latitude,longitude,date,temperature_2m_C_mean,temperature_2m_C_std,temperature_2m_C_min,temperature_2m_C_max,relative_humidity_pct_mean,relative_humidity_pct_std,relative_humidity_pct_min,relative_humidity_pct_max,dew_point_mean_C,wind_speed_mean_kmh,wind_speed_max_kmh,wind_gusts_max_kmh,wind_u_mean,wind_v_mean,pressure_msl_mean_hPa,surface_pressure_mean_hPa,precip_daily_mm,rain_daily_mm,cloud_cover_mean_pct,blh_mean_m,blh_min_m,blh_max_m,temp_x_rh_mean,wind_x_rain_daily,blh_missing_hours,day_of_week,day_of_year,month,year,is_weekend,season,split
2161292,"Số 46, phố Lưu Quang Vũ",21.0152,105.7999,2024-01-29 00:00:00+00:00,14.454166666666666,1.7403096093028627,11.6,17.9,79.20833333333333,8.230268454952107,65.0,89.0,10.795833333333334,5.133333333333334,9.1,20.5,-1.2294946093857249,-3.766889425542153,1021.1041666666666,1019.3041666666667,0.1,0.1,99.95833333333333,436.3541666666667,175.0,965.0,1132.9375,0.8,24,0,29,1,2024,0,winter,train
2161292,"Số 46, phố Lưu Quang Vũ",21.0152,105.7999,2024-01-30 00:00:00+00:00,17.229166666666668,1.680186109429201,13.8,20.0,84.79166666666667,9.25944484516106,71.0,97.0,14.529166666666667,5.3125,9.4,20.2,-2.371749197569106,2.4787720013240606,1018.1416666666668,1016.3416666666667,0.7999999999999999,0.7999999999999999,99.70833333333333,436.3541666666667,175.0,965.0,1453.5125,4.859999999999999,24,1,30,1,2024,0,winter,train
2161292,"Số 46, phố Lưu Quang Vũ",21.0152,105.7999,2024-01-31 00:00:00+00:00,19.429166666666667,1.3591810727073121,16.4,21.7,89.625,7.394548520774406,76.0,97.0,17.650000000000002,6.495833333333334,10.0,18.4,-1.7310829883814904,3.165044253754441,1016.125,1014.3249999999999,0.1,0.1,100.0,436.3541666666667,175.0,965.0,1735.7666666666667,0.45999999999999996,24,2,31,1,2024,0,winter,train
2161292,"Số 46, phố Lưu Quang Vũ",21.0152,105.7999,2024-02-01 00:00:00+00:00,22.1875,1.900872225424766,19.5,26.4,87.70833333333333,11.288621307072566,66.0,98.0,19.929166666666667,8.891666666666667,13.5,22.3,-2.523186427519195,6.462727062293408,1014.9166666666666,1013.1374999999999,0.4,0.4,90.83333333333333,436.3541666666667,175.0,965.0,1927.3374999999999,4.07,24,3,32,2,2024,0,winter,train
2161292,"Số 46, phố Lưu Quang Vũ",21.0152,105.7999,2024-02-02 00:00:00+00:00,23.558333333333334,2.450717138462461,21.1,28.4,83.08333333333333,13.541937009564563,56.0,97.0,20.258333333333333,14.1625,21.1,41.0,-6.250123700915412,12.319144043204398,1013.9083333333333,1012.15,1.0,1.0,89.54166666666667,436.3541666666667,175.0,965.0,1925.6958333333332,12.150000000000002,24,4,33,2,2024,0,winter,train
2161292,"Số 46, phố Lưu Quang Vũ",21.0152,105.7999,2024-02-03 00:00:00+00:00,23.479166666666668,1.7212177606886767,21.8,27.6,86.75,8.532546385815136,68.0,95.0,21.029166666666665,16.879166666666666,21.1,39.6,-7.137133567657558,15.021909108705612,1013.25,1011.4875000000001,1.8,1.8,89.125,436.3541666666667,175.0,965.0,2022.8999999999999,33.7,24,5,34,2,2024,1,winter,train
2161292,"Số 46, phố Lưu Quang Vũ",21.0152,105.7999,2024-02-04 00:00:00+00:00,24.754166666666666,2.8402356250489333,21.0,29.6,82.91666666666667,14.972196454317142,59.0,98.0,21.354166666666668,12.945833333333333,18.1,32.0,-5.989685661958728,9.907849618599855,1013.2583333333333,1011.5083333333333,2.0,2.0,72.20833333333333,436.3541666666667,175.0,965.0,2012.3333333333333,25.94,24,6,35,2,2024,1,winter,train
2161292,"Số 46, phố Lưu Quang Vũ",21.0152,105.7999,2024-02-05 00:00:00+00:00,22.09583333333333,1.6933319782032685,20.0,25.2,86.16666666666667,6.856711511622981,75.0,96.0,19.6375,13.629166666666668,20.1,38.5,-10.6033927452126,8.50040090012296,1014.9958333333334,1013.2208333333333,1.6,1.6,99.70833333333333,436.3541666666667,175.0,965.0,1893.3666666666668,16.64,24,0,36,2,2024,0,winter,train
2161292,"Số 46, phố Lưu Quang Vũ",21.0152,105.7999,2024-02-06 00:00:00+00:00,20.370833333333334,3.0013734778636243,15.3,24.4,89.0,6.65288430421103,77.0,97.0,18.429166666666667,12.366666666666667,18.4,34.6,-9.892991868517976,1.9336089373222276,1015.3208333333333,1013.5333333333333,5.3,5.3,100.0,436.3541666666667,175.0,965.0,1796.6000000000001,54.24,24,1,37,2,2024,0,winter,train
2161292,"Số 46, phố Lưu Quang Vũ",21.0152,105.7999,2024-02-07 00:00:00+00:00,15.008333333333333,2.117816075001847,11.4,17.8,78.625,4.906185093727409,73.0,90.0,11.325000000000001,12.258333333333333,14.5,27.0,-8.106002868938141,-8.97068744299938,1016.2291666666666,1014.4291666666667,1.5,1.5,100.0,436.3541666666667,175.0,965.0,1177.8083333333334,18.200000000000003,24,2,38,2,2024,0,winter,train
2161292,"Số 46, phố Lưu Quang Vũ",21.0152,105.7999,2024-02-08 00:00:00+00:00,12.908333333333333,1.159053837015973,11.4,14.7,69.125,2.8485312767780204,66.0,75.0,7.3999999999999995,10.354166666666666,13.2,23.8,-5.1381731869372915,-8.670808307896051,1020.2333333333332,1018.4333333333334,0.0,0.0,100.0,436.3541666666667,175.0,965.0,890.3916666666668,0.0,24,3,39,2,2024,0,winter,train
2161292,"Số 46, phố Lưu Quang Vũ",21.0152,105.7999,2024-02-09 00:00:00+00:00,14.858333333333334,1.188318749021222,11.9,16.6,65.125,9.830354498451081,52.0,82.0,8.220833333333333,8.4375,16.7,32.0,-0.7820184460341045,-7.811101253743522,1025.8666666666666,1024.0666666666666,0.0,0.0,99.66666666666667,436.3541666666667,175.0,965.0,965.2208333333333,0.0,24,4,40,2,2024,0,winter,train
2161292,"Số 46, phố Lưu Quang Vũ",21.0152,105.7999,2024-02-10 00:00:00+00:00,16.429166666666667,2.0011907687058765,12.8,19.5,66.66666666666667,15.519039265049399,46.0,94.0,9.8375,9.058333333333334,13.4,29.2,0.8592160004136694,-7.830641119010046,1027.3541666666667,1025.5541666666666,0.6000000000000001,0.6000000000000001,72.875,436.3541666666667,175.0,965.0,1069.2625,4.44,24,5,41,2,2024,1,winter,train
2161292,"Số 46, phố Lưu Quang Vũ",21.0152,105.7999,2024-02-11 00:00:00+00:00,17.008333333333333,3.7501207710021087,11.9,22.5,66.25,18.9375403572536,40.0,95.0,10.004166666666666,7.204166666666667,12.5,27.7,-3.4595075189481883,-1.6517994929321562,1025.5958333333333,1023.7958333333332,0.0,0.0,10.416666666666666,436.3541666666667,175.0,965.0,1060.2,0.0,24,6,42,2,2024,1,winter,train
2161292,"Số 46, phố Lưu Quang Vũ",21.0152,105.7999,2024-02-12 00:00:00+00:00,19.016666666666666,3.9516278062136077,12.2,27.2,74.29166666666667,20.446067266510376,40.0,97.0,13.700000000000001,9.733333333333333,19.7,38.5,-6.515239030283364,5.967052329773207,1021.5124999999999,1019.7208333333333,0.0,0.0,38.291666666666664,436.3541666666667,175.0,965.0,1341.8416666666667,0.0,24,0,43,2,2024,0,winter,train
2161292,"Số 46, phố Lưu Quang Vũ",21.0152,105.7999,2024-02-13 00:00:00+00:00,20.883333333333333,2.8179034245596357,16.2,25.8,81.16666666666667,15.903695678422801,56.0,98.0,17.175,11.862499999999999,19.2,38.2,-4.87687965434801,10.3361247788838,1018.6708333333332,1016.8833333333333,0.0,0.0,81.5,436.3541666666667,175.0,965.0,1653.8958333333333,0.0,24,1,44,2,2024,0,winter,train
2161292,"Số 46, phố Lưu Quang Vũ",21.0152,105.7999,2024-02-14 00:00:00+00:00,21.570833333333336,2.446022355236936,19.0,25.5,81.79166666666667,13.328554397189542,61.0,96.0,18.091666666666665,14.0375,21.5,40.3,-6.268572772709304,11.653065863445107,1016.525,1014.75,0.6000000000000001,0.6000000000000001,97.33333333333333,436.3541666666667,175.0,965.0,1733.325,10.65,24,2,45,2,2024,0,winter,train
2161292,"Số 46, phố Lưu Quang Vũ",21.0152,105.7999,2024-02-15 00:00:00+00:00,21.358333333333334,2.599651593155726,17.9,25.6,84.29166666666667,10.85669165184258,65.0,96.0,18.4125,7.095833333333334,17.3,30.2,-5.563855847808163,0.9021686344718404,1019.2375000000001,1017.4541666666668,1.9,1.9,94.625,436.3541666666667,175.0,965.0,1776.3374999999999,15.39,24,3,46,2,2024,0,winter,train
2161292,"Số 46, phố Lưu Quang Vũ",21.0152,105.7999,2024-02-16 00:00:00+00:00,20.145833333333332,2.858850356755114,16.6,25.0,79.16666666666667,12.784728208386706,57.0,97.0,16.204166666666666,10.358333333333333,15.5,28.1,-6.7521631098619475,4.954223983085025,1017.2624999999999,1015.4791666666666,0.7,0.7,67.33333333333333,436.3541666666667,175.0,965.0,1562.3416666666665,5.4,24,4,47,2,2024,0,winter,train
2161292,"Số 46, phố Lưu Quang Vũ",21.0152,105.7999,2024-02-17 00:00:00+00:00,21.816666666666666,2.2711166888763676,18.2,25.9,82.75,11.632974123435574,65.0,95.0,18.5625,14.554166666666667,21.9,43.6,-5.157309434195706,13.283835655091698,1012.0791666666668,1010.3083333333334,1.3,1.3,92.16666666666667,436.3541666666667,175.0,965.0,1780.7875000000001,19.93,24,5,48,2,2024,1,winter,train
2161292,"Số 46, phố Lưu Quang Vũ",21.0152,105.7999,2024-02-18 00:00:00+00:00,23.741666666666664,3.131733325682185,20.5,29.7,84.41666666666667,13.328350518208616,62.0,98.0,20.733333333333334,11.983333333333334,18.3,34.6,-5.836588301958211,9.681071818045956,1010.3041666666667,1008.5541666666667,0.5,0.5,72.54166666666667,436.3541666666667,175.0,965.0,1964.7958333333333,5.36,24,6,49,2,2024,1,winter,train
2161292,"Số 46, phố Lưu Quang Vũ",21.0152,105.7999,2024-02-19 00:00:00+00:00,24.6125,3.0170980154417615,20.5,30.8,84.08333333333333,12.010562983824107,60.0,96.0,21.541666666666668,14.408333333333333,22.0,41.8,-7.204035168798821,12.326595850644997,1009.4499999999999,1007.7375000000001,0.4,0.4,34.75,436.3541666666667,175.0,965.0,2035.0083333333332,3.71,24,0,50,2,2024,0,winter,train
2161292,"Số 46, phố Lưu Quang Vũ",21.0152,105.7999,2024-02-20 00:00:00+00:00,25.78333333333333,3.278608754078296,21.8,32.0,80.125,11.748496666086416,60.0,95.0,21.900000000000002,16.641666666666666,24.6,45.7,-6.647887846409059,14.911402529450092,1007.5458333333332,1005.8416666666667,0.5,0.5,34.458333333333336,436.3541666666667,175.0,965.0,2029.1791666666668,8.37,24,1,51,2,2024,0,winter,train
2161292,"Số 46, phố Lưu Quang Vũ",21.0152,105.7999,2024-02-21 00:00:00+00:00,26.625,3.6350049339120867,22.2,32.8,79.75,13.019216566291535,56.0,96.0,22.566666666666666,12.870833333333332,19.4,36.0,-5.517109347514154,10.521939758569099,1008.8249999999999,1007.1208333333334,0.5,0.5,59.083333333333336,436.3541666666667,175.0,965.0,2078.2625000000003,7.79,24,2,52,2,2024,0,winter,train
2161292,"Số 46, phố Lưu Quang Vũ",21.0152,105.7999,2024-02-22 00:00:00+00:00,25.083333333333332,3.162781751211597,19.0,30.1,80.5,8.571946154145229,65.0,93.0,21.3625,15.004166666666668,21.6,40.7,-10.193880921961071,8.485191668062827,1013.0208333333334,1011.2916666666666,1.8,1.8,98.08333333333333,436.3541666666667,175.0,965.0,2000.1958333333332,25.71,24,3,53,2,2024,0,winter,train
2161292,"Số 46, phố Lưu Quang Vũ",21.0152,105.7999,2024-02-23 00:00:00+00:00,17.458333333333332,2.73303727629595,13.4,21.4,80.54166666666667,9.357532035590438,65.0,94.0,13.950000000000001,11.929166666666667,15.9,29.5,-7.305770931232935,-8.936149407775178,1017.9875000000001,1016.1875,5.4,5.4,100.0,436.3541666666667,175.0,965.0,1385.4750000000001,62.0,24,4,54,2,2024,0,winter,train
2161292,"Số 46, phố Lưu Quang Vũ",21.0152,105.7999,2024-02-24 00:00:00+00:00,13.0625,1.0997282272966535,11.8,14.9,87.625,4.051972144631498,81.0,94.0,11.033333333333333,9.429166666666667,11.8,24.5,-3.556270372912158,-8.600687979657522,1021.2041666666668,1019.4041666666667,4.2,4.2,100.0,436.3541666666667,175.0,965.0,1141.4041666666667,42.17,24,5,55,2,2024,1,winter,train
2161292,"Số 46, phố Lưu Quang Vũ",21.0152,105.7999,2024-02-25 00:00:00+00:00,14.15,1.158334636637782,11.8,15.7,78.0,3.867366253554273,73.0,87.0,10.341666666666667,5.8875,11.6,22.3,-1.401160130123743,-5.453267666072186,1020.6,1018.8000000000001,0.6000000000000001,0.6000000000000001,100.0,436.3541666666667,175.0,965.0,1099.6083333333333,5.43,24,6,56,2,2024,1,winter,train
2161292,"Số 46, phố Lưu Quang Vũ",21.0152,105.7999,2024-02-26 00:00:00+00:00,14.891666666666667,1.9133209614304851,11.9,17.7,75.91666666666667,5.372366223609451,69.0,84.0,10.620833333333334,9.458333333333334,13.1,23.8,-4.983670447722326,-7.394844869221462,1020.6916666666666,1018.8916666666668,1.3,1.3,100.0,436.3541666666667,175.0,965.0,1121.7833333333333,11.88,24,0,57,2,2024,0,winter,train
2161292,"Số 46, phố Lưu Quang Vũ",21.0152,105.7999,2024-02-27 00:00:00+00:00,13.920833333333334,1.1189976751993047,11.6,15.6,71.20833333333333,4.471933408023547,65.0,82.0,8.766666666666667,6.8875,14.7,27.7,-3.93496214338551,-5.053589895785984,1019.9541666666668,1018.1541666666667,0.1,0.1,99.91666666666667,436.3541666666667,175.0,965.0,986.9625,1.36,24,1,58,2,2024,0,winter,train
2161292,"Số 46, phố Lưu Quang Vũ",21.0152,105.7999,2024-02-28 00:00:00+00:00,16.183333333333334,1.5702856751079646,13.4,19.0,81.79166666666667,7.989009660922857,70.0,94.0,12.987499999999999,5.433333333333334,9.2,19.1,-2.627799179525054,-2.7388871495479337,1016.4541666666668,1014.6541666666667,0.9,0.9,100.0,436.3541666666667,175.0,965.0,1317.4125000000001,5.8500000000000005,24,2,59,2,2024,0,winter,train
2161292,"Số 46, phố Lưu Quang Vũ",21.0152,105.7999,2024-02-29 00:00:00+00:00,15.195833333333333,1.351160263614576,12.9,17.2,72.5,7.813032590541878,65.0,92.0,10.233333333333333,11.316666666666668,15.0,29.9,-4.5554015074907985,-10.143548839904817,1019.6708333333332,1017.8708333333334,0.1,0.1,100.0,436.3541666666667,175.0,965.0,1101.1708333333333,0.97,24,3,60,2,2024,0,winter,train
2161292,"Số 46, phố Lưu Quang Vũ",21.0152,105.7999,2024-03-01 00:00:00+00:00,14.229166666666666,0.9728841776842736,12.7,15.9,61.958333333333336,2.255026591314666,58.0,67.0,7.0375000000000005,9.987499999999999,15.1,29.2,-4.403041730036586,-8.471164749090395,1022.5041666666666,1020.7041666666668,0.0,0.0,100.0,436.3541666666667,175.0,965.0,881.0583333333334,0.0,24,4,61,3,2024,0,spring,train
2161292,"Số 46, phố Lưu Quang Vũ",21.0152,105.7999,2024-03-02 00:00:00+00:00,13.987499999999999,2.0789446528383624,11.9,18.0,70.45833333333333,12.03248923130411,53.0,86.0,8.4625,6.941666666666666,13.2,25.9,-3.577705182712807,-0.09674261932466262,1020.4083333333333,1018.6083333333332,0.0,0.0,73.04166666666667,436.3541666666667,175.0,965.0,964.4416666666666,0.0,24,5,62,3,2024,1,spring,train
2161292,"Số 46, phố Lưu Quang Vũ",21.0152,105.7999,2024-03-03 00:00:00+00:00,17.970833333333335,2.4132747310524407,13.4,22.4,79.45833333333333,12.169023992397111,63.0,97.0,14.1625,12.137500000000001,18.0,35.6,-3.783622598862878,10.87142017853487,1011.7708333333334,1009.9791666666666,0.0,0.0,79.375,436.3541666666667,175.0,965.0,1408.5125,0.0,24,6,63,3,2024,1,spring,train
2161292,"Số 46, phố Lưu Quang Vũ",21.0152,105.7999,2024-03-04 00:00:00+00:00,21.6125,3.9035449329395786,15.9,28.5,84.375,13.18369381503893,64.0,100.0,18.633333333333333,5.983333333333333,12.3,19.1,-1.1889433408561945,1.1654732521284317,1005.15,1003.4041666666667,0.0,0.0,37.958333333333336,436.3541666666667,175.0,965.0,1781.470833333333,0.0,24,0,64,3,2024,0,spring,train
2161292,"Số 46, phố Lưu Quang Vũ",21.0152,105.7999,2024-03-05 00:00:00+00:00,25.295833333333334,4.564273280568348,18.0,32.6,78.375,14.227384800477894,53.0,99.0,20.9375,7.925,18.5,30.6,-3.062382188474247,-1.2833785385998207,1003.7541666666666,1002.0291666666667,0.0,0.0,15.458333333333334,436.3541666666667,175.0,965.0,1921.6958333333332,0.0,24,1,65,3,2024,0,spring,train
2161292,"Số 46, phố Lưu Quang Vũ",21.0152,105.7999,2024-03-06 00:00:00+00:00,22.6875,2.9817287807141555,18.4,27.1,67.41666666666667,12.240050677170832,51.0,84.0,16.079166666666666,13.774999999999999,22.4,42.8,-9.322066058545605,-6.729263426981343,1011.1166666666667,1009.3666666666667,0.0,0.0,46.416666666666664,436.3541666666667,175.0,965.0,1503.5791666666667,0.0,24,2,66,3,2024,0,spring,train
2161292,"Số 46, phố Lưu Quang Vũ",21.0152,105.7999,2024-03-07 00:00:00+00:00,20.633333333333333,1.4128807041141043,18.3,22.9,66.70833333333333,8.035135704958655,57.0,81.0,14.104166666666666,6.945833333333333,11.8,22.3,-3.8853013304499933,-2.0588871302384995,1015.8625000000001,1014.0625,0.0,0.0,100.0,436.3541666666667,175.0,965.0,1368.4416666666666,0.0,24,3,67,3,2024,0,spring,train
2161292,"Số 46, phố Lưu Quang Vũ",21.0152,105.7999,2024-03-08 00:00:00+00:00,19.458333333333332,1.3038126921578426,17.5,21.4,73.79166666666667,6.093326118665064,62.0,84.0,14.595833333333333,5.483333333333333,9.5,18.4,-3.4058863847381566,1.0870624761400614,1016.8000000000001,1015.0,0.2,0.2,100.0,436.3541666666667,175.0,965.0,1429.5083333333332,0.8400000000000001,24,4,68,3,2024,0,spring,train
2161292,"Số 46, phố Lưu Quang Vũ",21.0152,105.7999,2024-03-09 00:00:00+00:00,17.666666666666668,1.080525905235065,16.1,19.3,83.04166666666667,6.830107050320696,75.0,94.0,14.720833333333333,7.862500000000001,9.4,20.5,-2.7986339451700473,-6.855470726162341,1016.9250000000001,1015.125,1.3,1.3,100.0,436.3541666666667,175.0,965.0,1460.7250000000001,9.5,24,5,69,3,2024,1,spring,train
2161292,"Số 46, phố Lưu Quang Vũ",21.0152,105.7999,2024-03-10 00:00:00+00:00,17.704166666666666,0.983993269094454,16.2,19.4,81.70833333333333,4.4475608035696705,74.0,92.0,14.545833333333334,8.566666666666666,15.2,27.4,-3.594309286984176,-7.022517005617966,1019.0124999999999,1017.2125,1.0,1.0,100.0,436.3541666666667,175.0,965.0,1442.6791666666668,10.89,24,6,70,3,2024,1,spring,train
2161292,"Số 46, phố Lưu Quang Vũ",21.0152,105.7999,2024-03-11 00:00:00+00:00,19.145833333333332,3.2629646651162343,15.2,24.8,77.375,15.725394859216125,52.0,98.0,14.708333333333334,8.200000000000001,16.9,36.0,0.5579433813045576,-3.2232870483130838,1018.9791666666666,1017.1875,0.1,0.1,29.541666666666668,436.3541666666667,175.0,965.0,1432.8958333333333,1.2400000000000002,24,0,71,3,2024,0,spring,train
2161292,"Số 46, phố Lưu Quang Vũ",21.0152,105.7999,2024-03-12 00:00:00+00:00,20.795833333333334,2.7868447432873626,16.2,24.7,78.75,14.274483162805492,59.0,96.0,16.654166666666665,9.345833333333333,17.2,30.2,-5.907239294958824,6.934920974807672,1015.8291666666668,1014.0500000000001,0.0,0.0,77.66666666666667,436.3541666666667,175.0,965.0,1600.3333333333333,0.0,24,1,72,3,2024,0,spring,train
2161292,"Số 46, phố Lưu Quang Vũ",21.0152,105.7999,2024-03-13 00:00:00+00:00,21.708333333333332,1.773945900519802,18.8,24.6,85.83333333333333,9.911199930279427,71.0,98.0,19.133333333333333,8.308333333333334,12.6,24.5,-4.804481632560143,4.216330670315163,1013.5124999999999,1011.7416666666667,2.2,2.2,100.0,436.3541666666667,175.0,965.0,1848.125,12.35,24,2,73,3,2024,0,spring,train
2161292,"Số 46, phố Lưu Quang Vũ",21.0152,105.7999,2024-03-14 00:00:00+00:00,21.275000000000002,1.1740861386071995,20.1,23.5,92.16666666666667,5.592437958425701,81.0,98.0,19.920833333333334,6.295833333333333,11.7,20.5,-5.218789846644618,0.10019149042297483,1013.1374999999999,1011.3541666666666,6.5,6.5,100.0,436.3541666666667,175.0,965.0,1954.9541666666667,30.38,24,3,74,3,2024,0,spring,train
2161292,"Số 46, phố Lưu Quang Vũ",21.0152,105.7999,2024-03-15 00:00:00+00:00,23.037499999999998,1.425486187083277,20.3,25.7,91.25,7.041800659045891,79.0,98.0,21.46666666666667,8.112499999999999,12.1,24.1,-4.7903020008361725,6.343858791479165,1012.725,1010.9625,0.7,0.7,95.66666666666667,436.3541666666667,175.0,965.0,2094.9874999999997,3.89,24,4,75,3,2024,0,spring,train
2161292,"Số 46, phố Lưu Quang Vũ",21.0152,105.7999,2024-03-16 00:00:00+00:00,23.6125,1.5858922875864188,21.8,26.5,89.875,6.462685536820283,77.0,97.0,21.804166666666664,12.924999999999999,17.1,33.1,-9.427354035871783,8.465954236889827,1013.7624999999999,1012.0041666666666,1.5,1.5,99.95833333333333,436.3541666666667,175.0,965.0,2112.554166666667,22.41,24,5,76,3,2024,1,spring,train
2161292,"Số 46, phố Lưu Quang Vũ",21.0152,105.7999,2024-03-17 00:00:00+00:00,23.912499999999998,1.6674146872120421,21.9,26.7,91.0,5.838403593598096,81.0,97.0,22.3,11.262500000000001,13.8,27.0,-8.370983849984436,7.318775803705876,1012.7958333333332,1011.0458333333332,1.9000000000000001,1.9000000000000001,99.875,436.3541666666667,175.0,965.0,2166.9791666666665,22.75,24,6,77,3,2024,1,spring,train
2161292,"Số 46, phố Lưu Quang Vũ",21.0152,105.7999,2024-03-18 00:00:00+00:00,23.516666666666666,2.2829551151897443,18.5,26.9,89.54166666666667,5.717852794512126,78.0,97.0,21.65833333333333,12.745833333333332,25.6,47.2,-9.378463426570175,2.8739297870140263,1013.8291666666668,1012.0791666666668,33.1,33.1,100.0,436.3541666666667,175.0,965.0,2098.8958333333335,634.85,24,0,78,3,2024,0,spring,train
2161292,"Số 46, phố Lưu Quang Vũ",21.0152,105.7999,2024-03-19 00:00:00+00:00,18.875,1.4371620585754092,17.0,21.1,81.625,8.560843619542457,68.0,94.0,15.583333333333334,8.108333333333333,18.9,34.9,-2.0125238684574325,-4.87742399319493,1021.1666666666666,1019.3666666666667,28.1,28.1,100.0,436.3541666666667,175.0,965.0,1530.7166666666665,409.58,24,1,79,3,2024,0,spring,train
2161292,"Số 46, phố Lưu Quang Vũ",21.0152,105.7999,2024-03-20 00:00:00+00:00,18.166666666666668,2.4423201133823316,14.9,21.5,75.70833333333333,13.546952702959876,55.0,92.0,13.5625,4.933333333333334,9.2,18.7,-0.06788193100006053,-0.0845525373723545,1021.275,1019.475,0.2,0.2,60.583333333333336,436.3541666666667,175.0,965.0,1347.5125,0.66,24,2,80,3,2024,0,spring,train
2161292,"Số 46, phố Lưu Quang Vũ",21.0152,105.7999,2024-03-21 00:00:00+00:00,21.154166666666665,3.1985022536597767,15.6,27.3,75.66666666666667,13.412086264672414,56.0,94.0,16.429166666666667,11.6625,19.7,37.8,-4.752648814284755,10.354903143607896,1012.2208333333333,1010.4499999999999,0.0,0.0,55.916666666666664,436.3541666666667,175.0,965.0,1564.2916666666667,0.0,24,3,81,3,2024,0,spring,train
2161292,"Số 46, phố Lưu Quang Vũ",21.0152,105.7999,2024-03-22 00:00:00+00:00,23.483333333333334,2.410965288673482,19.2,27.8,84.125,10.485238070320776,66.0,96.0,20.474999999999998,15.1625,18.6,33.8,-4.894834128160906,13.983275244591207,1007.2125,1005.5,0.1,0.1,78.375,436.3541666666667,175.0,965.0,1954.2416666666668,1.51,24,4,82,3,2024,0,spring,train
2161292,"Số 46, phố Lưu Quang Vũ",21.0152,105.7999,2024-03-23 00:00:00+00:00,25.520833333333332,3.134656096062167,21.9,31.6,83.66666666666667,11.389036172018072,62.0,96.0,22.379166666666666,14.520833333333334,21.4,40.3,-7.477804248671878,11.338076472954548,1007.0500000000001,1005.3458333333333,0.7999999999999999,0.7999999999999999,30.208333333333332,436.3541666666667,175.0,965.0,2101.4791666666665,16.57,24,5,83,3,2024,1,spring,train
2161292,"Số 46, phố Lưu Quang Vũ",21.0152,105.7999,2024-03-24 00:00:00+00:00,25.883333333333336,3.1255840034014186,22.4,31.9,84.375,11.465686046710816,62.0,97.0,22.837500000000002,12.733333333333334,21.7,38.9,-7.861892237731869,9.210116922585074,1009.6041666666666,1007.9041666666667,0.5,0.5,50.333333333333336,436.3541666666667,175.0,965.0,2149.679166666667,6.25,24,6,84,3,2024,1,spring,train
2161292,"Số 46, phố Lưu Quang Vũ",21.0152,105.7999,2024-03-25 00:00:00+00:00,26.120833333333334,2.2078868840485506,23.2,30.3,86.875,9.656322551437027,69.0,96.0,23.629166666666666,10.387500000000001,16.2,29.5,-6.619682430731444,7.6990737809936824,1012.1416666666668,1010.4416666666666,0.8,0.8,82.125,436.3541666666667,175.0,965.0,2249.2791666666667,5.86,24,0,85,3,2024,0,spring,train
2161292,"Số 46, phố Lưu Quang Vũ",21.0152,105.7999,2024-03-26 00:00:00+00:00,25.5625,2.752834507573414,22.6,30.1,83.08333333333333,13.467889885613662,60.0,97.0,22.21666666666667,14.424999999999999,22.5,42.1,-7.453734314348398,12.157642414385927,1015.125,1013.3833333333333,0.2,0.2,88.33333333333333,436.3541666666667,175.0,965.0,2088.4125,3.33,24,1,86,3,2024,0,spring,train
2161292,"Số 46, phố Lưu Quang Vũ",21.0152,105.7999,2024-03-27 00:00:00+00:00,25.370833333333334,1.7860520384518392,23.5,29.0,85.70833333333333,8.227626667497134,67.0,95.0,22.704166666666666,13.354166666666666,18.7,35.6,-5.255132787661412,11.760023777637663,1013.1333333333333,1011.4291666666667,1.9000000000000001,1.9000000000000001,99.20833333333333,436.3541666666667,175.0,965.0,2160.5666666666666,21.61,24,2,87,3,2024,0,spring,train
2161292,"Số 46, phố Lưu Quang Vũ",21.0152,105.7999,2024-03-28 00:00:00+00:00,24.15833333333333,2.116173056674974,22.0,28.9,89.08333333333333,6.801001631260343,73.0,96.0,22.166666666666668,6.616666666666667,12.7,29.5,-0.8284014146727442,2.553265019415227,1012.8666666666667,1011.1125000000001,20.3,20.3,95.41666666666667,436.3541666666667,175.0,965.0,2139.4500000000003,188.56,24,3,88,3,2024,0,spring,train
2161292,"Số 46, phố Lưu Quang Vũ",21.0152,105.7999,2024-03-29 00:00:00+00:00,23.65833333333333,2.2023538132735565,21.4,27.5,86.75,8.798468246135853,70.0,97.0,21.220833333333335,8.058333333333334,13.0,25.6,-2.5291426542265536,5.2492220821959235,1012.2833333333333,1010.5166666666668,11.9,11.9,52.083333333333336,436.3541666666667,175.0,965.0,2034.05,37.43,24,4,89,3,2024,0,spring,train
2161292,"Số 46, phố Lưu Quang Vũ",21.0152,105.7999,2024-03-30 00:00:00+00:00,25.941666666666666,3.1817300006602465,22.2,31.8,84.83333333333333,13.12702710364042,58.0,98.0,22.96666666666667,11.441666666666668,17.3,31.7,-3.8569188759896917,8.814163523812967,1008.9250000000001,1007.2208333333333,0.30000000000000004,0.30000000000000004,45.625,436.3541666666667,175.0,965.0,2161.5041666666666,3.79,24,5,90,3,2024,1,spring,train
2161292,"Số 46, phố Lưu Quang Vũ",21.0152,105.7999,2024-03-31 00:00:00+00:00,27.8,3.2262510212588724,22.5,32.8,79.29166666666667,8.254006493116284,67.0,96.0,23.804166666666664,8.583333333333334,15.5,27.0,-4.216935489101726,4.144800348094521,1005.15,1003.4499999999999,0.0,0.0,64.95833333333333,436.3541666666667,175.0,965.0,2182.0916666666667,0.0,24,6,91,3,2024,1,spring,train
2161292,"Số 46, phố Lưu Quang Vũ",21.0152,105.7999,2024-04-01 00:00:00+00:00,28.900000000000002,4.044857174884844,22.6,35.9,72.41666666666667,10.371015910434846,49.0,92.0,23.212500000000002,12.095833333333333,19.3,33.8,-4.08604476010909,10.121123290159366,1002.2708333333334,1000.5708333333333,0.0,0.0,39.875,436.3541666666667,175.0,965.0,2056.5583333333334,0.0,24,0,92,4,2024,0,spring,train
2161292,"Số 46, phố Lưu Quang Vũ",21.0152,105.7999,2024-04-02 00:00:00+00:00,28.71666666666667,4.115154037654383,22.6,35.8,73.91666666666667,9.990937922923461,57.0,92.0,23.420833333333334,8.729166666666666,16.1,32.4,-5.59724547066957,5.712062944081868,1001.7624999999999,1000.0625,0.0,0.0,10.375,436.3541666666667,175.0,965.0,2084.3958333333335,0.0,24,1,93,4,2024,0,spring,train
2161292,"Số 46, phố Lưu Quang Vũ",21.0152,105.7999,2024-04-03 00:00:00+00:00,28.95,4.154620267270812,23.3,36.2,78.0,11.872511180838293,56.0,96.0,24.458333333333332,8.4625,17.3,31.0,-5.708590855212161,3.2709601876074514,1002.9291666666667,1001.2291666666666,0.0,0.0,1.0416666666666667,436.3541666666667,175.0,965.0,2211.5,0.0,24,2,94,4,2024,0,spring,train
2161292,"Số 46, phố Lưu Quang Vũ",21.0152,105.7999,2024-04-04 00:00:00+00:00,28.920833333333334,3.489983077904245,25.0,34.7,79.25,10.653637876331256,62.0,93.0,24.795833333333334,11.6625,16.5,30.2,-10.393626977099675,1.247624673542199,1004.5583333333334,1002.8583333333332,0.0,0.0,22.291666666666668,436.3541666666667,175.0,965.0,2256.85,0.0,24,3,95,4,2024,0,spring,train
2161292,"Số 46, phố Lưu Quang Vũ",21.0152,105.7999,2024-04-05 00:00:00+00:00,26.445833333333336,1.2514267220175985,24.6,28.4,83.5,3.230291412348996,78.0,90.0,23.3875,15.358333333333334,18.6,36.0,-12.64517684750403,8.429353578066376,1007.7291666666666,1006.0291666666667,0.8,0.8,100.0,436.3541666666667,175.0,965.0,2205.383333333333,13.05,24,4,96,4,2024,0,spring,train
2161292,"Số 46, phố Lưu Quang Vũ",21.0152,105.7999,2024-04-06 00:00:00+00:00,26.254166666666666,1.7184368950644764,23.9,28.9,83.75,6.414996018162724,74.0,93.0,23.2375,14.604166666666666,18.2,36.4,-10.991317288868972,9.22659543292852,1008.0958333333333,1006.3958333333334,2.7,2.7,100.0,436.3541666666667,175.0,965.0,2188.8250000000003,36.29,24,5,97,4,2024,1,spring,train
2161292,"Số 46, phố Lưu Quang Vũ",21.0152,105.7999,2024-04-07 00:00:00+00:00,25.520833333333332,1.8320763147828742,21.5,28.4,87.08333333333333,5.046881660268407,80.0,95.0,23.183333333333334,12.6875,17.3,32.4,-10.369119156522208,3.717872075976676,1008.1374999999999,1006.4291666666667,4.8,4.8,99.95833333333333,436.3541666666667,175.0,965.0,2214.1541666666667,57.28,24,6,98,4,2024,1,spring,train
2161292,"Số 46, phố Lưu Quang Vũ",21.0152,105.7999,2024-04-08 00:00:00+00:00,23.15833333333333,1.02487185483873,21.2,24.8,82.45833333333333,6.934345313548801,72.0,93.0,19.95,6.966666666666666,16.0,33.5,-2.2441524342444863,-4.900441447562442,1012.8874999999999,1011.1333333333333,1.6,1.6,100.0,436.3541666666667,175.0,965.0,1904.4916666666668,13.24,24,0,99,4,2024,0,spring,train
2161292,"Số 46, phố Lưu Quang Vũ",21.0152,105.7999,2024-04-09 00:00:00+00:00,23.695833333333336,1.4860157312838873,22.0,26.4,82.25,7.212609730911187,71.0,91.0,20.404166666666665,6.220833333333334,10.7,18.4,-3.7604418274621256,0.6924551059189028,1014.5124999999999,1012.75,0.1,0.1,99.91666666666667,436.3541666666667,175.0,965.0,1939.9083333333335,0.87,24,1,100,4,2024,0,spring,train
2161292,"Số 46, phố Lưu Quang Vũ",21.0152,105.7999,2024-04-10 00:00:00+00:00,24.587500000000002,1.6374190985657366,22.6,27.5,86.04166666666667,8.715199948648772,70.0,96.0,21.983333333333334,8.591666666666667,15.5,31.0,-4.4054285091406795,6.778247859871109,1013.6541666666667,1011.9166666666666,0.9,0.9,93.29166666666667,436.3541666666667,175.0,965.0,2102.5625,8.24,24,2,101,4,2024,0,spring,train
2161292,"Số 46, phố Lưu Quang Vũ",21.0152,105.7999,2024-04-11 00:00:00+00:00,26.195833333333336,1.7215966216092058,24.2,29.0,86.41666666666667,7.739883532809087,75.0,95.0,23.683333333333334,12.470833333333333,17.6,31.3,-6.534219330781853,10.583655981477877,1012.3958333333334,1010.6958333333333,0.6000000000000001,0.6000000000000001,90.0,436.3541666666667,175.0,965.0,2251.5833333333335,7.6000000000000005,24,3,102,4,2024,0,spring,train
2161292,"Số 46, phố Lưu Quang Vũ",21.0152,105.7999,2024-04-12 00:00:00+00:00,27.116666666666664,2.2301621439720036,24.9,31.0,81.125,11.421994419616002,64.0,95.0,23.425,16.370833333333334,20.6,39.2,-4.454144677508068,15.51724887057039,1009.9958333333334,1008.2958333333332,0.0,0.0,88.29166666666667,436.3541666666667,175.0,965.0,2175.820833333333,0.0,24,4,103,4,2024,0,spring,train
2161292,"Số 46, phố Lưu Quang Vũ",21.0152,105.7999,2024-04-13 00:00:00+00:00,27.087500000000002,2.5829394276592192,23.9,31.3,82.66666666666667,9.867234609584369,67.0,96.0,23.724999999999998,15.924999999999999,19.3,37.4,-5.988347571813011,14.297097716238023,1007.4875000000001,1005.7875,0.5,0.5,48.666666666666664,436.3541666666667,175.0,965.0,2214.9625,8.67,24,5,104,4,2024,1,spring,train
2161292,"Số 46, phố Lưu Quang Vũ",21.0152,105.7999,2024-04-14 00:00:00+00:00,27.479166666666668,2.6814952296557735,24.8,32.8,83.95833333333333,9.359854916502226,65.0,95.0,24.391666666666666,11.270833333333334,17.7,32.4,-6.790694141754376,8.590065242263394,1008.1083333333332,1006.4083333333333,0.5,0.5,93.0,436.3541666666667,175.0,965.0,2283.179166666667,4.130000000000001,24,6,105,4,2024,1,spring,train
2161292,"Số 46, phố Lưu Quang Vũ",21.0152,105.7999,2024-04-15 00:00:00+00:00,27.441666666666666,2.83348251951654,24.3,32.3,83.58333333333333,10.830378638315246,64.0,97.0,24.229166666666668,14.933333333333332,23.8,42.5,-6.758126438165946,12.992066800255072,1008.9458333333333,1007.2458333333334,0.7000000000000001,0.7000000000000001,79.375,436.3541666666667,175.0,965.0,2264.5583333333334,11.0,24,0,106,4,2024,0,spring,train
2161292,"Số 46, phố Lưu Quang Vũ",21.0152,105.7999,2024-04-16 00:00:00+00:00,27.816666666666666,2.59408468680551,24.9,32.5,79.70833333333333,10.543818162756573,61.0,94.0,23.808333333333334,17.716666666666665,22.6,43.2,-6.516754550026786,16.125207440532794,1006.0541666666667,1004.3541666666666,0.0,0.0,44.75,436.3541666666667,175.0,965.0,2191.3083333333334,0.0,24,1,107,4,2024,0,spring,train
2161292,"Số 46, phố Lưu Quang Vũ",21.0152,105.7999,2024-04-17 00:00:00+00:00,27.84166666666667,2.769070895298349,24.9,33.2,83.95833333333333,11.581391245804877,60.0,97.0,24.7,10.233333333333333,17.3,31.7,-4.903592940145036,7.475336012486171,1005.8333333333334,1004.1333333333333,0.5,0.5,87.5,436.3541666666667,175.0,965.0,2306.929166666667,5.99,24,2,108,4,2024,0,spring,train
2161292,"Số 46, phố Lưu Quang Vũ",21.0152,105.7999,2024-04-18 00:00:00+00:00,28.416666666666668,2.914531309425786,25.1,33.0,78.54166666666667,11.166639627914487,60.0,93.0,24.116666666666664,15.5,20.8,36.7,-5.641982921579188,13.328675700706135,1002.9583333333334,1001.2583333333333,0.2,0.2,46.0,436.3541666666667,175.0,965.0,2201.170833333333,2.12,24,3,109,4,2024,0,spring,train
2161292,"Số 46, phố Lưu Quang Vũ",21.0152,105.7999,2024-04-19 00:00:00+00:00,29.833333333333332,3.0000966168016854,26.1,35.0,74.66666666666667,7.916228058025282,60.0,88.0,24.758333333333336,14.879166666666668,21.3,43.6,-3.260673199141331,13.727241136527375,1000.3416666666667,998.6416666666668,4.5,4.5,61.416666666666664,436.3541666666667,175.0,965.0,2208.6208333333334,85.41000000000001,24,4,110,4,2024,0,spring,train
2161292,"Số 46, phố Lưu Quang Vũ",21.0152,105.7999,2024-04-20 00:00:00+00:00,29.9875,3.161770623916426,25.8,35.0,75.0,11.382671803724485,56.0,92.0,24.858333333333334,11.333333333333334,17.0,33.5,-5.257706401967042,8.012132879800438,1001.0333333333333,999.3333333333334,1.9,1.9,52.208333333333336,436.3541666666667,175.0,965.0,2217.125,32.3,24,5,111,4,2024,1,spring,train
2161292,"Số 46, phố Lưu Quang Vũ",21.0152,105.7999,2024-04-21 00:00:00+00:00,27.891666666666666,2.2881389184542367,24.6,31.6,78.83333333333333,8.260259321472358,63.0,91.0,23.78333333333333,12.5625,22.2,50.0,-9.413587889486708,-4.894663875910059,1004.9,1003.1999999999999,1.9,1.9,68.125,436.3541666666667,175.0,965.0,2183.4625,25.150000000000002,24,6,112,4,2024,1,spring,train
2161292,"Số 46, phố Lưu Quang Vũ",21.0152,105.7999,2024-04-22 00:00:00+00:00,27.34583333333333,1.8081889009307854,24.6,30.7,83.625,8.112322886121815,70.0,93.0,24.245833333333334,8.691666666666666,12.0,24.8,-6.605554259969229,4.003893167492648,1005.1541666666667,1003.4541666666668,1.1,1.1,83.125,436.3541666666667,175.0,965.0,2274.0208333333335,10.48,24,0,113,4,2024,0,spring,train
2161292,"Số 46, phố Lưu Quang Vũ",21.0152,105.7999,2024-04-23 00:00:00+00:00,27.191666666666666,1.3564392858627656,25.5,31.0,87.08333333333333,6.385558888526555,75.0,95.0,24.804166666666664,6.970833333333334,19.8,40.7,-5.025164587104297,-0.2322226229998344,1006.5958333333333,1004.8958333333334,9.2,9.2,80.54166666666667,436.3541666666667,175.0,965.0,2361.4083333333333,83.52,24,1,114,4,2024,0,spring,train
2161292,"Số 46, phố Lưu Quang Vũ",21.0152,105.7999,2024-04-24 00:00:00+00:00,26.775000000000002,1.4676956206184602,24.5,29.2,87.20833333333333,8.256639840109008,74.0,97.0,24.416666666666668,11.4625,17.3,32.4,-7.291850769498875,6.675813837258825,1005.5583333333334,1003.8583333333332,8.799999999999999,8.799999999999999,69.75,436.3541666666667,175.0,965.0,2323.9666666666667,118.32000000000001,24,2,115,4,2024,0,spring,train
2161292,"Số 46, phố Lưu Quang Vũ",21.0152,105.7999,2024-04-25 00:00:00+00:00,29.808333333333334,3.1625411723275096,25.5,34.8,79.70833333333333,13.036667908055634,60.0,98.0,25.65833333333333,11.4625,16.0,30.2,-2.1154577287221508,10.10491975889849,1001.8458333333333,1000.1458333333334,0.0,0.0,22.208333333333332,436.3541666666667,175.0,965.0,2337.3458333333333,0.0,24,3,116,4,2024,0,spring,train
2161292,"Số 46, phố Lưu Quang Vũ",21.0152,105.7999,2024-04-26 00:00:00+00:00,31.420833333333334,3.3876988684339104,26.2,36.8,70.75,10.919667139376667,53.0,92.0,25.2625,7.566666666666666,13.3,25.6,-2.761378896733101,3.672675111068328,999.5083333333333,997.8166666666666,0.0,0.0,7.416666666666667,436.3541666666667,175.0,965.0,2191.3875000000003,0.0,24,4,117,4,2024,0,spring,train
2161292,"Số 46, phố Lưu Quang Vũ",21.0152,105.7999,2024-04-27 00:00:00+00:00,31.954166666666666,4.747629080294496,25.4,40.2,61.583333333333336,18.301619473760205,27.0,89.0,22.770833333333332,10.404166666666667,17.3,33.1,-1.5317612449719349,6.4791203477999915,999.3083333333334,997.6291666666666,0.0,0.0,1.3333333333333333,436.3541666666667,175.0,965.0,1888.05,0.0,24,5,118,4,2024,1,spring,train
2161292,"Số 46, phố Lưu Quang Vũ",21.0152,105.7999,2024-04-28 00:00:00+00:00,30.925,3.9334960663953678,25.5,37.2,73.25,12.813885131915026,50.0,91.0,25.258333333333336,8.533333333333333,16.6,29.5,-6.152009894582624,3.7481332336503006,1001.6875,1000.0,0.0,0.0,2.25,436.3541666666667,175.0,965.0,2217.4416666666666,0.0,24,6,119,4,2024,1,spring,train
2161292,"Số 46, phố Lưu Quang Vũ",21.0152,105.7999,2024-04-29 00:00:00+00:00,32.800000000000004,3.1681842282840535,27.5,37.8,61.458333333333336,8.587043661271306,47.0,87.0,24.2625,14.2125,23.1,40.0,-2.048295973879283,13.542639258314459,999.6791666666667,997.9958333333334,0.0,0.0,18.458333333333332,436.3541666666667,175.0,965.0,2000.1208333333334,0.0,24,0,120,4,2024,0,spring,train
2161292,"Số 46, phố Lưu Quang Vũ",21.0152,105.7999,2024-04-30 00:00:00+00:00,32.199999999999996,4.193887892179991,26.1,38.8,65.125,10.751390203334067,43.0,78.0,24.520833333333332,12.508333333333333,31.3,55.1,-5.267784773936634,-3.602317927106846,999.9583333333334,998.2833333333333,0.0,0.0,38.875,436.3541666666667,175.0,965.0,2057.2291666666665,0.0,24,1,121,4,2024,0,spring,train
2161292,"Số 46, phố Lưu Quang Vũ",21.0152,105.7999,2024-05-01 00:00:00+00:00,26.704166666666666,2.3210715603802035,23.0,30.2,78.79166666666667,9.735542979282114,65.0,91.0,22.587500000000002,9.970833333333333,18.9,37.4,-5.473932942042122,-5.772436269030247,1006.4458333333333,1004.7458333333334,2.6,2.6,97.91666666666667,436.3541666666667,175.0,965.0,2084.954166666667,23.49,24,2,122,5,2024,0,spring,train
2161292,"Số 46, phố Lưu Quang Vũ",21.0152,105.7999,2024-05-02 00:00:00+00:00,26.0,1.6274813830498676,23.2,29.1,86.75,8.714056610367853,72.0,97.0,23.52916666666667,7.625,12.5,23.0,-4.408827141604102,1.3920087226737952,1007.6041666666666,1005.9041666666667,18.9,18.9,100.0,436.3541666666667,175.0,965.0,2244.4083333333333,101.44,24,3,123,5,2024,0,spring,train
2161292,"Số 46, phố Lưu Quang Vũ",21.0152,105.7999,2024-05-03 00:00:00+00:00,26.983333333333334,2.0495315831050087,23.8,31.1,87.04166666666667,10.187286051812288,65.0,98.0,24.554166666666664,10.429166666666667,19.6,33.5,-3.883490273127789,6.918499952334685,1006.5,1004.8000000000001,9.4,9.4,84.5,436.3541666666667,175.0,965.0,2329.6041666666665,96.05000000000001,24,4,124,5,2024,0,spring,train
2161292,"Số 46, phố Lưu Quang Vũ",21.0152,105.7999,2024-05-04 00:00:00+00:00,28.712500000000002,3.2535348669462234,24.9,34.0,79.625,10.141659670367824,61.0,93.0,24.670833333333334,12.208333333333334,15.4,30.6,-5.802261154317827,2.6684570142934985,1004.1999999999999,1002.5,0.30000000000000004,0.30000000000000004,37.333333333333336,436.3541666666667,175.0,965.0,2258.2875,3.8400000000000007,24,5,125,5,2024,1,spring,train
2161292,"Số 46, phố Lưu Quang Vũ",21.0152,105.7999,2024-05-05 00:00:00+00:00,26.083333333333332,1.3107139331268103,24.0,28.0,82.58333333333333,6.946482792637278,74.0,95.0,22.849999999999998,6.825,13.7,24.5,-3.7441293451777096,-1.5846494047545525,1008.9291666666667,1007.2291666666666,2.3,2.3,98.70833333333333,436.3541666666667,175.0,965.0,2147.445833333333,16.07,24,6,126,5,2024,1,spring,train
2161292,"Số 46, phố Lưu Quang Vũ",21.0152,105.7999,2024-05-06 00:00:00+00:00,26.037499999999998,1.6266296176583899,23.5,28.5,88.0,6.580603910439149,77.0,97.0,23.829166666666666,8.991666666666667,13.8,31.7,-7.8671761324887015,2.2203701119350345,1010.9958333333334,1009.2958333333332,14.1,14.1,87.83333333333333,436.3541666666667,175.0,965.0,2281.4041666666667,107.0,24,0,127,5,2024,0,spring,train
2161292,"Số 46, phố Lưu Quang Vũ",21.0152,105.7999,2024-05-07 00:00:00+00:00,26.037499999999998,1.7766143913782113,23.8,29.5,88.33333333333333,7.06286471419456,76.0,97.0,23.912499999999998,7.354166666666667,13.4,31.0,-4.186628312733917,4.756129363765731,1012.2416666666667,1010.5416666666666,8.9,8.9,93.5,436.3541666666667,175.0,965.0,2288.2541666666666,71.3,24,1,128,5,2024,0,spring,train
2161292,"Số 46, phố Lưu Quang Vũ",21.0152,105.7999,2024-05-08 00:00:00+00:00,25.787499999999998,2.1559447641549077,23.0,29.9,89.83333333333333,6.799403213368867,77.0,98.0,23.929166666666664,7.879166666666666,13.0,34.2,-2.309687220674422,0.4403212982277122,1011.8833333333333,1010.1833333333334,25.7,25.7,98.54166666666667,436.3541666666667,175.0,965.0,2302.991666666667,243.33999999999997,24,2,129,5,2024,0,spring,train
2161292,"Số 46, phố Lưu Quang Vũ",21.0152,105.7999,2024-05-09 00:00:00+00:00,26.05,1.7133744990261317,23.6,29.4,87.5,8.577016811881876,72.0,97.0,23.712500000000002,7.716666666666666,12.6,26.6,-5.515033560175389,2.643582643288014,1011.9499999999999,1010.25,8.799999999999999,8.799999999999999,96.29166666666667,436.3541666666667,175.0,965.0,2265.7999999999997,67.41,24,3,130,5,2024,0,spring,train
2161292,"Số 46, phố Lưu Quang Vũ",21.0152,105.7999,2024-05-10 00:00:00+00:00,27.416666666666668,1.9018678842851748,24.8,31.0,83.625,9.140509452075314,66.0,95.0,24.295833333333334,13.758333333333333,18.0,34.9,-5.199750301532615,12.659809062085964,1010.1166666666667,1008.4166666666666,3.2,3.2,68.0,436.3541666666667,175.0,965.0,2276.4375,44.07,24,4,131,5,2024,0,spring,train
2161292,"Số 46, phố Lưu Quang Vũ",21.0152,105.7999,2024-05-11 00:00:00+00:00,28.09166666666667,1.7958688503162572,25.9,31.2,85.91666666666667,9.030945189430208,70.0,97.0,25.425,13.225,18.4,34.6,-4.56175923727121,12.113291116844367,1009.7666666666668,1008.0666666666666,5.9,5.9,52.041666666666664,436.3541666666667,175.0,965.0,2398.2541666666666,90.65,24,5,132,5,2024,1,spring,train
2161292,"Số 46, phố Lưu Quang Vũ",21.0152,105.7999,2024-05-12 00:00:00+00:00,26.3875,2.068881760548542,24.0,30.2,89.58333333333333,6.68493872799904,76.0,97.0,24.46666666666667,7.108333333333333,14.2,28.1,-0.9948372680942744,-1.3340552563151702,1010.7125,1009.0124999999999,50.8,50.8,78.75,436.3541666666667,175.0,965.0,2351.4791666666665,527.06,24,6,133,5,2024,1,spring,train
2161292,"Số 46, phố Lưu Quang Vũ",21.0152,105.7999,2024-05-13 00:00:00+00:00,26.616666666666664,2.261332171178262,23.3,30.4,83.58333333333333,10.116352095006635,65.0,97.0,23.454166666666666,7.266666666666667,14.7,29.9,0.6403724825674278,-3.2045017644309914,1011.4208333333332,1009.7208333333333,0.7,0.7,50.75,436.3541666666667,175.0,965.0,2203.5375,7.34,24,0,134,5,2024,0,spring,train
2161292,"Số 46, phố Lưu Quang Vũ",21.0152,105.7999,2024-05-14 00:00:00+00:00,27.6125,2.0545416287697402,25.2,31.4,83.54166666666667,10.545879750411764,69.0,97.0,24.412499999999998,7.604166666666667,16.3,30.2,-4.880527171619927,3.894572477789659,1010.4958333333334,1008.7958333333332,4.8999999999999995,4.8999999999999995,45.0,436.3541666666667,175.0,965.0,2286.8708333333334,37.510000000000005,24,1,135,5,2024,0,spring,train
2161292,"Số 46, phố Lưu Quang Vũ",21.0152,105.7999,2024-05-15 00:00:00+00:00,26.395833333333332,2.2351887706812827,23.5,31.2,89.33333333333333,7.85558049589819,72.0,98.0,24.429166666666664,7.8125,16.4,36.4,-5.438510238613656,-0.34913384063359015,1012.625,1010.9250000000001,65.0,65.0,89.04166666666667,436.3541666666667,175.0,965.0,2341.6749999999997,703.41,24,2,136,5,2024,0,spring,train
2161292,"Số 46, phố Lưu Quang Vũ",21.0152,105.7999,2024-05-16 00:00:00+00:00,27.037499999999998,2.3209466771687937,24.0,30.7,74.33333333333333,11.727584230524968,58.0,91.0,21.858333333333334,7.55,13.4,24.5,-5.076938456537137,0.8619630537919001,1012.0083333333333,1010.3083333333334,0.0,0.0,75.95833333333333,436.3541666666667,175.0,965.0,1986.0125,0.0,24,3,137,5,2024,0,spring,train
2161292,"Số 46, phố Lưu Quang Vũ",21.0152,105.7999,2024-05-17 00:00:00+00:00,27.5625,1.8915860609781836,25.4,30.6,77.54166666666667,9.859796129238422,64.0,94.0,23.145833333333332,10.808333333333332,15.9,29.2,-7.940137120082068,6.749929397582911,1008.3958333333334,1006.6958333333333,1.1,1.1,85.375,436.3541666666667,175.0,965.0,2120.3166666666666,11.84,24,4,138,5,2024,0,spring,train
2161292,"Số 46, phố Lưu Quang Vũ",21.0152,105.7999,2024-05-18 00:00:00+00:00,28.270833333333332,1.7637605986287825,26.0,31.6,85.66666666666667,8.127605490825248,70.0,97.0,25.5625,13.366666666666667,18.0,35.3,-6.41974658623969,10.545507708163477,1003.0416666666666,1001.3416666666667,5.8,5.8,99.625,436.3541666666667,175.0,965.0,2408.429166666667,93.66,24,5,139,5,2024,1,spring,train
2161292,"Số 46, phố Lưu Quang Vũ",21.0152,105.7999,2024-05-19 00:00:00+00:00,26.90833333333333,2.0112545655725023,24.4,31.3,89.16666666666667,7.387808209809415,73.0,95.0,24.90416666666667,7.8625,13.2,39.6,-0.30706991871926753,-6.268103447401969,1003.4583333333334,1001.7583333333333,6.2,6.2,94.20833333333333,436.3541666666667,175.0,965.0,2385.8375,55.27,24,6,140,5,2024,1,spring,train
2161292,"Số 46, phố Lưu Quang Vũ",21.0152,105.7999,2024-05-20 00:00:00+00:00,27.6125,2.017168161384755,24.8,31.1,83.625,10.391520372504388,67.0,99.0,24.454166666666666,6.795833333333333,12.7,31.3,-0.37149901676482777,-4.862687269932317,1006.7041666666668,1005.0041666666666,1.4000000000000001,1.4000000000000001,98.41666666666667,436.3541666666667,175.0,965.0,2289.3624999999997,12.8,24,0,141,5,2024,0,spring,train
2161292,"Số 46, phố Lưu Quang Vũ",21.0152,105.7999,2024-05-21 00:00:00+00:00,27.241666666666664,2.049796737890533,24.4,31.1,86.08333333333333,8.256310717667233,72.0,96.0,24.616666666666664,6.0125,17.0,35.3,-3.2460651242028367,-1.241402153155989,1008.2541666666666,1006.5541666666667,6.800000000000001,6.800000000000001,85.29166666666667,436.3541666666667,175.0,965.0,2329.8791666666666,62.480000000000004,24,1,142,5,2024,0,spring,train
2161292,"Số 46, phố Lưu Quang Vũ",21.0152,105.7999,2024-05-22 00:00:00+00:00,27.054166666666664,2.3187288809148003,24.0,31.0,85.41666666666667,9.347944050485898,70.0,96.0,24.27916666666667,7.354166666666667,11.3,26.3,-1.7728171807763624,-0.48233118001417497,1008.4083333333333,1006.7083333333334,15.5,15.5,83.45833333333333,436.3541666666667,175.0,965.0,2290.633333333333,83.29,24,2,143,5,2024,0,spring,train
2161292,"Số 46, phố Lưu Quang Vũ",21.0152,105.7999,2024-05-23 00:00:00+00:00,27.09583333333333,1.6361352040088557,25.0,30.2,86.25,6.873072852427991,71.0,94.0,24.5625,5.9375,10.5,18.4,-1.5639690961391253,4.155780678024357,1007.6041666666666,1005.9041666666667,5.0,5.0,72.29166666666667,436.3541666666667,175.0,965.0,2326.391666666667,13.86,24,3,144,5,2024,0,spring,train
2161292,"Số 46, phố Lưu Quang Vũ",21.0152,105.7999,2024-05-24 00:00:00+00:00,27.7625,1.6941876339799053,25.6,31.0,84.25,10.152104086902606,66.0,94.0,24.71666666666667,10.1,14.2,29.2,-4.946894513824922,8.464458801818209,1007.5,1005.8000000000001,6.6,6.6,85.20833333333333,436.3541666666667,175.0,965.0,2322.9125,70.79,24,4,145,5,2024,0,spring,train
2161292,"Số 46, phố Lưu Quang Vũ",21.0152,105.7999,2024-05-25 00:00:00+00:00,28.041666666666668,1.4479120399258778,26.5,31.0,87.45833333333333,7.448251424016397,75.0,96.0,25.695833333333336,13.6625,18.5,40.0,-3.791977317704143,12.946421392366494,1006.6916666666666,1004.9916666666667,9.0,9.0,94.875,436.3541666666667,175.0,965.0,2442.3791666666666,130.23,24,5,146,5,2024,1,spring,train
2161292,"Số 46, phố Lưu Quang Vũ",21.0152,105.7999,2024-05-26 00:00:00+00:00,30.283333333333335,2.236392021842842,27.1,33.7,80.91666666666667,8.885340475317694,67.0,92.0,26.495833333333334,13.345833333333333,19.2,37.1,-1.0785695635666788,13.115218704047493,1002.8791666666666,1001.1791666666667,0.4,0.4,68.625,436.3541666666667,175.0,965.0,2431.8250000000003,6.66,24,6,147,5,2024,1,spring,train
2161292,"Số 46, phố Lưu Quang Vũ",21.0152,105.7999,2024-05-27 00:00:00+00:00,31.320833333333336,2.565317027050531,27.8,35.0,76.08333333333333,10.80224077666765,60.0,89.0,26.391666666666666,8.779166666666667,15.5,30.2,2.6224322788224095,3.648283247563049,1000.15,998.4499999999999,0.0,0.0,80.0,436.3541666666667,175.0,965.0,2357.4125,0.0,24,0,148,5,2024,0,spring,train
2161292,"Số 46, phố Lưu Quang Vũ",21.0152,105.7999,2024-05-28 00:00:00+00:00,29.504166666666666,1.7998741904503417,27.0,32.8,85.95833333333333,9.392314928181705,70.0,97.0,26.795833333333334,6.808333333333334,13.4,24.8,-5.47654278339848,-1.6549297939082181,1001.0375,999.3375,0.1,0.1,100.0,436.3541666666667,175.0,965.0,2520.8333333333335,0.26,24,1,149,5,2024,0,spring,train
2161292,"Số 46, phố Lưu Quang Vũ",21.0152,105.7999,2024-05-29 00:00:00+00:00,30.795833333333334,3.061184648020329,27.0,35.4,80.125,11.726271137177783,61.0,95.0,26.754166666666666,11.133333333333333,18.0,38.5,-7.527547888777363,7.267801718930186,1000.3333333333334,998.6333333333333,2.9,2.9,89.83333333333333,436.3541666666667,175.0,965.0,2433.2541666666666,45.12,24,2,150,5,2024,0,spring,train
2161292,"Số 46, phố Lưu Quang Vũ",21.0152,105.7999,2024-05-30 00:00:00+00:00,27.875,2.70559002646453,25.2,33.2,81.5,5.897678246195883,71.0,94.0,24.370833333333334,11.0375,17.7,33.5,-5.556704316661421,-6.224377059127885,1003.6458333333334,1001.9458333333333,23.9,23.9,99.375,436.3541666666667,175.0,965.0,2262.7083333333335,300.68,24,3,151,5,2024,0,spring,train
2161292,"Số 46, phố Lưu Quang Vũ",21.0152,105.7999,2024-05-31 00:00:00+00:00,25.883333333333336,0.4806396703910557,24.9,26.9,84.95833333333333,4.982396548079939,77.0,92.0,23.150000000000002,7.0,13.2,26.3,3.8651222732872927,-2.230116674865343,1006.7916666666666,1005.0916666666667,5.5,5.5,87.66666666666667,436.3541666666667,175.0,965.0,2197.233333333333,55.07,24,4,152,5,2024,0,spring,train
2161292,"Số 46, phố Lưu Quang Vũ",21.0152,105.7999,2024-06-01 00:00:00+00:00,29.45,2.524488755819854,26.3,33.5,74.45833333333333,12.535095659324107,55.0,92.0,24.191666666666666,7.408333333333332,11.6,22.0,-5.067855225106361,3.051676691630093,1007.0375,1005.3375,0.0,0.0,44.333333333333336,436.3541666666667,175.0,965.0,2162.7833333333333,0.0,24,5,153,6,2024,1,summer,train
2161292,"Số 46, phố Lưu Quang Vũ",21.0152,105.7999,2024-06-02 00:00:00+00:00,29.333333333333332,2.352735071962115,26.6,33.7,84.20833333333333,11.182203122223573,64.0,97.0,26.208333333333332,6.870833333333334,15.3,32.8,-3.3907167628478843,4.574282432338512,1004.8625000000001,1003.1625,8.3,8.3,76.95833333333333,436.3541666666667,175.0,965.0,2445.2083333333335,68.67,24,6,154,6,2024,1,summer,train
2161292,"Số 46, phố Lưu Quang Vũ",21.0152,105.7999,2024-06-03 00:00:00+00:00,29.025000000000002,2.598703690220418,26.3,34.3,87.29166666666667,11.03543370699354,63.0,97.0,26.520833333333332,5.804166666666667,16.9,36.7,-1.2524302086938093,-3.4955888876244092,1003.3583333333332,1001.6583333333333,28.0,28.0,99.66666666666667,436.3541666666667,175.0,965.0,2506.891666666667,250.19,24,0,155,6,2024,0,summer,train
2161292,"Số 46, phố Lưu Quang Vũ",21.0152,105.7999,2024-06-04 00:00:00+00:00,27.895833333333332,2.66515015755564,24.8,32.9,88.875,9.87448402614581,70.0,98.0,25.758333333333336,7.416666666666667,12.0,25.2,-2.070660464082657,-4.7284360323515715,1004.975,1003.275,46.6,46.6,96.5,436.3541666666667,175.0,965.0,2455.3083333333334,415.37,24,1,156,6,2024,0,summer,train
2161292,"Số 46, phố Lưu Quang Vũ",21.0152,105.7999,2024-06-05 00:00:00+00:00,25.866666666666664,1.5837947458876864,24.1,29.5,91.41666666666667,4.373006792333753,80.0,95.0,24.329166666666666,10.433333333333334,16.8,29.5,-3.0014658597749904,-8.66944177234429,1007.9291666666667,1006.2291666666666,80.1,80.1,100.0,436.3541666666667,175.0,965.0,2358.75,792.76,24,2,157,6,2024,0,summer,train
2161292,"Số 46, phố Lưu Quang Vũ",21.0152,105.7999,2024-06-06 00:00:00+00:00,26.366666666666664,1.7186108309928108,24.4,29.5,87.20833333333333,8.1932059163923,73.0,97.0,23.974999999999998,6.958333333333333,10.7,21.2,-3.289358911972256,1.2115035432871248,1007.2708333333334,1005.5708333333333,20.4,20.4,99.20833333333333,436.3541666666667,175.0,965.0,2286.2000000000003,169.67999999999998,24,3,158,6,2024,0,summer,train
2161292,"Số 46, phố Lưu Quang Vũ",21.0152,105.7999,2024-06-07 00:00:00+00:00,27.287499999999998,2.06719984940772,25.0,31.8,88.70833333333333,9.562058931762179,70.0,99.0,25.145833333333332,7.0,14.3,32.8,-3.709938638517052,3.5102968103169907,1004.1083333333332,1002.4083333333333,36.4,36.4,99.16666666666667,436.3541666666667,175.0,965.0,2402.554166666667,294.64000000000004,24,4,159,6,2024,0,summer,train
2161292,"Số 46, phố Lưu Quang Vũ",21.0152,105.7999,2024-06-08 00:00:00+00:00,27.27916666666667,1.3101540455947953,25.3,30.0,91.20833333333333,4.634269011976142,83.0,97.0,25.679166666666664,7.3,11.6,25.2,-5.816311739953956,2.7435653777480726,1002.7208333333333,1001.0208333333334,29.599999999999998,29.599999999999998,100.0,436.3541666666667,175.0,965.0,2482.6875,241.48000000000002,24,5,160,6,2024,1,summer,train
2161292,"Số 46, phố Lưu Quang Vũ",21.0152,105.7999,2024-06-09 00:00:00+00:00,26.78333333333333,1.273361407991589,25.1,29.5,93.08333333333333,4.799607471872879,81.0,97.0,25.5125,5.658333333333334,8.7,19.4,-5.0406263025445925,1.0042972292972834,1004.375,1002.6750000000001,33.9,33.9,100.0,436.3541666666667,175.0,965.0,2487.8250000000003,206.17,24,6,161,6,2024,1,summer,train
2161292,"Số 46, phố Lưu Quang Vũ",21.0152,105.7999,2024-06-10 00:00:00+00:00,26.979166666666668,1.653975228947223,25.1,31.1,91.625,6.357552851598604,75.0,97.0,25.445833333333336,7.091666666666666,12.4,25.6,-4.337730562059979,2.0165919834907213,1005.1875,1003.4875000000001,23.2,23.2,99.45833333333333,436.3541666666667,175.0,965.0,2462.179166666667,153.56,24,0,162,6,2024,0,summer,train
2161292,"Số 46, phố Lưu Quang Vũ",21.0152,105.7999,2024-06-11 00:00:00+00:00,28.912499999999998,1.551804699724471,26.4,31.9,85.875,4.8571999448599845,76.0,96.0,26.275000000000002,7.141666666666667,12.1,26.3,-2.9902423779140386,5.511617605984469,1004.1416666666668,1002.4416666666666,4.9,4.9,98.45833333333333,436.3541666666667,175.0,965.0,2476.0625,46.86,24,1,163,6,2024,0,summer,train
2161292,"Số 46, phố Lưu Quang Vũ",21.0152,105.7999,2024-06-12 00:00:00+00:00,30.337500000000002,2.6481843657084396,26.7,34.3,81.45833333333333,11.228764176325743,64.0,98.0,26.620833333333334,6.945833333333333,14.8,27.4,0.2860754781154025,5.031269722352622,1002.7875,1001.0875,2.1,2.1,100.0,436.3541666666667,175.0,965.0,2443.0875,15.77,24,2,164,6,2024,0,summer,train
2161292,"Số 46, phố Lưu Quang Vũ",21.0152,105.7999,2024-06-13 00:00:00+00:00,31.995833333333334,2.4758800221452515,28.5,35.8,69.41666666666667,10.483596572810747,53.0,93.0,25.545833333333334,8.941666666666666,12.9,32.8,2.3786326115597913,6.332105312161634,999.7208333333333,998.0208333333334,0.0,0.0,99.95833333333333,436.3541666666667,175.0,965.0,2199.6875,0.0,24,3,165,6,2024,0,summer,train
2161292,"Số 46, phố Lưu Quang Vũ",21.0152,105.7999,2024-06-14 00:00:00+00:00,31.416666666666668,2.09277570344448,28.0,34.3,73.16666666666667,11.040111320589777,58.0,90.0,25.825,7.670833333333333,11.1,23.8,1.1462979307539178,2.6655875121002564,999.7958333333332,998.0958333333333,0.0,0.0,100.0,436.3541666666667,175.0,965.0,2277.7458333333334,0.0,24,4,166,6,2024,0,summer,train
2161292,"Số 46, phố Lưu Quang Vũ",21.0152,105.7999,2024-06-15 00:00:00+00:00,30.333333333333332,2.0237001553690153,27.5,33.4,80.5,8.880853856324368,67.0,95.0,26.479166666666668,7.229166666666667,14.1,28.8,-0.4138681716033414,-2.8830327355907612,1001.3833333333333,999.6833333333334,0.0,0.0,99.54166666666667,436.3541666666667,175.0,965.0,2425.0750000000003,0.0,24,5,167,6,2024,1,summer,train
2161292,"Số 46, phố Lưu Quang Vũ",21.0152,105.7999,2024-06-16 00:00:00+00:00,30.650000000000002,2.8539827244228935,27.5,34.8,81.91666666666667,11.817145490186359,64.0,96.0,26.991666666666664,7.0,18.1,32.4,-2.306849041493568,4.154404005720972,1001.9499999999999,1000.25,3.4,3.4,99.625,436.3541666666667,175.0,965.0,2479.304166666667,42.97,24,6,168,6,2024,1,summer,train
2161292,"Số 46, phố Lưu Quang Vũ",21.0152,105.7999,2024-06-17 00:00:00+00:00,31.254166666666666,3.033433865191852,27.8,36.2,77.16666666666667,12.264004121878353,57.0,94.0,26.47083333333333,7.695833333333333,14.1,24.5,-0.007990915322684847,5.271737438732485,1000.8291666666668,999.1291666666666,24.3,24.3,100.0,436.3541666666667,175.0,965.0,2376.6958333333337,202.54000000000002,24,0,169,6,2024,0,summer,train
2161292,"Số 46, phố Lưu Quang Vũ",21.0152,105.7999,2024-06-18 00:00:00+00:00,30.96666666666667,2.242410711065534,28.0,34.4,77.29166666666667,10.327166228876173,62.0,93.0,26.34166666666667,7.066666666666666,13.2,22.7,-1.988728751880135,5.747521710769358,1000.4250000000001,998.725,0.4,0.4,99.91666666666667,436.3541666666667,175.0,965.0,2371.5833333333335,1.2400000000000002,24,1,170,6,2024,0,summer,train
2161292,"Số 46, phố Lưu Quang Vũ",21.0152,105.7999,2024-06-19 00:00:00+00:00,31.34166666666667,3.0766888846215226,27.8,35.8,75.875,13.135787492323338,57.0,92.0,26.3125,8.991666666666667,15.7,28.1,-2.786125798700137,6.744158693336843,999.8208333333333,998.1208333333334,8.1,8.1,99.79166666666667,436.3541666666667,175.0,965.0,2340.25,97.79,24,2,171,6,2024,0,summer,train
2161292,"Số 46, phố Lưu Quang Vũ",21.0152,105.7999,2024-06-20 00:00:00+00:00,32.020833333333336,2.479828038685198,28.9,35.7,71.91666666666667,10.197683738143107,56.0,88.0,26.150000000000002,10.433333333333334,16.8,29.5,-4.365069879387406,9.060438795194734,1000.2083333333334,998.5083333333333,0.0,0.0,99.875,436.3541666666667,175.0,965.0,2279.8375,0.0,24,3,172,6,2024,0,summer,train
2161292,"Số 46, phố Lưu Quang Vũ",21.0152,105.7999,2024-06-21 00:00:00+00:00,32.045833333333334,2.5580187929191496,28.6,35.8,75.875,11.245530513130054,59.0,90.0,27.0625,13.525,16.7,33.1,-6.5602516715631305,11.768382572710463,1001.1083333333332,999.4083333333333,0.0,0.0,99.0,436.3541666666667,175.0,965.0,2404.5291666666667,0.0,24,4,173,6,2024,0,summer,train
2161292,"Số 46, phố Lưu Quang Vũ",21.0152,105.7999,2024-06-22 00:00:00+00:00,30.191666666666666,2.1419042049513806,27.1,33.7,80.20833333333333,8.086376985623614,69.0,92.0,26.333333333333332,10.058333333333334,17.0,31.7,-4.85165461829165,8.683359751495427,1003.0083333333333,1001.3083333333334,5.3,5.3,89.16666666666667,436.3541666666667,175.0,965.0,2405.4041666666667,57.660000000000004,24,5,174,6,2024,1,summer,train
2161292,"Số 46, phố Lưu Quang Vũ",21.0152,105.7999,2024-06-23 00:00:00+00:00,28.8,2.4239744581808296,25.6,33.3,83.54166666666667,9.278208066622348,65.0,96.0,25.633333333333336,7.054166666666667,20.2,40.3,-4.938365773001517,2.014649226957492,1002.6416666666668,1000.9416666666666,32.6,32.6,97.58333333333333,436.3541666666667,175.0,965.0,2384.6,171.45999999999998,24,6,175,6,2024,1,summer,train
2161292,"Số 46, phố Lưu Quang Vũ",21.0152,105.7999,2024-06-24 00:00:00+00:00,26.84583333333333,1.4741185034856725,25.0,29.3,91.5,6.514198539244532,81.0,99.0,25.295833333333334,5.070833333333334,9.3,19.8,-1.8758458618939613,-2.5123454630003557,1003.4291666666667,1001.7291666666666,25.9,25.9,100.0,436.3541666666667,175.0,965.0,2447.3708333333334,140.07,24,0,176,6,2024,0,summer,train
2161292,"Số 46, phố Lưu Quang Vũ",21.0152,105.7999,2024-06-25 00:00:00+00:00,26.895833333333332,1.7061217568729852,24.5,30.8,90.625,6.599160025600099,73.0,97.0,25.175,7.841666666666666,13.1,29.2,-6.459910733650774,1.9131412894477753,1005.6583333333333,1003.9583333333334,34.1,34.1,99.95833333333333,436.3541666666667,175.0,965.0,2427.15,305.25,24,1,177,6,2024,0,summer,train
2161292,"Số 46, phố Lưu Quang Vũ",21.0152,105.7999,2024-06-26 00:00:00+00:00,27.079166666666666,2.0222628665555025,24.5,31.0,88.625,8.192321431363798,70.0,97.0,24.962500000000002,9.370833333333334,16.6,34.6,-7.538800571195673,4.943273587444371,1008.15,1006.4499999999999,26.1,26.1,97.95833333333333,436.3541666666667,175.0,965.0,2384.5916666666667,256.35,24,2,178,6,2024,0,summer,train
2161292,"Số 46, phố Lưu Quang Vũ",21.0152,105.7999,2024-06-27 00:00:00+00:00,27.941666666666666,1.8565785892256248,25.2,31.0,84.08333333333333,8.235219522253805,71.0,93.0,24.912499999999998,10.862499999999999,14.3,31.0,-6.541104178628042,8.408822427027895,1007.6458333333334,1005.9458333333333,2.2,2.2,89.29166666666667,436.3541666666667,175.0,965.0,2334.975,27.73,24,3,179,6,2024,0,summer,train
2161292,"Số 46, phố Lưu Quang Vũ",21.0152,105.7999,2024-06-28 00:00:00+00:00,29.34166666666667,2.2515534090096985,26.5,32.5,79.58333333333333,7.939535999292282,67.0,91.0,25.366666666666664,16.479166666666668,20.3,36.7,-4.266155705583437,15.844249617194443,1004.2666666666668,1002.5666666666666,0.6000000000000001,0.6000000000000001,88.08333333333333,436.3541666666667,175.0,965.0,2318.2791666666667,10.280000000000001,24,4,180,6,2024,0,summer,train
2161292,"Số 46, phố Lưu Quang Vũ",21.0152,105.7999,2024-06-29 00:00:00+00:00,31.245833333333334,2.515859117965327,27.8,35.3,74.91666666666667,7.500241542004218,62.0,88.0,26.141666666666666,13.579166666666666,19.6,34.2,-2.2429840125405534,13.005009548099968,1002.3166666666667,1000.6166666666667,0.0,0.0,99.25,436.3541666666667,175.0,965.0,2324.0125000000003,0.0,24,5,181,6,2024,1,summer,train
2161292,"Số 46, phố Lưu Quang Vũ",21.0152,105.7999,2024-06-30 00:00:00+00:00,32.020833333333336,2.7574372422464206,28.8,36.2,69.375,8.63668867705372,55.0,84.0,25.554166666666664,12.629166666666668,16.9,30.6,1.6252837761521641,11.823986735343562,1000.7083333333334,999.0083333333333,0.0,0.0,99.58333333333333,441.9791666666667,195.0,965.0,2201.6458333333335,0.0,24,6,182,6,2024,1,summer,train
2161292,"Số 46, phố Lưu Quang Vũ",21.0152,105.7999,2024-07-01 00:00:00+00:00,31.34166666666667,2.5092726586328395,27.8,35.2,67.83333333333333,7.293038173292491,56.0,81.0,24.575,12.825000000000001,16.9,29.5,2.0532460965594903,12.047194419601006,999.4416666666666,997.7416666666667,0.0,0.0,98.95833333333333,412.5,55.0,990.0,2111.016666666667,0.0,0,0,183,7,2024,0,summer,train
2161292,"Số 46, phố Lưu Quang Vũ",21.0152,105.7999,2024-07-02 00:00:00+00:00,29.15833333333333,2.64787308684876,26.0,32.8,82.70833333333333,12.369243647280827,67.0,97.0,25.7,5.970833333333334,9.3,23.4,-1.1665426856814063,-0.6209650213571231,1002.9125,1001.2125,30.8,30.8,99.91666666666667,169.375,50.0,350.0,2380.4708333333333,179.59,0,1,184,7,2024,0,summer,train
2161292,"Số 46, phố Lưu Quang Vũ",21.0152,105.7999,2024-07-03 00:00:00+00:00,28.15833333333333,1.879851212120296,25.4,31.2,87.66666666666667,7.3701316528071725,74.0,97.0,25.84583333333333,10.170833333333333,15.3,30.2,-5.530318597023634,7.964055407932688,1007.6166666666667,1005.9166666666666,12.200000000000001,12.200000000000001,99.5,383.9583333333333,75.0,865.0,2456.4416666666666,103.99000000000001,0,2,185,7,2024,0,summer,train
2161292,"Số 46, phố Lưu Quang Vũ",21.0152,105.7999,2024-07-04 00:00:00+00:00,28.59166666666667,2.2133815692316814,25.8,32.2,82.75,8.798468246135851,68.0,95.0,25.28333333333333,10.204166666666667,13.8,32.0,-4.799323409893134,8.794611571360784,1007.8708333333334,1006.1708333333332,2.3,2.3,56.375,453.5416666666667,165.0,1075.0,2347.5916666666667,30.67,0,3,186,7,2024,0,summer,train
2161292,"Số 46, phố Lưu Quang Vũ",21.0152,105.7999,2024-07-05 00:00:00+00:00,28.966666666666665,2.2810498472846024,25.9,32.7,79.875,10.143802991503476,63.0,93.0,24.979166666666668,11.6625,15.8,31.0,-6.9048305507806065,9.262372925268734,1005.2208333333333,1003.5208333333334,2.5,2.5,27.125,493.5416666666667,130.0,1060.0,2291.766666666667,34.21,0,4,187,7,2024,0,summer,train
2161292,"Số 46, phố Lưu Quang Vũ",21.0152,105.7999,2024-07-06 00:00:00+00:00,29.458333333333332,2.4050520498148997,26.4,33.3,78.08333333333333,9.863929310841366,62.0,89.0,25.058333333333334,12.233333333333334,16.3,30.2,-5.115381367049417,10.994167905657662,1005.2208333333333,1003.5208333333334,0.5,0.5,17.708333333333332,608.5416666666666,165.0,1155.0,2277.6875,6.79,0,5,188,7,2024,1,summer,train
2161292,"Số 46, phố Lưu Quang Vũ",21.0152,105.7999,2024-07-07 00:00:00+00:00,29.712500000000002,2.119333878122208,26.8,32.9,77.95833333333333,8.384660770232987,65.0,90.0,25.34583333333333,14.708333333333334,18.6,37.4,-4.706901514355206,13.843935023056668,1005.5583333333334,1003.8583333333332,1.3000000000000003,1.3000000000000003,26.916666666666668,742.2916666666666,295.0,1170.0,2299.633333333333,17.560000000000002,0,6,189,7,2024,1,summer,train
2161292,"Số 46, phố Lưu Quang Vũ",21.0152,105.7999,2024-07-08 00:00:00+00:00,30.233333333333334,2.1047909462785688,27.8,33.7,78.29166666666667,8.63501046884724,66.0,92.0,25.90833333333333,14.466666666666667,16.9,32.4,-5.213844888433884,13.413742950692438,1004.2166666666667,1002.5166666666668,0.7,0.7,43.875,676.0416666666666,340.0,1100.0,2350.0916666666667,10.52,0,0,190,7,2024,0,summer,train
2161292,"Số 46, phố Lưu Quang Vũ",21.0152,105.7999,2024-07-09 00:00:00+00:00,30.683333333333334,2.49166727255094,27.5,34.6,76.70833333333333,10.390125607755062,60.0,93.0,25.96666666666667,11.179166666666667,17.3,33.5,-5.232773758712921,8.974370250290042,1004.1750000000001,1002.475,4.2,4.2,84.70833333333333,452.5,115.0,950.0,2329.7625000000003,20.33,0,1,191,7,2024,0,summer,train
2161292,"Số 46, phố Lưu Quang Vũ",21.0152,105.7999,2024-07-10 00:00:00+00:00,30.162499999999998,2.56172708385845,26.5,34.2,78.16666666666667,9.716264565225107,60.0,91.0,25.775000000000002,9.620833333333334,19.1,33.1,-3.8956443771723173,8.140055675107645,1004.1541666666667,1002.4541666666668,3.5,3.5,41.708333333333336,423.75,120.0,925.0,2334.8624999999997,40.370000000000005,0,2,192,7,2024,0,summer,train
2161292,"Số 46, phố Lưu Quang Vũ",21.0152,105.7999,2024-07-11 00:00:00+00:00,30.766666666666666,2.7234355966821333,27.3,35.1,77.08333333333333,12.079147200918177,58.0,95.0,26.066666666666666,9.429166666666667,14.8,29.9,-4.801077039732387,7.869836992179626,1002.1,1000.4,0.1,0.1,73.33333333333333,471.4583333333333,65.0,1260.0,2340.275,0.73,0,3,193,7,2024,0,summer,train
2161292,"Số 46, phố Lưu Quang Vũ",21.0152,105.7999,2024-07-12 00:00:00+00:00,30.75,2.253885533916933,27.9,34.3,77.91666666666667,9.650035668628227,63.0,90.0,26.304166666666664,8.3375,13.5,24.5,-4.716740576086142,6.47465744058449,1000.2624999999999,998.5625,0.6000000000000001,0.6000000000000001,91.79166666666667,405.0,80.0,920.0,2375.2875,4.640000000000001,0,4,194,7,2024,0,summer,train
2161292,"Số 46, phố Lưu Quang Vũ",21.0152,105.7999,2024-07-13 00:00:00+00:00,29.420833333333334,2.5335967159042068,25.6,33.8,81.91666666666667,9.121959489470242,65.0,95.0,25.900000000000002,9.758333333333333,14.4,29.2,-5.7637998684983005,7.384079241480023,1001.5541666666667,999.8541666666666,10.6,10.6,83.0,443.3333333333333,155.0,915.0,2388.7541666666666,99.69,0,5,195,7,2024,1,summer,train
2161292,"Số 46, phố Lưu Quang Vũ",21.0152,105.7999,2024-07-14 00:00:00+00:00,27.97083333333333,2.165837355222077,25.0,32.2,86.08333333333333,8.707401482630173,70.0,96.0,25.329166666666666,8.233333333333333,17.6,34.2,-3.8520961521699966,3.467888557150649,1004.9625,1003.2624999999999,13.8,13.8,99.5,419.375,120.0,875.0,2390.1375000000003,123.62,0,6,196,7,2024,1,summer,train
2161292,"Số 46, phố Lưu Quang Vũ",21.0152,105.7999,2024-07-15 00:00:00+00:00,27.2,2.0715463663230147,24.7,31.0,89.75,8.103944289263003,73.0,99.0,25.254166666666666,6.945833333333333,10.8,29.9,0.5951354223041815,-4.253411373659749,1005.8166666666666,1004.1166666666667,26.8,26.8,96.45833333333333,329.5833333333333,15.0,870.0,2425.65,168.82,0,0,197,7,2024,0,summer,train
2161292,"Số 46, phố Lưu Quang Vũ",21.0152,105.7999,2024-07-16 00:00:00+00:00,27.483333333333334,2.093398872785526,25.0,31.4,87.58333333333333,9.343291788726031,70.0,97.0,25.145833333333332,7.566666666666666,14.0,38.2,-4.585787703576117,-0.9169352253819417,1005.4083333333333,1003.7083333333334,34.4,34.4,89.75,356.6666666666667,65.0,925.0,2388.9958333333334,252.45,0,1,198,7,2024,0,summer,train
2161292,"Số 46, phố Lưu Quang Vũ",21.0152,105.7999,2024-07-17 00:00:00+00:00,27.116666666666664,1.8998092963028785,25.0,30.3,88.95833333333333,8.056750702613181,73.0,98.0,25.054166666666664,6.604166666666667,10.1,24.8,0.07263721693868168,-2.874948263107932,1004.5291666666667,1002.8291666666668,29.2,29.2,99.16666666666667,281.6666666666667,35.0,750.0,2397.8708333333334,166.4,0,2,199,7,2024,0,summer,train
2161292,"Số 46, phố Lưu Quang Vũ",21.0152,105.7999,2024-07-18 00:00:00+00:00,27.079166666666666,1.882177085109195,25.1,30.6,89.70833333333333,7.421936736966729,75.0,97.0,25.175,9.166666666666666,15.1,33.1,-6.31247277750752,4.28270963235056,1004.1916666666666,1002.4916666666667,28.0,28.0,98.41666666666667,385.625,130.0,655.0,2415.983333333333,297.68,0,3,200,7,2024,0,summer,train
2161292,"Số 46, phố Lưu Quang Vũ",21.0152,105.7999,2024-07-19 00:00:00+00:00,27.558333333333334,1.966218322759104,25.2,31.5,88.875,8.38898086778126,72.0,99.0,25.483333333333334,7.558333333333334,19.1,37.1,-5.138144790956049,1.713710717733827,1003.85,1002.15,20.3,20.3,84.875,303.9583333333333,45.0,790.0,2433.945833333333,249.36,0,4,201,7,2024,0,summer,train
2161292,"Số 46, phố Lưu Quang Vũ",21.0152,105.7999,2024-07-20 00:00:00+00:00,28.087500000000002,1.8295431836580314,25.9,31.4,88.54166666666667,8.627454492171656,74.0,98.0,25.933333333333334,6.375,14.3,29.2,-3.4290289907043863,3.337331844870494,1004.8708333333334,1003.1708333333332,5.7,5.7,70.0,270.625,15.0,720.0,2472.3333333333335,59.53,0,5,202,7,2024,1,summer,train
2161292,"Số 46, phố Lưu Quang Vũ",21.0152,105.7999,2024-07-21 00:00:00+00:00,28.6125,2.353778183926947,25.8,32.6,85.54166666666667,9.99556060879318,69.0,97.0,25.849999999999998,5.695833333333333,13.1,27.0,-1.72192681184168,0.4085609595983974,1004.6083333333332,1002.9083333333333,9.0,9.0,68.91666666666667,355.8333333333333,45.0,1525.0,2425.3375,55.68000000000001,0,6,203,7,2024,1,summer,train
2161292,"Số 46, phố Lưu Quang Vũ",21.0152,105.7999,2024-07-22 00:00:00+00:00,28.566666666666666,1.5440394978803142,26.1,31.8,87.66666666666667,7.2391848368065075,71.0,95.0,26.245833333333334,7.754166666666666,14.9,28.1,4.064999748763104,-4.27396781122684,1001.0666666666666,999.3666666666667,31.4,31.4,100.0,361.875,60.0,915.0,2494.4874999999997,288.89,0,0,204,7,2024,0,summer,train
2161292,"Số 46, phố Lưu Quang Vũ",21.0152,105.7999,2024-07-23 00:00:00+00:00,26.179166666666664,0.7734615398474494,25.2,27.7,93.0,2.146787286196267,89.0,96.0,24.929166666666664,10.629166666666666,16.0,31.0,9.97359009790704,-2.346886491137598,996.8208333333333,995.1208333333334,137.9,137.9,100.0,297.9166666666667,60.0,560.0,2433.5499999999997,1464.74,0,1,205,7,2024,0,summer,train
2161292,"Số 46, phố Lưu Quang Vũ",21.0152,105.7999,2024-07-24 00:00:00+00:00,27.95,2.089934469536431,26.0,31.9,87.83333333333333,9.743076322798876,71.0,97.0,25.608333333333334,6.75,11.6,25.6,4.605493817961991,-2.4991245073971347,995.525,993.8249999999999,20.2,20.2,98.45833333333333,167.5,20.0,485.0,2435.7458333333334,123.19,0,2,206,7,2024,0,summer,train
2161292,"Số 46, phố Lưu Quang Vũ",21.0152,105.7999,2024-07-25 00:00:00+00:00,28.191666666666666,1.8488343370343108,25.9,32.2,90.125,6.687512698078154,78.0,100.0,26.3625,4.958333333333333,11.2,29.5,-0.15199866722853947,1.4012577667786115,995.2041666666668,993.5041666666666,5.5,5.5,84.45833333333333,288.5416666666667,20.0,995.0,2529.125,53.269999999999996,0,3,207,7,2024,0,summer,train
2161292,"Số 46, phố Lưu Quang Vũ",21.0152,105.7999,2024-07-26 00:00:00+00:00,32.1875,3.1353957520126756,26.8,36.8,74.91666666666667,12.73446766326203,55.0,96.0,26.883333333333336,7.129166666666666,13.5,23.0,0.4749215679268454,2.263884637923257,995.975,994.2958333333332,0.0,0.0,90.875,345.625,30.0,940.0,2374.0499999999997,0.0,0,4,208,7,2024,0,summer,train
2161292,"Số 46, phố Lưu Quang Vũ",21.0152,105.7999,2024-07-27 00:00:00+00:00,31.599999999999998,3.5949239575920875,26.3,36.7,79.58333333333333,13.351165611601333,59.0,97.0,27.3625,6.716666666666666,14.9,32.0,-2.215197634972216,-1.1830044519604994,999.7458333333334,998.0583333333334,17.9,17.9,98.0,451.6666666666667,70.0,1120.0,2469.6124999999997,140.38,0,5,209,7,2024,1,summer,train
2161292,"Số 46, phố Lưu Quang Vũ",21.0152,105.7999,2024-07-28 00:00:00+00:00,27.912499999999998,2.105337420028895,24.9,31.1,89.29166666666667,8.201161989072911,75.0,97.0,25.90416666666667,6.095833333333334,10.3,22.0,-4.002598507078657,-0.9996453518513652,1001.5500000000001,999.85,30.599999999999998,30.599999999999998,99.70833333333333,370.4166666666667,130.0,900.0,2477.0291666666667,254.74999999999997,0,6,210,7,2024,1,summer,train
2161292,"Số 46, phố Lưu Quang Vũ",21.0152,105.7999,2024-07-29 00:00:00+00:00,27.537499999999998,1.35640589667022,25.5,30.9,91.58333333333333,5.508228364015495,79.0,97.0,25.983333333333334,8.75,13.4,23.0,-5.9459013118040005,5.329236457048309,1001.3333333333334,999.6333333333333,18.7,18.7,100.0,310.8333333333333,205.0,485.0,2515.516666666667,153.66,0,0,211,7,2024,0,summer,train
2161292,"Số 46, phố Lưu Quang Vũ",21.0152,105.7999,2024-07-30 00:00:00+00:00,27.3125,1.413387081969501,25.2,30.5,91.625,3.1871003585786526,85.0,97.0,25.825,8.208333333333334,13.7,25.2,-2.1710386403155093,6.711648517866191,1001.5791666666668,999.8791666666666,26.099999999999998,26.099999999999998,100.0,312.2916666666667,155.0,535.0,2499.1916666666666,191.98999999999998,0,1,212,7,2024,0,summer,train
2161292,"Số 46, phố Lưu Quang Vũ",21.0152,105.7999,2024-07-31 00:00:00+00:00,27.96666666666667,1.5395275013900316,25.7,30.6,84.66666666666667,4.488310098047138,76.0,92.0,25.108333333333334,14.129166666666668,17.4,36.7,-2.104454411377812,13.874666472569132,1002.6416666666668,1000.9416666666666,1.0,1.0,99.95833333333333,296.6666666666667,135.0,510.0,2362.2875,13.18,0,2,213,7,2024,0,summer,train
2161292,"Số 46, phố Lưu Quang Vũ",21.0152,105.7999,2024-08-01 00:00:00+00:00,28.150000000000002,1.8320812588775717,25.2,31.1,81.33333333333333,5.975796593554385,69.0,89.0,24.604166666666668,15.479166666666666,19.9,38.2,-1.9611472774416612,15.194401145663685,1003.0458333333332,1001.3458333333333,3.8000000000000003,3.8000000000000003,99.54166666666667,301.25,180.0,490.0,2280.8875000000003,62.7,0,3,214,8,2024,0,summer,train
2161292,"Số 46, phố Lưu Quang Vũ",21.0152,105.7999,2024-08-02 00:00:00+00:00,25.979166666666668,0.7419007121351647,24.9,27.2,93.125,1.0347232354175853,92.0,95.0,24.758333333333336,13.195833333333333,18.8,41.8,-2.1013797994635803,12.764061204234388,1003.4958333333334,1001.7958333333332,27.599999999999998,27.599999999999998,92.875,318.75,195.0,535.0,2419.6458333333335,387.84000000000003,0,4,215,8,2024,0,summer,train
2161292,"Số 46, phố Lưu Quang Vũ",21.0152,105.7999,2024-08-03 00:00:00+00:00,28.391666666666666,2.4831460876786173,25.0,32.6,82.95833333333333,10.527310927407765,65.0,96.0,25.070833333333336,8.116666666666667,13.4,27.0,-2.3433464338074312,6.487757530191939,1005.3375,1003.6374999999999,1.3,1.3,44.083333333333336,289.7916666666667,35.0,920.0,2330.6583333333333,12.489999999999998,0,5,216,8,2024,1,summer,train
2161292,"Số 46, phố Lưu Quang Vũ",21.0152,105.7999,2024-08-04 00:00:00+00:00,28.695833333333336,2.5827991500067053,24.4,32.5,83.29166666666667,9.808954057907753,68.0,98.0,25.441666666666666,6.866666666666667,10.3,23.8,-3.8565183812460226,3.2107172324701403,1006.525,1004.8249999999999,6.1,6.1,39.083333333333336,381.6666666666667,20.0,1020.0,2366.7708333333335,50.09,0,6,217,8,2024,1,summer,train
2161292,"Số 46, phố Lưu Quang Vũ",21.0152,105.7999,2024-08-05 00:00:00+00:00,29.0625,2.004302437475336,25.0,32.3,85.625,6.439095939783711,76.0,96.0,26.354166666666668,6.2875000000000005,10.3,21.2,-3.6502164173836924,3.9352218431560693,1005.2291666666666,1003.5291666666667,3.9,3.9,45.458333333333336,379.375,70.0,1010.0,2476.7208333333333,20.0,0,0,218,8,2024,0,summer,train
2161292,"Số 46, phố Lưu Quang Vũ",21.0152,105.7999,2024-08-06 00:00:00+00:00,29.241666666666664,2.2600339871755057,26.6,33.0,85.04166666666667,9.648064309877716,66.0,97.0,26.320833333333336,5.875,15.4,29.5,-3.204552915951361,4.3037435571843785,1004.9416666666666,1003.2416666666667,5.2,5.2,78.20833333333333,413.5416666666667,85.0,1005.0,2466.2708333333335,62.56,0,1,219,8,2024,0,summer,train
2161292,"Số 46, phố Lưu Quang Vũ",21.0152,105.7999,2024-08-07 00:00:00+00:00,30.349999999999998,2.2681154790016675,27.8,34.2,80.04166666666667,10.436054421286705,61.0,95.0,26.370833333333334,9.137500000000001,15.4,26.6,-2.6586667885139628,8.229414963600696,1004.8874999999999,1003.1875,0.2,0.2,18.5,411.0416666666667,125.0,920.0,2407.3624999999997,0.87,0,2,220,8,2024,0,summer,train
2161292,"Số 46, phố Lưu Quang Vũ",21.0152,105.7999,2024-08-08 00:00:00+00:00,30.991666666666664,2.5009418515686295,27.4,34.9,76.79166666666667,9.46379447141058,59.0,91.0,26.27916666666667,11.633333333333333,17.4,30.2,-1.9081875271908721,11.262601557255627,1003.9291666666667,1002.2291666666666,0.1,0.1,14.375,536.4583333333334,90.0,1265.0,2358.320833333333,0.9,0,3,221,8,2024,0,summer,train
2161292,"Số 46, phố Lưu Quang Vũ",21.0152,105.7999,2024-08-09 00:00:00+00:00,31.754166666666666,2.8737158442725685,27.6,35.9,72.20833333333333,10.778316262258924,56.0,88.0,25.9375,11.170833333333334,17.9,31.0,-1.544915304720007,10.072195857191021,1001.1791666666667,999.4791666666666,0.0,0.0,56.166666666666664,588.125,50.0,1615.0,2263.991666666667,0.0,0,4,222,8,2024,0,summer,train
2161292,"Số 46, phố Lưu Quang Vũ",21.0152,105.7999,2024-08-10 00:00:00+00:00,31.929166666666664,3.102800861867516,26.6,36.2,73.04166666666667,12.81805508772232,55.0,92.0,26.21666666666667,8.345833333333333,15.9,35.3,-0.1822203825857053,2.525740162499146,1000.2333333333332,998.5333333333333,0.4,0.4,88.875,546.4583333333334,55.0,1465.0,2294.3708333333334,5.28,0,5,223,8,2024,1,summer,train
2161292,"Số 46, phố Lưu Quang Vũ",21.0152,105.7999,2024-08-11 00:00:00+00:00,28.870833333333334,2.02151023326334,26.1,32.1,82.91666666666667,8.469467755294367,68.0,94.0,25.554166666666664,6.695833333333333,12.2,26.3,1.4849779599874855,-3.283579984355002,1001.4208333333332,999.7208333333333,1.0,1.0,100.0,294.375,20.0,810.0,2378.2458333333334,5.48,0,6,224,8,2024,1,summer,train
2161292,"Số 46, phố Lưu Quang Vũ",21.0152,105.7999,2024-08-12 00:00:00+00:00,27.525000000000002,1.7896441229910853,25.5,30.8,90.25,6.654517916096708,77.0,99.0,25.7375,5.129166666666666,9.3,20.2,-2.5082150505909406,0.6127253690265974,1002.5625,1000.8625000000001,44.5,44.5,100.0,278.9583333333333,55.0,815.0,2473.0750000000003,266.97,0,0,225,8,2024,0,summer,train
2161292,"Số 46, phố Lưu Quang Vũ",21.0152,105.7999,2024-08-13 00:00:00+00:00,27.22083333333333,1.8476728410452519,25.2,30.8,90.08333333333333,6.832891466802425,78.0,97.0,25.400000000000002,6.258333333333333,9.8,22.0,2.9247909531047864,-3.7976742172064157,1005.0375,1003.3375,9.6,9.6,100.0,280.2083333333333,50.0,705.0,2440.3125,66.57000000000001,0,1,226,8,2024,0,summer,train
2161292,"Số 46, phố Lưu Quang Vũ",21.0152,105.7999,2024-08-14 00:00:00+00:00,27.445833333333336,1.9303027846894145,25.5,31.5,90.83333333333333,6.951175481867088,76.0,98.0,25.770833333333332,3.8375,10.7,24.1,2.0055920149146704,-0.6435269939678258,1005.2624999999999,1003.5625,11.3,11.3,92.45833333333333,219.79166666666666,15.0,770.0,2480.3416666666667,61.74,0,2,227,8,2024,0,summer,train
2161292,"Số 46, phố Lưu Quang Vũ",21.0152,105.7999,2024-08-15 00:00:00+00:00,27.900000000000002,1.7430607762109767,26.0,32.2,90.45833333333333,7.360169933450953,75.0,100.0,26.120833333333334,4.391666666666667,13.7,30.6,-1.0123238526480351,-0.7246884828328416,1004.0875,1002.3874999999999,12.6,12.6,98.70833333333333,284.1666666666667,25.0,890.0,2512.0041666666666,135.95999999999998,0,3,228,8,2024,0,summer,train
2161292,"Số 46, phố Lưu Quang Vũ",21.0152,105.7999,2024-08-16 00:00:00+00:00,28.97083333333333,2.5720029695477247,25.5,32.5,84.08333333333333,10.163518162982507,69.0,96.0,25.858333333333334,6.55,13.6,27.4,-1.7684459586647983,-3.58510374259048,1004.5500000000001,1002.85,10.3,10.3,85.04166666666667,357.7083333333333,50.0,960.0,2411.3166666666666,85.79,0,4,229,8,2024,0,summer,train
2161292,"Số 46, phố Lưu Quang Vũ",21.0152,105.7999,2024-08-17 00:00:00+00:00,28.662499999999998,1.8874442116719419,26.1,32.5,87.58333333333333,7.383393038002446,76.0,99.0,26.308333333333334,4.5125,10.7,24.5,-0.8372219342912887,1.0798504012608878,1005.7791666666667,1004.0791666666668,6.9,6.9,88.20833333333333,291.6666666666667,15.0,890.0,2497.8708333333334,52.31999999999999,0,5,230,8,2024,1,summer,train
2161292,"Số 46, phố Lưu Quang Vũ",21.0152,105.7999,2024-08-18 00:00:00+00:00,29.004166666666666,1.832432255504824,26.5,32.5,88.75,6.764678082896289,73.0,99.0,26.891666666666666,3.4458333333333333,8.7,23.0,-0.734433026516056,-0.46935540507538615,1004.9958333333334,1003.2958333333332,4.7,4.7,96.58333333333333,307.7083333333333,35.0,910.0,2562.795833333333,17.55,0,6,231,8,2024,1,summer,train
2161292,"Số 46, phố Lưu Quang Vũ",21.0152,105.7999,2024-08-19 00:00:00+00:00,29.370833333333334,1.9670059275051943,26.9,33.0,84.83333333333333,8.565180607586722,70.0,99.0,26.45,5.391666666666667,12.0,23.0,-0.18184128198582292,1.4995863568068328,1003.5791666666668,1001.8791666666666,4.300000000000001,4.300000000000001,98.08333333333333,328.3333333333333,80.0,840.0,2475.820833333333,23.930000000000003,0,0,232,8,2024,0,summer,train
2161292,"Số 46, phố Lưu Quang Vũ",21.0152,105.7999,2024-08-20 00:00:00+00:00,29.1875,2.2372950476937064,26.3,33.3,85.91666666666667,10.774029429369838,66.0,98.0,26.454166666666666,4.2,10.4,22.7,0.7832784684352735,-0.5477696876893782,1004.5375,1002.8375,16.2,16.2,99.20833333333333,328.125,25.0,1050.0,2484.9291666666663,43.46,0,1,233,8,2024,0,summer,train
2161292,"Số 46, phố Lưu Quang Vũ",21.0152,105.7999,2024-08-21 00:00:00+00:00,28.329166666666666,2.0708072709992087,25.6,32.0,86.16666666666667,8.750983381593613,71.0,96.0,25.695833333333336,5.479166666666667,13.4,29.5,-1.869573428629159,1.7304018068345484,1006.1,1004.4,11.5,11.5,100.0,262.0833333333333,40.0,700.0,2423.866666666667,118.56,0,2,234,8,2024,0,summer,train
2161292,"Số 46, phố Lưu Quang Vũ",21.0152,105.7999,2024-08-22 00:00:00+00:00,28.608333333333334,2.832868674601107,25.1,32.7,85.54166666666667,9.806737553808368,71.0,99.0,25.8,6.258333333333333,11.0,32.4,-1.1588441553308393,2.6399708382755556,1007.3874999999999,1005.6875,31.6,31.6,100.0,305.0,45.0,810.0,2421.070833333333,254.01,0,3,235,8,2024,0,summer,train
2161292,"Số 46, phố Lưu Quang Vũ",21.0152,105.7999,2024-08-23 00:00:00+00:00,27.0125,1.807547581910243,24.1,30.2,90.70833333333333,6.181875096614686,78.0,99.0,25.316666666666666,6.166666666666667,15.3,38.5,-4.6380405225167385,1.5565936106721556,1008.5791666666668,1006.8791666666666,35.7,35.7,99.91666666666667,226.25,25.0,580.0,2440.1291666666666,448.90000000000003,0,4,236,8,2024,0,summer,train
2161292,"Số 46, phố Lưu Quang Vũ",21.0152,105.7999,2024-08-24 00:00:00+00:00,27.6375,2.0329487044149963,25.1,31.5,88.5,7.829709306614579,74.0,98.0,25.504166666666666,5.695833333333333,14.0,24.5,-2.7574254468441954,3.822230340019832,1007.5875,1005.8874999999999,18.2,18.2,99.95833333333333,338.75,95.0,810.0,2431.5499999999997,109.35000000000001,0,5,237,8,2024,1,summer,train
2161292,"Số 46, phố Lưu Quang Vũ",21.0152,105.7999,2024-08-25 00:00:00+00:00,27.6375,1.7596473213835127,25.4,30.9,85.41666666666667,8.612007121842538,71.0,98.0,24.8625,5.554166666666667,8.0,19.1,-1.6046818308134494,3.266455045445097,1006.475,1004.775,2.3000000000000003,2.3000000000000003,97.5,216.875,20.0,725.0,2346.554166666667,15.040000000000001,0,6,238,8,2024,1,summer,train
2161292,"Số 46, phố Lưu Quang Vũ",21.0152,105.7999,2024-08-26 00:00:00+00:00,27.525000000000002,2.0831101329711195,25.0,32.0,89.125,8.061246532154554,75.0,97.0,25.474999999999998,5.545833333333333,17.5,34.9,-2.292787305115431,1.2492310834194975,1006.4375,1004.7375000000001,25.299999999999997,25.299999999999997,84.16666666666667,360.4166666666667,50.0,995.0,2437.6625,333.53,0,0,239,8,2024,0,summer,train
2161292,"Số 46, phố Lưu Quang Vũ",21.0152,105.7999,2024-08-27 00:00:00+00:00,29.266666666666666,2.0284212465913445,25.8,32.0,83.33333333333333,6.793005780671168,71.0,94.0,26.09166666666667,5.425,11.0,19.1,-1.5773884430490461,2.8494801236262055,1005.3625000000001,1003.6625,2.1,2.1,29.083333333333332,302.2916666666667,20.0,885.0,2426.025,6.09,0,1,240,8,2024,0,summer,train
2161292,"Số 46, phố Lưu Quang Vũ",21.0152,105.7999,2024-08-28 00:00:00+00:00,30.583333333333332,2.560344179761891,26.8,34.2,78.0,11.013825303957159,60.0,94.0,26.104166666666668,5.4125000000000005,12.2,21.2,-1.4153410017883348,1.981098869759953,1003.7166666666667,1002.0166666666668,0.0,0.0,40.416666666666664,380.625,35.0,1025.0,2359.0041666666666,0.0,0,2,241,8,2024,0,summer,train
2161292,"Số 46, phố Lưu Quang Vũ",21.0152,105.7999,2024-08-29 00:00:00+00:00,29.758333333333336,2.857928204694511,25.1,34.2,84.375,10.077148061008048,65.0,97.0,26.683333333333334,5.3625,11.9,28.8,-3.1437203262727276,0.01680445068815839,1004.0875,1002.3874999999999,16.5,16.5,88.16666666666667,327.5,25.0,965.0,2484.3416666666667,147.26999999999998,0,3,242,8,2024,0,summer,train
2161292,"Số 46, phố Lưu Quang Vũ",21.0152,105.7999,2024-08-30 00:00:00+00:00,28.212500000000002,2.0311300131785726,25.3,31.6,85.41666666666667,8.454053139929606,69.0,96.0,25.454166666666666,5.683333333333334,10.6,22.3,-2.0084823692451574,-1.077755773576232,1005.8249999999999,1004.125,6.5,6.5,67.0,261.875,35.0,765.0,2393.8624999999997,40.98,0,4,243,8,2024,0,summer,train
2161292,"Số 46, phố Lưu Quang Vũ",21.0152,105.7999,2024-08-31 00:00:00+00:00,28.270833333333332,2.2637942690875463,24.4,32.0,85.20833333333333,10.541756171929121,65.0,98.0,25.4375,6.329166666666667,12.7,24.8,-1.1385329440869203,-1.5612690001436758,1006.9916666666667,1005.2916666666666,6.8,6.8,79.83333333333333,377.7083333333333,45.0,1180.0,2386.820833333333,47.839999999999996,0,5,244,8,2024,1,summer,train
2161292,"Số 46, phố Lưu Quang Vũ",21.0152,105.7999,2024-09-01 00:00:00+00:00,27.633333333333336,1.705914689407484,24.9,30.7,89.08333333333333,6.807391549642556,77.0,97.0,25.6375,5.616666666666667,9.4,22.3,0.6825544589539039,-1.1373520662874352,1007.475,1005.775,14.9,14.9,99.95833333333333,268.5416666666667,40.0,860.0,2451.4958333333334,86.64,0,6,245,9,2024,1,autumn,train
2161292,"Số 46, phố Lưu Quang Vũ",21.0152,105.7999,2024-09-02 00:00:00+00:00,28.929166666666664,2.1306212947047323,25.5,32.1,84.33333333333333,9.23917306043023,71.0,97.0,25.90833333333333,4.720833333333333,9.0,17.6,-2.5572574036205817,0.08029315976218332,1007.5291666666667,1005.8291666666668,1.1,1.1,94.5,369.7916666666667,10.0,880.0,2421.4125,7.56,0,0,246,9,2024,0,autumn,train
2161292,"Số 46, phố Lưu Quang Vũ",21.0152,105.7999,2024-09-03 00:00:00+00:00,29.133333333333336,2.196373823149078,26.0,32.5,81.79166666666667,11.17053253437137,64.0,98.0,25.516666666666666,5.3875,13.1,27.7,1.8611654260452293,-3.7214921373535645,1006.2291666666666,1004.5291666666667,0.0,0.0,59.083333333333336,320.625,10.0,900.0,2359.6625,0.0,0,1,247,9,2024,0,autumn,train
2161292,"Số 46, phố Lưu Quang Vũ",21.0152,105.7999,2024-09-04 00:00:00+00:00,29.97083333333333,2.582294087361696,26.5,33.8,80.04166666666667,12.529891795454466,61.0,96.0,25.941666666666666,4.9875,10.6,18.0,-0.060642720036591935,0.909829717262321,1002.3708333333334,1000.6708333333332,0.0,0.0,44.541666666666664,402.7083333333333,60.0,1080.0,2368.1625,0.0,0,2,248,9,2024,0,autumn,train
2161292,"Số 46, phố Lưu Quang Vũ",21.0152,105.7999,2024-09-05 00:00:00+00:00,29.679166666666664,3.2449263630241725,25.5,34.2,80.0,9.226615564908329,65.0,92.0,25.71666666666667,10.708333333333334,16.1,38.2,6.813546804101223,-5.747602698111653,1001.0416666666666,999.3416666666667,13.0,13.0,54.916666666666664,405.625,15.0,1200.0,2347.545833333333,141.28,0,3,249,9,2024,0,autumn,train
2161292,"Số 46, phố Lưu Quang Vũ",21.0152,105.7999,2024-09-06 00:00:00+00:00,28.604166666666668,2.343256590575468,26.0,33.2,83.16666666666667,7.676427309099211,66.0,93.0,25.3875,17.875,34.1,60.5,12.529531619132781,-11.911089586296917,999.4958333333334,997.7958333333332,13.4,13.4,94.95833333333333,509.7916666666667,150.0,1205.0,2362.5,299.01,0,4,250,9,2024,0,autumn,train
2161292,"Số 46, phố Lưu Quang Vũ",21.0152,105.7999,2024-09-07 00:00:00+00:00,25.625,0.3566145160302351,24.8,26.1,90.29166666666667,1.4589801878044182,88.0,94.0,23.895833333333332,38.800000000000004,61.3,109.4,16.619634223762922,-7.725611092906363,992.6125000000001,990.9125,143.3,143.3,100.0,1013.75,430.0,1605.0,2313.4333333333334,6348.12,0,5,251,9,2024,1,autumn,train
2161292,"Số 46, phố Lưu Quang Vũ",21.0152,105.7999,2024-09-08 00:00:00+00:00,28.008333333333336,1.5085024727009662,26.0,30.9,87.5,5.217028972925856,75.0,95.0,25.704166666666666,14.137500000000001,23.5,45.4,-6.4343643922913065,11.140733583289707,1000.3166666666666,998.6166666666667,8.8,8.8,100.0,453.3333333333333,85.0,800.0,2443.7625000000003,159.19,0,6,252,9,2024,1,autumn,train
2161292,"Số 46, phố Lưu Quang Vũ",21.0152,105.7999,2024-09-09 00:00:00+00:00,26.40416666666667,1.2936228758519777,24.5,28.1,93.45833333333333,3.425977063638885,84.0,98.0,25.254166666666666,8.708333333333334,14.7,29.5,-7.869911775069337,-0.7890838343403171,1004.2208333333333,1002.5208333333334,45.7,45.7,100.0,316.0416666666667,135.0,485.0,2464.1,388.78999999999996,0,0,253,9,2024,0,autumn,train
2161292,"Số 46, phố Lưu Quang Vũ",21.0152,105.7999,2024-09-10 00:00:00+00:00,25.333333333333332,1.0256139907250736,23.9,27.3,93.20833333333333,3.4763695038842206,87.0,97.0,24.145833333333332,8.391666666666667,14.8,27.0,-4.215832961867581,-6.265391224314276,1006.5916666666667,1004.8916666666668,19.900000000000002,19.900000000000002,99.91666666666667,288.3333333333333,110.0,465.0,2358.016666666667,180.44,0,1,254,9,2024,0,autumn,train
2161292,"Số 46, phố Lưu Quang Vũ",21.0152,105.7999,2024-09-11 00:00:00+00:00,24.8125,0.6641846914434446,23.8,25.6,95.0,2.5366873297069263,91.0,99.0,23.941666666666666,8.083333333333334,13.8,24.5,-2.465829692450746,-5.186102960624104,1008.0583333333334,1006.3583333333332,90.2,90.2,100.0,296.0416666666667,30.0,555.0,2355.6291666666666,795.27,0,2,255,9,2024,0,autumn,train
2161292,"Số 46, phố Lưu Quang Vũ",21.0152,105.7999,2024-09-12 00:00:00+00:00,25.974999999999998,1.979953886156026,23.9,29.4,91.16666666666667,7.732858556140498,77.0,98.0,24.366666666666664,6.2,10.3,22.3,2.6211769685311466,-3.785238547243613,1006.9083333333333,1005.2083333333334,11.7,11.7,73.875,265.4166666666667,40.0,690.0,2353.704166666667,54.71,0,3,256,9,2024,0,autumn,train
2161292,"Số 46, phố Lưu Quang Vũ",21.0152,105.7999,2024-09-13 00:00:00+00:00,27.441666666666666,2.568355363917213,24.5,31.7,86.75,9.270101542523447,71.0,98.0,24.945833333333336,6.983333333333333,11.2,25.9,0.8002175757675386,-2.0992652570757593,1004.3416666666667,1002.6416666666668,1.6,1.6,58.041666666666664,347.7083333333333,35.0,1055.0,2358.0375,14.31,0,4,257,9,2024,0,autumn,train
2161292,"Số 46, phố Lưu Quang Vũ",21.0152,105.7999,2024-09-14 00:00:00+00:00,28.0125,2.4336968658365414,25.0,32.2,85.83333333333333,10.037610432189815,69.0,100.0,25.295833333333334,4.804166666666666,13.7,28.4,-1.8923545634419463,0.034911457581040604,1002.7708333333334,1001.0708333333333,2.6999999999999997,2.6999999999999997,97.41666666666667,306.6666666666667,35.0,1015.0,2381.375,20.71,0,5,258,9,2024,1,autumn,train
2161292,"Số 46, phố Lưu Quang Vũ",21.0152,105.7999,2024-09-15 00:00:00+00:00,28.325,2.8733029017521594,24.5,33.1,84.58333333333333,11.32875013892287,65.0,98.0,25.270833333333332,5.591666666666666,13.1,26.3,-1.26392138993299,-2.3873406027477664,1002.9333333333334,1001.2333333333332,26.7,26.7,75.0,406.6666666666667,35.0,1195.0,2365.079166666667,212.74,0,6,259,9,2024,1,autumn,train
2161292,"Số 46, phố Lưu Quang Vũ",21.0152,105.7999,2024-09-16 00:00:00+00:00,27.0125,2.2240410732835345,24.3,30.6,87.25,8.347090094366914,70.0,97.0,24.608333333333334,9.791666666666666,18.0,40.0,3.9576011129656785,-6.567355879925155,1005.1916666666666,1003.4916666666667,13.399999999999999,13.399999999999999,58.041666666666664,359.375,40.0,1055.0,2339.6291666666666,146.76,0,0,260,9,2024,0,autumn,train
2161292,"Số 46, phố Lưu Quang Vũ",21.0152,105.7999,2024-09-17 00:00:00+00:00,26.258333333333336,1.7450343628525578,24.0,29.9,90.45833333333333,5.348540367050718,79.0,97.0,24.541666666666668,10.679166666666667,16.2,32.0,6.561393673802217,-5.669030981228322,1005.6541666666667,1003.9541666666668,30.7,30.7,96.29166666666667,314.1666666666667,130.0,955.0,2367.025,302.7,0,1,261,9,2024,0,autumn,train
2161292,"Số 46, phố Lưu Quang Vũ",21.0152,105.7999,2024-09-18 00:00:00+00:00,27.1125,2.2454422436493893,24.2,31.5,87.54166666666667,7.581322396215738,73.0,98.0,24.795833333333334,11.091666666666667,16.3,33.8,6.740426132908703,-7.250617090867198,1003.8458333333333,1002.1458333333334,20.2,20.2,57.125,353.5416666666667,90.0,1180.0,2358.8791666666666,246.03999999999996,0,2,262,9,2024,0,autumn,train
2161292,"Số 46, phố Lưu Quang Vũ",21.0152,105.7999,2024-09-19 00:00:00+00:00,26.558333333333334,1.7146216889541224,24.4,31.4,88.95833333333333,6.583769018788073,72.0,96.0,24.537499999999998,10.745833333333332,17.3,41.8,6.420169581247936,-7.273360823942892,1003.0333333333333,1001.3333333333334,16.6,16.6,89.04166666666667,299.375,35.0,1390.0,2352.1625,189.58,0,3,263,9,2024,0,autumn,train
2161292,"Số 46, phố Lưu Quang Vũ",21.0152,105.7999,2024-09-20 00:00:00+00:00,26.991666666666664,2.3303137811978414,24.5,32.2,90.33333333333333,8.483573214910908,71.0,99.0,25.15416666666667,8.633333333333333,16.8,39.2,3.239578830430117,-6.116074931431144,1004.0625,1002.3625000000001,43.4,43.4,93.83333333333333,328.5416666666667,40.0,1415.0,2419.5625,370.24,0,4,264,9,2024,0,autumn,train
2161292,"Số 46, phố Lưu Quang Vũ",21.0152,105.7999,2024-09-21 00:00:00+00:00,27.416666666666668,2.2557494978612858,25.0,31.7,88.5,8.309240534541628,73.0,97.0,25.2625,9.870833333333334,15.1,35.3,4.699399961800357,-8.25754373552859,1004.7541666666666,1003.0541666666667,56.3,56.3,89.16666666666667,439.1666666666667,120.0,1100.0,2408.9083333333333,510.88,0,5,265,9,2024,1,autumn,train
2161292,"Số 46, phố Lưu Quang Vũ",21.0152,105.7999,2024-09-22 00:00:00+00:00,25.52916666666667,0.535260332164085,24.0,26.5,84.0,7.35438349025525,65.0,93.0,22.59583333333333,14.408333333333333,18.3,36.4,-4.209948104212834,-13.66444996802448,1007.2208333333333,1005.5208333333334,44.1,44.1,100.0,849.5833333333334,380.0,1235.0,2146.0208333333335,614.69,0,6,266,9,2024,1,autumn,train
2161292,"Số 46, phố Lưu Quang Vũ",21.0152,105.7999,2024-09-23 00:00:00+00:00,24.308333333333334,1.6351882398397297,22.4,27.0,83.0,6.114842953651888,74.0,91.0,21.179166666666667,6.075,15.4,30.2,2.012988839764258,-2.4567780595490936,1010.1625,1008.4625,9.9,9.9,81.70833333333333,345.625,40.0,1015.0,2009.075,68.42999999999999,0,0,267,9,2024,0,autumn,train
2161292,"Số 46, phố Lưu Quang Vũ",21.0152,105.7999,2024-09-24 00:00:00+00:00,26.391666666666666,2.522406833142515,23.8,30.2,74.41666666666667,14.005951116102997,54.0,92.0,21.179166666666667,7.0625,12.5,27.0,-3.7047898791583527,-0.7354931541648697,1010.2416666666667,1008.5416666666666,0.0,0.0,40.208333333333336,482.5,95.0,1495.0,1931.2333333333333,0.0,0,1,268,9,2024,0,autumn,train
2161292,"Số 46, phố Lưu Quang Vũ",21.0152,105.7999,2024-09-25 00:00:00+00:00,25.920833333333334,1.9312035370331295,23.0,28.7,81.875,7.64604188595244,71.0,95.0,22.516666666666666,5.645833333333333,9.8,17.6,-3.6839708209297264,2.1326554511441214,1011.0958333333333,1009.3958333333334,0.0,0.0,53.833333333333336,331.6666666666667,80.0,740.0,2108.5125000000003,0.0,0,2,269,9,2024,0,autumn,train
2161292,"Số 46, phố Lưu Quang Vũ",21.0152,105.7999,2024-09-26 00:00:00+00:00,27.587500000000002,2.4538013987174736,24.5,31.6,77.16666666666667,10.552834635328061,59.0,91.0,23.054166666666664,7.1875,13.4,24.5,-3.583432181408759,6.0387463216240915,1010.7416666666667,1009.0416666666666,0.1,0.1,45.166666666666664,506.0416666666667,135.0,1145.0,2104.141666666667,0.30000000000000004,0,3,270,9,2024,0,autumn,train
2161292,"Số 46, phố Lưu Quang Vũ",21.0152,105.7999,2024-09-27 00:00:00+00:00,28.712500000000002,2.3725444972232568,25.9,32.8,78.04166666666667,10.739926186559833,59.0,91.0,24.329166666666666,10.7125,16.1,30.2,-2.089598164177934,9.061870007846636,1009.1208333333334,1007.4208333333332,0.0,0.0,37.125,682.0833333333334,265.0,1280.0,2216.483333333333,0.0,0,4,271,9,2024,0,autumn,train
2161292,"Số 46, phố Lưu Quang Vũ",21.0152,105.7999,2024-09-28 00:00:00+00:00,29.254166666666666,2.3278986917047275,26.7,33.2,81.70833333333333,11.199686201608184,64.0,97.0,25.583333333333332,13.429166666666667,17.3,32.0,-5.092467864658357,12.049876168578242,1006.8666666666667,1005.1666666666666,0.0,0.0,64.20833333333333,648.3333333333334,420.0,1070.0,2365.820833333333,0.0,0,5,272,9,2024,1,autumn,train
2161292,"Số 46, phố Lưu Quang Vũ",21.0152,105.7999,2024-09-29 00:00:00+00:00,28.0,1.809155459948334,25.2,30.9,87.66666666666667,7.281105187649958,76.0,98.0,25.733333333333334,11.091666666666667,18.4,34.2,-5.368299055223255,8.683929086290194,1006.1875,1004.4875000000001,16.5,16.5,93.66666666666667,462.9166666666667,165.0,765.0,2442.358333333333,194.01,0,6,273,9,2024,1,autumn,train
2161292,"Số 46, phố Lưu Quang Vũ",21.0152,105.7999,2024-09-30 00:00:00+00:00,26.25,1.5494739640334054,24.0,29.5,91.41666666666667,5.232977925714429,80.0,98.0,24.7,7.4750000000000005,16.3,29.5,-4.468106566248934,-0.7338030483456425,1006.6208333333334,1004.9208333333332,25.8,25.8,93.95833333333333,272.0833333333333,110.0,495.0,2392.3458333333333,172.71,0,0,274,9,2024,0,autumn,train
2161292,"Số 46, phố Lưu Quang Vũ",21.0152,105.7999,2024-10-01 00:00:00+00:00,25.537499999999998,2.8005919405353055,21.6,29.6,66.91666666666667,8.846107798823489,60.0,95.0,18.875,17.791666666666668,22.9,46.1,-3.076453039967021,-17.270504010564867,1012.4041666666667,1010.6708333333332,9.6,9.6,80.54166666666667,1000.8333333333334,480.0,1370.0,1714.7041666666667,124.2,0,1,275,10,2024,0,autumn,train
2161292,"Số 46, phố Lưu Quang Vũ",21.0152,105.7999,2024-10-02 00:00:00+00:00,24.004166666666666,2.2928014318289964,20.6,28.5,61.916666666666664,5.492419017761355,50.0,69.0,16.191666666666666,12.799999999999999,20.4,41.4,-4.983752928105443,-11.097929159386327,1015.5625,1013.8083333333334,0.0,0.0,61.333333333333336,715.2083333333334,230.0,1640.0,1476.0375000000001,0.0,0,2,276,10,2024,0,autumn,train
2161292,"Số 46, phố Lưu Quang Vũ",21.0152,105.7999,2024-10-03 00:00:00+00:00,23.204166666666666,2.6836832520067366,19.5,27.2,66.41666666666667,13.464661208113457,47.0,85.0,16.2625,8.875,16.7,33.1,-3.4353413119580156,-7.3012535502952245,1015.6999999999999,1013.9333333333334,0.0,0.0,70.875,470.2083333333333,15.0,1280.0,1508.8541666666667,0.0,0,3,277,10,2024,0,autumn,train
2161292,"Số 46, phố Lưu Quang Vũ",21.0152,105.7999,2024-10-04 00:00:00+00:00,23.59583333333333,3.199521590143923,19.1,28.2,70.04166666666667,15.315462963851322,48.0,91.0,17.3875,6.795833333333333,11.8,25.6,-2.7267389123207546,-2.7741397614813406,1015.0875,1013.3291666666668,0.0,0.0,48.791666666666664,419.1666666666667,20.0,1430.0,1607.1291666666666,0.0,0,4,278,10,2024,0,autumn,train
2161292,"Số 46, phố Lưu Quang Vũ",21.0152,105.7999,2024-10-05 00:00:00+00:00,24.349999999999998,3.3324491580974414,20.1,29.2,68.58333333333333,15.99161918187058,45.0,93.0,17.716666666666665,5.770833333333333,9.6,22.7,-0.10245382179159418,-1.9926195512627098,1014.1583333333333,1012.4083333333333,0.0,0.0,0.4583333333333333,409.1666666666667,15.0,1385.0,1619.6958333333332,0.0,0,5,279,10,2024,1,autumn,train
2161292,"Số 46, phố Lưu Quang Vũ",21.0152,105.7999,2024-10-06 00:00:00+00:00,25.691666666666666,2.9467619172748662,21.7,30.5,73.08333333333333,13.048127190842589,48.0,88.0,20.175,7.6375,11.8,24.8,0.8085458650623455,-6.865281414432857,1014.9416666666666,1013.1958333333333,0.0,0.0,22.5,447.0833333333333,35.0,1690.0,1841.9541666666667,0.0,0,6,280,10,2024,1,autumn,train
2161292,"Số 46, phố Lưu Quang Vũ",21.0152,105.7999,2024-10-07 00:00:00+00:00,26.766666666666666,2.7382423220914465,22.9,31.1,66.08333333333333,9.426681220905888,50.0,84.0,19.712500000000002,10.308333333333334,15.0,31.7,-3.2819561009637432,-9.152537084201475,1015.6416666666668,1013.9250000000001,0.0,0.0,32.083333333333336,506.4583333333333,55.0,1545.0,1748.8791666666666,0.0,0,0,281,10,2024,0,autumn,train
2161292,"Số 46, phố Lưu Quang Vũ",21.0152,105.7999,2024-10-08 00:00:00+00:00,26.145833333333332,2.804651286805494,22.3,30.3,70.625,13.428757267116364,51.0,90.0,20.070833333333333,7.1499999999999995,16.7,33.1,-2.9709112032437583,-4.455778843995129,1014.7416666666667,1013.0083333333333,0.0,0.0,13.166666666666666,456.25,10.0,1600.0,1812.75,0.0,0,1,282,10,2024,0,autumn,train
2161292,"Số 46, phố Lưu Quang Vũ",21.0152,105.7999,2024-10-09 00:00:00+00:00,25.47083333333333,3.096909984044638,21.1,30.0,69.29166666666667,15.212921186100084,47.0,93.0,19.0375,8.070833333333333,14.0,29.2,-4.638317657761644,-3.705371773584829,1013.6083333333332,1011.875,0.0,0.0,4.416666666666667,504.1666666666667,35.0,1645.0,1720.1875,0.0,0,2,283,10,2024,0,autumn,train
2161292,"Số 46, phố Lưu Quang Vũ",21.0152,105.7999,2024-10-10 00:00:00+00:00,26.083333333333332,3.1393251374842612,21.5,30.9,69.54166666666667,13.850064092354186,47.0,93.0,19.704166666666666,5.991666666666667,9.8,20.2,-2.9554662671112886,0.3254014261187319,1012.9083333333333,1011.1791666666667,0.0,0.0,20.625,513.75,15.0,1845.0,1773.2833333333335,0.0,0,3,284,10,2024,0,autumn,train
2161292,"Số 46, phố Lưu Quang Vũ",21.0152,105.7999,2024-10-11 00:00:00+00:00,26.129166666666666,3.0335055294331434,22.5,30.6,75.0,16.186414056238647,51.0,97.0,20.945833333333333,4.879166666666666,12.9,22.7,-2.6229937296489636,2.175678861284169,1012.6666666666666,1010.9375,0.0,0.0,23.541666666666668,482.9166666666667,45.0,1575.0,1913.2958333333333,0.0,0,4,285,10,2024,0,autumn,train
2161292,"Số 46, phố Lưu Quang Vũ",21.0152,105.7999,2024-10-12 00:00:00+00:00,26.375,2.8196900847279367,22.8,30.8,78.58333333333333,14.71443144513655,57.0,98.0,22.041666666666668,6.45,11.5,21.6,-4.602452838433432,3.829343915081349,1013.3791666666666,1011.6583333333333,0.7000000000000001,0.7000000000000001,42.166666666666664,469.375,55.0,1280.0,2033.1625000000001,3.6100000000000003,0,5,286,10,2024,1,autumn,train
2161292,"Số 46, phố Lưu Quang Vũ",21.0152,105.7999,2024-10-13 00:00:00+00:00,26.7,2.8656890817120204,22.8,31.2,78.33333333333333,14.193282754962594,57.0,97.0,22.3125,7.216666666666666,12.8,24.5,-5.328844124253954,3.599895372412268,1012.6208333333334,1010.9166666666666,0.8,0.8,25.375,453.3333333333333,25.0,1090.0,2052.8250000000003,5.98,0,6,287,10,2024,1,autumn,train
2161292,"Số 46, phố Lưu Quang Vũ",21.0152,105.7999,2024-10-14 00:00:00+00:00,27.46666666666667,2.6632224133910425,24.1,31.9,78.45833333333333,13.282807346886154,57.0,96.0,23.09583333333333,5.4375,12.1,23.0,-3.5774536870779765,2.9592600629066834,1011.9,1010.1999999999999,3.4000000000000004,3.4000000000000004,36.625,432.9166666666667,40.0,1315.0,2121.1791666666663,24.29,0,0,288,10,2024,0,autumn,train
2161292,"Số 46, phố Lưu Quang Vũ",21.0152,105.7999,2024-10-15 00:00:00+00:00,25.34583333333333,2.334240248181811,22.9,29.6,86.54166666666667,11.217142031833184,65.0,98.0,22.795833333333334,7.104166666666667,10.8,24.5,1.1524228897905713,-2.83297420485442,1013.1291666666666,1011.3958333333334,18.0,18.0,70.04166666666667,333.3333333333333,35.0,1090.0,2168.775,128.97,0,1,289,10,2024,0,autumn,train
2161292,"Số 46, phố Lưu Quang Vũ",21.0152,105.7999,2024-10-16 00:00:00+00:00,26.445833333333336,2.11721292734343,23.6,30.1,83.45833333333333,11.839429946128126,64.0,96.0,23.241666666666664,5.0375,10.7,24.1,-1.207695323991161,0.41862481588686196,1012.8416666666667,1011.1374999999999,0.9,0.9,72.95833333333333,358.3333333333333,10.0,1140.0,2183.4333333333334,5.95,0,2,290,10,2024,0,autumn,train
2161292,"Số 46, phố Lưu Quang Vũ",21.0152,105.7999,2024-10-17 00:00:00+00:00,27.308333333333334,2.3682531934752657,24.4,31.0,81.66666666666667,12.334704193300778,63.0,98.0,23.675,7.904166666666666,12.1,22.7,-6.657690858908264,3.4544851751280206,1010.7125,1009.0124999999999,0.5,0.5,46.208333333333336,497.0833333333333,110.0,1215.0,2202.516666666667,3.8400000000000003,0,3,291,10,2024,0,autumn,train
2161292,"Số 46, phố Lưu Quang Vũ",21.0152,105.7999,2024-10-18 00:00:00+00:00,27.662499999999998,2.496573739103776,24.1,31.8,81.29166666666667,11.958184996302618,62.0,98.0,23.979166666666668,7.404166666666666,12.1,25.2,-3.684381620089027,6.0861225786071955,1011.3375,1009.6374999999999,1.5999999999999999,1.5999999999999999,37.583333333333336,474.7916666666667,70.0,1315.0,2220.225,13.65,0,4,292,10,2024,0,autumn,train
2161292,"Số 46, phố Lưu Quang Vũ",21.0152,105.7999,2024-10-19 00:00:00+00:00,27.233333333333334,2.3518108964697007,23.8,31.1,82.16666666666667,12.221387762467065,61.0,97.0,23.754166666666666,5.583333333333333,10.7,24.8,-3.008576033801529,0.9911123512401053,1013.6875,1011.9833333333332,2.8,2.8,66.58333333333333,385.4166666666667,10.0,1340.0,2210.429166666667,19.02,0,5,293,10,2024,1,autumn,train
2161292,"Số 46, phố Lưu Quang Vũ",21.0152,105.7999,2024-10-20 00:00:00+00:00,27.6875,2.941356164587439,23.4,32.2,74.91666666666667,15.131069868397242,52.0,95.0,22.454166666666666,7.791666666666667,14.2,29.9,-3.815202661007419,2.1782491673780626,1015.0958333333333,1013.3916666666668,0.9,0.9,63.708333333333336,537.9166666666666,45.0,1385.0,2032.3541666666667,6.819999999999999,0,6,294,10,2024,1,autumn,train
2161292,"Số 46, phố Lưu Quang Vũ",21.0152,105.7999,2024-10-21 00:00:00+00:00,25.65833333333333,1.8860855867589137,23.4,28.6,88.66666666666667,9.796479698991554,72.0,100.0,23.52916666666667,4.758333333333334,9.1,22.3,1.1559069384038734,-0.22419430161125742,1014.3458333333333,1012.6125000000001,12.9,12.9,75.91666666666667,242.5,20.0,915.0,2257.7875,113.22,0,0,295,10,2024,0,autumn,train
2161292,"Số 46, phố Lưu Quang Vũ",21.0152,105.7999,2024-10-22 00:00:00+00:00,27.412499999999998,2.6015568081606366,23.8,31.6,71.04166666666667,9.932288876127224,56.0,96.0,21.575,11.475,20.8,35.3,-1.9948266761248357,-10.783375713732019,1015.0208333333334,1013.3166666666666,0.6000000000000001,0.6000000000000001,79.5,807.7083333333334,120.0,1320.0,1935.0208333333333,6.36,0,1,296,10,2024,0,autumn,train
2161292,"Số 46, phố Lưu Quang Vũ",21.0152,105.7999,2024-10-23 00:00:00+00:00,24.545833333333334,3.339354163889186,19.1,28.9,57.0,9.775746385381751,44.0,74.0,15.174999999999999,12.299999999999999,19.2,38.2,-5.0397261061843075,-10.708686646304967,1015.2166666666667,1013.4791666666666,0.0,0.0,63.833333333333336,653.75,65.0,1555.0,1368.9041666666665,0.0,0,2,297,10,2024,0,autumn,train
2161292,"Số 46, phố Lưu Quang Vũ",21.0152,105.7999,2024-10-24 00:00:00+00:00,23.504166666666666,3.993525103667586,17.5,29.4,62.083333333333336,12.737881424648519,43.0,78.0,15.450000000000001,9.291666666666666,14.0,29.5,-0.8347513636596723,-7.58419584016842,1011.7624999999999,1010.0124999999999,0.0,0.0,66.625,428.9583333333333,40.0,1320.0,1419.1375,0.0,0,3,298,10,2024,0,autumn,train
2161292,"Số 46, phố Lưu Quang Vũ",21.0152,105.7999,2024-10-25 00:00:00+00:00,23.895833333333332,3.6347931185272073,19.6,29.9,59.083333333333336,12.16522723269847,38.0,77.0,15.0625,8.700000000000001,11.6,25.6,1.3783309110187547,-8.154676547999408,1009.9041666666667,1008.1583333333333,0.0,0.0,86.70833333333333,361.4583333333333,60.0,1300.0,1377.2124999999999,0.0,0,4,299,10,2024,0,autumn,train
2161292,"Số 46, phố Lưu Quang Vũ",21.0152,105.7999,2024-10-26 00:00:00+00:00,25.816666666666666,3.66507211705151,19.9,31.0,49.916666666666664,16.386411832784606,30.0,76.0,13.770833333333334,17.4875,23.8,45.4,1.9166853492185734,-16.796583587905552,1008.7583333333333,1007.0291666666667,8.2,8.2,97.45833333333333,835.0,195.0,1595.0,1233.9583333333333,177.94,0,5,300,10,2024,1,autumn,train
2161292,"Số 46, phố Lưu Quang Vũ",21.0152,105.7999,2024-10-27 00:00:00+00:00,21.0625,1.2303454799364275,19.8,23.5,79.16666666666667,9.07776388222614,62.0,88.0,17.220833333333335,17.245833333333334,22.7,42.5,5.005745438414235,-15.788545433901142,1011.2375000000001,1009.4541666666668,21.3,21.3,100.0,854.1666666666666,625.0,1115.0,1658.7250000000001,328.39,0,6,301,10,2024,1,autumn,train
2161292,"Số 46, phố Lưu Quang Vũ",21.0152,105.7999,2024-10-28 00:00:00+00:00,20.916666666666668,1.52762010604921,19.1,23.3,76.33333333333333,11.958866700219676,61.0,93.0,16.400000000000002,14.379166666666668,21.1,40.7,0.3734835280262146,-14.128377899832323,1012.0708333333333,1010.2833333333333,6.0,6.0,99.33333333333333,701.6666666666666,185.0,1080.0,1579.5416666666667,79.69,0,0,302,10,2024,0,autumn,train
2161292,"Số 46, phố Lưu Quang Vũ",21.0152,105.7999,2024-10-29 00:00:00+00:00,22.329166666666666,1.6475222942785708,19.6,25.5,75.70833333333333,9.475272930182502,60.0,95.0,17.712500000000002,9.275,13.0,28.1,1.0123380161509312,-8.445450128920077,1011.4666666666667,1009.6958333333333,0.6000000000000001,0.6000000000000001,63.375,377.7083333333333,15.0,920.0,1679.4541666666667,5.69,0,1,303,10,2024,0,autumn,train
2161292,"Số 46, phố Lưu Quang Vũ",21.0152,105.7999,2024-10-30 00:00:00+00:00,24.195833333333336,2.647801248068926,20.2,28.2,74.29166666666667,13.195780506980475,57.0,97.0,19.058333333333334,7.45,13.4,27.7,-1.6404311690170665,-1.421117705447653,1011.6750000000001,1009.9375,0.0,0.0,67.91666666666667,364.375,25.0,1075.0,1767.3291666666667,0.0,0,2,304,10,2024,0,autumn,train
2161292,"Số 46, phố Lưu Quang Vũ",21.0152,105.7999,2024-10-31 00:00:00+00:00,25.295833333333334,2.991942682354185,21.5,29.8,78.375,13.57046825631497,57.0,96.0,20.975,6.0625,9.6,23.8,0.10447189593636967,-3.0564647356593073,1010.3041666666667,1008.5791666666668,0.0,0.0,0.125,322.9166666666667,20.0,1085.0,1943.9750000000001,0.0,0,3,305,10,2024,0,autumn,train
2161292,"Số 46, phố Lưu Quang Vũ",21.0152,105.7999,2024-11-01 00:00:00+00:00,25.05,3.761937521150968,19.8,30.5,56.416666666666664,13.131166598283796,39.0,83.0,15.35,9.966666666666667,16.5,32.8,-4.845883534272287,-7.332374683045042,1014.4166666666666,1012.6750000000001,0.0,0.0,25.458333333333332,471.4583333333333,50.0,1405.0,1383.6208333333334,0.0,0,4,306,11,2024,0,autumn,train
2161292,"Số 46, phố Lưu Quang Vũ",21.0152,105.7999,2024-11-02 00:00:00+00:00,23.520833333333332,3.5265427295282277,18.8,28.8,62.375,17.487417837082056,38.0,92.0,15.25,8.658333333333333,16.5,33.1,-3.4000875052812813,-5.189695744505801,1017.4916666666667,1015.7291666666666,0.0,0.0,14.791666666666666,530.625,15.0,1640.0,1410.3541666666667,0.0,0,5,307,11,2024,1,autumn,train
2161292,"Số 46, phố Lưu Quang Vũ",21.0152,105.7999,2024-11-03 00:00:00+00:00,23.9875,2.142796324188682,21.2,27.5,65.875,10.567844994419955,49.0,84.0,17.025000000000002,8.483333333333333,12.5,26.6,2.029920243143133,-7.108968004620952,1016.9166666666666,1015.15,0.0,0.0,70.45833333333333,370.8333333333333,35.0,1160.0,1560.2458333333334,0.0,0,6,308,11,2024,1,autumn,train
2161292,"Số 46, phố Lưu Quang Vũ",21.0152,105.7999,2024-11-04 00:00:00+00:00,24.191666666666666,1.6072976691022234,22.1,26.9,67.79166666666667,8.433778701650038,56.0,81.0,17.7625,10.8125,15.3,30.6,-0.6576996463180829,-10.156851698311534,1017.875,1016.1125000000001,0.1,0.1,98.04166666666667,536.25,105.0,1140.0,1628.0458333333333,0.6000000000000001,0,0,309,11,2024,0,autumn,train
2161292,"Số 46, phố Lưu Quang Vũ",21.0152,105.7999,2024-11-05 00:00:00+00:00,22.979166666666668,1.6779851185189383,21.1,25.6,77.29166666666667,11.164692665668882,61.0,93.0,18.645833333333332,8.383333333333333,13.0,26.6,2.7312988149971478,-6.635683407531676,1019.0916666666667,1017.3166666666666,1.0,1.0,97.20833333333333,350.4166666666667,40.0,1120.0,1761.2833333333335,7.89,0,1,310,11,2024,0,autumn,train
2161292,"Số 46, phố Lưu Quang Vũ",21.0152,105.7999,2024-11-06 00:00:00+00:00,22.979166666666668,2.153859865181711,20.1,25.9,69.45833333333333,11.332827141295889,53.0,87.0,16.8625,8.141666666666667,13.7,27.4,1.2966221099322344,-6.823616173897679,1019.3583333333332,1017.5833333333334,0.0,0.0,63.833333333333336,295.625,40.0,795.0,1575.7833333333335,0.0,0,2,311,11,2024,0,autumn,train
2161292,"Số 46, phố Lưu Quang Vũ",21.0152,105.7999,2024-11-07 00:00:00+00:00,22.758333333333336,3.882952335604921,17.6,28.4,70.0,18.053061886512797,43.0,94.0,16.4375,8.345833333333333,14.0,29.2,-3.200368584618062,-2.062711234161053,1019.1166666666667,1017.3541666666666,0.0,0.0,25.208333333333332,495.2083333333333,30.0,1890.0,1527.6125,0.0,0,3,312,11,2024,0,autumn,train
2161292,"Số 46, phố Lưu Quang Vũ",21.0152,105.7999,2024-11-08 00:00:00+00:00,22.3,3.6723408007048794,17.2,27.8,69.45833333333333,16.346729939353157,43.0,93.0,15.933333333333332,6.454166666666667,10.3,23.8,-0.616950276424113,-0.7140830733748067,1016.9583333333334,1015.1916666666666,0.0,0.0,3.2916666666666665,496.6666666666667,20.0,1690.0,1492.7208333333335,0.0,0,4,313,11,2024,0,autumn,train
2161292,"Số 46, phố Lưu Quang Vũ",21.0152,105.7999,2024-11-09 00:00:00+00:00,22.370833333333334,3.7057510142628503,17.7,28.2,73.20833333333333,16.32011073776013,45.0,94.0,16.900000000000002,5.854166666666667,8.4,19.1,0.31757531849740045,-1.6391714274697133,1015.35,1013.5833333333334,0.0,0.0,0.2916666666666667,330.8333333333333,25.0,1225.0,1580.3083333333334,0.0,0,5,314,11,2024,1,autumn,train
2161292,"Số 46, phố Lưu Quang Vũ",21.0152,105.7999,2024-11-10 00:00:00+00:00,23.641666666666666,3.55233134307802,18.9,29.4,67.95833333333333,17.89942716272292,38.0,95.0,16.7375,7.05,11.3,25.9,1.7324222594552534,-2.7442317620678587,1015.0749999999999,1013.3166666666666,0.0,0.0,12.791666666666666,320.0,15.0,1205.0,1546.4083333333335,0.0,0,6,315,11,2024,1,autumn,train
2161292,"Số 46, phố Lưu Quang Vũ",21.0152,105.7999,2024-11-11 00:00:00+00:00,25.066666666666666,3.337620431524165,20.6,30.6,73.83333333333333,16.053353074281283,49.0,96.0,19.654166666666665,6.791666666666667,11.1,22.7,-0.8697922365125702,0.4142965702491476,1013.8958333333334,1012.1541666666667,0.0,0.0,45.333333333333336,371.4583333333333,35.0,1615.0,1800.9791666666667,0.0,0,0,316,11,2024,0,autumn,train
2161292,"Số 46, phố Lưu Quang Vũ",21.0152,105.7999,2024-11-12 00:00:00+00:00,26.054166666666664,3.012146304932555,22.0,30.9,73.20833333333333,14.188112497153531,50.0,95.0,20.5625,6.8,13.8,24.5,-3.1754583424034255,5.3329371592463675,1011.8375,1010.125,0.0,0.0,28.333333333333332,495.8333333333333,55.0,1595.0,1866.8500000000001,0.0,0,1,317,11,2024,0,autumn,train
2161292,"Số 46, phố Lưu Quang Vũ",21.0152,105.7999,2024-11-13 00:00:00+00:00,26.704166666666666,3.343843033380014,22.5,32.5,74.16666666666667,18.93620104838686,43.0,97.0,21.079166666666666,8.458333333333334,14.0,31.7,-5.036393311039341,6.588960462079502,1010.6708333333332,1008.9666666666667,0.0,0.0,41.125,576.4583333333334,105.0,1615.0,1920.1041666666667,0.0,0,2,318,11,2024,0,autumn,train
2161292,"Số 46, phố Lưu Quang Vũ",21.0152,105.7999,2024-11-14 00:00:00+00:00,27.204166666666666,2.874850342670661,23.4,31.9,74.70833333333333,17.389349980767626,49.0,97.0,21.8625,7.4624999999999995,15.0,31.0,-1.2347039845496444,5.715292050470997,1010.0583333333334,1008.3583333333332,0.0,0.0,24.791666666666668,511.0416666666667,10.0,1350.0,1984.7875000000001,0.0,0,3,319,11,2024,0,autumn,train
2161292,"Số 46, phố Lưu Quang Vũ",21.0152,105.7999,2024-11-15 00:00:00+00:00,27.541666666666668,2.8655247135660797,24.2,32.1,76.0,17.79105784180454,50.0,97.0,22.458333333333332,8.329166666666667,15.4,31.3,-2.856437664817088,7.03285120139106,1009.4,1007.6999999999999,0.0,0.0,43.5,586.6666666666666,220.0,1260.0,2044.6625000000001,0.0,0,4,320,11,2024,0,autumn,train
2161292,"Số 46, phố Lưu Quang Vũ",21.0152,105.7999,2024-11-16 00:00:00+00:00,27.2,3.386289491720861,23.0,32.6,76.29166666666667,19.1435746211454,46.0,100.0,22.079166666666666,6.491666666666667,12.6,32.0,-2.877967581583659,4.467615388379715,1011.2624999999999,1009.5583333333334,0.30000000000000004,0.30000000000000004,31.25,524.1666666666666,60.0,1455.0,2013.1083333333333,1.32,0,5,321,11,2024,1,autumn,train
2161292,"Số 46, phố Lưu Quang Vũ",21.0152,105.7999,2024-11-17 00:00:00+00:00,27.233333333333334,3.2747607501945093,22.1,32.1,69.125,19.902616170613918,42.0,98.0,20.333333333333332,5.2375,9.4,19.4,-2.8601102038608555,2.062580606735272,1014.1958333333333,1012.475,1.7,1.7,24.833333333333332,522.5,45.0,1505.0,1820.8708333333334,11.280000000000001,0,6,322,11,2024,1,autumn,train
2161292,"Số 46, phố Lưu Quang Vũ",21.0152,105.7999,2024-11-18 00:00:00+00:00,23.849999999999998,1.8007244918788037,21.2,27.8,81.79166666666667,10.274405374380624,62.0,96.0,20.433333333333334,7.058333333333334,16.9,38.5,-1.2764511959090414,-5.167996027347734,1016.775,1015.0124999999999,3.9000000000000004,3.9000000000000004,45.583333333333336,283.5416666666667,30.0,820.0,1939.1499999999999,33.910000000000004,0,0,323,11,2024,0,autumn,train
2161292,"Số 46, phố Lưu Quang Vũ",21.0152,105.7999,2024-11-19 00:00:00+00:00,24.829166666666666,3.300260749470069,20.1,30.0,64.41666666666667,15.667514623984038,42.0,88.0,17.154166666666665,7.9125000000000005,12.5,29.9,-4.530558548609583,-2.140592317650674,1017.4666666666667,1015.7166666666667,0.0,0.0,23.041666666666668,628.9583333333334,15.0,1890.0,1554.1583333333335,0.0,0,1,324,11,2024,0,autumn,train
2161292,"Số 46, phố Lưu Quang Vũ",21.0152,105.7999,2024-11-20 00:00:00+00:00,23.383333333333336,3.243678355719369,18.0,28.2,55.625,11.853498841380496,38.0,74.0,13.629166666666668,8.645833333333334,14.9,34.2,-6.35923284365938,-4.861065917271488,1018.0833333333334,1016.3166666666666,0.0,0.0,4.708333333333333,667.5,25.0,1660.0,1265.6083333333333,0.0,0,2,325,11,2024,0,autumn,train
2161292,"Số 46, phố Lưu Quang Vũ",21.0152,105.7999,2024-11-21 00:00:00+00:00,23.004166666666666,2.7101225973659613,18.4,27.2,54.916666666666664,11.119574071709392,39.0,72.0,13.120833333333332,7.229166666666667,12.2,27.4,-2.5550161611307614,-5.911856856302225,1018.0458333333332,1016.275,0.0,0.0,33.791666666666664,589.7916666666666,40.0,1550.0,1235.6458333333333,0.0,0,3,326,11,2024,0,autumn,train
2161292,"Số 46, phố Lưu Quang Vũ",21.0152,105.7999,2024-11-22 00:00:00+00:00,22.758333333333336,2.1564698743178816,19.9,26.3,57.833333333333336,11.790440736190623,41.0,78.0,13.683333333333332,7.516666666666667,13.8,32.4,-4.614961656023056,-3.9791719420573446,1018.4791666666666,1016.6999999999999,0.0,0.0,69.70833333333333,575.2083333333334,50.0,1565.0,1295.2166666666667,0.0,0,4,327,11,2024,0,autumn,train
2161292,"Số 46, phố Lưu Quang Vũ",21.0152,105.7999,2024-11-23 00:00:00+00:00,22.016666666666666,2.680958080963606,18.1,26.4,65.875,16.850525730412816,44.0,91.0,14.845833333333333,6.429166666666667,12.0,25.2,-3.5193974671118684,1.0604390010030638,1018.3249999999999,1016.5500000000001,0.0,0.0,34.125,516.0416666666666,20.0,1600.0,1408.9958333333334,0.0,0,5,328,11,2024,1,autumn,train
2161292,"Số 46, phố Lưu Quang Vũ",21.0152,105.7999,2024-11-24 00:00:00+00:00,22.729166666666668,2.331351383932144,18.9,26.0,75.45833333333333,13.996829351108696,55.0,93.0,17.904166666666665,5.233333333333333,9.3,20.5,-2.7799421843556953,2.570194903548403,1017.0541666666667,1015.2833333333333,0.0,0.0,63.208333333333336,458.5416666666667,20.0,1165.0,1685.7791666666665,0.0,0,6,329,11,2024,1,autumn,train
2161292,"Số 46, phố Lưu Quang Vũ",21.0152,105.7999,2024-11-25 00:00:00+00:00,24.079166666666666,3.388725445492383,18.8,29.2,71.83333333333333,13.773530590503523,51.0,92.0,18.3875,8.429166666666667,19.7,39.6,-5.441534331349406,-2.663154612495561,1017.3249999999999,1015.5666666666666,1.4,1.4,61.458333333333336,647.0833333333334,105.0,1390.0,1699.0208333333333,23.89,0,0,330,11,2024,0,autumn,train
2161292,"Số 46, phố Lưu Quang Vũ",21.0152,105.7999,2024-11-26 00:00:00+00:00,19.366666666666667,1.1958866700219688,17.9,21.3,69.45833333333333,7.879412727325316,59.0,81.0,13.549999999999999,9.0625,14.7,32.0,-0.716044844688148,-8.601479874838777,1019.725,1017.9250000000001,0.2,0.2,95.16666666666667,464.375,95.0,915.0,1337.4833333333333,2.2800000000000002,0,1,331,11,2024,0,autumn,train
2161292,"Số 46, phố Lưu Quang Vũ",21.0152,105.7999,2024-11-27 00:00:00+00:00,19.333333333333332,1.85652004208591,16.4,23.1,56.625,6.768292444087773,41.0,65.0,10.358333333333333,11.183333333333335,16.1,37.1,-1.4965049405495598,-10.853075004556066,1022.0625,1020.2624999999999,0.0,0.0,98.04166666666667,705.2083333333334,420.0,1445.0,1084.3916666666667,0.0,0,2,332,11,2024,0,autumn,train
2161292,"Số 46, phố Lưu Quang Vũ",21.0152,105.7999,2024-11-28 00:00:00+00:00,18.8875,3.1697363077817013,14.1,23.6,54.916666666666664,14.255179582437266,36.0,78.0,9.1,9.891666666666667,14.1,33.1,0.43430552097526975,-9.705941037023429,1023.6374999999999,1021.8375,0.0,0.0,37.958333333333336,588.3333333333334,80.0,1540.0,994.9583333333334,0.0,0,3,333,11,2024,0,autumn,train
2161292,"Số 46, phố Lưu Quang Vũ",21.0152,105.7999,2024-11-29 00:00:00+00:00,19.375,3.2452306141675713,14.4,24.2,57.791666666666664,15.863491492065691,34.0,80.0,10.170833333333333,5.329166666666667,9.4,25.6,-1.7861433130367617,0.0018177215855062674,1019.6999999999999,1017.9,0.0,0.0,13.208333333333334,470.8333333333333,10.0,1590.0,1072.775,0.0,0,4,334,11,2024,0,autumn,train
2161292,"Số 46, phố Lưu Quang Vũ",21.0152,105.7999,2024-11-30 00:00:00+00:00,20.075,3.3949130743818303,15.6,25.2,66.0,16.32016623956253,43.0,91.0,13.016666666666666,4.570833333333334,13.1,25.2,-2.3453881605686075,2.3822346678089645,1015.6374999999999,1013.8583333333332,0.0,0.0,80.95833333333333,430.8333333333333,35.0,1470.0,1273.0708333333334,0.0,0,5,335,11,2024,1,autumn,train
2161292,"Số 46, phố Lưu Quang Vũ",21.0152,105.7999,2024-12-01 00:00:00+00:00,21.84583333333333,3.213014183742041,16.2,27.6,69.875,17.607588532023442,40.0,89.0,15.533333333333333,7.304166666666667,16.3,32.8,-4.274487792342481,4.24046764033292,1012.6,1010.8333333333334,0.0,0.0,76.0,555.2083333333334,55.0,1740.0,1474.5708333333332,0.0,0,6,336,12,2024,1,winter,train
2161292,"Số 46, phố Lưu Quang Vũ",21.0152,105.7999,2024-12-02 00:00:00+00:00,22.412499999999998,2.5883203383493805,19.1,26.6,79.54166666666667,15.81682969021527,56.0,98.0,18.358333333333334,6.741666666666667,12.4,24.1,-4.034503219868057,4.682062614759195,1013.4291666666667,1011.6625,0.0,0.0,71.33333333333333,458.5416666666667,90.0,1165.0,1744.9583333333333,0.0,0,0,337,12,2024,0,winter,train
2161292,"Số 46, phố Lưu Quang Vũ",21.0152,105.7999,2024-12-03 00:00:00+00:00,22.6875,1.8402061557478218,20.2,25.7,84.0,11.306019943221477,65.0,97.0,19.7,8.775,12.9,24.8,-6.740137730602854,5.329906932845442,1013.9083333333333,1012.1458333333334,1.0,1.0,77.70833333333333,423.9583333333333,170.0,930.0,1885.9208333333333,8.59,0,1,338,12,2024,0,winter,train
2161292,"Số 46, phố Lưu Quang Vũ",21.0152,105.7999,2024-12-04 00:00:00+00:00,23.079166666666666,2.924258236182991,19.5,27.4,75.58333333333333,18.230210632632446,49.0,95.0,18.008333333333333,9.908333333333333,15.6,34.6,-6.994426471937814,6.795388337431416,1014.2833333333333,1012.5208333333334,0.1,0.1,53.75,574.5833333333334,25.0,1400.0,1694.75,1.25,0,2,339,12,2024,0,winter,train
2161292,"Số 46, phố Lưu Quang Vũ",21.0152,105.7999,2024-12-05 00:00:00+00:00,23.291666666666668,2.951184974484517,19.9,27.6,74.16666666666667,17.066791213313667,49.0,94.0,17.945833333333333,7.579166666666667,14.2,30.2,-5.452932998674495,4.256831736325734,1014.0583333333334,1012.3000000000001,0.0,0.0,58.041666666666664,614.5833333333334,65.0,1625.0,1679.375,0.0,0,3,340,12,2024,0,winter,train
2161292,"Số 46, phố Lưu Quang Vũ",21.0152,105.7999,2024-12-06 00:00:00+00:00,21.054166666666667,1.8230359691809532,19.0,24.8,82.58333333333333,8.026676537140641,70.0,95.0,17.908333333333335,11.079166666666666,16.7,37.8,-8.601368104951325,-4.676603749846502,1014.7541666666666,1012.9666666666667,7.7,7.7,98.875,429.5833333333333,210.0,805.0,1734.3999999999999,88.7,0,4,341,12,2024,0,winter,train
2161292,"Số 46, phố Lưu Quang Vũ",21.0152,105.7999,2024-12-07 00:00:00+00:00,18.0625,1.9241740181630969,14.9,20.4,70.66666666666667,3.8410445439236716,65.0,77.0,12.645833333333334,11.783333333333333,14.8,31.7,-2.7161184893609556,-11.354637204647808,1019.5916666666667,1017.7916666666666,0.6000000000000001,0.6000000000000001,100.0,646.4583333333334,380.0,825.0,1271.0291666666667,6.68,0,5,342,12,2024,1,winter,train
2161292,"Số 46, phố Lưu Quang Vũ",21.0152,105.7999,2024-12-08 00:00:00+00:00,16.375,1.5427953173717979,14.2,18.8,69.33333333333333,9.318829310065992,56.0,82.0,10.616666666666667,6.5874999999999995,12.9,28.8,-0.42586284837094457,-5.991114631191451,1020.9125,1019.1125000000001,0.0,0.0,83.08333333333333,370.8333333333333,35.0,730.0,1123.7166666666667,0.0,0,6,343,12,2024,1,winter,train
2161292,"Số 46, phố Lưu Quang Vũ",21.0152,105.7999,2024-12-09 00:00:00+00:00,18.508333333333333,1.6970349248709886,15.3,21.4,75.04166666666667,12.574920404853694,58.0,91.0,13.799999999999999,3.9166666666666665,7.1,16.2,-1.1654024411097423,-0.6814566679315144,1016.75,1014.9499999999999,0.2,0.2,88.58333333333333,277.7083333333333,30.0,860.0,1375.5333333333335,0.35000000000000003,0,0,344,12,2024,0,winter,train
2161292,"Số 46, phố Lưu Quang Vũ",21.0152,105.7999,2024-12-10 00:00:00+00:00,21.483333333333334,2.2970049812871474,17.9,25.3,84.08333333333333,13.236696903968765,64.0,98.0,18.441666666666666,6.4125000000000005,10.9,24.8,-3.6227779934382416,2.050628399018073,1013.6,1011.8291666666668,2.1,2.1,85.83333333333333,392.0833333333333,60.0,1135.0,1780.8458333333335,11.07,0,1,345,12,2024,0,winter,train
2161292,"Số 46, phố Lưu Quang Vũ",21.0152,105.7999,2024-12-11 00:00:00+00:00,18.0625,2.5630845038572274,14.4,22.6,72.16666666666667,11.258491159494055,56.0,97.0,12.795833333333334,11.345833333333333,24.7,49.3,-4.310004882916148,-10.015183888158907,1017.2333333333332,1015.4333333333334,2.3000000000000003,2.3000000000000003,100.0,496.25,140.0,740.0,1302.125,36.699999999999996,0,2,346,12,2024,0,winter,train
2161292,"Số 46, phố Lưu Quang Vũ",21.0152,105.7999,2024-12-12 00:00:00+00:00,16.1875,1.1696571403992522,14.0,17.7,72.04166666666667,3.276784832817014,66.0,76.0,11.125,9.4,14.3,30.6,-2.233384708939002,-8.897420753781008,1019.2541666666666,1017.4541666666668,0.1,0.1,100.0,451.4583333333333,265.0,620.0,1164.7916666666667,1.06,0,3,347,12,2024,0,winter,train
2161292,"Số 46, phố Lưu Quang Vũ",21.0152,105.7999,2024-12-13 00:00:00+00:00,15.679166666666667,1.3383894171294322,13.0,17.5,62.291666666666664,5.195978099049024,54.0,74.0,8.4625,11.016666666666666,14.7,32.8,-1.9995625598713216,-10.723443192160653,1022.5708333333333,1020.7708333333334,0.30000000000000004,0.30000000000000004,99.66666666666667,663.9583333333334,320.0,835.0,971.4041666666667,4.0,0,4,348,12,2024,0,winter,train
2161292,"Số 46, phố Lưu Quang Vũ",21.0152,105.7999,2024-12-14 00:00:00+00:00,14.612499999999999,0.6059936145452063,13.0,15.6,60.541666666666664,8.324814486334457,48.0,73.0,6.929166666666667,8.825000000000001,15.7,33.8,-2.6445987576757557,-8.328016891538613,1026.8500000000001,1025.05,0.4,0.4,99.75,631.25,60.0,1025.0,882.8583333333332,5.57,0,5,349,12,2024,1,winter,train
2161292,"Số 46, phố Lưu Quang Vũ",21.0152,105.7999,2024-12-15 00:00:00+00:00,13.5625,0.6585969936159743,12.6,14.8,66.08333333333333,16.218391778596853,41.0,86.0,6.8999999999999995,7.520833333333333,13.6,30.6,2.1464100967177786,-6.701577849337159,1026.1708333333333,1024.3708333333334,0.30000000000000004,0.30000000000000004,99.75,459.7916666666667,140.0,1000.0,891.7458333333334,2.3200000000000003,0,6,350,12,2024,1,winter,train
2161292,"Số 46, phố Lưu Quang Vũ",21.0152,105.7999,2024-12-16 00:00:00+00:00,15.104166666666666,2.7690022008669115,10.9,19.5,65.83333333333333,14.21776802231039,40.0,86.0,8.4,4.741666666666666,7.6,19.1,-0.4226001995302468,0.6506024443535191,1022.0708333333333,1020.2708333333334,0.0,0.0,33.25,350.625,40.0,1110.0,959.0916666666667,0.0,0,0,351,12,2024,0,winter,train
2161292,"Số 46, phố Lưu Quang Vũ",21.0152,105.7999,2024-12-17 00:00:00+00:00,18.191666666666666,3.1531787503857203,11.3,22.9,58.083333333333336,11.988823297470482,43.0,85.0,9.483333333333333,5.8875,12.0,23.0,-2.394770509799102,-3.722391450857909,1020.5500000000001,1018.75,0.0,0.0,54.208333333333336,460.2083333333333,30.0,1515.0,1027.8166666666666,0.0,0,1,352,12,2024,0,winter,train
2161292,"Số 46, phố Lưu Quang Vũ",21.0152,105.7999,2024-12-18 00:00:00+00:00,18.458333333333332,3.4380121489360507,13.4,23.5,52.375,15.125022457762702,33.0,77.0,7.904166666666666,7.429166666666667,14.4,35.3,-1.4453636664621359,-6.400339778125713,1021.0416666666666,1019.2416666666667,0.0,0.0,39.916666666666664,446.875,15.0,1540.0,922.0708333333333,0.0,0,2,353,12,2024,0,winter,train
2161292,"Số 46, phố Lưu Quang Vũ",21.0152,105.7999,2024-12-19 00:00:00+00:00,17.0,3.8298597999086765,11.3,22.6,52.083333333333336,17.512521400332435,30.0,80.0,6.229166666666667,6.166666666666667,11.0,27.7,-2.7322747738977964,-2.610038326044626,1021.3125,1019.5124999999999,0.0,0.0,16.916666666666668,370.8333333333333,25.0,1315.0,823.3291666666665,0.0,0,3,354,12,2024,0,winter,train
2161292,"Số 46, phố Lưu Quang Vũ",21.0152,105.7999,2024-12-20 00:00:00+00:00,17.099999999999998,3.534303941064787,11.6,23.5,59.75,19.496376474929228,31.0,84.0,8.354166666666666,6.916666666666667,15.1,32.4,-3.803423445017676,2.2372234969132525,1019.0416666666666,1017.2416666666667,0.0,0.0,25.875,535.0,70.0,1805.0,965.5124999999999,0.0,0,4,355,12,2024,0,winter,train
2161292,"Số 46, phố Lưu Quang Vũ",21.0152,105.7999,2024-12-21 00:00:00+00:00,17.133333333333333,2.5662807916222414,13.5,21.4,56.25,11.95735174984684,36.0,70.0,7.9875,6.6625000000000005,11.6,22.3,1.2421613730354322,-5.738612444441831,1020.9125,1019.1125000000001,0.0,0.0,73.95833333333333,375.4166666666667,70.0,1235.0,937.5,0.0,0,5,356,12,2024,1,winter,train
2161292,"Số 46, phố Lưu Quang Vũ",21.0152,105.7999,2024-12-22 00:00:00+00:00,16.9875,3.5637440619565317,12.5,22.3,56.916666666666664,18.563443895876713,32.0,85.0,7.533333333333334,5.9875,10.6,26.6,-2.843720489967115,-0.33575977745175517,1019.8874999999999,1018.0875,0.0,0.0,76.08333333333333,464.375,15.0,1575.0,905.3541666666666,0.0,0,6,357,12,2024,1,winter,train
2161292,"Số 46, phố Lưu Quang Vũ",21.0152,105.7999,2024-12-23 00:00:00+00:00,17.6125,3.213465216188309,12.6,22.5,53.333333333333336,11.893244946704781,37.0,79.0,7.641666666666667,7.108333333333333,10.9,24.5,-3.029935837832916,-5.910132926488976,1020.3000000000001,1018.5,0.0,0.0,70.58333333333333,457.0833333333333,50.0,1420.0,905.2083333333334,0.0,0,0,358,12,2024,0,winter,train
2161292,"Số 46, phố Lưu Quang Vũ",21.0152,105.7999,2024-12-24 00:00:00+00:00,17.841666666666665,2.738758313807422,13.3,22.0,54.083333333333336,15.931692960250967,36.0,85.0,7.845833333333334,6.245833333333334,12.1,29.9,-1.8315262826896614,-1.8812562325668456,1021.0041666666666,1019.2041666666668,0.0,0.0,52.0,433.3333333333333,30.0,1355.0,928.0124999999999,0.0,0,1,359,12,2024,0,winter,train
2161292,"Số 46, phố Lưu Quang Vũ",21.0152,105.7999,2024-12-25 00:00:00+00:00,19.758333333333333,3.202704925618299,13.4,24.6,56.791666666666664,13.821782325976153,37.0,84.0,10.424999999999999,5.225,10.1,19.8,-2.3660413542893957,1.6500383783243422,1020.4333333333334,1018.6416666666668,0.0,0.0,70.54166666666667,441.0416666666667,45.0,1410.0,1080.2541666666666,0.0,0,2,360,12,2024,0,winter,train
2161292,"Số 46, phố Lưu Quang Vũ",21.0152,105.7999,2024-12-26 00:00:00+00:00,20.295833333333334,2.122443048176704,16.6,23.2,53.875,6.700502901307838,45.0,68.0,10.5375,8.929166666666667,12.8,31.0,-3.6410018384190046,-7.308081674848583,1022.3541666666666,1020.5541666666667,0.2,0.2,97.375,634.5833333333334,170.0,1180.0,1081.6375,1.98,0,3,361,12,2024,0,winter,train
2161292,"Số 46, phố Lưu Quang Vũ",21.0152,105.7999,2024-12-27 00:00:00+00:00,17.270833333333332,1.3300798167179975,15.6,19.6,63.541666666666664,7.052468988983906,54.0,76.0,10.2125,11.483333333333334,14.7,30.2,-3.4267417317544715,-10.848538312704756,1025.8541666666667,1024.0541666666666,0.5,0.5,100.0,774.375,455.0,1085.0,1090.75,5.41,0,4,362,12,2024,0,winter,train
2161292,"Số 46, phố Lưu Quang Vũ",21.0152,105.7999,2024-12-28 00:00:00+00:00,16.916666666666668,3.3056824154603945,11.4,21.5,54.625,16.82082689380354,33.0,82.0,7.008333333333333,7.345833333333334,14.5,34.6,-2.50709128271403,-5.792801437385876,1024.8500000000001,1023.0500000000001,0.0,0.0,19.583333333333332,544.375,35.0,1300.0,873.1875,0.0,0,5,363,12,2024,1,winter,train
2161292,"Số 46, phố Lưu Quang Vũ",21.0152,105.7999,2024-12-29 00:00:00+00:00,17.370833333333334,3.5344859003411164,11.9,23.6,64.625,22.04898203309287,37.0,93.0,9.683333333333334,7.970833333333332,15.4,36.0,-4.610262378868523,4.484568283754802,1020.225,1018.4250000000001,0.0,0.0,21.458333333333332,568.3333333333334,70.0,1790.0,1057.9291666666666,0.0,0,6,364,12,2024,1,winter,train
2161292,"Số 46, phố Lưu Quang Vũ",21.0152,105.7999,2024-12-30 00:00:00+00:00,18.7375,2.3241291029021016,13.2,22.3,66.45833333333333,10.069234963671434,52.0,91.0,12.2125,6.004166666666666,10.2,21.2,-0.44911210031112003,-5.22973298664031,1020.9499999999999,1019.15,0.0,0.0,92.16666666666667,472.0833333333333,75.0,1240.0,1225.1125,0.0,0,0,365,12,2024,0,winter,train
2161292,"Số 46, phố Lưu Quang Vũ",21.0152,105.7999,2024-12-31 00:00:00+00:00,17.729166666666668,3.14759800298669,13.1,22.5,69.45833333333333,19.78356622941433,43.0,96.0,11.416666666666666,7.091666666666666,10.2,27.7,1.3800830092925311,-6.18571109771261,1019.9375,1018.1374999999999,0.0,0.0,28.25,436.4583333333333,55.0,1100.0,1172.6458333333333,0.0,0,1,366,12,2024,0,winter,train
2161292,"Số 46, phố Lưu Quang Vũ",21.0152,105.7999,2025-01-01 00:00:00+00:00,18.849999999999998,3.779118829890742,13.0,24.4,66.875,19.077217233949618,42.0,96.0,11.904166666666667,5.9125000000000005,11.6,25.2,-2.3940887721505857,1.5239975552660798,1017.0541666666667,1015.2666666666668,0.0,0.0,6.458333333333333,438.75,45.0,1485.0,1191.825,0.0,0,2,1,1,2025,0,winter,train
2161292,"Số 46, phố Lưu Quang Vũ",21.0152,105.7999,2025-01-02 00:00:00+00:00,19.683333333333334,4.013527849299347,14.0,25.8,62.791666666666664,19.103787848092523,37.0,92.0,11.612499999999999,4.904166666666667,9.9,20.5,-1.5157977529599789,-0.7784303138926735,1019.1750000000001,1017.3958333333334,0.0,0.0,24.0,525.2083333333334,25.0,1840.0,1162.825,0.0,0,3,2,1,2025,0,winter,train
2161292,"Số 46, phố Lưu Quang Vũ",21.0152,105.7999,2025-01-03 00:00:00+00:00,19.979166666666668,4.263697024747491,14.4,26.0,55.875,18.32867200293857,32.0,89.0,10.033333333333333,7.941666666666666,12.1,31.3,-3.477016546646775,-0.4507887651313029,1019.3916666666668,1017.6083333333332,0.0,0.0,13.666666666666666,553.5416666666666,35.0,1940.0,1043.6416666666667,0.0,0,4,3,1,2025,0,winter,train
2161292,"Số 46, phố Lưu Quang Vũ",21.0152,105.7999,2025-01-04 00:00:00+00:00,18.966666666666665,3.618270865754943,14.4,24.6,64.625,16.903337720313004,39.0,89.0,11.558333333333332,7.05,15.9,32.8,-4.210260547794058,2.208085851295009,1019.7875,1018.0,0.0,0.0,41.041666666666664,571.6666666666666,25.0,1840.0,1167.8625,0.0,0,5,4,1,2025,1,winter,train
2161292,"Số 46, phố Lưu Quang Vũ",21.0152,105.7999,2025-01-05 00:00:00+00:00,19.454166666666666,3.8107375945468567,14.4,24.6,56.041666666666664,19.565895720930303,33.0,87.0,9.541666666666666,6.9375,12.0,28.4,-2.5625799056243763,0.15155719999342956,1019.1916666666666,1017.3958333333334,0.0,0.0,0.0,527.7083333333334,10.0,1805.0,1019.8916666666668,0.0,0,6,5,1,2025,1,winter,train
2161292,"Số 46, phố Lưu Quang Vũ",21.0152,105.7999,2025-01-06 00:00:00+00:00,19.058333333333334,3.840846449583133,14.2,24.7,65.375,24.24478877220207,34.0,97.0,11.25,7.291666666666667,14.5,30.6,-5.810850556438329,3.52523689576719,1017.4666666666667,1015.6791666666667,0.0,0.0,2.9166666666666665,553.125,65.0,1675.0,1157.5,0.0,0,0,6,1,2025,0,winter,train
2161292,"Số 46, phố Lưu Quang Vũ",21.0152,105.7999,2025-01-07 00:00:00+00:00,18.9625,3.149163104837468,14.1,24.0,77.95833333333333,20.230152198414487,47.0,98.0,14.445833333333333,6.083333333333333,13.4,30.6,-3.8166198876676867,3.1619499387475685,1017.225,1015.4333333333334,0.0,0.0,54.25,500.625,35.0,1550.0,1419.845833333333,0.0,0,1,7,1,2025,0,winter,train
2161292,"Số 46, phố Lưu Quang Vũ",21.0152,105.7999,2025-01-08 00:00:00+00:00,19.6375,2.4565462676728465,15.9,23.6,71.08333333333333,11.301853124951279,56.0,98.0,14.066666666666668,7.5249999999999995,13.6,32.4,-4.910059649359591,2.361254026655238,1018.525,1016.725,0.6000000000000001,0.6000000000000001,68.45833333333333,477.9166666666667,10.0,1005.0,1377.9958333333334,6.65,0,2,8,1,2025,0,winter,train
2161292,"Số 46, phố Lưu Quang Vũ",21.0152,105.7999,2025-01-09 00:00:00+00:00,18.349999999999998,3.0510155116245996,13.8,23.0,50.5,5.15836172172657,43.0,57.0,7.770833333333333,13.483333333333333,19.9,42.5,-7.302061107321684,-11.13425125183167,1023.5124999999999,1021.7125,0.0,0.0,99.625,771.25,310.0,1530.0,912.7624999999999,0.0,0,3,9,1,2025,0,winter,train
2161292,"Số 46, phố Lưu Quang Vũ",21.0152,105.7999,2025-01-10 00:00:00+00:00,16.091666666666665,1.9016964204000375,13.5,19.5,42.666666666666664,5.321544942938107,34.0,55.0,3.275,11.954166666666666,15.6,34.9,-5.728572011770922,-10.32713884056395,1028.5416666666667,1026.7416666666666,0.0,0.0,89.58333333333333,769.5833333333334,240.0,1165.0,679.1083333333333,0.0,0,4,10,1,2025,0,winter,train
2161292,"Số 46, phố Lưu Quang Vũ",21.0152,105.7999,2025-01-11 00:00:00+00:00,14.391666666666666,2.677590848808529,9.9,18.2,47.958333333333336,14.833801490739543,30.0,73.0,2.8708333333333336,10.729166666666666,16.7,40.0,0.2558814369307582,-10.08799218853876,1030.1708333333333,1028.3458333333333,0.0,0.0,38.916666666666664,640.4166666666666,55.0,1575.0,654.8083333333333,0.0,0,5,11,1,2025,1,winter,train
2161292,"Số 46, phố Lưu Quang Vũ",21.0152,105.7999,2025-01-12 00:00:00+00:00,14.658333333333333,3.8895530833767795,9.7,20.1,46.708333333333336,20.682862401066476,21.0,80.0,1.9124999999999999,6.1625000000000005,11.5,31.0,-3.295925225471654,-0.06133193016903252,1024.9208333333333,1023.1083333333332,0.0,0.0,16.916666666666668,490.2083333333333,20.0,1560.0,608.775,0.0,0,6,12,1,2025,1,winter,train
2161292,"Số 46, phố Lưu Quang Vũ",21.0152,105.7999,2025-01-13 00:00:00+00:00,15.908333333333333,3.6762358663349586,9.6,21.0,63.583333333333336,22.033406783626397,37.0,96.0,8.104166666666666,5.304166666666666,12.6,24.5,-2.9344429377210806,2.4686332845625194,1020.9375,1019.1333333333333,0.0,0.0,1.75,514.375,35.0,1490.0,939.4416666666666,0.0,0,0,13,1,2025,0,winter,train
2161292,"Số 46, phố Lưu Quang Vũ",21.0152,105.7999,2025-01-14 00:00:00+00:00,18.875,3.302206113705095,11.1,24.1,65.95833333333333,14.659851018480987,45.0,97.0,11.983333333333334,6.9125000000000005,12.2,27.7,-1.420638121195106,-0.46873296145979343,1021.9041666666667,1020.1041666666666,0.1,0.1,59.375,544.375,30.0,1580.0,1199.8166666666666,1.2000000000000002,0,1,14,1,2025,0,winter,train
2161292,"Số 46, phố Lưu Quang Vũ",21.0152,105.7999,2025-01-15 00:00:00+00:00,18.729166666666668,2.8093754785913094,14.8,22.9,48.166666666666664,13.35035145821903,32.0,78.0,7.041666666666667,10.174999999999999,16.1,38.2,-5.604420285891642,-5.808792151379883,1025.1375,1023.3375,0.0,0.0,59.541666666666664,624.375,130.0,1450.0,874.9083333333333,0.0,0,2,15,1,2025,0,winter,train
2161292,"Số 46, phố Lưu Quang Vũ",21.0152,105.7999,2025-01-16 00:00:00+00:00,17.724999999999998,3.7434290255813885,12.6,23.3,56.583333333333336,21.69535447502763,31.0,91.0,7.8875,7.970833333333334,13.5,31.7,-4.001696122324586,-0.8141697437672977,1024.0208333333333,1022.2208333333333,0.0,0.0,14.333333333333334,585.2083333333334,35.0,1740.0,929.7208333333333,0.0,0,3,16,1,2025,0,winter,train
2161292,"Số 46, phố Lưu Quang Vũ",21.0152,105.7999,2025-01-17 00:00:00+00:00,17.283333333333335,3.6431790545056115,12.4,22.8,66.375,22.782167893180038,33.0,92.0,9.916666666666666,8.091666666666667,16.0,32.8,-6.356549590267469,4.029503043436082,1019.4791666666666,1017.6791666666667,0.0,0.0,8.125,631.4583333333334,50.0,1575.0,1068.3708333333334,0.0,0,4,17,1,2025,0,winter,train
2161292,"Số 46, phố Lưu Quang Vũ",21.0152,105.7999,2025-01-18 00:00:00+00:00,17.8875,2.7645759954797064,13.6,22.0,68.95833333333333,13.948598703708607,47.0,87.0,11.775,4.933333333333334,9.5,20.2,-0.4885143171591853,-0.5746709126331601,1018.6666666666666,1016.8666666666667,0.0,0.0,83.04166666666667,483.75,80.0,1465.0,1199.2291666666667,0.0,0,5,18,1,2025,1,winter,train
2161292,"Số 46, phố Lưu Quang Vũ",21.0152,105.7999,2025-01-19 00:00:00+00:00,18.795833333333334,3.665168501573634,13.6,24.0,62.083333333333336,18.91839837569368,37.0,87.0,10.65,7.020833333333333,14.1,28.1,-0.7701307511031494,1.9938587759126714,1015.7833333333333,1013.9958333333334,0.0,0.0,12.791666666666666,603.9583333333334,65.0,1845.0,1101.0375000000001,0.0,0,6,19,1,2025,1,winter,train
2161292,"Số 46, phố Lưu Quang Vũ",21.0152,105.7999,2025-01-20 00:00:00+00:00,19.408333333333335,4.273672350838192,13.5,25.9,59.583333333333336,19.743830443450182,33.0,88.0,10.433333333333334,5.595833333333334,12.9,28.1,-1.9946759244820031,1.9806326569425619,1015.525,1013.7458333333334,0.0,0.0,13.75,625.0,15.0,2090.0,1076.3833333333334,0.0,0,0,20,1,2025,0,winter,train
2161292,"Số 46, phố Lưu Quang Vũ",21.0152,105.7999,2025-01-21 00:00:00+00:00,19.5375,3.890882597985239,13.6,25.9,68.75,22.57403279260795,35.0,94.0,12.683333333333332,8.966666666666667,17.1,40.7,-6.367165121089027,5.463550757440799,1014.6833333333334,1012.9083333333333,0.0,0.0,33.208333333333336,691.875,55.0,1955.0,1261.8041666666666,0.0,0,1,21,1,2025,0,winter,train
2161292,"Số 46, phố Lưu Quang Vũ",21.0152,105.7999,2025-01-22 00:00:00+00:00,19.333333333333332,2.444633282121874,15.9,22.9,81.375,12.139810542178983,65.0,97.0,15.887500000000001,8.554166666666667,12.8,25.6,-6.085845896055464,4.69861270310885,1015.1333333333333,1013.3333333333334,1.1,1.1,78.95833333333333,463.9583333333333,140.0,915.0,1546.4791666666667,10.57,0,2,22,1,2025,0,winter,train
2161292,"Số 46, phố Lưu Quang Vũ",21.0152,105.7999,2025-01-23 00:00:00+00:00,19.9375,2.1952146572270226,16.9,24.1,81.83333333333333,14.067126855581227,58.0,98.0,16.491666666666667,10.595833333333333,13.6,31.3,-5.7446727879506705,8.728725671927457,1012.9,1011.1166666666667,1.7,1.7,75.04166666666667,548.75,250.0,1240.0,1602.9291666666668,16.42,0,3,23,1,2025,0,winter,train
2161292,"Số 46, phố Lưu Quang Vũ",21.0152,105.7999,2025-01-24 00:00:00+00:00,21.78333333333333,2.618938827027112,18.6,27.1,80.83333333333333,15.440394978803143,53.0,96.0,17.995833333333334,12.3375,15.7,36.7,-5.195244239383277,10.639309497442966,1010.2708333333334,1008.5041666666666,1.2000000000000002,1.2000000000000002,73.25,621.0416666666666,175.0,1280.0,1722.6208333333334,12.24,0,4,24,1,2025,0,winter,train
2161292,"Số 46, phố Lưu Quang Vũ",21.0152,105.7999,2025-01-25 00:00:00+00:00,20.554166666666667,3.2092230085864393,14.0,24.7,84.45833333333333,7.046301321887997,73.0,97.0,17.775000000000002,15.362499999999999,25.4,49.3,-10.405934430695238,0.655907932094283,1014.725,1012.9499999999999,14.5,14.5,90.79166666666667,615.2083333333334,245.0,1105.0,1727.4666666666665,268.35,0,5,25,1,2025,1,winter,train
2161292,"Số 46, phố Lưu Quang Vũ",21.0152,105.7999,2025-01-26 00:00:00+00:00,13.887500000000001,0.8331775216655175,12.4,15.0,65.0,7.700931620660386,56.0,82.0,7.354166666666667,14.458333333333334,21.8,47.5,-2.559214714835835,-14.100400865023294,1025.6958333333334,1023.8958333333334,2.8000000000000003,2.8000000000000003,99.66666666666667,1155.2083333333333,350.0,1530.0,903.3625000000001,51.24,0,6,26,1,2025,1,winter,train
2161292,"Số 46, phố Lưu Quang Vũ",21.0152,105.7999,2025-01-27 00:00:00+00:00,14.195833333333333,2.2427621104472872,10.1,17.7,53.666666666666664,9.639892957490972,38.0,69.0,4.670833333333333,7.925,14.2,33.1,-4.339477468342378,-5.715418798757166,1023.1999999999999,1021.3958333333334,0.0,0.0,53.375,639.7916666666666,25.0,1390.0,749.5124999999999,0.0,0,0,27,1,2025,0,winter,train
2161292,"Số 46, phố Lưu Quang Vũ",21.0152,105.7999,2025-01-28 00:00:00+00:00,13.15,2.8961743882156896,9.2,17.9,60.041666666666664,13.898636675921683,39.0,82.0,5.170833333333333,6.9125000000000005,12.6,28.4,-0.7405626090607721,-6.102968043599048,1025.1083333333333,1023.2791666666667,0.0,0.0,23.958333333333332,450.0,55.0,1380.0,755.3833333333333,0.0,0,1,28,1,2025,0,winter,train
2161292,"Số 46, phố Lưu Quang Vũ",21.0152,105.7999,2025-01-29 00:00:00+00:00,14.433333333333332,2.9755038545439323,9.6,19.1,67.25,14.6799182559032,44.0,84.0,8.033333333333333,4.825,9.3,24.5,-1.0837250060977748,-1.246212754485985,1021.2083333333334,1019.4041666666667,0.0,0.0,45.25,350.8333333333333,40.0,1115.0,930.9,0.0,0,2,29,1,2025,0,winter,train
2161292,"Số 46, phố Lưu Quang Vũ",21.0152,105.7999,2025-01-30 00:00:00+00:00,18.337500000000002,3.1998386508235614,11.1,23.6,76.375,16.86986636889421,52.0,96.0,13.725,11.345833333333333,18.5,41.8,-4.7152461985357625,9.90385434034829,1014.1708333333332,1012.3833333333333,0.0,0.0,63.125,628.75,40.0,1445.0,1362.0833333333333,0.0,0,3,30,1,2025,0,winter,train
2161292,"Số 46, phố Lưu Quang Vũ",21.0152,105.7999,2025-01-31 00:00:00+00:00,21.0625,2.7096947525826427,17.5,26.5,81.83333333333333,16.719337064730098,52.0,99.0,17.4375,11.549999999999999,18.2,41.4,-4.252737861466884,10.251663793998654,1011.6,1009.8291666666668,0.7,0.7,78.79166666666667,563.3333333333334,140.0,1255.0,1681.8791666666666,4.7,0,4,31,1,2025,0,winter,train
2161292,"Số 46, phố Lưu Quang Vũ",21.0152,105.7999,2025-02-01 00:00:00+00:00,21.275000000000002,2.2874420876489587,19.0,25.8,85.45833333333333,11.63569906596175,64.0,98.0,18.545833333333334,11.137500000000001,16.9,38.9,-7.055585356619879,7.604390313367613,1010.5416666666666,1008.7708333333334,3.3,3.3,94.0,560.625,210.0,1075.0,1792.7833333333335,31.64,0,5,32,2,2025,1,winter,train
2161292,"Số 46, phố Lưu Quang Vũ",21.0152,105.7999,2025-02-02 00:00:00+00:00,19.712500000000002,3.0422120813358955,14.2,23.5,79.66666666666667,7.038198056609234,72.0,94.0,16.025000000000002,13.4375,18.8,39.2,-10.270929900969461,-0.4931396257425931,1013.6083333333332,1011.8291666666668,1.9,1.9,99.0,554.375,275.0,825.0,1566.7124999999999,28.93,0,6,33,2,2025,1,winter,train
2161292,"Số 46, phố Lưu Quang Vũ",21.0152,105.7999,2025-02-03 00:00:00+00:00,15.229166666666666,1.2135034320965654,13.4,17.4,65.95833333333333,9.195836329399377,55.0,86.0,8.7875,11.8375,19.6,42.5,-4.327313052087379,-10.758711227633244,1022.4458333333333,1020.6458333333334,3.0,3.0,100.0,865.8333333333334,700.0,1060.0,999.4791666666666,52.2,0,0,34,2,2025,0,winter,train
2161292,"Số 46, phố Lưu Quang Vũ",21.0152,105.7999,2025-02-04 00:00:00+00:00,14.795833333333334,2.220552059573331,12.2,18.6,65.0,17.209704037068107,44.0,91.0,7.783333333333334,6.8500000000000005,13.8,30.6,-3.242365040121675,0.15194557617584867,1020.3833333333333,1018.5833333333334,0.0,0.0,75.5,487.5,50.0,1075.0,930.1999999999999,0.0,0,1,35,2,2025,0,winter,train
2161292,"Số 46, phố Lưu Quang Vũ",21.0152,105.7999,2025-02-05 00:00:00+00:00,16.854166666666668,1.7771445505707149,13.1,19.5,80.25,9.547364762752263,64.0,91.0,13.316666666666668,6.183333333333334,11.4,27.7,-5.055481530101639,2.375521152263468,1016.0541666666667,1014.2541666666666,1.4,1.4,98.0,427.5,70.0,1055.0,1338.1541666666667,4.8,0,2,36,2,2025,0,winter,train
2161292,"Số 46, phố Lưu Quang Vũ",21.0152,105.7999,2025-02-06 00:00:00+00:00,17.016666666666666,2.7818771683361856,12.9,21.5,83.45833333333333,6.406377031260856,70.0,92.0,14.154166666666667,9.174999999999999,16.2,32.8,-5.783436354287069,-4.928225647926316,1016.1958333333333,1014.3958333333334,4.6,4.6,100.0,471.0416666666667,150.0,795.0,1406.8208333333332,58.36,0,3,37,2,2025,0,winter,train
2161292,"Số 46, phố Lưu Quang Vũ",21.0152,105.7999,2025-02-07 00:00:00+00:00,13.8125,1.5632498200863478,11.1,16.0,73.70833333333333,7.980842097154298,63.0,92.0,9.112499999999999,10.883333333333333,16.2,32.8,-3.840965006691525,-9.983215247901134,1023.0375,1021.2375000000001,2.4,2.4,100.0,709.7916666666666,620.0,790.0,1009.1708333333332,35.45,0,4,38,2,2025,0,winter,train
2161292,"Số 46, phố Lưu Quang Vũ",21.0152,105.7999,2025-02-08 00:00:00+00:00,13.379166666666668,1.327625918589323,11.0,15.8,64.16666666666667,7.197020317414378,54.0,82.0,6.641666666666667,7.870833333333334,11.4,27.0,-3.7845681236496542,-6.500953981812735,1025.0583333333334,1023.2583333333333,0.1,0.1,99.66666666666667,669.1666666666666,85.0,995.0,852.6458333333334,0.8800000000000001,0,5,39,2,2025,1,winter,train
2161292,"Số 46, phố Lưu Quang Vũ",21.0152,105.7999,2025-02-09 00:00:00+00:00,12.929166666666667,1.8871370463970174,9.9,16.0,67.16666666666667,12.801720898809446,53.0,89.0,6.720833333333334,4.058333333333334,7.6,17.6,-2.1122102252092776,-1.428061897998248,1021.9583333333334,1020.1583333333333,0.0,0.0,36.0,378.125,20.0,880.0,848.7791666666667,0.0,0,6,40,2,2025,1,winter,train
2161292,"Số 46, phố Lưu Quang Vũ",21.0152,105.7999,2025-02-10 00:00:00+00:00,15.229166666666666,2.9290863936472187,10.3,19.8,79.125,15.034200142110768,58.0,97.0,11.316666666666668,4.333333333333333,11.5,22.0,-2.2423482295285617,1.6293836917314402,1019.2375000000001,1017.4375,0.0,0.0,69.33333333333333,391.0416666666667,15.0,1275.0,1167.6458333333333,0.0,0,0,41,2,2025,0,winter,train
2161292,"Số 46, phố Lưu Quang Vũ",21.0152,105.7999,2025-02-11 00:00:00+00:00,18.566666666666666,3.0666036540470127,13.1,24.1,82.04166666666667,15.267126282556795,55.0,97.0,15.133333333333333,9.0,16.3,34.2,-5.388233167617394,6.300644834613519,1015.9083333333333,1014.1208333333334,0.0,0.0,66.375,514.7916666666666,15.0,1260.0,1481.5208333333333,0.0,0,1,42,2,2025,0,winter,train
2161292,"Số 46, phố Lưu Quang Vũ",21.0152,105.7999,2025-02-12 00:00:00+00:00,19.916666666666668,2.0965119410202684,16.5,22.9,85.04166666666667,8.985394751516468,71.0,97.0,17.208333333333332,5.7250000000000005,13.9,27.4,-3.075642691749064,-1.9581684852165775,1017.0708333333333,1015.2708333333334,3.2,3.2,100.0,351.875,45.0,790.0,1679.9458333333332,29.700000000000003,0,2,43,2,2025,0,winter,train
2161292,"Số 46, phố Lưu Quang Vũ",21.0152,105.7999,2025-02-13 00:00:00+00:00,18.875,1.9676182910133855,16.4,23.0,77.0,7.929033056898633,64.0,87.0,14.633333333333333,6.5,12.9,26.6,-3.436805354789758,1.987390865365871,1017.0916666666667,1015.2916666666666,0.7,0.7,84.54166666666667,381.4583333333333,105.0,970.0,1440.2333333333333,5.5,0,3,44,2,2025,0,winter,train
2161292,"Số 46, phố Lưu Quang Vũ",21.0152,105.7999,2025-02-14 00:00:00+00:00,19.629166666666666,1.5577238597352263,17.4,22.8,85.54166666666667,7.541071119091007,71.0,95.0,17.066666666666666,9.091666666666667,13.8,27.7,-7.0412878062736795,5.15059362500684,1013.9125,1012.1166666666667,0.6000000000000001,0.6000000000000001,91.875,429.5833333333333,70.0,850.0,1669.9125000000001,4.99,0,4,45,2,2025,0,winter,train
2161292,"Số 46, phố Lưu Quang Vũ",21.0152,105.7999,2025-02-15 00:00:00+00:00,20.625,2.478297101184428,16.4,25.2,87.91666666666667,8.376554582086035,70.0,99.0,18.470833333333335,10.695833333333333,15.9,34.2,-8.507393080668553,2.6648884152621224,1013.0208333333334,1011.2416666666667,6.2,6.2,96.70833333333333,403.3333333333333,215.0,830.0,1795.8999999999999,68.43,0,5,46,2,2025,1,winter,train
2161292,"Số 46, phố Lưu Quang Vũ",21.0152,105.7999,2025-02-16 00:00:00+00:00,16.916666666666668,1.3550763388303901,15.5,19.1,85.08333333333333,5.266107106579869,76.0,93.0,14.3375,6.8999999999999995,10.8,24.8,-2.0220053243976754,-5.5269427136646945,1017.8041666666667,1016.0041666666666,2.1,2.1,100.0,306.0416666666667,55.0,465.0,1433.1625000000001,14.42,0,6,47,2,2025,1,winter,train
2161292,"Số 46, phố Lưu Quang Vũ",21.0152,105.7999,2025-02-17 00:00:00+00:00,18.704166666666666,2.2483770314078373,15.7,22.3,85.5,8.134734970696844,71.0,95.0,16.141666666666666,6.3,10.1,19.8,-4.002704174340032,-0.6651407063812455,1018.8291666666668,1017.0291666666667,2.9,2.9,99.625,376.0416666666667,155.0,830.0,1583.8625,21.5,0,0,48,2,2025,0,winter,train
2161292,"Số 46, phố Lưu Quang Vũ",21.0152,105.7999,2025-02-18 00:00:00+00:00,17.008333333333333,0.9636509681444817,15.7,19.0,87.95833333333333,4.6948553403344215,78.0,93.0,14.9625,4.641666666666667,9.7,21.6,-1.8477698799123454,-3.6900955428614997,1019.4958333333334,1017.6958333333333,1.7,1.7,100.0,206.04166666666666,20.0,600.0,1492.3125,12.459999999999999,0,1,49,2,2025,0,winter,train
2161292,"Số 46, phố Lưu Quang Vũ",21.0152,105.7999,2025-02-19 00:00:00+00:00,18.0625,1.1239729611477773,16.1,20.1,90.70833333333333,5.077479404335312,81.0,96.0,16.516666666666666,4.2625,8.7,17.3,-3.1056764517457967,0.24483267735839734,1018.3166666666666,1016.5166666666668,0.5,0.5,100.0,228.33333333333334,15.0,535.0,1634.5458333333333,3.21,0,2,50,2,2025,0,winter,train
2161292,"Số 46, phố Lưu Quang Vũ",21.0152,105.7999,2025-02-20 00:00:00+00:00,19.808333333333334,1.9232935218043272,17.8,23.1,88.45833333333333,8.293418903048927,74.0,97.0,17.754166666666666,6.595833333333334,10.9,23.4,-4.667992670626889,4.112617209263612,1018.5458333333332,1016.7458333333334,0.5,0.5,90.33333333333333,340.0,85.0,800.0,1737.2,1.75,0,3,51,2,2025,0,winter,train
2161292,"Số 46, phố Lưu Quang Vũ",21.0152,105.7999,2025-02-21 00:00:00+00:00,19.704166666666666,1.6786327683607545,17.5,22.0,85.375,7.215999734888646,74.0,96.0,17.1125,9.508333333333333,15.3,35.6,-8.265736792940883,4.19427711527788,1019.6125000000001,1017.8125,1.2,1.2,98.33333333333333,515.625,150.0,785.0,1671.2375,10.5,0,4,52,2,2025,0,winter,train
2161292,"Số 46, phố Lưu Quang Vũ",21.0152,105.7999,2025-02-22 00:00:00+00:00,19.383333333333333,1.5398098885101443,16.4,21.6,85.95833333333333,5.952560038713824,77.0,96.0,16.925,7.466666666666666,12.7,23.8,-5.747982793044781,0.906049765177466,1020.7208333333333,1018.9208333333332,2.6,2.6,100.0,439.1666666666667,105.0,635.0,1658.4958333333334,21.42,0,5,53,2,2025,1,winter,train
2161292,"Số 46, phố Lưu Quang Vũ",21.0152,105.7999,2025-02-23 00:00:00+00:00,15.620833333333335,1.704974605616491,12.6,17.8,77.54166666666667,6.164267061524597,69.0,90.0,11.6625,10.5625,16.1,33.5,-4.319172270744953,-9.417756651713512,1025.9708333333333,1024.1708333333333,1.7000000000000002,1.7000000000000002,100.0,578.5416666666666,445.0,750.0,1205.1666666666667,19.77,0,6,54,2,2025,1,winter,train
2161292,"Số 46, phố Lưu Quang Vũ",21.0152,105.7999,2025-02-24 00:00:00+00:00,13.512500000000001,0.9284454047305191,12.4,15.1,82.875,7.097534783289192,71.0,91.0,10.595833333333333,6.1625000000000005,11.5,24.8,-0.5022533654416288,-5.685756327904342,1026.7875000000001,1024.9875,0.6000000000000001,0.6000000000000001,95.16666666666667,349.1666666666667,120.0,555.0,1114.075,6.32,0,0,55,2,2025,0,winter,train
2161292,"Số 46, phố Lưu Quang Vũ",21.0152,105.7999,2025-02-25 00:00:00+00:00,14.258333333333333,0.7088978994778143,13.2,15.6,92.66666666666667,3.279271746654391,87.0,97.0,13.070833333333333,5.3374999999999995,9.0,19.1,0.01974394837740417,-5.166026107731814,1025.1499999999999,1023.35,10.2,10.2,100.0,228.95833333333334,30.0,310.0,1320.1875,55.19,0,1,56,2,2025,0,winter,train
2161292,"Số 46, phố Lưu Quang Vũ",21.0152,105.7999,2025-02-26 00:00:00+00:00,16.008333333333333,1.5381854546034506,13.7,19.1,87.0,7.610061989120778,73.0,96.0,13.770833333333334,6.079166666666667,10.8,20.5,-2.823180178803954,0.6114183271371844,1020.7916666666666,1018.9916666666667,0.7,0.7,90.5,303.9583333333333,20.0,775.0,1382.8541666666667,4.76,0,2,57,2,2025,0,winter,train
2161292,"Số 46, phố Lưu Quang Vũ",21.0152,105.7999,2025-02-27 00:00:00+00:00,19.087500000000002,2.2727712446339123,15.4,23.5,86.0,10.333567084780176,67.0,96.0,16.579166666666666,8.283333333333333,16.2,32.0,-3.708641754559757,5.611353176149296,1015.6374999999999,1013.8416666666667,0.0,0.0,72.83333333333333,447.9166666666667,65.0,945.0,1620.7250000000001,0.0,0,3,58,2,2025,0,winter,train
2161292,"Số 46, phố Lưu Quang Vũ",21.0152,105.7999,2025-02-28 00:00:00+00:00,21.395833333333332,1.8972472430996643,18.8,25.1,85.66666666666667,9.635381658769143,70.0,96.0,18.791666666666668,12.704166666666666,16.3,38.2,-5.03167853437029,11.332170508923944,1013.3708333333334,1011.5916666666667,0.8,0.8,90.5,626.0416666666666,280.0,1030.0,1816.3374999999999,10.190000000000001,0,4,59,2,2025,0,winter,train
2161292,"Số 46, phố Lưu Quang Vũ",21.0152,105.7999,2025-03-01 00:00:00+00:00,23.320833333333336,2.423253143421349,20.2,28.3,84.45833333333333,10.745996895372818,64.0,96.0,20.404166666666665,14.862499999999999,19.5,38.5,-6.580306713306225,13.08845867231665,1009.5166666666668,1007.7624999999999,0.30000000000000004,0.30000000000000004,77.0,702.5,405.0,960.0,1945.0041666666666,4.4,0,5,60,3,2025,1,spring,train
2161292,"Số 46, phố Lưu Quang Vũ",21.0152,105.7999,2025-03-02 00:00:00+00:00,23.77916666666667,2.4773722345271008,20.8,28.5,87.45833333333333,9.982502808356259,68.0,97.0,21.40416666666667,12.5,16.6,34.6,-6.711055442737558,10.05244694356264,1007.9250000000001,1006.1999999999999,0.5,0.5,68.66666666666667,521.875,300.0,895.0,2056.391666666667,6.28,0,6,61,3,2025,1,spring,train
2161292,"Số 46, phố Lưu Quang Vũ",21.0152,105.7999,2025-03-03 00:00:00+00:00,24.45,2.1135175707192806,20.9,28.8,89.20833333333333,9.127022309158885,70.0,97.0,22.462500000000002,8.691666666666666,14.4,30.6,-5.013592681406732,6.75555073909424,1007.1458333333334,1005.4416666666666,0.5,0.5,82.5,443.75,215.0,800.0,2163.4791666666665,2.79,0,0,62,3,2025,0,spring,train
2161292,"Số 46, phố Lưu Quang Vũ",21.0152,105.7999,2025-03-04 00:00:00+00:00,25.195833333333336,2.6455013770988445,22.2,29.8,86.70833333333333,12.127866462306386,67.0,97.0,22.641666666666666,10.816666666666668,13.9,29.5,-8.466147485448463,6.478578843461414,1006.3208333333333,1004.6208333333334,1.6,1.6,73.375,527.2916666666666,215.0,955.0,2154.633333333333,17.85,0,1,63,3,2025,0,spring,train
2161292,"Số 46, phố Lưu Quang Vũ",21.0152,105.7999,2025-03-05 00:00:00+00:00,20.6875,3.9203274597033784,13.9,25.0,84.375,4.9061850937274105,77.0,95.0,17.945833333333333,12.766666666666666,19.2,39.6,-9.405807424724834,-3.9920752876269288,1011.7125,1009.9708333333333,5.8,5.8,100.0,546.0416666666666,400.0,675.0,1755.0791666666667,77.87,0,2,64,3,2025,0,spring,train
2161292,"Số 46, phố Lưu Quang Vũ",21.0152,105.7999,2025-03-06 00:00:00+00:00,14.783333333333333,1.261354229688719,13.1,17.0,69.08333333333333,6.114250401399545,56.0,84.0,9.133333333333333,11.291666666666666,17.4,39.6,-4.862373970809531,-9.745878322234736,1021.3249999999999,1019.525,1.3,1.3,100.0,769.5833333333334,620.0,935.0,1016.375,21.27,0,3,65,3,2025,0,spring,train
2161292,"Số 46, phố Lưu Quang Vũ",21.0152,105.7999,2025-03-07 00:00:00+00:00,15.595833333333333,1.1969087599771948,13.2,17.8,70.04166666666667,10.514913494513465,55.0,87.0,10.025,5.6875,12.1,27.4,-2.96127557598693,-2.8495616257720955,1020.5749999999999,1018.775,0.0,0.0,85.66666666666667,506.6666666666667,60.0,995.0,1084.7250000000001,0.0,0,4,66,3,2025,0,spring,train
2161292,"Số 46, phố Lưu Quang Vũ",21.0152,105.7999,2025-03-08 00:00:00+00:00,16.349999999999998,1.1232716191708851,14.5,18.5,78.83333333333333,8.519372637989692,66.0,91.0,12.612499999999999,4.533333333333333,9.0,17.3,-3.009546072369018,0.5961900733839993,1019.7041666666668,1017.9041666666667,0.0,0.0,99.16666666666667,425.4166666666667,155.0,940.0,1282.9041666666667,0.0,0,5,67,3,2025,1,spring,train
2161292,"Số 46, phố Lưu Quang Vũ",21.0152,105.7999,2025-03-09 00:00:00+00:00,18.529166666666665,1.504913450253409,15.6,21.1,85.25,7.780968979559651,72.0,94.0,15.945833333333333,4.816666666666666,8.2,19.4,-3.2450542392156314,1.5340398884049817,1019.8666666666667,1018.0666666666666,0.6000000000000001,0.6000000000000001,95.45833333333333,318.75,10.0,815.0,1570.4333333333334,0.95,0,6,68,3,2025,1,spring,train
2161292,"Số 46, phố Lưu Quang Vũ",21.0152,105.7999,2025-03-10 00:00:00+00:00,19.945833333333333,2.1042357213521705,17.8,23.5,88.54166666666667,9.385368662313496,73.0,100.0,17.875,6.808333333333334,11.5,22.3,-4.464481272354775,4.200844948957328,1017.3249999999999,1015.525,0.2,0.2,80.25,327.5,30.0,875.0,1747.4208333333333,0.6,0,0,69,3,2025,0,spring,train
2161292,"Số 46, phố Lưu Quang Vũ",21.0152,105.7999,2025-03-11 00:00:00+00:00,22.308333333333334,2.1219180549408723,18.0,26.1,87.45833333333333,8.836579933862206,71.0,99.0,20.033333333333335,10.670833333333334,16.1,33.5,-6.132068935191918,8.433615230650092,1012.6625,1010.8958333333334,1.2,1.2,90.91666666666667,508.9583333333333,105.0,970.0,1934.0291666666665,10.97,0,1,70,3,2025,0,spring,train
2161292,"Số 46, phố Lưu Quang Vũ",21.0152,105.7999,2025-03-12 00:00:00+00:00,23.770833333333332,1.7140034921243577,21.4,26.6,87.58333333333333,8.15030896542482,73.0,97.0,21.516666666666666,12.483333333333334,14.9,30.6,-6.773238326437844,10.060512804861192,1010.4583333333334,1008.7333333333332,1.7000000000000002,1.7000000000000002,95.29166666666667,548.125,275.0,850.0,2069.0291666666667,20.38,0,2,71,3,2025,0,spring,train
2161292,"Số 46, phố Lưu Quang Vũ",21.0152,105.7999,2025-03-13 00:00:00+00:00,23.816666666666666,1.2606646510150257,22.0,26.0,92.08333333333333,5.089773777040516,83.0,98.0,22.395833333333332,11.754166666666668,17.2,40.3,-7.1054732637468065,9.124741605846735,1010.1,1008.3874999999999,0.9,0.9,99.70833333333333,483.75,285.0,735.0,2187.2291666666665,10.3,0,3,72,3,2025,0,spring,train
2161292,"Số 46, phố Lưu Quang Vũ",21.0152,105.7999,2025-03-14 00:00:00+00:00,24.708333333333332,1.809375743097643,22.7,28.3,90.08333333333333,8.566449554571276,74.0,98.0,22.883333333333336,11.866666666666667,15.2,35.3,-6.9894895599047215,8.915831731134572,1010.3166666666666,1008.6125000000001,0.8,0.8,90.79166666666667,482.0833333333333,255.0,850.0,2211.6749999999997,9.9,0,4,73,3,2025,0,spring,train
2161292,"Số 46, phố Lưu Quang Vũ",21.0152,105.7999,2025-03-15 00:00:00+00:00,22.329166666666666,3.1063020327779745,17.4,27.0,77.375,8.771557295674718,62.0,96.0,18.1375,12.579166666666666,18.8,38.5,-9.875283596491558,-6.1445674569082405,1015.2166666666667,1013.4625,3.7,3.7,100.0,676.25,240.0,1080.0,1742.0416666666667,39.760000000000005,0,5,74,3,2025,1,spring,train
2161292,"Số 46, phố Lưu Quang Vũ",21.0152,105.7999,2025-03-16 00:00:00+00:00,17.666666666666668,1.7929006535843524,15.4,20.8,64.0,8.330144317346857,52.0,76.0,10.666666666666666,7.8625,12.4,28.1,-5.180139863296252,-4.57780017424676,1020.0166666666668,1018.2166666666667,0.0,0.0,72.20833333333333,590.2083333333334,95.0,1135.0,1119.2041666666667,0.0,0,6,75,3,2025,1,spring,train
2161292,"Số 46, phố Lưu Quang Vũ",21.0152,105.7999,2025-03-17 00:00:00+00:00,17.587500000000002,1.6203361165001477,15.4,20.5,65.16666666666667,10.037610432189814,52.0,81.0,10.808333333333332,6.666666666666667,10.4,23.0,-4.261349248106769,-2.6230347682190907,1021.0124999999999,1019.2125,0.0,0.0,94.91666666666667,750.0,300.0,1485.0,1136.45,0.0,0,0,76,3,2025,0,spring,train
2161292,"Số 46, phố Lưu Quang Vũ",21.0152,105.7999,2025-03-18 00:00:00+00:00,16.929166666666667,1.7215966216092051,13.8,19.8,62.875,9.660824071430476,48.0,80.0,9.666666666666666,7.645833333333333,14.5,32.4,-0.9498562967785734,-7.109756243538681,1024.3666666666666,1022.5666666666666,0.0,0.0,94.33333333333333,587.7083333333334,10.0,1285.0,1053.0458333333333,0.0,0,1,77,3,2025,0,spring,train
2161292,"Số 46, phố Lưu Quang Vũ",21.0152,105.7999,2025-03-19 00:00:00+00:00,17.766666666666666,3.370287907539972,13.2,22.5,64.125,18.176220729293533,38.0,85.0,10.208333333333334,6.245833333333334,13.3,32.4,1.0630866629973441,-4.784889330758597,1024.8666666666666,1023.0666666666666,0.0,0.0,54.958333333333336,567.0833333333334,15.0,1790.0,1081.8708333333334,0.0,0,2,78,3,2025,0,spring,train
2161292,"Số 46, phố Lưu Quang Vũ",21.0152,105.7999,2025-03-20 00:00:00+00:00,18.758333333333333,3.739206689481965,13.9,24.1,61.083333333333336,16.271919441751194,36.0,84.0,10.487499999999999,6.0125,9.0,22.3,-1.5201738729277963,0.38021190943110555,1023.1708333333332,1021.3708333333334,0.0,0.0,23.916666666666668,526.4583333333334,10.0,1645.0,1088.95,0.0,0,3,79,3,2025,0,spring,train
2161292,"Số 46, phố Lưu Quang Vũ",21.0152,105.7999,2025-03-21 00:00:00+00:00,20.170833333333334,3.856837989255229,14.9,26.0,57.25,15.927143907288535,33.0,81.0,10.7875,7.833333333333333,13.8,27.4,-4.663553525241998,5.215357160586682,1020.6750000000001,1018.8916666666668,0.0,0.0,56.291666666666664,457.7083333333333,45.0,1405.0,1097.5625,0.0,0,4,80,3,2025,0,spring,train
2161292,"Số 46, phố Lưu Quang Vũ",21.0152,105.7999,2025-03-22 00:00:00+00:00,21.283333333333335,3.717370116051149,16.2,26.6,67.70833333333333,22.174170572531235,39.0,99.0,14.204166666666666,8.304166666666667,14.9,29.5,-6.160654254810386,5.056002934217999,1018.3666666666667,1016.5958333333333,0.0,0.0,12.083333333333334,486.4583333333333,75.0,1260.0,1367.6791666666668,0.0,0,5,81,3,2025,1,spring,train
2161292,"Số 46, phố Lưu Quang Vũ",21.0152,105.7999,2025-03-23 00:00:00+00:00,22.1875,3.489401655448037,17.0,27.8,73.125,16.616682293249234,50.0,97.0,16.6875,8.891666666666667,15.1,33.1,-5.236837333019648,6.652701473481595,1015.7083333333334,1013.9416666666666,0.0,0.0,32.458333333333336,562.9166666666666,30.0,1285.0,1567.4875,0.0,0,6,82,3,2025,1,spring,train
2161292,"Số 46, phố Lưu Quang Vũ",21.0152,105.7999,2025-03-24 00:00:00+00:00,23.708333333333332,3.4841150915281913,18.5,29.5,73.91666666666667,16.465818789413333,50.0,96.0,18.337500000000002,9.795833333333333,17.4,33.8,-3.0681318964084565,8.463658336317929,1011.1791666666667,1009.4291666666667,0.0,0.0,17.375,582.9166666666666,60.0,1170.0,1698.9875,0.0,0,0,83,3,2025,0,spring,train
2161292,"Số 46, phố Lưu Quang Vũ",21.0152,105.7999,2025-03-25 00:00:00+00:00,24.474999999999998,3.713810886993013,20.0,31.1,74.66666666666667,15.164795234118852,50.0,95.0,19.329166666666666,11.5625,19.2,39.6,-4.487560095785218,9.97626313581946,1006.5291666666667,1004.8125,0.0,0.0,22.166666666666668,549.7916666666666,185.0,1005.0,1774.6083333333333,0.0,0,1,84,3,2025,0,spring,train
2161292,"Số 46, phố Lưu Quang Vũ",21.0152,105.7999,2025-03-26 00:00:00+00:00,24.775000000000002,3.180272069302029,21.1,31.0,78.91666666666667,13.7932455639855,53.0,95.0,20.570833333333333,13.995833333333332,19.6,41.4,-6.170981065194916,12.291344259909465,1003.5916666666667,1001.8874999999999,0.0,0.0,50.583333333333336,516.25,310.0,955.0,1913.8833333333332,0.0,0,2,85,3,2025,0,spring,train
2161292,"Số 46, phố Lưu Quang Vũ",21.0152,105.7999,2025-03-27 00:00:00+00:00,26.270833333333332,4.151843924211806,22.0,33.2,80.16666666666667,14.484374389295349,58.0,96.0,22.254166666666666,11.395833333333334,16.9,38.5,-7.586186451805506,6.324810834141402,1002.0333333333333,1000.3333333333334,0.0,0.0,27.833333333333332,397.0833333333333,75.0,690.0,2049.641666666667,0.0,0,3,86,3,2025,0,spring,train
2161292,"Số 46, phố Lưu Quang Vũ",21.0152,105.7999,2025-03-28 00:00:00+00:00,25.454166666666666,4.609062827183802,16.8,32.2,75.91666666666667,12.09353642192414,54.0,94.0,20.666666666666668,11.554166666666667,19.3,39.2,-9.23820324647358,-0.414662003500368,1008.3125,1006.5916666666667,8.0,8.0,79.70833333333333,628.9583333333334,110.0,1215.0,1898.9166666666667,134.77,0,4,87,3,2025,0,spring,train
2161292,"Số 46, phố Lưu Quang Vũ",21.0152,105.7999,2025-03-29 00:00:00+00:00,15.554166666666667,1.6389230734173306,12.9,17.9,78.875,1.8722806367125298,76.0,82.0,11.875,11.295833333333334,16.1,35.3,-6.527657159229732,-8.782436519614068,1018.15,1016.35,5.0,5.0,100.0,587.5,505.0,655.0,1224.2875000000001,63.67,0,5,88,3,2025,1,spring,train
2161292,"Số 46, phố Lưu Quang Vũ",21.0152,105.7999,2025-03-30 00:00:00+00:00,15.033333333333333,1.4901609678638505,12.9,17.5,66.41666666666667,5.686877852578244,58.0,79.0,8.766666666666667,9.033333333333333,16.4,35.6,-5.152790871552573,-6.452182051149387,1021.0416666666666,1019.2416666666667,0.0,0.0,99.95833333333333,630.8333333333334,345.0,920.0,993.1291666666666,0.0,0,6,89,3,2025,1,spring,train
2161292,"Số 46, phố Lưu Quang Vũ",21.0152,105.7999,2025-03-31 00:00:00+00:00,15.733333333333334,1.566959577921709,13.6,18.6,66.5,9.596194898069713,53.0,82.0,9.362499999999999,5.841666666666666,9.2,23.8,-2.392356400408047,-4.270935169710318,1019.975,1018.1750000000001,0.0,0.0,80.625,483.125,55.0,920.0,1037.7666666666667,0.0,0,0,90,3,2025,0,spring,train
2161292,"Số 46, phố Lưu Quang Vũ",21.0152,105.7999,2025-04-01 00:00:00+00:00,18.266666666666666,2.7983949851215817,14.8,22.5,66.375,17.267240911496316,44.0,90.0,11.387500000000001,5.058333333333334,8.0,22.3,-0.7954306207428941,-1.4566539815655135,1018.3249999999999,1016.525,0.0,0.0,56.375,485.0,30.0,1270.0,1170.5291666666667,0.0,0,1,91,4,2025,0,spring,train
2161292,"Số 46, phố Lưu Quang Vũ",21.0152,105.7999,2025-04-02 00:00:00+00:00,20.079166666666666,3.4294097814748494,15.4,25.5,65.375,14.696383761054074,42.0,90.0,12.958333333333334,5.295833333333333,10.4,19.8,-0.5870524519066372,2.193182351481157,1018.2708333333334,1016.4875000000001,0.0,0.0,49.416666666666664,459.5833333333333,35.0,1390.0,1265.2875000000001,0.0,0,2,92,4,2025,0,spring,train
2161292,"Số 46, phố Lưu Quang Vũ",21.0152,105.7999,2025-04-03 00:00:00+00:00,21.520833333333332,3.6571525115523476,17.2,27.6,67.20833333333333,18.88403781128313,40.0,94.0,14.558333333333332,9.5875,16.3,35.6,-5.83450805899993,7.152547058507871,1015.7708333333334,1014.0,0.0,0.0,25.25,616.875,65.0,1525.0,1383.1583333333335,0.0,0,3,93,4,2025,0,spring,train
2161292,"Số 46, phố Lưu Quang Vũ",21.0152,105.7999,2025-04-04 00:00:00+00:00,22.429166666666664,2.353808969875564,18.3,26.5,77.75,12.546435488945088,58.0,92.0,18.129166666666666,12.466666666666667,19.3,43.2,-7.244646079991374,8.83976999925268,1012.3416666666667,1010.5791666666668,0.7000000000000001,0.7000000000000001,69.45833333333333,618.5416666666666,200.0,1145.0,1717.6000000000001,6.18,0,4,94,4,2025,0,spring,train
2161292,"Số 46, phố Lưu Quang Vũ",21.0152,105.7999,2025-04-05 00:00:00+00:00,22.495833333333334,1.386731899942754,20.6,24.6,80.41666666666667,10.307939812998805,66.0,95.0,18.866666666666667,5.2250000000000005,10.3,25.2,-3.3139222109246074,2.703675671399934,1013.7875,1012.0166666666668,1.9000000000000001,1.9000000000000001,100.0,320.8333333333333,30.0,745.0,1795.6958333333332,6.8500000000000005,0,5,95,4,2025,1,spring,train
2161292,"Số 46, phố Lưu Quang Vũ",21.0152,105.7999,2025-04-06 00:00:00+00:00,23.195833333333336,2.4905873528786,20.2,27.0,79.08333333333333,12.430385865033442,60.0,92.0,19.133333333333333,8.883333333333333,12.6,30.2,-5.4430066479314645,6.736931656516376,1014.3874999999999,1012.6291666666666,0.7000000000000001,0.7000000000000001,99.66666666666667,534.1666666666666,90.0,1045.0,1805.2875000000001,7.2700000000000005,0,6,96,4,2025,1,spring,train
2161292,"Số 46, phố Lưu Quang Vũ",21.0152,105.7999,2025-04-07 00:00:00+00:00,22.458333333333332,2.167329887345188,20.0,26.0,85.16666666666667,9.411679454004334,69.0,96.0,19.7375,8.6625,11.5,27.4,-5.365020244192934,6.642339728576665,1015.1791666666667,1013.4125,0.9,0.9,81.45833333333333,378.3333333333333,190.0,770.0,1893.6666666666667,7.23,0,0,97,4,2025,0,spring,train
2161292,"Số 46, phố Lưu Quang Vũ",21.0152,105.7999,2025-04-08 00:00:00+00:00,24.545833333333334,2.198414283595983,21.2,28.5,85.41666666666667,11.537902253260654,65.0,97.0,21.775000000000002,10.7875,15.6,34.6,-6.34696050934864,8.154304972211692,1013.2416666666667,1011.5041666666666,1.0,1.0,92.70833333333333,546.25,260.0,950.0,2074.2875,9.92,0,1,98,4,2025,0,spring,train
2161292,"Số 46, phố Lưu Quang Vũ",21.0152,105.7999,2025-04-09 00:00:00+00:00,25.425,2.3357802904420186,22.8,29.5,82.125,11.869993223689512,64.0,96.0,21.9375,13.404166666666667,17.7,38.5,-6.740919737421325,11.193802813450759,1008.8041666666667,1007.1,1.0,1.0,93.41666666666667,596.25,265.0,1015.0,2061.8458333333333,12.83,0,2,99,4,2025,0,spring,train
2161292,"Số 46, phố Lưu Quang Vũ",21.0152,105.7999,2025-04-10 00:00:00+00:00,25.058333333333334,2.4720905897757803,22.5,30.0,84.375,11.88646471741118,61.0,97.0,22.03333333333333,8.970833333333333,16.0,34.9,-6.603060765389604,5.519796100969013,1005.6333333333333,1003.9333333333334,0.2,0.2,97.0,468.75,140.0,980.0,2086.525,1.48,0,3,100,4,2025,0,spring,train
2161292,"Số 46, phố Lưu Quang Vũ",21.0152,105.7999,2025-04-11 00:00:00+00:00,26.866666666666664,3.139463629994458,22.7,32.1,80.16666666666667,12.699423700264534,58.0,96.0,22.90833333333333,10.991666666666667,17.3,34.9,-5.583322125246904,9.118366569377974,1003.9708333333333,1002.2708333333334,0.8,0.8,61.125,448.5416666666667,40.0,920.0,2117.0125000000003,10.049999999999999,0,4,101,4,2025,0,spring,train
2161292,"Số 46, phố Lưu Quang Vũ",21.0152,105.7999,2025-04-12 00:00:00+00:00,24.891666666666666,4.493465464878746,19.2,33.8,72.08333333333333,13.03479179355962,49.0,90.0,19.241666666666667,11.829166666666666,24.8,54.7,-1.8058796768118957,-10.522082552100214,1011.9333333333334,1010.1916666666666,9.2,9.2,94.125,648.125,170.0,1380.0,1766.8291666666667,154.10999999999999,0,5,102,4,2025,1,spring,train
2161292,"Số 46, phố Lưu Quang Vũ",21.0152,105.7999,2025-04-13 00:00:00+00:00,22.587500000000002,2.943129434728487,19.0,26.9,58.875,17.26346355494874,36.0,82.0,13.475,6.683333333333334,13.8,32.0,0.6134606484993795,-3.589865122407948,1015.8208333333333,1014.0541666666667,0.8,0.8,60.583333333333336,659.375,45.0,1815.0,1282.9416666666666,11.040000000000001,0,6,103,4,2025,1,spring,train
2161292,"Số 46, phố Lưu Quang Vũ",21.0152,105.7999,2025-04-14 00:00:00+00:00,22.150000000000002,2.209662575067103,18.6,26.0,68.41666666666667,12.957846931548824,44.0,90.0,15.725,4.441666666666666,10.1,28.1,1.9418358235061328,0.29544808522547544,1014.0749999999999,1012.3041666666667,4.3,4.3,96.625,251.875,30.0,1035.0,1489.4666666666665,36.49999999999999,0,0,104,4,2025,0,spring,train
2161292,"Số 46, phố Lưu Quang Vũ",21.0152,105.7999,2025-04-15 00:00:00+00:00,25.270833333333332,4.712746745164433,19.5,33.1,59.541666666666664,18.31601619554215,27.0,85.0,15.908333333333333,9.091666666666667,14.1,32.0,-3.8403860130431533,5.274072794370468,1010.9666666666667,1009.2208333333333,0.0,0.0,77.875,465.2083333333333,95.0,1355.0,1423.5791666666667,0.0,0,1,105,4,2025,0,spring,train
2161292,"Số 46, phố Lưu Quang Vũ",21.0152,105.7999,2025-04-16 00:00:00+00:00,25.233333333333334,3.2589230905538304,20.5,30.7,68.83333333333333,18.537076047904566,41.0,94.0,18.470833333333335,13.233333333333334,18.9,42.8,-6.433773416819158,11.443269010638131,1007.1291666666666,1005.4208333333332,0.0,0.0,91.54166666666667,551.25,165.0,945.0,1683.3625,0.0,0,2,106,4,2025,0,spring,train
2161292,"Số 46, phố Lưu Quang Vũ",21.0152,105.7999,2025-04-17 00:00:00+00:00,26.95,3.0690601875464436,22.8,32.3,78.45833333333333,12.816358998210617,56.0,95.0,22.629166666666666,9.987499999999999,16.9,38.2,-6.598332279129387,6.717249497316312,1004.5291666666667,1002.8291666666668,0.0,0.0,43.125,457.7083333333333,60.0,800.0,2078.7125,0.0,0,3,107,4,2025,0,spring,train
2161292,"Số 46, phố Lưu Quang Vũ",21.0152,105.7999,2025-04-18 00:00:00+00:00,28.712500000000002,2.9428339639079932,24.3,33.8,74.25,9.312217314063705,57.0,90.0,23.52916666666667,11.604166666666666,18.0,36.7,-5.360423474174194,9.751911685685522,1004.0166666666668,1002.3166666666666,0.2,0.2,54.666666666666664,402.5,175.0,800.0,2108.1124999999997,3.2200000000000006,0,4,108,4,2025,0,spring,train
2161292,"Số 46, phố Lưu Quang Vũ",21.0152,105.7999,2025-04-19 00:00:00+00:00,30.2375,3.9949764650773285,25.4,36.3,69.375,14.796628581920421,46.0,88.0,23.541666666666668,12.379166666666668,18.2,35.3,-4.1752458872611315,11.331166143441019,1004.5041666666666,1002.8041666666667,0.0,0.0,44.333333333333336,663.5416666666666,220.0,1645.0,2042.7458333333334,0.0,0,5,109,4,2025,1,spring,train
2161292,"Số 46, phố Lưu Quang Vũ",21.0152,105.7999,2025-04-20 00:00:00+00:00,29.379166666666666,3.305328920903686,25.2,35.3,73.83333333333333,9.092121131323896,55.0,85.0,24.0625,14.8375,19.1,42.8,-6.441101454093567,13.312585600872751,1006.3333333333334,1004.6333333333333,0.0,0.0,40.958333333333336,572.0833333333334,305.0,1165.0,2141.0125,0.0,0,6,110,4,2025,1,spring,train
2161292,"Số 46, phố Lưu Quang Vũ",21.0152,105.7999,2025-04-21 00:00:00+00:00,29.020833333333332,3.3291831047461975,25.4,35.2,75.95833333333333,11.708336556810117,53.0,91.0,24.087500000000002,16.595833333333335,19.8,44.6,-6.630264345459587,15.042003887307615,1007.0083333333333,1005.3083333333334,0.0,0.0,37.958333333333336,549.1666666666666,270.0,1385.0,2167.5833333333335,0.0,0,0,111,4,2025,0,spring,train
2161292,"Số 46, phố Lưu Quang Vũ",21.0152,105.7999,2025-04-22 00:00:00+00:00,30.22083333333333,3.552583770901869,25.8,36.2,73.91666666666667,13.246547266844802,48.0,89.0,24.733333333333334,11.6625,19.0,42.8,-3.8250542274286565,10.605619488092776,1005.35,1003.65,0.0,0.0,49.25,562.0833333333334,155.0,1620.0,2189.9166666666665,0.0,0,1,112,4,2025,0,spring,train
2161292,"Số 46, phố Lưu Quang Vũ",21.0152,105.7999,2025-04-23 00:00:00+00:00,28.787499999999998,4.156117806004939,24.8,37.2,79.08333333333333,15.182703736608419,48.0,94.0,24.391666666666666,6.958333333333333,17.4,44.3,-5.224846608920346,-0.3915005251041849,1004.9833333333332,1003.2833333333333,31.6,31.6,94.91666666666667,471.4583333333333,130.0,1790.0,2217.233333333333,494.36,0,2,113,4,2025,0,spring,train
2161292,"Số 46, phố Lưu Quang Vũ",21.0152,105.7999,2025-04-24 00:00:00+00:00,28.2,3.791982388511662,22.9,33.9,79.20833333333333,14.15436379682088,55.0,96.0,23.933333333333334,8.279166666666667,17.1,35.3,-5.5198023765611275,0.16738617711699524,1006.9,1005.1999999999999,27.0,27.0,86.625,612.0833333333334,155.0,1375.0,2183.6916666666666,213.26,0,3,114,4,2025,0,spring,train
2161292,"Số 46, phố Lưu Quang Vũ",21.0152,105.7999,2025-04-25 00:00:00+00:00,25.758333333333336,1.9862388898458898,23.0,29.0,80.0,11.336742880141324,62.0,93.0,21.875,9.070833333333333,13.5,29.2,-5.728877947921647,2.446387040214058,1010.4375,1008.7375000000001,0.8,0.8,85.33333333333333,612.2916666666666,310.0,1215.0,2039.7833333333335,10.72,0,4,115,4,2025,0,spring,train
2161292,"Số 46, phố Lưu Quang Vũ",21.0152,105.7999,2025-04-26 00:00:00+00:00,26.5,1.492007693184503,24.5,29.5,86.70833333333333,8.25400649311628,72.0,96.0,24.008333333333336,11.875,15.3,33.5,-6.795354798526034,9.545269668973999,1010.0166666666668,1008.3166666666666,0.30000000000000004,0.30000000000000004,81.0,592.9166666666666,395.0,945.0,2287.1041666666665,2.99,0,5,116,4,2025,1,spring,train
2161292,"Số 46, phố Lưu Quang Vũ",21.0152,105.7999,2025-04-27 00:00:00+00:00,27.275000000000002,2.631291631912724,22.9,31.5,86.375,10.214280284931023,67.0,100.0,24.670833333333334,11.791666666666666,15.6,32.0,-6.557167079763766,6.440185893078688,1009.2333333333332,1007.5333333333333,15.799999999999999,15.799999999999999,85.375,528.75,305.0,1020.0,2330.829166666667,217.26,0,6,117,4,2025,1,spring,train
2161292,"Số 46, phố Lưu Quang Vũ",21.0152,105.7999,2025-04-28 00:00:00+00:00,24.974999999999998,1.683745824048275,23.0,28.1,89.54166666666667,8.67770339616906,73.0,99.0,23.058333333333334,7.075,15.0,34.9,-2.620353569211114,-2.318709820012935,1011.7916666666666,1010.0916666666667,10.3,10.3,98.375,304.5833333333333,50.0,790.0,2222.475,132.43,0,0,118,4,2025,0,spring,train
2161292,"Số 46, phố Lưu Quang Vũ",21.0152,105.7999,2025-04-29 00:00:00+00:00,26.150000000000002,1.8805642076596145,23.5,29.3,86.20833333333333,9.650317258432787,69.0,96.0,23.537499999999998,7.625,13.3,27.0,-2.979270951547201,6.1152619455704835,1011.2208333333333,1009.5208333333334,2.7,2.7,80.70833333333333,466.6666666666667,75.0,1020.0,2237.2833333333333,21.91,0,1,119,4,2025,0,spring,train
2161292,"Số 46, phố Lưu Quang Vũ",21.0152,105.7999,2025-04-30 00:00:00+00:00,26.3875,1.953438996499119,23.9,30.2,87.875,8.548137351137573,71.0,98.0,24.141666666666666,7.1125,10.5,29.5,-4.088920373915323,2.681964125525596,1011.2333333333332,1009.5333333333333,34.5,34.5,86.04166666666667,387.0833333333333,100.0,1185.0,2303.0125000000003,255.28,0,2,120,4,2025,0,spring,train
2161292,"Số 46, phố Lưu Quang Vũ",21.0152,105.7999,2025-05-01 00:00:00+00:00,25.041666666666668,1.7036831371719525,22.5,27.9,84.33333333333333,8.72112211899894,69.0,96.0,22.1125,4.05,9.9,24.8,1.588827761170182,-2.5679742350311505,1012.8125,1011.1041666666666,2.6,2.6,73.125,270.625,15.0,820.0,2098.3458333333333,16.06,0,3,121,5,2025,0,spring,train
2161292,"Số 46, phố Lưu Quang Vũ",21.0152,105.7999,2025-05-02 00:00:00+00:00,27.320833333333336,2.562943139484738,23.9,31.5,77.875,11.543160971648598,58.0,92.0,22.858333333333334,9.125,15.6,31.3,-3.629839855423859,7.924989413995981,1008.6791666666667,1006.9791666666666,0.0,0.0,37.791666666666664,602.2916666666666,100.0,1305.0,2099.508333333333,0.0,0,4,122,5,2025,0,spring,train
2161292,"Số 46, phố Lưu Quang Vũ",21.0152,105.7999,2025-05-03 00:00:00+00:00,27.59166666666667,2.0790710021266863,25.5,31.6,83.79166666666667,10.299764314174189,65.0,96.0,24.483333333333334,10.945833333333333,13.6,31.7,-4.181323929699684,9.566333975182928,1006.1875,1004.4875000000001,0.1,0.1,80.20833333333333,547.2916666666666,305.0,1025.0,2291.9166666666665,1.1900000000000002,0,5,123,5,2025,1,spring,train
2161292,"Số 46, phố Lưu Quang Vũ",21.0152,105.7999,2025-05-04 00:00:00+00:00,29.05,2.986054543897423,25.6,34.0,80.25,11.632974123435584,59.0,95.0,25.09166666666667,13.237499999999999,20.5,41.0,-3.5839068861605843,12.389231378614115,1004.0708333333333,1002.3708333333334,0.4,0.4,33.625,617.9166666666666,205.0,1350.0,2298.9375,4.23,0,6,124,5,2025,1,spring,train
2161292,"Số 46, phố Lưu Quang Vũ",21.0152,105.7999,2025-05-05 00:00:00+00:00,30.016666666666666,2.856977220871689,26.6,35.1,78.29166666666667,10.157366856093923,59.0,92.0,25.633333333333336,10.395833333333334,16.3,32.8,-4.79701048495479,8.352305263024272,1003.7375000000001,1002.0375,0.0,0.0,42.375,586.25,215.0,1380.0,2322.9166666666665,0.0,0,0,125,5,2025,0,spring,train
2161292,"Số 46, phố Lưu Quang Vũ",21.0152,105.7999,2025-05-06 00:00:00+00:00,29.179166666666664,2.509110212400208,26.0,33.4,83.54166666666667,10.906636059983278,65.0,97.0,25.9375,9.2875,14.3,30.2,-7.222667966551181,4.788855836883815,1004.4791666666666,1002.7791666666667,0.7000000000000001,0.7000000000000001,92.75,545.4166666666666,215.0,1095.0,2411.7208333333333,6.29,0,1,126,5,2025,0,spring,train
2161292,"Số 46, phố Lưu Quang Vũ",21.0152,105.7999,2025-05-07 00:00:00+00:00,30.329166666666666,2.9121154967938128,27.1,35.2,78.125,12.213009813131741,56.0,92.0,25.858333333333334,12.529166666666667,16.4,35.6,-5.5134535231176764,10.948805960323918,1002.2708333333334,1000.5708333333333,0.4,0.4,70.625,645.4166666666666,250.0,1350.0,2335.7708333333335,3.62,0,2,127,5,2025,0,spring,train
2161292,"Số 46, phố Lưu Quang Vũ",21.0152,105.7999,2025-05-08 00:00:00+00:00,30.995833333333334,3.3777377516380094,26.5,36.4,75.08333333333333,11.111751189292956,55.0,92.0,25.849999999999998,13.004166666666668,19.5,43.2,-5.695410267931066,10.242022061221292,1001.3166666666666,999.6166666666667,0.0,0.0,87.66666666666667,533.9583333333334,55.0,1350.0,2292.2083333333335,0.0,0,3,128,5,2025,0,spring,train
2161292,"Số 46, phố Lưu Quang Vũ",21.0152,105.7999,2025-05-09 00:00:00+00:00,28.520833333333332,2.7194915072437738,25.0,33.3,79.79166666666667,10.993987157677987,60.0,94.0,24.520833333333332,7.383333333333333,19.5,48.2,-2.4954892763125134,-1.1353154017673783,1006.7083333333334,1005.0083333333333,6.6,6.6,83.70833333333333,412.0833333333333,40.0,1065.0,2247.641666666667,62.83,0,4,129,5,2025,0,spring,train
2161292,"Số 46, phố Lưu Quang Vũ",21.0152,105.7999,2025-05-10 00:00:00+00:00,25.925,3.5081581938452366,20.9,31.7,81.33333333333333,10.561071531054878,60.0,95.0,22.316666666666666,11.466666666666667,23.2,46.4,-3.5942583559723142,-6.064705770539233,1009.3208333333333,1007.5916666666667,37.5,37.5,100.0,704.7916666666666,160.0,1055.0,2080.7000000000003,520.2,0,5,130,5,2025,1,spring,train
2161292,"Số 46, phố Lưu Quang Vũ",21.0152,105.7999,2025-05-11 00:00:00+00:00,22.516666666666666,2.192014492705711,19.6,26.5,74.5,10.862780491200215,55.0,89.0,17.570833333333333,8.229166666666666,18.1,41.4,-1.5290383707909208,-6.792956121032972,1011.8208333333333,1010.0541666666667,1.2,1.2,68.625,530.8333333333334,55.0,1360.0,1655.3208333333332,18.759999999999998,0,6,131,5,2025,1,spring,train
2161292,"Số 46, phố Lưu Quang Vũ",21.0152,105.7999,2025-05-12 00:00:00+00:00,24.395833333333332,2.571833919627184,21.1,28.5,70.29166666666667,12.585288743355203,50.0,87.0,18.333333333333332,6.604166666666667,13.0,25.2,-4.196604469537019,3.285473733264333,1009.6916666666666,1007.9541666666668,0.0,0.0,26.75,514.375,105.0,1310.0,1684.5541666666668,0.0,0,0,132,5,2025,0,spring,train
2161292,"Số 46, phố Lưu Quang Vũ",21.0152,105.7999,2025-05-13 00:00:00+00:00,26.1125,2.244086431723046,23.0,30.0,78.125,12.864891557359067,58.0,94.0,21.7625,10.0375,16.1,34.9,-6.048436275892349,7.532152224784305,1009.1666666666666,1007.4666666666667,0.0,0.0,34.125,632.0833333333334,155.0,1390.0,2014.0458333333333,0.0,0,1,133,5,2025,0,spring,train
2161292,"Số 46, phố Lưu Quang Vũ",21.0152,105.7999,2025-05-14 00:00:00+00:00,27.0125,1.6871154956469845,24.8,29.5,85.625,8.391571858768149,73.0,98.0,24.316666666666666,10.991666666666667,14.3,31.7,-5.967150465435456,8.975605672318782,1009.4458333333333,1007.7458333333334,3.7,3.7,78.625,514.5833333333334,210.0,955.0,2299.554166666667,40.08,0,2,134,5,2025,0,spring,train
2161292,"Số 46, phố Lưu Quang Vũ",21.0152,105.7999,2025-05-15 00:00:00+00:00,26.545833333333334,1.344870825109934,25.5,29.9,91.29166666666667,7.765470766919678,75.0,99.0,24.95,9.129166666666666,13.2,32.8,-4.998187842993463,7.143764378727011,1009.0583333333334,1007.3583333333332,17.2,17.2,99.54166666666667,397.9166666666667,190.0,870.0,2413.983333333333,141.67000000000002,0,3,135,5,2025,0,spring,train
2161292,"Số 46, phố Lưu Quang Vũ",21.0152,105.7999,2025-05-16 00:00:00+00:00,27.141666666666666,1.1613023673470224,25.9,30.2,90.58333333333333,4.595996998018718,78.0,96.0,25.420833333333334,11.054166666666667,14.4,28.8,-4.683277464408559,9.40618836330143,1007.625,1005.9250000000001,18.5,18.5,97.79166666666667,396.6666666666667,115.0,745.0,2454.1,149.38,0,4,136,5,2025,0,spring,train
2161292,"Số 46, phố Lưu Quang Vũ",21.0152,105.7999,2025-05-17 00:00:00+00:00,27.570833333333336,1.8078281869755177,25.7,31.6,89.58333333333333,7.711745230021119,75.0,97.0,25.6375,9.420833333333333,14.4,33.5,-3.4827223721887908,8.505979991070708,1007.9208333333332,1006.2208333333333,12.7,12.7,92.70833333333333,372.5,205.0,845.0,2457.1458333333335,146.43,0,5,137,5,2025,1,spring,train
2161292,"Số 46, phố Lưu Quang Vũ",21.0152,105.7999,2025-05-18 00:00:00+00:00,27.150000000000002,2.0671341219816544,24.3,32.1,89.875,7.542992717114006,72.0,99.0,25.270833333333332,6.675,14.2,37.8,-1.9449478926780142,2.2037524026606925,1007.5958333333333,1005.8958333333334,32.3,32.3,90.5,322.7083333333333,35.0,1050.0,2426.0875,334.34,0,6,138,5,2025,1,spring,train
2161292,"Số 46, phố Lưu Quang Vũ",21.0152,105.7999,2025-05-19 00:00:00+00:00,27.5125,1.502552176624246,25.0,31.0,89.33333333333333,7.899733989284016,73.0,97.0,25.516666666666666,9.7125,13.8,29.5,-4.403871574369487,7.313114121582095,1005.7958333333332,1004.0958333333333,3.1,3.1,97.29166666666667,430.8333333333333,185.0,815.0,2448.1208333333334,37.1,0,0,139,5,2025,0,spring,train
2161292,"Số 46, phố Lưu Quang Vũ",21.0152,105.7999,2025-05-20 00:00:00+00:00,29.150000000000002,1.8962204971766963,26.9,32.8,83.33333333333333,6.900955615405528,70.0,93.0,25.983333333333334,12.766666666666666,17.4,35.3,-4.8847969343337265,11.609473788538336,1004.2833333333333,1002.5833333333334,2.6,2.6,80.91666666666667,565.8333333333334,300.0,935.0,2416.9375,34.46,0,1,140,5,2025,0,spring,train
2161292,"Số 46, phố Lưu Quang Vũ",21.0152,105.7999,2025-05-21 00:00:00+00:00,29.454166666666666,2.084514158110308,27.0,33.2,82.625,8.313490869351007,68.0,92.0,26.075,11.8375,15.0,31.7,-4.932789845680525,10.532759078173013,1004.3375,1002.6374999999999,0.4,0.4,94.58333333333333,579.375,365.0,945.0,2417.2791666666667,3.52,0,2,141,5,2025,0,spring,train
2161292,"Số 46, phố Lưu Quang Vũ",21.0152,105.7999,2025-05-22 00:00:00+00:00,28.775000000000002,1.4195069566578369,26.9,30.9,85.79166666666667,6.909219843121203,75.0,95.0,26.070833333333336,11.866666666666667,14.5,32.8,-4.635776726828824,10.57118827597029,1003.6750000000001,1001.975,3.6999999999999997,3.6999999999999997,99.95833333333333,548.3333333333334,365.0,790.0,2459.3458333333333,42.18,0,3,142,5,2025,0,spring,train
2161292,"Số 46, phố Lưu Quang Vũ",21.0152,105.7999,2025-05-23 00:00:00+00:00,26.566666666666666,1.5815970647931545,24.2,29.0,90.70833333333333,5.55978703585469,80.0,99.0,24.891666666666666,7.3374999999999995,13.8,33.1,0.394108739369817,-4.295795958000483,1006.5041666666666,1004.8041666666667,23.0,23.0,99.70833333333333,336.4583333333333,40.0,705.0,2402.0499999999997,157.39,0,4,143,5,2025,0,spring,train
2161292,"Số 46, phố Lưu Quang Vũ",21.0152,105.7999,2025-05-24 00:00:00+00:00,23.34166666666667,1.0064646116445188,22.0,25.2,82.54166666666667,3.988888552473978,75.0,89.0,20.162499999999998,12.854166666666666,16.6,36.0,-1.0593508749088976,-12.347556226985821,1012.1541666666667,1010.4125,11.2,11.2,100.0,661.25,480.0,925.0,1928.1583333333335,152.73000000000002,0,5,144,5,2025,1,spring,train
2161292,"Số 46, phố Lưu Quang Vũ",21.0152,105.7999,2025-05-25 00:00:00+00:00,23.75,2.230032169781608,20.7,27.9,71.79166666666667,6.890315615076153,60.0,80.0,18.254166666666666,11.191666666666668,14.8,33.1,-3.922958787458939,-9.342162622087352,1014.2083333333334,1012.4583333333334,0.0,0.0,95.25,713.3333333333334,305.0,1425.0,1691.4166666666667,0.0,0,6,145,5,2025,1,spring,train
2161292,"Số 46, phố Lưu Quang Vũ",21.0152,105.7999,2025-05-26 00:00:00+00:00,24.65416666666667,1.7522604448730401,21.1,27.6,76.91666666666667,9.837446941094042,62.0,91.0,20.191666666666666,6.579166666666667,9.7,23.8,-3.9728002140597685,-2.1325804097411756,1012.9458333333333,1011.2291666666666,0.0,0.0,99.04166666666667,464.5833333333333,55.0,1175.0,1884.1916666666666,0.0,0,0,146,5,2025,0,spring,train
2161292,"Số 46, phố Lưu Quang Vũ",21.0152,105.7999,2025-05-27 00:00:00+00:00,24.504166666666666,0.8629973886134426,23.1,26.0,90.54166666666667,6.61341960263974,80.0,99.0,22.8125,2.9916666666666667,7.6,19.4,0.08106902945872296,-2.223403714695181,1010.1291666666666,1008.4291666666667,5.4,5.4,98.83333333333333,153.33333333333334,15.0,480.0,2216.0499999999997,20.71,0,1,147,5,2025,0,spring,train
2161292,"Số 46, phố Lưu Quang Vũ",21.0152,105.7999,2025-05-28 00:00:00+00:00,27.429166666666664,2.117726255386571,24.8,31.2,85.91666666666667,9.28260021042955,69.0,97.0,24.745833333333334,8.383333333333333,11.9,29.9,-4.887963625917453,6.382982412248251,1006.7166666666667,1005.0166666666668,8.1,8.1,83.91666666666667,470.2083333333333,125.0,1170.0,2338.3083333333334,74.04,0,2,148,5,2025,0,spring,train
2161292,"Số 46, phố Lưu Quang Vũ",21.0152,105.7999,2025-05-29 00:00:00+00:00,26.333333333333332,2.5005506639915156,23.0,30.4,86.79166666666667,7.095492547579317,74.0,95.0,23.920833333333334,8.216666666666667,13.0,27.0,-5.758332901742676,-3.4308800949279235,1007.1791666666667,1005.4791666666666,34.3,34.3,98.29166666666667,433.75,195.0,875.0,2271.7083333333335,212.86,0,3,149,5,2025,0,spring,train
2161292,"Số 46, phố Lưu Quang Vũ",21.0152,105.7999,2025-05-30 00:00:00+00:00,26.71666666666667,1.803298105686083,23.1,30.0,86.04166666666667,8.799600616760555,70.0,95.0,24.066666666666666,9.091666666666667,13.9,32.0,-5.040303526112157,6.533354922336699,1006.1999999999999,1004.5,11.4,11.4,89.70833333333333,513.125,225.0,950.0,2285.1583333333333,48.78999999999999,0,4,150,5,2025,0,spring,train
2161292,"Số 46, phố Lưu Quang Vũ",21.0152,105.7999,2025-05-31 00:00:00+00:00,29.979166666666668,2.5949749377472298,27.0,34.6,80.04166666666667,11.837593640111404,59.0,93.0,25.925,12.904166666666667,16.1,34.6,-2.4889722158200156,12.253266588868508,1001.4625,999.7624999999999,0.1,0.1,89.75,586.875,120.0,1265.0,2371.483333333333,1.6100000000000003,0,5,151,5,2025,1,spring,train
2161292,"Số 46, phố Lưu Quang Vũ",21.0152,105.7999,2025-06-01 00:00:00+00:00,32.420833333333334,3.2212580808107294,28.0,37.7,64.45833333333333,10.562357965771726,45.0,83.0,24.59583333333333,11.079166666666666,15.5,35.3,6.2937105682763,8.37468950195691,998.2541666666666,996.5749999999999,0.0,0.0,60.791666666666664,688.125,65.0,2095.0,2062.6375000000003,0.0,0,6,152,6,2025,1,summer,train
2161292,"Số 46, phố Lưu Quang Vũ",21.0152,105.7999,2025-06-02 00:00:00+00:00,31.791666666666668,4.1505281661459685,26.0,37.5,71.95833333333333,17.4043452012438,48.0,94.0,25.5625,9.0375,14.1,31.0,2.3010440007270794,-3.3588796347815246,1000.35,998.6708333333332,13.799999999999999,13.799999999999999,99.125,661.0416666666666,45.0,1695.0,2219.725,153.27,0,0,153,6,2025,0,summer,train
2161292,"Số 46, phố Lưu Quang Vũ",21.0152,105.7999,2025-06-03 00:00:00+00:00,28.287499999999998,2.6745682300871114,24.9,32.5,81.33333333333333,12.654838107863407,61.0,95.0,24.558333333333334,7.270833333333333,13.0,27.4,-2.0365359471998796,1.0678305568096198,1004.3041666666667,1002.6041666666666,23.0,23.0,99.08333333333333,499.1666666666667,105.0,1235.0,2268.7833333333333,130.75,0,1,154,6,2025,0,summer,train
2161292,"Số 46, phố Lưu Quang Vũ",21.0152,105.7999,2025-06-04 00:00:00+00:00,27.53333333333333,2.3841262489672173,24.5,31.6,87.79166666666667,9.748931565390464,70.0,98.0,25.21666666666667,5.120833333333334,10.3,24.5,-0.3427741975320644,-0.7939735772654388,1006.7125,1005.0124999999999,12.8,12.8,89.95833333333333,384.375,60.0,1120.0,2395.616666666667,57.42,0,2,155,6,2025,0,summer,train
2161292,"Số 46, phố Lưu Quang Vũ",21.0152,105.7999,2025-06-05 00:00:00+00:00,28.9875,2.0392480498202383,26.0,32.5,82.75,10.186307945728778,66.0,94.0,25.608333333333334,9.095833333333333,13.4,31.3,-3.3570907974527073,7.22066424419847,1006.0875,1004.3874999999999,0.4,0.4,53.416666666666664,569.7916666666666,220.0,935.0,2379.320833333333,2.45,0,3,156,6,2025,0,summer,train
2161292,"Số 46, phố Lưu Quang Vũ",21.0152,105.7999,2025-06-06 00:00:00+00:00,29.429166666666664,1.6598792954194967,27.2,32.3,83.95833333333333,7.45116954150366,71.0,93.0,26.358333333333334,11.841666666666667,14.6,33.5,-4.9655528247137,10.596835881897158,1004.7166666666667,1003.0166666666668,8.4,8.4,52.5,567.9166666666666,330.0,830.0,2459.3083333333334,90.39000000000001,0,4,157,6,2025,0,summer,train
2161292,"Số 46, phố Lưu Quang Vũ",21.0152,105.7999,2025-06-07 00:00:00+00:00,29.633333333333336,1.8386352847002927,26.9,32.4,84.33333333333333,5.654291687979459,74.0,93.0,26.662499999999998,10.1875,14.0,31.7,-4.822521577544486,8.118018048946103,1003.7041666666668,1002.0041666666666,5.8,5.8,74.375,480.4166666666667,190.0,780.0,2489.775,69.58,0,5,158,6,2025,1,summer,train
2161292,"Số 46, phố Lưu Quang Vũ",21.0152,105.7999,2025-06-08 00:00:00+00:00,29.133333333333336,2.845998971350401,25.0,33.2,84.29166666666667,11.532484051833634,67.0,96.0,26.037499999999998,5.3125,11.8,23.8,-2.2676071537980618,-0.04987682235734455,1003.5958333333333,1001.8958333333334,22.7,22.7,98.29166666666667,445.0,50.0,1015.0,2424.733333333333,206.45999999999998,0,6,159,6,2025,1,summer,train
2161292,"Số 46, phố Lưu Quang Vũ",21.0152,105.7999,2025-06-09 00:00:00+00:00,28.416666666666668,2.267476411203063,24.5,32.6,86.08333333333333,9.681522817097061,70.0,98.0,25.741666666666664,3.970833333333333,10.0,24.1,0.5872072092797896,-1.2063198897173286,1003.625,1001.9250000000001,27.4,27.4,94.875,333.75,55.0,1125.0,2426.2833333333333,210.39999999999998,0,0,160,6,2025,0,summer,train
2161292,"Số 46, phố Lưu Quang Vũ",21.0152,105.7999,2025-06-10 00:00:00+00:00,27.129166666666666,1.438743161254981,24.9,29.4,81.45833333333333,4.995468961461724,74.0,97.0,23.616666666666664,10.720833333333333,16.3,37.1,6.1258834848476775,-8.513451296542536,1004.7833333333333,1003.0833333333334,5.7,5.7,74.41666666666667,407.2916666666667,145.0,885.0,2204.920833333333,63.449999999999996,0,1,161,6,2025,0,summer,train
2161292,"Số 46, phố Lưu Quang Vũ",21.0152,105.7999,2025-06-11 00:00:00+00:00,28.8,2.4438031657732746,25.5,33.0,76.58333333333333,11.10392279553831,58.0,90.0,24.104166666666668,9.75,13.3,32.0,2.579847073757518,-8.34355640923584,1003.6125000000001,1001.9125,0.2,0.2,79.79166666666667,514.1666666666666,60.0,1450.0,2180.5916666666667,1.47,0,2,162,6,2025,0,summer,train
2161292,"Số 46, phố Lưu Quang Vũ",21.0152,105.7999,2025-06-12 00:00:00+00:00,29.204166666666666,2.324066744283403,25.1,32.8,74.04166666666667,11.219079892004892,57.0,95.0,23.900000000000002,11.666666666666666,20.4,45.0,-1.1355198644020412,-11.047250109866518,1002.5749999999999,1000.875,7.0,7.0,97.375,706.875,10.0,1440.0,2138.3958333333335,81.22,0,3,163,6,2025,0,summer,train
2161292,"Số 46, phố Lưu Quang Vũ",21.0152,105.7999,2025-06-13 00:00:00+00:00,28.829166666666666,1.7109568049503159,25.1,31.5,79.875,6.99883530683313,67.0,95.0,24.945833333333336,11.104166666666666,17.5,48.2,3.422117227578397,-10.256187539052481,1001.4166666666666,999.7166666666667,3.8000000000000003,3.8000000000000003,99.54166666666667,542.9166666666666,85.0,1275.0,2292.0833333333335,45.74,0,4,164,6,2025,0,summer,train
2161292,"Số 46, phố Lưu Quang Vũ",21.0152,105.7999,2025-06-14 00:00:00+00:00,30.329166666666666,2.3844567637034233,27.0,34.6,78.58333333333333,11.511493940997552,60.0,95.0,25.9875,8.654166666666667,13.3,29.5,-0.7831027572317507,3.514781629546605,1000.8083333333334,999.1083333333332,1.4,1.4,92.91666666666667,515.8333333333334,105.0,1205.0,2357.5291666666667,17.919999999999998,0,5,165,6,2025,1,summer,train
2161292,"Số 46, phố Lưu Quang Vũ",21.0152,105.7999,2025-06-15 00:00:00+00:00,28.791666666666668,3.0435843666804185,26.0,35.5,87.45833333333333,11.178314280110726,61.0,97.0,26.3125,3.9333333333333336,7.6,29.2,1.3841509062216917,-2.1304955369574974,1002.8375,1001.1374999999999,34.0,34.0,97.70833333333333,360.625,55.0,1530.0,2486.0208333333335,185.66,0,6,166,6,2025,1,summer,train
2161292,"Số 46, phố Lưu Quang Vũ",21.0152,105.7999,2025-06-16 00:00:00+00:00,28.4375,1.8348824153773091,25.9,32.3,85.5,9.362273971265926,67.0,96.0,25.6375,7.258333333333333,12.7,24.8,-2.505346823718471,5.102706050690758,1004.15,1002.4499999999999,3.8,3.8,98.66666666666667,368.75,105.0,945.0,2415.4958333333334,31.479999999999997,0,0,167,6,2025,0,summer,train
2161292,"Số 46, phố Lưu Quang Vũ",21.0152,105.7999,2025-06-17 00:00:00+00:00,29.025000000000002,1.4984774881888245,27.0,31.6,83.79166666666667,4.4622003410938404,77.0,93.0,25.97083333333333,9.191666666666666,16.1,34.9,-2.410120142304313,8.013055420237084,1003.4,1001.6999999999999,0.2,0.2,99.875,329.375,190.0,645.0,2428.616666666667,0.27999999999999997,0,1,168,6,2025,0,summer,train
2161292,"Số 46, phố Lưu Quang Vũ",21.0152,105.7999,2025-06-18 00:00:00+00:00,30.416666666666668,2.400301913377212,27.5,34.0,77.45833333333333,10.51698074819818,59.0,89.0,25.870833333333334,13.9125,16.8,35.6,-1.9417099977239145,13.55837271449971,1002.3625000000001,1000.6625,0.6,0.6,99.875,610.625,170.0,1240.0,2332.6916666666666,5.159999999999999,0,2,169,6,2025,0,summer,train
2161292,"Số 46, phố Lưu Quang Vũ",21.0152,105.7999,2025-06-19 00:00:00+00:00,30.2,2.1635317342755562,27.2,33.8,79.75,9.293522756059264,63.0,92.0,26.22083333333333,12.366666666666667,16.9,33.8,-4.730804260583317,10.861505647897149,1002.4583333333334,1000.7583333333333,1.9,1.9,100.0,543.9583333333334,175.0,1165.0,2389.5208333333335,21.639999999999997,0,3,170,6,2025,0,summer,train
2161292,"Số 46, phố Lưu Quang Vũ",21.0152,105.7999,2025-06-20 00:00:00+00:00,29.191666666666666,2.6911960597258724,25.4,32.8,83.29166666666667,11.700907310292559,68.0,99.0,25.870833333333334,8.15,12.3,28.1,-4.1352579418674384,5.8006129451821415,1003.1541666666667,1001.4541666666668,42.0,42.0,100.0,412.2916666666667,50.0,775.0,2401.6291666666666,212.09,0,4,171,6,2025,0,summer,train
2161292,"Số 46, phố Lưu Quang Vũ",21.0152,105.7999,2025-06-21 00:00:00+00:00,27.241666666666664,2.334787331655277,24.2,31.5,90.0,5.897678246195877,79.0,96.0,25.40416666666667,7.295833333333333,11.8,28.8,-3.8960001694316895,4.644566620521743,1004.7458333333334,1003.0458333333332,55.699999999999996,55.699999999999996,100.0,373.75,15.0,930.0,2439.5625,515.04,0,5,172,6,2025,1,summer,train
2161292,"Số 46, phố Lưu Quang Vũ",21.0152,105.7999,2025-06-22 00:00:00+00:00,27.125,2.03368374267421,24.4,30.2,89.20833333333333,5.6181318778666505,77.0,96.0,25.141666666666666,8.5875,13.3,31.3,-3.340766111923737,7.272036833329966,1005.2416666666667,1003.5416666666666,36.1,36.1,97.75,386.6666666666667,30.0,815.0,2409.3958333333335,279.51,0,6,173,6,2025,1,summer,train
2161292,"Số 46, phố Lưu Quang Vũ",21.0152,105.7999,2025-06-23 00:00:00+00:00,29.020833333333332,2.4516151138926077,25.8,32.7,82.79166666666667,7.812916655556139,70.0,93.0,25.704166666666666,11.041666666666666,16.7,34.6,-4.164052831631722,9.917569363589656,1003.5875,1001.8874999999999,5.0,5.0,89.95833333333333,586.0416666666666,235.0,1180.0,2384.6625,39.760000000000005,0,0,174,6,2025,0,summer,train
2161292,"Số 46, phố Lưu Quang Vũ",21.0152,105.7999,2025-06-24 00:00:00+00:00,28.724999999999998,2.3069366098224595,25.4,32.6,86.0,7.615773105863915,73.0,96.0,26.045833333333334,9.320833333333333,16.2,38.2,-5.187621657513082,7.439721135932975,1004.9833333333332,1003.2833333333333,12.7,12.7,98.20833333333333,465.4166666666667,55.0,1170.0,2453.766666666667,148.68,0,1,175,6,2025,0,summer,train
2161292,"Số 46, phố Lưu Quang Vũ",21.0152,105.7999,2025-06-25 00:00:00+00:00,28.733333333333334,1.9712425273033447,26.0,32.8,83.33333333333333,6.518646609779393,71.0,92.0,25.558333333333334,8.095833333333333,11.3,34.6,-3.810131082760678,7.030588728865123,1005.9791666666666,1004.2791666666667,2.5,2.5,42.25,494.1666666666667,130.0,1235.0,2382.5499999999997,24.080000000000002,0,2,176,6,2025,0,summer,train
2161292,"Số 46, phố Lưu Quang Vũ",21.0152,105.7999,2025-06-26 00:00:00+00:00,28.8125,2.442791080070002,24.8,33.0,84.08333333333333,8.80670034771779,70.0,99.0,25.729166666666668,6.5874999999999995,13.0,25.9,-2.486052312866851,3.404605819296196,1004.2708333333334,1002.5708333333333,27.8,27.8,81.625,512.7083333333334,140.0,1295.0,2402.320833333333,182.62,0,3,177,6,2025,0,summer,train
2161292,"Số 46, phố Lưu Quang Vũ",21.0152,105.7999,2025-06-27 00:00:00+00:00,26.462500000000002,1.6972644230464302,24.3,29.8,91.58333333333333,5.792924219640089,79.0,98.0,24.929166666666664,7.0874999999999995,10.1,32.4,-5.393240108328395,2.301635883777766,1003.9583333333334,1002.2583333333333,33.3,33.3,100.0,268.75,105.0,710.0,2414.445833333333,260.52,0,4,178,6,2025,0,summer,train
2161292,"Số 46, phố Lưu Quang Vũ",21.0152,105.7999,2025-06-28 00:00:00+00:00,27.0625,1.7183947261274455,24.5,30.1,90.25,6.088121006624659,79.0,99.0,25.295833333333334,6.3125,10.0,26.6,-4.655702441033694,1.65545940117163,1002.2083333333334,1000.5083333333333,18.0,18.0,99.79166666666667,310.0,95.0,870.0,2432.5916666666667,135.3,0,5,179,6,2025,1,summer,train
2161292,"Số 46, phố Lưu Quang Vũ",21.0152,105.7999,2025-06-29 00:00:00+00:00,27.4375,2.1182052493233208,24.8,31.6,88.91666666666667,8.118238546719928,74.0,97.0,25.379166666666666,7.4375,13.1,31.0,-5.203680857565687,2.9538748819124696,1000.6625,998.9625,22.5,22.5,100.0,340.4166666666667,85.0,975.0,2423.679166666667,249.94999999999996,0,6,180,6,2025,1,summer,train
2161292,"Số 46, phố Lưu Quang Vũ",21.0152,105.7999,2025-06-30 00:00:00+00:00,27.120833333333334,2.2793933530593207,24.4,32.2,91.45833333333333,7.706457860367717,74.0,99.0,25.541666666666668,6.0,10.5,30.2,-4.946807111988143,0.44349522235923255,1001.9583333333334,1000.2583333333333,60.5,60.5,99.95833333333333,298.75,35.0,940.0,2464.1124999999997,394.07,0,0,181,6,2025,0,summer,train
2161292,"Số 46, phố Lưu Quang Vũ",21.0152,105.7999,2025-07-01 00:00:00+00:00,26.97083333333333,2.15173926953476,24.3,31.0,87.29166666666667,8.735132296186709,70.0,97.0,24.575,7.925,13.0,27.4,-6.304739742340112,4.141611726285121,1004.2958333333332,1002.5958333333333,17.2,17.2,99.79166666666667,382.2916666666667,20.0,1030.0,2336.8958333333335,135.17000000000002,0,1,182,7,2025,0,summer,train
2161292,"Số 46, phố Lưu Quang Vũ",21.0152,105.7999,2025-07-02 00:00:00+00:00,26.554166666666664,1.9838432543855402,23.8,30.1,89.0,7.523875042301938,75.0,98.0,24.537499999999998,7.279166666666666,15.8,34.2,-4.970345309993588,1.519976958907334,1006.4958333333334,1004.7958333333332,11.1,11.1,98.33333333333333,378.9583333333333,45.0,990.0,2349.3166666666666,70.84,0,2,183,7,2025,0,summer,train
2161292,"Số 46, phố Lưu Quang Vũ",21.0152,105.7999,2025-07-03 00:00:00+00:00,26.566666666666666,1.5273354651773157,24.5,29.2,90.25,7.296514951316329,78.0,98.0,24.775000000000002,5.0625,11.2,30.2,-2.378388054799419,-0.9173021831305282,1006.35,1004.65,8.200000000000001,8.200000000000001,99.25,261.6666666666667,20.0,620.0,2387.391666666667,77.91999999999999,0,3,184,7,2025,0,summer,train
2161292,"Số 46, phố Lưu Quang Vũ",21.0152,105.7999,2025-07-04 00:00:00+00:00,27.625,2.037741716790383,25.1,31.4,84.875,7.617556951742694,71.0,95.0,24.78333333333333,4.9125000000000005,9.3,30.6,-1.8075962925723765,1.9371977568436787,1004.625,1002.9250000000001,4.7,4.7,95.58333333333333,353.3333333333333,55.0,1065.0,2330.6291666666666,40.68,0,4,185,7,2025,0,summer,train
2161292,"Số 46, phố Lưu Quang Vũ",21.0152,105.7999,2025-07-05 00:00:00+00:00,29.354166666666668,2.526723117032203,26.2,33.2,78.33333333333333,12.167907421347877,59.0,92.0,24.95,5.466666666666666,11.5,23.4,-2.3885188698233626,3.896972628013097,1003.2375000000001,1001.5375,0.2,0.2,70.54166666666667,459.5833333333333,85.0,1170.0,2270.195833333333,1.82,0,5,186,7,2025,1,summer,train
2161292,"Số 46, phố Lưu Quang Vũ",21.0152,105.7999,2025-07-06 00:00:00+00:00,28.425,2.299007347228081,25.9,32.2,84.29166666666667,9.479860422136413,67.0,96.0,25.366666666666664,6.854166666666667,13.2,34.9,-3.1427183213120506,5.407948683115484,1003.1291666666666,1001.4291666666667,5.699999999999999,5.699999999999999,85.0,450.625,155.0,1015.0,2375.275,69.21000000000001,0,6,187,7,2025,1,summer,train
2161292,"Số 46, phố Lưu Quang Vũ",21.0152,105.7999,2025-07-07 00:00:00+00:00,28.974999999999998,1.9242728722705935,26.5,33.0,84.54166666666667,10.05194840151235,61.0,97.0,25.96666666666667,5.570833333333333,10.9,28.1,-2.610090986192674,3.9150888545327525,1001.6875,999.9875000000001,0.5,0.5,76.08333333333333,409.5833333333333,45.0,1110.0,2431.3125,2.43,0,0,188,7,2025,0,summer,train
2161292,"Số 46, phố Lưu Quang Vũ",21.0152,105.7999,2025-07-08 00:00:00+00:00,30.679166666666664,2.8603707826945692,27.0,34.9,77.625,14.773102762026372,55.0,97.0,25.97083333333333,6.354166666666667,11.0,24.8,-0.3238636620189094,3.147128786214194,999.7958333333332,998.0958333333333,0.2,0.2,86.25,490.8333333333333,35.0,1305.0,2341.241666666667,1.5300000000000002,0,1,189,7,2025,0,summer,train
2161292,"Số 46, phố Lưu Quang Vũ",21.0152,105.7999,2025-07-09 00:00:00+00:00,30.295833333333334,3.2286057250051803,26.8,35.9,81.45833333333333,15.651029044280998,53.0,97.0,26.40416666666667,6.279166666666666,9.4,24.8,2.346857493145061,-3.4643142953380717,998.5833333333334,996.8833333333333,5.800000000000001,5.800000000000001,96.04166666666667,443.75,90.0,1295.0,2420.1041666666665,31.689999999999998,0,2,190,7,2025,0,summer,train
2161292,"Số 46, phố Lưu Quang Vũ",21.0152,105.7999,2025-07-10 00:00:00+00:00,29.84166666666667,2.9783153491261767,25.1,34.5,78.625,14.97479766866288,56.0,97.0,25.3625,8.220833333333333,12.6,28.8,3.9220113827013297,-5.76137828239403,997.9583333333334,996.2583333333333,3.1,3.1,96.45833333333333,473.125,60.0,1095.0,2304.1375000000003,29.07,0,3,191,7,2025,0,summer,train
2161292,"Số 46, phố Lưu Quang Vũ",21.0152,105.7999,2025-07-11 00:00:00+00:00,26.96666666666667,2.083823130829417,24.2,31.0,89.45833333333333,8.246101406470641,72.0,99.0,25.0125,8.641666666666667,13.6,36.0,3.448675103130764,-6.32116086372103,1000.9833333333332,999.2833333333333,34.8,34.8,99.875,350.0,50.0,935.0,2396.4958333333334,349.47999999999996,0,4,192,7,2025,0,summer,train
2161292,"Số 46, phố Lưu Quang Vũ",21.0152,105.7999,2025-07-12 00:00:00+00:00,27.02916666666667,1.73718391974324,24.8,30.3,89.70833333333333,7.920689290748603,74.0,98.0,25.09583333333333,7.183333333333334,11.8,28.4,3.652732230762553,-4.535933409064661,1004.5208333333334,1002.8208333333333,23.2,23.2,99.625,356.0416666666667,35.0,850.0,2412.375,158.39000000000001,0,5,193,7,2025,1,summer,train
2161292,"Số 46, phố Lưu Quang Vũ",21.0152,105.7999,2025-07-13 00:00:00+00:00,28.670833333333334,2.0952283608375417,25.1,32.2,85.25,7.559905681491238,73.0,96.0,25.8875,4.829166666666667,11.3,22.7,-0.4811477895947303,1.4551025299429428,1004.6291666666666,1002.9291666666667,8.9,8.9,89.125,404.5833333333333,45.0,1175.0,2429.3541666666665,42.790000000000006,0,6,194,7,2025,1,summer,train
2161292,"Số 46, phố Lưu Quang Vũ",21.0152,105.7999,2025-07-14 00:00:00+00:00,28.820833333333336,1.5336739539750444,27.0,31.4,87.16666666666667,5.569065698447387,79.0,95.0,26.445833333333336,5.158333333333333,7.8,23.8,-2.4292702827805783,2.892427683399047,1003.0041666666666,1001.3041666666667,9.799999999999999,9.799999999999999,95.91666666666667,326.0416666666667,140.0,760.0,2504.2625000000003,49.91,0,0,195,7,2025,0,summer,train
2161292,"Số 46, phố Lưu Quang Vũ",21.0152,105.7999,2025-07-15 00:00:00+00:00,29.645833333333332,1.9555893511023532,27.5,33.0,82.45833333333333,10.954368462207075,64.0,95.0,26.191666666666666,6.7,10.0,19.8,-2.9346902304276874,4.798879034605166,1001.3458333333333,999.6458333333334,0.2,0.2,77.04166666666667,412.9166666666667,65.0,940.0,2424.1,1.32,0,1,196,7,2025,0,summer,train
2161292,"Số 46, phố Lưu Quang Vũ",21.0152,105.7999,2025-07-16 00:00:00+00:00,29.291666666666668,1.979221776501992,26.4,31.6,86.83333333333333,7.954581215805172,76.0,99.0,26.787499999999998,3.8000000000000003,7.2,19.8,0.7024599001419625,-1.742213002078919,1002.0708333333333,1000.3708333333334,2.3000000000000003,2.3000000000000003,90.04166666666667,293.3333333333333,15.0,760.0,2528.866666666667,7.83,0,2,197,7,2025,0,summer,train
2161292,"Số 46, phố Lưu Quang Vũ",21.0152,105.7999,2025-07-17 00:00:00+00:00,30.733333333333334,2.758176251055044,27.1,34.9,77.25,12.029854168041602,57.0,93.0,26.058333333333334,5.191666666666666,9.4,21.2,-0.18088300989785,3.088517143212894,1001.775,1000.0749999999999,0.2,0.2,68.41666666666667,489.7916666666667,60.0,1180.0,2342.9333333333334,0.55,0,3,198,7,2025,0,summer,train
2161292,"Số 46, phố Lưu Quang Vũ",21.0152,105.7999,2025-07-18 00:00:00+00:00,31.795833333333334,2.999489690896953,27.9,36.2,71.66666666666667,13.304679355535898,51.0,90.0,25.708333333333332,6.041666666666667,8.9,24.1,0.5293841925611357,1.1865252368684855,998.2916666666666,996.6041666666666,0.0,0.0,93.91666666666667,511.875,55.0,1395.0,2241.1,0.0,0,4,199,7,2025,0,summer,train
2161292,"Số 46, phố Lưu Quang Vũ",21.0152,105.7999,2025-07-19 00:00:00+00:00,28.8,3.646558830506897,24.6,35.8,83.58333333333333,12.500144926696086,56.0,93.0,25.504166666666666,7.483333333333333,11.9,31.3,4.238638652795379,-3.789858581873904,997.0625,995.3625000000001,16.2,16.2,99.91666666666667,406.6666666666667,125.0,1395.0,2365.0416666666665,87.51999999999998,0,5,200,7,2025,1,summer,train
2161292,"Số 46, phố Lưu Quang Vũ",21.0152,105.7999,2025-07-20 00:00:00+00:00,29.162499999999998,1.8584267540045794,26.5,33.1,84.45833333333333,9.491319451347954,65.0,95.0,26.150000000000002,9.15,15.2,35.6,5.039067268536614,-3.457564529422557,995.6875,993.9875000000001,4.4,4.4,99.04166666666667,303.75,75.0,780.0,2447.5416666666665,41.45,0,6,201,7,2025,1,summer,train
2161292,"Số 46, phố Lưu Quang Vũ",21.0152,105.7999,2025-07-21 00:00:00+00:00,27.400000000000002,1.6466038830957748,25.4,31.0,89.91666666666667,4.577037837108061,80.0,96.0,25.55,18.554166666666667,31.8,65.2,14.325646869463002,-9.825969167035204,992.5833333333334,990.8833333333333,65.0,65.0,100.0,623.5416666666666,250.0,1035.0,2457.9,1366.85,0,0,202,7,2025,0,summer,train
2161292,"Số 46, phố Lưu Quang Vũ",21.0152,105.7999,2025-07-22 00:00:00+00:00,26.958333333333332,1.7522449368854183,24.7,30.4,86.45833333333333,6.833289147966018,72.0,96.0,24.412499999999998,20.941666666666666,31.8,71.3,-13.278718227456393,-11.769504079502129,992.6791666666667,990.9791666666666,16.8,16.8,99.79166666666667,768.125,210.0,1230.0,2320.4083333333333,432.65999999999997,0,1,203,7,2025,0,summer,train
2161292,"Số 46, phố Lưu Quang Vũ",21.0152,105.7999,2025-07-23 00:00:00+00:00,27.204166666666666,1.8767407378488525,24.8,31.2,89.5,8.107967096306123,72.0,99.0,25.22083333333333,7.608333333333333,16.2,38.2,-4.459645256855135,0.004993974933884242,999.0458333333332,997.3458333333333,22.7,22.7,99.45833333333333,347.9166666666667,80.0,1070.0,2420.525,216.07,0,2,204,7,2025,0,summer,train
2161292,"Số 46, phố Lưu Quang Vũ",21.0152,105.7999,2025-07-24 00:00:00+00:00,27.195833333333336,1.6219899658368286,25.1,30.2,90.125,6.462685536820281,78.0,98.0,25.3875,4.458333333333333,11.0,29.9,-1.8401013567681634,-0.9136127809942852,1001.3291666666668,999.6291666666666,20.8,20.8,100.0,282.0833333333333,40.0,735.0,2441.25,123.43999999999998,0,3,205,7,2025,0,summer,train
2161292,"Số 46, phố Lưu Quang Vũ",21.0152,105.7999,2025-07-25 00:00:00+00:00,27.787499999999998,1.452527781669507,25.8,30.6,90.70833333333333,5.959859690985343,81.0,98.0,26.087500000000002,3.1916666666666664,7.4,19.8,-0.5412302012385248,0.8034445762656386,1001.275,999.5749999999999,12.799999999999999,12.799999999999999,85.125,282.0833333333333,85.0,840.0,2512.545833333333,67.44,0,4,206,7,2025,0,summer,train
2161292,"Số 46, phố Lưu Quang Vũ",21.0152,105.7999,2025-07-26 00:00:00+00:00,28.379166666666666,2.3494641695624945,25.9,32.5,86.25,12.410549509608146,65.0,99.0,25.65416666666667,4.245833333333334,14.1,32.0,-0.03445368951370668,0.21333696684992776,1000.8791666666666,999.1791666666667,7.9,7.9,80.70833333333333,356.0416666666667,45.0,1000.0,2419.9583333333335,102.0,0,5,207,7,2025,1,summer,train
2161292,"Số 46, phố Lưu Quang Vũ",21.0152,105.7999,2025-07-27 00:00:00+00:00,28.491666666666664,2.4346978504915993,25.5,32.5,84.70833333333333,9.897207189148236,65.0,96.0,25.516666666666666,5.258333333333334,13.7,30.6,-1.236331873486964,1.8685771030801437,1000.1791666666667,998.4791666666666,0.5,0.5,72.54166666666667,411.4583333333333,55.0,1080.0,2390.670833333333,2.96,0,6,208,7,2025,1,summer,train
2161292,"Số 46, phố Lưu Quang Vũ",21.0152,105.7999,2025-07-28 00:00:00+00:00,30.1375,2.741280643279231,26.6,34.3,78.83333333333333,12.18576028088475,57.0,95.0,25.837500000000002,5.004166666666666,11.7,24.1,-1.0077141347558174,3.2421856966978315,998.1,996.4,0.0,0.0,28.25,467.2916666666667,60.0,1230.0,2344.1749999999997,0.0,0,0,209,7,2025,0,summer,train
2161292,"Số 46, phố Lưu Quang Vũ",21.0152,105.7999,2025-07-29 00:00:00+00:00,31.320833333333336,2.8199567012813263,27.6,35.5,76.25,10.891759948814917,58.0,92.0,26.454166666666666,5.458333333333333,10.9,20.5,-1.8996882954875403,3.4464941484568197,996.9333333333334,995.2375000000001,0.0,0.0,98.66666666666667,444.7916666666667,35.0,1175.0,2359.391666666667,0.0,0,1,210,7,2025,0,summer,train
2161292,"Số 46, phố Lưu Quang Vũ",21.0152,105.7999,2025-07-30 00:00:00+00:00,31.974999999999998,2.7391287094542474,28.8,36.3,77.08333333333333,11.477451113290405,57.0,92.0,27.224999999999998,5.1375,9.4,22.0,0.06865101630983142,-0.07080207604057802,996.6333333333333,994.9499999999999,0.2,0.2,98.79166666666667,455.4166666666667,20.0,1330.0,2434.920833333333,1.8800000000000001,0,2,211,7,2025,0,summer,train
2161292,"Số 46, phố Lưu Quang Vũ",21.0152,105.7999,2025-07-31 00:00:00+00:00,29.391666666666666,2.8102168671794208,26.4,34.3,83.66666666666667,11.771988368365289,63.0,98.0,26.141666666666666,6.2875000000000005,15.6,34.2,0.987441230109522,1.518067308687496,997.6208333333334,995.9208333333332,13.8,13.8,99.29166666666667,393.125,80.0,1045.0,2428.0125000000003,135.65,0,3,212,7,2025,0,summer,train
2161292,"Số 46, phố Lưu Quang Vũ",21.0152,105.7999,2025-08-01 00:00:00+00:00,28.554166666666664,1.9433228304088872,26.0,32.5,85.75,9.669539802906854,68.0,97.0,25.816666666666666,6.195833333333333,11.2,30.2,0.8449246945420056,-1.8545169231347671,999.2541666666666,997.5541666666667,2.1999999999999997,2.1999999999999997,80.75,365.0,45.0,1090.0,2430.991666666667,6.140000000000001,0,4,213,8,2025,0,summer,train
2161292,"Số 46, phố Lưu Quang Vũ",21.0152,105.7999,2025-08-02 00:00:00+00:00,30.27916666666667,2.4692859673204697,26.5,34.3,80.95833333333333,9.105560492581334,65.0,93.0,26.52916666666667,6.766666666666667,14.2,31.3,0.04744569384730953,5.275426463808811,1000.1125000000001,998.4125,0.2,0.2,90.625,435.8333333333333,45.0,1085.0,2430.025,0.72,0,5,214,8,2025,1,summer,train
2161292,"Số 46, phố Lưu Quang Vũ",21.0152,105.7999,2025-08-03 00:00:00+00:00,31.925,2.9713486909950904,28.1,36.8,71.0,11.302173703973166,51.0,91.0,25.7625,9.25,17.8,36.4,3.041682440155895,7.2662758348748335,999.1708333333332,997.4833333333332,0.3,0.3,92.75,603.5416666666666,60.0,1825.0,2236.195833333333,2.55,0,6,215,8,2025,1,summer,train
2161292,"Số 46, phố Lưu Quang Vũ",21.0152,105.7999,2025-08-04 00:00:00+00:00,32.44166666666667,3.3075561274499776,28.0,37.2,70.79166666666667,15.970024003321557,48.0,95.0,25.974999999999998,6.441666666666666,11.3,29.9,2.3246965069963816,2.5302947426257383,999.3666666666667,997.6833333333334,0.0,0.0,99.91666666666667,566.6666666666666,45.0,1740.0,2246.8083333333334,0.0,0,0,216,8,2025,0,summer,train
2161292,"Số 46, phố Lưu Quang Vũ",21.0152,105.7999,2025-08-05 00:00:00+00:00,29.525000000000002,2.563328339076568,27.0,35.4,85.625,12.795422075373542,55.0,96.0,26.666666666666668,6.020833333333333,11.7,36.4,-2.0311822193886875,-0.37765286287396743,1001.6875,999.9875000000001,4.5,4.5,100.0,319.5833333333333,105.0,1190.0,2497.0750000000003,35.41,0,1,217,8,2025,0,summer,train
2161292,"Số 46, phố Lưu Quang Vũ",21.0152,105.7999,2025-08-06 00:00:00+00:00,27.7625,1.309434826639872,26.2,30.1,92.54166666666667,4.634269011976143,83.0,98.0,26.40833333333333,5.791666666666667,9.0,23.8,-3.420584488062291,3.815059284280943,1003.4958333333334,1001.7958333333332,12.3,12.3,100.0,217.08333333333334,50.0,475.0,2563.741666666667,81.51,0,2,218,8,2025,0,summer,train
2161292,"Số 46, phố Lưu Quang Vũ",21.0152,105.7999,2025-08-07 00:00:00+00:00,29.375,1.685810345720756,26.9,32.4,82.875,6.732868759981181,70.0,95.0,26.09583333333333,6.841666666666666,15.9,32.0,-2.5980705424651385,5.886103456506348,1005.4125,1003.7125,0.5,0.5,77.0,392.0833333333333,120.0,870.0,2425.0125000000003,2.7600000000000002,0,3,219,8,2025,0,summer,train
2161292,"Số 46, phố Lưu Quang Vũ",21.0152,105.7999,2025-08-08 00:00:00+00:00,30.816666666666666,2.5910660332005815,27.1,35.2,76.29166666666667,12.037908119106827,55.0,92.0,25.954166666666666,10.75,16.5,33.1,-1.7655930845658714,10.333513420566833,1005.3416666666667,1003.6416666666668,0.0,0.0,70.875,610.0,140.0,1535.0,2321.6041666666665,0.0,0,4,220,8,2025,0,summer,train
2161292,"Số 46, phố Lưu Quang Vũ",21.0152,105.7999,2025-08-09 00:00:00+00:00,31.758333333333336,2.7922122547117185,28.2,36.0,72.04166666666667,15.195763616352359,50.0,91.0,25.65833333333333,9.208333333333334,14.2,27.7,-2.9463301726653666,7.333705423046371,1003.8125,1002.1125000000001,0.2,0.2,73.83333333333333,727.7083333333334,145.0,1635.0,2247.4874999999997,1.8,0,5,221,8,2025,1,summer,train
2161292,"Số 46, phố Lưu Quang Vũ",21.0152,105.7999,2025-08-10 00:00:00+00:00,30.474999999999998,2.4839047100675278,26.8,34.3,80.79166666666667,11.001893776376262,62.0,96.0,26.608333333333334,8.208333333333334,11.8,27.4,-5.2853626159267675,5.929016521363304,1004.1291666666666,1002.4291666666667,4.0,4.0,93.25,533.125,60.0,1055.0,2436.175,36.51,0,6,222,8,2025,1,summer,train
2161292,"Số 46, phố Lưu Quang Vũ",21.0152,105.7999,2025-08-11 00:00:00+00:00,30.47083333333333,2.534025696768689,26.6,34.5,79.125,11.497873149262084,60.0,93.0,26.2625,9.433333333333334,12.4,29.9,-5.399988740181186,7.422061712334947,1003.9208333333332,1002.2208333333333,1.4,1.4,94.5,639.1666666666666,215.0,1315.0,2383.8541666666665,11.809999999999999,0,0,223,8,2025,0,summer,train
2161292,"Số 46, phố Lưu Quang Vũ",21.0152,105.7999,2025-08-12 00:00:00+00:00,29.879166666666666,2.715971948159333,26.1,34.5,78.41666666666667,10.48774301855209,60.0,92.0,25.558333333333334,7.245833333333334,11.1,35.6,-3.433852946726138,5.863731403210116,1005.1999999999999,1003.5,3.3,3.3,92.16666666666667,474.5833333333333,85.0,1440.0,2316.266666666667,22.560000000000002,0,1,224,8,2025,0,summer,train
2161292,"Số 46, phố Lưu Quang Vũ",21.0152,105.7999,2025-08-13 00:00:00+00:00,29.604166666666668,2.305848738707095,26.7,33.5,80.45833333333333,11.802649542873164,63.0,95.0,25.691666666666666,4.1499999999999995,7.2,18.4,0.431336469460516,2.2596646649889975,1005.3666666666667,1003.6666666666666,0.1,0.1,95.04166666666667,409.5833333333333,30.0,1095.0,2356.766666666667,0.24,0,2,225,8,2025,0,summer,train
2161292,"Số 46, phố Lưu Quang Vũ",21.0152,105.7999,2025-08-14 00:00:00+00:00,29.599999999999998,2.570400070366311,24.9,33.0,80.33333333333333,8.810402283993456,68.0,96.0,25.758333333333336,6.4125000000000005,11.9,26.3,-2.359833786499865,0.375974379328162,1003.4208333333332,1001.7208333333333,8.5,8.5,99.66666666666667,431.6666666666667,170.0,1095.0,2357.2083333333335,80.41,0,3,226,8,2025,0,summer,train
2161292,"Số 46, phố Lưu Quang Vũ",21.0152,105.7999,2025-08-15 00:00:00+00:00,26.03333333333333,1.5851667493321977,23.6,28.6,89.625,5.851885612124637,78.0,98.0,24.162499999999998,6.3125,12.1,25.9,-4.833899434676281,1.422899957342415,1005.8125,1004.1125000000001,17.0,17.0,94.79166666666667,315.2083333333333,30.0,675.0,2324.6666666666665,91.12,0,4,227,8,2025,0,summer,train
2161292,"Số 46, phố Lưu Quang Vũ",21.0152,105.7999,2025-08-16 00:00:00+00:00,25.974999999999998,1.5436405303556016,24.0,29.8,89.875,7.409233369953661,71.0,96.0,24.120833333333334,7.0249999999999995,11.3,24.1,-0.213502962899653,-4.029615679196823,1007.7125,1006.0124999999999,13.8,13.8,94.375,304.7916666666667,145.0,835.0,2324.116666666667,104.84,0,5,228,8,2025,1,summer,train
2161292,"Số 46, phố Lưu Quang Vũ",21.0152,105.7999,2025-08-17 00:00:00+00:00,26.34166666666667,2.4899653684804304,23.8,31.5,88.04166666666667,10.049785490536452,65.0,97.0,24.058333333333334,9.295833333333333,13.6,37.8,4.690714005391912,-6.2348013755643175,1007.3416666666667,1005.6416666666668,20.099999999999998,20.099999999999998,99.875,403.9583333333333,65.0,1415.0,2295.5916666666667,208.18999999999997,0,6,229,8,2025,1,summer,train
2161292,"Số 46, phố Lưu Quang Vũ",21.0152,105.7999,2025-08-18 00:00:00+00:00,26.204166666666666,1.5391920993951926,24.5,29.8,90.0,6.37931439685434,72.0,97.0,24.391666666666666,8.65,15.8,40.7,5.068416762803305,-6.0820637077774355,1005.5,1003.8000000000001,22.3,22.3,100.0,311.875,100.0,1180.0,2349.2833333333333,179.22,0,0,230,8,2025,0,summer,train
2161292,"Số 46, phố Lưu Quang Vũ",21.0152,105.7999,2025-08-19 00:00:00+00:00,26.933333333333334,0.878569324510602,25.0,28.6,90.33333333333333,4.429806813597753,82.0,96.0,25.175,9.0625,13.6,26.6,-2.166549264091752,7.4257198237224555,1005.8375,1004.1374999999999,8.4,8.4,100.0,343.5416666666667,165.0,485.0,2429.5291666666667,51.8,0,1,231,8,2025,0,summer,train
2161292,"Số 46, phố Lưu Quang Vũ",21.0152,105.7999,2025-08-20 00:00:00+00:00,29.0625,2.2060810225966025,26.4,32.7,82.70833333333333,9.93228887612722,64.0,95.0,25.666666666666668,12.0375,15.8,35.6,-4.660611063995197,10.69370669796178,1006.4833333333332,1004.7833333333333,6.3,6.3,99.875,567.7083333333334,260.0,970.0,2383.204166666667,62.650000000000006,0,2,232,8,2025,0,summer,train
2161292,"Số 46, phố Lưu Quang Vũ",21.0152,105.7999,2025-08-21 00:00:00+00:00,28.087500000000002,1.1726271137177788,26.7,30.0,87.54166666666667,4.717950611336931,80.0,93.0,25.791666666666668,12.795833333333334,16.9,38.5,-4.091507898474599,12.013835879315168,1007.4333333333334,1005.7333333333332,5.0,5.0,99.95833333333333,556.4583333333334,325.0,720.0,2453.6458333333335,53.370000000000005,0,3,233,8,2025,0,summer,train
2161292,"Số 46, phố Lưu Quang Vũ",21.0152,105.7999,2025-08-22 00:00:00+00:00,28.1875,1.834052889095625,25.5,31.0,85.04166666666667,6.504039993103068,76.0,95.0,25.34583333333333,9.904166666666667,15.9,36.4,-3.631367061374286,8.877367131991889,1007.5375,1005.8375,11.6,11.6,98.91666666666667,528.125,160.0,1040.0,2386.0333333333333,95.67999999999999,0,4,234,8,2025,0,summer,train
2161292,"Số 46, phố Lưu Quang Vũ",21.0152,105.7999,2025-08-23 00:00:00+00:00,27.879166666666666,1.7744513338584067,25.2,30.4,85.375,9.09759882319648,72.0,96.0,25.108333333333334,5.470833333333334,10.1,31.0,-0.6389577255039081,0.42145571038441415,1007.3958333333334,1005.6958333333333,8.1,8.1,76.41666666666667,378.125,60.0,1075.0,2364.9375,61.78,0,5,235,8,2025,1,summer,train
2161292,"Số 46, phố Lưu Quang Vũ",21.0152,105.7999,2025-08-24 00:00:00+00:00,27.4375,2.4361074617547915,24.3,32.2,84.54166666666667,8.45437456441116,69.0,94.0,24.491666666666664,10.875,15.8,37.4,2.987897078556007,-9.420369660878789,1006.1625,1004.4625,4.4,4.4,83.25,507.0833333333333,140.0,1310.0,2300.3541666666665,61.64,0,6,236,8,2025,1,summer,train
2161292,"Số 46, phố Lưu Quang Vũ",21.0152,105.7999,2025-08-25 00:00:00+00:00,25.087500000000002,1.0759475096296554,23.6,26.9,91.83333333333333,4.439610898213514,81.0,97.0,23.6125,18.6125,24.1,50.4,-10.681739111916697,-13.394647337854176,1005.1166666666667,1003.4166666666666,72.6,72.6,100.0,860.4166666666666,615.0,1085.0,2299.758333333333,1327.58,0,0,237,8,2025,0,summer,train
2161292,"Số 46, phố Lưu Quang Vũ",21.0152,105.7999,2025-08-26 00:00:00+00:00,24.541666666666668,1.040032050788178,23.2,26.5,96.0,2.6865202966565906,90.0,99.0,23.84583333333333,10.745833333333332,18.6,40.7,-7.787024068175025,0.28713886136324535,1007.4916666666667,1005.7916666666666,59.1,59.1,100.0,403.9583333333333,35.0,710.0,2353.5291666666667,697.71,0,1,238,8,2025,0,summer,train
2161292,"Số 46, phố Lưu Quang Vũ",21.0152,105.7999,2025-08-27 00:00:00+00:00,25.258333333333336,1.3180739131701624,23.8,27.9,94.33333333333333,4.949015419574733,82.0,99.0,24.229166666666668,3.4458333333333333,7.9,22.7,-1.0177496556433214,-1.2688728709141361,1007.8125,1006.1125000000001,18.1,18.1,84.25,162.5,30.0,415.0,2376.766666666667,91.57,0,2,239,8,2025,0,summer,train
2161292,"Số 46, phố Lưu Quang Vũ",21.0152,105.7999,2025-08-28 00:00:00+00:00,27.1375,1.8201319827920759,24.5,30.3,87.33333333333333,8.820266518041013,71.0,97.0,24.75,4.425,9.9,31.0,-1.6163141712526492,-0.7540870740172906,1007.3625000000001,1005.6625,1.9,1.9,53.916666666666664,326.875,35.0,1020.0,2355.8791666666666,8.68,0,3,240,8,2025,0,summer,train
2161292,"Số 46, phố Lưu Quang Vũ",21.0152,105.7999,2025-08-29 00:00:00+00:00,26.791666666666668,2.032329284058216,24.4,30.9,86.5,9.408599211914314,68.0,96.0,24.241666666666664,10.966666666666667,18.9,36.4,3.225498083075562,-8.816751134150957,1008.4166666666666,1006.7166666666667,14.4,14.4,92.625,406.0416666666667,55.0,1030.0,2299.766666666667,164.04,0,4,241,8,2025,0,summer,train
2161292,"Số 46, phố Lưu Quang Vũ",21.0152,105.7999,2025-08-30 00:00:00+00:00,25.95,1.9666789486229121,23.5,29.9,91.16666666666667,7.954581215805174,70.0,100.0,24.308333333333334,9.958333333333334,17.1,43.6,-0.9307477563681452,-6.719937589302655,1007.8291666666668,1006.1291666666666,33.5,33.5,96.375,454.1666666666667,90.0,1165.0,2351.4416666666666,388.68,0,5,242,8,2025,1,summer,train
2161292,"Số 46, phố Lưu Quang Vũ",21.0152,105.7999,2025-08-31 00:00:00+00:00,26.170833333333334,1.6622350502617993,23.6,30.0,91.125,7.617556951742694,73.0,99.0,24.52916666666667,4.904166666666667,13.3,31.7,-0.7814860466733916,-1.7441718548721121,1007.8125,1006.1125000000001,27.4,27.4,97.08333333333333,268.5416666666667,15.0,900.0,2373.0875,262.5,0,6,243,8,2025,1,summer,train
2161292,"Số 46, phố Lưu Quang Vũ",21.0152,105.7999,2025-09-01 00:00:00+00:00,27.104166666666668,1.8999952326408562,24.8,30.4,87.75,8.491683911461484,72.0,97.0,24.766666666666666,4.354166666666667,9.1,21.6,-2.04338916325332,1.4118859976576357,1006.7958333333332,1005.0958333333333,4.2,4.2,96.79166666666667,323.5416666666667,50.0,940.0,2363.3250000000003,14.77,0,0,244,9,2025,0,autumn,train
2161292,"Số 46, phố Lưu Quang Vũ",21.0152,105.7999,2025-09-02 00:00:00+00:00,28.162499999999998,1.968847047297522,25.7,31.2,85.33333333333333,8.28128674451788,70.0,96.0,25.358333333333334,6.704166666666667,13.4,30.6,-4.523768887254602,4.380761989718802,1006.6625,1004.9625,2.5,2.5,56.333333333333336,404.1666666666667,95.0,955.0,2387.8458333333333,18.990000000000002,0,1,245,9,2025,0,autumn,train
2161292,"Số 46, phố Lưu Quang Vũ",21.0152,105.7999,2025-09-03 00:00:00+00:00,28.84583333333333,2.3273383130066,25.8,32.5,80.95833333333333,10.92057956204773,62.0,95.0,25.070833333333336,9.033333333333333,12.0,27.7,-4.035558565688141,7.830492426818129,1006.6208333333334,1004.9208333333332,0.5,0.5,31.25,466.25,150.0,890.0,2311.391666666667,4.62,0,2,246,9,2025,0,autumn,train
2161292,"Số 46, phố Lưu Quang Vũ",21.0152,105.7999,2025-09-04 00:00:00+00:00,29.3625,2.5904192207305825,26.1,33.2,78.33333333333333,12.185760280884748,60.0,93.0,24.9875,9.8125,12.7,25.9,-4.40373772938275,8.589611901104774,1006.2583333333333,1004.5583333333334,0.0,0.0,23.875,552.0833333333334,165.0,1115.0,2270.320833333333,0.0,0,3,247,9,2025,0,autumn,train
2161292,"Số 46, phố Lưu Quang Vũ",21.0152,105.7999,2025-09-05 00:00:00+00:00,29.825,2.5624801165718507,26.7,33.6,77.70833333333333,13.297528919401486,58.0,92.0,25.233333333333334,8.329166666666667,11.8,24.8,-4.631683284417406,6.685755436731714,1006.7166666666667,1005.0166666666668,0.0,0.0,55.291666666666664,529.375,95.0,1125.0,2285.4333333333334,0.0,0,4,248,9,2025,0,autumn,train
2161292,"Số 46, phố Lưu Quang Vũ",21.0152,105.7999,2025-09-06 00:00:00+00:00,29.379166666666666,2.2782485963271593,26.5,33.2,81.29166666666667,12.073971885897759,58.0,96.0,25.633333333333336,4.9125000000000005,10.3,29.9,-3.414401648225296,2.57850912647137,1007.1708333333332,1005.4708333333333,0.2,0.2,61.416666666666664,452.5,70.0,1130.0,2362.304166666667,0.8300000000000001,0,5,249,9,2025,1,autumn,validation
2161292,"Số 46, phố Lưu Quang Vũ",21.0152,105.7999,2025-09-07 00:00:00+00:00,30.40833333333333,2.63849704693158,26.5,34.0,67.08333333333333,12.360233101314902,50.0,92.0,23.3125,4.35,9.7,18.7,-1.0094000981328715,2.7244795197543556,1005.2666666666668,1003.5666666666666,0.2,0.2,63.875,510.2083333333333,40.0,1275.0,2010.8166666666666,0.62,0,6,250,9,2025,1,autumn,validation
2161292,"Số 46, phố Lưu Quang Vũ",21.0152,105.7999,2025-09-08 00:00:00+00:00,31.4875,3.0932342016224696,27.8,36.2,66.58333333333333,14.946038203183289,45.0,86.0,24.075,7.841666666666666,14.8,30.2,-2.9518248115657006,5.046250129234838,1004.4499999999999,1002.75,0.0,0.0,90.95833333333333,657.2916666666666,115.0,1450.0,2052.616666666667,0.0,0,0,251,9,2025,0,autumn,validation
2161292,"Số 46, phố Lưu Quang Vũ",21.0152,105.7999,2025-09-09 00:00:00+00:00,28.620833333333334,2.2206499570810476,26.1,32.8,83.04166666666667,9.68404859041142,66.0,95.0,25.3125,4.583333333333333,10.3,25.9,-2.4042851404995456,0.5312886271840624,1006.6041666666666,1004.9041666666667,0.5,0.5,98.66666666666667,333.5416666666667,100.0,900.0,2356.2916666666665,2.87,0,1,252,9,2025,0,autumn,validation
2161292,"Số 46, phố Lưu Quang Vũ",21.0152,105.7999,2025-09-10 00:00:00+00:00,28.441666666666666,2.4535540622191077,25.1,32.0,83.5,11.661903789690598,66.0,96.0,25.2,6.05,11.0,21.2,-3.8146288764879372,3.219053139013339,1007.5749999999999,1005.875,10.5,10.5,99.83333333333333,436.25,70.0,950.0,2348.4,87.25000000000001,0,2,253,9,2025,0,autumn,validation
2161292,"Số 46, phố Lưu Quang Vũ",21.0152,105.7999,2025-09-11 00:00:00+00:00,27.354166666666668,1.921950812985658,25.2,31.1,87.95833333333333,7.321672217326517,74.0,97.0,25.09583333333333,8.925,12.5,29.9,-4.633739167177967,7.005500336270342,1008.5541666666667,1006.8541666666666,9.6,9.6,96.79166666666667,412.5,180.0,835.0,2392.7291666666665,81.51,0,3,254,9,2025,0,autumn,validation
2161292,"Số 46, phố Lưu Quang Vũ",21.0152,105.7999,2025-09-12 00:00:00+00:00,27.337500000000002,1.9347648997723996,25.7,31.5,88.08333333333333,7.603870105394355,73.0,95.0,25.104166666666668,9.083333333333334,14.6,35.3,-4.762745180026184,7.353544027133162,1009.4791666666666,1007.7791666666667,10.100000000000001,10.100000000000001,78.70833333333333,369.375,105.0,1020.0,2394.275,128.25,0,4,255,9,2025,0,autumn,validation
2161292,"Số 46, phố Lưu Quang Vũ",21.0152,105.7999,2025-09-13 00:00:00+00:00,28.71666666666667,2.4048260656016507,25.6,32.5,81.16666666666667,10.361578974296329,65.0,94.0,25.025000000000002,7.733333333333333,11.2,27.0,-4.632157628664929,5.738082569095261,1009.725,1008.025,0.7000000000000001,0.7000000000000001,96.91666666666667,476.4583333333333,60.0,1085.0,2307.3458333333333,6.550000000000001,0,5,256,9,2025,1,autumn,validation
2161292,"Số 46, phố Lưu Quang Vũ",21.0152,105.7999,2025-09-14 00:00:00+00:00,28.229166666666668,2.341028976041664,24.9,31.6,82.16666666666667,10.323744967061497,65.0,95.0,24.775000000000002,7.120833333333334,12.5,27.7,-4.615378370901191,4.731389565146587,1009.6958333333333,1007.9958333333334,3.0,3.0,92.33333333333333,451.25,135.0,1110.0,2296.9583333333335,29.45,0,6,257,9,2025,1,autumn,validation
2161292,"Số 46, phố Lưu Quang Vũ",21.0152,105.7999,2025-09-15 00:00:00+00:00,27.125,2.108213750403715,24.2,30.7,85.375,9.239859306288166,69.0,98.0,24.370833333333334,6.6000000000000005,12.1,29.9,-4.24122962671005,3.24998900924428,1010.6083333333332,1008.9083333333333,11.4,11.4,91.875,369.1666666666667,40.0,950.0,2297.4958333333334,65.89,0,0,258,9,2025,0,autumn,validation
2161292,"Số 46, phố Lưu Quang Vũ",21.0152,105.7999,2025-09-16 00:00:00+00:00,28.270833333333332,2.439436707372289,25.0,31.9,80.91666666666667,11.185847683827857,64.0,95.0,24.491666666666664,5.308333333333334,10.3,23.0,-2.8774165283910573,1.4385373516434221,1009.4208333333332,1007.7208333333333,2.7,2.7,52.375,469.5833333333333,60.0,1125.0,2261.5583333333334,15.42,0,1,259,9,2025,0,autumn,validation
2161292,"Số 46, phố Lưu Quang Vũ",21.0152,105.7999,2025-09-17 00:00:00+00:00,26.95,2.698630892814385,23.4,32.3,85.54166666666667,13.02165142357534,59.0,99.0,24.099999999999998,5.195833333333334,14.8,38.9,-1.4079166514884303,-0.4343117621139569,1009.0,1007.3000000000001,15.2,15.2,90.83333333333333,402.8645833333333,10.0,1370.0,2272.608333333333,84.67999999999999,0,2,260,9,2025,0,autumn,validation
2161292,"Số 46, phố Lưu Quang Vũ",21.0152,105.7999,2025-09-18 00:00:00+00:00,26.941666666666666,2.06753721730167,23.7,30.5,86.91666666666667,9.9473250355218,69.0,99.0,24.462500000000002,4.8,12.6,30.6,-0.20992364298116872,-1.4564306856447546,1008.8625000000001,1007.1625,11.4,11.4,95.25,257.5,20.0,910.0,2322.7916666666665,59.28,0,3,261,9,2025,0,autumn,validation
2161292,"Số 46, phố Lưu Quang Vũ",21.0152,105.7999,2025-09-19 00:00:00+00:00,28.304166666666664,2.247603393504461,25.0,32.0,81.20833333333333,10.463099410564844,62.0,94.0,24.608333333333334,4.679166666666666,8.9,24.8,-1.0111264897405146,1.8096835857319622,1007.9083333333333,1006.2083333333334,0.7000000000000001,0.7000000000000001,45.666666666666664,305.625,15.0,1155.0,2276.425,3.2800000000000002,0,4,262,9,2025,0,autumn,validation
2161292,"Số 46, phố Lưu Quang Vũ",21.0152,105.7999,2025-09-20 00:00:00+00:00,30.325,2.763150375929617,26.6,34.4,70.79166666666667,14.80593055873709,50.0,93.0,24.0125,6.25,12.7,25.2,-3.378167729536082,3.3892044269293193,1005.9083333333333,1004.2083333333334,0.1,0.1,50.0,380.8333333333333,25.0,1185.0,2107.758333333333,0.31000000000000005,0,5,263,9,2025,1,autumn,validation
2161292,"Số 46, phố Lưu Quang Vũ",21.0152,105.7999,2025-09-21 00:00:00+00:00,28.916666666666668,3.2248581588850613,24.1,34.7,79.20833333333333,13.999935300057537,52.0,97.0,24.641666666666666,7.266666666666667,10.4,31.0,-5.4342930234418,1.0374333105279026,1006.5083333333333,1004.8083333333334,14.4,14.4,78.95833333333333,390.8333333333333,80.0,1000.0,2247.420833333333,100.2,0,6,264,9,2025,1,autumn,validation
2161292,"Số 46, phố Lưu Quang Vũ",21.0152,105.7999,2025-09-22 00:00:00+00:00,26.879166666666666,2.1131018137710087,24.2,31.0,86.5,10.375556559194472,67.0,97.0,24.2625,6.95,10.4,25.2,-0.6165059294600838,-3.3741550951298187,1007.225,1005.525,10.5,10.5,75.33333333333333,263.3333333333333,25.0,595.0,2304.704166666667,50.97,0,0,265,9,2025,0,autumn,validation
2161292,"Số 46, phố Lưu Quang Vũ",21.0152,105.7999,2025-09-23 00:00:00+00:00,28.245833333333334,2.4979955732662877,24.9,32.0,77.95833333333333,12.10992825407486,59.0,94.0,23.804166666666664,9.200000000000001,16.1,32.8,4.736068853139636,-6.996453924486335,1004.7083333333334,1003.0083333333333,0.2,0.2,38.458333333333336,403.5416666666667,55.0,1020.0,2173.9625,1.64,0,1,266,9,2025,0,autumn,validation
2161292,"Số 46, phố Lưu Quang Vũ",21.0152,105.7999,2025-09-24 00:00:00+00:00,29.645833333333332,2.7021696864728457,25.6,33.8,65.79166666666667,12.555889547094647,46.0,87.0,22.224999999999998,11.841666666666667,19.4,46.4,5.05689654112152,-9.813498753645847,1001.6625,999.9625,1.1,1.1,93.58333333333333,630.625,85.0,1655.0,1920.8416666666665,14.020000000000001,0,2,267,9,2025,0,autumn,validation
2161292,"Số 46, phố Lưu Quang Vũ",21.0152,105.7999,2025-09-25 00:00:00+00:00,25.337500000000002,1.0643685615343053,24.0,27.2,87.45833333333333,5.216855346867963,76.0,93.0,23.09166666666667,9.595833333333333,18.3,37.8,3.932658927122386,-8.22671522704089,1005.2666666666668,1003.5666666666666,14.2,14.2,99.25,381.6666666666667,125.0,800.0,2210.9625,220.82,0,3,268,9,2025,0,autumn,validation
2161292,"Số 46, phố Lưu Quang Vũ",21.0152,105.7999,2025-09-26 00:00:00+00:00,25.425,1.5094629047676413,23.7,28.8,90.5,7.7347325071085455,75.0,99.0,23.65833333333333,6.758333333333333,10.9,25.6,0.4636960403023975,-6.043237315199975,1011.6916666666666,1009.9916666666667,23.0,23.0,99.58333333333333,262.7083333333333,115.0,525.0,2290.4958333333334,147.65,0,4,269,9,2025,0,autumn,validation
2161292,"Số 46, phố Lưu Quang Vũ",21.0152,105.7999,2025-09-27 00:00:00+00:00,26.7625,2.1622879388358016,24.0,30.9,87.58333333333333,8.021257988005685,69.0,97.0,24.458333333333332,9.066666666666666,15.3,39.2,4.063876972598818,-4.748032902010219,1010.9833333333332,1009.2833333333333,25.0,25.0,92.25,287.2916666666667,100.0,875.0,2327.9,188.60999999999999,0,5,270,9,2025,1,autumn,validation
2161292,"Số 46, phố Lưu Quang Vũ",21.0152,105.7999,2025-09-28 00:00:00+00:00,25.745833333333334,1.7047195782825117,24.0,29.0,89.41666666666667,5.807915637986751,79.0,96.0,23.829166666666666,15.116666666666667,24.0,53.3,-4.265852497989818,-12.622506957719809,1007.4666666666667,1005.7666666666668,62.5,62.5,92.45833333333333,823.3333333333334,240.0,1135.0,2293.3083333333334,1088.1599999999999,0,6,271,9,2025,1,autumn,validation
2161292,"Số 46, phố Lưu Quang Vũ",21.0152,105.7999,2025-09-29 00:00:00+00:00,24.516666666666666,0.5821001457740275,23.5,25.4,95.70833333333333,1.8528278426482983,92.0,99.0,23.775000000000002,20.1625,34.7,70.9,-17.413891825951413,3.3922793266462583,1006.8583333333332,1005.1583333333333,70.2,70.2,100.0,746.25,385.0,1165.0,2345.7125,1466.45,0,0,272,9,2025,0,autumn,validation
2161292,"Số 46, phố Lưu Quang Vũ",21.0152,105.7999,2025-09-30 00:00:00+00:00,25.233333333333334,1.204580629411591,23.6,27.5,93.375,3.9979614370543795,85.0,98.0,24.075,10.379166666666666,16.4,38.2,-6.4271516484656095,7.268175104875367,1010.8666666666667,1009.1666666666666,28.900000000000002,28.900000000000002,99.04166666666667,390.8333333333333,140.0,845.0,2351.875,357.13,0,1,273,9,2025,0,autumn,validation
2161292,"Số 46, phố Lưu Quang Vũ",21.0152,105.7999,2025-10-01 00:00:00+00:00,26.71666666666667,1.3773530590503538,24.8,29.5,89.625,6.274950199005566,76.0,97.0,24.84166666666667,6.529166666666666,11.7,34.2,-2.474304099843174,5.768857437938768,1011.35,1009.65,2.7,2.7,95.58333333333333,319.5833333333333,70.0,910.0,2386.516666666667,24.31,0,2,274,10,2025,0,autumn,validation
2161292,"Số 46, phố Lưu Quang Vũ",21.0152,105.7999,2025-10-02 00:00:00+00:00,28.020833333333332,2.554106525759552,24.8,32.3,79.41666666666667,12.147344195934048,57.0,96.0,23.90416666666667,9.108333333333333,10.8,24.8,-4.334958878328545,7.848975391949616,1010.9833333333332,1009.2833333333333,0.2,0.2,28.583333333333332,428.5416666666667,120.0,960.0,2196.266666666667,1.79,0,3,275,10,2025,0,autumn,validation
2161292,"Số 46, phố Lưu Quang Vũ",21.0152,105.7999,2025-10-03 00:00:00+00:00,28.099999999999998,2.520179427704719,25.2,31.9,81.08333333333333,14.843873473933446,59.0,99.0,24.2625,8.1375,12.0,25.9,-5.639438835692174,5.722009278331062,1011.0291666666667,1009.3291666666668,0.0,0.0,13.0,451.4583333333333,35.0,1170.0,2242.8541666666665,0.0,0,4,276,10,2025,0,autumn,validation
2161292,"Số 46, phố Lưu Quang Vũ",21.0152,105.7999,2025-10-04 00:00:00+00:00,27.870833333333334,2.29052474843395,24.9,31.5,86.04166666666667,10.872698823665853,67.0,99.0,25.170833333333334,5.2375,8.4,26.3,-3.334611694473582,2.0404048256839324,1009.85,1008.15,0.30000000000000004,0.30000000000000004,58.875,338.3333333333333,15.0,950.0,2374.391666666667,1.83,0,5,277,10,2025,1,autumn,validation
2161292,"Số 46, phố Lưu Quang Vũ",21.0152,105.7999,2025-10-05 00:00:00+00:00,28.9375,2.0580304007557277,25.5,32.8,81.79166666666667,8.939308244157258,65.0,97.0,25.400000000000002,9.329166666666667,20.1,39.2,6.055050007333679,-5.296606500243288,1004.5208333333334,1002.8208333333333,2.5,2.5,96.16666666666667,369.1666666666667,50.0,1020.0,2351.4791666666665,36.870000000000005,0,6,278,10,2025,1,autumn,validation
2161292,"Số 46, phố Lưu Quang Vũ",21.0152,105.7999,2025-10-06 00:00:00+00:00,24.7,1.064036612642385,23.5,26.5,93.70833333333333,3.5689380550213667,86.0,98.0,23.59166666666667,11.5875,18.9,35.3,0.8303847707405655,5.929251539469271,1006.6833333333334,1004.9833333333332,98.9,98.9,100.0,403.9583333333333,230.0,685.0,2311.3083333333334,1178.6100000000001,0,0,279,10,2025,0,autumn,validation
2161292,"Số 46, phố Lưu Quang Vũ",21.0152,105.7999,2025-10-07 00:00:00+00:00,24.191666666666666,0.973526385460817,23.0,26.4,96.54166666666667,3.134370010435729,86.0,99.0,23.59166666666667,6.079166666666667,14.4,31.7,-2.0869134084521512,1.2562788941965148,1013.0083333333333,1011.2875,61.9,61.9,100.0,338.75,60.0,730.0,2333.0499999999997,327.13,0,1,280,10,2025,0,autumn,validation
2161292,"Số 46, phố Lưu Quang Vũ",21.0152,105.7999,2025-10-08 00:00:00+00:00,26.354166666666668,2.21673068448475,23.7,29.6,86.66666666666667,10.217915496883364,71.0,100.0,23.8,3.6666666666666665,6.3,18.7,-1.0484112737918012,-1.0758003681669333,1012.4833333333332,1010.7833333333333,0.5,0.5,69.75,265.625,15.0,765.0,2262.679166666667,2.0300000000000002,0,2,281,10,2025,0,autumn,validation
2161292,"Số 46, phố Lưu Quang Vũ",21.0152,105.7999,2025-10-09 00:00:00+00:00,27.175,2.3918793775024976,24.2,31.0,82.41666666666667,13.422617727800583,61.0,99.0,23.691666666666666,4.554166666666666,8.4,16.2,-2.164252767956928,1.3160829866097639,1012.0375,1010.3375,1.0,1.0,33.375,350.8333333333333,35.0,965.0,2209.15,3.5199999999999996,0,3,282,10,2025,0,autumn,validation
2161292,"Số 46, phố Lưu Quang Vũ",21.0152,105.7999,2025-10-10 00:00:00+00:00,27.620833333333334,2.2955494116767086,24.3,31.1,80.875,12.259202399759165,61.0,95.0,23.858333333333334,5.195833333333334,10.0,19.1,-3.272709024656868,1.608335176103821,1011.1625,1009.4625,1.2000000000000002,1.2000000000000002,21.625,377.5,65.0,980.0,2207.2625000000003,7.59,0,4,283,10,2025,0,autumn,validation
2161292,"Số 46, phố Lưu Quang Vũ",21.0152,105.7999,2025-10-11 00:00:00+00:00,26.325,1.1640446726822826,24.7,29.5,90.29166666666667,6.974981169783943,73.0,100.0,24.566666666666666,3.6166666666666667,12.0,24.5,-1.4279649027156316,1.0355700456623362,1010.7541666666666,1009.0541666666667,0.8999999999999999,0.8999999999999999,82.04166666666667,225.20833333333334,35.0,900.0,2369.8541666666665,4.17,0,5,284,10,2025,1,autumn,validation
2161292,"Số 46, phố Lưu Quang Vũ",21.0152,105.7999,2025-10-12 00:00:00+00:00,27.900000000000002,2.127868907371064,25.0,31.1,81.75,11.398893920407176,63.0,96.0,24.304166666666664,5.358333333333333,9.8,19.4,-4.277862857332365,2.2682247950304624,1010.1291666666666,1008.4291666666667,0.7000000000000001,0.7000000000000001,29.833333333333332,380.8333333333333,55.0,950.0,2257.95,2.63,0,6,285,10,2025,1,autumn,validation
2161292,"Số 46, phố Lưu Quang Vũ",21.0152,105.7999,2025-10-13 00:00:00+00:00,26.025000000000002,2.018662923818637,23.2,29.9,90.375,8.786414909194855,74.0,99.0,24.233333333333334,4.654166666666667,10.3,24.1,-2.1120899298498528,-0.6664883528338866,1011.1541666666667,1009.4541666666668,34.6,34.6,97.54166666666667,271.875,25.0,865.0,2336.1,164.44,0,0,286,10,2025,0,autumn,validation
2161292,"Số 46, phố Lưu Quang Vũ",21.0152,105.7999,2025-10-14 00:00:00+00:00,24.808333333333334,1.2713965846117077,23.6,27.8,93.41666666666667,6.419512826339414,80.0,99.0,23.633333333333336,5.354166666666667,13.7,28.8,-2.521644332172036,-2.0155098631796107,1011.4833333333332,1009.7833333333333,18.5,18.5,100.0,240.83333333333334,35.0,560.0,2309.8958333333335,125.07,0,1,287,10,2025,0,autumn,validation
2161292,"Số 46, phố Lưu Quang Vũ",21.0152,105.7999,2025-10-15 00:00:00+00:00,25.6875,1.5546039618696663,23.0,28.5,89.625,7.149414691762023,75.0,97.0,23.791666666666668,5.233333333333333,10.0,27.0,-3.667495416654607,1.420755163132192,1012.6083333333332,1010.9041666666667,14.6,14.6,95.66666666666667,286.4583333333333,20.0,780.0,2292.1208333333334,106.75,0,2,288,10,2025,0,autumn,validation
2161292,"Số 46, phố Lưu Quang Vũ",21.0152,105.7999,2025-10-16 00:00:00+00:00,26.09583333333333,2.0747926384951407,23.8,30.1,88.25,10.451752505430973,70.0,99.0,23.875,4.7749999999999995,9.2,32.0,0.7918968781151854,-2.3061508166500166,1013.7333333333332,1012.0333333333333,1.4000000000000001,1.4000000000000001,44.791666666666664,275.0,15.0,990.0,2282.6875,4.630000000000001,0,3,289,10,2025,0,autumn,validation
2161292,"Số 46, phố Lưu Quang Vũ",21.0152,105.7999,2025-10-17 00:00:00+00:00,27.2375,2.448391219804833,23.8,31.0,81.125,13.485297952569136,58.0,99.0,23.520833333333332,4.120833333333334,7.2,22.0,-1.2593377859490322,-1.371809156357153,1013.4166666666666,1011.7166666666667,0.39999999999999997,0.39999999999999997,23.916666666666668,387.7083333333333,10.0,1300.0,2178.258333333333,2.3899999999999997,0,4,290,10,2025,0,autumn,validation
2161292,"Số 46, phố Lưu Quang Vũ",21.0152,105.7999,2025-10-18 00:00:00+00:00,27.162499999999998,2.7129019437719704,23.0,31.2,81.625,13.216631485597496,60.0,98.0,23.520833333333332,5.645833333333333,11.9,25.9,-1.9031687188324424,-0.8765029397467329,1012.7291666666666,1011.025,13.7,13.7,18.875,395.0,35.0,1240.0,2183.3250000000003,120.25,0,5,291,10,2025,1,autumn,validation
2161292,"Số 46, phố Lưu Quang Vũ",21.0152,105.7999,2025-10-19 00:00:00+00:00,25.920833333333334,2.2875806788655195,23.1,30.5,86.29166666666667,9.317954462344124,67.0,96.0,23.337500000000002,9.166666666666666,16.0,33.1,1.271501014731684,-7.106728717480695,1013.1041666666666,1011.3916666666668,7.8,7.8,38.375,425.4166666666667,110.0,1245.0,2217.2458333333334,50.44,0,6,292,10,2025,1,autumn,validation
2161292,"Số 46, phố Lưu Quang Vũ",21.0152,105.7999,2025-10-20 00:00:00+00:00,25.329166666666666,2.6097608030766666,21.2,29.3,67.70833333333333,6.993656546046416,55.0,79.0,18.849999999999998,12.379166666666668,16.4,37.1,-5.895212247108628,-10.302616654957692,1014.3833333333333,1012.65,0.0,0.0,4.791666666666667,807.7083333333334,380.0,1575.0,1700.2166666666665,0.0,0,0,293,10,2025,0,autumn,validation
2161292,"Số 46, phố Lưu Quang Vũ",21.0152,105.7999,2025-10-21 00:00:00+00:00,23.883333333333336,2.4253492203350246,20.2,29.5,60.041666666666664,5.915926673463514,45.0,70.0,15.6,15.725,22.3,48.6,-5.3402472378191765,-14.515946688341089,1016.4458333333333,1014.6875,0.0,0.0,56.916666666666664,1060.4166666666667,660.0,2145.0,1422.6458333333333,0.0,0,1,294,10,2025,0,autumn,validation
2161292,"Số 46, phố Lưu Quang Vũ",21.0152,105.7999,2025-10-22 00:00:00+00:00,21.804166666666664,1.8599857799051236,18.6,24.7,60.0,6.107728532448618,51.0,71.0,13.616666666666667,14.966666666666667,18.9,42.1,-5.415791825692513,-13.598758572245506,1018.5375,1016.75,0.9,0.9,100.0,1049.375,770.0,1435.0,1298.2833333333333,13.06,0,2,295,10,2025,0,autumn,validation
2161292,"Số 46, phố Lưu Quang Vũ",21.0152,105.7999,2025-10-23 00:00:00+00:00,19.220833333333335,0.5992598091317147,18.2,20.2,73.79166666666667,7.0893623106041455,64.0,86.0,14.358333333333334,12.516666666666666,16.8,36.7,-2.1402763291426723,-12.053568224701232,1020.0166666666668,1018.2166666666667,2.0,2.0,100.0,727.2916666666666,375.0,955.0,1415.175,25.359999999999996,0,3,296,10,2025,0,autumn,validation
2161292,"Số 46, phố Lưu Quang Vũ",21.0152,105.7999,2025-10-24 00:00:00+00:00,20.316666666666666,0.6525313030416806,19.5,22.0,82.41666666666667,10.060325289350043,65.0,95.0,17.091666666666665,8.383333333333333,11.6,27.4,2.609702829697929,-7.463511846395003,1018.4499999999999,1016.65,0.7000000000000001,0.7000000000000001,98.66666666666667,460.8333333333333,185.0,860.0,1668.9791666666667,6.17,0,4,297,10,2025,0,autumn,validation
2161292,"Số 46, phố Lưu Quang Vũ",21.0152,105.7999,2025-10-25 00:00:00+00:00,22.483333333333334,1.3640306851918431,20.5,25.2,76.08333333333333,9.477280231148077,61.0,89.0,17.912499999999998,7.6625000000000005,10.2,22.3,1.450640353048805,-6.987289276520151,1017.0333333333333,1015.2541666666666,0.0,0.0,75.04166666666667,359.7916666666667,85.0,925.0,1699.4916666666668,0.0,0,5,298,10,2025,1,autumn,validation
2161292,"Số 46, phố Lưu Quang Vũ",21.0152,105.7999,2025-10-26 00:00:00+00:00,23.75,2.0121370858303638,20.6,27.0,71.625,6.07068866518167,62.0,81.0,18.2625,8.641666666666667,12.7,25.2,-1.9389306697352584,-7.822605077466666,1017.0875,1015.3249999999999,0.0,0.0,69.375,562.5,25.0,1125.0,1693.3999999999999,0.0,0,6,299,10,2025,1,autumn,validation
2161292,"Số 46, phố Lưu Quang Vũ",21.0152,105.7999,2025-10-27 00:00:00+00:00,23.420833333333334,1.7222278712701504,21.1,26.6,71.33333333333333,9.111228937614474,57.0,82.0,17.787499999999998,8.1,13.2,29.9,-1.4948738840805917,-7.8388978498535264,1017.3166666666666,1015.5458333333332,0.0,0.0,90.04166666666667,413.5416666666667,15.0,1015.0,1661.1625000000001,0.0,0,0,300,10,2025,0,autumn,validation
2161292,"Số 46, phố Lưu Quang Vũ",21.0152,105.7999,2025-10-28 00:00:00+00:00,23.379166666666666,2.0222628665555007,20.0,26.7,69.91666666666667,9.338637209332859,54.0,82.0,17.416666666666668,6.987500000000001,12.8,30.2,-2.6507573472683235,-5.682954479198238,1016.6374999999999,1014.8666666666667,0.0,0.0,98.83333333333333,433.3333333333333,40.0,1220.0,1618.3041666666668,0.0,0,1,301,10,2025,0,autumn,validation
2161292,"Số 46, phố Lưu Quang Vũ",21.0152,105.7999,2025-10-29 00:00:00+00:00,24.379166666666666,1.551711304017113,20.7,26.8,73.54166666666667,11.313628436792374,56.0,89.0,19.129166666666666,4.408333333333333,9.8,23.8,-0.06858749879343486,-3.76437342693738,1015.5875,1013.85,0.0,0.0,88.5,311.6666666666667,10.0,920.0,1779.5291666666665,0.0,0,2,302,10,2025,0,autumn,validation
2161292,"Số 46, phố Lưu Quang Vũ",21.0152,105.7999,2025-10-30 00:00:00+00:00,23.695833333333336,1.0824606295347434,22.3,25.8,87.08333333333333,6.460021985873662,76.0,96.0,21.358333333333334,8.108333333333333,11.5,20.9,-2.435317107263629,-6.867143236421054,1016.0124999999999,1014.2458333333334,4.4,4.4,100.0,429.7916666666667,240.0,650.0,2057.0833333333335,34.7,0,3,303,10,2025,0,autumn,validation
2161292,"Số 46, phố Lưu Quang Vũ",21.0152,105.7999,2025-10-31 00:00:00+00:00,22.941666666666666,1.274129427138958,20.6,25.0,87.45833333333333,6.317533686816239,75.0,94.0,20.708333333333332,9.833333333333334,14.1,26.6,-1.5140866792843877,-9.464809651768238,1016.8000000000001,1015.0208333333334,5.3,5.3,100.0,467.0833333333333,170.0,760.0,1999.8333333333333,57.589999999999996,0,4,304,10,2025,0,autumn,validation
2161292,"Số 46, phố Lưu Quang Vũ",21.0152,105.7999,2025-11-01 00:00:00+00:00,20.254166666666666,0.6665806103877642,19.0,21.4,85.16666666666667,2.4612945810066593,80.0,91.0,17.675,10.4625,14.2,28.8,-1.978835183948659,-10.196252268607735,1017.7875,1015.9875000000001,5.0,5.0,100.0,491.0416666666667,375.0,650.0,1724.5458333333333,57.49,0,5,305,11,2025,1,autumn,validation
2161292,"Số 46, phố Lưu Quang Vũ",21.0152,105.7999,2025-11-02 00:00:00+00:00,20.191666666666666,0.6142628432354587,19.1,21.2,82.08333333333333,2.827145843989729,77.0,89.0,17.045833333333334,11.970833333333333,13.7,28.1,-0.21640318480812307,-11.897958699529418,1018.2333333333332,1016.4333333333334,0.8,0.8,100.0,632.7083333333334,430.0,740.0,1656.8999999999999,9.65,0,6,306,11,2025,1,autumn,validation
2161292,"Số 46, phố Lưu Quang Vũ",21.0152,105.7999,2025-11-03 00:00:00+00:00,18.841666666666665,0.6781795752099016,18.0,20.0,82.83333333333333,4.555614468807239,77.0,90.0,15.841666666666667,12.0875,14.6,29.5,0.8356270240496553,-11.962224243196912,1018.3874999999999,1016.5875,3.8,3.8,100.0,675.2083333333334,535.0,765.0,1558.0833333333333,46.78,0,0,307,11,2025,0,autumn,validation
2161292,"Số 46, phố Lưu Quang Vũ",21.0152,105.7999,2025-11-04 00:00:00+00:00,19.558333333333334,0.6813775475599707,18.1,20.7,81.25,6.305622060131537,68.0,88.0,16.2,8.125,15.5,34.6,0.5932208050693765,-7.972016938069725,1017.0333333333333,1015.2333333333332,2.1,2.1,99.625,429.7916666666667,25.0,900.0,1586.6875,24.28,0,1,308,11,2025,0,autumn,validation
2161292,"Số 46, phố Lưu Quang Vũ",21.0152,105.7999,2025-11-05 00:00:00+00:00,20.883333333333333,1.1231425890608546,19.1,22.7,83.33333333333333,9.23446600074096,70.0,97.0,17.841666666666665,4.416666666666667,8.1,18.4,-1.486827694920965,-2.1415352946623885,1013.6625,1011.8625000000001,0.0,0.0,81.875,226.25,20.0,630.0,1732.8625,0.0,0,2,309,11,2025,0,autumn,validation
2161292,"Số 46, phố Lưu Quang Vũ",21.0152,105.7999,2025-11-06 00:00:00+00:00,22.325,1.4563951924260605,20.0,24.7,87.625,8.245222595671622,74.0,96.0,20.116666666666667,4.695833333333334,8.5,19.4,-1.0039808004261568,-1.3285551431276528,1012.5833333333334,1010.8166666666666,0.2,0.2,71.79166666666667,220.0,15.0,675.0,1945.3291666666667,1.5100000000000002,0,3,310,11,2025,0,autumn,validation
2161292,"Số 46, phố Lưu Quang Vũ",21.0152,105.7999,2025-11-07 00:00:00+00:00,23.366666666666664,1.0209401748289209,21.6,25.0,91.79166666666667,4.452445997686981,83.0,98.0,21.933333333333334,8.75,11.4,26.3,1.3456192455649143,-7.387905259947815,1012.0541666666667,1010.3041666666667,11.4,11.4,99.70833333333333,312.9166666666667,115.0,525.0,2141.2125,98.34,0,4,311,11,2025,0,autumn,validation
2161292,"Số 46, phố Lưu Quang Vũ",21.0152,105.7999,2025-11-08 00:00:00+00:00,24.808333333333334,1.6143154873672076,22.5,28.0,91.875,6.75864985230681,78.0,100.0,23.34583333333333,6.2749999999999995,12.2,34.2,-4.350385326780957,1.699639346327623,1012.9166666666666,1011.2041666666668,50.2,50.2,74.16666666666667,299.7916666666667,20.0,865.0,2269.3250000000003,214.04,0,5,312,11,2025,1,autumn,validation
2161292,"Số 46, phố Lưu Quang Vũ",21.0152,105.7999,2025-11-09 00:00:00+00:00,24.558333333333334,1.3974873933215841,22.7,27.8,93.375,6.077846443544322,80.0,100.0,23.395833333333332,5.5625,11.4,23.0,-4.097238964507817,0.30613504482638915,1011.8874999999999,1010.1791666666667,15.700000000000001,15.700000000000001,82.25,216.875,50.0,730.0,2285.445833333333,74.18,0,6,313,11,2025,1,autumn,validation
2161292,"Số 46, phố Lưu Quang Vũ",21.0152,105.7999,2025-11-10 00:00:00+00:00,24.0125,2.0532715146914877,21.5,27.4,81.5,6.1006058145357835,70.0,93.0,20.587500000000002,7.483333333333333,9.9,23.8,-5.638242025473467,-4.315260838938836,1010.9250000000001,1009.1833333333334,1.3,1.3,98.20833333333333,418.5416666666667,135.0,940.0,1948.0166666666667,9.9,0,0,314,11,2025,0,autumn,validation
2161292,"Số 46, phố Lưu Quang Vũ",21.0152,105.7999,2025-11-11 00:00:00+00:00,22.2625,1.0499741197638695,20.1,24.1,76.79166666666667,4.606037310980549,69.0,85.0,17.991666666666667,6.995833333333334,11.4,24.1,-2.6402337320988667,-6.020529251865679,1013.4,1011.625,0.1,0.1,99.875,495.0,55.0,785.0,1708.8500000000001,0.97,0,1,315,11,2025,0,autumn,validation
2161292,"Số 46, phố Lưu Quang Vũ",21.0152,105.7999,2025-11-12 00:00:00+00:00,21.97083333333333,1.565519546117314,19.8,24.6,71.5,10.57067313063755,54.0,88.0,16.416666666666668,6.829166666666667,12.1,27.0,-0.5629738513788305,-6.356571596962914,1016.5166666666668,1014.7375000000001,0.0,0.0,84.125,403.3333333333333,30.0,920.0,1560.6958333333332,0.0,0,2,316,11,2025,0,autumn,validation
2161292,"Số 46, phố Lưu Quang Vũ",21.0152,105.7999,2025-11-13 00:00:00+00:00,21.491666666666664,2.8936086491598583,16.9,25.8,69.45833333333333,14.108212738212687,49.0,87.0,15.35,5.9875,13.0,30.6,-1.9663755185201424,-4.531474527684325,1017.8416666666667,1016.0625,0.0,0.0,9.208333333333334,445.625,15.0,1285.0,1455.5958333333335,0.0,0,3,317,11,2025,0,autumn,validation
2161292,"Số 46, phố Lưu Quang Vũ",21.0152,105.7999,2025-11-14 00:00:00+00:00,20.7125,3.195963826861733,16.4,25.5,70.5,16.95774800471172,43.0,92.0,14.641666666666666,4.966666666666667,9.8,24.8,-1.717711018573042,-3.865889639801752,1018.2958333333332,1016.5166666666668,0.0,0.0,1.1666666666666667,339.5833333333333,10.0,1150.0,1409.2541666666666,0.0,0,4,318,11,2025,0,autumn,validation
2161292,"Số 46, phố Lưu Quang Vũ",21.0152,105.7999,2025-11-15 00:00:00+00:00,22.041666666666668,2.4726181629418935,17.8,26.3,74.83333333333333,11.882272753859068,55.0,88.0,17.125,6.9375,10.8,27.0,1.5601667905042953,-6.189493676333072,1019.6625,1017.8833333333333,0.0,0.0,28.666666666666668,381.4583333333333,20.0,1295.0,1623.8083333333334,0.0,0,5,319,11,2025,1,autumn,validation
2161292,"Số 46, phố Lưu Quang Vũ",21.0152,105.7999,2025-11-16 00:00:00+00:00,22.320833333333336,1.4178916272644653,20.1,24.9,82.91666666666667,7.694812858512944,68.0,91.0,19.191666666666666,6.216666666666666,8.8,20.2,3.6139612062557966,-4.91943113856312,1019.7791666666667,1017.9875000000001,0.9,0.9,76.95833333333333,216.04166666666666,45.0,610.0,1841.0874999999999,4.03,0,6,320,11,2025,1,autumn,validation
2161292,"Số 46, phố Lưu Quang Vũ",21.0152,105.7999,2025-11-17 00:00:00+00:00,22.412499999999998,1.4314214583079126,20.6,24.9,88.125,8.10427959945157,73.0,96.0,20.279166666666665,8.295833333333333,13.1,23.8,1.4549651880344,-7.675384555446353,1020.4375,1018.6458333333334,4.0,4.0,100.0,321.875,115.0,625.0,1964.6708333333333,39.78,0,0,321,11,2025,0,autumn,validation
2161292,"Số 46, phố Lưu Quang Vũ",21.0152,105.7999,2025-11-18 00:00:00+00:00,15.704166666666666,2.6404016767326794,12.9,21.0,85.875,4.875069676202185,74.0,94.0,13.325000000000001,18.220833333333335,22.9,46.8,-6.933918340826832,-16.138094392540676,1026.3458333333333,1024.5458333333333,15.9,15.9,100.0,872.9166666666666,430.0,1095.0,1352.4916666666666,290.74,0,1,322,11,2025,0,autumn,validation
2161292,"Số 46, phố Lưu Quang Vũ",21.0152,105.7999,2025-11-19 00:00:00+00:00,14.883333333333333,0.9760909912443636,12.9,16.8,73.125,8.394162050004702,54.0,83.0,10.025,9.433333333333334,21.9,47.9,-1.229700914726085,-9.14665785025691,1026.8291666666667,1025.0291666666667,0.1,0.1,61.916666666666664,531.6666666666666,70.0,1220.0,1084.8666666666666,1.36,0,2,323,11,2025,0,autumn,validation
2161292,"Số 46, phố Lưu Quang Vũ",21.0152,105.7999,2025-11-20 00:00:00+00:00,17.270833333333332,2.25301328016053,13.9,21.1,65.875,10.783693406169377,49.0,80.0,10.633333333333333,9.558333333333334,14.7,34.6,0.6109689236005328,-9.173437398776437,1024.8166666666666,1023.0166666666668,0.0,0.0,4.75,496.4583333333333,35.0,1255.0,1118.2791666666667,0.0,0,3,324,11,2025,0,autumn,validation
2161292,"Số 46, phố Lưu Quang Vũ",21.0152,105.7999,2025-11-21 00:00:00+00:00,18.2375,2.9061871779091377,14.7,22.8,66.16666666666667,14.300096280206942,41.0,89.0,11.416666666666666,8.4125,16.1,36.7,-0.7792176604948428,-7.82418956266698,1023.4083333333333,1021.6083333333332,0.0,0.0,7.416666666666667,464.5833333333333,60.0,1335.0,1169.1958333333334,0.0,0,4,325,11,2025,0,autumn,validation
2161292,"Số 46, phố Lưu Quang Vũ",21.0152,105.7999,2025-11-22 00:00:00+00:00,19.829166666666666,2.330045561537496,14.9,23.5,67.25,15.918952336076043,41.0,84.0,13.133333333333333,4.370833333333334,9.2,23.8,-0.5576369627231167,-2.775407584869408,1020.7541666666666,1018.9541666666668,0.0,0.0,49.708333333333336,346.6666666666667,20.0,1175.0,1299.95,0.0,0,5,326,11,2025,1,autumn,validation
2161292,"Số 46, phố Lưu Quang Vũ",21.0152,105.7999,2025-11-23 00:00:00+00:00,19.754166666666666,3.0693405560926887,15.8,24.6,74.16666666666667,15.115976767089457,49.0,92.0,14.637500000000001,5.045833333333333,8.8,23.4,1.570315743932616,-3.9734887876505813,1019.4791666666666,1017.6791666666667,0.0,0.0,8.208333333333334,351.875,20.0,1225.0,1420.9666666666665,0.0,0,6,327,11,2025,1,autumn,validation
2161292,"Số 46, phố Lưu Quang Vũ",21.0152,105.7999,2025-11-24 00:00:00+00:00,20.466666666666665,2.8771463317830657,16.1,25.2,65.375,11.34369198392159,48.0,93.0,13.479166666666666,10.566666666666666,13.9,28.1,-0.3652261471404892,-10.115858029664146,1021.1416666666668,1019.3541666666666,0.0,0.0,7.708333333333333,496.6666666666667,75.0,1310.0,1314.6375,0.0,0,0,328,11,2025,0,autumn,validation
2161292,"Số 46, phố Lưu Quang Vũ",21.0152,105.7999,2025-11-25 00:00:00+00:00,18.354166666666668,3.378831695007666,13.9,23.4,63.833333333333336,14.796200060552172,42.0,82.0,10.933333333333332,9.170833333333333,17.8,40.3,-0.21474335607794312,-8.93069780228761,1020.7458333333334,1018.9458333333333,0.0,0.0,19.833333333333332,528.9583333333334,40.0,1510.0,1127.5375,0.0,0,1,329,11,2025,0,autumn,validation
2161292,"Số 46, phố Lưu Quang Vũ",21.0152,105.7999,2025-11-26 00:00:00+00:00,17.683333333333334,3.3138269833173735,13.4,23.1,65.45833333333333,14.355665952073982,40.0,85.0,10.695833333333333,8.6,12.1,29.5,-0.1962175078903229,-8.432114091367454,1021.8291666666668,1020.0291666666667,0.0,0.0,24.0,401.4583333333333,25.0,1400.0,1114.7250000000001,0.0,0,2,330,11,2025,0,autumn,validation
2161292,"Số 46, phố Lưu Quang Vũ",21.0152,105.7999,2025-11-27 00:00:00+00:00,17.675,3.947398703163786,12.1,23.6,61.083333333333336,17.74190977090236,33.0,89.0,9.416666666666666,10.604166666666666,18.4,44.3,-1.0444288424584514,-10.147011951830303,1022.8416666666667,1021.0416666666666,0.0,0.0,74.33333333333333,527.9166666666666,60.0,1720.0,1016.0708333333333,0.0,0,3,331,11,2025,0,autumn,validation
2161292,"Số 46, phố Lưu Quang Vũ",21.0152,105.7999,2025-11-28 00:00:00+00:00,16.941666666666666,4.150213893562458,11.4,23.5,68.54166666666667,18.943805151636997,37.0,97.0,10.433333333333334,5.55,10.4,23.0,2.464830084911463,-3.008422062187295,1017.8833333333333,1016.0833333333334,0.0,0.0,22.416666666666668,287.2916666666667,20.0,1215.0,1086.6875,0.0,0,4,332,11,2025,0,autumn,validation
2161292,"Số 46, phố Lưu Quang Vũ",21.0152,105.7999,2025-11-29 00:00:00+00:00,17.541666666666668,3.29675949811414,11.6,23.1,72.0,14.646560658749719,45.0,96.0,12.0625,4.741666666666666,9.6,18.0,-1.1718576917035939,0.710065428107656,1015.0083333333333,1013.2083333333334,0.0,0.0,21.208333333333332,257.9166666666667,30.0,940.0,1217.4541666666667,0.0,0,5,333,11,2025,1,autumn,validation
2161292,"Số 46, phố Lưu Quang Vũ",21.0152,105.7999,2025-11-30 00:00:00+00:00,19.704166666666666,2.6793054204834292,14.0,24.1,79.5,16.0948276865852,55.0,98.0,15.716666666666667,4.55,9.4,19.4,0.22130766464725637,-1.818013251274306,1014.5666666666666,1012.7833333333333,1.9,1.9,27.125,231.66666666666666,15.0,715.0,1531.3125,16.03,0,6,334,11,2025,1,autumn,validation
2161292,"Số 46, phố Lưu Quang Vũ",21.0152,105.7999,2025-12-01 00:00:00+00:00,20.474999999999998,1.880622006261435,17.1,24.0,85.875,11.015058862263533,66.0,97.0,17.912499999999998,7.379166666666666,11.6,22.3,-0.6058492161050709,1.519909230342522,1013.625,1011.8375,1.3,1.3,63.416666666666664,252.70833333333334,60.0,820.0,1742.7,13.29,0,0,335,12,2025,0,winter,validation
2161292,"Số 46, phố Lưu Quang Vũ",21.0152,105.7999,2025-12-02 00:00:00+00:00,22.675,2.3406149322068255,20.0,26.6,84.66666666666667,13.153497358255073,62.0,98.0,19.787499999999998,5.166666666666667,10.6,19.8,-1.0265840544293467,0.5516405564323156,1014.6416666666668,1012.875,2.5,2.5,54.791666666666664,355.8333333333333,15.0,1130.0,1890.4958333333334,17.84,0,1,336,12,2025,0,winter,validation
2161292,"Số 46, phố Lưu Quang Vũ",21.0152,105.7999,2025-12-03 00:00:00+00:00,20.8125,1.930603082166183,18.0,24.1,72.45833333333333,10.77428164322505,57.0,98.0,15.525,10.708333333333334,17.1,40.0,-6.792328307346573,-7.40563197282863,1019.7041666666668,1017.9041666666667,0.6000000000000001,0.6000000000000001,91.70833333333333,532.2916666666666,215.0,1025.0,1498.4125000000001,6.17,0,2,337,12,2025,0,winter,validation
2161292,"Số 46, phố Lưu Quang Vũ",21.0152,105.7999,2025-12-04 00:00:00+00:00,20.545833333333334,1.8998808124325268,17.9,23.7,74.66666666666667,11.016456728031011,58.0,87.0,15.720833333333333,4.545833333333333,8.6,19.8,-2.4423442616196946,-1.896491023471169,1020.0083333333333,1018.2083333333334,0.1,0.1,72.66666666666667,349.7916666666667,10.0,1185.0,1516.8083333333334,0.49000000000000005,0,3,338,12,2025,0,winter,validation
2161292,"Số 46, phố Lưu Quang Vũ",21.0152,105.7999,2025-12-05 00:00:00+00:00,19.166666666666668,0.9220330403712398,17.8,20.8,80.125,3.391966211890777,73.0,85.0,15.654166666666667,6.629166666666666,10.2,24.5,-1.5149404985931927,-6.198062180192648,1020.8666666666667,1019.0666666666666,0.6,0.6,99.5,341.4583333333333,170.0,545.0,1533.0958333333335,5.59,0,4,339,12,2025,0,winter,validation
2161292,"Số 46, phố Lưu Quang Vũ",21.0152,105.7999,2025-12-06 00:00:00+00:00,20.416666666666668,2.0917366753108726,17.5,23.8,78.0,13.657296186670141,58.0,95.0,16.208333333333332,7.2124999999999995,13.1,25.9,-4.011048527901092,4.757526402245449,1018.1041666666666,1016.3041666666667,0.0,0.0,66.125,473.5416666666667,120.0,1175.0,1567.125,0.0,0,5,340,12,2025,1,winter,validation
2161292,"Số 46, phố Lưu Quang Vũ",21.0152,105.7999,2025-12-07 00:00:00+00:00,21.45,2.4323901288918353,18.6,25.8,82.33333333333333,12.682293945108855,60.0,96.0,18.095833333333335,5.820833333333333,13.0,27.7,-2.3892612878965487,-2.6937012542508323,1019.5083333333333,1017.7291666666666,3.2,3.2,59.416666666666664,367.7083333333333,15.0,1090.0,1736.875,20.48,0,6,341,12,2025,1,winter,validation
2161292,"Số 46, phố Lưu Quang Vũ",21.0152,105.7999,2025-12-08 00:00:00+00:00,20.891666666666666,3.042155509655537,16.6,25.6,73.91666666666667,17.435387968817572,47.0,95.0,15.579166666666666,5.429166666666667,12.4,29.9,-0.7138977030058739,-4.649082465203358,1019.8666666666667,1018.0833333333334,0.0,0.0,30.333333333333332,456.0416666666667,15.0,1570.0,1494.6166666666668,0.0,0,0,342,12,2025,0,winter,validation
2161292,"Số 46, phố Lưu Quang Vũ",21.0152,105.7999,2025-12-09 00:00:00+00:00,21.0125,2.850676883768516,16.6,25.0,74.16666666666667,16.62284092986846,49.0,99.0,15.799999999999999,5.041666666666667,10.5,22.0,-2.506039894760302,1.5199818058113372,1018.5541666666667,1016.7666666666668,0.0,0.0,45.75,401.875,10.0,1320.0,1513.8875,0.0,0,1,343,12,2025,0,winter,validation
2161292,"Số 46, phố Lưu Quang Vũ",21.0152,105.7999,2025-12-10 00:00:00+00:00,22.241666666666664,2.908445971823183,16.8,27.1,71.70833333333333,17.716313206285,44.0,100.0,16.349999999999998,3.8833333333333333,9.9,19.1,-1.7448968422058018,2.638783546410396,1017.9083333333333,1016.1333333333333,0.0,0.0,58.166666666666664,447.0833333333333,35.0,1620.0,1546.1458333333333,0.0,0,2,344,12,2025,0,winter,validation
2161292,"Số 46, phố Lưu Quang Vũ",21.0152,105.7999,2025-12-11 00:00:00+00:00,21.445833333333336,1.0846675173473221,19.6,23.0,77.125,7.467684001604924,65.0,93.0,17.154166666666665,3.6875,6.6,19.8,1.0078400692867777,-1.2098792824673807,1017.2916666666666,1015.4916666666667,0.0,0.0,89.875,256.4583333333333,20.0,795.0,1646.575,0.0,0,3,345,12,2025,0,winter,validation
2161292,"Số 46, phố Lưu Quang Vũ",21.0152,105.7999,2025-12-12 00:00:00+00:00,22.52916666666667,1.6409115087993449,19.6,25.2,82.45833333333333,13.217179751358078,64.0,100.0,19.183333333333334,6.3500000000000005,10.7,20.9,-3.506855999878743,4.729865640026386,1015.4625,1013.6875,1.6,1.6,82.83333333333333,390.4166666666667,25.0,915.0,1839.5916666666665,10.68,0,4,346,12,2025,0,winter,validation
2161292,"Số 46, phố Lưu Quang Vũ",21.0152,105.7999,2025-12-13 00:00:00+00:00,19.420833333333334,1.8973618221251232,16.4,22.2,79.29166666666667,11.487154136030709,69.0,99.0,15.629166666666668,12.566666666666668,20.8,43.9,-4.503561712283887,-9.793383344443765,1020.8833333333333,1019.0833333333334,25.8,25.8,99.08333333333333,764.375,260.0,1105.0,1553.7791666666665,291.51,0,5,347,12,2025,1,winter,validation
2161292,"Số 46, phố Lưu Quang Vũ",21.0152,105.7999,2025-12-14 00:00:00+00:00,17.099999999999998,1.9823130977197574,14.4,20.5,71.41666666666667,13.519443861299937,54.0,93.0,11.591666666666667,5.466666666666666,11.5,26.3,-2.2694900071626236,-1.6913098818134973,1021.85,1020.0500000000001,0.0,0.0,33.708333333333336,415.625,10.0,1140.0,1198.6416666666667,0.0,0,6,348,12,2025,1,winter,validation
2161292,"Số 46, phố Lưu Quang Vũ",21.0152,105.7999,2025-12-15 00:00:00+00:00,18.295833333333334,2.2559060970795253,14.6,22.0,77.41666666666667,14.279558715221187,57.0,94.0,14.0,5.554166666666667,11.7,22.7,-3.379730607304408,1.9269226748160182,1018.8625000000001,1017.0625,0.0,0.0,39.875,439.1666666666667,50.0,1335.0,1386.8999999999999,0.0,0,0,349,12,2025,0,winter,validation
2161292,"Số 46, phố Lưu Quang Vũ",21.0152,105.7999,2025-12-16 00:00:00+00:00,19.541666666666668,1.272080345653174,16.9,21.8,83.79166666666667,7.306811394419812,71.0,92.0,16.65,4.754166666666666,8.9,18.4,0.9033538894229879,-3.864949438798307,1018.9375,1017.1374999999999,0.1,0.1,97.25,222.5,20.0,615.0,1630.1958333333332,0.7200000000000001,0,1,350,12,2025,0,winter,validation
2161292,"Số 46, phố Lưu Quang Vũ",21.0152,105.7999,2025-12-17 00:00:00+00:00,19.7375,2.2627056716510285,17.1,23.5,87.54166666666667,11.178314280110735,68.0,100.0,17.462500000000002,6.25,9.0,22.7,-0.14203019239358092,-4.796234636685399,1020.65,1018.85,1.4,1.4,66.41666666666667,311.6666666666667,15.0,1010.0,1704.2124999999999,10.75,0,2,351,12,2025,0,winter,validation
2161292,"Số 46, phố Lưu Quang Vũ",21.0152,105.7999,2025-12-18 00:00:00+00:00,19.979166666666668,2.8857941664322673,15.8,24.4,78.625,13.509457234937626,56.0,97.0,15.891666666666666,5.766666666666667,10.0,20.5,-2.047241131307986,1.5255682427495072,1017.6041666666666,1015.8125,0.0,0.0,7.208333333333333,345.625,35.0,1075.0,1534.2124999999999,0.0,0,3,352,12,2025,0,winter,validation
2161292,"Số 46, phố Lưu Quang Vũ",21.0152,105.7999,2025-12-19 00:00:00+00:00,21.125,2.5348441337898264,16.1,25.9,83.58333333333333,16.032349543471717,53.0,98.0,17.895833333333332,7.154166666666666,14.4,30.6,-4.419461212356617,5.012039163800495,1014.3125,1012.5374999999999,0.1,0.1,46.5,523.3333333333334,50.0,1355.0,1729.3458333333335,0.53,0,4,353,12,2025,0,winter,validation
2161292,"Số 46, phố Lưu Quang Vũ",21.0152,105.7999,2025-12-20 00:00:00+00:00,21.204166666666666,2.2093633091648965,18.2,24.9,85.91666666666667,11.064697746973668,65.0,97.0,18.608333333333334,4.625,11.5,23.0,-0.16013452992510546,-0.26764639765872905,1016.625,1014.8458333333333,2.1,2.1,52.666666666666664,310.8333333333333,15.0,865.0,1799.0291666666665,9.620000000000001,0,5,354,12,2025,1,winter,validation
2161292,"Số 46, phố Lưu Quang Vũ",21.0152,105.7999,2025-12-21 00:00:00+00:00,21.1375,2.433786189744551,18.2,25.0,84.45833333333333,11.83575704919361,64.0,96.0,18.224999999999998,4.4125000000000005,13.9,29.9,0.2597554300602345,-2.9757884670893233,1017.5124999999999,1015.7291666666666,0.6,0.6,40.375,312.5,10.0,975.0,1758.4291666666668,2.11,0,6,355,12,2025,1,winter,validation
2161292,"Số 46, phố Lưu Quang Vũ",21.0152,105.7999,2025-12-22 00:00:00+00:00,21.78333333333333,2.046771937055725,18.4,25.5,85.375,13.314955631854763,62.0,100.0,19.025000000000002,11.104166666666666,14.5,33.1,-6.602511466168743,8.106312804364453,1014.3333333333334,1012.5583333333334,0.9,0.9,53.291666666666664,544.7916666666666,45.0,1045.0,1834.1625000000001,10.280000000000001,0,0,356,12,2025,0,winter,validation
2161292,"Số 46, phố Lưu Quang Vũ",21.0152,105.7999,2025-12-23 00:00:00+00:00,22.670833333333334,2.1732522546448307,20.5,26.8,84.29166666666667,12.160088553262613,65.0,98.0,19.683333333333334,11.658333333333333,16.0,37.1,-5.066246887291479,10.097724276053118,1013.6291666666666,1011.8666666666667,0.7,0.7,62.166666666666664,554.375,225.0,1175.0,1886.1375,9.78,0,1,357,12,2025,0,winter,validation
2161292,"Số 46, phố Lưu Quang Vũ",21.0152,105.7999,2025-12-24 00:00:00+00:00,21.545833333333334,3.692174941291578,15.2,27.1,78.58333333333333,9.57313572118519,64.0,97.0,17.525000000000002,14.516666666666666,23.3,47.9,-8.679766693934964,-2.7065434185734865,1014.4625,1012.6958333333333,2.8000000000000003,2.8000000000000003,72.83333333333333,657.7083333333334,235.0,1160.0,1679.0791666666667,42.6,0,2,358,12,2025,0,winter,validation
2161292,"Số 46, phố Lưu Quang Vũ",21.0152,105.7999,2025-12-25 00:00:00+00:00,16.662499999999998,1.7254646507157314,13.2,19.4,57.5,7.4833147735478835,46.0,76.0,8.129166666666666,11.204166666666666,16.4,37.4,-4.72373814979876,-9.353262113199515,1021.8249999999999,1020.025,0.0,0.0,82.79166666666667,783.75,190.0,1150.0,950.3125,0.0,0,3,359,12,2025,0,winter,validation
2161292,"Số 46, phố Lưu Quang Vũ",21.0152,105.7999,2025-12-26 00:00:00+00:00,15.833333333333334,2.445700160559816,13.1,19.8,61.041666666666664,17.251286446464533,38.0,83.0,7.733333333333333,5.479166666666667,12.4,25.9,-3.459520937906545,-0.6238198828320981,1020.1458333333334,1018.3458333333333,0.0,0.0,13.541666666666666,431.6666666666667,55.0,1120.0,929.0416666666666,0.0,0,4,360,12,2025,0,winter,validation
2161292,"Số 46, phố Lưu Quang Vũ",21.0152,105.7999,2025-12-27 00:00:00+00:00,16.508333333333333,2.1600959452657706,13.6,19.8,65.08333333333333,15.151170615318565,43.0,83.0,9.495833333333334,4.5,8.0,23.0,-0.801152909489014,-4.045107571644576,1019.8708333333334,1018.0708333333333,0.0,0.0,37.041666666666664,356.0416666666667,20.0,1220.0,1045.3208333333334,0.0,0,5,361,12,2025,1,winter,validation
2161292,"Số 46, phố Lưu Quang Vũ",21.0152,105.7999,2025-12-28 00:00:00+00:00,18.295833333333334,1.910264986550446,15.0,21.4,68.41666666666667,12.36375019322939,50.0,85.0,12.112499999999999,4.8125,9.2,16.9,-1.011881469679448,2.585923621883837,1017.8625000000001,1016.0625,0.0,0.0,64.58333333333333,375.8333333333333,25.0,1365.0,1231.7291666666667,0.0,0,6,362,12,2025,1,winter,validation
2161292,"Số 46, phố Lưu Quang Vũ",21.0152,105.7999,2025-12-29 00:00:00+00:00,20.495833333333334,2.0150475594056503,16.9,24.0,73.95833333333333,12.421857197371253,54.0,91.0,15.466666666666667,8.3375,14.5,33.8,-5.7558867367041175,4.20630171168581,1015.3041666666667,1013.5166666666668,0.30000000000000004,0.30000000000000004,87.45833333333333,543.5416666666666,135.0,1125.0,1492.6833333333334,2.96,0,0,363,12,2025,0,winter,validation
2161292,"Số 46, phố Lưu Quang Vũ",21.0152,105.7999,2025-12-30 00:00:00+00:00,20.712500000000002,2.2870737901823657,18.0,24.4,79.75,14.638395017748767,58.0,97.0,16.791666666666668,10.387500000000001,14.1,30.6,-6.725182530251646,7.568819740565931,1013.6750000000001,1011.8958333333334,0.6000000000000001,0.6000000000000001,70.75,537.2916666666666,150.0,1110.0,1620.2041666666667,6.44,0,1,364,12,2025,0,winter,validation
2161292,"Số 46, phố Lưu Quang Vũ",21.0152,105.7999,2025-12-31 00:00:00+00:00,21.3625,2.441455820148941,17.9,25.5,81.16666666666667,13.782997297132205,58.0,97.0,17.724999999999998,12.225,15.9,34.2,-7.945701676728253,8.608291303384144,1011.7583333333333,1009.9875000000001,1.4000000000000001,1.4000000000000001,79.33333333333333,584.1666666666666,160.0,1140.0,1701.875,18.26,0,2,365,12,2025,0,winter,validation
2161292,"Số 46, phố Lưu Quang Vũ",21.0152,105.7999,2026-01-01 00:00:00+00:00,19.045833333333334,2.5347976793744946,15.4,23.1,82.5,6.685480698791455,71.0,97.0,15.924999999999999,11.545833333333334,17.7,36.4,-8.822426281498972,-6.070581872735411,1017.9083333333333,1016.1083333333332,6.0,6.0,98.375,500.8333333333333,275.0,825.0,1565.6416666666667,70.94000000000001,0,3,1,1,2026,0,winter,validation
2161292,"Số 46, phố Lưu Quang Vũ",21.0152,105.7999,2026-01-02 00:00:00+00:00,15.25,1.1209468047728393,13.8,17.0,73.75,4.892318735394874,64.0,83.0,10.566666666666666,8.845833333333333,13.6,29.9,-4.377395250632206,-7.550435757426648,1023.375,1021.5749999999999,0.0,0.0,100.0,479.7916666666667,260.0,800.0,1121.0375000000001,0.0,0,4,2,1,2026,0,winter,validation
2161292,"Số 46, phố Lưu Quang Vũ",21.0152,105.7999,2026-01-03 00:00:00+00:00,16.454166666666666,1.528278135016991,14.0,18.8,75.375,10.470714854546348,59.0,91.0,11.945833333333333,5.2625,8.0,18.7,-3.7482586720689945,-0.12852925994671535,1021.625,1019.8249999999999,0.0,0.0,96.0,486.4583333333333,30.0,1055.0,1228.2833333333333,0.0,0,5,3,1,2026,1,winter,validation
2161292,"Số 46, phố Lưu Quang Vũ",21.0152,105.7999,2026-01-04 00:00:00+00:00,18.104166666666668,1.9696565948025746,15.1,22.0,84.54166666666667,10.42146266403958,65.0,94.0,15.3125,6.7875000000000005,13.2,25.9,-5.949795078486493,-1.4215709071345881,1019.725,1017.9250000000001,1.3,1.3,91.25,387.0833333333333,85.0,925.0,1514.7749999999999,10.71,0,6,4,1,2026,1,winter,validation
2161292,"Số 46, phố Lưu Quang Vũ",21.0152,105.7999,2026-01-05 00:00:00+00:00,15.012500000000001,1.112503053244468,13.1,16.8,73.54166666666667,5.793393288660923,65.0,89.0,10.266666666666667,11.637500000000001,17.5,38.5,-4.502659487848126,-10.326750250624373,1023.1583333333333,1021.3583333333332,0.1,0.1,99.70833333333333,526.6666666666666,320.0,625.0,1103.1125,1.31,0,0,5,1,2026,0,winter,validation
2161292,"Số 46, phố Lưu Quang Vũ",21.0152,105.7999,2026-01-06 00:00:00+00:00,13.204166666666666,1.3417960600130954,10.5,14.8,74.95833333333333,13.89550808454071,57.0,96.0,8.612499999999999,9.766666666666667,14.9,33.1,0.28232635087521624,-8.654317025111673,1027.1666666666667,1025.3541666666667,0.1,0.1,71.83333333333333,503.75,90.0,1015.0,972.7041666666668,1.42,0,1,6,1,2026,0,winter,validation
2161292,"Số 46, phố Lưu Quang Vũ",21.0152,105.7999,2026-01-07 00:00:00+00:00,14.658333333333333,3.0907880895481576,10.6,19.1,64.95833333333333,18.625553196725676,38.0,94.0,7.4750000000000005,5.704166666666667,11.7,29.2,-1.2982097304872673,-4.656498880973751,1026.3541666666667,1024.5333333333333,0.0,0.0,3.4583333333333335,444.1666666666667,10.0,1330.0,900.3291666666668,0.0,0,2,7,1,2026,0,winter,validation
2161292,"Số 46, phố Lưu Quang Vũ",21.0152,105.7999,2026-01-08 00:00:00+00:00,14.9125,3.5072982913273623,10.1,20.1,65.58333333333333,18.46245700985055,34.0,93.0,7.8374999999999995,4.329166666666667,8.3,24.8,-1.325455661992254,-2.1977558509218063,1025.1708333333333,1023.3666666666667,0.0,0.0,41.625,431.25,10.0,1550.0,917.7541666666666,0.0,0,3,8,1,2026,0,winter,validation
2161292,"Số 46, phố Lưu Quang Vũ",21.0152,105.7999,2026-01-09 00:00:00+00:00,15.512500000000001,3.5971380532185644,10.2,20.9,68.79166666666667,20.136445795506273,39.0,96.0,9.1,4.820833333333334,12.6,24.5,-3.4426016829672945,1.5802966900973807,1021.7416666666667,1019.9375,0.0,0.0,43.875,352.5,30.0,1260.0,998.2541666666666,0.0,0,4,9,1,2026,0,winter,validation
2161292,"Số 46, phố Lưu Quang Vũ",21.0152,105.7999,2026-01-10 00:00:00+00:00,16.629166666666666,3.5662035795807423,10.6,22.1,70.5,20.646086059232083,39.0,98.0,10.504166666666666,4.704166666666667,9.7,22.3,-2.840904816129146,-0.04508681591866481,1021.9416666666666,1020.1416666666668,0.0,0.0,27.0,373.125,20.0,1485.0,1102.2791666666667,0.0,0,5,10,1,2026,1,winter,test
2161292,"Số 46, phố Lưu Quang Vũ",21.0152,105.7999,2026-01-11 00:00:00+00:00,17.320833333333333,3.7504758152239464,12.1,23.0,63.583333333333336,23.234001820171017,32.0,95.0,9.254166666666666,7.616666666666667,11.7,24.5,-3.627303322610821,2.979683445849435,1021.9166666666666,1020.1166666666667,0.0,0.0,15.375,448.3333333333333,35.0,1570.0,1019.0916666666667,0.0,0,6,11,1,2026,1,winter,test
2161292,"Số 46, phố Lưu Quang Vũ",21.0152,105.7999,2026-01-12 00:00:00+00:00,18.3625,3.368112940892673,13.1,23.4,71.54166666666667,17.45299069093807,44.0,96.0,12.608333333333334,5.5125,8.4,22.3,-0.8777744941136939,-0.3426204535015563,1020.5333333333333,1018.7333333333332,0.0,0.0,34.125,463.5416666666667,25.0,1570.0,1257.6125,0.0,0,0,12,1,2026,0,winter,test
2161292,"Số 46, phố Lưu Quang Vũ",21.0152,105.7999,2026-01-13 00:00:00+00:00,18.933333333333334,3.648426303593595,13.6,24.5,68.04166666666667,22.65522142842604,38.0,97.0,11.975,8.195833333333333,13.3,28.1,-3.5174856866742186,2.1123818177396023,1017.8666666666667,1016.0791666666668,0.0,0.0,3.25,433.9583333333333,95.0,1410.0,1210.2375,0.0,0,1,13,1,2026,0,winter,test
2161292,"Số 46, phố Lưu Quang Vũ",21.0152,105.7999,2026-01-14 00:00:00+00:00,20.4375,3.5130579395957193,14.5,26.4,71.95833333333333,18.76740737848851,43.0,98.0,14.595833333333333,8.383333333333333,15.7,31.7,-5.871857765801166,4.867867448572292,1016.1333333333333,1014.3583333333332,0.0,0.0,58.0,553.125,85.0,1685.0,1408.05,0.0,0,2,14,1,2026,0,winter,test
2161292,"Số 46, phố Lưu Quang Vũ",21.0152,105.7999,2026-01-15 00:00:00+00:00,20.279166666666665,2.1192654934868473,17.6,23.4,82.08333333333333,13.730058002558584,62.0,99.0,16.875,7.091666666666666,10.9,23.0,-4.165104302524,5.102103880826231,1014.8125,1013.0124999999999,0.1,0.1,83.08333333333333,410.2083333333333,75.0,965.0,1637.4375,0.5900000000000001,0,3,15,1,2026,0,winter,test
2161292,"Số 46, phố Lưu Quang Vũ",21.0152,105.7999,2026-01-16 00:00:00+00:00,22.020833333333332,2.7816134146221314,19.0,27.0,78.70833333333333,17.236158067491036,52.0,98.0,17.724999999999998,10.358333333333333,13.4,31.0,-3.730678820061458,8.80082174510501,1012.0500000000001,1010.2875,0.6000000000000001,0.6000000000000001,66.54166666666667,573.125,190.0,1305.0,1687.9791666666667,4.7700000000000005,0,4,16,1,2026,0,winter,test
2161292,"Số 46, phố Lưu Quang Vũ",21.0152,105.7999,2026-01-17 00:00:00+00:00,20.429166666666667,1.6417062086019893,18.6,23.5,87.58333333333333,7.655158344238377,72.0,99.0,18.2375,7.3374999999999995,13.0,30.2,-6.0843587421283765,2.4822864210816085,1011.8708333333334,1010.0833333333334,5.3,5.3,74.45833333333333,293.9583333333333,35.0,675.0,1778.0416666666667,21.290000000000003,0,5,17,1,2026,1,winter,test
2161292,"Số 46, phố Lưu Quang Vũ",21.0152,105.7999,2026-01-18 00:00:00+00:00,21.558333333333334,2.733673538389828,18.5,27.1,83.16666666666667,14.816755106434673,54.0,98.0,18.258333333333333,10.049999999999999,15.7,37.4,-6.4607023139932,7.062524399074327,1011.0583333333334,1009.2875,0.5,0.5,48.583333333333336,556.6666666666666,125.0,1285.0,1754.4208333333333,2.5700000000000003,0,6,18,1,2026,1,winter,test
2161292,"Số 46, phố Lưu Quang Vũ",21.0152,105.7999,2026-01-19 00:00:00+00:00,22.25,2.503041627960738,18.8,26.9,80.70833333333333,16.233296878213984,54.0,98.0,18.395833333333332,13.375,16.0,37.8,-5.283544880298119,12.017973754368413,1012.0291666666667,1010.2666666666665,1.0,1.0,79.08333333333333,738.9583333333334,280.0,1450.0,1757.6291666666666,14.83,0,0,19,1,2026,0,winter,test
2161292,"Số 46, phố Lưu Quang Vũ",21.0152,105.7999,2026-01-20 00:00:00+00:00,21.71666666666667,2.4158294401836353,17.5,25.5,83.25,12.14495780149112,65.0,97.0,18.558333333333334,12.475,16.5,35.3,-8.193290040051405,7.940462508643177,1015.3958333333334,1013.625,7.8,7.8,63.708333333333336,608.9583333333334,260.0,1095.0,1780.9541666666667,99.86,0,1,20,1,2026,0,winter,test
2161292,"Số 46, phố Lưu Quang Vũ",21.0152,105.7999,2026-01-21 00:00:00+00:00,14.4375,2.39089077451317,10.2,17.3,74.08333333333333,8.010409893798608,63.0,86.0,9.7875,12.358333333333334,16.5,34.6,-7.654764097974133,-9.597953768052436,1020.9875000000001,1019.1875,2.4,2.4,100.0,468.3333333333333,335.0,665.0,1054.3666666666666,30.75,0,2,21,1,2026,0,winter,test
2161292,"Số 46, phố Lưu Quang Vũ",21.0152,105.7999,2026-01-22 00:00:00+00:00,10.779166666666667,0.7901453727922017,9.9,12.1,75.0,3.7300192329612534,68.0,84.0,6.516666666666667,8.870833333333334,13.6,31.0,-3.782217627136261,-7.869203850128199,1025.3374999999999,1023.4833333333332,0.5,0.5,100.0,512.7083333333334,430.0,580.0,806.25,6.2,0,3,22,1,2026,0,winter,test
2161292,"Số 46, phố Lưu Quang Vũ",21.0152,105.7999,2026-01-23 00:00:00+00:00,12.9625,1.7320037403313362,10.0,16.1,75.79166666666667,7.740234614277396,64.0,86.0,8.708333333333334,5.7375,9.4,19.8,-1.702296743135289,-4.229745789868287,1023.9666666666667,1022.1541666666667,0.1,0.1,93.08333333333333,414.375,170.0,970.0,974.6083333333332,0.53,0,4,23,1,2026,0,winter,test
2161292,"Số 46, phố Lưu Quang Vũ",21.0152,105.7999,2026-01-24 00:00:00+00:00,14.154166666666667,1.1049214674696857,12.0,16.2,84.41666666666667,7.795855457795538,72.0,95.0,11.504166666666668,4.291666666666667,6.8,15.1,-2.08195578557356,-2.7531892731822913,1020.4041666666667,1018.6041666666666,0.1,0.1,99.33333333333333,231.25,55.0,690.0,1192.0708333333334,0.68,0,5,24,1,2026,1,winter,test
2161292,"Số 46, phố Lưu Quang Vũ",21.0152,105.7999,2026-01-25 00:00:00+00:00,18.333333333333332,2.4857273743735755,14.3,23.1,86.625,11.492199622957877,65.0,99.0,15.9,5.183333333333334,10.3,22.0,-1.9835885959074464,3.1104925368612872,1017.7291666666666,1015.9291666666667,0.30000000000000004,0.30000000000000004,82.83333333333333,308.75,10.0,980.0,1563.4708333333335,1.4900000000000002,0,6,25,1,2026,1,winter,test
2161292,"Số 46, phố Lưu Quang Vũ",21.0152,105.7999,2026-01-26 00:00:00+00:00,19.033333333333335,1.6729735741218823,16.8,22.2,91.20833333333333,8.3820676429515,75.0,100.0,17.466666666666665,5.491666666666667,11.0,20.5,-2.2899999205919976,1.1586163892756864,1019.4,1017.6,2.7,2.7,73.75,220.20833333333334,55.0,670.0,1723.3333333333333,10.52,0,0,26,1,2026,0,winter,test
2161292,"Số 46, phố Lưu Quang Vũ",21.0152,105.7999,2026-01-27 00:00:00+00:00,19.5125,2.8493038814236114,15.9,23.7,82.375,13.219920739090158,61.0,99.0,16.208333333333332,6.25,9.9,20.5,-4.663418854500506,2.128281891894892,1020.1333333333333,1018.3333333333334,0.5,0.5,61.75,377.7083333333333,20.0,1150.0,1572.5041666666666,3.54,0,1,27,1,2026,0,winter,test
2161292,"Số 46, phố Lưu Quang Vũ",21.0152,105.7999,2026-01-28 00:00:00+00:00,19.3,3.002028299840539,15.6,24.2,78.20833333333333,15.58700452764828,54.0,98.0,15.0625,10.279166666666667,16.4,31.7,-5.848262321686954,7.277495261454344,1018.5124999999999,1016.7125,0.0,0.0,46.291666666666664,611.6666666666666,175.0,1450.0,1466.95,0.0,0,2,28,1,2026,0,winter,test
2161292,"Số 46, phố Lưu Quang Vũ",21.0152,105.7999,2026-01-29 00:00:00+00:00,20.766666666666666,2.5475762849297054,17.4,25.3,82.54166666666667,15.441274915449583,56.0,97.0,17.391666666666666,13.112499999999999,17.2,38.9,-4.307036235330776,11.952668602432055,1016.1750000000001,1014.3958333333334,0.1,0.1,63.458333333333336,670.0,190.0,1310.0,1677.2083333333333,1.36,0,3,29,1,2026,0,winter,test
2161292,"Số 46, phố Lưu Quang Vũ",21.0152,105.7999,2026-01-30 00:00:00+00:00,21.59166666666667,2.5412965993360737,18.6,25.7,84.33333333333333,14.162616641882513,62.0,100.0,18.595833333333335,10.3,15.4,34.6,-5.4675419073576945,7.283892126938466,1017.8458333333333,1016.0708333333333,1.5,1.5,58.125,491.6666666666667,100.0,1060.0,1786.5333333333335,18.88,0,4,30,1,2026,0,winter,test
2161292,"Số 46, phố Lưu Quang Vũ",21.0152,105.7999,2026-01-31 00:00:00+00:00,18.479166666666668,1.592913427781245,16.2,21.4,72.45833333333333,8.622413495811577,59.0,96.0,13.3125,9.391666666666667,19.3,39.2,-5.690904241197838,-6.9824649204310925,1021.4250000000001,1019.625,1.8,1.8,90.58333333333333,434.5833333333333,135.0,1120.0,1332.2291666666667,27.99,0,5,31,1,2026,1,winter,test
2161292,"Số 46, phố Lưu Quang Vũ",21.0152,105.7999,2026-02-01 00:00:00+00:00,17.420833333333334,1.8014436642210931,15.2,20.4,72.66666666666667,10.548713775567176,59.0,91.0,12.320833333333333,5.7250000000000005,10.0,20.9,-3.939308783589169,-2.9408453236856325,1022.7333333333332,1020.9333333333334,0.0,0.0,66.79166666666667,375.2083333333333,40.0,915.0,1252.4583333333333,0.0,0,6,32,2,2026,1,winter,test
2161292,"Số 46, phố Lưu Quang Vũ",21.0152,105.7999,2026-02-02 00:00:00+00:00,15.545833333333334,1.7692983543389926,12.7,18.5,77.25,13.578275487608558,59.0,95.0,11.341666666666667,5.879166666666666,8.8,20.9,-0.13459248545304275,-5.168539580344636,1024.3958333333333,1022.5958333333333,0.2,0.2,66.66666666666667,297.5,40.0,760.0,1178.9708333333333,1.3399999999999999,0,0,33,2,2026,0,winter,test
2161292,"Số 46, phố Lưu Quang Vũ",21.0152,105.7999,2026-02-03 00:00:00+00:00,17.849999999999998,2.5693849712401575,13.6,22.1,76.29166666666667,16.50686067292513,51.0,96.0,13.241666666666667,6.404166666666666,10.2,19.8,-2.975586081091882,3.980483344949127,1021.4291666666667,1019.6291666666666,0.0,0.0,58.875,441.875,80.0,1490.0,1323.1000000000001,0.0,0,1,34,2,2026,0,winter,test
2161292,"Số 46, phố Lưu Quang Vũ",21.0152,105.7999,2026-02-04 00:00:00+00:00,19.970833333333335,2.4096687787304725,16.1,24.4,81.33333333333333,15.069885509696558,57.0,98.0,16.370833333333334,9.916666666666666,13.5,27.7,-3.7209283335462913,8.749555088871135,1016.4416666666666,1014.6541666666667,0.30000000000000004,0.30000000000000004,64.58333333333333,527.5,140.0,1250.0,1590.8291666666667,3.42,0,2,35,2,2026,0,winter,test
2161292,"Số 46, phố Lưu Quang Vũ",21.0152,105.7999,2026-02-05 00:00:00+00:00,21.983333333333334,2.2787614230516557,18.5,27.0,82.95833333333333,13.857909895314894,54.0,96.0,18.691666666666666,8.620833333333334,14.3,28.4,-3.0109778835771,7.669346939590533,1013.7166666666667,1011.9416666666666,0.4,0.4,79.29166666666667,552.5,45.0,1270.0,1795.0625,2.8400000000000003,0,3,36,2,2026,0,winter,test
2161292,"Số 46, phố Lưu Quang Vũ",21.0152,105.7999,2026-02-06 00:00:00+00:00,22.791666666666668,2.181526523105894,20.4,26.9,84.04166666666667,14.100506209435126,59.0,99.0,19.75,8.504166666666666,14.8,31.3,-5.149290833236682,4.97490245744397,1014.0166666666668,1012.25,0.6000000000000001,0.6000000000000001,79.625,543.9583333333334,295.0,1095.0,1886.4166666666667,3.4800000000000004,0,4,37,2,2026,0,winter,test
2161292,"Số 46, phố Lưu Quang Vũ",21.0152,105.7999,2026-02-07 00:00:00+00:00,21.712500000000002,2.490907377888103,16.9,25.6,80.70833333333333,10.788396208594827,62.0,97.0,18.083333333333332,12.804166666666667,20.6,40.3,-9.969457074312407,4.1102968249918215,1016.8291666666668,1015.0500000000001,7.4,7.4,90.5,607.9166666666666,275.0,1145.0,1730.6416666666667,91.86,0,5,38,2,2026,1,winter,test
2161292,"Số 46, phố Lưu Quang Vũ",21.0152,105.7999,2026-02-08 00:00:00+00:00,13.304166666666667,1.4426663619437659,11.9,16.7,89.0,3.1896571984271738,84.0,95.0,11.508333333333333,13.174999999999999,22.9,44.3,-5.784930908710503,-11.49054956399493,1023.5166666666668,1021.7166666666667,15.200000000000001,15.200000000000001,100.0,542.5,335.0,785.0,1181.1916666666666,211.17,0,6,39,2,2026,1,winter,test
2161292,"Số 46, phố Lưu Quang Vũ",21.0152,105.7999,2026-02-09 00:00:00+00:00,13.779166666666667,1.3253315144477646,11.9,16.9,88.75,6.522536183178258,74.0,95.0,11.895833333333334,4.541666666666667,9.2,18.4,-0.8792416528325018,-2.3807251201827104,1019.7958333333332,1017.9958333333334,2.2,2.2,88.75,240.41666666666666,40.0,620.0,1215.9125000000001,15.430000000000001,0,0,40,2,2026,0,winter,test
2161292,"Số 46, phố Lưu Quang Vũ",21.0152,105.7999,2026-02-10 00:00:00+00:00,18.720833333333335,2.278439429057541,13.9,22.6,84.625,9.61797456757964,67.0,98.0,15.958333333333334,4.408333333333333,9.3,20.2,-1.9383453728347904,-0.9104991253304854,1018.75,1016.9499999999999,1.2,1.2,95.04166666666667,267.7083333333333,20.0,1020.0,1569.7833333333335,4.54,0,1,41,2,2026,0,winter,test
2161292,"Số 46, phố Lưu Quang Vũ",21.0152,105.7999,2026-02-11 00:00:00+00:00,18.025000000000002,0.7531094960518536,17.1,19.5,88.25,5.681778655988996,79.0,97.0,16.0125,5.6625000000000005,9.9,23.0,-3.413868886223833,-4.079173922003564,1019.5583333333334,1017.7583333333333,3.3000000000000003,3.3000000000000003,99.79166666666667,216.04166666666666,20.0,515.0,1586.9541666666667,30.7,0,2,42,2,2026,0,winter,test
2161292,"Số 46, phố Lưu Quang Vũ",21.0152,105.7999,2026-02-12 00:00:00+00:00,20.191666666666666,1.7594259604043954,17.5,23.5,89.0,9.108047087006657,72.0,98.0,18.224999999999998,9.470833333333333,12.8,28.4,-5.924750853699378,6.8721215744771476,1016.3916666666668,1014.5916666666667,1.3,1.3,84.95833333333333,415.8333333333333,140.0,900.0,1783.8958333333333,10.09,0,3,43,2,2026,0,winter,test
2161292,"Số 46, phố Lưu Quang Vũ",21.0152,105.7999,2026-02-13 00:00:00+00:00,22.087500000000002,1.8870986472221931,20.0,25.0,85.08333333333333,12.3461547143993,67.0,99.0,19.287499999999998,11.566666666666668,14.3,28.4,-5.515611792957734,9.876098414157024,1015.0708333333333,1013.2958333333332,0.0,0.0,69.70833333333333,602.0833333333334,275.0,1050.0,1857.4791666666667,0.0,0,4,44,2,2026,0,winter,test
2161292,"Số 46, phố Lưu Quang Vũ",21.0152,105.7999,2026-02-14 00:00:00+00:00,22.458333333333332,2.2663735957168054,19.9,26.0,81.75,13.932289677299055,62.0,98.0,18.9375,11.629166666666668,15.9,31.0,-4.4161180849703285,10.553601007266147,1014.2541666666666,1012.4875000000001,0.4,0.4,71.75,711.875,300.0,1195.0,1806.1916666666666,4.28,0,5,45,2,2026,1,winter,test
2161292,"Số 46, phố Lưu Quang Vũ",21.0152,105.7999,2026-02-15 00:00:00+00:00,23.162499999999998,2.8129842578270154,20.5,28.5,79.75,16.073878350211295,54.0,97.0,19.087500000000002,12.204166666666666,16.3,35.3,-4.678288211892698,11.01616081704997,1013.2833333333333,1011.5166666666668,0.0,0.0,56.583333333333336,754.1666666666666,435.0,1270.0,1804.5583333333334,0.0,0,6,46,2,2026,1,winter,test
2161292,"Số 46, phố Lưu Quang Vũ",21.0152,105.7999,2026-02-16 00:00:00+00:00,23.458333333333332,2.7405040264229825,20.2,28.4,78.75,16.320832246469273,53.0,98.0,19.212500000000002,9.5875,15.9,30.2,-4.701574195784159,7.018883534771002,1014.0124999999999,1012.2541666666666,0.1,0.1,58.666666666666664,644.1666666666666,145.0,1405.0,1805.5375000000001,0.8500000000000001,0,0,47,2,2026,0,winter,test
2161292,"Số 46, phố Lưu Quang Vũ",21.0152,105.7999,2026-02-17 00:00:00+00:00,21.72083333333333,2.788326468108356,17.1,25.5,79.83333333333333,7.387808209809429,68.0,94.0,18.0125,9.4125,13.5,31.7,-7.914989681607948,-2.6133337072299305,1017.9333333333334,1016.1583333333333,3.7,3.7,87.70833333333333,477.2916666666667,115.0,1065.0,1719.325,41.47,0,1,48,2,2026,0,winter,test
2161292,"Số 46, phố Lưu Quang Vũ",21.0152,105.7999,2026-02-18 00:00:00+00:00,18.766666666666666,1.2654838107863406,17.3,21.1,83.875,7.742106779895522,70.0,94.0,15.9125,4.691666666666666,8.0,19.1,-0.2512447547981345,-2.563227699381331,1020.8583333333332,1019.0583333333334,1.0,1.0,99.91666666666667,317.2916666666667,55.0,785.0,1566.4041666666665,5.25,0,2,49,2,2026,0,winter,test
2161292,"Số 46, phố Lưu Quang Vũ",21.0152,105.7999,2026-02-19 00:00:00+00:00,19.145833333333332,1.739309999787938,16.7,21.7,81.58333333333333,6.896228753057189,71.0,90.0,15.841666666666667,6.5125,11.7,22.7,-1.006409521863722,-5.73146342191199,1021.9916666666667,1020.1916666666666,1.7,1.7,99.83333333333333,422.9166666666667,70.0,825.0,1551.05,15.469999999999999,0,3,50,2,2026,0,winter,test
2161292,"Số 46, phố Lưu Quang Vũ",21.0152,105.7999,2026-02-20 00:00:00+00:00,20.133333333333333,2.4531553180532097,16.8,24.0,79.29166666666667,13.07330225628009,61.0,95.0,16.224999999999998,8.629166666666666,14.5,29.2,-2.3731524393792864,5.846583017224471,1016.4833333333332,1014.6875,0.0,0.0,41.0,576.875,195.0,1245.0,1568.3541666666667,0.0,0,4,51,2,2026,0,winter,test
2161292,"Số 46, phố Lưu Quang Vũ",21.0152,105.7999,2026-02-21 00:00:00+00:00,22.495833333333334,2.672155808830514,18.1,28.4,82.04166666666667,14.007697159424348,55.0,97.0,19.004166666666666,11.666666666666666,17.0,33.1,-4.311696028438127,10.022266937997221,1008.6750000000001,1006.9166666666666,0.1,0.1,66.75,607.0833333333334,240.0,1205.0,1813.2708333333333,1.33,0,5,52,2,2026,1,winter,test
2161292,"Số 46, phố Lưu Quang Vũ",21.0152,105.7999,2026-02-22 00:00:00+00:00,22.162499999999998,1.080584584138723,21.0,24.8,88.20833333333333,4.615467065409958,79.0,96.0,20.120833333333334,10.379166666666666,14.0,30.6,-7.461145972881517,6.85628244664791,1009.8416666666667,1008.0833333333334,3.3,3.3,100.0,413.75,225.0,595.0,1951.1208333333334,36.559999999999995,0,6,53,2,2026,1,winter,test
2161292,"Số 46, phố Lưu Quang Vũ",21.0152,105.7999,2026-02-23 00:00:00+00:00,23.629166666666666,1.304000255623699,21.4,26.2,84.75,8.120023559614562,68.0,94.0,20.845833333333335,13.191666666666668,16.0,37.1,-4.911172624515113,12.087941583537082,1009.8041666666667,1008.0916666666667,0.7,0.7,93.41666666666667,601.4583333333334,265.0,955.0,1992.8625,9.0,0,0,54,2,2026,0,winter,test
2161292,"Số 46, phố Lưu Quang Vũ",21.0152,105.7999,2026-02-24 00:00:00+00:00,23.09166666666667,1.0902399682665285,21.5,24.9,89.5,6.262379045087252,79.0,98.0,21.208333333333332,9.708333333333334,14.5,28.8,-5.4488407357897986,7.611527668799794,1012.0124999999999,1010.2583333333333,1.8,1.8,93.875,436.0416666666667,225.0,625.0,2060.2916666666665,15.37,0,1,55,2,2026,0,winter,test
2161292,"Số 46, phố Lưu Quang Vũ",21.0152,105.7999,2026-02-25 00:00:00+00:00,23.03333333333333,2.0025346258020673,20.7,27.0,86.91666666666667,10.12064900250394,66.0,98.0,20.591666666666665,10.079166666666667,13.3,29.5,-5.42282794506534,8.136143859910234,1011.6791666666667,1009.9250000000001,11.2,11.2,81.125,471.25,245.0,1025.0,1982.7666666666667,110.31,0,2,56,2,2026,0,winter,test
2161292,"Số 46, phố Lưu Quang Vũ",21.0152,105.7999,2026-02-26 00:00:00+00:00,22.1375,1.2243232380806752,20.0,24.9,87.20833333333333,5.3404051846495575,74.0,96.0,19.866666666666667,10.833333333333334,14.6,28.4,-4.652328153098446,9.44147121070655,1008.3958333333334,1006.65,3.6,3.6,66.79166666666667,377.5,125.0,810.0,1925.0416666666667,36.36,0,3,57,2,2026,0,winter,test
2161292,"Số 46, phố Lưu Quang Vũ",21.0152,105.7999,2026-02-27 00:00:00+00:00,24.358333333333334,2.106081601017617,20.0,28.5,85.625,12.60370028481974,61.0,98.0,21.633333333333336,10.487499999999999,16.7,34.2,-3.5157790340097996,8.045246127821494,1006.1208333333334,1004.4125,0.30000000000000004,0.30000000000000004,74.125,575.625,35.0,1170.0,2063.9083333333333,3.7100000000000004,0,4,58,2,2026,0,winter,test
2161292,"Số 46, phố Lưu Quang Vũ",21.0152,105.7999,2026-02-28 00:00:00+00:00,25.474999999999998,2.2763911179186955,22.7,29.7,85.25,11.144310304990308,64.0,98.0,22.645833333333332,14.654166666666667,17.4,38.2,-5.736973723258559,13.195125825043426,1004.7041666666668,1003.0041666666666,1.3,1.3,69.04166666666667,564.1666666666666,275.0,1060.0,2147.6,20.3,0,5,59,2,2026,1,winter,test
2161292,"Số 46, phố Lưu Quang Vũ",21.0152,105.7999,2026-03-01 00:00:00+00:00,26.233333333333334,2.5462105972988764,22.4,30.9,84.70833333333333,11.487154136030714,65.0,97.0,23.28333333333333,9.799999999999999,15.3,33.1,-6.428499560689706,6.421826647503,1005.4208333333332,1003.7208333333333,0.6,0.6,48.375,463.75,110.0,1045.0,2194.8791666666666,6.84,0,6,60,3,2026,1,spring,test
2161292,"Số 46, phố Lưu Quang Vũ",21.0152,105.7999,2026-03-02 00:00:00+00:00,25.474999999999998,3.3997762074685993,19.8,30.7,84.33333333333333,11.56706970019959,63.0,98.0,22.441666666666666,9.258333333333333,15.9,31.7,-6.827885034866803,-0.7110105425189222,1008.1958333333333,1006.4708333333333,9.0,9.0,68.125,468.75,120.0,1005.0,2118.8541666666665,109.84,0,0,61,3,2026,0,spring,test
2161292,"Số 46, phố Lưu Quang Vũ",21.0152,105.7999,2026-03-03 00:00:00+00:00,20.916666666666668,2.1624596837994385,17.7,24.9,68.125,5.12718670210681,59.0,81.0,14.770833333333334,11.612499999999999,17.0,35.6,-8.200118340349217,-7.964338861526013,1014.9958333333334,1013.2166666666667,1.9,1.9,96.29166666666667,682.7083333333334,460.0,1020.0,1417.0458333333333,21.82,0,1,62,3,2026,0,spring,test
2161292,"Số 46, phố Lưu Quang Vũ",21.0152,105.7999,2026-03-04 00:00:00+00:00,18.858333333333334,2.057418531678169,16.0,22.2,75.58333333333333,14.92274793049529,57.0,97.0,14.154166666666667,6.220833333333334,11.9,24.5,-3.254775515014652,0.4337092973651004,1015.9499999999999,1014.15,0.0,0.0,39.583333333333336,431.0416666666667,45.0,890.0,1398.9666666666665,0.0,0,2,63,3,2026,0,spring,test
2161292,"Số 46, phố Lưu Quang Vũ",21.0152,105.7999,2026-03-05 00:00:00+00:00,20.7375,1.60510395166549,17.4,23.0,80.33333333333333,11.020402686032794,63.0,94.0,17.075,4.2875000000000005,8.0,21.6,-1.9139456948486482,-1.4978970564177942,1016.2708333333334,1014.4708333333333,0.1,0.1,97.79166666666667,399.7916666666667,30.0,1100.0,1650.375,0.31000000000000005,0,3,64,3,2026,0,spring,test
2161292,"Số 46, phố Lưu Quang Vũ",21.0152,105.7999,2026-03-06 00:00:00+00:00,21.224999999999998,2.0847792084117898,19.0,24.8,81.125,12.230796838487182,61.0,95.0,17.670833333333334,6.2625,13.0,25.9,-2.8235928568907975,2.9926796930975086,1016.6791666666667,1014.9,0.2,0.2,72.29166666666667,450.4166666666667,100.0,1245.0,1697.6083333333333,1.27,0,4,65,3,2026,0,spring,test
2161292,"Số 46, phố Lưu Quang Vũ",21.0152,105.7999,2026-03-07 00:00:00+00:00,21.525000000000002,1.7413762673092301,19.0,24.6,80.54166666666667,10.295542161819206,65.0,94.0,17.858333333333334,10.004166666666666,15.5,34.9,-7.666436398763445,5.810761498826324,1016.9416666666666,1015.15,1.2000000000000002,1.2000000000000002,71.66666666666667,576.6666666666666,140.0,1090.0,1717.2916666666667,7.140000000000001,0,5,66,3,2026,1,spring,test
2161292,"Số 46, phố Lưu Quang Vũ",21.0152,105.7999,2026-03-08 00:00:00+00:00,22.0,1.5896403749713726,20.4,25.2,83.875,7.781318207314125,69.0,93.0,19.05,12.058333333333332,17.0,38.5,-9.767405697046911,6.422012179257023,1016.9458333333333,1015.1666666666666,1.4000000000000001,1.4000000000000001,97.66666666666667,591.875,415.0,965.0,1833.8125,18.42,0,6,67,3,2026,1,spring,test
2161292,"Số 46, phố Lưu Quang Vũ",21.0152,105.7999,2026-03-09 00:00:00+00:00,18.866666666666667,2.0352687391545414,16.2,23.2,76.58333333333333,8.992347793573142,65.0,92.0,14.591666666666667,13.104166666666666,25.8,49.3,-5.945117333413653,-10.438131122751885,1022.7958333333332,1020.9958333333334,6.1,6.1,94.58333333333333,768.3333333333334,440.0,970.0,1455.4375,125.00999999999999,0,0,68,3,2026,0,spring,test
2161292,"Số 46, phố Lưu Quang Vũ",21.0152,105.7999,2026-03-10 00:00:00+00:00,18.283333333333335,2.252277430333219,15.6,22.1,71.375,15.805371954139384,52.0,94.0,12.620833333333332,8.108333333333333,15.9,34.6,-4.009367940153214,-1.1838910535516998,1021.4916666666667,1019.6916666666666,0.0,0.0,36.333333333333336,429.7916666666667,30.0,1170.0,1275.2124999999999,0.0,0,1,69,3,2026,0,spring,test
2161292,"Số 46, phố Lưu Quang Vũ",21.0152,105.7999,2026-03-11 00:00:00+00:00,19.2625,1.5482985050918192,16.7,21.8,80.125,9.737031509073782,64.0,92.0,15.629166666666668,3.795833333333333,9.7,18.7,-2.2844757068606762,0.8914225243189099,1018.3833333333333,1016.5833333333334,0.4,0.4,85.625,343.3333333333333,15.0,960.0,1530.1166666666668,0.9700000000000001,0,2,70,3,2026,0,spring,test
2161292,"Số 46, phố Lưu Quang Vũ",21.0152,105.7999,2026-03-12 00:00:00+00:00,20.25,2.6534636920857615,16.6,24.6,75.91666666666667,14.84094414747275,50.0,95.0,15.508333333333333,4.929166666666666,10.4,24.1,-2.2096090816572223,0.30212408483893755,1018.7833333333333,1016.9958333333334,0.30000000000000004,0.30000000000000004,60.041666666666664,430.2083333333333,10.0,1670.0,1500.5249999999999,0.41000000000000003,0,3,71,3,2026,0,spring,test
2161292,"Số 46, phố Lưu Quang Vũ",21.0152,105.7999,2026-03-13 00:00:00+00:00,20.98333333333333,2.342177854358905,17.9,25.0,71.58333333333333,17.29517818369609,43.0,91.0,15.158333333333333,7.0249999999999995,14.0,32.8,-4.348423164750673,2.835399577911824,1019.7125,1017.9166666666666,0.0,0.0,56.208333333333336,626.4583333333334,65.0,1935.0,1463.845833333333,0.0,0,4,72,3,2026,0,spring,test
2161292,"Số 46, phố Lưu Quang Vũ",21.0152,105.7999,2026-03-14 00:00:00+00:00,20.891666666666666,1.6727786481770701,18.7,23.8,78.0,10.725832287560243,60.0,93.0,16.766666666666666,8.183333333333334,14.3,35.3,-5.889526931447487,4.668137662334825,1019.7208333333333,1017.9208333333332,0.7000000000000001,0.7000000000000001,75.66666666666667,469.7916666666667,25.0,1120.0,1612.7250000000001,6.82,0,5,73,3,2026,1,spring,test
2161292,"Số 46, phố Lưu Quang Vũ",21.0152,105.7999,2026-03-15 00:00:00+00:00,21.5125,1.8930795017642552,19.4,24.6,83.79166666666667,12.190442324131274,66.0,97.0,18.4875,9.958333333333334,14.1,31.3,-7.394995989136106,6.111620052344365,1017.7666666666668,1015.9708333333333,0.7000000000000001,0.7000000000000001,50.875,447.9166666666667,100.0,850.0,1780.8,6.74,0,6,74,3,2026,1,spring,test
2161292,"Số 46, phố Lưu Quang Vũ",21.0152,105.7999,2026-03-16 00:00:00+00:00,22.616666666666664,2.2928369870698093,19.7,26.2,78.66666666666667,13.067272982087962,58.0,96.0,18.504166666666666,14.725,17.2,39.2,-4.969289171972503,13.62666890597955,1014.3916666666668,1012.625,1.0,1.0,30.166666666666668,737.5,240.0,1085.0,1750.6833333333334,15.930000000000001,0,0,75,3,2026,0,spring,test
2161292,"Số 46, phố Lưu Quang Vũ",21.0152,105.7999,2026-03-17 00:00:00+00:00,23.520833333333332,2.3566703052264706,20.6,27.1,78.41666666666667,13.429094523092202,59.0,95.0,19.295833333333334,15.858333333333334,21.8,47.9,-5.545063774768362,14.52529022861033,1012.6666666666666,1010.9166666666666,0.1,0.1,27.875,758.5416666666666,245.0,1305.0,1814.4458333333332,2.07,0,1,76,3,2026,0,spring,test
2161292,"Số 46, phố Lưu Quang Vũ",21.0152,105.7999,2026-03-18 00:00:00+00:00,24.179166666666664,2.176550754842577,21.0,27.5,82.33333333333333,13.486439781165913,63.0,98.0,20.75,12.445833333333333,16.6,36.7,-5.472666459349154,10.893850812296236,1012.9208333333332,1011.1750000000001,0.7000000000000001,0.7000000000000001,60.333333333333336,638.75,215.0,1055.0,1963.2749999999999,9.23,0,2,77,3,2026,0,spring,test
2161292,"Số 46, phố Lưu Quang Vũ",21.0152,105.7999,2026-03-19 00:00:00+00:00,24.570833333333336,2.5281853204408815,22.1,29.0,80.04166666666667,13.731839126537333,58.0,95.0,20.645833333333332,16.429166666666667,19.7,43.9,-6.20877383431468,14.957042552563825,1010.9208333333332,1009.1875,0.6000000000000001,0.6000000000000001,60.208333333333336,751.25,335.0,1250.0,1933.8625,10.14,0,3,78,3,2026,0,spring,test
2161292,"Số 46, phố Lưu Quang Vũ",21.0152,105.7999,2026-03-20 00:00:00+00:00,24.754166666666666,1.7418079479484034,22.5,27.6,81.375,8.165742331600164,68.0,94.0,21.229166666666668,13.570833333333333,18.2,41.0,-8.197367463074512,10.044125723364974,1012.6166666666667,1010.8874999999999,1.4,1.4,99.625,654.7916666666666,360.0,880.0,2001.1000000000001,19.7,0,4,79,3,2026,0,spring,test
2161292,"Số 46, phố Lưu Quang Vũ",21.0152,105.7999,2026-03-21 00:00:00+00:00,23.620833333333334,1.5620441363988293,21.6,25.9,84.33333333333333,9.499046481514393,72.0,96.0,20.724999999999998,12.737499999999999,18.4,40.0,-9.425502629237627,8.207628031084507,1013.3041666666667,1011.5500000000001,0.7000000000000001,0.7000000000000001,97.95833333333333,581.4583333333334,245.0,860.0,1977.9208333333333,11.06,0,5,80,3,2026,1,spring,test
2161292,"Số 46, phố Lưu Quang Vũ",21.0152,105.7999,2026-03-22 00:00:00+00:00,24.837500000000002,2.4922161431841796,22.0,29.0,80.875,15.028415115026775,58.0,98.0,21.016666666666666,15.533333333333333,19.6,43.2,-6.898364615824346,13.37090011331312,1012.2041666666668,1010.475,0.7,0.7,75.95833333333333,721.25,375.0,1280.0,1973.2875000000001,10.510000000000002,0,6,81,3,2026,1,spring,test
2161292,"Số 46, phố Lưu Quang Vũ",21.0152,105.7999,2026-03-23 00:00:00+00:00,25.183333333333334,2.120226949843009,23.1,29.2,81.66666666666667,11.980660744886237,61.0,95.0,21.645833333333332,14.241666666666667,19.4,43.9,-6.881558458731429,11.994265526431832,1010.6208333333334,1008.9208333333332,1.3,1.3,82.79166666666667,682.5,380.0,1095.0,2032.4833333333333,19.53,0,0,82,3,2026,0,spring,test
2161292,"Số 46, phố Lưu Quang Vũ",21.0152,105.7999,2026-03-24 00:00:00+00:00,25.866666666666664,2.195185773393711,23.5,29.7,81.0,12.877347823077619,60.0,95.0,22.133333333333336,13.591666666666667,16.9,37.8,-7.438282691682496,11.113961765465634,1009.9833333333332,1008.2833333333333,0.9,0.9,77.66666666666667,699.7916666666666,455.0,1195.0,2068.454166666667,13.13,0,1,83,3,2026,0,spring,test
2161292,"Số 46, phố Lưu Quang Vũ",21.0152,105.7999,2026-03-25 00:00:00+00:00,25.854166666666668,1.8803281782633086,23.5,29.3,78.70833333333333,13.456788061329354,59.0,94.0,21.625,14.991666666666667,18.8,42.5,-6.437170198509478,13.392164503532621,1010.1916666666666,1008.4916666666667,0.1,0.1,68.70833333333333,756.25,500.0,1245.0,2011.5458333333333,1.83,0,2,84,3,2026,0,spring,test
2161292,"Số 46, phố Lưu Quang Vũ",21.0152,105.7999,2026-03-26 00:00:00+00:00,26.46666666666667,2.6177764654737827,23.3,30.9,79.79166666666667,12.566273587824593,61.0,94.0,22.454166666666666,12.891666666666666,16.9,37.1,-5.834191775429455,11.194772824552986,1008.375,1006.6750000000001,0.5,0.5,66.75,644.7916666666666,415.0,1180.0,2080.6291666666666,5.460000000000001,0,3,85,3,2026,0,spring,test
2161292,"Số 46, phố Lưu Quang Vũ",21.0152,105.7999,2026-03-27 00:00:00+00:00,26.2,1.968225861906672,23.9,29.8,82.45833333333333,9.681803491115671,66.0,93.0,22.820833333333336,11.879166666666668,17.1,38.2,-7.491252186352096,9.120860030415015,1008.0,1006.3000000000001,2.0,2.0,84.58333333333333,573.3333333333334,385.0,970.0,2142.3375,21.66,0,4,86,3,2026,0,spring,test
2161292,"Số 46, phố Lưu Quang Vũ",21.0152,105.7999,2026-03-28 00:00:00+00:00,26.625,1.8750652162571275,24.2,30.4,81.04166666666667,10.808527899872342,62.0,92.0,22.941666666666666,12.370833333333332,15.5,34.9,-7.939416505272827,9.363527386555512,1007.9583333333334,1006.2583333333333,1.0,1.0,77.33333333333333,623.5416666666666,380.0,1065.0,2138.775,11.260000000000002,0,5,87,3,2026,1,spring,test
2161292,"Số 46, phố Lưu Quang Vũ",21.0152,105.7999,2026-03-29 00:00:00+00:00,26.895833333333332,2.0916977017155975,23.5,31.2,84.20833333333333,12.597374352606579,60.0,99.0,23.808333333333334,15.266666666666666,23.9,54.4,-6.518654292875461,12.615019146886858,1006.6125000000001,1004.9125,5.3,5.3,49.041666666666664,494.7916666666667,100.0,915.0,2240.85,63.79,0,6,88,3,2026,1,spring,test
2161292,"Số 46, phố Lưu Quang Vũ",21.0152,105.7999,2026-03-30 00:00:00+00:00,28.3,3.032433375016351,23.5,33.2,74.79166666666667,11.787905248386053,56.0,97.0,23.15416666666667,13.0625,19.3,42.8,-6.338535787578691,11.089132312659194,1005.2416666666667,1003.5416666666666,0.1,0.1,17.5,473.3333333333333,200.0,895.0,2082.633333333333,1.9300000000000002,0,0,89,3,2026,0,spring,test
2161292,"Số 46, phố Lưu Quang Vũ",21.0152,105.7999,2026-03-31 00:00:00+00:00,29.25,4.954313009015915,23.6,36.8,67.5,17.39565163057061,39.0,95.0,21.933333333333334,9.470833333333333,21.2,56.5,-4.478289919210489,-1.8340315727536087,1007.0833333333334,1005.3833333333333,0.30000000000000004,0.30000000000000004,35.25,646.4583333333334,145.0,1970.0,1897.4166666666667,2.2300000000000004,0,1,90,3,2026,0,spring,test
2161292,"Số 46, phố Lưu Quang Vũ",21.0152,105.7999,2026-04-01 00:00:00+00:00,24.679166666666664,2.270027612677616,22.1,28.6,74.16666666666667,13.66260102127946,53.0,93.0,19.5,8.995833333333334,12.2,27.4,-5.464420022933655,4.303376840635326,1011.1875,1009.4625,0.0,0.0,66.29166666666667,548.3333333333334,270.0,1240.0,1802.8,0.0,0,2,91,4,2026,0,spring,test
2161292,"Số 46, phố Lưu Quang Vũ",21.0152,105.7999,2026-04-02 00:00:00+00:00,26.208333333333332,2.5096191754521437,22.9,31.0,81.0,13.40668230528278,57.0,96.0,22.429166666666664,12.729166666666666,18.0,40.3,-4.696565881735135,11.43437676364048,1007.6666666666666,1005.9666666666667,0.2,0.2,66.33333333333333,652.7083333333334,290.0,1285.0,2092.429166666667,2.12,0,3,92,4,2026,0,spring,test
2161292,"Số 46, phố Lưu Quang Vũ",21.0152,105.7999,2026-04-03 00:00:00+00:00,28.525000000000002,3.4786616616914237,24.4,34.3,76.125,12.773316276349393,55.0,94.0,23.599999999999998,8.158333333333333,15.7,36.4,-5.9759869924309115,-0.9626308918827916,1004.1833333333334,1002.4833333333332,0.0,0.0,33.166666666666664,486.6666666666667,145.0,940.0,2132.225,0.0,0,4,93,4,2026,0,spring,test
2161292,"Số 46, phố Lưu Quang Vũ",21.0152,105.7999,2026-04-04 00:00:00+00:00,26.770833333333332,2.835716176186197,23.4,31.4,74.58333333333333,13.666578295932034,53.0,93.0,21.570833333333336,10.720833333333333,14.1,32.4,-5.999594052995314,4.807732694650586,1004.9291666666667,1003.2291666666666,0.0,0.0,73.625,686.0416666666666,305.0,1435.0,1960.3208333333332,0.0,0,5,94,4,2026,1,spring,test
2161292,"Số 46, phố Lưu Quang Vũ",21.0152,105.7999,2026-04-05 00:00:00+00:00,28.608333333333334,3.0755581560124154,24.2,33.8,76.66666666666667,13.633930393361059,56.0,99.0,23.816666666666666,10.424999999999999,20.5,40.3,-4.296005284249116,8.648790170250072,1001.9291666666667,1000.2291666666666,0.2,0.2,44.833333333333336,402.5,15.0,835.0,2155.5041666666666,2.02,0,6,95,4,2026,1,spring,test
2161292,"Số 46, phố Lưu Quang Vũ",21.0152,105.7999,2026-04-06 00:00:00+00:00,31.616666666666664,4.333957591601135,25.6,39.7,62.666666666666664,16.115524965930714,29.0,95.0,22.995833333333334,8.383333333333333,14.2,30.6,0.25259277877764386,6.989042429411165,1001.5541666666667,999.8666666666667,0.0,0.0,20.583333333333332,439.375,40.0,2480.0,1920.2625,0.0,0,0,96,4,2026,0,spring,test
2161292,"Số 46, phố Lưu Quang Vũ",21.0152,105.7999,2026-04-07 00:00:00+00:00,31.34166666666667,3.9800498868040894,26.2,38.0,66.875,13.198525938775202,39.0,84.0,24.041666666666668,7.2875000000000005,15.0,29.5,-3.120528235363809,4.984136849780401,1003.3833333333333,1001.6916666666666,0.0,0.0,24.541666666666668,387.7083333333333,40.0,2065.0,2046.4666666666665,0.0,0,1,97,4,2026,0,spring,test
2161292,"Số 46, phố Lưu Quang Vũ",21.0152,105.7999,2026-04-08 00:00:00+00:00,30.075,3.443614127754382,25.5,35.7,72.16666666666667,10.74877815772834,53.0,90.0,24.28333333333333,12.008333333333333,17.8,36.4,-7.522733203885458,9.052824925770013,1004.6,1002.9,0.0,0.0,16.458333333333332,407.0833333333333,180.0,950.0,2135.6041666666665,0.0,0,2,98,4,2026,0,spring,test
2161292,"Số 46, phố Lưu Quang Vũ",21.0152,105.7999,2026-04-09 00:00:00+00:00,29.808333333333334,3.3481879157001604,25.2,35.5,73.91666666666667,11.776604170859333,51.0,88.0,24.416666666666668,8.141666666666667,17.2,32.8,-5.017759510937442,5.238345338587647,1004.9041666666667,1003.2041666666668,0.1,0.1,11.166666666666666,438.125,95.0,1155.0,2166.804166666667,1.72,0,3,99,4,2026,0,spring,test
2161292,"Số 46, phố Lưu Quang Vũ",21.0152,105.7999,2026-04-10 00:00:00+00:00,30.037499999999998,3.9428319661181965,25.0,36.2,73.95833333333333,14.032506258115767,47.0,91.0,24.508333333333336,7.779166666666666,16.9,38.2,-5.82668908560699,1.2187939585588294,1003.3625000000001,1001.6625,0.0,0.0,2.6666666666666665,282.0833333333333,25.0,830.0,2170.795833333333,0.0,0,4,100,4,2026,0,spring,test
2161292,"Số 46, phố Lưu Quang Vũ",21.0152,105.7999,2026-04-11 00:00:00+00:00,31.541666666666668,4.687069787021076,24.7,39.5,56.833333333333336,16.45459276884134,23.0,82.0,21.1125,5.604166666666667,16.0,30.2,-2.595596661449064,2.750945253755603,1001.5416666666666,999.8541666666666,0.0,0.0,6.375,530.625,15.0,2965.0,1723.3875,0.0,0,5,101,4,2026,1,spring,test
2161292,"Số 46, phố Lưu Quang Vũ",21.0152,105.7999,2026-04-12 00:00:00+00:00,30.745833333333334,4.322436829489534,25.1,37.5,65.45833333333333,17.38309815450845,36.0,93.0,22.833333333333332,7.379166666666666,13.6,28.1,-4.988435000739757,3.254197426661472,1002.3791666666666,1000.6875,0.0,0.0,1.25,425.2083333333333,85.0,1335.0,1943.4333333333334,0.0,0,6,102,4,2026,1,spring,test
2161292,"Số 46, phố Lưu Quang Vũ",21.0152,105.7999,2026-04-13 00:00:00+00:00,30.200000000000003,3.3794777059802277,26.0,35.7,75.29166666666667,12.68165112918341,55.0,92.0,25.045833333333334,9.620833333333334,15.9,37.4,-7.306049649232854,5.823203583435052,1005.1958333333333,1003.4958333333334,0.0,0.0,6.125,432.2916666666667,165.0,815.0,2233.625,0.0,0,0,103,4,2026,0,spring,test
2161292,"Số 46, phố Lưu Quang Vũ",21.0152,105.7999,2026-04-14 00:00:00+00:00,29.691666666666666,3.170779175488283,26.2,34.6,79.45833333333333,13.426058914328298,59.0,93.0,25.479166666666668,9.541666666666666,16.4,36.7,-7.825436587436124,5.069543019737216,1005.2416666666667,1003.5416666666666,0.0,0.0,9.916666666666666,525.0,200.0,985.0,2319.258333333333,0.0,0,1,104,4,2026,0,spring,test
2161292,"Số 46, phố Lưu Quang Vũ",21.0152,105.7999,2026-04-15 00:00:00+00:00,29.537499999999998,3.1171074244645784,26.1,35.0,77.79166666666667,14.3617219709551,53.0,93.0,24.900000000000002,12.179166666666667,18.1,41.0,-8.378092117876678,8.458012122236088,1005.0166666666668,1003.3166666666666,0.1,0.1,44.791666666666664,680.4166666666666,310.0,1380.0,2255.15,0.8800000000000001,0,2,105,4,2026,0,spring,test
2161292,"Số 46, phố Lưu Quang Vũ",21.0152,105.7999,2026-04-16 00:00:00+00:00,29.21666666666667,2.692286351245247,26.5,33.8,79.08333333333333,13.999741198436087,56.0,93.0,24.900000000000002,10.666666666666666,17.3,39.2,-7.2623645441546785,7.347262688788781,1006.6875,1004.9875000000001,0.30000000000000004,0.30000000000000004,61.458333333333336,629.375,275.0,1175.0,2274.775,1.87,0,3,106,4,2026,0,spring,test
2161292,"Số 46, phố Lưu Quang Vũ",21.0152,105.7999,2026-04-17 00:00:00+00:00,24.90833333333333,1.7927187676013594,22.3,28.0,89.83333333333333,6.30159860095327,77.0,98.0,23.079166666666666,8.158333333333333,18.1,38.5,-4.107181022108716,-0.409032267028173,1010.4791666666666,1008.7666666666668,55.6,55.6,89.33333333333333,363.125,45.0,635.0,2227.929166666667,558.54,0,4,107,4,2026,0,spring,test
2161292,"Số 46, phố Lưu Quang Vũ",21.0152,105.7999,2026-04-18 00:00:00+00:00,25.65416666666667,1.2765371523967783,23.8,28.6,85.25,6.109507914433198,73.0,93.0,22.912499999999998,9.445833333333333,12.2,28.4,-6.711612666320607,6.02560351391234,1010.3541666666666,1008.6541666666667,4.6,4.6,74.0,469.5833333333333,235.0,790.0,2179.6625,37.82,0,5,108,4,2026,1,spring,test
2161292,"Số 46, phố Lưu Quang Vũ",21.0152,105.7999,2026-04-19 00:00:00+00:00,25.650000000000002,1.7232426461155443,23.4,29.5,83.70833333333333,7.681027822225165,69.0,94.0,22.608333333333334,12.854166666666666,15.8,35.6,-5.372980638740091,11.508074606302182,1008.8249999999999,1007.125,2.2,2.2,85.625,655.2083333333334,430.0,1045.0,2134.7458333333334,28.119999999999997,0,6,109,4,2026,1,spring,test
2161292,"Số 46, phố Lưu Quang Vũ",21.0152,105.7999,2026-04-20 00:00:00+00:00,26.391666666666666,1.4067899526988714,24.4,28.5,84.875,7.87573323018521,72.0,93.0,23.575,14.858333333333334,17.1,38.5,-5.567188037726127,13.52200059705325,1007.0500000000001,1005.35,0.4,0.4,59.083333333333336,657.2916666666666,335.0,905.0,2229.7916666666665,5.7,0,0,110,4,2026,0,spring,test
2161292,"Số 46, phố Lưu Quang Vũ",21.0152,105.7999,2026-04-21 00:00:00+00:00,27.879166666666666,2.39528144242087,25.1,32.4,80.83333333333333,9.734147275874031,61.0,93.0,24.1875,15.091666666666667,21.1,45.7,-5.657782768016364,13.58093244455024,1004.4125,1002.7125,0.1,0.1,29.25,646.6666666666666,245.0,1250.0,2231.420833333333,1.37,0,1,111,4,2026,0,spring,test
2161292,"Số 46, phố Lưu Quang Vũ",21.0152,105.7999,2026-04-22 00:00:00+00:00,28.541666666666668,3.670199220592879,23.4,34.5,82.25,11.306981298602938,61.0,95.0,25.020833333333332,11.445833333333333,20.7,54.4,-7.019667207497566,-0.5112689340055172,1004.4791666666666,1002.7791666666667,8.0,8.0,47.083333333333336,558.3333333333334,185.0,1105.0,2309.5499999999997,162.01999999999998,0,2,112,4,2026,0,spring,test
2161292,"Số 46, phố Lưu Quang Vũ",21.0152,105.7999,2026-04-23 00:00:00+00:00,24.245833333333334,1.5194332944331204,22.5,26.9,82.91666666666667,10.70520664328168,66.0,97.0,21.0125,7.6000000000000005,23.3,43.6,-5.381292566789583,-2.595720303891079,1009.0375,1007.3375,27.2,27.2,89.70833333333333,397.2916666666667,105.0,785.0,1995.6833333333334,513.43,0,3,113,4,2026,0,spring,test
2161292,"Số 46, phố Lưu Quang Vũ",21.0152,105.7999,2026-04-24 00:00:00+00:00,24.724999999999998,1.5970761327854839,22.6,27.8,80.41666666666667,9.249755186732935,64.0,92.0,21.033333333333335,5.625,7.7,22.0,-3.022767205490671,1.6870031805806525,1012.4250000000001,1010.7125,1.2,1.2,82.79166666666667,381.875,75.0,1140.0,1975.375,7.199999999999999,0,4,114,4,2026,0,spring,test
2161292,"Số 46, phố Lưu Quang Vũ",21.0152,105.7999,2026-04-25 00:00:00+00:00,25.766666666666666,2.313601872230485,23.1,29.5,78.33333333333333,13.76405737282139,56.0,94.0,21.462500000000002,6.966666666666666,11.2,24.1,-4.112710353911933,4.868235341440546,1013.1333333333333,1011.4291666666667,0.2,0.2,65.20833333333333,580.0,100.0,1530.0,1988.0666666666666,0.76,0,5,115,4,2026,1,spring,test
2161292,"Số 46, phố Lưu Quang Vũ",21.0152,105.7999,2026-04-26 00:00:00+00:00,25.679166666666664,2.080756377245848,23.6,29.4,83.04166666666667,13.142957005201671,60.0,95.0,22.333333333333332,9.933333333333334,13.0,31.0,-5.699416546011055,7.711318771854926,1010.0958333333333,1008.3958333333334,0.4,0.4,68.625,568.5416666666666,180.0,1415.0,2106.420833333333,4.16,0,6,116,4,2026,1,spring,test
2161292,"Số 46, phố Lưu Quang Vũ",21.0152,105.7999,2026-04-27 00:00:00+00:00,26.9875,2.738186086349548,24.2,32.0,81.83333333333333,14.460340565676947,56.0,96.0,23.329166666666666,12.870833333333332,18.2,40.3,-4.5225204079828165,11.363857292766625,1006.9541666666668,1005.2541666666666,0.0,0.0,51.833333333333336,673.9583333333334,360.0,1405.0,2170.7791666666667,0.0,0,0,117,4,2026,0,spring,test
2161292,"Số 46, phố Lưu Quang Vũ",21.0152,105.7999,2026-04-28 00:00:00+00:00,27.433333333333334,3.0886421199173495,22.6,32.3,80.54166666666667,11.170532534371368,60.0,94.0,23.599999999999998,12.541666666666666,20.6,56.2,-3.035323961477635,4.685619268676457,1006.0291666666667,1004.3291666666668,26.5,26.5,60.625,548.9583333333334,95.0,1145.0,2178.429166666667,315.07,0,1,118,4,2026,0,spring,test
2161292,"Số 46, phố Lưu Quang Vũ",21.0152,105.7999,2026-04-29 00:00:00+00:00,24.224999999999998,2.370699768276099,20.5,28.4,65.375,7.878493014143824,48.0,75.0,17.183333333333334,9.4375,18.9,40.3,-3.4034828935809833,-6.954505093543287,1014.1083333333332,1012.3625000000001,0.0,0.0,86.04166666666667,749.375,65.0,1840.0,1568.0458333333333,0.0,0,2,119,4,2026,0,spring,test
2161292,"Số 46, phố Lưu Quang Vũ",21.0152,105.7999,2026-04-30 00:00:00+00:00,23.383333333333336,2.0060054763171737,21.1,26.5,69.125,13.667837524959666,52.0,88.0,17.104166666666668,6.575,11.8,22.7,-3.791537787342515,2.7233101715524146,1014.4083333333333,1012.6458333333334,0.0,0.0,17.458333333333332,486.6666666666667,85.0,1135.0,1592.6666666666667,0.0,0,3,120,4,2026,0,spring,test
2161292,"Số 46, phố Lưu Quang Vũ",21.0152,105.7999,2026-05-01 00:00:00+00:00,24.870833333333334,2.081069784816298,22.0,28.4,77.41666666666667,12.104317112238226,59.0,92.0,20.416666666666668,11.358333333333334,16.1,38.9,-5.837705120907729,9.507132922408207,1010.5208333333334,1008.8166666666666,0.0,0.0,82.5,650.0,195.0,1310.0,1901.9583333333333,0.0,0,4,121,5,2026,0,spring,test
2161292,"Số 46, phố Lưu Quang Vũ",21.0152,105.7999,2026-05-02 00:00:00+00:00,26.366666666666664,2.473980539564716,23.6,32.4,85.58333333333333,12.42688763254435,57.0,99.0,23.554166666666664,6.866666666666667,14.7,40.0,-1.9025897949421988,3.24536470289752,1008.275,1006.5749999999999,3.9,3.9,87.45833333333333,381.6666666666667,15.0,1455.0,2228.625,45.72,0,5,122,5,2026,1,spring,test
2161292,"Số 46, phố Lưu Quang Vũ",21.0152,105.7999,2026-05-03 00:00:00+00:00,24.125,2.7208134972754983,20.0,28.1,85.25,6.208339412505535,73.0,97.0,21.429166666666664,12.225,16.0,38.9,-2.643081411408372,-10.379071574690254,1012.1875,1010.4458333333333,22.6,22.6,91.79166666666667,576.0416666666666,160.0,845.0,2047.6499999999999,296.88,0,6,123,5,2026,1,spring,test
2161292,"Số 46, phố Lưu Quang Vũ",21.0152,105.7999,2026-05-04 00:00:00+00:00,23.675,2.1209616358787744,21.5,27.6,75.70833333333333,14.226366112033782,54.0,93.0,18.8375,7.666666666666667,11.2,24.1,-2.971521602315537,1.1912666132594836,1014.4625,1012.6999999999999,1.4,1.4,38.416666666666664,542.2916666666666,65.0,1405.0,1765.4291666666668,11.76,0,0,124,5,2026,0,spring,test
2161292,"Số 46, phố Lưu Quang Vũ",21.0152,105.7999,2026-05-05 00:00:00+00:00,25.883333333333336,2.2015146301277833,22.6,29.5,78.0,12.104616438798669,59.0,93.0,21.52916666666667,9.329166666666667,14.8,29.5,-4.107239056929448,7.950239796086909,1010.3375,1008.6333333333333,0.0,0.0,23.75,645.0,130.0,1385.0,1993.8916666666667,0.0,0,1,125,5,2026,0,spring,test
2161292,"Số 46, phố Lưu Quang Vũ",21.0152,105.7999,2026-05-06 00:00:00+00:00,27.412499999999998,2.147458052432346,24.9,31.2,80.83333333333333,11.911509474916038,61.0,96.0,23.625,14.612499999999999,18.4,41.0,-6.3764403046235705,12.856273573392171,1007.725,1006.025,0.2,0.2,47.416666666666664,748.75,405.0,1465.0,2192.0833333333335,3.43,0,2,126,5,2026,0,spring,test
2161292,"Số 46, phố Lưu Quang Vũ",21.0152,105.7999,2026-05-07 00:00:00+00:00,26.325,2.1020176642620196,23.1,30.5,89.41666666666667,7.928576091618199,74.0,99.0,24.370833333333334,7.9750000000000005,13.7,29.2,-3.0141980604857093,0.6310685807302009,1010.0166666666668,1008.3166666666666,33.9,33.9,92.08333333333333,357.5,60.0,905.0,2338.5625,323.43,0,3,127,5,2026,0,spring,test
2161292,"Số 46, phố Lưu Quang Vũ",21.0152,105.7999,2026-05-08 00:00:00+00:00,25.95,1.826376788593483,24.0,29.0,86.375,10.064196116842156,72.0,99.0,23.34166666666667,6.558333333333334,10.9,26.6,-3.3619248088615845,-3.311826564308452,1012.7083333333334,1011.0083333333333,2.4,2.4,82.125,412.9166666666667,10.0,950.0,2225.5750000000003,17.72,0,4,128,5,2026,0,spring,test
2161292,"Số 46, phố Lưu Quang Vũ",21.0152,105.7999,2026-05-09 00:00:00+00:00,24.879166666666666,1.299156638367558,23.2,27.5,80.79166666666667,6.846002747822148,70.0,90.0,21.266666666666666,6.3875,11.8,23.8,-0.4830959766643373,-5.978154907133323,1014.0,1012.2958333333332,4.9,4.9,85.0,358.75,100.0,810.0,2003.7625,28.880000000000003,0,5,129,5,2026,1,spring,test
2161292,"Số 46, phố Lưu Quang Vũ",21.0152,105.7999,2026-05-10 00:00:00+00:00,24.6125,1.2605424988092826,23.0,28.0,82.91666666666667,8.93413905083809,66.0,94.0,21.40416666666667,4.316666666666666,7.6,19.1,1.0976844174973197,-3.10595781141224,1013.2083333333334,1011.5083333333333,0.1,0.1,88.16666666666667,234.375,25.0,780.0,2030.9666666666665,0.61,0,6,130,5,2026,1,spring,test
2161292,"Số 46, phố Lưu Quang Vũ",21.0152,105.7999,2026-05-11 00:00:00+00:00,27.245833333333334,2.2538815150885743,24.6,30.9,81.5,12.090240404701564,62.0,94.0,23.6125,9.5375,12.1,27.0,-5.148376492968754,7.73040648253167,1010.1041666666666,1008.4041666666667,1.1,1.1,64.625,568.5416666666666,140.0,970.0,2194.9083333333333,9.24,0,0,131,5,2026,0,spring,test
2161292,"Số 46, phố Lưu Quang Vũ",21.0152,105.7999,2026-05-12 00:00:00+00:00,27.974999999999998,1.9040574525493426,25.9,31.8,83.79166666666667,9.431580469090392,66.0,94.0,24.84166666666667,13.866666666666667,17.0,36.0,-2.5226205413228895,13.449733244699411,1006.0958333333333,1004.3958333333334,1.7,1.7,71.54166666666667,603.125,345.0,1090.0,2327.304166666667,18.06,0,1,132,5,2026,0,spring,test
2161292,"Số 46, phố Lưu Quang Vũ",21.0152,105.7999,2026-05-13 00:00:00+00:00,28.808333333333334,2.0269738992907156,25.9,32.9,84.41666666666667,10.206207261596573,63.0,98.0,25.77916666666667,12.416666666666666,18.0,47.2,-2.177398506952562,12.065730976502664,1002.3041666666667,1000.6041666666666,2.2,2.2,29.708333333333332,426.0416666666667,90.0,1195.0,2412.454166666667,33.45,0,2,133,5,2026,0,spring,test
2161292,"Số 46, phố Lưu Quang Vũ",21.0152,105.7999,2026-05-14 00:00:00+00:00,30.90416666666667,3.0519386806004034,26.6,35.8,71.125,14.025791460269067,47.0,91.0,24.666666666666668,8.637500000000001,15.4,29.9,-2.7745730300097535,6.341050259342924,1001.3541666666666,999.6541666666667,0.0,0.0,70.58333333333333,596.25,90.0,1660.0,2158.366666666667,0.0,0,3,134,5,2026,0,spring,test
2161292,"Số 46, phố Lưu Quang Vũ",21.0152,105.7999,2026-05-15 00:00:00+00:00,30.879166666666666,2.3085811879700655,27.9,34.5,72.625,11.028865289104653,55.0,87.0,25.1875,7.708333333333333,12.5,27.7,-0.130532446772368,4.540520515465171,1002.0083333333333,1000.3083333333334,0.0,0.0,76.0,493.125,100.0,1275.0,2218.75,0.0,0,4,135,5,2026,0,spring,test
