location_id,location_name,latitude,longitude,date,temperature_2m_C_mean,temperature_2m_C_std,temperature_2m_C_min,temperature_2m_C_max,relative_humidity_pct_mean,relative_humidity_pct_std,relative_humidity_pct_min,relative_humidity_pct_max,dew_point_mean_C,wind_speed_mean_kmh,wind_speed_max_kmh,wind_gusts_max_kmh,wind_u_mean,wind_v_mean,pressure_msl_mean_hPa,surface_pressure_mean_hPa,precip_daily_mm,rain_daily_mm,cloud_cover_mean_pct,blh_mean_m,blh_min_m,blh_max_m,temp_x_rh_mean,wind_x_rain_daily,blh_missing_hours,day_of_week,day_of_year,month,year,is_weekend,season,split
4946811,556 Nguyễn Văn Cừ,21.0491,105.8831,2024-01-29 00:00:00+00:00,14.295833333333334,1.4375338685361139,11.4,17.1,79.66666666666667,6.82493297732128,66.0,88.0,10.783333333333333,5.095833333333333,9.0,19.4,-1.1710955959693394,-4.360737011879396,1021.1291666666666,1019.9291666666667,0.6,0.6,95.66666666666667,440.0,185.0,950.0,1130.6875,5.3999999999999995,24,0,29,1,2024,0,winter,train
4946811,556 Nguyễn Văn Cừ,21.0491,105.8831,2024-01-30 00:00:00+00:00,17.083333333333332,1.6147867450174525,13.6,19.5,83.79166666666667,8.627454492171648,71.0,97.0,14.237499999999999,5.033333333333333,9.7,19.4,-2.912463884670055,1.6741394216485206,1018.1833333333334,1016.9833333333332,1.0,1.0,99.58333333333333,440.0,185.0,950.0,1424.8416666666665,6.0,24,1,30,1,2024,0,winter,train
4946811,556 Nguyễn Văn Cừ,21.0491,105.8831,2024-01-31 00:00:00+00:00,19.275000000000002,1.1975518505612242,16.5,21.3,90.70833333333333,6.669066597010582,78.0,98.0,17.662499999999998,5.8625,9.6,18.7,-2.460748414649027,2.820686435599693,1016.1875,1014.9875000000001,0.2,0.2,99.54166666666667,440.0,185.0,950.0,1744.1833333333334,0.54,24,2,31,1,2024,0,winter,train
4946811,556 Nguyễn Văn Cừ,21.0491,105.8831,2024-02-01 00:00:00+00:00,21.879166666666666,1.522006446500279,19.6,25.0,89.29166666666667,8.873405143493656,74.0,97.0,19.95,9.049999999999999,14.1,23.8,-3.8895362061094736,6.286017719509174,1015.0,1013.8000000000001,0.1,0.1,83.79166666666667,440.0,185.0,950.0,1942.075,0.9400000000000001,24,3,32,2,2024,0,winter,train
4946811,556 Nguyễn Văn Cừ,21.0491,105.8831,2024-02-02 00:00:00+00:00,23.266666666666666,2.3957692177936365,21.0,27.9,83.58333333333333,12.866933240461488,58.0,96.0,20.129166666666666,14.995833333333332,21.7,39.2,-8.111563654526252,12.190486199509657,1014.0291666666667,1012.8375,0.6000000000000001,0.6000000000000001,87.875,440.0,185.0,950.0,1915.3208333333332,8.43,24,4,33,2,2024,0,winter,train
4946811,556 Nguyễn Văn Cừ,21.0491,105.8831,2024-02-03 00:00:00+00:00,22.9375,1.6833745869532426,21.4,26.8,88.16666666666667,8.286535263104037,70.0,96.0,20.766666666666666,16.808333333333334,21.5,39.2,-9.265980770762885,13.711720254925316,1013.3791666666666,1012.1791666666667,2.0,2.0,89.70833333333333,440.0,185.0,950.0,2009.1125,34.59,24,5,34,2,2024,1,winter,train
4946811,556 Nguyễn Văn Cừ,21.0491,105.8831,2024-02-04 00:00:00+00:00,24.520833333333332,2.900071838190678,20.6,29.5,82.95833333333333,14.591478056867913,56.0,96.0,21.1375,14.174999999999999,18.3,31.3,-7.887286935537104,10.304442780079624,1013.35,1012.1750000000001,2.1,2.1,70.20833333333333,440.0,185.0,950.0,1994.1958333333334,28.380000000000003,24,6,35,2,2024,1,winter,train
4946811,556 Nguyễn Văn Cừ,21.0491,105.8831,2024-02-05 00:00:00+00:00,21.791666666666668,1.4601717191054486,20.0,24.7,85.79166666666667,5.012845817338271,77.0,93.0,19.287499999999998,14.2125,20.4,38.9,-11.936428272185374,7.55787816991364,1015.0958333333333,1013.8958333333334,0.9,0.9,100.0,440.0,185.0,950.0,1862.8041666666668,10.42,24,0,36,2,2024,0,winter,train
4946811,556 Nguyễn Văn Cừ,21.0491,105.8831,2024-02-06 00:00:00+00:00,20.058333333333334,3.1403290698056887,14.9,24.4,87.75,5.68942573704863,76.0,95.0,17.929166666666667,13.345833333333333,17.7,33.5,-10.42909994896499,0.912692617191909,1015.4208333333332,1014.2208333333333,5.2,5.2,100.0,440.0,185.0,950.0,1746.4791666666667,57.25,24,1,37,2,2024,0,winter,train
4946811,556 Nguyễn Văn Cừ,21.0491,105.8831,2024-02-07 00:00:00+00:00,14.558333333333332,2.0019374673521653,11.1,17.2,78.54166666666667,4.471933408023546,73.0,88.0,10.858333333333334,14.0875,15.9,29.5,-8.677198068531863,-10.882641082350554,1016.2541666666666,1015.0541666666667,1.8,1.8,100.0,440.0,185.0,950.0,1140.9583333333333,26.41,24,2,38,2,2024,0,winter,train
4946811,556 Nguyễn Văn Cừ,21.0491,105.8831,2024-02-08 00:00:00+00:00,12.670833333333334,1.18486072073313,11.1,14.5,69.91666666666667,2.7491764247666524,66.0,76.0,7.3,11.762500000000001,14.7,27.7,-5.968878104202001,-9.730500234623163,1020.2083333333334,1019.0083333333333,0.0,0.0,100.0,440.0,185.0,950.0,883.2041666666668,0.0,24,3,39,2,2024,0,winter,train
4946811,556 Nguyễn Văn Cừ,21.0491,105.8831,2024-02-09 00:00:00+00:00,14.816666666666668,1.2460953507610908,11.7,16.5,62.958333333333336,8.38984462035044,52.0,79.0,7.7,7.979166666666667,14.8,29.2,-1.1030760693323296,-7.181902963516858,1025.8458333333333,1024.6458333333333,0.0,0.0,99.70833333333333,440.0,185.0,950.0,930.1458333333334,0.0,24,4,40,2,2024,0,winter,train
4946811,556 Nguyễn Văn Cừ,21.0491,105.8831,2024-02-10 00:00:00+00:00,16.4375,2.0414854992084215,12.3,19.3,65.375,14.055209462810517,47.0,91.0,9.612499999999999,8.549999999999999,13.1,28.4,1.1408992600555774,-7.424641309387376,1027.3166666666666,1026.1166666666666,0.0,0.0,71.04166666666667,440.0,185.0,950.0,1050.0041666666666,0.0,24,5,41,2,2024,1,winter,train
4946811,556 Nguyễn Văn Cừ,21.0491,105.8831,2024-02-11 00:00:00+00:00,16.916666666666668,3.84172364697282,10.6,22.6,65.5,18.733833610319337,41.0,96.0,9.762500000000001,6.795833333333333,12.0,26.6,-3.1497960140948016,-1.9484373301533655,1025.6083333333333,1024.4083333333333,0.0,0.0,9.333333333333334,440.0,185.0,950.0,1040.1041666666667,0.0,24,6,42,2,2024,1,winter,train
4946811,556 Nguyễn Văn Cừ,21.0491,105.8831,2024-02-12 00:00:00+00:00,18.554166666666667,3.6809709454774677,11.8,25.4,76.0,19.162917087550838,46.0,99.0,13.641666666666666,10.279166666666667,22.3,44.6,-7.570141032465404,5.782555372146113,1021.6083333333332,1020.4083333333333,0.0,0.0,36.25,440.0,185.0,950.0,1348.3125,0.0,24,0,43,2,2024,0,winter,train
4946811,556 Nguyễn Văn Cừ,21.0491,105.8831,2024-02-13 00:00:00+00:00,20.733333333333334,2.7085479290678935,15.6,25.0,81.70833333333333,14.769178148712472,60.0,99.0,17.2,12.295833333333334,18.8,34.9,-5.966723806162026,9.937815237473501,1018.7583333333333,1017.5583333333334,0.0,0.0,81.16666666666667,440.0,185.0,950.0,1657.3083333333334,0.0,24,1,44,2,2024,0,winter,train
4946811,556 Nguyễn Văn Cừ,21.0491,105.8831,2024-02-14 00:00:00+00:00,21.349999999999998,2.4906782732560133,18.5,25.1,82.125,13.822830830691418,61.0,98.0,17.945833333333333,13.866666666666667,21.0,39.6,-6.767629379582068,11.017456300573953,1016.625,1015.4250000000001,0.7000000000000001,0.7000000000000001,94.41666666666667,440.0,185.0,950.0,1720.6416666666667,10.66,24,2,45,2,2024,0,winter,train
4946811,556 Nguyễn Văn Cừ,21.0491,105.8831,2024-02-15 00:00:00+00:00,21.329166666666666,2.735035039385542,17.8,25.5,82.33333333333333,11.40048308155201,65.0,96.0,18.025000000000002,7.783333333333334,17.1,30.6,-5.997315599285261,0.490670798244118,1019.2708333333334,1018.0708333333333,0.8,0.8,91.70833333333333,440.0,185.0,950.0,1730.0375000000001,8.629999999999999,24,3,46,2,2024,0,winter,train
4946811,556 Nguyễn Văn Cừ,21.0491,105.8831,2024-02-16 00:00:00+00:00,19.845833333333335,2.982846490922017,16.2,25.0,78.54166666666667,13.041669560586785,57.0,98.0,15.775,10.441666666666666,15.5,27.4,-7.019301332102103,4.164588083258954,1017.3416666666667,1016.1416666666668,0.2,0.2,65.0,440.0,185.0,950.0,1524.1583333333335,1.8399999999999999,24,4,47,2,2024,0,winter,train
4946811,556 Nguyễn Văn Cừ,21.0491,105.8831,2024-02-17 00:00:00+00:00,21.40416666666667,2.305471595002271,18.0,25.6,84.45833333333333,12.014408620184076,64.0,97.0,18.491666666666667,13.791666666666666,22.1,40.7,-5.999037779369432,12.143722989449317,1012.2041666666668,1011.0041666666666,0.6000000000000001,0.6000000000000001,79.79166666666667,440.0,185.0,950.0,1781.95,9.33,24,5,48,2,2024,1,winter,train
4946811,556 Nguyễn Văn Cừ,21.0491,105.8831,2024-02-18 00:00:00+00:00,23.558333333333334,3.1382516133041016,20.4,29.6,85.33333333333333,13.537923116890596,61.0,99.0,20.683333333333334,12.716666666666667,19.8,36.4,-7.149661828054896,9.779400182875547,1010.3916666666668,1009.2125,0.30000000000000004,0.30000000000000004,73.0,440.0,185.0,950.0,1970.0583333333334,3.2100000000000004,24,6,49,2,2024,1,winter,train
4946811,556 Nguyễn Văn Cừ,21.0491,105.8831,2024-02-19 00:00:00+00:00,24.445833333333336,3.0713230638144915,20.8,30.9,85.54166666666667,12.988219299800498,59.0,97.0,21.625,15.075000000000001,23.4,44.3,-8.222475834926428,12.51015445701065,1009.5833333333334,1008.4041666666667,0.2,0.2,34.791666666666664,440.0,185.0,950.0,2053.0750000000003,2.4000000000000004,24,0,50,2,2024,0,winter,train
4946811,556 Nguyễn Văn Cừ,21.0491,105.8831,2024-02-20 00:00:00+00:00,25.554166666666664,3.178730833232805,21.8,31.5,80.91666666666667,11.77291167364141,60.0,96.0,21.829166666666666,16.883333333333333,25.6,47.2,-8.159750666027284,14.437039098839032,1007.7166666666667,1006.5500000000001,0.1,0.1,30.875,440.0,185.0,950.0,2032.0166666666667,1.7100000000000002,24,1,51,2,2024,0,winter,train
4946811,556 Nguyễn Văn Cừ,21.0491,105.8831,2024-02-21 00:00:00+00:00,26.59583333333333,3.6548335079746788,22.5,32.5,79.95833333333333,13.582210765385804,60.0,96.0,22.566666666666666,14.220833333333333,20.6,38.2,-6.847582917463786,11.164970975245105,1008.9333333333334,1007.7791666666667,0.30000000000000004,0.30000000000000004,58.666666666666664,440.0,185.0,950.0,2079.2166666666667,5.2,24,2,52,2,2024,0,winter,train
4946811,556 Nguyễn Văn Cừ,21.0491,105.8831,2024-02-22 00:00:00+00:00,24.741666666666664,3.2684149418156894,18.4,29.8,80.45833333333333,8.44923030539606,65.0,96.0,21.037499999999998,15.475,20.8,38.5,-11.147550700556055,7.188839903765626,1013.1458333333334,1011.9708333333333,1.4,1.4,95.83333333333333,440.0,185.0,950.0,1975.6541666666665,19.970000000000002,24,3,53,2,2024,0,winter,train
4946811,556 Nguyễn Văn Cừ,21.0491,105.8831,2024-02-23 00:00:00+00:00,17.179166666666667,2.68392625549353,13.1,21.0,76.58333333333333,10.154958808670624,64.0,93.0,12.883333333333333,13.920833333333334,17.2,32.8,-7.773182907694874,-11.27353799719233,1018.0208333333334,1016.8208333333333,3.7,3.7,100.0,440.0,185.0,950.0,1290.6916666666666,50.59,24,4,54,2,2024,0,winter,train
4946811,556 Nguyễn Văn Cừ,21.0491,105.8831,2024-02-24 00:00:00+00:00,12.741666666666667,1.1290306217846955,11.4,14.8,87.58333333333333,4.252024240867819,80.0,94.0,10.679166666666667,11.745833333333332,13.9,26.6,-4.6565344303240375,-10.695115534310224,1021.1583333333333,1019.9583333333334,3.8000000000000003,3.8000000000000003,100.0,440.0,185.0,950.0,1112.1041666666667,47.300000000000004,24,5,55,2,2024,1,winter,train
4946811,556 Nguyễn Văn Cừ,21.0491,105.8831,2024-02-25 00:00:00+00:00,14.0625,1.1017032268265348,11.8,15.5,76.75,3.529379795251635,73.0,86.0,10.008333333333333,7.379166666666666,12.6,24.1,-2.902086724533683,-6.463618118067146,1020.5833333333334,1019.3833333333333,0.5,0.5,100.0,440.0,185.0,950.0,1075.8,5.8500000000000005,24,6,56,2,2024,1,winter,train
4946811,556 Nguyễn Văn Cừ,21.0491,105.8831,2024-02-26 00:00:00+00:00,14.620833333333332,1.8254193482872505,11.8,17.5,75.54166666666667,5.348540367050717,68.0,83.0,10.2875,11.391666666666666,16.3,28.8,-6.238924485678822,-9.07732284004354,1020.6875,1019.4875000000001,1.0,1.0,100.0,440.0,185.0,950.0,1096.5291666666667,12.05,24,0,57,2,2024,0,winter,train
4946811,556 Nguyễn Văn Cừ,21.0491,105.8831,2024-02-27 00:00:00+00:00,13.670833333333334,1.1330908734678924,11.4,15.3,71.91666666666667,4.8176908293845715,65.0,81.0,8.670833333333333,7.879166666666666,16.5,31.0,-4.537500501672283,-5.787643994421198,1019.9375,1018.7375000000001,0.2,0.2,99.91666666666667,440.0,185.0,950.0,978.4499999999999,3.22,24,1,58,2,2024,0,winter,train
4946811,556 Nguyễn Văn Cừ,21.0491,105.8831,2024-02-28 00:00:00+00:00,16.025000000000002,1.6114400796910757,13.3,18.9,81.45833333333333,7.644146192642623,70.0,93.0,12.791666666666666,6.470833333333334,10.1,18.7,-3.142379492343288,-3.510238753267006,1016.4666666666667,1015.2666666666668,1.0,1.0,100.0,440.0,185.0,950.0,1298.2916666666667,7.91,24,2,59,2,2024,0,winter,train
4946811,556 Nguyễn Văn Cừ,21.0491,105.8831,2024-02-29 00:00:00+00:00,14.920833333333334,1.3742916488984,12.6,17.0,73.16666666666667,7.738479047656227,64.0,92.0,10.0875,12.883333333333333,16.6,32.0,-5.626098266070315,-11.411739204403515,1019.6416666666668,1018.4416666666666,0.30000000000000004,0.30000000000000004,100.0,440.0,185.0,950.0,1090.3625,3.77,24,3,60,2,2024,0,winter,train
4946811,556 Nguyễn Văn Cừ,21.0491,105.8831,2024-03-01 00:00:00+00:00,13.991666666666667,0.9863929310841364,12.4,15.6,62.5,2.021622250010899,60.0,68.0,6.929166666666667,10.941666666666668,15.7,29.9,-5.44267800491721,-8.977741736210087,1022.5041666666666,1021.3041666666667,0.0,0.0,99.95833333333333,440.0,185.0,950.0,873.6166666666667,0.0,24,4,61,3,2024,0,spring,train
4946811,556 Nguyễn Văn Cừ,21.0491,105.8831,2024-03-02 00:00:00+00:00,13.954166666666666,2.041520994507403,11.6,18.0,70.875,12.284003383687045,53.0,88.0,8.5375,7.429166666666667,14.1,27.4,-5.0189835298938,-0.5404589508479819,1020.4333333333334,1019.2333333333332,0.0,0.0,71.95833333333333,440.0,185.0,950.0,968.0,0.0,24,5,62,3,2024,1,spring,train
4946811,556 Nguyễn Văn Cừ,21.0491,105.8831,2024-03-03 00:00:00+00:00,17.966666666666665,2.1525852337145195,13.3,21.7,79.375,10.569901895805685,64.0,94.0,14.174999999999999,11.166666666666666,17.9,33.8,-4.998281466248542,9.518021940772135,1011.8541666666666,1010.6541666666667,0.0,0.0,86.375,440.0,185.0,950.0,1413.7625,0.0,24,6,63,3,2024,1,spring,train
4946811,556 Nguyễn Văn Cừ,21.0491,105.8831,2024-03-04 00:00:00+00:00,21.695833333333336,4.144402108939202,17.0,29.0,84.125,14.41108420022889,61.0,100.0,18.6125,7.25,12.5,21.2,-2.0311458302804213,2.404205620527806,1005.1416666666668,1003.9666666666667,0.0,0.0,28.875,440.0,185.0,950.0,1773.5249999999999,0.0,24,0,64,3,2024,0,spring,train
4946811,556 Nguyễn Văn Cừ,21.0491,105.8831,2024-03-05 00:00:00+00:00,24.866666666666664,4.435103711023704,18.0,32.3,78.75,14.528083748082691,50.0,99.0,20.5625,7.979166666666667,21.6,36.0,-3.678668700364027,-1.449035077120654,1003.8208333333333,1002.6708333333332,0.0,0.0,16.333333333333332,440.0,185.0,950.0,1898.8125,0.0,24,1,65,3,2024,0,spring,train
4946811,556 Nguyễn Văn Cừ,21.0491,105.8831,2024-03-06 00:00:00+00:00,22.40833333333333,2.951332295564257,18.0,26.6,66.91666666666667,11.568009361152425,52.0,87.0,15.708333333333334,14.670833333333334,25.0,45.4,-9.858891279116515,-8.40014267801018,1011.1416666666668,1009.9499999999999,0.0,0.0,41.75,440.0,185.0,950.0,1476.0958333333335,0.0,24,2,66,3,2024,0,spring,train
4946811,556 Nguyễn Văn Cừ,21.0491,105.8831,2024-03-07 00:00:00+00:00,20.495833333333334,1.3823355053225568,18.0,22.8,66.54166666666667,8.086376985623607,57.0,83.0,13.9375,7.566666666666666,14.8,25.9,-4.576787754257859,-3.411231161503828,1015.875,1014.6750000000001,0.0,0.0,98.91666666666667,440.0,185.0,950.0,1357.2541666666666,0.0,24,3,67,3,2024,0,spring,train
4946811,556 Nguyễn Văn Cừ,21.0491,105.8831,2024-03-08 00:00:00+00:00,19.3125,1.3443319013062096,17.4,21.3,72.33333333333333,7.783296868610853,59.0,87.0,14.108333333333334,6.675,12.4,21.2,-4.9451886676015055,0.8530148458846977,1016.8375,1015.6374999999999,0.4,0.4,100.0,440.0,185.0,950.0,1388.3500000000001,1.7200000000000002,24,4,68,3,2024,0,spring,train
4946811,556 Nguyễn Văn Cừ,21.0491,105.8831,2024-03-09 00:00:00+00:00,17.429166666666667,1.031452823708496,16.1,19.1,84.75,6.8031322709214,77.0,94.0,14.758333333333333,8.895833333333334,9.8,20.5,-3.7255212915649936,-7.596913894172181,1016.9208333333332,1015.7208333333333,1.6,1.6,100.0,440.0,185.0,950.0,1471.1000000000001,14.030000000000001,24,5,69,3,2024,1,spring,train
4946811,556 Nguyễn Văn Cừ,21.0491,105.8831,2024-03-10 00:00:00+00:00,17.570833333333333,0.9224160933523244,16.2,19.3,81.91666666666667,3.988207254074101,75.0,92.0,14.458333333333334,9.35,14.5,25.6,-4.180787035700736,-7.532946844398441,1019.0083333333333,1017.8083333333334,0.9,0.9,100.0,440.0,185.0,950.0,1436.1333333333332,10.75,24,6,70,3,2024,1,spring,train
4946811,556 Nguyễn Văn Cừ,21.0491,105.8831,2024-03-11 00:00:00+00:00,19.095833333333335,3.535961730890035,14.6,24.6,77.45833333333333,17.227327044595427,52.0,100.0,14.612499999999999,8.4375,17.4,35.6,0.05780229586444611,-3.357937142514746,1018.9583333333334,1017.7583333333333,0.1,0.1,30.125,440.0,185.0,950.0,1421.4750000000001,1.26,24,0,71,3,2024,0,spring,train
4946811,556 Nguyễn Văn Cừ,21.0491,105.8831,2024-03-12 00:00:00+00:00,20.633333333333333,2.664691297344764,15.9,24.5,80.25,14.668066468115128,60.0,97.0,16.837500000000002,9.549999999999999,17.8,30.2,-6.265751956118186,6.720131496722995,1015.8874999999999,1014.6875,1.3,1.3,73.25,440.0,185.0,950.0,1619.3041666666668,11.379999999999999,24,1,72,3,2024,0,spring,train
4946811,556 Nguyễn Văn Cừ,21.0491,105.8831,2024-03-13 00:00:00+00:00,21.441666666666666,1.6471098975152665,18.6,23.9,87.0,9.06018523661294,73.0,98.0,19.054166666666667,8.862499999999999,12.9,23.0,-5.823269085754664,3.9718986866224095,1013.5833333333334,1012.3833333333333,2.7,2.7,100.0,440.0,185.0,950.0,1852.3875,16.02,24,2,73,3,2024,0,spring,train
4946811,556 Nguyễn Văn Cừ,21.0491,105.8831,2024-03-14 00:00:00+00:00,21.225,1.151275285328706,20.1,23.5,91.95833333333333,5.336332942701599,81.0,97.0,19.825,6.829166666666667,12.3,21.6,-5.920669441901482,-0.2368926417121504,1013.1583333333333,1011.9583333333334,8.6,8.6,100.0,440.0,185.0,950.0,1946.2625,44.9,24,3,74,3,2024,0,spring,train
4946811,556 Nguyễn Văn Cừ,21.0491,105.8831,2024-03-15 00:00:00+00:00,22.90833333333333,1.239886624082907,20.3,24.9,91.875,6.102832556886283,83.0,98.0,21.495833333333334,8.85,12.8,24.1,-5.795240456180256,6.4754709204318175,1012.7791666666667,1011.5791666666668,0.5,0.5,94.70833333333333,440.0,185.0,950.0,2099.75,2.68,24,4,75,3,2024,0,spring,train
4946811,556 Nguyễn Văn Cừ,21.0491,105.8831,2024-03-16 00:00:00+00:00,23.445833333333336,1.503034370478794,21.8,26.4,90.29166666666667,6.32784850218987,76.0,97.0,21.712500000000002,13.183333333333332,18.4,32.4,-9.623049350824806,8.739896548639253,1013.8625000000001,1012.6625,1.1,1.1,99.95833333333333,440.0,185.0,950.0,2107.9708333333333,16.71,24,5,76,3,2024,1,spring,train
4946811,556 Nguyễn Văn Cừ,21.0491,105.8831,2024-03-17 00:00:00+00:00,23.429166666666664,1.4579554375806598,21.6,26.0,92.04166666666667,4.676296999035496,83.0,97.0,22.02916666666667,12.391666666666666,16.2,28.4,-9.66711082744231,7.39021354279357,1012.9333333333334,1011.7333333333332,0.6000000000000001,0.6000000000000001,99.95833333333333,440.0,185.0,950.0,2150.0750000000003,8.690000000000001,24,6,77,3,2024,1,spring,train
4946811,556 Nguyễn Văn Cừ,21.0491,105.8831,2024-03-18 00:00:00+00:00,23.270833333333332,2.186018649561775,18.4,26.3,89.75,5.03250305082091,81.0,97.0,21.454166666666666,13.708333333333334,25.5,46.1,-10.06019894681303,2.2863993389627613,1013.9208333333332,1012.7208333333333,14.1,14.1,100.0,440.0,185.0,950.0,2083.829166666667,278.63,24,0,78,3,2024,0,spring,train
4946811,556 Nguyễn Văn Cừ,21.0491,105.8831,2024-03-19 00:00:00+00:00,18.883333333333333,1.197703115810921,17.3,21.0,79.70833333333333,7.262046463675359,66.0,91.0,15.245833333333332,8.991666666666667,23.4,41.4,-2.904452483886484,-6.757409355015206,1021.0916666666667,1019.8916666666668,12.7,12.7,100.0,440.0,185.0,950.0,1498.5458333333333,201.48,24,1,79,3,2024,0,spring,train
4946811,556 Nguyễn Văn Cừ,21.0491,105.8831,2024-03-20 00:00:00+00:00,18.2,2.3161061776367173,15.1,21.4,77.45833333333333,14.747082737794695,55.0,93.0,13.883333333333333,5.4875,9.8,20.5,0.04770621859709182,-0.16228672598787722,1021.2624999999999,1020.0625,0.1,0.1,60.416666666666664,440.0,185.0,950.0,1379.7458333333334,0.34,24,2,80,3,2024,0,spring,train
4946811,556 Nguyễn Văn Cừ,21.0491,105.8831,2024-03-21 00:00:00+00:00,20.858333333333334,3.026537218709178,16.1,26.5,78.0,15.17434906561785,57.0,97.0,16.570833333333333,10.833333333333334,19.6,37.1,-5.880430389640533,8.742689918677385,1012.3541666666666,1011.1583333333333,0.0,0.0,55.833333333333336,440.0,185.0,950.0,1587.7250000000001,0.0,24,3,81,3,2024,0,spring,train
4946811,556 Nguyễn Văn Cừ,21.0491,105.8831,2024-03-22 00:00:00+00:00,23.224999999999998,2.2246152574048095,19.9,27.4,86.625,9.924990417255257,70.0,97.0,20.733333333333334,15.049999999999999,19.1,33.8,-5.815499577886301,13.670408409658975,1007.3458333333333,1006.1625,0.30000000000000004,0.30000000000000004,78.125,440.0,185.0,950.0,1992.9083333333335,4.71,24,4,82,3,2024,0,spring,train
4946811,556 Nguyễn Văn Cừ,21.0491,105.8831,2024-03-23 00:00:00+00:00,25.22083333333333,3.142552156762244,21.8,31.2,85.25,12.130629576120246,61.0,97.0,22.3625,14.620833333333332,22.0,40.7,-7.880524861888202,11.124460862696957,1007.1999999999999,1006.0333333333333,0.2,0.2,34.25,440.0,185.0,950.0,2113.9249999999997,3.3900000000000006,24,5,83,3,2024,1,spring,train
4946811,556 Nguyễn Văn Cừ,21.0491,105.8831,2024-03-24 00:00:00+00:00,25.641666666666666,3.0903660493282294,22.2,31.4,85.70833333333333,11.55508232494394,63.0,98.0,22.883333333333336,14.079166666666666,22.7,40.0,-9.050000369351459,9.860535508338932,1009.7166666666667,1008.5500000000001,0.30000000000000004,0.30000000000000004,52.666666666666664,440.0,185.0,950.0,2163.6,4.49,24,6,84,3,2024,1,spring,train
4946811,556 Nguyễn Văn Cừ,21.0491,105.8831,2024-03-25 00:00:00+00:00,25.833333333333332,2.072315794859264,23.5,29.9,88.20833333333333,9.282892946128129,69.0,97.0,23.625,11.666666666666666,16.6,29.5,-8.11692140611739,7.953267267482375,1012.2375000000001,1011.0666666666666,1.1,1.1,79.0,440.0,185.0,950.0,2260.6875,11.74,24,0,85,3,2024,0,spring,train
4946811,556 Nguyễn Văn Cừ,21.0491,105.8831,2024-03-26 00:00:00+00:00,25.229166666666668,2.651083316990092,22.4,29.9,85.0,12.5905416535761,62.0,98.0,22.337500000000002,13.775,21.7,40.3,-7.8735452544246565,11.14760221545655,1015.225,1014.0500000000001,0.4,0.4,89.79166666666667,440.0,185.0,950.0,2112.5875,7.82,24,1,86,3,2024,0,spring,train
4946811,556 Nguyễn Văn Cừ,21.0491,105.8831,2024-03-27 00:00:00+00:00,24.96666666666667,1.7076978316019409,23.0,28.1,87.33333333333333,7.381920727235458,71.0,95.0,22.620833333333334,13.366666666666667,18.7,37.8,-6.424827198381432,10.727009577985536,1013.2624999999999,1012.0625,5.5,5.5,99.125,440.0,185.0,950.0,2168.475,64.55,24,2,87,3,2024,0,spring,train
4946811,556 Nguyễn Văn Cừ,21.0491,105.8831,2024-03-28 00:00:00+00:00,24.09166666666667,1.6805580508625224,22.6,28.8,89.75,5.495057067393662,73.0,97.0,22.25,6.575,11.2,25.2,-1.3978100782169,3.1527839669986473,1012.9,1011.7083333333334,9.700000000000001,9.700000000000001,96.54166666666667,440.0,185.0,950.0,2154.0583333333334,90.58,24,3,88,3,2024,0,spring,train
4946811,556 Nguyễn Văn Cừ,21.0491,105.8831,2024-03-29 00:00:00+00:00,23.504166666666666,2.192175644872239,21.1,27.5,88.125,8.357826324443762,71.0,97.0,21.349999999999998,7.345833333333334,13.8,28.1,-2.431704577700961,4.12246960792397,1012.3541666666666,1011.1708333333332,14.2,14.2,56.125,440.0,185.0,950.0,2053.991666666667,65.05000000000001,24,4,89,3,2024,0,spring,train
4946811,556 Nguyễn Văn Cừ,21.0491,105.8831,2024-03-30 00:00:00+00:00,25.5625,3.010245187182686,21.8,31.0,87.16666666666667,11.801498308216653,64.0,100.0,23.079166666666666,11.625,18.1,33.1,-5.428541303014394,8.505152064458386,1009.0458333333332,1007.8791666666666,0.2,0.2,48.916666666666664,440.0,185.0,950.0,2194.975,2.2399999999999998,24,5,90,3,2024,1,spring,train
4946811,556 Nguyễn Văn Cừ,21.0491,105.8831,2024-03-31 00:00:00+00:00,27.416666666666668,3.139463629994457,22.8,32.0,81.125,8.867686821557092,68.0,96.0,23.775000000000002,8.679166666666667,16.2,28.1,-5.72739667375484,3.7297312308270794,1005.2666666666668,1004.1374999999999,0.0,0.0,63.916666666666664,440.0,185.0,950.0,2199.695833333333,0.0,24,6,91,3,2024,1,spring,train
4946811,556 Nguyễn Văn Cừ,21.0491,105.8831,2024-04-01 00:00:00+00:00,28.641666666666666,3.759500043850264,23.2,35.0,75.29166666666667,7.629913479859707,60.0,91.0,23.724999999999998,11.616666666666667,18.7,31.7,-5.4853132163593985,9.425898474619236,1002.3958333333334,1001.2875,0.0,0.0,44.5,440.0,185.0,950.0,2131.733333333333,0.0,24,0,92,4,2024,0,spring,train
4946811,556 Nguyễn Văn Cừ,21.0491,105.8831,2024-04-02 00:00:00+00:00,28.429166666666664,3.7531991185105573,22.6,35.2,76.16666666666667,9.257977366981196,61.0,94.0,23.666666666666668,10.316666666666666,18.1,33.5,-7.613081351835142,6.400526185016171,1001.9083333333333,1000.8000000000001,0.0,0.0,8.958333333333334,440.0,185.0,950.0,2133.3791666666666,0.0,24,1,93,4,2024,0,spring,train
4946811,556 Nguyễn Văn Cừ,21.0491,105.8831,2024-04-03 00:00:00+00:00,28.641666666666666,3.881272389606126,23.6,35.4,79.08333333333333,10.890429251198606,60.0,94.0,24.458333333333332,9.200000000000001,17.9,32.4,-7.317728269231033,4.001659894147447,1003.025,1001.9083333333333,0.0,0.0,1.5,440.0,185.0,950.0,2225.0750000000003,0.0,24,2,94,4,2024,0,spring,train
4946811,556 Nguyễn Văn Cừ,21.0491,105.8831,2024-04-04 00:00:00+00:00,28.6375,3.409298346785053,25.0,34.4,80.5,10.673005362982865,64.0,93.0,24.770833333333332,12.725,17.1,31.0,-11.591782610179479,1.82072313295499,1004.7083333333334,1003.5875,0.0,0.0,23.208333333333332,440.0,185.0,950.0,2270.85,0.0,24,3,95,4,2024,0,spring,train
4946811,556 Nguyễn Văn Cừ,21.0491,105.8831,2024-04-05 00:00:00+00:00,26.454166666666666,1.294798680563276,24.5,28.5,82.91666666666667,2.9328227487119465,77.0,89.0,23.287499999999998,15.070833333333333,19.7,38.2,-12.497996679238803,7.950260051237259,1007.8333333333334,1006.6833333333334,0.0,0.0,100.0,440.0,185.0,950.0,2191.0875,0.0,24,4,96,4,2024,0,spring,train
4946811,556 Nguyễn Văn Cừ,21.0491,105.8831,2024-04-06 00:00:00+00:00,26.016666666666666,1.5922821103185754,23.6,28.5,83.95833333333333,5.996224657643134,75.0,93.0,23.0625,14.674999999999999,18.4,36.0,-11.249063463956894,8.803273252078386,1008.1916666666666,1007.0333333333333,1.5,1.5,99.79166666666667,440.0,185.0,950.0,2175.8416666666667,16.96,24,5,97,4,2024,1,spring,train
4946811,556 Nguyễn Văn Cừ,21.0491,105.8831,2024-04-07 00:00:00+00:00,25.329166666666666,1.8416625680326875,21.4,27.8,86.875,4.580796399336467,81.0,96.0,22.974999999999998,13.174999999999999,17.4,30.6,-10.289393244286964,3.373658817432222,1008.2458333333334,1007.0833333333334,3.7,3.7,97.79166666666667,440.0,185.0,950.0,2192.9166666666665,48.35,24,6,98,4,2024,1,spring,train
4946811,556 Nguyễn Văn Cừ,21.0491,105.8831,2024-04-08 00:00:00+00:00,23.0625,1.1052493324840877,21.0,24.8,82.45833333333333,6.114694820972117,72.0,91.0,19.854166666666668,8.154166666666667,20.2,36.7,-3.22662305642629,-6.051329329484607,1012.8541666666666,1011.6541666666667,1.7000000000000002,1.7000000000000002,100.0,440.0,185.0,950.0,1896.8458333333335,18.19,24,0,99,4,2024,0,spring,train
4946811,556 Nguyễn Văn Cừ,21.0491,105.8831,2024-04-09 00:00:00+00:00,23.4875,1.4724462048193676,21.6,26.1,82.875,7.079133452251247,72.0,93.0,20.35,6.654166666666666,11.3,19.8,-4.624409324301801,0.33417809344985927,1014.5333333333333,1013.3333333333334,0.1,0.1,99.875,440.0,185.0,950.0,1937.7875000000001,1.1300000000000001,24,1,100,4,2024,0,spring,train
4946811,556 Nguyễn Văn Cừ,21.0491,105.8831,2024-04-10 00:00:00+00:00,24.375,1.7356241829231993,22.5,27.4,86.70833333333333,9.275864739562921,70.0,97.0,21.925,9.095833333333333,13.8,26.3,-5.83544011422908,6.314238217496123,1013.7166666666667,1012.5291666666667,0.30000000000000004,0.30000000000000004,92.04166666666667,440.0,185.0,950.0,2098.6625,2.46,24,2,101,4,2024,0,spring,train
4946811,556 Nguyễn Văn Cừ,21.0491,105.8831,2024-04-11 00:00:00+00:00,25.7375,1.6436471905358898,23.8,28.5,89.29166666666667,7.315731510671498,76.0,97.0,23.770833333333332,11.466666666666667,16.4,29.9,-7.3758714432287755,8.677211265712776,1012.525,1011.35,1.2,1.2,91.95833333333333,440.0,185.0,950.0,2287.1,12.47,24,3,102,4,2024,0,spring,train
4946811,556 Nguyễn Văn Cừ,21.0491,105.8831,2024-04-12 00:00:00+00:00,26.84166666666667,2.108145005050372,24.7,30.4,83.45833333333333,11.045279009866489,68.0,96.0,23.633333333333336,16.037499999999998,20.5,38.2,-5.06176557085143,15.003545927767965,1010.1041666666666,1008.9458333333333,0.2,0.2,86.375,440.0,185.0,950.0,2218.2833333333333,3.4300000000000006,24,4,103,4,2024,0,spring,train
4946811,556 Nguyễn Văn Cừ,21.0491,105.8831,2024-04-13 00:00:00+00:00,26.695833333333336,2.4130945614125503,23.8,30.5,85.25,9.368077154102503,72.0,97.0,23.870833333333334,15.483333333333334,20.3,38.2,-6.991345500368152,13.328600770402645,1007.6541666666667,1006.5041666666666,0.1,0.1,48.958333333333336,440.0,185.0,950.0,2254.2708333333335,1.97,24,5,104,4,2024,1,spring,train
4946811,556 Nguyễn Văn Cừ,21.0491,105.8831,2024-04-14 00:00:00+00:00,27.104166666666668,2.6891859389958044,24.4,32.0,85.875,9.190318630044294,69.0,96.0,24.441666666666666,11.879166666666668,18.5,33.5,-7.37831000394594,8.490501754314279,1008.2291666666666,1007.0749999999999,0.2,0.2,98.125,440.0,185.0,950.0,2304.079166666667,2.08,24,6,105,4,2024,1,spring,train
4946811,556 Nguyễn Văn Cừ,21.0491,105.8831,2024-04-15 00:00:00+00:00,27.354166666666668,2.690883024078782,24.5,32.0,84.33333333333333,11.574584851853373,65.0,98.0,24.28333333333333,14.416666666666666,20.9,41.0,-7.8720820127331725,11.827306080678222,1009.0791666666668,1007.9291666666667,0.5,0.5,85.875,440.0,185.0,950.0,2277.3083333333334,9.58,24,0,106,4,2024,0,spring,train
4946811,556 Nguyễn Văn Cừ,21.0491,105.8831,2024-04-16 00:00:00+00:00,27.420833333333334,2.440238613896932,24.6,31.5,81.91666666666667,10.286828499577018,65.0,95.0,23.9375,16.912499999999998,22.8,43.2,-7.205291026715859,14.892153704012145,1006.2375000000001,1005.1125000000001,0.1,0.1,49.125,440.0,185.0,950.0,2222.4041666666667,1.62,24,1,107,4,2024,0,spring,train
4946811,556 Nguyễn Văn Cừ,21.0491,105.8831,2024-04-17 00:00:00+00:00,27.662499999999998,2.7959306609552312,24.5,32.5,84.79166666666667,11.699049261507895,64.0,99.0,24.72083333333333,11.479166666666666,18.2,34.6,-6.075698545564664,8.141911969867712,1005.8916666666668,1004.7583333333333,0.2,0.2,85.125,440.0,185.0,950.0,2314.3791666666666,3.0,24,2,108,4,2024,0,spring,train
4946811,556 Nguyễn Văn Cừ,21.0491,105.8831,2024-04-18 00:00:00+00:00,28.054166666666664,2.820573356247098,25.2,33.2,80.70833333333333,11.4112041305966,59.0,93.0,24.241666666666664,15.604166666666666,20.0,36.0,-6.412389205983518,13.082686084969913,1003.0791666666668,1001.975,0.30000000000000004,0.30000000000000004,47.041666666666664,440.0,185.0,950.0,2233.6375000000003,4.24,24,3,109,4,2024,0,spring,train
4946811,556 Nguyễn Văn Cừ,21.0491,105.8831,2024-04-19 00:00:00+00:00,29.558333333333334,2.7029640198777387,26.4,34.2,77.25,6.562409419664726,65.0,89.0,25.087500000000002,15.316666666666668,23.3,45.0,-4.392050393892278,13.614903505591043,1000.4625,999.3625000000001,3.9000000000000004,3.9000000000000004,59.5,440.0,185.0,950.0,2268.8333333333335,75.57000000000001,24,4,110,4,2024,0,spring,train
4946811,556 Nguyễn Văn Cừ,21.0491,105.8831,2024-04-20 00:00:00+00:00,29.72083333333333,2.94691868061284,25.6,34.2,76.70833333333333,9.919147783636618,59.0,94.0,25.041666666666668,12.320833333333333,21.8,40.7,-6.710134319700832,8.338267834784798,1001.1541666666667,1000.0541666666667,3.7,3.7,44.583333333333336,440.0,185.0,950.0,2252.8624999999997,80.66000000000001,24,5,111,4,2024,1,spring,train
4946811,556 Nguyễn Văn Cừ,21.0491,105.8831,2024-04-21 00:00:00+00:00,27.479166666666668,2.185521361869612,24.4,31.3,79.83333333333333,7.805609279991158,64.0,90.0,23.625,13.708333333333334,25.7,48.6,-10.595431641365854,-4.790331353196781,1005.0083333333333,1003.8791666666666,0.5,0.5,68.125,440.0,185.0,950.0,2179.7625000000003,7.66,24,6,112,4,2024,1,spring,train
4946811,556 Nguyễn Văn Cừ,21.0491,105.8831,2024-04-22 00:00:00+00:00,27.125,1.7864830643279088,24.5,30.5,84.375,7.9935435903255545,71.0,94.0,24.183333333333334,9.079166666666667,12.2,25.6,-7.24011637614056,3.5287592108224994,1005.2125,1004.0916666666667,0.4,0.4,76.20833333333333,440.0,185.0,950.0,2276.3,3.45,24,0,113,4,2024,0,spring,train
4946811,556 Nguyễn Văn Cừ,21.0491,105.8831,2024-04-23 00:00:00+00:00,26.945833333333336,1.187243488695253,25.2,30.5,86.75,6.942308850369104,76.0,96.0,24.5125,7.591666666666668,20.3,40.0,-5.9387807767223215,-1.7324041417959297,1006.6416666666668,1005.5333333333333,4.0,4.0,80.95833333333333,440.0,185.0,950.0,2331.204166666667,37.13,24,1,114,4,2024,0,spring,train
4946811,556 Nguyễn Văn Cừ,21.0491,105.8831,2024-04-24 00:00:00+00:00,26.525000000000002,1.6945565021947298,24.0,29.4,87.70833333333333,8.907637986175327,73.0,99.0,24.212500000000002,11.5875,17.3,34.9,-7.819111600065837,6.499657195955248,1005.6458333333334,1004.5208333333334,6.3999999999999995,6.3999999999999995,69.29166666666667,440.0,185.0,950.0,2312.6375000000003,69.38,24,2,115,4,2024,0,spring,train
4946811,556 Nguyễn Văn Cừ,21.0491,105.8831,2024-04-25 00:00:00+00:00,29.525000000000002,3.2387933877750905,24.8,34.6,80.91666666666667,12.672862710349325,61.0,99.0,25.683333333333334,12.25,17.4,37.4,-3.7873389928126726,10.274659290577196,1001.9416666666666,1000.8416666666667,0.39999999999999997,0.39999999999999997,24.083333333333332,440.0,185.0,950.0,2350.8250000000003,6.319999999999999,24,3,116,4,2024,0,spring,train
4946811,556 Nguyễn Văn Cừ,21.0491,105.8831,2024-04-26 00:00:00+00:00,31.325,3.046915760596921,26.1,36.2,72.45833333333333,9.582498388328528,58.0,93.0,25.6375,8.483333333333333,16.4,28.4,-2.7171090164797973,4.549475792396131,999.5666666666666,998.4666666666667,0.0,0.0,7.958333333333333,440.0,185.0,950.0,2245.5208333333335,0.0,24,4,117,4,2024,0,spring,train
4946811,556 Nguyễn Văn Cừ,21.0491,105.8831,2024-04-27 00:00:00+00:00,31.72083333333333,4.576307526785119,25.5,40.2,63.833333333333336,18.864889556289867,25.0,91.0,23.116666666666664,10.233333333333333,20.4,34.6,-2.7729586769051395,6.155458292395923,999.4,998.3000000000001,0.0,0.0,0.8333333333333334,440.0,185.0,950.0,1944.8833333333332,0.0,24,5,118,4,2024,1,spring,train
4946811,556 Nguyễn Văn Cừ,21.0491,105.8831,2024-04-28 00:00:00+00:00,30.766666666666666,3.745451347581684,26.2,37.0,74.45833333333333,13.230331313563791,51.0,89.0,25.3875,9.375,17.3,30.2,-7.688544937469413,4.049644887098121,1001.775,1000.6750000000001,0.0,0.0,1.1666666666666667,440.0,185.0,950.0,2243.929166666667,0.0,24,6,119,4,2024,1,spring,train
4946811,556 Nguyễn Văn Cừ,21.0491,105.8831,2024-04-29 00:00:00+00:00,32.625,2.879198257969685,27.9,37.5,65.0,6.652884304211025,55.0,84.0,25.075,14.862499999999999,23.4,41.0,-3.0540811699509756,14.055864785669156,999.7375000000001,998.6374999999999,0.0,0.0,18.166666666666668,440.0,185.0,950.0,2107.8083333333334,0.0,24,0,120,4,2024,0,spring,train
4946811,556 Nguyễn Văn Cừ,21.0491,105.8831,2024-04-30 00:00:00+00:00,32.1,4.230016959571305,26.0,38.8,65.79166666666667,10.017285784720013,44.0,79.0,24.629166666666666,12.525,29.2,51.5,-6.559628625742637,-4.6006083691451805,1000.0583333333334,998.9583333333334,0.0,0.0,37.958333333333336,440.0,185.0,950.0,2073.7791666666667,0.0,24,1,121,4,2024,0,spring,train
4946811,556 Nguyễn Văn Cừ,21.0491,105.8831,2024-05-01 00:00:00+00:00,26.59583333333333,2.4472662950403596,22.8,30.5,78.25,8.886971411542014,64.0,90.0,22.333333333333332,11.770833333333334,19.4,38.9,-6.916961037744002,-7.049647637733531,1006.4458333333333,1005.3000000000001,1.4,1.4,98.5,440.0,185.0,950.0,2062.5625,17.68,24,2,122,5,2024,0,spring,train
4946811,556 Nguyễn Văn Cừ,21.0491,105.8831,2024-05-02 00:00:00+00:00,26.037499999999998,1.6691087181617272,23.2,29.1,86.375,9.197412206938848,72.0,97.0,23.474999999999998,9.7125,15.1,26.3,-6.61416475098249,1.999809242883521,1007.6166666666667,1006.4541666666668,13.600000000000001,13.600000000000001,100.0,440.0,185.0,950.0,2237.0875,99.94,24,3,123,5,2024,0,spring,train
4946811,556 Nguyễn Văn Cừ,21.0491,105.8831,2024-05-03 00:00:00+00:00,26.891666666666666,1.7888341276462387,23.9,30.4,88.5,9.264236987281885,69.0,98.0,24.745833333333334,11.420833333333334,20.1,36.4,-5.634933997628583,8.419871662701807,1006.5583333333334,1005.4333333333334,5.6,5.6,81.125,440.0,185.0,950.0,2364.8958333333335,45.28,24,4,124,5,2024,0,spring,train
4946811,556 Nguyễn Văn Cừ,21.0491,105.8831,2024-05-04 00:00:00+00:00,28.59583333333333,3.283089632683194,24.6,33.9,79.16666666666667,10.519822558706332,59.0,93.0,24.454166666666666,13.4,16.4,32.0,-7.088603792843031,3.167024482474878,1004.2833333333333,1003.1583333333333,0.7,0.7,33.166666666666664,440.0,185.0,950.0,2235.2208333333333,9.5,24,5,125,5,2024,1,spring,train
4946811,556 Nguyễn Văn Cừ,21.0491,105.8831,2024-05-05 00:00:00+00:00,26.045833333333334,1.3809194059745467,23.9,28.3,82.66666666666667,6.882028686410688,75.0,95.0,22.8,7.116666666666667,13.6,26.6,-3.6558986814603744,-1.581087814517363,1008.9291666666667,1007.7708333333334,4.0,4.0,99.375,440.0,185.0,950.0,2146.516666666667,37.870000000000005,24,6,126,5,2024,1,spring,train
4946811,556 Nguyễn Văn Cừ,21.0491,105.8831,2024-05-06 00:00:00+00:00,25.833333333333332,1.440913558843128,24.1,28.4,89.08333333333333,6.013872850889573,78.0,97.0,23.870833333333334,9.070833333333333,14.1,33.5,-8.243159589042106,2.1108348442089357,1011.0875,1009.9125,25.5,25.5,88.70833333333333,440.0,185.0,950.0,2293.3166666666666,162.03,24,0,127,5,2024,0,spring,train
4946811,556 Nguyễn Văn Cừ,21.0491,105.8831,2024-05-07 00:00:00+00:00,25.933333333333334,1.9105352463475322,23.8,30.1,89.0,7.934514587492446,73.0,98.0,23.929166666666664,7.583333333333333,14.1,29.9,-4.755996239636357,4.2688911000289655,1012.2958333333332,1011.1208333333334,12.6,12.6,93.375,440.0,185.0,950.0,2293.8208333333337,121.78,24,1,128,5,2024,0,spring,train
4946811,556 Nguyễn Văn Cừ,21.0491,105.8831,2024-05-08 00:00:00+00:00,25.945833333333336,2.27385502322964,23.1,30.6,89.29166666666667,7.5727151334745,70.0,98.0,23.97083333333333,8.695833333333333,18.8,38.5,-2.804513556873386,-0.00794164596142873,1011.8958333333334,1010.725,19.3,19.3,98.45833333333333,440.0,185.0,950.0,2301.1625,219.16000000000003,24,2,129,5,2024,0,spring,train
4946811,556 Nguyễn Văn Cừ,21.0491,105.8831,2024-05-09 00:00:00+00:00,26.03333333333333,1.6196260080021871,23.7,29.1,87.16666666666667,8.228617437184464,73.0,97.0,23.645833333333332,8.095833333333333,14.0,28.4,-6.450029680758803,2.148429295913479,1012.0041666666666,1010.8333333333334,8.6,8.6,94.79166666666667,440.0,185.0,950.0,2257.1291666666666,62.44,24,3,130,5,2024,0,spring,train
4946811,556 Nguyễn Văn Cừ,21.0491,105.8831,2024-05-10 00:00:00+00:00,27.125,1.9029153834371448,24.4,30.9,85.20833333333333,9.886218632044294,66.0,98.0,24.320833333333336,12.758333333333333,17.0,33.1,-6.335127674076297,10.898363020925446,1010.225,1009.0708333333333,0.8,0.8,69.20833333333333,440.0,185.0,950.0,2293.75,11.280000000000001,24,4,131,5,2024,0,spring,train
4946811,556 Nguyễn Văn Cừ,21.0491,105.8831,2024-05-11 00:00:00+00:00,27.84583333333333,1.7358068332388943,25.8,30.9,87.25,9.070976171044228,71.0,99.0,25.40416666666667,12.708333333333334,20.7,40.7,-5.296204188373914,11.068536129858531,1009.8833333333333,1008.7375000000001,6.6,6.6,55.958333333333336,440.0,185.0,950.0,2414.670833333333,81.3,24,5,132,5,2024,1,spring,train
4946811,556 Nguyễn Văn Cừ,21.0491,105.8831,2024-05-12 00:00:00+00:00,26.25,1.9551492770763508,24.1,29.8,90.04166666666667,5.559787035854705,80.0,96.0,24.4375,7.3374999999999995,17.0,36.0,-0.8602032499611751,-0.5716563606923796,1010.7416666666667,1009.5833333333334,48.0,48.0,80.66666666666667,440.0,185.0,950.0,2354.5125000000003,512.88,24,6,133,5,2024,1,spring,train
4946811,556 Nguyễn Văn Cừ,21.0491,105.8831,2024-05-13 00:00:00+00:00,26.979166666666668,2.2325612444331577,23.7,30.6,82.66666666666667,11.998792209749848,62.0,98.0,23.599999999999998,7.533333333333334,13.8,27.7,-0.6668629016967893,-3.112426126015167,1011.3833333333333,1010.2208333333333,0.8,0.8,49.0,440.0,185.0,950.0,2205.2000000000003,8.9,24,0,134,5,2024,0,spring,train
4946811,556 Nguyễn Văn Cừ,21.0491,105.8831,2024-05-14 00:00:00+00:00,27.566666666666666,2.2396945961576935,24.8,31.4,83.5,11.920023344009827,64.0,99.0,24.34166666666667,8.583333333333334,17.3,30.6,-5.627820865149172,4.198802861418299,1010.525,1009.375,1.6,1.6,38.791666666666664,440.0,185.0,950.0,2276.758333333333,15.97,24,1,135,5,2024,0,spring,train
4946811,556 Nguyễn Văn Cừ,21.0491,105.8831,2024-05-15 00:00:00+00:00,26.366666666666664,2.257868688496467,23.5,31.1,89.125,8.22674588315982,72.0,99.0,24.3625,8.858333333333333,12.5,29.9,-6.493749024510383,-1.100172009761183,1012.6666666666666,1011.5041666666666,49.5,49.5,88.25,440.0,185.0,950.0,2332.7000000000003,499.97,24,2,136,5,2024,0,spring,train
4946811,556 Nguyễn Văn Cừ,21.0491,105.8831,2024-05-16 00:00:00+00:00,27.233333333333334,2.369492087689508,24.4,31.2,72.58333333333333,12.07194615867595,51.0,92.0,21.65416666666667,7.483333333333333,14.8,28.1,-5.00755006749681,1.486574044667566,1012.0208333333334,1010.8583333333332,0.0,0.0,68.45833333333333,440.0,185.0,950.0,1951.4666666666665,0.0,24,3,137,5,2024,0,spring,train
4946811,556 Nguyễn Văn Cừ,21.0491,105.8831,2024-05-17 00:00:00+00:00,27.416666666666668,1.9383243921684934,25.1,30.5,77.875,10.401975146890221,64.0,96.0,23.070833333333336,11.549999999999999,17.1,30.2,-8.733308440175902,6.729514316876982,1008.4708333333333,1007.3249999999999,4.699999999999999,4.699999999999999,81.625,440.0,185.0,950.0,2116.5625,39.84,24,4,138,5,2024,0,spring,train
4946811,556 Nguyễn Văn Cừ,21.0491,105.8831,2024-05-18 00:00:00+00:00,27.912499999999998,1.732380242425959,25.6,31.0,87.16666666666667,7.732858556140498,75.0,97.0,25.516666666666666,13.629166666666668,19.2,36.0,-7.7364414380989,9.792267916118606,1003.1708333333332,1002.0708333333333,16.9,16.9,99.70833333333333,440.0,185.0,950.0,2420.375,245.29,24,5,139,5,2024,1,spring,train
4946811,556 Nguyễn Văn Cừ,21.0491,105.8831,2024-05-19 00:00:00+00:00,26.733333333333334,2.008171711579566,24.1,31.1,88.54166666666667,6.399586716728471,73.0,97.0,24.6375,8.1625,15.7,36.4,-0.6995333837534483,-6.878621972676469,1003.4708333333333,1002.3458333333333,18.2,18.2,94.25,440.0,185.0,950.0,2357.2541666666666,167.01,24,6,140,5,2024,1,spring,train
4946811,556 Nguyễn Văn Cừ,21.0491,105.8831,2024-05-20 00:00:00+00:00,27.429166666666664,2.251468924689077,24.6,31.1,85.04166666666667,12.414854940288503,66.0,100.0,24.47083333333333,6.941666666666666,12.9,32.0,-0.3881721951333366,-3.738437574473083,1006.7041666666668,1005.5666666666666,1.3,1.3,96.29166666666667,440.0,185.0,950.0,2306.554166666667,12.47,24,0,141,5,2024,0,spring,train
4946811,556 Nguyễn Văn Cừ,21.0491,105.8831,2024-05-21 00:00:00+00:00,27.145833333333332,2.0709122473518478,24.2,31.4,86.58333333333333,8.571523463932978,70.0,97.0,24.59166666666667,6.116666666666667,14.0,33.5,-3.1643737017828175,-1.6206426192695147,1008.3000000000001,1007.1583333333333,4.8,4.8,85.79166666666667,440.0,185.0,950.0,2333.9500000000003,52.19,24,1,142,5,2024,0,spring,train
4946811,556 Nguyễn Văn Cừ,21.0491,105.8831,2024-05-22 00:00:00+00:00,27.041666666666668,2.2084652681397823,24.2,31.0,86.16666666666667,9.626352718795767,70.0,96.0,24.40833333333333,6.8,12.2,24.8,-1.6858707483386028,-0.5189856632867575,1008.4041666666667,1007.2624999999999,8.299999999999999,8.299999999999999,77.25,440.0,185.0,950.0,2310.7374999999997,57.269999999999996,24,2,143,5,2024,0,spring,train
4946811,556 Nguyễn Văn Cừ,21.0491,105.8831,2024-05-23 00:00:00+00:00,27.145833333333332,1.6751324844858424,25.2,30.2,86.29166666666667,8.543897729127917,69.0,97.0,24.587500000000002,5.825,10.8,18.4,-1.6093289881143942,3.7607978444871364,1007.6666666666666,1006.525,3.7,3.7,73.16666666666667,440.0,185.0,950.0,2329.0583333333334,12.200000000000001,24,3,144,5,2024,0,spring,train
4946811,556 Nguyễn Văn Cừ,21.0491,105.8831,2024-05-24 00:00:00+00:00,27.820833333333336,1.7842253627071696,25.6,31.0,84.04166666666667,10.99596434534315,65.0,96.0,24.704166666666666,9.983333333333333,14.2,27.0,-5.124575783016226,8.187812048787135,1007.5625,1006.4499999999999,2.3,2.3,85.45833333333333,440.0,185.0,950.0,2319.4375,25.43,24,4,145,5,2024,0,spring,train
4946811,556 Nguyễn Văn Cừ,21.0491,105.8831,2024-05-25 00:00:00+00:00,27.925,1.4056562756297792,26.5,30.9,88.25,7.780968979559651,74.0,97.0,25.754166666666666,13.025,19.4,37.4,-4.55241116937382,12.030838506471802,1006.8000000000001,1005.6999999999999,19.7,19.7,95.75,440.0,185.0,950.0,2454.0916666666667,255.73,24,5,146,5,2024,1,spring,train
4946811,556 Nguyễn Văn Cừ,21.0491,105.8831,2024-05-26 00:00:00+00:00,30.2,2.104240025984801,27.4,33.5,81.66666666666667,8.223331952791227,68.0,91.0,26.599999999999998,13.366666666666667,18.8,36.4,-0.9909831332648255,12.995585686936096,1002.9208333333332,1001.8208333333333,0.6000000000000001,0.6000000000000001,73.45833333333333,440.0,185.0,950.0,2450.2416666666663,10.13,24,6,147,5,2024,1,spring,train
4946811,556 Nguyễn Văn Cừ,21.0491,105.8831,2024-05-27 00:00:00+00:00,31.241666666666664,2.620308091189588,27.2,35.2,76.70833333333333,10.56441593548697,60.0,89.0,26.46666666666667,9.620833333333334,15.3,30.6,2.9424025229242754,3.100010776067539,1000.1583333333333,999.0583333333334,0.0,0.0,82.54166666666667,440.0,185.0,950.0,2370.6916666666666,0.0,24,0,148,5,2024,0,spring,train
4946811,556 Nguyễn Văn Cừ,21.0491,105.8831,2024-05-28 00:00:00+00:00,29.27916666666667,1.7297848990846958,27.1,32.9,86.54166666666667,8.875854725120805,69.0,97.0,26.7,7.983333333333333,14.8,27.0,-6.906387509832332,-1.399275579232529,1001.0791666666668,999.9791666666666,0.2,0.2,100.0,440.0,185.0,950.0,2520.125,0.6000000000000001,24,1,149,5,2024,0,spring,train
4946811,556 Nguyễn Văn Cừ,21.0491,105.8831,2024-05-29 00:00:00+00:00,30.383333333333336,2.9967615370838097,26.7,34.6,81.875,11.711430685260112,64.0,97.0,26.729166666666668,11.9625,19.6,38.2,-8.99986760791386,6.949769060291383,1000.4375,999.3375,6.7,6.7,94.70833333333333,440.0,185.0,950.0,2454.1375000000003,104.59,24,2,150,5,2024,0,spring,train
4946811,556 Nguyễn Văn Cừ,21.0491,105.8831,2024-05-30 00:00:00+00:00,27.770833333333332,2.519744494753505,25.5,33.0,80.04166666666667,6.483954554642309,71.0,90.0,23.962500000000002,11.829166666666666,19.5,34.9,-6.346179812850437,-6.75648053796795,1003.6666666666666,1002.5666666666666,17.5,17.5,98.33333333333333,440.0,185.0,950.0,2221.3125,205.48,24,3,151,5,2024,0,spring,train
4946811,556 Nguyễn Văn Cừ,21.0491,105.8831,2024-05-31 00:00:00+00:00,25.9875,0.664184691443447,24.8,27.2,84.41666666666667,7.734264061933115,69.0,96.0,23.09166666666667,7.170833333333333,14.4,27.7,3.4273898292168385,-4.436472600057619,1006.7541666666666,1005.6166666666667,4.8,4.8,85.29166666666667,440.0,185.0,950.0,2189.5041666666666,35.37,24,4,152,5,2024,0,spring,train
4946811,556 Nguyễn Văn Cừ,21.0491,105.8831,2024-06-01 00:00:00+00:00,29.1125,2.548539650040015,25.8,33.2,76.54166666666667,13.432534050375338,55.0,95.0,24.245833333333334,7.733333333333333,14.8,27.7,-6.155485971218415,2.0634880058657754,1007.1041666666666,1006.0041666666666,0.0,0.0,42.375,440.0,185.0,950.0,2195.8250000000003,0.0,24,5,153,6,2024,1,summer,train
4946811,556 Nguyễn Văn Cừ,21.0491,105.8831,2024-06-02 00:00:00+00:00,29.016666666666666,2.082362092446452,26.6,33.1,86.75,8.527449284771382,71.0,97.0,26.462500000000002,6.5625,17.1,34.6,-4.297452579022663,3.3156249036362593,1004.9666666666667,1003.8666666666667,15.2,15.2,77.20833333333333,440.0,185.0,950.0,2500.516666666667,180.46,24,6,154,6,2024,1,summer,train
4946811,556 Nguyễn Văn Cừ,21.0491,105.8831,2024-06-03 00:00:00+00:00,28.804166666666664,2.395916665217442,26.1,33.7,87.95833333333333,9.79120797568862,66.0,97.0,26.4875,5.866666666666667,9.7,28.4,-1.5024022244950757,-3.1665565219689067,1003.3958333333334,1002.2958333333332,37.699999999999996,37.699999999999996,99.91666666666667,440.0,185.0,950.0,2511.8375,227.40999999999997,24,0,155,6,2024,0,summer,train
4946811,556 Nguyễn Văn Cừ,21.0491,105.8831,2024-06-04 00:00:00+00:00,27.858333333333334,2.604997983253275,24.9,32.8,88.95833333333333,9.336600101175765,70.0,99.0,25.7625,7.604166666666667,11.9,25.6,-2.6312309184519416,-5.088973878922176,1004.975,1003.85,50.2,50.2,99.29166666666667,440.0,185.0,950.0,2455.85,390.34000000000003,24,1,156,6,2024,0,summer,train
4946811,556 Nguyễn Văn Cừ,21.0491,105.8831,2024-06-05 00:00:00+00:00,25.979166666666668,1.673054786562764,24.2,29.6,90.41666666666667,5.02097051649741,76.0,94.0,24.275000000000002,11.370833333333332,17.0,33.5,-4.236965966224867,-9.486063360306064,1007.9083333333333,1006.75,118.60000000000001,118.60000000000001,99.91666666666667,440.0,185.0,950.0,2341.8708333333334,1208.3300000000002,24,2,157,6,2024,0,summer,train
4946811,556 Nguyễn Văn Cừ,21.0491,105.8831,2024-06-06 00:00:00+00:00,26.233333333333334,1.7329709766170631,24.2,29.5,88.5,8.043360751198037,73.0,99.0,24.104166666666668,6.970833333333334,11.3,22.3,-3.3998334705076636,0.9353007511859538,1007.2916666666666,1006.1291666666666,17.4,17.4,99.08333333333333,440.0,185.0,950.0,2308.7291666666665,143.44,24,3,158,6,2024,0,summer,train
4946811,556 Nguyễn Văn Cừ,21.0491,105.8831,2024-06-07 00:00:00+00:00,27.395833333333332,2.1293965600951212,24.7,31.5,88.125,9.602139707196597,71.0,98.0,25.129166666666666,7.191666666666666,14.1,28.4,-3.698248548089865,3.6541642026987593,1004.15,1003.0500000000001,38.1,38.1,99.33333333333333,440.0,185.0,950.0,2395.0875,232.70000000000002,24,4,159,6,2024,0,summer,train
4946811,556 Nguyễn Văn Cừ,21.0491,105.8831,2024-06-08 00:00:00+00:00,27.212500000000002,1.2885153235916276,25.4,29.4,91.5,5.107539184552496,82.0,98.0,25.666666666666668,7.970833333333334,12.1,25.9,-6.4706645198713675,2.524598666489789,1002.7916666666666,1001.6916666666666,31.799999999999997,31.799999999999997,100.0,440.0,185.0,950.0,2484.070833333333,270.07,24,5,160,6,2024,1,summer,train
4946811,556 Nguyễn Văn Cừ,21.0491,105.8831,2024-06-09 00:00:00+00:00,26.59583333333333,1.23903158771773,25.0,29.3,93.625,3.853992847627672,85.0,97.0,25.46666666666667,5.879166666666666,10.8,22.0,-5.233485284569938,0.9908825925995156,1004.4499999999999,1003.3416666666667,36.3,36.3,100.0,440.0,185.0,950.0,2485.9125,223.45,24,6,161,6,2024,1,summer,train
4946811,556 Nguyễn Văn Cừ,21.0491,105.8831,2024-06-10 00:00:00+00:00,26.8125,1.6822119237841981,24.6,30.5,93.33333333333333,4.922589162013323,83.0,99.0,25.620833333333334,6.6000000000000005,9.7,24.5,-4.487743906848447,0.9654377143080186,1005.2583333333333,1004.1416666666668,37.1,37.1,99.0,440.0,185.0,950.0,2495.116666666667,270.4,24,0,162,6,2024,0,summer,train
4946811,556 Nguyễn Văn Cừ,21.0491,105.8831,2024-06-11 00:00:00+00:00,28.795833333333334,1.7117189851310197,26.4,31.9,86.75,5.4233793411728906,78.0,97.0,26.308333333333334,6.558333333333334,12.4,22.0,-3.2773173089418948,4.59933859377364,1004.2166666666667,1003.1166666666667,12.999999999999998,12.999999999999998,99.0,440.0,185.0,950.0,2489.766666666667,82.45,24,1,163,6,2024,0,summer,train
4946811,556 Nguyễn Văn Cừ,21.0491,105.8831,2024-06-12 00:00:00+00:00,30.333333333333332,2.423376492249691,27.5,34.2,82.0,9.947689266313592,64.0,97.0,26.758333333333336,6.6125,12.8,23.8,-0.8371262307108654,4.911072631704883,1002.8375,1001.7375000000001,3.2,3.2,100.0,440.0,185.0,950.0,2464.5875,25.94,24,2,164,6,2024,0,summer,train
4946811,556 Nguyễn Văn Cừ,21.0491,105.8831,2024-06-13 00:00:00+00:00,32.112500000000004,2.301098508935696,28.8,35.6,69.91666666666667,10.077597482261966,55.0,92.0,25.733333333333334,9.9625,14.2,30.2,3.4044042345667282,7.466921331279717,999.7375000000001,998.6374999999999,0.0,0.0,99.95833333333333,440.0,185.0,950.0,2225.6833333333334,0.0,24,3,165,6,2024,0,summer,train
4946811,556 Nguyễn Văn Cừ,21.0491,105.8831,2024-06-14 00:00:00+00:00,31.2625,1.9894968776268458,27.7,34.0,73.83333333333333,9.884844203503473,59.0,88.0,25.879166666666666,7.304166666666667,11.7,21.2,0.04987255132140526,2.76021276591651,999.8416666666667,998.7416666666667,0.0,0.0,100.0,440.0,185.0,950.0,2290.4333333333334,0.0,24,4,166,6,2024,0,summer,train
4946811,556 Nguyễn Văn Cừ,21.0491,105.8831,2024-06-15 00:00:00+00:00,30.212500000000002,2.059403142744963,27.2,33.3,81.5,9.828972258185173,66.0,97.0,26.541666666666668,7.5874999999999995,13.0,26.6,-0.767413904488492,-2.463606571183075,1001.4291666666667,1000.3291666666668,0.1,0.1,99.75,440.0,185.0,950.0,2443.25,0.63,24,5,167,6,2024,1,summer,train
4946811,556 Nguyễn Văn Cừ,21.0491,105.8831,2024-06-16 00:00:00+00:00,30.583333333333332,2.8406469971326698,27.5,35.0,82.41666666666667,12.003320796551579,64.0,97.0,27.020833333333332,7.283333333333332,17.1,29.5,-3.5984760174443,4.0171502644527415,1002.0166666666668,1000.9166666666666,4.7,4.7,99.66666666666667,440.0,185.0,950.0,2488.1541666666667,59.32,24,6,168,6,2024,1,summer,train
4946811,556 Nguyễn Văn Cừ,21.0491,105.8831,2024-06-17 00:00:00+00:00,31.3,3.0545760397490036,28.1,36.0,77.375,13.170495682461585,55.0,94.0,26.575,7.7250000000000005,11.7,24.5,-1.359979384273193,5.139906722224659,1000.8833333333333,999.7833333333333,22.400000000000002,22.400000000000002,100.0,440.0,185.0,950.0,2384.7166666666667,176.45,24,0,169,6,2024,0,summer,train
4946811,556 Nguyễn Văn Cừ,21.0491,105.8831,2024-06-18 00:00:00+00:00,30.879166666666666,2.1613158565753543,28.1,34.4,79.125,10.284274614566941,61.0,93.0,26.691666666666666,7.095833333333334,11.9,20.9,-3.532606604500106,5.162457067008925,1000.4791666666666,999.3791666666666,1.0,1.0,99.95833333333333,440.0,185.0,950.0,2422.2791666666667,4.5,24,1,170,6,2024,0,summer,train
4946811,556 Nguyễn Văn Cừ,21.0491,105.8831,2024-06-19 00:00:00+00:00,31.133333333333336,3.0654692054032076,27.9,35.8,77.875,13.40769571357533,57.0,95.0,26.575,9.383333333333333,16.3,28.4,-3.833325537390733,7.192757424709353,999.8916666666668,998.7916666666666,6.8999999999999995,6.8999999999999995,99.95833333333333,440.0,185.0,950.0,2386.2208333333333,36.79,24,2,171,6,2024,0,summer,train
4946811,556 Nguyễn Văn Cừ,21.0491,105.8831,2024-06-20 00:00:00+00:00,31.833333333333332,2.3186702836017843,28.7,35.2,72.79166666666667,9.226517392191143,59.0,88.0,26.191666666666666,10.725,17.4,30.2,-5.441389498855728,8.705192857780295,1000.3125,999.2125,0.0,0.0,99.91666666666667,440.0,185.0,950.0,2297.766666666667,0.0,24,3,172,6,2024,0,summer,train
4946811,556 Nguyễn Văn Cừ,21.0491,105.8831,2024-06-21 00:00:00+00:00,31.895833333333332,2.542932091737487,28.5,35.7,76.58333333333333,11.367064041674803,59.0,91.0,27.070833333333336,13.704166666666666,17.4,34.6,-6.92035968510626,11.74063149242138,1001.2125,1000.1125000000001,0.0,0.0,97.79166666666667,440.0,185.0,950.0,2415.391666666667,0.0,24,4,173,6,2024,0,summer,train
4946811,556 Nguyễn Văn Cừ,21.0491,105.8831,2024-06-22 00:00:00+00:00,30.15833333333333,2.1735398230349556,27.0,33.8,81.08333333333333,9.249755186732934,66.0,95.0,26.429166666666664,10.320833333333333,14.1,32.8,-5.283202427862722,8.641339318266375,1003.0625,1001.9625,3.3,3.3,91.41666666666667,440.0,185.0,950.0,2426.366666666667,38.73,24,5,174,6,2024,1,summer,train
4946811,556 Nguyễn Văn Cừ,21.0491,105.8831,2024-06-23 00:00:00+00:00,28.7375,2.3905270475812257,25.4,33.2,84.625,9.187952887388441,65.0,97.0,25.758333333333336,7.729166666666667,19.3,38.2,-5.388559991348355,2.062219787072175,1002.6750000000001,1001.5749999999999,13.3,13.3,99.33333333333333,440.0,185.0,950.0,2411.15,110.78,24,6,175,6,2024,1,summer,train
4946811,556 Nguyễn Văn Cừ,21.0491,105.8831,2024-06-24 00:00:00+00:00,26.954166666666666,1.4346577130532518,25.1,29.3,91.33333333333333,5.9685164325648845,81.0,99.0,25.391666666666666,5.429166666666667,9.8,20.9,-2.6390339671495133,-2.0832298454208242,1003.4250000000001,1002.3249999999999,21.900000000000002,21.900000000000002,100.0,440.0,185.0,950.0,2453.920833333333,144.97,24,0,176,6,2024,0,summer,train
4946811,556 Nguyễn Văn Cừ,21.0491,105.8831,2024-06-25 00:00:00+00:00,26.833333333333332,1.749202716933499,24.6,30.6,90.33333333333333,6.913544781750919,73.0,97.0,25.05,8.429166666666667,14.9,30.2,-7.213723945207463,2.0352891619394167,1005.7333333333332,1004.6041666666666,29.2,29.2,99.625,440.0,185.0,950.0,2412.7208333333333,272.71,24,1,177,6,2024,0,summer,train
4946811,556 Nguyễn Văn Cừ,21.0491,105.8831,2024-06-26 00:00:00+00:00,27.079166666666666,2.0553174232086224,24.4,30.9,88.625,8.36042697058199,72.0,98.0,24.916666666666668,9.504166666666666,16.4,34.2,-7.593759885702177,4.853362793676907,1008.2333333333332,1007.0875,34.8,34.8,99.04166666666667,440.0,185.0,950.0,2383.8125,277.5,24,2,178,6,2024,0,summer,train
4946811,556 Nguyễn Văn Cừ,21.0491,105.8831,2024-06-27 00:00:00+00:00,27.829166666666666,1.7324220709411602,24.8,30.5,84.29166666666667,8.105173692137035,72.0,96.0,24.875,11.370833333333332,16.8,31.3,-7.32064719741152,8.477462862581973,1007.7416666666667,1006.6333333333333,1.3,1.3,88.91666666666667,440.0,185.0,950.0,2332.491666666667,16.71,24,3,179,6,2024,0,summer,train
4946811,556 Nguyễn Văn Cừ,21.0491,105.8831,2024-06-28 00:00:00+00:00,29.366666666666664,2.1367725900173085,26.5,32.5,80.04166666666667,8.19585879876388,68.0,92.0,25.45,15.7125,18.8,39.2,-4.980646525079018,14.789829461556884,1004.3874999999999,1003.2875,0.4,0.4,85.33333333333333,440.0,185.0,950.0,2333.945833333333,6.8100000000000005,24,4,180,6,2024,0,summer,train
4946811,556 Nguyễn Văn Cừ,21.0491,105.8831,2024-06-29 00:00:00+00:00,31.375,2.3432140691607817,28.1,35.1,73.79166666666667,6.978097203372142,61.0,88.0,26.025000000000002,13.8375,18.8,33.5,-2.2406572121789035,13.224765204806355,1002.3791666666666,1001.2791666666667,0.0,0.0,99.20833333333333,440.0,185.0,950.0,2301.2999999999997,0.0,24,5,181,6,2024,1,summer,train
4946811,556 Nguyễn Văn Cừ,21.0491,105.8831,2024-06-30 00:00:00+00:00,32.166666666666664,2.5189139596722785,29.1,36.0,68.70833333333333,7.327608107678121,56.0,81.0,25.575,13.387500000000001,17.0,31.3,2.240908500683774,12.6006818154722,1000.7166666666667,999.6166666666667,0.2,0.2,99.75,464.5833333333333,220.0,950.0,2195.7166666666667,2.32,24,6,182,6,2024,1,summer,train
4946811,556 Nguyễn Văn Cừ,21.0491,105.8831,2024-07-01 00:00:00+00:00,31.554166666666664,2.298956127324384,28.2,35.2,68.08333333333333,6.775381694151947,56.0,80.0,24.8625,13.237499999999999,16.6,30.2,3.248923613629739,12.142769555658809,999.4416666666666,998.3416666666667,0.0,0.0,99.45833333333333,452.5,100.0,955.0,2135.7208333333333,0.0,0,0,183,7,2024,0,summer,train
4946811,556 Nguyễn Văn Cừ,21.0491,105.8831,2024-07-02 00:00:00+00:00,29.054166666666664,2.6163331736157622,25.6,32.7,83.33333333333333,11.35845468158512,69.0,97.0,25.75,5.904166666666666,9.5,20.5,-1.695726007170176,0.1529538617793409,1002.9625,1001.8625000000001,43.300000000000004,43.300000000000004,100.0,252.08333333333334,55.0,505.0,2393.204166666667,296.35,0,1,184,7,2024,0,summer,train
4946811,556 Nguyễn Văn Cừ,21.0491,105.8831,2024-07-03 00:00:00+00:00,28.270833333333332,1.8762773426832893,25.3,31.0,87.20833333333333,7.773864612565149,75.0,97.0,25.858333333333334,10.795833333333334,16.6,33.5,-6.340564863475561,8.026846787642379,1007.7208333333333,1006.5916666666667,12.3,12.3,99.375,492.5,150.0,905.0,2452.516666666667,116.53999999999999,0,2,185,7,2024,0,summer,train
4946811,556 Nguyễn Văn Cừ,21.0491,105.8831,2024-07-04 00:00:00+00:00,28.52916666666667,2.170850197436512,25.7,32.0,83.33333333333333,9.388553005454662,69.0,96.0,25.3,10.15,14.9,32.0,-5.545186859963745,8.300595348035602,1007.9499999999999,1006.85,4.0,4.0,60.916666666666664,488.9583333333333,220.0,975.0,2358.0958333333333,55.18,0,3,186,7,2024,0,summer,train
4946811,556 Nguyễn Văn Cừ,21.0491,105.8831,2024-07-05 00:00:00+00:00,28.90833333333333,2.303856250547853,25.9,32.6,80.08333333333333,11.170289267464858,62.0,96.0,24.97083333333333,11.679166666666667,16.6,32.4,-7.362878449904716,8.948499340193573,1005.3083333333334,1004.2083333333334,1.7,1.7,31.75,585.2083333333334,180.0,1170.0,2290.6375000000003,21.77,0,4,187,7,2024,0,summer,train
4946811,556 Nguyễn Văn Cừ,21.0491,105.8831,2024-07-06 00:00:00+00:00,29.420833333333334,2.33424024818181,26.3,33.0,78.66666666666667,10.260378273672012,63.0,91.0,25.15416666666667,12.229166666666666,16.6,31.0,-5.784888880956932,10.58246427577191,1005.3249999999999,1004.225,1.3,1.3,20.166666666666668,688.9583333333334,165.0,1245.0,2291.7291666666665,18.4,0,5,188,7,2024,1,summer,train
4946811,556 Nguyễn Văn Cừ,21.0491,105.8831,2024-07-07 00:00:00+00:00,29.683333333333334,2.1111848448857713,26.7,32.8,78.375,9.310174425116161,64.0,92.0,25.383333333333336,14.329166666666666,19.2,36.7,-5.429420357026898,13.14283483878575,1005.6583333333333,1004.5583333333334,2.2,2.2,25.375,796.6666666666666,360.0,1310.0,2307.945833333333,29.79,0,6,189,7,2024,1,summer,train
4946811,556 Nguyễn Văn Cừ,21.0491,105.8831,2024-07-08 00:00:00+00:00,30.1125,2.0818705009218763,27.6,33.4,78.79166666666667,8.767425712441959,65.0,91.0,25.90833333333333,14.283333333333333,18.4,34.2,-6.397762857361161,12.680454422739418,1004.3166666666666,1003.2166666666667,0.5,0.5,36.375,743.75,475.0,1195.0,2355.445833333333,7.83,0,0,190,7,2024,0,summer,train
4946811,556 Nguyễn Văn Cừ,21.0491,105.8831,2024-07-09 00:00:00+00:00,30.495833333333334,2.3820851601370063,27.5,34.2,77.70833333333333,10.131651509938575,62.0,94.0,26.020833333333332,12.112499999999999,18.4,35.3,-6.6559119671605025,9.316714560022849,1004.2666666666668,1003.1666666666666,6.8,6.8,84.41666666666667,525.0,190.0,990.0,2347.508333333333,43.050000000000004,0,1,191,7,2024,0,summer,train
4946811,556 Nguyễn Văn Cừ,21.0491,105.8831,2024-07-10 00:00:00+00:00,30.066666666666666,2.572372727517411,26.4,34.2,79.25,10.987146640704669,60.0,94.0,25.891666666666666,9.591666666666667,16.5,28.4,-4.803906387043938,7.661940025776036,1004.2541666666666,1003.1541666666667,5.9,5.9,37.041666666666664,506.25,210.0,1040.0,2356.3375,87.43,0,2,192,7,2024,0,summer,train
4946811,556 Nguyễn Văn Cừ,21.0491,105.8831,2024-07-11 00:00:00+00:00,30.629166666666666,2.638260159018943,27.2,35.0,78.08333333333333,12.204477676751218,58.0,96.0,26.1125,9.883333333333333,17.1,34.2,-6.348894627541981,7.202606515122581,1002.1833333333334,1001.0833333333334,0.1,0.1,71.375,580.0,125.0,1270.0,2361.0625,0.87,0,3,193,7,2024,0,summer,train
4946811,556 Nguyễn Văn Cừ,21.0491,105.8831,2024-07-12 00:00:00+00:00,30.625,2.270653995045786,27.6,34.0,77.95833333333333,10.73587714027198,62.0,92.0,26.179166666666664,8.979166666666666,13.3,22.7,-5.7782381213006255,6.429652717287813,1000.3416666666667,999.2416666666667,0.6000000000000001,0.6000000000000001,91.95833333333333,499.1666666666667,190.0,1015.0,2364.2458333333334,5.57,0,4,194,7,2024,0,summer,train
4946811,556 Nguyễn Văn Cừ,21.0491,105.8831,2024-07-13 00:00:00+00:00,29.454166666666666,2.5554679936690023,25.5,33.1,81.45833333333333,9.127022309158896,68.0,95.0,25.820833333333336,10.983333333333334,15.1,35.3,-7.242340239611683,7.511604700979459,1001.6333333333333,1000.5333333333333,6.3,6.3,80.91666666666667,518.3333333333334,220.0,910.0,2377.5916666666667,75.85,0,5,195,7,2024,1,summer,train
4946811,556 Nguyễn Văn Cừ,21.0491,105.8831,2024-07-14 00:00:00+00:00,28.1875,2.184393757305793,25.5,32.7,84.83333333333333,8.063156500628219,69.0,95.0,25.291666666666668,9.041666666666666,18.6,37.1,-5.1855315010741885,3.897058148343868,1005.0041666666666,1003.8916666666668,13.399999999999999,13.399999999999999,98.70833333333333,488.75,135.0,960.0,2374.8416666666667,131.81,0,6,196,7,2024,1,summer,train
4946811,556 Nguyễn Văn Cừ,21.0491,105.8831,2024-07-15 00:00:00+00:00,27.337500000000002,2.12128191349517,24.6,31.5,89.04166666666667,8.19585879876389,70.0,99.0,25.291666666666668,6.754166666666666,11.5,29.2,0.631446294211595,-3.304764776626753,1005.7916666666666,1004.6625,39.9,39.9,95.875,486.0416666666667,120.0,1080.0,2418.108333333333,256.57,0,0,197,7,2024,0,summer,train
4946811,556 Nguyễn Văn Cừ,21.0491,105.8831,2024-07-16 00:00:00+00:00,27.675,2.1522990740944494,24.9,31.2,86.75,9.58826275238094,70.0,98.0,25.166666666666668,8.029166666666667,18.4,36.7,-5.769924595536171,-0.3453175402096272,1005.4,1004.275,28.7,28.7,88.45833333333333,428.5416666666667,95.0,970.0,2381.954166666667,149.76,0,1,198,7,2024,0,summer,train
4946811,556 Nguyễn Văn Cừ,21.0491,105.8831,2024-07-17 00:00:00+00:00,27.425,1.946289669669155,25.3,30.8,88.0,8.787342675937248,73.0,98.0,25.170833333333334,7.125,12.2,28.1,-0.5363678613975429,-3.020133556450014,1004.4666666666667,1003.3625000000001,14.3,14.3,99.33333333333333,357.2916666666667,55.0,875.0,2397.2374999999997,81.98,0,2,199,7,2024,0,summer,train
4946811,556 Nguyễn Văn Cừ,21.0491,105.8831,2024-07-18 00:00:00+00:00,27.34166666666667,2.127443182027106,24.9,31.2,88.04166666666667,8.784765304165807,72.0,99.0,25.066666666666666,11.2125,17.2,36.7,-9.005666533180444,4.561069877490605,1004.2208333333333,1003.1083333333332,25.4,25.4,96.58333333333333,451.0416666666667,185.0,840.0,2389.4375,283.03000000000003,0,3,200,7,2024,0,summer,train
4946811,556 Nguyễn Văn Cừ,21.0491,105.8831,2024-07-19 00:00:00+00:00,27.604166666666668,2.0148317799382847,25.0,31.5,88.33333333333333,8.509159600186692,71.0,97.0,25.416666666666668,8.174999999999999,17.5,33.5,-6.157935990882788,2.71824071080945,1003.8916666666668,1002.7833333333333,18.0,18.0,78.79166666666667,365.8333333333333,65.0,845.0,2422.320833333333,190.85999999999999,0,4,201,7,2024,0,summer,train
4946811,556 Nguyễn Văn Cừ,21.0491,105.8831,2024-07-20 00:00:00+00:00,28.208333333333332,1.9010104102056216,25.9,31.2,87.375,9.01116457271321,74.0,99.0,25.78333333333333,7.641666666666667,13.4,29.2,-5.067271477249501,4.027401053717241,1004.9083333333333,1003.8083333333334,5.7,5.7,69.79166666666667,322.2916666666667,40.0,820.0,2448.6583333333333,67.75,0,5,202,7,2024,1,summer,train
4946811,556 Nguyễn Văn Cừ,21.0491,105.8831,2024-07-21 00:00:00+00:00,28.679166666666664,2.392375418893853,25.9,33.2,85.33333333333333,10.386725084020197,68.0,97.0,25.825,6.133333333333333,14.5,31.0,-2.346647085627201,0.6193202603372203,1004.6208333333334,1003.5208333333334,7.5,7.5,65.91666666666667,404.7916666666667,80.0,1275.0,2423.7208333333333,65.19,0,6,203,7,2024,1,summer,train
4946811,556 Nguyễn Văn Cừ,21.0491,105.8831,2024-07-22 00:00:00+00:00,28.566666666666666,1.6607140074355822,26.1,32.2,87.79166666666667,7.407277072122282,72.0,95.0,26.270833333333332,8.608333333333333,16.3,29.9,5.479328408783534,-3.6526490687556143,1001.0041666666666,999.9041666666667,21.9,21.9,100.0,426.4583333333333,110.0,965.0,2496.9,240.12,0,0,204,7,2024,0,summer,train
4946811,556 Nguyễn Văn Cừ,21.0491,105.8831,2024-07-23 00:00:00+00:00,25.995833333333334,0.6053954271287544,25.2,27.0,93.625,1.9294626420214875,90.0,96.0,24.8625,14.799999999999999,20.7,37.8,14.498017077454584,-1.6190743665859493,996.6708333333332,995.5708333333333,139.1,139.1,100.0,334.5833333333333,70.0,560.0,2432.991666666667,2112.22,0,1,205,7,2024,0,summer,train
4946811,556 Nguyễn Văn Cừ,21.0491,105.8831,2024-07-24 00:00:00+00:00,27.941666666666666,1.9956292821774426,25.8,31.2,87.54166666666667,9.376098969403957,72.0,97.0,25.587500000000002,6.545833333333333,12.1,26.6,5.204801977065266,-1.7290406111544179,995.5041666666666,994.4041666666667,21.2,21.2,95.875,230.20833333333334,20.0,615.0,2428.3958333333335,136.14000000000001,0,2,206,7,2024,0,summer,train
4946811,556 Nguyễn Văn Cừ,21.0491,105.8831,2024-07-25 00:00:00+00:00,27.954166666666666,2.0028195704765976,25.8,32.6,89.70833333333333,8.47748510014548,72.0,99.0,26.008333333333336,4.8,9.9,29.2,0.24264550709293617,0.8075857722734966,995.225,994.125,11.1,11.1,71.375,294.1666666666667,25.0,940.0,2492.4416666666666,77.83,0,3,207,7,2024,0,summer,train
4946811,556 Nguyễn Văn Cừ,21.0491,105.8831,2024-07-26 00:00:00+00:00,31.974999999999998,3.214944721953612,27.2,36.7,76.45833333333333,14.578063229943538,54.0,96.0,26.983333333333334,7.4750000000000005,12.4,26.3,1.1352719375720364,1.5056953104150619,996.0458333333332,994.9458333333333,0.0,0.0,91.5,368.5416666666667,30.0,955.0,2400.0208333333335,0.0,0,4,208,7,2024,0,summer,train
4946811,556 Nguyễn Văn Cừ,21.0491,105.8831,2024-07-27 00:00:00+00:00,31.46666666666667,3.5300778001854765,26.0,36.3,80.95833333333333,13.498725114252279,60.0,99.0,27.53333333333333,6.945833333333333,16.9,29.2,-2.540860089978604,-0.8714607400200528,999.8166666666666,998.7166666666667,16.599999999999998,16.599999999999998,98.41666666666667,472.2916666666667,60.0,1145.0,2502.5583333333334,129.65,0,5,209,7,2024,1,summer,train
4946811,556 Nguyễn Văn Cừ,21.0491,105.8831,2024-07-28 00:00:00+00:00,27.666666666666668,2.1087120871912965,24.6,31.1,90.45833333333333,7.138256800152797,77.0,99.0,25.891666666666666,5.829166666666667,11.6,22.7,-3.673418556754474,-1.0095446167329136,1001.5875,1000.4875000000001,27.7,27.7,99.66666666666667,419.5833333333333,210.0,880.0,2489.2833333333333,175.34,0,6,210,7,2024,1,summer,train
4946811,556 Nguyễn Văn Cừ,21.0491,105.8831,2024-07-29 00:00:00+00:00,27.295833333333334,1.3556577632332185,25.2,30.8,91.83333333333333,5.623449866923065,79.0,97.0,25.8125,8.633333333333335,13.2,26.6,-6.807054560047682,4.505629798072237,1001.4250000000001,1000.3249999999999,32.9,32.9,100.0,369.375,235.0,530.0,2500.1749999999997,258.65999999999997,0,0,211,7,2024,0,summer,train
4946811,556 Nguyễn Văn Cừ,21.0491,105.8831,2024-07-30 00:00:00+00:00,27.287499999999998,1.6122661610022857,25.5,31.0,91.125,5.277618863613137,80.0,98.0,25.683333333333334,8.308333333333334,13.7,27.4,-2.5088826496141023,6.514890220094407,1001.6583333333333,1000.5583333333334,31.900000000000002,31.900000000000002,99.95833333333333,371.25,245.0,510.0,2479.4166666666665,280.23,0,1,212,7,2024,0,summer,train
4946811,556 Nguyễn Văn Cừ,21.0491,105.8831,2024-07-31 00:00:00+00:00,28.016666666666666,1.520774021078875,25.8,30.7,84.08333333333333,4.862605015445103,75.0,90.0,25.041666666666668,13.741666666666667,17.0,34.9,-1.5363911431634367,13.471899222421301,1002.7166666666667,1001.6166666666667,1.3,1.3,100.0,365.4166666666667,195.0,560.0,2349.6208333333334,15.340000000000002,0,2,213,7,2024,0,summer,train
4946811,556 Nguyễn Văn Cừ,21.0491,105.8831,2024-08-01 00:00:00+00:00,28.270833333333332,1.9013677380670788,25.6,31.3,80.58333333333333,6.330853824321603,67.0,89.0,24.566666666666666,14.820833333333333,20.3,38.5,-1.0879796677672238,14.529297052526644,1003.1291666666666,1002.0291666666667,2.0,2.0,99.75,376.0416666666667,260.0,565.0,2268.3375,28.680000000000003,0,3,214,8,2024,0,summer,train
4946811,556 Nguyễn Văn Cừ,21.0491,105.8831,2024-08-02 00:00:00+00:00,26.129166666666666,0.7433643653755162,25.0,27.4,92.41666666666667,1.4421200175184985,90.0,95.0,24.833333333333332,12.991666666666667,17.6,34.6,-1.7441586535812705,12.53817913112261,1003.5749999999999,1002.475,18.4,18.4,89.5,418.125,300.0,630.0,2414.4333333333334,265.36,0,4,215,8,2024,0,summer,train
4946811,556 Nguyễn Văn Cừ,21.0491,105.8831,2024-08-03 00:00:00+00:00,28.474999999999998,2.4763665529052483,25.2,32.2,82.66666666666667,10.980879297439143,65.0,96.0,25.070833333333336,8.387500000000001,13.3,27.0,-3.0428227459006667,6.702972383168647,1005.4250000000001,1004.3166666666666,0.8,0.8,44.583333333333336,360.0,65.0,965.0,2328.1749999999997,8.860000000000001,0,5,216,8,2024,1,summer,train
4946811,556 Nguyễn Văn Cừ,21.0491,105.8831,2024-08-04 00:00:00+00:00,28.741666666666664,2.55375540462799,24.5,32.4,83.08333333333333,9.899128932546963,68.0,99.0,25.458333333333332,6.833333333333333,10.5,24.5,-3.7751903458298557,3.174165093838074,1006.5875,1005.4708333333333,11.6,11.6,42.083333333333336,457.0833333333333,70.0,1110.0,2364.35,66.35,0,6,217,8,2024,1,summer,train
4946811,556 Nguyễn Văn Cừ,21.0491,105.8831,2024-08-05 00:00:00+00:00,29.162499999999998,2.194818502944964,25.4,32.4,84.83333333333333,8.052364852026086,71.0,97.0,26.254166666666666,6.670833333333333,11.0,23.0,-4.060062133818048,3.8758182566760877,1005.275,1004.1708333333332,1.5,1.5,42.916666666666664,456.6666666666667,95.0,1220.0,2457.608333333333,7.33,0,0,218,8,2024,0,summer,train
4946811,556 Nguyễn Văn Cừ,21.0491,105.8831,2024-08-06 00:00:00+00:00,29.270833333333332,2.1846259587650576,26.7,33.0,85.08333333333333,8.99718152325043,70.0,97.0,26.375,6.191666666666666,15.6,30.2,-3.3212811905576536,4.4307675735662935,1004.9875000000001,1003.8874999999999,0.4,0.4,75.83333333333333,473.3333333333333,145.0,1080.0,2472.133333333333,2.22,0,1,219,8,2024,0,summer,train
4946811,556 Nguyễn Văn Cừ,21.0491,105.8831,2024-08-07 00:00:00+00:00,30.266666666666666,2.208612916400872,27.8,34.0,81.875,9.405421655712157,66.0,96.0,26.695833333333336,9.354166666666666,15.4,26.6,-3.8011174170573017,8.273440343125298,1004.9666666666667,1003.8666666666667,0.8,0.8,17.541666666666668,519.1666666666666,200.0,1020.0,2459.5375,5.090000000000001,0,2,220,8,2024,0,summer,train
4946811,556 Nguyễn Văn Cừ,21.0491,105.8831,2024-08-08 00:00:00+00:00,31.066666666666666,2.3894089985431224,27.9,34.7,77.58333333333333,9.357241634931343,61.0,91.0,26.566666666666666,11.979166666666666,16.0,27.7,-2.5222866185919517,11.537027627361331,1003.9583333333334,1002.8583333333332,0.4,0.4,19.958333333333332,593.125,160.0,1195.0,2389.5958333333333,3.7600000000000002,0,3,221,8,2024,0,summer,train
4946811,556 Nguyễn Văn Cừ,21.0491,105.8831,2024-08-09 00:00:00+00:00,31.866666666666664,2.754390434681814,27.9,35.8,72.70833333333333,11.30401685691637,56.0,91.0,26.1375,11.104166666666666,18.4,31.7,-1.0336150483371176,9.946154663902655,1001.2541666666666,1000.1541666666667,0.0,0.0,56.208333333333336,601.6666666666666,105.0,1485.0,2288.075,0.0,0,4,222,8,2024,0,summer,train
4946811,556 Nguyễn Văn Cừ,21.0491,105.8831,2024-08-10 00:00:00+00:00,31.820833333333336,3.142967189396545,26.4,36.1,73.58333333333333,13.246547266844813,56.0,95.0,26.208333333333332,8.295833333333333,16.7,33.5,-0.3379803103050732,2.6108412867192436,1000.275,999.1750000000001,6.2,6.2,89.04166666666667,548.3333333333334,80.0,1465.0,2301.829166666667,82.26,0,5,223,8,2024,1,summer,train
4946811,556 Nguyễn Văn Cừ,21.0491,105.8831,2024-08-11 00:00:00+00:00,28.833333333333332,2.1987479968434727,25.9,32.2,83.58333333333333,10.01701451082831,67.0,96.0,25.633333333333336,6.333333333333333,11.2,22.7,1.131806787117897,-3.1010261340798526,1001.4458333333333,1000.3458333333333,1.8,1.8,100.0,300.4166666666667,25.0,820.0,2390.0499999999997,13.899999999999999,0,6,224,8,2024,1,summer,train
4946811,556 Nguyễn Văn Cừ,21.0491,105.8831,2024-08-12 00:00:00+00:00,27.625,1.9841217529261594,25.0,31.0,89.58333333333333,7.270647759352647,77.0,99.0,25.691666666666666,5.4624999999999995,9.7,21.2,-3.2705093154567777,0.7921131773359006,1002.6,1001.5,43.7,43.7,100.0,310.2083333333333,90.0,850.0,2461.0875,201.99,0,0,225,8,2024,0,summer,train
4946811,556 Nguyễn Văn Cừ,21.0491,105.8831,2024-08-13 00:00:00+00:00,27.46666666666667,1.8597958435565307,25.4,31.1,90.04166666666667,7.526643496196731,77.0,98.0,25.59583333333333,5.783333333333334,8.4,21.6,2.1286193180137847,-3.549556418221487,1005.0208333333334,1003.9208333333332,7.0,7.0,99.79166666666667,281.0416666666667,35.0,735.0,2460.108333333333,51.09,0,1,226,8,2024,0,summer,train
4946811,556 Nguyễn Văn Cừ,21.0491,105.8831,2024-08-14 00:00:00+00:00,27.775000000000002,1.8051255526609695,26.0,31.7,90.0,7.69528370525401,74.0,99.0,25.933333333333334,3.3958333333333335,9.5,24.8,1.3490156381189742,-0.7922165792526566,1005.2375000000001,1004.1374999999999,4.6,4.6,94.91666666666667,223.54166666666666,15.0,750.0,2486.633333333333,16.18,0,2,227,8,2024,0,summer,train
4946811,556 Nguyễn Văn Cừ,21.0491,105.8831,2024-08-15 00:00:00+00:00,27.870833333333334,1.7165382673242147,25.9,32.0,90.83333333333333,7.682089087847326,77.0,100.0,26.183333333333334,3.7125,7.8,31.0,-0.6762789789074266,-0.6532849300262417,1004.1041666666666,1003.0041666666666,14.7,14.7,99.875,299.1666666666667,20.0,880.0,2519.383333333333,104.84,0,3,228,8,2024,0,summer,train
4946811,556 Nguyễn Văn Cừ,21.0491,105.8831,2024-08-16 00:00:00+00:00,28.766666666666666,2.825453663714394,25.5,32.8,84.29166666666667,12.181522595867204,65.0,99.0,25.641666666666666,6.841666666666666,16.9,29.9,-1.7607336289720956,-3.826195833099685,1004.5541666666667,1003.4541666666668,5.1,5.1,80.66666666666667,354.5833333333333,70.0,1005.0,2392.391666666667,47.61,0,4,229,8,2024,0,summer,train
4946811,556 Nguyễn Văn Cừ,21.0491,105.8831,2024-08-17 00:00:00+00:00,28.662499999999998,1.7953593560597594,26.4,32.2,88.79166666666667,8.240827135916517,74.0,100.0,26.516666666666666,4.325,12.1,24.8,-0.9757889225090763,1.3493338444544236,1005.8166666666666,1004.7166666666667,5.3,5.3,91.95833333333333,298.5416666666667,25.0,885.0,2531.7083333333335,52.05,0,5,230,8,2024,1,summer,train
4946811,556 Nguyễn Văn Cừ,21.0491,105.8831,2024-08-18 00:00:00+00:00,28.916666666666668,1.5038115824006408,26.6,31.5,89.75,6.796738348201514,78.0,100.0,27.008333333333336,3.125,9.3,23.4,-1.1408914639278163,0.01922842636086332,1005.0124999999999,1003.9125,8.9,8.9,99.79166666666667,313.125,60.0,930.0,2585.891666666667,67.19000000000001,0,6,231,8,2024,1,summer,train
4946811,556 Nguyễn Văn Cừ,21.0491,105.8831,2024-08-19 00:00:00+00:00,29.170833333333334,2.034160261880685,26.7,33.0,86.83333333333333,9.716264565225122,70.0,99.0,26.6375,5.133333333333334,11.3,24.8,-0.4046715998332496,1.3447526249071586,1003.6208333333334,1002.5208333333334,4.1000000000000005,4.1000000000000005,95.5,368.75,120.0,845.0,2514.25,36.84,0,0,232,8,2024,0,summer,train
4946811,556 Nguyễn Văn Cừ,21.0491,105.8831,2024-08-20 00:00:00+00:00,29.170833333333334,2.246055318275494,26.2,33.3,86.0,10.689287607938025,66.0,97.0,26.445833333333336,4.904166666666667,9.0,23.4,0.22454427160054993,-1.3449421017624952,1004.5583333333334,1003.4583333333334,13.6,13.6,99.375,344.1666666666667,45.0,1020.0,2486.1208333333334,81.37,0,1,233,8,2024,0,summer,train
4946811,556 Nguyễn Văn Cừ,21.0491,105.8831,2024-08-21 00:00:00+00:00,28.366666666666664,2.013145206682419,25.4,31.9,87.83333333333333,8.43216753126752,71.0,100.0,26.070833333333336,5.141666666666667,12.0,26.3,-1.488519454913659,1.6882283503868771,1006.1374999999999,1005.0333333333333,15.9,15.9,100.0,319.375,110.0,785.0,2475.8958333333335,152.97,0,2,234,8,2024,0,summer,train
4946811,556 Nguyễn Văn Cừ,21.0491,105.8831,2024-08-22 00:00:00+00:00,28.816666666666666,2.8849936578434807,25.0,32.8,84.5,11.780603070117081,67.0,97.0,25.7625,6.7,11.7,29.5,-1.6105049711446677,3.8906151530010344,1007.4208333333332,1006.2875,27.2,27.2,100.0,351.6666666666667,20.0,920.0,2403.2166666666667,210.25,0,3,235,8,2024,0,summer,train
4946811,556 Nguyễn Văn Cừ,21.0491,105.8831,2024-08-23 00:00:00+00:00,26.775000000000002,1.6994244550025936,23.9,29.5,91.95833333333333,5.02583903154632,83.0,99.0,25.320833333333336,6.483333333333333,14.3,39.6,-5.194488014109182,0.6215647211647003,1008.6708333333332,1007.5124999999999,41.7,41.7,100.0,232.29166666666666,50.0,485.0,2454.4041666666667,324.35,0,4,236,8,2024,0,summer,train
4946811,556 Nguyễn Văn Cừ,21.0491,105.8831,2024-08-24 00:00:00+00:00,27.620833333333334,1.9419799772098727,25.3,31.1,89.0,7.923547734168837,73.0,98.0,25.545833333333334,6.108333333333333,11.4,21.2,-4.035008550751795,3.095047455399244,1007.6541666666667,1006.5166666666668,24.7,24.7,100.0,382.2916666666667,145.0,870.0,2444.1541666666667,149.81,0,5,237,8,2024,1,summer,train
4946811,556 Nguyễn Văn Cừ,21.0491,105.8831,2024-08-25 00:00:00+00:00,27.616666666666664,1.7329709766170631,25.4,30.9,85.58333333333333,8.99718152325042,70.0,97.0,24.90416666666667,6.1875,9.5,21.6,-2.48094756937073,3.676358565164733,1006.5208333333334,1005.4125,2.5,2.5,97.5,281.875,45.0,805.0,2348.795833333333,15.77,0,6,238,8,2024,1,summer,train
4946811,556 Nguyễn Văn Cừ,21.0491,105.8831,2024-08-26 00:00:00+00:00,27.587500000000002,2.2105109580484257,24.7,32.2,89.08333333333333,7.988669512485173,74.0,98.0,25.52916666666667,5.204166666666667,13.7,32.4,-2.8254413552017272,1.262827664522077,1006.5041666666666,1005.3791666666666,23.2,23.2,79.70833333333333,359.5833333333333,75.0,1065.0,2441.5375,234.66,0,0,239,8,2024,0,summer,train
4946811,556 Nguyễn Văn Cừ,21.0491,105.8831,2024-08-27 00:00:00+00:00,29.1875,2.0262006639113452,25.6,32.1,84.29166666666667,7.250062468496495,74.0,97.0,26.175,5.916666666666667,13.0,22.3,-1.8925778171551462,3.6854339882861678,1005.4083333333333,1004.3041666666667,4.9,4.9,29.583333333333332,328.9583333333333,35.0,925.0,2447.0,13.99,0,1,240,8,2024,0,summer,train
4946811,556 Nguyễn Văn Cừ,21.0491,105.8831,2024-08-28 00:00:00+00:00,30.4375,2.521182003674502,26.7,34.1,80.08333333333333,10.167795138131694,61.0,95.0,26.454166666666666,5.358333333333333,12.0,20.5,-2.899118233711041,2.0975923357379958,1003.7583333333333,1002.6583333333333,0.0,0.0,40.25,407.7083333333333,70.0,1070.0,2413.6916666666666,0.0,0,2,241,8,2024,0,summer,train
4946811,556 Nguyễn Văn Cừ,21.0491,105.8831,2024-08-29 00:00:00+00:00,29.641666666666666,2.9514796092905637,25.0,34.0,84.33333333333333,10.825359384200668,64.0,100.0,26.53333333333333,5.645833333333333,12.1,25.2,-3.7366994126841373,-0.05256818703137293,1004.1333333333333,1003.025,11.9,11.9,88.54166666666667,360.0,30.0,945.0,2470.5875,114.32000000000002,0,3,242,8,2024,0,summer,train
4946811,556 Nguyễn Văn Cừ,21.0491,105.8831,2024-08-30 00:00:00+00:00,28.333333333333332,2.094229476788365,24.8,31.4,85.25,9.506290823312282,71.0,98.0,25.4875,5.270833333333333,13.1,25.2,-1.9199310964536809,-1.0847504858176522,1005.8333333333334,1004.725,10.4,10.4,69.70833333333333,291.4583333333333,45.0,865.0,2397.1041666666665,103.21,0,4,243,8,2024,0,summer,train
4946811,556 Nguyễn Văn Cừ,21.0491,105.8831,2024-08-31 00:00:00+00:00,28.275000000000002,2.111510895276073,24.9,31.9,85.5,9.278305692406303,70.0,97.0,25.5,5.845833333333334,13.0,25.6,-1.5863992969484209,-0.876611371931308,1007.0,1005.8833333333333,6.4,6.4,85.79166666666667,402.7083333333333,50.0,1270.0,2399.4958333333334,58.01,0,5,244,8,2024,1,summer,train
4946811,556 Nguyễn Văn Cừ,21.0491,105.8831,2024-09-01 00:00:00+00:00,27.754166666666666,1.6285440728151772,25.2,30.5,88.79166666666667,6.413160156148122,76.0,97.0,25.691666666666666,4.883333333333334,8.4,21.6,0.6173017869600562,-1.5248288377594126,1007.4583333333334,1006.3333333333334,13.3,13.3,100.0,280.0,25.0,865.0,2454.9125,75.14999999999999,0,6,245,9,2024,1,autumn,train
4946811,556 Nguyễn Văn Cừ,21.0491,105.8831,2024-09-02 00:00:00+00:00,28.78333333333333,2.008821126641338,26.0,32.0,86.5,9.026530943256395,74.0,99.0,26.208333333333332,4.5874999999999995,12.3,23.4,-2.422321722814011,-0.16824533486102822,1007.5708333333333,1006.4666666666667,3.1,3.1,93.16666666666667,341.4583333333333,10.0,865.0,2473.1541666666667,30.030000000000005,0,0,246,9,2024,0,autumn,train
4946811,556 Nguyễn Văn Cừ,21.0491,105.8831,2024-09-03 00:00:00+00:00,28.870833333333334,2.465673762169132,25.7,32.5,84.41666666666667,11.56048993495656,66.0,100.0,25.795833333333334,5.933333333333334,14.8,29.5,2.0879094889191254,-2.8843989072401275,1006.2041666666668,1005.1,0.0,0.0,58.166666666666664,318.75,20.0,890.0,2410.2999999999997,0.0,0,1,247,9,2024,0,autumn,train
4946811,556 Nguyễn Văn Cừ,21.0491,105.8831,2024-09-04 00:00:00+00:00,30.09583333333333,2.4918090454207324,26.6,33.8,79.70833333333333,12.835003655651198,61.0,98.0,25.95,4.7250000000000005,9.7,16.9,0.22215135655057416,1.1464088109894297,1002.3791666666666,1001.2791666666667,0.0,0.0,45.083333333333336,398.125,40.0,1065.0,2368.4166666666665,0.0,0,2,248,9,2024,0,autumn,train
4946811,556 Nguyễn Văn Cừ,21.0491,105.8831,2024-09-05 00:00:00+00:00,29.879166666666666,3.189518045460607,25.3,34.7,80.33333333333333,9.915585740626229,63.0,94.0,25.979166666666668,11.008333333333333,18.9,36.7,8.351016158533227,-5.271156900649377,1000.9499999999999,999.85,3.8000000000000003,3.8000000000000003,54.041666666666664,430.0,30.0,1395.0,2371.9500000000003,50.42,0,3,249,9,2024,0,autumn,train
4946811,556 Nguyễn Văn Cừ,21.0491,105.8831,2024-09-06 00:00:00+00:00,28.6875,2.287834081092573,26.2,33.3,84.41666666666667,7.517612171003713,69.0,93.0,25.704166666666666,15.875,28.3,49.3,11.44843600269006,-10.292082283566037,999.4083333333333,998.3083333333334,26.099999999999998,26.099999999999998,96.125,559.7916666666666,160.0,1205.0,2405.5291666666667,423.0,0,4,250,9,2024,0,autumn,train
4946811,556 Nguyễn Văn Cừ,21.0491,105.8831,2024-09-07 00:00:00+00:00,25.916666666666668,0.49927483645667586,24.6,26.5,90.25,1.6746187106583263,88.0,95.0,24.1875,36.416666666666664,62.4,116.6,10.66323283096433,-5.686373855064134,992.3041666666667,991.2041666666668,119.0,119.0,99.95833333333333,1098.75,400.0,1785.0,2338.4874999999997,4954.89,0,5,251,9,2024,1,autumn,train
4946811,556 Nguyễn Văn Cừ,21.0491,105.8831,2024-09-08 00:00:00+00:00,28.025000000000002,1.505424972499823,25.6,30.8,87.41666666666667,5.00362187660678,79.0,94.0,25.695833333333336,14.5625,25.0,47.2,-7.821864095592829,9.715024976877695,1000.5166666666668,999.4166666666666,24.8,24.8,100.0,482.5,85.0,865.0,2443.1583333333333,332.78999999999996,0,6,252,9,2024,1,autumn,train
4946811,556 Nguyễn Văn Cừ,21.0491,105.8831,2024-09-09 00:00:00+00:00,26.133333333333336,1.2832251036613442,24.4,28.2,94.16666666666667,3.045547950507518,88.0,98.0,25.099999999999998,10.125,16.9,34.2,-8.826195017487382,-0.9435629859778328,1004.3625000000001,1003.2291666666666,51.5,51.5,100.0,332.0833333333333,120.0,535.0,2458.1291666666666,501.77,0,0,253,9,2024,0,autumn,train
4946811,556 Nguyễn Văn Cừ,21.0491,105.8831,2024-09-10 00:00:00+00:00,25.270833333333332,0.9813385564211994,23.9,27.0,93.0,3.387958215439687,87.0,97.0,24.041666666666668,8.520833333333334,14.0,25.6,-4.997697659333788,-5.714603795853179,1006.6041666666666,1005.4416666666666,26.5,26.5,99.95833333333333,313.125,155.0,515.0,2347.2166666666667,230.39,0,1,254,9,2024,0,autumn,train
4946811,556 Nguyễn Văn Cừ,21.0491,105.8831,2024-09-11 00:00:00+00:00,24.97083333333333,0.5782125129612187,24.0,25.9,94.70833333333333,2.4043288255663513,91.0,98.0,24.045833333333334,7.4750000000000005,11.6,21.6,-3.3015357010248816,-3.7475602906387326,1008.0791666666668,1006.8916666666668,58.900000000000006,58.900000000000006,100.0,300.625,35.0,580.0,2363.7,555.9,0,2,255,9,2024,0,autumn,train
4946811,556 Nguyễn Văn Cừ,21.0491,105.8831,2024-09-12 00:00:00+00:00,26.041666666666668,2.0248277794004785,23.9,29.6,90.79166666666667,7.740234614277401,77.0,98.0,24.325,6.1375,10.1,21.2,2.374270730623538,-3.8148422956932078,1006.8833333333333,1005.725,11.2,11.2,72.66666666666667,256.4583333333333,30.0,680.0,2349.6124999999997,65.66,0,3,256,9,2024,0,autumn,train
4946811,556 Nguyễn Văn Cừ,21.0491,105.8831,2024-09-13 00:00:00+00:00,27.566666666666666,2.5618720510199386,24.5,31.8,86.375,9.549926018379502,69.0,97.0,24.945833333333336,6.395833333333333,10.5,24.5,0.7710144536944523,-2.2590790116549995,1004.3291666666668,1003.2166666666667,0.9,0.9,53.458333333333336,347.9166666666667,35.0,1165.0,2358.0958333333333,7.629999999999999,0,4,257,9,2024,0,autumn,train
4946811,556 Nguyễn Văn Cừ,21.0491,105.8831,2024-09-14 00:00:00+00:00,27.979166666666668,2.328272202573263,25.0,32.3,87.04166666666667,9.630021746630673,71.0,99.0,25.491666666666664,4.591666666666667,12.9,27.7,-1.7919817623509389,-0.1703145960813651,1002.7916666666666,1001.6916666666666,2.5,2.5,94.41666666666667,308.5416666666667,35.0,1165.0,2414.1541666666667,24.04,0,5,258,9,2024,1,autumn,train
4946811,556 Nguyễn Văn Cừ,21.0491,105.8831,2024-09-15 00:00:00+00:00,28.179166666666664,2.6684923551090347,24.5,32.7,85.625,9.403110031307175,70.0,97.0,25.4375,5.575,14.1,24.5,-2.124183285993967,-2.459468878888357,1002.9583333333334,1001.8416666666667,16.3,16.3,76.54166666666667,375.0,35.0,1105.0,2389.329166666667,155.87,0,6,259,9,2024,1,autumn,train
4946811,556 Nguyễn Văn Cừ,21.0491,105.8831,2024-09-16 00:00:00+00:00,27.22083333333333,2.0451382788726398,24.4,30.9,86.33333333333333,7.866642102639128,70.0,98.0,24.641666666666666,9.654166666666667,16.6,38.9,3.474096600636987,-7.0358499666238,1005.1333333333333,1004.0166666666668,12.600000000000001,12.600000000000001,55.375,385.625,40.0,1175.0,2335.4375,135.57,0,0,260,9,2024,0,autumn,train
4946811,556 Nguyễn Văn Cừ,21.0491,105.8831,2024-09-17 00:00:00+00:00,26.629166666666666,1.6115019099576335,24.4,29.6,90.08333333333333,6.10713528991093,79.0,97.0,24.833333333333332,10.200000000000001,15.8,28.1,6.426037615184588,-4.760281625777344,1005.5541666666667,1004.4250000000001,26.1,26.1,93.875,301.0416666666667,110.0,860.0,2389.804166666667,252.83,0,1,261,9,2024,0,autumn,train
4946811,556 Nguyễn Văn Cừ,21.0491,105.8831,2024-09-18 00:00:00+00:00,27.395833333333332,2.215455428038032,24.5,32.0,88.375,8.303024592960348,72.0,97.0,25.2375,10.095833333333333,18.2,33.8,5.6810742226565445,-6.221094088687837,1003.7916666666666,1002.6791666666667,22.7,22.7,56.625,345.8333333333333,85.0,1365.0,2404.5208333333335,262.95,0,2,262,9,2024,0,autumn,train
4946811,556 Nguyễn Văn Cừ,21.0491,105.8831,2024-09-19 00:00:00+00:00,27.09583333333333,1.8974763942317334,24.5,31.2,87.70833333333333,8.018886221407811,68.0,97.0,24.804166666666664,10.070833333333333,19.2,42.5,5.72534681455075,-7.000535038346836,1002.9333333333334,1001.8291666666668,10.3,10.3,91.70833333333333,300.625,15.0,1190.0,2362.758333333333,117.86000000000001,0,3,263,9,2024,0,autumn,train
4946811,556 Nguyễn Văn Cừ,21.0491,105.8831,2024-09-20 00:00:00+00:00,27.2625,2.1858860505723885,24.7,32.4,90.08333333333333,8.459194466052478,72.0,98.0,25.400000000000002,7.833333333333333,17.7,38.9,1.837138965708691,-5.294817709257899,1004.0791666666668,1002.9625,37.1,37.1,94.83333333333333,342.5,35.0,1335.0,2438.725,413.81999999999994,0,4,264,9,2024,0,autumn,train
4946811,556 Nguyễn Văn Cừ,21.0491,105.8831,2024-09-21 00:00:00+00:00,27.520833333333332,2.1982165036914476,25.1,32.0,88.54166666666667,7.890440923738958,73.0,96.0,25.379166666666666,9.65,14.4,31.7,3.0779226029853195,-8.352417078730321,1004.6999999999999,1003.5958333333333,52.0,52.0,90.375,463.5416666666667,85.0,1235.0,2420.5583333333334,417.39,0,5,265,9,2024,1,autumn,train
4946811,556 Nguyễn Văn Cừ,21.0491,105.8831,2024-09-22 00:00:00+00:00,25.629166666666666,0.6125351217377827,23.4,26.6,81.45833333333333,9.107947636264019,60.0,91.0,22.166666666666668,15.525,20.1,39.2,-5.599335062175654,-14.404230912467073,1007.1291666666666,1005.975,34.699999999999996,34.699999999999996,100.0,918.9583333333334,440.0,1180.0,2088.891666666667,523.14,0,6,266,9,2024,1,autumn,train
4946811,556 Nguyễn Văn Cừ,21.0491,105.8831,2024-09-23 00:00:00+00:00,24.583333333333332,1.6810107380529382,22.5,27.5,81.58333333333333,8.35056190073285,67.0,92.0,21.116666666666667,6.579166666666667,14.5,25.9,0.7218083587696077,-3.612676389320582,1010.1041666666666,1008.9250000000001,6.800000000000001,6.800000000000001,80.25,424.7916666666667,25.0,1130.0,1993.2958333333333,52.50000000000001,0,0,267,9,2024,0,autumn,train
4946811,556 Nguyễn Văn Cừ,21.0491,105.8831,2024-09-24 00:00:00+00:00,26.2625,2.5932709746237643,23.4,30.2,75.04166666666667,14.857231196982145,53.0,94.0,21.162499999999998,7.158333333333332,12.2,25.2,-4.4032857669899395,-1.2990312918600833,1010.2791666666667,1009.1208333333334,0.0,0.0,41.25,481.6666666666667,75.0,1515.0,1934.4416666666666,0.0,0,1,268,9,2024,0,autumn,train
4946811,556 Nguyễn Văn Cừ,21.0491,105.8831,2024-09-25 00:00:00+00:00,25.625,1.881777605489485,22.8,28.2,85.25,7.908443479020982,74.0,97.0,22.854166666666668,5.083333333333333,8.7,17.3,-3.73589050416332,1.6564705982075407,1011.1625,1009.9916666666667,0.0,0.0,57.166666666666664,291.4583333333333,50.0,660.0,2170.4708333333333,0.0,0,2,269,9,2024,0,autumn,train
4946811,556 Nguyễn Văn Cừ,21.0491,105.8831,2024-09-26 00:00:00+00:00,27.400000000000002,2.4706978419238066,24.4,31.3,78.83333333333333,11.449954116736116,61.0,94.0,23.1875,6.808333333333334,13.0,25.2,-4.0572868055206595,5.141170397803282,1010.8249999999999,1009.6750000000001,0.1,0.1,42.25,455.625,90.0,1050.0,2132.9958333333334,0.30000000000000004,0,3,270,9,2024,0,autumn,train
4946811,556 Nguyễn Văn Cừ,21.0491,105.8831,2024-09-27 00:00:00+00:00,28.583333333333332,2.3846732830026562,25.6,32.6,79.04166666666667,11.284769137769436,60.0,95.0,24.40833333333333,10.395833333333334,16.9,31.0,-2.649322096118319,8.651835621241664,1009.2083333333334,1008.0833333333334,0.2,0.2,36.083333333333336,639.7916666666666,185.0,1170.0,2233.695833333333,2.2600000000000002,0,4,271,9,2024,0,autumn,train
4946811,556 Nguyễn Văn Cừ,21.0491,105.8831,2024-09-28 00:00:00+00:00,29.070833333333336,2.3077335327049817,26.5,32.7,82.45833333333333,11.092414825756686,66.0,97.0,25.620833333333334,13.4,17.2,31.3,-6.083388306953107,11.446603283648464,1006.9708333333333,1005.8708333333334,0.7000000000000001,0.7000000000000001,62.083333333333336,613.75,305.0,985.0,2372.983333333333,10.22,0,5,272,9,2024,1,autumn,train
4946811,556 Nguyễn Văn Cừ,21.0491,105.8831,2024-09-29 00:00:00+00:00,27.962500000000002,1.8511600358318216,24.9,30.8,87.875,7.284960684445255,76.0,98.0,25.7,11.208333333333334,17.8,33.5,-6.611325696042496,8.02295626832998,1006.2708333333334,1005.15,32.0,32.0,92.5,458.75,90.0,735.0,2444.5833333333335,325.37,0,6,273,9,2024,1,autumn,train
4946811,556 Nguyễn Văn Cừ,21.0491,105.8831,2024-09-30 00:00:00+00:00,26.358333333333334,1.5438282926224187,24.0,29.9,90.45833333333333,5.090307641396349,78.0,97.0,24.650000000000002,7.970833333333334,15.7,33.1,-4.853844160404026,-0.26644100968922163,1006.6625,1005.525,39.1,39.1,90.29166666666667,298.75,35.0,690.0,2377.4125,287.42,0,0,274,9,2024,0,autumn,train
4946811,556 Nguyễn Văn Cừ,21.0491,105.8831,2024-10-01 00:00:00+00:00,25.504166666666666,3.011063536889981,21.4,29.9,66.83333333333333,8.565180607586722,61.0,94.0,18.779166666666665,18.154166666666665,23.9,45.7,-4.180908885637473,-17.22563761627762,1012.35,1011.1916666666666,1.5,1.5,69.04166666666667,975.0,465.0,1265.0,1706.8,20.4,0,1,275,10,2024,0,autumn,train
4946811,556 Nguyễn Văn Cừ,21.0491,105.8831,2024-10-02 00:00:00+00:00,23.983333333333334,2.187845210856258,21.1,27.9,61.125,5.326818938165628,52.0,68.0,15.966666666666667,13.520833333333334,20.2,40.0,-4.906612510648017,-12.0425703099838,1015.5749999999999,1014.3791666666666,0.0,0.0,56.166666666666664,770.8333333333334,350.0,1500.0,1457.125,0.0,0,2,276,10,2024,0,autumn,train
4946811,556 Nguyễn Văn Cừ,21.0491,105.8831,2024-10-03 00:00:00+00:00,23.0625,2.6589982585798038,19.5,27.0,65.25,12.137795803049322,47.0,78.0,15.879166666666668,9.950000000000001,17.7,33.5,-4.25185374698897,-8.602880013800387,1015.6875,1014.4875000000001,0.0,0.0,69.91666666666667,480.8333333333333,40.0,1270.0,1476.3416666666665,0.0,0,3,277,10,2024,0,autumn,train
4946811,556 Nguyễn Văn Cừ,21.0491,105.8831,2024-10-04 00:00:00+00:00,23.712500000000002,3.1489560036690696,19.5,28.4,68.04166666666667,14.345061767083799,47.0,91.0,17.091666666666665,6.779166666666666,12.3,25.6,-2.719497710845514,-3.374921990817198,1015.0875,1013.9,0.0,0.0,51.166666666666664,420.625,10.0,1490.0,1571.5916666666665,0.0,0,4,278,10,2024,0,autumn,train
4946811,556 Nguyễn Văn Cừ,21.0491,105.8831,2024-10-05 00:00:00+00:00,24.47083333333333,3.4030011264568603,20.1,29.2,69.33333333333333,16.76089306188319,46.0,94.0,18.008333333333333,5.9750000000000005,9.9,23.0,-1.245224829981055,-2.308507623631417,1014.1541666666667,1012.9833333333332,0.0,0.0,0.0,412.0833333333333,10.0,1430.0,1642.4750000000001,0.0,0,5,279,10,2024,1,autumn,train
4946811,556 Nguyễn Văn Cừ,21.0491,105.8831,2024-10-06 00:00:00+00:00,25.8,3.0154673731050172,21.7,30.8,70.125,11.990258727309678,48.0,84.0,19.650000000000002,7.9375,12.7,24.8,-0.8251079470745953,-6.963464434595804,1014.9166666666666,1013.7458333333334,0.0,0.0,21.666666666666668,525.2083333333334,45.0,1820.0,1776.0083333333332,0.0,0,6,280,10,2024,1,autumn,train
4946811,556 Nguyễn Văn Cừ,21.0491,105.8831,2024-10-07 00:00:00+00:00,26.729166666666668,2.8372489993051326,22.7,31.1,64.29166666666667,8.759983952073188,49.0,77.0,19.245833333333334,10.924999999999999,15.9,32.8,-4.073272746135918,-9.414154952316643,1015.6374999999999,1014.4666666666667,0.0,0.0,15.958333333333334,527.7083333333334,105.0,1485.0,1696.7833333333335,0.0,0,0,281,10,2024,0,autumn,train
4946811,556 Nguyễn Văn Cừ,21.0491,105.8831,2024-10-08 00:00:00+00:00,26.09583333333333,2.7641303635441425,22.5,30.5,69.29166666666667,13.023320776897538,50.0,90.0,19.733333333333334,8.3375,17.4,33.5,-4.256941181633226,-5.352485203306081,1014.7458333333334,1013.5749999999999,0.0,0.0,17.416666666666668,481.25,35.0,1595.0,1775.8291666666667,0.0,0,1,282,10,2024,0,autumn,train
4946811,556 Nguyễn Văn Cừ,21.0491,105.8831,2024-10-09 00:00:00+00:00,25.558333333333334,3.035287632909402,21.4,30.1,69.33333333333333,16.069595018480424,47.0,93.0,19.037499999999998,8.65,14.9,30.2,-4.765934602632012,-4.067268643433957,1013.6374999999999,1012.4666666666667,0.0,0.0,3.5416666666666665,514.1666666666666,30.0,1690.0,1725.7541666666666,0.0,0,2,283,10,2024,0,autumn,train
4946811,556 Nguyễn Văn Cừ,21.0491,105.8831,2024-10-10 00:00:00+00:00,25.95,3.2218007387174015,21.2,30.8,70.04166666666667,15.278513377108808,47.0,93.0,19.6875,6.154166666666666,10.0,20.9,-3.584346481807789,-0.20741766382665058,1012.9416666666666,1011.7791666666667,0.0,0.0,18.25,502.9166666666667,15.0,1835.0,1771.5625,0.0,0,3,284,10,2024,0,autumn,train
4946811,556 Nguyễn Văn Cừ,21.0491,105.8831,2024-10-11 00:00:00+00:00,26.2625,3.142805794329258,22.1,30.9,74.41666666666667,17.621421416946564,49.0,99.0,20.883333333333333,5.345833333333334,12.0,20.9,-3.3373667123191137,1.658983041201133,1012.6875,1011.5208333333334,0.0,0.0,24.458333333333332,519.1666666666666,15.0,1750.0,1901.9083333333335,0.0,0,4,285,10,2024,0,autumn,train
4946811,556 Nguyễn Văn Cừ,21.0491,105.8831,2024-10-12 00:00:00+00:00,26.425,2.8911032947422637,22.4,31.0,78.375,15.485792927993568,56.0,99.0,22.016666666666666,7.370833333333334,13.3,25.2,-5.470791874694228,3.6356206343406243,1013.4125,1012.2458333333334,0.5,0.5,36.833333333333336,481.25,25.0,1410.0,2028.4125000000001,3.3800000000000003,0,5,286,10,2024,1,autumn,train
4946811,556 Nguyễn Văn Cừ,21.0491,105.8831,2024-10-13 00:00:00+00:00,26.766666666666666,3.0164284476364,22.8,31.5,77.75,15.323326917679692,55.0,98.0,22.212500000000002,7.7,13.9,26.3,-5.500481275408937,3.8068226887781083,1012.6541666666667,1011.4958333333334,0.5,0.5,25.583333333333332,484.5833333333333,20.0,1160.0,2037.2,4.67,0,6,287,10,2024,1,autumn,train
4946811,556 Nguyễn Văn Cừ,21.0491,105.8831,2024-10-14 00:00:00+00:00,27.525000000000002,2.733726553546497,23.8,32.0,77.58333333333333,14.070989788326491,55.0,97.0,22.9375,5.920833333333333,13.3,25.6,-4.062849897022743,2.598663883625123,1011.9416666666666,1010.7916666666666,2.9000000000000004,2.9000000000000004,35.125,451.25,20.0,1335.0,2098.7916666666665,15.86,0,0,288,10,2024,0,autumn,train
4946811,556 Nguyễn Văn Cừ,21.0491,105.8831,2024-10-15 00:00:00+00:00,25.558333333333334,2.105668677572552,23.2,29.9,86.95833333333333,10.788396208594824,64.0,99.0,23.03333333333333,7.0625,10.7,24.1,0.8691627064987878,-3.2165235503380942,1013.1041666666666,1011.9250000000001,9.799999999999999,9.799999999999999,64.91666666666667,362.7083333333333,100.0,1095.0,2201.25,82.74,0,1,289,10,2024,0,autumn,train
4946811,556 Nguyễn Văn Cừ,21.0491,105.8831,2024-10-16 00:00:00+00:00,26.695833333333336,2.1336800556105278,24.1,30.6,81.91666666666667,12.006942436218592,61.0,96.0,23.162499999999998,5.391666666666667,10.4,22.7,-1.8476880081851175,1.377369197178881,1012.8249999999999,1011.6541666666667,0.9,0.9,70.16666666666667,402.2916666666667,35.0,1295.0,2162.6666666666665,5.35,0,2,290,10,2024,0,autumn,train
4946811,556 Nguyễn Văn Cừ,21.0491,105.8831,2024-10-17 00:00:00+00:00,27.28333333333333,2.387406573025954,24.3,31.5,82.08333333333333,12.967909109284605,61.0,99.0,23.733333333333334,8.549999999999999,13.7,25.9,-7.302567438203389,3.3955950996941913,1010.7833333333333,1009.6291666666666,0.7,0.7,47.333333333333336,508.9583333333333,105.0,1300.0,2210.133333333333,4.03,0,3,291,10,2024,0,autumn,train
4946811,556 Nguyễn Văn Cừ,21.0491,105.8831,2024-10-18 00:00:00+00:00,27.675,2.6193676634870746,24.0,31.7,81.0,13.393703906979063,61.0,99.0,23.858333333333334,7.516666666666667,11.8,24.5,-4.685490764922304,5.230022656563526,1011.3791666666666,1010.2333333333332,0.6000000000000001,0.6000000000000001,39.083333333333336,508.5416666666667,35.0,1330.0,2208.1833333333334,4.91,0,4,292,10,2024,0,autumn,train
4946811,556 Nguyễn Văn Cừ,21.0491,105.8831,2024-10-19 00:00:00+00:00,27.34583333333333,2.310463752934286,24.1,31.4,82.04166666666667,12.113518020813757,60.0,97.0,23.837500000000002,6.058333333333334,11.7,25.9,-3.461460657400897,0.6938071061186837,1013.7166666666667,1012.5541666666667,1.6,1.6,64.66666666666667,401.4583333333333,20.0,1380.0,2216.920833333333,11.17,0,5,293,10,2024,1,autumn,train
4946811,556 Nguyễn Văn Cừ,21.0491,105.8831,2024-10-20 00:00:00+00:00,28.066666666666666,2.7178422814186005,24.5,32.3,73.04166666666667,14.707227346848349,50.0,92.0,22.425,8.454166666666667,15.4,31.7,-5.382464392062818,1.91341158775013,1015.0875,1013.9250000000001,1.0,1.0,67.83333333333333,607.2916666666666,95.0,1390.0,2012.4458333333332,7.25,0,6,294,10,2024,1,autumn,train
4946811,556 Nguyễn Văn Cừ,21.0491,105.8831,2024-10-21 00:00:00+00:00,25.816666666666666,2.020044482219371,23.4,29.4,88.125,10.505950694725346,68.0,99.0,23.554166666666664,4.833333333333333,16.0,32.8,0.9354707459404369,-0.46717551407469554,1014.3166666666666,1013.1416666666668,8.0,8.0,62.791666666666664,256.25,30.0,1015.0,2255.195833333333,110.22,0,0,295,10,2024,0,autumn,train
4946811,556 Nguyễn Văn Cừ,21.0491,105.8831,2024-10-22 00:00:00+00:00,27.645833333333332,2.7648380983603587,23.6,32.2,68.75,10.334618900863587,54.0,93.0,21.204166666666666,11.775,21.3,37.1,-2.900749009370777,-10.958159264170115,1014.9833333333332,1013.8208333333333,0.9999999999999999,0.9999999999999999,68.20833333333333,854.7916666666666,135.0,1515.0,1885.9750000000001,9.079999999999998,0,1,296,10,2024,0,autumn,train
4946811,556 Nguyễn Văn Cừ,21.0491,105.8831,2024-10-23 00:00:00+00:00,24.7375,3.29911878879932,19.4,29.0,54.708333333333336,9.967247086972089,42.0,71.0,14.725,13.579166666666666,21.0,40.7,-6.053676013363053,-11.606847623790804,1015.2125,1014.0291666666667,0.0,0.0,62.5,706.6666666666666,70.0,1530.0,1322.8125,0.0,0,2,297,10,2024,0,autumn,train
4946811,556 Nguyễn Văn Cừ,21.0491,105.8831,2024-10-24 00:00:00+00:00,23.666666666666668,4.189808200099757,17.8,29.8,58.25,12.044302279140306,40.0,76.0,14.625,9.025,13.8,29.5,-0.39503117073902955,-8.010692414369556,1011.7333333333332,1010.5625,0.0,0.0,63.166666666666664,445.625,20.0,1435.0,1339.475,0.0,0,3,298,10,2024,0,autumn,train
4946811,556 Nguyễn Văn Cừ,21.0491,105.8831,2024-10-25 00:00:00+00:00,24.195833333333336,3.754820573107572,19.6,30.4,56.041666666666664,12.550694304947116,38.0,81.0,14.479166666666666,9.120833333333334,12.9,25.6,1.3418047636504513,-8.745638420796991,1009.8375,1008.6666666666666,0.0,0.0,86.625,387.9166666666667,40.0,1455.0,1324.2291666666667,0.0,0,4,299,10,2024,0,autumn,train
4946811,556 Nguyễn Văn Cừ,21.0491,105.8831,2024-10-26 00:00:00+00:00,26.245833333333334,3.3825613097906673,20.0,31.2,46.666666666666664,13.798760708898797,29.0,73.0,13.25,18.008333333333333,27.1,50.0,0.8482794484982917,-17.48365097949313,1008.6208333333334,1007.4791666666666,6.3,6.3,96.04166666666667,877.7083333333334,210.0,1645.0,1182.3041666666666,132.07999999999998,0,5,300,10,2024,1,autumn,train
4946811,556 Nguyễn Văn Cừ,21.0491,105.8831,2024-10-27 00:00:00+00:00,21.3625,1.5270922924189008,19.7,24.8,75.91666666666667,9.532172828929387,57.0,88.0,16.779166666666665,18.904166666666665,24.9,48.6,2.7804518253926873,-18.175565935935627,1011.0458333333332,1009.8458333333333,9.1,9.1,99.91666666666667,915.0,765.0,1280.0,1610.4458333333332,167.17000000000002,0,6,301,10,2024,1,autumn,train
4946811,556 Nguyễn Văn Cừ,21.0491,105.8831,2024-10-28 00:00:00+00:00,21.008333333333333,1.6137767386843949,19.0,23.2,74.41666666666667,12.37780856725197,59.0,89.0,16.095833333333335,16.108333333333334,20.0,37.1,-0.42276326381584944,-15.93597104264559,1011.9583333333334,1010.7583333333333,9.0,9.0,99.45833333333333,728.75,475.0,1055.0,1544.6833333333334,134.97,0,0,302,10,2024,0,autumn,train
4946811,556 Nguyễn Văn Cừ,21.0491,105.8831,2024-10-29 00:00:00+00:00,22.400000000000002,1.6560823335970267,19.7,25.4,73.16666666666667,6.267005849593618,61.0,83.0,17.316666666666666,10.508333333333333,16.8,32.8,0.8920904394007665,-10.135493970394094,1011.4375,1010.2375000000001,0.30000000000000004,0.30000000000000004,62.291666666666664,421.875,30.0,920.0,1632.8041666666668,3.68,0,1,303,10,2024,0,autumn,train
4946811,556 Nguyễn Văn Cừ,21.0491,105.8831,2024-10-30 00:00:00+00:00,24.208333333333332,2.7164421530771614,20.0,28.5,74.41666666666667,13.467889885613646,59.0,97.0,19.095833333333335,7.329166666666667,14.6,28.1,-1.5758568687891465,-1.6781347409480059,1011.6916666666667,1010.5124999999999,0.0,0.0,67.91666666666667,375.8333333333333,30.0,1120.0,1770.9166666666667,0.0,0,2,304,10,2024,0,autumn,train
4946811,556 Nguyễn Văn Cừ,21.0491,105.8831,2024-10-31 00:00:00+00:00,25.125,3.2418794870716052,21.4,30.0,77.95833333333333,15.554893446916553,53.0,96.0,20.6375,6.516666666666667,9.5,22.7,-0.24167595780681658,-3.7070943787793538,1010.2958333333332,1009.1291666666666,0.0,0.0,0.125,327.5,20.0,1095.0,1911.1708333333333,0.0,0,3,305,10,2024,0,autumn,train
4946811,556 Nguyễn Văn Cừ,21.0491,105.8831,2024-11-01 00:00:00+00:00,25.349999999999998,3.8430060697550186,20.0,31.0,51.75,12.30853362509117,36.0,80.0,14.299999999999999,10.783333333333333,16.3,31.3,-5.962347438837618,-7.906765043097599,1014.3958333333334,1013.2291666666666,0.0,0.0,26.375,580.0,90.0,1485.0,1279.4958333333334,0.0,0,4,306,11,2024,0,autumn,train
4946811,556 Nguyễn Văn Cừ,21.0491,105.8831,2024-11-02 00:00:00+00:00,23.71666666666667,3.3622801097219543,19.2,29.1,59.75,17.167335008799352,36.0,89.0,14.804166666666667,9.799999999999999,18.5,35.6,-3.8036926033109757,-6.021702834651783,1017.4666666666667,1016.2833333333333,0.0,0.0,17.166666666666668,567.9166666666666,15.0,1705.0,1366.0916666666665,0.0,0,5,307,11,2024,1,autumn,train
4946811,556 Nguyễn Văn Cừ,21.0491,105.8831,2024-11-03 00:00:00+00:00,24.504166666666666,2.0937752810500543,22.0,28.2,61.666666666666664,8.937788203521857,48.0,76.0,16.474999999999998,9.112499999999999,13.4,28.1,1.1795948610400697,-7.8236162270167915,1016.8541666666666,1015.6625,0.0,0.0,74.70833333333333,447.2916666666667,35.0,1410.0,1495.6041666666667,0.0,0,6,308,11,2024,1,autumn,train
4946811,556 Nguyễn Văn Cừ,21.0491,105.8831,2024-11-04 00:00:00+00:00,24.400000000000002,1.607590689848308,22.4,27.3,66.04166666666667,8.259272347497994,53.0,79.0,17.537499999999998,11.195833333333333,16.6,32.0,-1.5176880191635804,-10.60338504195355,1017.8291666666668,1016.6291666666666,0.1,0.1,97.54166666666667,595.0,240.0,1095.0,1600.0249999999999,0.9400000000000001,0,0,309,11,2024,0,autumn,train
4946811,556 Nguyễn Văn Cừ,21.0491,105.8831,2024-11-05 00:00:00+00:00,23.304166666666664,1.9970585253374982,21.0,27.0,73.83333333333333,12.373417041196106,52.0,91.0,18.154166666666665,8.229166666666666,13.2,26.6,2.482233747399247,-6.646915225779175,1019.0208333333334,1017.8208333333333,0.1,0.1,98.04166666666667,461.4583333333333,20.0,1375.0,1701.1499999999999,0.86,0,1,310,11,2024,0,autumn,train
4946811,556 Nguyễn Văn Cừ,21.0491,105.8831,2024-11-06 00:00:00+00:00,23.166666666666668,2.4478325224514457,20.0,27.0,67.45833333333333,11.872434886952528,51.0,86.0,16.583333333333332,8.291666666666666,13.0,26.6,1.701114761811217,-6.507623789957159,1019.3083333333334,1018.1083333333332,0.0,0.0,68.20833333333333,335.4166666666667,45.0,1040.0,1538.2375,0.0,0,2,311,11,2024,0,autumn,train
4946811,556 Nguyễn Văn Cừ,21.0491,105.8831,2024-11-07 00:00:00+00:00,22.900000000000002,3.8885562314588427,17.6,28.6,68.375,18.346454461403383,42.0,94.0,16.166666666666668,8.545833333333333,14.6,29.2,-3.9942999542295117,-2.243388116909276,1019.1,1017.9,0.0,0.0,23.708333333333332,535.4166666666666,30.0,2040.0,1498.625,0.0,0,3,312,11,2024,0,autumn,train
4946811,556 Nguyễn Văn Cừ,21.0491,105.8831,2024-11-08 00:00:00+00:00,22.416666666666668,3.944249161662504,16.3,28.1,69.04166666666667,18.846010226285973,42.0,97.0,15.804166666666667,6.229166666666667,11.0,24.5,-1.5522611992602513,-0.9046308943314377,1016.9291666666667,1015.7291666666666,0.0,0.0,2.0,518.125,10.0,1780.0,1476.9041666666665,0.0,0,4,313,11,2024,0,autumn,train
4946811,556 Nguyễn Văn Cừ,21.0491,105.8831,2024-11-09 00:00:00+00:00,22.620833333333334,3.9967355338496224,17.7,28.7,70.79166666666667,18.756979377349616,39.0,94.0,16.383333333333333,5.429166666666667,7.5,18.4,0.07904248558218395,-2.2614851121258974,1015.3333333333334,1014.15,0.0,0.0,0.4583333333333333,346.25,30.0,1275.0,1530.0625,0.0,0,5,314,11,2024,1,autumn,train
4946811,556 Nguyễn Văn Cừ,21.0491,105.8831,2024-11-10 00:00:00+00:00,23.829166666666666,3.6394551869711234,19.4,29.6,65.95833333333333,17.753087096313006,40.0,90.0,16.445833333333333,6.966666666666666,12.4,26.3,1.0514892430621774,-3.326026478790446,1015.0375,1013.8583333333332,0.0,0.0,10.208333333333334,316.25,20.0,1240.0,1511.5833333333333,0.0,0,6,315,11,2024,1,autumn,train
4946811,556 Nguyễn Văn Cừ,21.0491,105.8831,2024-11-11 00:00:00+00:00,25.1875,3.5617915008675305,20.5,31.1,72.70833333333333,17.421823312622358,47.0,96.0,19.429166666666667,6.433333333333334,9.0,20.9,-1.0065410299532322,0.2721649750967374,1013.8958333333334,1012.725,0.0,0.0,42.083333333333336,402.2916666666667,20.0,1775.0,1774.1875,0.0,0,0,316,11,2024,0,autumn,train
4946811,556 Nguyễn Văn Cừ,21.0491,105.8831,2024-11-12 00:00:00+00:00,25.879166666666666,3.500928965744434,21.1,31.2,74.08333333333333,17.212019730072523,49.0,99.0,20.4375,6.491666666666666,12.6,24.1,-2.9314382993816595,4.762678152330758,1011.8416666666667,1010.6750000000001,0.0,0.0,28.083333333333332,507.0833333333333,40.0,1700.0,1859.8333333333333,0.0,0,1,317,11,2024,0,autumn,train
4946811,556 Nguyễn Văn Cừ,21.0491,105.8831,2024-11-13 00:00:00+00:00,26.108333333333334,3.2630895824645108,22.0,31.6,77.75,18.017503566882088,48.0,100.0,21.416666666666668,8.391666666666667,16.2,35.3,-5.686586947192176,5.734205996126112,1010.7416666666667,1009.5791666666668,0.0,0.0,49.875,510.8333333333333,75.0,1675.0,1973.8,0.0,0,2,318,11,2024,0,autumn,train
4946811,556 Nguyễn Văn Cừ,21.0491,105.8831,2024-11-14 00:00:00+00:00,27.129166666666666,3.13083947162761,22.9,32.2,76.83333333333333,18.443018395485907,49.0,99.0,22.166666666666668,6.891666666666667,13.9,28.4,-2.2479381829736664,5.789553929055654,1010.0875,1008.9333333333334,0.1,0.1,30.0,574.5833333333334,75.0,1650.0,2029.375,0.61,0,3,319,11,2024,0,autumn,train
4946811,556 Nguyễn Văn Cừ,21.0491,105.8831,2024-11-15 00:00:00+00:00,27.445833333333336,2.871142654924608,24.2,32.1,77.45833333333333,17.695440745808124,52.0,98.0,22.691666666666666,8.2125,14.9,29.2,-3.3097371494348296,6.969999696052372,1009.4416666666666,1008.2916666666666,0.1,0.1,39.916666666666664,563.75,195.0,1395.0,2077.6875,0.65,0,4,320,11,2024,0,autumn,train
4946811,556 Nguyễn Văn Cừ,21.0491,105.8831,2024-11-16 00:00:00+00:00,26.900000000000002,3.403834155261054,22.7,32.1,78.75,18.489127239730834,50.0,100.0,22.358333333333334,6.5,13.8,28.1,-4.330917485691294,3.324999792453669,1011.3291666666668,1010.1750000000001,0.6000000000000001,0.6000000000000001,35.208333333333336,523.125,50.0,1375.0,2058.2791666666667,3.02,0,5,321,11,2024,1,autumn,train
4946811,556 Nguyễn Văn Cừ,21.0491,105.8831,2024-11-17 00:00:00+00:00,26.891666666666666,3.2442479756541793,22.2,31.7,70.70833333333333,18.6185488779024,44.0,97.0,20.529166666666665,5.454166666666667,9.7,18.7,-4.248415107079665,0.9296483660488821,1014.2208333333333,1013.0583333333334,0.6000000000000001,0.6000000000000001,22.083333333333332,547.7083333333334,60.0,1580.0,1844.5916666666665,4.66,0,6,322,11,2024,1,autumn,train
4946811,556 Nguyễn Văn Cừ,21.0491,105.8831,2024-11-18 00:00:00+00:00,23.695833333333336,1.9047946749251436,21.2,28.5,82.33333333333333,9.318829310065984,62.0,94.0,20.395833333333332,7.195833333333333,14.9,36.4,-1.079723140087091,-5.277647418697538,1016.7875,1015.5916666666667,7.0,7.0,46.541666666666664,304.1666666666667,50.0,1015.0,1941.9458333333332,55.0,0,0,323,11,2024,0,autumn,train
4946811,556 Nguyễn Văn Cừ,21.0491,105.8831,2024-11-19 00:00:00+00:00,24.84583333333333,3.4950871316708247,19.8,30.3,62.0,14.841188280094602,41.0,85.0,16.591666666666665,8.958333333333334,13.4,29.5,-6.099734486530516,-3.3431739434864887,1017.4958333333334,1016.3125,0.0,0.0,19.791666666666668,648.9583333333334,80.0,1915.0,1495.2583333333332,0.0,0,1,324,11,2024,0,autumn,train
4946811,556 Nguyễn Văn Cừ,21.0491,105.8831,2024-11-20 00:00:00+00:00,23.125,3.372168699684292,18.0,28.3,55.125,11.214557697378266,38.0,71.0,13.291666666666666,10.141666666666667,16.5,35.6,-7.5261130472052,-5.857239584985137,1018.1333333333333,1016.9333333333334,0.0,0.0,2.2916666666666665,675.625,45.0,1625.0,1239.0291666666667,0.0,0,2,325,11,2024,0,autumn,train
4946811,556 Nguyễn Văn Cừ,21.0491,105.8831,2024-11-21 00:00:00+00:00,22.75,2.718215527174753,18.4,27.3,55.375,9.903062767341883,40.0,69.0,13.091666666666667,8.195833333333333,13.9,29.9,-4.071587342178596,-6.045433339471255,1018.0583333333334,1016.8583333333332,0.0,0.0,33.625,605.2083333333334,35.0,1570.0,1234.8791666666666,0.0,0,3,326,11,2024,0,autumn,train
4946811,556 Nguyễn Văn Cừ,21.0491,105.8831,2024-11-22 00:00:00+00:00,22.55,2.2554282346683387,19.8,26.4,56.916666666666664,11.428099110322869,41.0,78.0,13.279166666666667,9.049999999999999,15.9,33.1,-5.963060353877194,-5.273645405213059,1018.5166666666668,1017.3166666666666,0.0,0.0,67.70833333333333,573.9583333333334,100.0,1555.0,1261.5375000000001,0.0,0,4,327,11,2024,0,autumn,train
4946811,556 Nguyễn Văn Cừ,21.0491,105.8831,2024-11-23 00:00:00+00:00,21.787499999999998,2.916715320505168,17.5,26.4,66.5,17.290359213710126,45.0,92.0,14.708333333333334,7.570833333333333,12.3,27.4,-4.89512800102049,0.06506559931204807,1018.3458333333333,1017.1458333333334,0.0,0.0,32.041666666666664,528.3333333333334,60.0,1625.0,1402.5833333333333,0.0,0,5,328,11,2024,1,autumn,train
4946811,556 Nguyễn Văn Cừ,21.0491,105.8831,2024-11-24 00:00:00+00:00,22.525000000000002,2.5541526289894887,18.4,26.0,75.95833333333333,13.769781554475403,56.0,95.0,17.791666666666668,5.741666666666667,8.6,19.8,-3.4205807609964958,1.8530328868653256,1017.0833333333334,1015.8833333333333,0.1,0.1,65.45833333333333,459.375,20.0,1205.0,1679.4333333333334,0.54,0,6,329,11,2024,1,autumn,train
4946811,556 Nguyễn Văn Cừ,21.0491,105.8831,2024-11-25 00:00:00+00:00,23.90416666666667,3.2333155908672033,19.2,29.0,72.16666666666667,13.37312901718012,53.0,93.0,18.275000000000002,9.85,20.9,40.3,-6.5853667800665505,-4.5821287311192185,1017.3666666666667,1016.1833333333334,1.1,1.1,63.666666666666664,633.75,90.0,1300.0,1701.3166666666666,15.540000000000001,0,0,330,11,2024,0,autumn,train
4946811,556 Nguyễn Văn Cừ,21.0491,105.8831,2024-11-26 00:00:00+00:00,19.504166666666666,1.3633332447468147,17.7,21.6,65.70833333333333,7.793415094846401,56.0,80.0,12.791666666666666,10.825000000000001,18.2,36.7,-0.8929729591907672,-10.273316409062113,1019.6916666666666,1018.4916666666667,0.0,0.0,97.5,478.3333333333333,95.0,915.0,1272.8791666666666,0.0,0,1,331,11,2024,0,autumn,train
4946811,556 Nguyễn Văn Cừ,21.0491,105.8831,2024-11-27 00:00:00+00:00,19.683333333333334,1.972124580831252,16.4,23.8,52.291666666666664,6.188904283625986,38.0,62.0,9.5,12.916666666666666,18.0,36.7,-2.426810060917456,-12.321125701300138,1022.0083333333333,1020.8083333333334,0.0,0.0,98.375,728.75,390.0,1540.0,1019.0416666666666,0.0,0,2,332,11,2024,0,autumn,train
4946811,556 Nguyễn Văn Cừ,21.0491,105.8831,2024-11-28 00:00:00+00:00,19.154166666666665,3.242513674225019,14.6,24.1,51.208333333333336,11.639435092622076,35.0,67.0,8.366666666666667,10.366666666666667,14.3,31.3,-0.6992360215616288,-10.11627326765185,1023.5708333333333,1022.3708333333334,0.0,0.0,42.541666666666664,627.2916666666666,130.0,1665.0,945.125,0.0,0,3,333,11,2024,0,autumn,train
4946811,556 Nguyễn Văn Cừ,21.0491,105.8831,2024-11-29 00:00:00+00:00,19.037499999999998,3.656776021246752,13.7,24.5,57.75,17.671519705323934,34.0,87.0,9.762500000000001,5.354166666666667,10.5,26.3,-1.2607185983618245,-0.14579980815555002,1019.7041666666665,1018.5041666666666,0.0,0.0,13.625,493.75,35.0,1630.0,1038.2625,0.0,0,4,334,11,2024,0,autumn,train
4946811,556 Nguyễn Văn Cừ,21.0491,105.8831,2024-11-30 00:00:00+00:00,19.670833333333334,3.816722833584566,14.1,25.2,68.20833333333333,18.754661256353835,43.0,97.0,13.029166666666667,4.391666666666667,11.1,20.9,-2.0370595708070947,1.4218869429486356,1015.6583333333333,1014.4583333333334,0.0,0.0,80.29166666666667,439.1666666666667,15.0,1510.0,1274.7250000000001,0.0,0,5,335,11,2024,1,autumn,train
4946811,556 Nguyễn Văn Cừ,21.0491,105.8831,2024-12-01 00:00:00+00:00,21.46666666666667,3.209180671091946,15.1,27.0,71.16666666666667,17.031088368465856,43.0,95.0,15.529166666666667,7.925,15.4,29.9,-5.210901716338451,3.6969627541106127,1012.6666666666666,1011.475,0.0,0.0,85.79166666666667,558.3333333333334,45.0,1735.0,1476.9583333333333,0.0,0,6,336,12,2024,1,winter,train
4946811,556 Nguyễn Văn Cừ,21.0491,105.8831,2024-12-02 00:00:00+00:00,22.233333333333334,2.561023346186081,18.8,26.2,80.75,15.334672279284067,58.0,99.0,18.445833333333333,6.658333333333334,13.1,24.8,-4.444840631924731,3.823479011779139,1013.4625,1012.2624999999999,0.0,0.0,71.95833333333333,440.8333333333333,80.0,1150.0,1758.9624999999999,0.0,0,0,337,12,2024,0,winter,train
4946811,556 Nguyễn Văn Cừ,21.0491,105.8831,2024-12-03 00:00:00+00:00,22.59583333333333,2.1012375580505704,19.8,25.6,83.54166666666667,12.638722990895085,65.0,99.0,19.483333333333334,9.216666666666667,12.1,25.6,-7.494019971210864,4.843994423106304,1013.9708333333333,1012.7708333333334,0.2,0.2,77.33333333333333,453.125,125.0,920.0,1862.3208333333332,2.1399999999999997,0,1,338,12,2024,0,winter,train
4946811,556 Nguyễn Văn Cừ,21.0491,105.8831,2024-12-04 00:00:00+00:00,22.8125,3.1798704512851668,18.9,27.5,75.41666666666667,17.692829956907907,50.0,96.0,17.745833333333334,10.225,16.3,33.8,-8.147412466092552,5.857258141495758,1014.3249999999999,1013.125,0.1,0.1,54.541666666666664,581.6666666666666,70.0,1430.0,1668.8458333333335,1.3800000000000001,0,2,339,12,2024,0,winter,train
4946811,556 Nguyễn Văn Cừ,21.0491,105.8831,2024-12-05 00:00:00+00:00,23.120833333333334,3.0358695003554406,19.4,27.8,73.54166666666667,17.034438688999277,48.0,96.0,17.662499999999998,8.604166666666666,15.0,29.5,-6.687413775903409,4.009725560034174,1014.0875,1012.8916666666668,0.2,0.2,57.625,619.1666666666666,75.0,1565.0,1651.25,1.4200000000000002,0,3,340,12,2024,0,winter,train
4946811,556 Nguyễn Văn Cừ,21.0491,105.8831,2024-12-06 00:00:00+00:00,20.8125,1.7124385104796942,18.8,24.0,81.33333333333333,8.726106092423578,70.0,95.0,17.4375,12.633333333333333,18.0,36.7,-9.360445474280302,-5.350366270425777,1014.8583333333332,1013.6583333333333,5.7,5.7,96.0,409.1666666666667,195.0,730.0,1690.8333333333333,67.22,0,4,341,12,2024,0,winter,train
4946811,556 Nguyễn Văn Cừ,21.0491,105.8831,2024-12-07 00:00:00+00:00,18.270833333333332,2.01224062150643,14.9,20.8,68.0,4.413418274938971,61.0,76.0,12.233333333333334,13.570833333333333,16.5,32.0,-4.247781660613282,-12.72500113298742,1019.5583333333334,1018.3583333333332,0.6000000000000001,0.6000000000000001,100.0,636.6666666666666,395.0,785.0,1235.1583333333333,7.590000000000001,0,5,342,12,2024,1,winter,train
4946811,556 Nguyễn Văn Cừ,21.0491,105.8831,2024-12-08 00:00:00+00:00,16.45,1.738565125513616,13.9,19.2,65.58333333333333,9.183712741051131,52.0,81.0,9.875,7.704166666666667,13.5,28.8,-0.7289499442426682,-7.37879462683381,1020.8625000000001,1019.6625,0.0,0.0,84.25,381.6666666666667,60.0,730.0,1064.3583333333333,0.0,0,6,343,12,2024,1,winter,train
4946811,556 Nguyễn Văn Cừ,21.0491,105.8831,2024-12-09 00:00:00+00:00,18.712500000000002,1.746378239821412,15.4,21.7,72.58333333333333,12.833098059202287,55.0,88.0,13.475,4.6000000000000005,10.0,18.4,-2.0249377420930545,-1.1744677853920553,1016.7291666666666,1015.5291666666667,0.1,0.1,88.875,287.0833333333333,10.0,915.0,1344.0958333333333,0.29,0,0,344,12,2024,0,winter,train
4946811,556 Nguyễn Văn Cừ,21.0491,105.8831,2024-12-10 00:00:00+00:00,21.295833333333334,2.3633946047943457,18.0,25.4,84.0,13.730321887357011,63.0,99.0,18.279166666666665,6.745833333333334,11.1,24.8,-4.073041264718466,1.8546640558301182,1013.6458333333334,1012.4458333333333,1.3,1.3,85.33333333333333,355.2083333333333,60.0,1055.0,1762.2250000000001,6.8500000000000005,0,1,345,12,2024,0,winter,train
4946811,556 Nguyễn Văn Cừ,21.0491,105.8831,2024-12-11 00:00:00+00:00,18.166666666666668,2.660609061795839,14.5,23.5,68.91666666666667,12.377808567251973,52.0,98.0,12.191666666666668,13.308333333333332,19.8,47.5,-5.186562500511598,-11.704287762482332,1017.2125,1016.0124999999999,2.1,2.1,98.91666666666667,493.125,100.0,740.0,1250.9958333333334,32.44,0,2,346,12,2024,0,winter,train
4946811,556 Nguyễn Văn Cừ,21.0491,105.8831,2024-12-12 00:00:00+00:00,16.2625,1.2665641644262238,14.2,18.1,68.75,2.690563218878641,64.0,73.0,10.483333333333333,11.758333333333333,16.7,32.8,-2.5424346703313176,-11.137840614678304,1019.2125,1018.0124999999999,0.1,0.1,100.0,446.875,280.0,610.0,1115.925,1.22,0,3,347,12,2024,0,winter,train
4946811,556 Nguyễn Văn Cừ,21.0491,105.8831,2024-12-13 00:00:00+00:00,15.895833333333334,1.4795649086270553,12.9,18.0,58.833333333333336,6.140858647415376,51.0,74.0,7.766666666666667,12.870833333333332,16.8,34.6,-2.6007152924689083,-12.38639317299743,1022.5333333333333,1021.3333333333334,0.5,0.5,100.0,661.25,270.0,845.0,928.1,8.19,0,4,348,12,2024,0,winter,train
4946811,556 Nguyễn Văn Cừ,21.0491,105.8831,2024-12-14 00:00:00+00:00,14.700000000000001,0.687781562896876,12.8,15.8,55.208333333333336,7.040128251466834,44.0,64.0,5.695833333333333,10.629166666666666,18.9,37.4,-3.972630776659017,-9.683339683406968,1026.8166666666666,1025.6166666666666,0.1,0.1,99.95833333333333,662.7083333333334,95.0,1025.0,808.8249999999999,1.75,0,5,349,12,2024,1,winter,train
4946811,556 Nguyễn Văn Cừ,21.0491,105.8831,2024-12-15 00:00:00+00:00,13.799999999999999,0.7907068934215424,12.6,15.4,61.833333333333336,16.83078614678592,36.0,82.0,6.066666666666666,8.133333333333333,14.2,30.6,1.4159341443577345,-7.121545391535342,1026.1416666666667,1024.9416666666666,0.1,0.1,100.0,493.3333333333333,170.0,1025.0,845.4833333333332,0.49000000000000005,0,6,350,12,2024,1,winter,train
4946811,556 Nguyễn Văn Cừ,21.0491,105.8831,2024-12-16 00:00:00+00:00,14.700000000000001,3.312033396176933,9.4,19.7,64.75,18.580611680856542,37.0,92.0,7.441666666666666,4.645833333333333,6.9,18.7,0.0651092413134821,0.13211668289044642,1022.0708333333333,1020.8708333333334,0.0,0.0,36.541666666666664,381.875,30.0,1125.0,894.2041666666668,0.0,0,0,351,12,2024,0,winter,train
4946811,556 Nguyễn Văn Cừ,21.0491,105.8831,2024-12-17 00:00:00+00:00,17.662499999999998,3.3113523442584722,9.9,22.8,60.833333333333336,12.397989551840096,47.0,92.0,9.7125,6.329166666666667,13.4,24.5,-2.540131639322024,-3.9624701689782618,1020.5500000000001,1019.35,0.0,0.0,60.708333333333336,438.3333333333333,35.0,1535.0,1042.8833333333334,0.0,0,1,352,12,2024,0,winter,train
4946811,556 Nguyễn Văn Cừ,21.0491,105.8831,2024-12-18 00:00:00+00:00,17.841666666666665,3.6240640970752924,12.9,23.4,55.458333333333336,14.083537002214811,37.0,79.0,8.304166666666667,7.5249999999999995,14.8,33.1,-1.7991505204209097,-6.705235539040828,1021.0541666666667,1019.8541666666666,0.0,0.0,40.791666666666664,440.0,10.0,1655.0,946.3958333333334,0.0,0,2,353,12,2024,0,winter,train
4946811,556 Nguyễn Văn Cừ,21.0491,105.8831,2024-12-19 00:00:00+00:00,16.3125,4.057340368956645,10.6,22.4,56.333333333333336,17.43227059137778,33.0,87.0,6.808333333333334,6.870833333333334,12.8,28.8,-3.610232355126414,-4.0821272270210525,1021.2958333333332,1020.0958333333333,0.0,0.0,21.958333333333332,377.5,15.0,1290.0,855.1583333333333,0.0,0,3,354,12,2024,0,winter,train
4946811,556 Nguyễn Văn Cừ,21.0491,105.8831,2024-12-20 00:00:00+00:00,16.495833333333334,3.7929544715417305,10.8,23.1,61.541666666666664,17.822748450192538,37.0,85.0,8.35,8.058333333333334,18.8,36.4,-4.630318476340499,1.8372951703498177,1019.0666666666666,1017.8666666666667,0.0,0.0,21.916666666666668,530.625,70.0,1805.0,959.3416666666667,0.0,0,4,355,12,2024,0,winter,train
4946811,556 Nguyễn Văn Cừ,21.0491,105.8831,2024-12-21 00:00:00+00:00,16.345833333333335,3.1500143776989553,12.4,21.3,60.625,13.915310616914637,40.0,81.0,8.279166666666667,6.516666666666667,11.2,21.6,0.35394154463783806,-5.602707010058829,1020.8916666666668,1019.6916666666666,0.0,0.0,66.875,364.375,40.0,1300.0,952.4375,0.0,0,5,356,12,2024,1,winter,train
4946811,556 Nguyễn Văn Cừ,21.0491,105.8831,2024-12-22 00:00:00+00:00,16.191666666666666,3.7653935260205023,11.0,21.9,61.541666666666664,18.52842508773706,36.0,90.0,8.075000000000001,6.645833333333333,12.9,29.2,-3.8732397852832734,-1.9057271186073388,1019.8958333333334,1018.6958333333333,0.0,0.0,74.25,450.8333333333333,20.0,1560.0,931.3083333333334,0.0,0,6,357,12,2024,1,winter,train
4946811,556 Nguyễn Văn Cừ,21.0491,105.8831,2024-12-23 00:00:00+00:00,16.7625,3.3638503430495796,11.2,22.2,57.708333333333336,12.135034320965659,39.0,85.0,8.025,7.8374999999999995,11.1,24.8,-3.751559510736426,-6.432776652608298,1020.3166666666666,1019.1166666666667,0.0,0.0,70.875,448.75,40.0,1390.0,931.2958333333332,0.0,0,0,358,12,2024,0,winter,train
4946811,556 Nguyễn Văn Cừ,21.0491,105.8831,2024-12-24 00:00:00+00:00,17.5625,2.735723813291227,12.8,22.0,56.666666666666664,15.290425155935836,38.0,85.0,8.325000000000001,6.4875,14.5,31.3,-2.292289130167116,-3.1563806708191007,1021.0,1019.8000000000001,0.0,0.0,59.791666666666664,415.0,10.0,1345.0,960.4,0.0,0,1,359,12,2024,0,winter,train
4946811,556 Nguyễn Văn Cừ,21.0491,105.8831,2024-12-25 00:00:00+00:00,19.341666666666665,3.0472962594328807,12.8,24.1,58.25,12.26961606004318,40.0,82.0,10.5875,5.408333333333334,9.6,19.8,-3.1900911708171704,0.0332001598527201,1020.4583333333334,1019.2583333333333,0.0,0.0,73.79166666666667,431.0416666666667,15.0,1340.0,1091.5833333333333,0.0,0,2,360,12,2024,0,winter,train
4946811,556 Nguyễn Văn Cừ,21.0491,105.8831,2024-12-26 00:00:00+00:00,19.891666666666666,2.254255235475048,15.9,23.1,55.791666666666664,7.077085906468585,47.0,71.0,10.670833333333334,9.858333333333333,12.6,28.4,-4.032482631467992,-7.929838008373711,1022.3791666666666,1021.1791666666667,0.4,0.4,98.70833333333333,591.4583333333334,185.0,1175.0,1095.5249999999999,4.61,0,3,361,12,2024,0,winter,train
4946811,556 Nguyễn Văn Cừ,21.0491,105.8831,2024-12-27 00:00:00+00:00,17.0375,1.303110826479064,15.6,19.4,64.58333333333333,7.162199484046459,56.0,77.0,10.262500000000001,12.604166666666666,16.4,31.3,-3.776293443898913,-11.918040181204793,1025.825,1024.625,0.5,0.5,100.0,765.625,450.0,1035.0,1094.5166666666667,6.140000000000001,0,4,362,12,2024,0,winter,train
4946811,556 Nguyễn Văn Cừ,21.0491,105.8831,2024-12-28 00:00:00+00:00,16.283333333333335,3.5559706883257447,10.8,21.5,55.666666666666664,15.460093555784946,35.0,85.0,6.808333333333334,8.579166666666667,15.3,32.8,-3.7721014613868515,-6.239336096785596,1024.8416666666667,1023.6416666666668,0.0,0.0,15.666666666666666,552.2916666666666,50.0,1315.0,856.7708333333334,0.0,0,5,363,12,2024,1,winter,train
4946811,556 Nguyễn Văn Cừ,21.0491,105.8831,2024-12-29 00:00:00+00:00,16.516666666666666,3.7258983937541434,10.9,23.1,68.125,21.88172256950297,40.0,96.0,9.779166666666667,8.529166666666667,16.5,32.4,-5.898614314090022,3.776932747036603,1020.2916666666666,1019.0916666666667,0.0,0.0,22.375,538.9583333333334,50.0,1825.0,1056.8291666666667,0.0,0,6,364,12,2024,1,winter,train
4946811,556 Nguyễn Văn Cừ,21.0491,105.8831,2024-12-30 00:00:00+00:00,18.508333333333333,2.504069152168242,12.1,22.1,68.91666666666667,10.06896508937311,55.0,94.0,12.529166666666667,6.066666666666666,12.2,23.4,-1.6416014281745122,-5.2887959459328515,1020.9375,1019.7375000000001,0.0,0.0,90.79166666666667,471.0416666666667,70.0,1190.0,1253.675,0.0,0,0,365,12,2024,0,winter,train
4946811,556 Nguyễn Văn Cừ,21.0491,105.8831,2024-12-31 00:00:00+00:00,16.974999999999998,3.348490899546812,12.4,22.0,72.41666666666667,19.46885286512942,47.0,97.0,11.4125,7.133333333333333,11.8,27.0,1.5121633169080615,-5.777565064473241,1019.9125,1018.7125,0.0,0.0,28.333333333333332,378.9583333333333,45.0,990.0,1167.9333333333334,0.0,0,1,366,12,2024,0,winter,train
4946811,556 Nguyễn Văn Cừ,21.0491,105.8831,2025-01-01 00:00:00+00:00,17.858333333333334,4.0086771825158465,12.6,24.1,72.04166666666667,18.990796779462432,44.0,97.0,12.158333333333333,4.870833333333333,10.7,23.0,-2.4847028369535566,0.3570263356131489,1017.1125000000001,1015.9125,0.0,0.0,4.25,400.2083333333333,30.0,1385.0,1213.8666666666666,0.0,0,2,1,1,2025,0,winter,train
4946811,556 Nguyễn Văn Cừ,21.0491,105.8831,2025-01-02 00:00:00+00:00,18.816666666666666,4.0600563999795,12.9,25.0,68.45833333333333,19.233076505958635,42.0,95.0,12.225,4.820833333333334,10.9,22.0,-1.838821923674522,-1.1831552927964994,1019.2166666666667,1018.0166666666668,0.0,0.0,21.083333333333332,453.5416666666667,10.0,1770.0,1213.6000000000001,0.0,0,3,2,1,2025,0,winter,train
4946811,556 Nguyễn Văn Cừ,21.0491,105.8831,2025-01-03 00:00:00+00:00,19.245833333333334,4.204653650283288,12.9,25.4,61.458333333333336,19.17647827002079,35.0,91.0,10.841666666666667,7.270833333333333,12.1,29.5,-3.396486362109705,-0.6967919485695283,1019.4250000000001,1018.225,0.0,0.0,13.208333333333334,515.8333333333334,10.0,1860.0,1107.1166666666666,0.0,0,4,3,1,2025,0,winter,train
4946811,556 Nguyễn Văn Cừ,21.0491,105.8831,2025-01-04 00:00:00+00:00,18.116666666666667,3.8960031544789784,12.6,24.0,69.41666666666667,17.832351320652826,43.0,95.0,11.891666666666666,7.0,15.1,28.8,-4.373728182105881,1.493613948994077,1019.8625000000001,1018.6625,0.0,0.0,38.875,528.125,25.0,1795.0,1192.4333333333334,0.0,0,5,4,1,2025,1,winter,train
4946811,556 Nguyễn Văn Cừ,21.0491,105.8831,2025-01-05 00:00:00+00:00,18.691666666666666,4.098983613856814,12.5,24.5,61.791666666666664,20.650253533903463,36.0,96.0,10.320833333333333,6.329166666666667,10.1,26.3,-1.7307387491495165,-1.3224233612392604,1019.2333333333332,1018.0333333333333,0.0,0.0,3.2083333333333335,533.9583333333334,30.0,1900.0,1075.9291666666666,0.0,0,6,5,1,2025,1,winter,train
4946811,556 Nguyễn Văn Cừ,21.0491,105.8831,2025-01-06 00:00:00+00:00,17.974999999999998,4.1435387102666565,12.4,24.1,69.29166666666667,24.79038938373299,37.0,99.0,11.208333333333334,5.8500000000000005,12.2,23.0,-4.797168595966539,2.011414038439153,1017.5583333333334,1016.3583333333332,0.0,0.0,2.5416666666666665,460.625,35.0,1580.0,1148.0333333333333,0.0,0,0,6,1,2025,0,winter,train
4946811,556 Nguyễn Văn Cừ,21.0491,105.8831,2025-01-07 00:00:00+00:00,18.270833333333332,3.4063213827116825,12.5,23.6,79.41666666666667,19.280349687128894,50.0,100.0,14.133333333333333,6.445833333333333,13.3,29.2,-4.56226480828709,2.565474820684494,1017.2833333333333,1016.0833333333334,0.0,0.0,37.791666666666664,442.5,20.0,1475.0,1392.2541666666666,0.0,0,1,7,1,2025,0,winter,train
4946811,556 Nguyễn Văn Cừ,21.0491,105.8831,2025-01-08 00:00:00+00:00,19.308333333333334,2.8814121940264066,14.3,23.8,70.75,12.452518515999254,56.0,99.0,13.620833333333332,8.512500000000001,14.0,29.2,-5.7706679549201345,1.173009839048597,1018.5416666666666,1017.3416666666667,0.7,0.7,71.33333333333333,480.0,30.0,1140.0,1342.0375000000001,7.550000000000001,0,2,8,1,2025,0,winter,train
4946811,556 Nguyễn Văn Cừ,21.0491,105.8831,2025-01-09 00:00:00+00:00,17.920833333333334,3.0228088243231346,13.6,22.8,52.125,4.945903003672747,43.0,59.0,7.8875,15.295833333333334,21.2,41.8,-7.766274738152347,-12.937061075081646,1023.5708333333333,1022.3708333333334,0.0,0.0,97.75,735.8333333333334,310.0,1430.0,920.9958333333334,0.0,0,3,9,1,2025,0,winter,train
4946811,556 Nguyễn Văn Cừ,21.0491,105.8831,2025-01-10 00:00:00+00:00,15.608333333333334,1.7864019379909932,13.4,18.9,44.875,5.101683439125118,37.0,56.0,3.595833333333333,12.779166666666667,17.5,34.2,-5.929096046440621,-11.181576409924682,1028.5916666666667,1027.3916666666667,0.0,0.0,79.16666666666667,749.5833333333334,150.0,1110.0,694.4083333333333,0.0,0,4,10,1,2025,0,winter,train
4946811,556 Nguyễn Văn Cừ,21.0491,105.8831,2025-01-11 00:00:00+00:00,13.6875,3.090562422433256,9.1,18.2,50.416666666666664,14.881902247117251,32.0,74.0,2.9,10.016666666666667,18.2,38.2,-0.8000695447480656,-9.59393475085238,1030.1291666666666,1028.9291666666666,0.0,0.0,37.041666666666664,630.0,50.0,1620.0,649.725,0.0,0,5,11,1,2025,1,winter,train
4946811,556 Nguyễn Văn Cừ,21.0491,105.8831,2025-01-12 00:00:00+00:00,13.908333333333333,4.2072315245835075,7.3,19.9,51.25,21.766048551935587,26.0,89.0,2.65,6.1375,11.5,29.2,-3.5088104342394195,-0.8380150082905149,1024.95,1023.75,0.0,0.0,17.583333333333332,484.375,10.0,1565.0,626.9458333333333,0.0,0,6,12,1,2025,1,winter,train
4946811,556 Nguyễn Văn Cừ,21.0491,105.8831,2025-01-13 00:00:00+00:00,15.291666666666666,4.227335132070862,7.6,21.0,65.58333333333333,23.55182383165052,38.0,99.0,7.883333333333333,6.091666666666666,12.6,23.4,-3.714613824102116,2.1282926879606787,1020.9625,1019.7624999999999,0.0,0.0,2.9166666666666665,527.5,15.0,1630.0,914.1833333333334,0.0,0,0,13,1,2025,0,winter,train
4946811,556 Nguyễn Văn Cừ,21.0491,105.8831,2025-01-14 00:00:00+00:00,18.675,2.9773419718586753,10.2,23.0,67.16666666666667,12.913311859798236,48.0,96.0,12.1625,7.666666666666667,14.6,27.4,-3.569160974438251,-1.9963856335473367,1021.9625,1020.7624999999999,0.30000000000000004,0.30000000000000004,70.79166666666667,484.1666666666667,25.0,1260.0,1220.3166666666666,4.16,0,1,14,1,2025,0,winter,train
4946811,556 Nguyễn Văn Cừ,21.0491,105.8831,2025-01-15 00:00:00+00:00,18.287499999999998,2.944015669263594,14.3,22.7,50.125,12.0877678019882,34.0,73.0,7.266666666666667,10.75,18.2,38.9,-6.203893010769011,-6.743592800943714,1025.1666666666667,1023.9666666666667,0.0,0.0,67.70833333333333,608.75,100.0,1380.0,890.6374999999999,0.0,0,2,15,1,2025,0,winter,train
4946811,556 Nguyễn Văn Cừ,21.0491,105.8831,2025-01-16 00:00:00+00:00,17.054166666666667,4.0313962590027606,10.6,23.1,60.375,23.310405401880086,33.0,97.0,8.208333333333334,7.625,15.6,33.1,-3.640925715430322,-2.15630163381158,1024.0458333333333,1022.8458333333333,0.0,0.0,17.958333333333332,500.8333333333333,15.0,1725.0,944.1750000000001,0.0,0,3,16,1,2025,0,winter,train
4946811,556 Nguyễn Văn Cừ,21.0491,105.8831,2025-01-17 00:00:00+00:00,16.629166666666666,3.8085121100967543,10.8,22.4,69.66666666666667,22.45898032194358,35.0,97.0,10.141666666666667,8.495833333333334,16.6,32.4,-6.502019379980464,3.6858674347415463,1019.5416666666666,1018.3416666666667,0.0,0.0,6.125,597.0833333333334,45.0,1580.0,1077.3416666666667,0.0,0,4,17,1,2025,0,winter,train
4946811,556 Nguyễn Văn Cừ,21.0491,105.8831,2025-01-18 00:00:00+00:00,17.516666666666666,2.987461721299855,13.1,21.4,71.58333333333333,14.773409328533678,50.0,93.0,12.0,5.033333333333333,8.7,18.4,-2.1233683306080087,-0.15320584427517595,1018.6708333333332,1017.4708333333333,0.0,0.0,76.91666666666667,461.6666666666667,40.0,1395.0,1214.5833333333333,0.0,0,5,18,1,2025,1,winter,train
4946811,556 Nguyễn Văn Cừ,21.0491,105.8831,2025-01-19 00:00:00+00:00,17.991666666666667,4.13573153895642,12.1,23.9,65.41666666666667,19.917038077914636,39.0,94.0,10.645833333333334,5.791666666666667,13.3,24.8,-1.7087132635714692,1.8168183141696461,1015.8291666666668,1014.6291666666666,0.0,0.0,21.958333333333332,582.5,50.0,1910.0,1098.5916666666667,0.0,0,6,19,1,2025,1,winter,train
4946811,556 Nguyễn Văn Cừ,21.0491,105.8831,2025-01-20 00:00:00+00:00,18.349999999999998,4.667836292349371,12.3,25.1,64.75,21.332257672157066,37.0,94.0,10.666666666666666,5.820833333333333,11.1,22.7,-3.248630284715079,0.2443038763368516,1015.6,1014.4,0.0,0.0,17.083333333333332,590.0,40.0,2095.0,1093.4125000000001,0.0,0,0,20,1,2025,0,winter,train
4946811,556 Nguyễn Văn Cừ,21.0491,105.8831,2025-01-21 00:00:00+00:00,18.675,4.012399260553087,12.6,25.0,71.25,22.912404083150353,39.0,97.0,12.475,8.516666666666667,17.3,35.6,-5.789631340144692,5.031005322354715,1014.7958333333332,1013.5958333333333,0.0,0.0,23.75,613.5416666666666,35.0,1840.0,1245.3916666666667,0.0,0,1,21,1,2025,0,winter,train
4946811,556 Nguyễn Văn Cừ,21.0491,105.8831,2025-01-22 00:00:00+00:00,19.05,2.8506292211583273,14.4,23.1,81.20833333333333,14.160505906789911,61.0,99.0,15.504166666666668,9.404166666666667,12.2,27.0,-6.633303961487317,5.103258214070986,1015.1999999999999,1014.0,0.0,0.0,72.91666666666667,452.7083333333333,70.0,990.0,1510.2749999999999,0.0,0,2,22,1,2025,0,winter,train
4946811,556 Nguyễn Văn Cừ,21.0491,105.8831,2025-01-23 00:00:00+00:00,19.604166666666668,2.2221179021407678,16.2,23.4,83.33333333333333,14.409135588431289,61.0,100.0,16.474999999999998,11.5375,14.6,31.0,-7.426154332155416,8.47757396714522,1012.9541666666668,1011.7541666666666,0.5,0.5,73.0,514.5833333333334,260.0,1030.0,1604.0375000000001,5.45,0,3,23,1,2025,0,winter,train
4946811,556 Nguyễn Văn Cừ,21.0491,105.8831,2025-01-24 00:00:00+00:00,21.337500000000002,2.555439637152566,18.5,26.3,83.95833333333333,14.950582849381895,57.0,98.0,18.2375,12.791666666666666,17.4,36.0,-6.90872395536845,10.163186605383869,1010.3791666666666,1009.1833333333334,2.8,2.8,67.08333333333333,566.6666666666666,235.0,1200.0,1755.2875000000001,33.37,0,4,24,1,2025,0,winter,train
4946811,556 Nguyễn Văn Cừ,21.0491,105.8831,2025-01-25 00:00:00+00:00,20.195833333333333,3.228875045270569,13.6,24.1,84.58333333333333,7.739883532809087,74.0,98.0,17.433333333333334,17.025000000000002,26.4,47.9,-12.23482158493052,-0.061029994420934486,1014.8125,1013.6125000000001,10.8,10.8,95.375,612.0833333333334,260.0,1075.0,1698.3625,237.74,0,5,25,1,2025,1,winter,train
4946811,556 Nguyễn Văn Cừ,21.0491,105.8831,2025-01-26 00:00:00+00:00,14.020833333333334,0.7994450067644303,12.6,15.2,60.666666666666664,9.229756540510781,50.0,81.0,6.420833333333333,16.683333333333334,25.2,49.3,-3.2138932776290603,-16.231337634808032,1025.6125,1024.4125000000001,2.9,2.9,98.95833333333333,1160.8333333333333,435.0,1490.0,851.4375,59.92,0,6,26,1,2025,1,winter,train
4946811,556 Nguyễn Văn Cừ,21.0491,105.8831,2025-01-27 00:00:00+00:00,14.4375,2.31757228675781,10.5,18.2,45.791666666666664,8.366492001179294,33.0,62.0,2.6791666666666667,8.791666666666666,16.1,34.2,-4.0047207357458765,-6.960052593557315,1023.2375000000001,1022.0375,0.0,0.0,58.916666666666664,674.5833333333334,25.0,1470.0,648.2291666666666,0.0,0,0,27,1,2025,0,winter,train
4946811,556 Nguyễn Văn Cừ,21.0491,105.8831,2025-01-28 00:00:00+00:00,12.65,3.366587744806047,8.2,18.2,58.125,17.32882117970697,34.0,88.0,3.9333333333333336,6.820833333333333,14.2,27.4,-0.7281177813722145,-6.001540204347017,1025.1125,1023.9125,0.30000000000000004,0.30000000000000004,30.0,428.3333333333333,40.0,1410.0,682.8666666666667,3.37,0,1,28,1,2025,0,winter,train
4946811,556 Nguyễn Văn Cừ,21.0491,105.8831,2025-01-29 00:00:00+00:00,14.041666666666666,3.2434437772577294,9.6,19.3,65.75,17.28092690750727,39.0,90.0,7.154166666666666,4.029166666666667,8.3,22.7,-0.40315968723366113,-0.7136861270214357,1021.25,1020.0500000000001,0.0,0.0,45.458333333333336,305.8333333333333,15.0,1050.0,870.5791666666668,0.0,0,2,29,1,2025,0,winter,train
4946811,556 Nguyễn Văn Cừ,21.0491,105.8831,2025-01-30 00:00:00+00:00,18.05,3.101472301147088,10.1,23.2,77.29166666666667,16.884464602928226,53.0,97.0,13.629166666666668,10.612499999999999,18.1,36.4,-4.985873752863053,9.018818713159202,1014.2958333333332,1013.0958333333333,0.0,0.0,60.25,548.9583333333334,15.0,1405.0,1359.3083333333334,0.0,0,3,30,1,2025,0,winter,train
4946811,556 Nguyễn Văn Cừ,21.0491,105.8831,2025-01-31 00:00:00+00:00,20.8125,2.587984359202787,17.4,26.0,83.08333333333333,16.024211753432382,54.0,98.0,17.495833333333334,11.895833333333334,18.3,39.2,-5.60936279633022,9.74020981787643,1011.7083333333334,1010.5083333333333,0.8,0.8,81.91666666666667,522.7083333333334,165.0,1260.0,1690.7791666666665,9.010000000000002,0,4,31,1,2025,0,winter,train
4946811,556 Nguyễn Văn Cừ,21.0491,105.8831,2025-02-01 00:00:00+00:00,21.0,2.1085746267376306,19.0,25.4,85.29166666666667,10.992009614366195,64.0,98.0,18.270833333333332,13.229166666666666,18.8,38.2,-10.093392752006492,7.444481701826522,1010.6625,1009.4625,1.8,1.8,96.625,522.0833333333334,300.0,950.0,1769.2749999999999,23.34,0,5,32,2,2025,1,winter,train
4946811,556 Nguyễn Văn Cừ,21.0491,105.8831,2025-02-02 00:00:00+00:00,19.620833333333334,3.1899269674980046,13.8,23.6,78.25,7.361769636025913,70.0,92.0,15.65,14.112499999999999,19.3,36.4,-10.378016121267583,-1.5297338755656307,1013.7166666666667,1012.5166666666668,2.2,2.2,93.5,555.0,270.0,760.0,1528.5874999999999,38.5,0,6,33,2,2025,1,winter,train
4946811,556 Nguyễn Văn Cừ,21.0491,105.8831,2025-02-03 00:00:00+00:00,15.220833333333333,1.24236071449782,13.5,17.4,63.416666666666664,12.057531172301173,52.0,90.0,8.108333333333333,13.658333333333333,21.2,43.2,-5.074158751433306,-12.334455894491839,1022.4499999999999,1021.25,4.0,4.0,99.95833333333333,866.4583333333334,675.0,1025.0,958.1166666666667,71.92999999999999,0,0,34,2,2025,0,winter,train
4946811,556 Nguyễn Văn Cừ,21.0491,105.8831,2025-02-04 00:00:00+00:00,14.741666666666667,2.5862372645226888,11.6,19.2,64.875,20.858347302073412,40.0,95.0,7.4875,6.916666666666667,15.5,32.4,-3.082469430619943,-0.31746632906341954,1020.3916666666668,1019.1916666666666,0.0,0.0,77.45833333333333,512.9166666666666,55.0,1180.0,910.7875,0.0,0,1,35,2,2025,0,winter,train
4946811,556 Nguyễn Văn Cừ,21.0491,105.8831,2025-02-05 00:00:00+00:00,16.670833333333334,1.659617338468398,12.9,19.0,80.58333333333333,9.604874969951755,66.0,95.0,13.191666666666668,7.341666666666666,11.9,27.0,-6.036675913964366,2.4608513108089243,1016.1374999999999,1014.9375,1.7000000000000002,1.7000000000000002,98.54166666666667,415.4166666666667,90.0,850.0,1330.3541666666667,7.15,0,2,36,2,2025,0,winter,train
4946811,556 Nguyễn Văn Cừ,21.0491,105.8831,2025-02-06 00:00:00+00:00,16.75,2.6860347370604964,12.6,21.4,83.66666666666667,7.001035120153531,71.0,96.0,13.9125,10.741666666666667,17.9,33.8,-6.624527640666819,-5.984606009037265,1016.25,1015.0500000000001,3.8,3.8,100.0,445.0,100.0,675.0,1388.4833333333333,52.08,0,3,37,2,2025,0,winter,train
4946811,556 Nguyễn Văn Cừ,21.0491,105.8831,2025-02-07 00:00:00+00:00,13.820833333333333,1.6594863444862178,10.9,16.1,71.125,9.678809215295384,59.0,91.0,8.5375,12.783333333333333,17.4,35.3,-4.582129054518703,-11.644371341556289,1023.0166666666668,1021.8166666666666,3.4,3.4,100.0,695.8333333333334,615.0,810.0,971.3041666666667,52.61,0,4,38,2,2025,0,winter,train
4946811,556 Nguyễn Văn Cừ,21.0491,105.8831,2025-02-08 00:00:00+00:00,13.549999999999999,1.4313265358309795,10.9,16.2,57.958333333333336,8.907637986175326,48.0,83.0,5.2875000000000005,9.654166666666667,12.5,28.4,-5.049488321383411,-7.802948191508114,1025.0375000000001,1023.8375,0.30000000000000004,0.30000000000000004,99.875,678.75,200.0,1070.0,777.2624999999999,3.4200000000000004,0,5,39,2,2025,1,winter,train
4946811,556 Nguyễn Văn Cừ,21.0491,105.8831,2025-02-09 00:00:00+00:00,12.720833333333333,2.3409361127672788,8.9,16.5,64.70833333333333,16.32144272892636,47.0,92.0,5.8,3.9125,8.8,19.4,-2.0678060489084635,-1.7919901541702001,1021.9666666666667,1020.7666666666668,0.0,0.0,41.0,372.5,20.0,885.0,789.775,0.0,0,6,40,2,2025,1,winter,train
4946811,556 Nguyễn Văn Cừ,21.0491,105.8831,2025-02-10 00:00:00+00:00,15.237499999999999,3.162939263186804,9.7,20.0,77.33333333333333,17.409808995947145,54.0,99.0,10.870833333333332,4.7250000000000005,12.7,23.8,-2.0772035062602017,1.8352963371883344,1019.25,1018.0500000000001,0.0,0.0,68.75,364.375,10.0,1215.0,1131.8708333333334,0.0,0,0,41,2,2025,0,winter,train
4946811,556 Nguyễn Văn Cừ,21.0491,105.8831,2025-02-11 00:00:00+00:00,18.208333333333332,2.865828155087593,12.8,23.5,82.33333333333333,15.01786375900574,57.0,98.0,14.85,8.854166666666666,18.8,34.9,-5.733373595730259,5.759575007442944,1016.0583333333334,1014.8583333333332,0.0,0.0,65.0,456.4583333333333,15.0,1160.0,1461.7749999999999,0.0,0,1,42,2,2025,0,winter,train
4946811,556 Nguyễn Văn Cừ,21.0491,105.8831,2025-02-12 00:00:00+00:00,20.05,2.198813909519323,16.6,23.4,81.79166666666667,9.362177221076335,66.0,97.0,16.712500000000002,5.520833333333333,15.9,28.8,-2.8563056086369323,-1.7605650804777182,1017.1041666666666,1015.9041666666667,2.5,2.5,98.625,320.4166666666667,20.0,715.0,1625.3916666666667,28.21,0,2,43,2,2025,0,winter,train
4946811,556 Nguyễn Văn Cừ,21.0491,105.8831,2025-02-13 00:00:00+00:00,19.016666666666666,2.196967607104545,16.5,23.0,72.70833333333333,10.674957149559313,56.0,86.0,13.833333333333334,6.820833333333333,15.3,31.3,-3.254748228794698,0.9180518904998752,1017.0749999999999,1015.875,0.1,0.1,78.54166666666667,372.9166666666667,40.0,825.0,1362.5333333333333,1.06,0,3,44,2,2025,0,winter,train
4946811,556 Nguyễn Văn Cừ,21.0491,105.8831,2025-02-14 00:00:00+00:00,19.5625,1.546050367591701,17.5,22.8,84.16666666666667,8.095445131928075,69.0,95.0,16.75,9.816666666666666,15.6,29.9,-7.627436821316151,5.6542020524366245,1013.9833333333332,1012.7833333333333,0.5,0.5,92.25,435.4166666666667,230.0,780.0,1637.4958333333334,3.19,0,4,45,2,2025,0,winter,train
4946811,556 Nguyễn Văn Cừ,21.0491,105.8831,2025-02-15 00:00:00+00:00,20.404166666666665,2.614088779082978,16.2,24.9,87.45833333333333,8.587043661271304,70.0,98.0,18.154166666666665,11.416666666666666,15.5,32.4,-8.468606963475107,2.1720315017899283,1013.1374999999999,1011.9375,6.8,6.8,87.41666666666667,376.25,190.0,785.0,1765.6375,77.28999999999999,0,5,46,2,2025,1,winter,train
4946811,556 Nguyễn Văn Cừ,21.0491,105.8831,2025-02-16 00:00:00+00:00,17.037499999999998,1.3386601023281524,15.7,19.1,81.08333333333333,6.1849513489117935,72.0,91.0,13.6875,8.983333333333333,12.5,26.6,-3.5809535955336536,-7.767170383047215,1017.7916666666666,1016.5916666666667,0.6000000000000001,0.6000000000000001,100.0,330.625,170.0,455.0,1374.1958333333332,4.37,0,6,47,2,2025,1,winter,train
4946811,556 Nguyễn Văn Cừ,21.0491,105.8831,2025-02-17 00:00:00+00:00,18.679166666666667,2.3472424462439467,15.5,22.7,82.95833333333333,8.759983952073183,67.0,92.0,15.616666666666667,7.708333333333333,11.4,21.6,-4.672738649725338,-1.214340004914708,1018.8458333333333,1017.6458333333334,1.3,1.3,96.79166666666667,368.9583333333333,190.0,840.0,1532.3999999999999,13.17,0,0,48,2,2025,0,winter,train
4946811,556 Nguyễn Văn Cừ,21.0491,105.8831,2025-02-18 00:00:00+00:00,17.087500000000002,1.2315816977614074,15.4,19.6,84.04166666666667,5.583198138099287,73.0,92.0,14.341666666666667,5.9624999999999995,11.8,24.1,-2.7450056033334485,-4.646564519897264,1019.4916666666667,1018.2916666666666,1.3,1.3,100.0,230.83333333333334,35.0,670.0,1430.2625,9.97,0,1,49,2,2025,0,winter,train
4946811,556 Nguyễn Văn Cừ,21.0491,105.8831,2025-02-19 00:00:00+00:00,18.179166666666667,1.205775653899279,16.2,20.4,89.45833333333333,5.725451694097982,78.0,95.0,16.383333333333333,5.708333333333333,10.3,20.9,-3.8712392516154206,0.34273348106093965,1018.2958333333332,1017.0958333333333,2.0,2.0,100.0,243.125,25.0,550.0,1621.1625000000001,13.23,0,2,50,2,2025,0,winter,train
4946811,556 Nguyễn Văn Cừ,21.0491,105.8831,2025-02-20 00:00:00+00:00,19.866666666666667,1.8940792570228044,17.4,22.7,87.33333333333333,8.544851827482043,75.0,98.0,17.6125,7.004166666666666,12.3,22.7,-4.7197960396901975,4.016892329759409,1018.5833333333334,1017.3833333333333,0.7000000000000001,0.7000000000000001,95.125,312.9166666666667,65.0,610.0,1719.8041666666668,2.79,0,3,51,2,2025,0,winter,train
4946811,556 Nguyễn Văn Cừ,21.0491,105.8831,2025-02-21 00:00:00+00:00,19.566666666666666,1.7763339547620478,17.6,22.1,82.95833333333333,6.766150833483489,72.0,96.0,16.55,9.45,15.5,33.5,-8.425930180169013,2.475468746168073,1019.6625,1018.4625,1.0,1.0,96.91666666666667,466.6666666666667,60.0,750.0,1612.8583333333333,9.47,0,4,52,2,2025,0,winter,train
4946811,556 Nguyễn Văn Cừ,21.0491,105.8831,2025-02-22 00:00:00+00:00,19.483333333333334,1.7657777364359168,16.1,22.0,83.5,7.009310578267219,73.0,94.0,16.558333333333334,9.341666666666667,15.6,28.4,-6.874277369942483,0.46656906018138966,1020.725,1019.525,0.7,0.7,100.0,462.2916666666667,165.0,655.0,1616.3583333333333,6.75,0,5,53,2,2025,1,winter,train
4946811,556 Nguyễn Văn Cừ,21.0491,105.8831,2025-02-23 00:00:00+00:00,15.791666666666666,1.7407935888095918,12.8,18.0,72.875,6.694010950745124,65.0,87.0,10.85,12.954166666666666,17.9,35.6,-5.4163785841427154,-11.48869048136257,1025.9458333333334,1024.7458333333334,0.7000000000000001,0.7000000000000001,100.0,574.5833333333334,420.0,730.0,1143.675,8.49,0,6,54,2,2025,1,winter,train
4946811,556 Nguyễn Văn Cừ,21.0491,105.8831,2025-02-24 00:00:00+00:00,13.604166666666666,1.044438341538342,12.4,15.4,79.66666666666667,8.223331952791222,66.0,90.0,10.0625,7.6875,13.5,28.1,-0.7924367851826782,-7.424885912670828,1026.7375,1025.5375000000001,0.6,0.6,95.16666666666667,352.7083333333333,155.0,560.0,1076.0833333333333,7.61,0,0,55,2,2025,0,winter,train
4946811,556 Nguyễn Văn Cừ,21.0491,105.8831,2025-02-25 00:00:00+00:00,14.237499999999999,0.8069332713104755,13.1,15.9,93.625,2.9312781008201623,86.0,97.0,13.237499999999999,6.675,9.7,19.8,-1.3212927619196766,-6.303063893273245,1025.1125,1023.9125,10.9,10.9,100.0,276.0416666666667,195.0,420.0,1332.3999999999999,72.33,0,1,56,2,2025,0,winter,train
4946811,556 Nguyễn Văn Cừ,21.0491,105.8831,2025-02-26 00:00:00+00:00,16.095833333333335,1.6187701092702034,13.7,19.4,85.5,8.732746965601228,69.0,95.0,13.583333333333334,6.25,9.8,20.9,-2.767992723593484,0.022916790347738244,1020.8125,1019.6125000000001,1.0,1.0,85.375,307.0833333333333,30.0,765.0,1364.375,8.219999999999999,0,2,57,2,2025,0,winter,train
4946811,556 Nguyễn Văn Cừ,21.0491,105.8831,2025-02-27 00:00:00+00:00,18.945833333333333,2.1811403412907193,15.6,22.7,85.625,11.177666008219438,67.0,97.0,16.3625,7.791666666666667,15.5,30.2,-3.730885813624093,5.543284052223062,1015.7125,1014.5124999999999,0.0,0.0,71.125,408.5416666666667,50.0,850.0,1600.8708333333334,0.0,0,3,58,2,2025,0,winter,train
4946811,556 Nguyễn Văn Cừ,21.0491,105.8831,2025-02-28 00:00:00+00:00,21.058333333333334,2.0064930831561876,18.6,24.9,86.375,10.341190327583394,68.0,98.0,18.558333333333334,12.174999999999999,18.2,39.2,-5.0834930472747955,10.59304391895097,1013.5083333333333,1012.3083333333334,0.30000000000000004,0.30000000000000004,88.95833333333333,514.7916666666666,235.0,915.0,1799.7916666666667,3.9000000000000004,0,4,59,2,2025,0,winter,train
4946811,556 Nguyễn Văn Cừ,21.0491,105.8831,2025-03-01 00:00:00+00:00,23.166666666666668,2.433224138903963,19.9,28.0,84.29166666666667,11.14520433685022,63.0,97.0,20.1875,14.975,19.8,37.1,-7.257808191374427,12.954711431567992,1009.6541666666667,1008.475,0.1,0.1,80.45833333333333,675.4166666666666,295.0,950.0,1927.0333333333335,1.5300000000000002,0,5,60,3,2025,1,spring,train
4946811,556 Nguyễn Văn Cừ,21.0491,105.8831,2025-03-02 00:00:00+00:00,23.570833333333336,2.3563935536556984,20.9,28.4,87.70833333333333,10.743973706896936,66.0,99.0,21.258333333333333,12.791666666666666,17.8,35.6,-7.114370822063715,10.160576514806749,1008.0500000000001,1006.8708333333334,0.4,0.4,78.79166666666667,495.4166666666667,265.0,845.0,2043.55,5.36,0,6,61,3,2025,1,spring,train
4946811,556 Nguyễn Văn Cừ,21.0491,105.8831,2025-03-03 00:00:00+00:00,24.329166666666666,2.0141843028375286,21.1,28.5,89.29166666666667,9.879619631239414,68.0,99.0,22.349999999999998,10.3125,16.0,30.2,-6.462284706542824,7.5476047275409,1007.2208333333333,1006.0458333333332,0.2,0.2,83.70833333333333,418.125,195.0,765.0,2154.0833333333335,1.6400000000000001,0,0,62,3,2025,0,spring,train
4946811,556 Nguyễn Văn Cừ,21.0491,105.8831,2025-03-04 00:00:00+00:00,24.891666666666666,2.588085857501081,22.2,29.5,87.33333333333333,13.08389872312918,63.0,98.0,22.400000000000002,12.591666666666667,17.5,34.9,-10.386168511117884,6.78738704690003,1006.4458333333333,1005.275,1.4,1.4,76.41666666666667,501.4583333333333,195.0,960.0,2141.991666666667,16.25,0,1,63,3,2025,0,spring,train
4946811,556 Nguyễn Văn Cừ,21.0491,105.8831,2025-03-05 00:00:00+00:00,20.466666666666665,3.9327683210007005,13.8,24.9,83.0,6.978227007909173,73.0,96.0,17.4375,14.158333333333333,22.0,42.5,-9.708675937757784,-6.8077841676871245,1011.7666666666668,1010.5666666666666,5.6,5.6,100.0,518.5416666666666,340.0,670.0,1706.5458333333333,83.12,0,2,64,3,2025,0,spring,train
4946811,556 Nguyễn Văn Cừ,21.0491,105.8831,2025-03-06 00:00:00+00:00,14.829166666666667,1.268850615343655,13.2,17.1,65.70833333333333,7.549714458560475,53.0,85.0,8.358333333333333,13.012500000000001,20.9,43.2,-5.49510052386768,-11.414921391380872,1021.3166666666666,1020.1166666666667,1.0,1.0,100.0,750.625,575.0,925.0,967.625,18.79,0,3,65,3,2025,0,spring,train
4946811,556 Nguyễn Văn Cừ,21.0491,105.8831,2025-03-07 00:00:00+00:00,15.716666666666667,1.288634824201538,13.4,18.2,65.70833333333333,10.25958371333918,51.0,81.0,9.15,6.949999999999999,13.8,28.1,-4.127804686048322,-3.41355040917216,1020.5916666666667,1019.3916666666668,0.0,0.0,88.0,540.0,85.0,1010.0,1023.6541666666667,0.0,0,4,66,3,2025,0,spring,train
4946811,556 Nguyễn Văn Cừ,21.0491,105.8831,2025-03-08 00:00:00+00:00,16.491666666666667,1.2947776934139388,14.6,19.1,75.83333333333333,9.31882931006599,62.0,89.0,12.112499999999999,5.741666666666667,9.9,19.4,-3.9686239528954084,1.1183755770220467,1019.7166666666667,1018.5166666666668,0.0,0.0,97.58333333333333,447.0833333333333,130.0,960.0,1243.1916666666666,0.0,0,5,67,3,2025,1,spring,train
4946811,556 Nguyễn Văn Cừ,21.0491,105.8831,2025-03-09 00:00:00+00:00,18.491666666666667,1.6002490748159404,15.6,21.2,84.0,8.924806659701002,69.0,95.0,15.666666666666666,5.0125,9.7,20.9,-3.4562088605148653,0.8381906951357784,1019.9041666666667,1018.7041666666668,0.5,0.5,94.66666666666667,292.5,10.0,805.0,1542.1958333333332,1.07,0,6,68,3,2025,1,spring,train
4946811,556 Nguyễn Văn Cừ,21.0491,105.8831,2025-03-10 00:00:00+00:00,19.829166666666666,2.302263379082997,17.3,23.4,87.95833333333333,10.804504562476694,71.0,100.0,17.658333333333335,6.8500000000000005,11.2,21.2,-4.244175366670691,3.87578508901083,1017.3833333333333,1016.1833333333334,0.30000000000000004,0.30000000000000004,73.83333333333333,320.2083333333333,35.0,745.0,1720.5458333333333,1.08,0,0,69,3,2025,0,spring,train
4946811,556 Nguyễn Văn Cừ,21.0491,105.8831,2025-03-11 00:00:00+00:00,22.02916666666667,2.1320492625572744,17.8,26.0,87.75,8.837912403513275,70.0,100.0,19.791666666666668,10.825000000000001,16.6,31.3,-6.812860720392085,8.064113351838332,1012.7875,1011.5875,0.30000000000000004,0.30000000000000004,86.58333333333333,456.875,100.0,895.0,1915.8541666666667,3.35,0,1,70,3,2025,0,spring,train
4946811,556 Nguyễn Văn Cừ,21.0491,105.8831,2025-03-12 00:00:00+00:00,23.620833333333334,1.8502594804317403,21.0,26.7,86.83333333333333,8.228617437184477,72.0,97.0,21.25,13.570833333333333,16.0,33.1,-7.898605298175528,10.447044086898265,1010.5666666666666,1009.3791666666666,1.1,1.1,92.95833333333333,518.75,275.0,705.0,2036.9166666666667,14.97,0,2,71,3,2025,0,spring,train
4946811,556 Nguyễn Văn Cừ,21.0491,105.8831,2025-03-13 00:00:00+00:00,23.491666666666664,1.2538346977474208,21.7,25.4,92.79166666666667,4.5965882117507215,87.0,100.0,22.208333333333332,12.379166666666668,17.2,34.6,-8.859908579658997,8.334248161297662,1010.2166666666667,1009.0166666666668,1.5,1.5,96.95833333333333,441.4583333333333,230.0,705.0,2174.6791666666663,20.22,0,3,72,3,2025,0,spring,train
4946811,556 Nguyễn Văn Cừ,21.0491,105.8831,2025-03-14 00:00:00+00:00,24.5625,1.7956015099705989,22.5,28.0,90.25,9.066181785840879,74.0,99.0,22.766666666666666,12.6625,18.1,38.5,-7.777728960786994,9.332369576808915,1010.4166666666666,1009.2375000000001,0.9,0.9,87.25,462.2916666666667,210.0,805.0,2201.85,11.59,0,4,73,3,2025,0,spring,train
4946811,556 Nguyễn Văn Cừ,21.0491,105.8831,2025-03-15 00:00:00+00:00,22.254166666666666,2.8529129532533166,17.5,26.4,74.45833333333333,11.386411301144912,58.0,98.0,17.395833333333332,14.762500000000001,20.8,39.6,-11.154481000599967,-7.960300096073952,1015.2666666666668,1014.0666666666666,2.5,2.5,100.0,666.6666666666666,200.0,1110.0,1675.6125000000002,34.73,0,5,74,3,2025,1,spring,train
4946811,556 Nguyễn Văn Cừ,21.0491,105.8831,2025-03-16 00:00:00+00:00,17.654166666666665,1.8791716877081903,15.6,21.0,59.208333333333336,6.965624705382272,48.0,69.0,9.470833333333333,9.183333333333334,13.6,28.4,-6.059210376171632,-5.200125722642721,1020.0541666666667,1018.8541666666666,0.0,0.0,69.54166666666667,595.4166666666666,125.0,1105.0,1034.4541666666667,0.0,0,6,75,3,2025,1,spring,train
4946811,556 Nguyễn Văn Cừ,21.0491,105.8831,2025-03-17 00:00:00+00:00,17.720833333333335,1.6587001633460043,15.7,20.6,60.583333333333336,9.408214110745098,49.0,77.0,9.841666666666667,8.558333333333334,12.0,25.9,-5.8219193218424925,-2.838434632519436,1021.0583333333334,1019.8583333333332,0.0,0.0,92.58333333333333,744.5833333333334,185.0,1405.0,1065.0541666666666,0.0,0,0,76,3,2025,0,spring,train
4946811,556 Nguyễn Văn Cừ,21.0491,105.8831,2025-03-18 00:00:00+00:00,16.808333333333334,1.9668815898283745,13.0,20.2,58.875,8.911704565394295,46.0,74.0,8.583333333333334,8.450000000000001,15.8,32.8,-0.9881992014185664,-7.560543772916545,1024.3666666666666,1023.1666666666666,0.0,0.0,94.375,577.5,15.0,1295.0,976.1041666666666,0.0,0,1,77,3,2025,0,spring,train
4946811,556 Nguyễn Văn Cừ,21.0491,105.8831,2025-03-19 00:00:00+00:00,17.758333333333333,3.704980979434444,12.6,23.0,62.083333333333336,19.7768346407052,37.0,92.0,9.5625,5.1000000000000005,15.1,32.8,0.5495289672221211,-4.109680287220011,1024.8416666666667,1023.6416666666668,0.0,0.0,54.791666666666664,570.625,15.0,1830.0,1034.6791666666666,0.0,0,2,78,3,2025,0,spring,train
4946811,556 Nguyễn Văn Cừ,21.0491,105.8831,2025-03-20 00:00:00+00:00,18.416666666666668,4.095986016733377,12.4,24.1,61.666666666666664,17.782909887247676,36.0,89.0,10.204166666666667,6.070833333333333,10.9,20.9,-1.6714555974633518,0.42326648851745846,1023.1833333333334,1021.9833333333332,0.0,0.0,20.458333333333332,505.2083333333333,20.0,1645.0,1067.4166666666667,0.0,0,3,79,3,2025,0,spring,train
4946811,556 Nguyễn Văn Cừ,21.0491,105.8831,2025-03-21 00:00:00+00:00,19.191666666666666,4.253276656748371,13.2,25.3,64.54166666666667,18.247046614313437,39.0,95.0,11.700000000000001,6.7625,11.8,25.2,-3.952105437116263,3.759923154492078,1020.7375000000001,1019.5375,0.0,0.0,51.875,430.625,35.0,1315.0,1166.2625,0.0,0,4,80,3,2025,0,spring,train
4946811,556 Nguyễn Văn Cừ,21.0491,105.8831,2025-03-22 00:00:00+00:00,20.287499999999998,3.5818761782788804,14.9,25.5,75.25,19.095298761281768,50.0,100.0,15.2125,7.416666666666667,13.3,24.8,-5.841798461330882,3.715784707973405,1018.4625,1017.2624999999999,0.0,0.0,18.625,445.0,45.0,1175.0,1464.1875,0.0,0,5,81,3,2025,1,spring,train
4946811,556 Nguyễn Văn Cừ,21.0491,105.8831,2025-03-23 00:00:00+00:00,21.033333333333335,3.397910696508852,16.5,26.0,79.45833333333333,15.142738729565524,58.0,99.0,17.029166666666665,7.904166666666666,14.3,27.7,-4.784236015913153,5.442977683993781,1015.8291666666668,1014.6291666666666,0.0,0.0,35.541666666666664,463.125,15.0,1140.0,1622.175,0.0,0,6,82,3,2025,1,spring,train
4946811,556 Nguyễn Văn Cừ,21.0491,105.8831,2025-03-24 00:00:00+00:00,23.09166666666667,3.429782179250083,17.9,28.5,77.91666666666667,16.043193509118264,53.0,98.0,18.629166666666666,8.804166666666667,15.9,31.0,-3.5027923206076927,7.229471858367301,1011.2833333333333,1010.1041666666666,0.0,0.0,18.916666666666668,557.2916666666666,20.0,1185.0,1747.4958333333334,0.0,0,0,83,3,2025,0,spring,train
4946811,556 Nguyễn Văn Cừ,21.0491,105.8831,2025-03-25 00:00:00+00:00,24.045833333333334,3.705457686530326,19.9,30.1,77.95833333333333,15.75485892384139,54.0,97.0,19.599999999999998,12.045833333333334,16.7,32.4,-5.323789219063252,10.370130168210133,1006.625,1005.4583333333334,0.0,0.0,21.708333333333332,550.0,240.0,1075.0,1819.6041666666667,0.0,0,1,84,3,2025,0,spring,train
4946811,556 Nguyễn Văn Cừ,21.0491,105.8831,2025-03-26 00:00:00+00:00,24.420833333333334,3.1518081996746283,20.8,30.4,80.91666666666667,14.488126072803533,55.0,97.0,20.604166666666668,14.450000000000001,18.6,38.5,-6.854290075351411,12.496879710590209,1003.7208333333333,1002.5583333333334,0.0,0.0,48.291666666666664,535.625,335.0,995.0,1933.3,0.0,0,2,85,3,2025,0,spring,train
4946811,556 Nguyễn Văn Cừ,21.0491,105.8831,2025-03-27 00:00:00+00:00,25.625,4.0503623026352455,21.0,32.3,83.16666666666667,14.067126855581215,61.0,98.0,22.270833333333332,12.241666666666667,18.5,38.2,-8.265670195136805,7.32011132687267,1002.1583333333333,1001.0041666666666,0.0,0.0,26.875,406.875,90.0,735.0,2077.4041666666667,0.0,0,3,86,3,2025,0,spring,train
4946811,556 Nguyễn Văn Cừ,21.0491,105.8831,2025-03-28 00:00:00+00:00,24.8,4.341808879698194,16.8,30.6,79.33333333333333,9.5810803905027,65.0,95.0,20.820833333333333,12.354166666666666,22.3,40.7,-9.569058654301346,-1.0115350511366932,1008.4166666666666,1007.2583333333333,5.9,5.9,76.16666666666667,521.6666666666666,145.0,995.0,1951.5833333333333,100.54,0,4,87,3,2025,0,spring,train
4946811,556 Nguyễn Văn Cừ,21.0491,105.8831,2025-03-29 00:00:00+00:00,15.229166666666666,1.519862455638002,12.6,17.5,79.04166666666667,1.2676293062133823,76.0,81.0,11.625,13.512500000000001,20.3,40.3,-7.113397311854772,-11.164304969223545,1018.1083333333332,1016.9083333333333,5.1,5.1,100.0,564.7916666666666,485.0,650.0,1202.8958333333333,78.49000000000001,0,5,88,3,2025,1,spring,train
4946811,556 Nguyễn Văn Cừ,21.0491,105.8831,2025-03-30 00:00:00+00:00,14.987499999999999,1.5682481225600255,12.8,17.7,64.0,7.1566326791548995,55.0,84.0,8.129166666666666,10.799999999999999,17.4,36.7,-6.56934084078506,-7.682811503758594,1021.0416666666666,1019.8416666666667,0.1,0.1,99.70833333333333,620.2083333333334,345.0,935.0,952.1583333333333,1.29,0,6,89,3,2025,1,spring,train
4946811,556 Nguyễn Văn Cừ,21.0491,105.8831,2025-03-31 00:00:00+00:00,15.554166666666667,1.6105573344455117,13.6,18.6,64.25,8.173392675388046,53.0,78.0,8.683333333333334,6.766666666666667,10.6,24.8,-2.799948599485789,-4.769491780679469,1019.9666666666667,1018.7666666666668,0.0,0.0,78.875,485.4166666666667,100.0,970.0,990.3083333333334,0.0,0,0,90,3,2025,0,spring,train
4946811,556 Nguyễn Văn Cừ,21.0491,105.8831,2025-04-01 00:00:00+00:00,17.741666666666667,3.122557016107244,13.4,22.2,69.79166666666667,19.167407043041138,47.0,96.0,11.5625,4.866666666666666,8.7,21.2,-0.022898712499536608,-1.6504916600977257,1018.3541666666666,1017.1541666666667,0.0,0.0,53.208333333333336,461.875,30.0,1245.0,1185.2208333333333,0.0,0,1,91,4,2025,0,spring,train
4946811,556 Nguyễn Văn Cừ,21.0491,105.8831,2025-04-02 00:00:00+00:00,19.533333333333335,3.758545818087984,14.3,25.1,70.70833333333333,15.79895199239402,46.0,93.0,13.616666666666667,4.0125,8.4,18.4,-1.101811865890594,0.7948733081475813,1018.275,1017.0749999999999,0.0,0.0,52.083333333333336,488.3333333333333,10.0,1410.0,1325.0083333333334,0.0,0,2,92,4,2025,0,spring,train
4946811,556 Nguyễn Văn Cừ,21.0491,105.8831,2025-04-03 00:00:00+00:00,20.6875,3.5691080970875135,16.2,26.5,73.125,17.466271845299815,48.0,98.0,15.229166666666666,8.975,15.9,32.4,-5.83439011942403,6.134301499277194,1015.85,1014.65,0.0,0.0,27.708333333333332,576.4583333333334,30.0,1510.0,1454.6708333333333,0.0,0,3,93,4,2025,0,spring,train
4946811,556 Nguyễn Văn Cừ,21.0491,105.8831,2025-04-04 00:00:00+00:00,21.9375,2.227069140489746,17.6,25.6,80.83333333333333,11.638267713122897,64.0,94.0,18.349999999999998,12.075000000000001,20.1,42.8,-7.102447134772038,8.342891230344234,1012.4541666666668,1011.2541666666666,0.7000000000000001,0.7000000000000001,64.04166666666667,595.2083333333334,145.0,1025.0,1750.1125,6.210000000000001,0,4,94,4,2025,0,spring,train
4946811,556 Nguyễn Văn Cừ,21.0491,105.8831,2025-04-05 00:00:00+00:00,21.9875,1.3391471978058662,20.5,24.4,84.75,8.803408430829505,70.0,96.0,19.212500000000002,4.079166666666667,9.2,20.9,-2.8138413225527388,1.1468329439698863,1013.8083333333334,1012.6083333333332,1.9,1.9,99.91666666666667,271.25,20.0,715.0,1852.2666666666667,5.19,0,5,95,4,2025,1,spring,train
4946811,556 Nguyễn Văn Cừ,21.0491,105.8831,2025-04-06 00:00:00+00:00,22.683333333333334,2.4077170617153842,19.6,26.5,82.66666666666667,10.99670569906661,65.0,95.0,19.433333333333334,8.5625,13.0,27.4,-6.087489873013705,5.7825559801156565,1014.4625,1013.2624999999999,0.2,0.2,97.20833333333333,492.7083333333333,55.0,1040.0,1850.2250000000001,2.3,0,6,96,4,2025,1,spring,train
4946811,556 Nguyễn Văn Cừ,21.0491,105.8831,2025-04-07 00:00:00+00:00,22.045833333333334,2.1479978881591646,19.5,25.6,87.25,9.118781383114932,72.0,98.0,19.716666666666665,8.329166666666667,12.3,26.6,-5.748847234004692,5.65782618243173,1015.2541666666666,1014.0541666666667,1.0,1.0,82.45833333333333,366.4583333333333,145.0,760.0,1905.0541666666668,7.2700000000000005,0,0,97,4,2025,0,spring,train
4946811,556 Nguyễn Văn Cừ,21.0491,105.8831,2025-04-08 00:00:00+00:00,23.941666666666666,2.0412947014017857,20.9,27.8,88.25,10.596348837956025,71.0,100.0,21.75,10.516666666666667,15.2,32.0,-7.53678113873278,6.9283501193864545,1013.3708333333334,1012.1750000000001,0.7000000000000001,0.7000000000000001,89.79166666666667,433.125,200.0,785.0,2093.6666666666665,8.450000000000001,0,1,98,4,2025,0,spring,train
4946811,556 Nguyễn Văn Cừ,21.0491,105.8831,2025-04-09 00:00:00+00:00,24.991666666666664,2.224354653194583,22.4,28.9,84.83333333333333,11.208175070268892,68.0,99.0,22.083333333333332,13.420833333333334,18.7,37.1,-7.378499069854052,10.72423190211616,1008.9333333333334,1007.7666666666668,0.7000000000000001,0.7000000000000001,95.54166666666667,540.0,225.0,900.0,2096.5750000000003,9.51,0,2,99,4,2025,0,spring,train
4946811,556 Nguyễn Văn Cừ,21.0491,105.8831,2025-04-10 00:00:00+00:00,24.641666666666666,2.2210292691661575,22.5,29.1,87.08333333333333,10.02569163467654,67.0,97.0,22.212500000000002,10.2,17.9,38.5,-8.239921537100049,5.587093792958565,1005.7208333333333,1004.5500000000001,0.8,0.8,92.70833333333333,416.6666666666667,125.0,955.0,2124.7791666666667,7.73,0,3,100,4,2025,0,spring,train
4946811,556 Nguyễn Văn Cừ,21.0491,105.8831,2025-04-11 00:00:00+00:00,26.325,2.932612724398562,22.8,31.7,83.16666666666667,11.350796435058863,62.0,95.0,23.05,10.983333333333334,16.3,34.6,-6.424217264145074,8.822870775174437,1004.0791666666668,1002.9250000000001,0.5,0.5,61.166666666666664,447.7083333333333,80.0,895.0,2158.3250000000003,5.11,0,4,101,4,2025,0,spring,train
4946811,556 Nguyễn Văn Cừ,21.0491,105.8831,2025-04-12 00:00:00+00:00,24.829166666666666,4.435477442725592,19.0,33.2,72.125,15.660286243149933,43.0,91.0,19.070833333333333,12.3125,24.8,47.5,-2.8581334809961145,-10.89705527409518,1011.9208333333332,1010.7624999999999,11.700000000000001,11.700000000000001,94.70833333333333,687.7083333333334,75.0,1520.0,1760.3791666666666,223.26000000000002,0,5,102,4,2025,1,spring,train
4946811,556 Nguyễn Văn Cừ,21.0491,105.8831,2025-04-13 00:00:00+00:00,22.233333333333334,2.915277101702369,18.6,26.4,62.583333333333336,19.016964204000377,37.0,88.0,13.995833333333332,6.491666666666667,14.9,31.7,0.6676660949305425,-3.9578440386825537,1015.8458333333333,1014.6458333333334,0.0,0.0,60.666666666666664,617.7083333333334,10.0,1660.0,1339.2708333333333,0.0,0,6,103,4,2025,1,spring,train
4946811,556 Nguyễn Văn Cừ,21.0491,105.8831,2025-04-14 00:00:00+00:00,21.425,2.4739073125936533,16.9,25.4,73.20833333333333,13.406614742006267,51.0,95.0,16.154166666666665,4.216666666666667,9.5,22.7,2.2939477952759666,0.7545217885744587,1014.0666666666666,1012.8666666666667,3.6999999999999997,3.6999999999999997,96.125,236.25,25.0,970.0,1537.0666666666666,33.269999999999996,0,0,104,4,2025,0,spring,train
4946811,556 Nguyễn Văn Cừ,21.0491,105.8831,2025-04-15 00:00:00+00:00,24.337500000000002,4.786104206790828,18.3,32.0,65.54166666666667,20.297738504715177,33.0,92.0,16.558333333333334,7.529166666666666,13.3,28.4,-4.087672499570013,4.05690715495387,1011.0416666666666,1009.875,0.0,0.0,75.95833333333333,406.4583333333333,60.0,1280.0,1502.7083333333333,0.0,0,1,105,4,2025,0,spring,train
4946811,556 Nguyễn Văn Cừ,21.0491,105.8831,2025-04-16 00:00:00+00:00,24.945833333333336,3.3741960931994317,19.6,30.4,71.125,20.315580870035603,40.0,96.0,18.608333333333334,13.0,20.5,41.8,-7.26555193981124,10.621669330952104,1007.2541666666666,1006.0916666666667,0.0,0.0,90.70833333333333,564.375,120.0,970.0,1712.0375000000001,0.0,0,2,106,4,2025,0,spring,train
4946811,556 Nguyễn Văn Cừ,21.0491,105.8831,2025-04-17 00:00:00+00:00,26.516666666666666,3.357880629033823,22.8,32.2,80.41666666666667,14.46409848305577,56.0,97.0,22.5625,10.941666666666668,18.3,37.4,-7.922368820147348,7.007222118091502,1004.6541666666667,1003.5,0.1,0.1,40.958333333333336,478.5416666666667,80.0,1005.0,2087.054166666667,0.9300000000000002,0,3,107,4,2025,0,spring,train
4946811,556 Nguyễn Văn Cừ,21.0491,105.8831,2025-04-18 00:00:00+00:00,28.3625,2.8674807152226665,24.1,32.8,76.45833333333333,9.231228504925284,61.0,91.0,23.670833333333334,12.0875,18.5,33.8,-6.509111704640284,9.791435397161896,1004.1,1002.9875000000001,0.5,0.5,55.75,413.3333333333333,205.0,690.0,2145.0499999999997,8.65,0,4,108,4,2025,0,spring,train
4946811,556 Nguyễn Văn Cừ,21.0491,105.8831,2025-04-19 00:00:00+00:00,29.608333333333334,3.80262114024417,25.0,35.8,73.79166666666667,12.48295939920974,50.0,89.0,24.116666666666664,11.970833333333333,16.3,30.6,-5.104657342736706,10.483793383544546,1004.6458333333334,1003.5375,0.0,0.0,46.291666666666664,653.9583333333334,255.0,1730.0,2140.608333333333,0.0,0,5,109,4,2025,1,spring,train
4946811,556 Nguyễn Văn Cừ,21.0491,105.8831,2025-04-20 00:00:00+00:00,28.7625,3.169256187594922,24.9,34.1,77.125,8.694388495135687,62.0,88.0,24.233333333333334,14.916666666666666,18.6,37.8,-6.952031531335951,13.090313774606864,1006.5,1005.3833333333333,0.1,0.1,27.416666666666668,540.0,340.0,985.0,2192.2625000000003,1.7800000000000002,0,6,110,4,2025,1,spring,train
4946811,556 Nguyễn Văn Cừ,21.0491,105.8831,2025-04-21 00:00:00+00:00,28.7,3.230156814069289,25.1,34.5,77.54166666666667,11.504173785750696,56.0,92.0,24.162499999999998,16.095833333333335,20.6,42.5,-6.512054712982759,14.501793118866905,1007.1666666666666,1006.0416666666666,0.0,0.0,35.791666666666664,571.875,335.0,1300.0,2190.170833333333,0.0,0,0,111,4,2025,0,spring,train
4946811,556 Nguyễn Văn Cừ,21.0491,105.8831,2025-04-22 00:00:00+00:00,29.729166666666668,3.63347709461632,25.0,35.8,76.79166666666667,12.129658824072743,55.0,94.0,24.979166666666668,11.908333333333333,20.1,41.0,-4.747174623387756,10.416159134757798,1005.475,1004.3666666666667,0.0,0.0,44.958333333333336,612.7083333333334,150.0,1815.0,2241.366666666667,0.0,0,1,112,4,2025,0,spring,train
4946811,556 Nguyễn Văn Cừ,21.0491,105.8831,2025-04-23 00:00:00+00:00,27.945833333333336,3.7170557734836858,24.4,35.5,84.16666666666667,12.027745701779152,58.0,97.0,24.808333333333334,9.2125,16.2,34.6,-7.823971230964804,0.044964208217415515,1005.1041666666666,1003.9708333333333,50.7,50.7,95.29166666666667,408.5416666666667,140.0,1545.0,2309.9625,678.3299999999999,0,2,113,4,2025,0,spring,train
4946811,556 Nguyễn Văn Cừ,21.0491,105.8831,2025-04-24 00:00:00+00:00,27.708333333333332,3.376249097891698,22.8,32.6,82.29166666666667,11.031493125579606,65.0,96.0,24.204166666666666,10.612499999999999,14.9,28.4,-8.465368036912421,0.1425753903424866,1006.9708333333333,1005.8333333333334,31.799999999999997,31.799999999999997,84.79166666666667,565.0,250.0,1170.0,2245.2125,351.26,0,3,114,4,2025,0,spring,train
4946811,556 Nguyễn Văn Cừ,21.0491,105.8831,2025-04-25 00:00:00+00:00,25.741666666666664,2.072158434992398,23.1,29.1,79.16666666666667,11.771988368365282,60.0,94.0,21.6375,10.079166666666667,14.9,28.8,-6.745279831992452,2.556953615128874,1010.4583333333334,1009.2875,13.3,13.3,90.45833333333333,591.875,340.0,1270.0,2015.1708333333333,198.17000000000002,0,4,115,4,2025,0,spring,train
4946811,556 Nguyễn Văn Cừ,21.0491,105.8831,2025-04-26 00:00:00+00:00,26.325,1.4906228636845518,24.4,29.2,87.0,8.07034291604816,73.0,96.0,23.9375,12.808333333333332,16.0,31.3,-8.268887646003067,9.571597508841,1010.1166666666667,1008.9499999999999,0.4,0.4,91.41666666666667,566.0416666666666,355.0,860.0,2279.7708333333335,4.83,0,5,116,4,2025,1,spring,train
4946811,556 Nguyễn Văn Cừ,21.0491,105.8831,2025-04-27 00:00:00+00:00,27.195833333333336,2.5777440704526144,23.5,31.5,86.70833333333333,10.00642909275861,68.0,98.0,24.65833333333333,12.245833333333332,14.9,32.4,-7.3670442387834285,6.664631335445304,1009.3708333333334,1008.2166666666667,19.3,19.3,86.33333333333333,521.875,285.0,1065.0,2333.9666666666667,220.94000000000003,0,6,117,4,2025,1,spring,train
4946811,556 Nguyễn Văn Cừ,21.0491,105.8831,2025-04-28 00:00:00+00:00,25.020833333333332,2.0677606384615737,22.6,28.8,88.95833333333333,10.8205889362611,68.0,99.0,22.954166666666666,7.0,15.3,33.1,-3.1638367698972316,-2.71178846368255,1011.7833333333333,1010.6083333333332,10.0,10.0,98.91666666666667,340.625,30.0,880.0,2204.608333333333,122.08999999999999,0,0,118,4,2025,0,spring,train
4946811,556 Nguyễn Văn Cừ,21.0491,105.8831,2025-04-29 00:00:00+00:00,26.079166666666666,1.9719730059592315,23.8,29.6,86.75,10.94353094596151,68.0,99.0,23.545833333333334,7.1875,14.6,29.2,-3.834363135811266,4.793912526121789,1011.2875,1010.1208333333334,4.0,4.0,84.625,435.2083333333333,110.0,1180.0,2242.0333333333333,29.68,0,1,119,4,2025,0,spring,train
4946811,556 Nguyễn Văn Cừ,21.0491,105.8831,2025-04-30 00:00:00+00:00,26.40833333333333,2.0917886389750073,23.6,30.2,87.41666666666667,9.504766157572998,69.0,98.0,24.008333333333336,7.8374999999999995,12.2,31.3,-4.294702611507296,2.79328602499454,1011.3000000000001,1010.1374999999999,24.8,24.8,85.70833333333333,395.4166666666667,40.0,1240.0,2289.6458333333335,208.36,0,2,120,4,2025,0,spring,train
4946811,556 Nguyễn Văn Cừ,21.0491,105.8831,2025-05-01 00:00:00+00:00,25.09583333333333,1.9548110476166383,22.1,28.2,84.41666666666667,11.56048993495656,64.0,98.0,22.083333333333332,5.008333333333334,11.7,27.4,1.4234178330143863,-3.534383473001117,1012.7791666666667,1011.6,3.3000000000000003,3.3000000000000003,73.29166666666667,284.375,10.0,890.0,2097.1916666666666,34.800000000000004,0,3,121,5,2025,0,spring,train
4946811,556 Nguyễn Văn Cừ,21.0491,105.8831,2025-05-02 00:00:00+00:00,27.254166666666666,2.5979890495245126,23.9,31.1,77.83333333333333,12.920043971747317,58.0,92.0,22.78333333333333,8.625,13.6,28.8,-3.573726082325924,7.565408590851415,1008.7624999999999,1007.6125000000001,0.0,0.0,36.25,596.6666666666666,90.0,1175.0,2089.4041666666667,0.0,0,4,122,5,2025,0,spring,train
4946811,556 Nguyễn Văn Cừ,21.0491,105.8831,2025-05-03 00:00:00+00:00,27.479166666666668,2.162924583434012,25.2,31.5,84.25,11.1443103049903,65.0,97.0,24.425,11.920833333333334,15.1,32.8,-4.759273077004434,10.466993733898308,1006.2875,1005.1750000000001,0.0,0.0,78.75,570.4166666666666,345.0,1140.0,2292.375,0.0,0,5,123,5,2025,1,spring,train
4946811,556 Nguyễn Văn Cừ,21.0491,105.8831,2025-05-04 00:00:00+00:00,28.90416666666667,2.8341825240640612,25.5,33.5,81.375,10.825945083756968,63.0,96.0,25.224999999999998,13.345833333333333,19.6,37.1,-3.9937036991158976,12.310722988571777,1004.1791666666667,1003.0791666666668,0.7000000000000001,0.7000000000000001,27.541666666666668,602.7083333333334,230.0,1165.0,2323.170833333333,7.58,0,6,124,5,2025,1,spring,train
4946811,556 Nguyễn Văn Cừ,21.0491,105.8831,2025-05-05 00:00:00+00:00,29.837500000000002,2.804160340884827,26.2,34.6,78.70833333333333,10.272289303569666,59.0,92.0,25.59583333333333,11.216666666666667,17.7,33.1,-6.024157584756499,8.544064310527228,1003.8583333333332,1002.7583333333333,0.0,0.0,44.625,585.8333333333334,235.0,1305.0,2321.275,0.0,0,0,125,5,2025,0,spring,train
4946811,556 Nguyễn Văn Cừ,21.0491,105.8831,2025-05-06 00:00:00+00:00,28.900000000000002,2.467175818975846,25.8,32.6,84.95833333333333,10.92853929006493,69.0,98.0,25.941666666666666,10.558333333333334,14.9,28.4,-8.59441082181763,5.080889455485534,1004.5875,1003.4875000000001,1.5,1.5,93.16666666666667,521.6666666666666,255.0,975.0,2429.7291666666665,13.96,0,1,126,5,2025,0,spring,train
4946811,556 Nguyễn Văn Cừ,21.0491,105.8831,2025-05-07 00:00:00+00:00,29.995833333333334,2.7286689168843896,27.0,34.5,80.16666666666667,10.785121259388331,60.0,92.0,26.004166666666666,12.845833333333333,16.8,32.0,-6.527291843559326,10.913286182693605,1002.3874999999999,1001.2875,0.30000000000000004,0.30000000000000004,69.08333333333333,632.9166666666666,295.0,1375.0,2376.7833333333333,3.18,0,2,127,5,2025,0,spring,train
4946811,556 Nguyễn Văn Cừ,21.0491,105.8831,2025-05-08 00:00:00+00:00,30.59583333333333,3.0355114412805198,26.2,35.2,78.45833333333333,9.155559806058767,64.0,94.0,26.270833333333332,13.266666666666666,18.6,34.9,-5.773319762982439,10.607046145132363,1001.4416666666666,1000.3416666666667,0.1,0.1,86.25,539.5833333333334,95.0,1180.0,2374.5958333333333,1.08,0,3,128,5,2025,0,spring,train
4946811,556 Nguyễn Văn Cừ,21.0491,105.8831,2025-05-09 00:00:00+00:00,28.2625,2.338675303224678,25.0,32.7,82.08333333333333,8.904891995373973,65.0,95.0,24.816666666666666,8.204166666666667,23.6,46.8,-4.412388068730608,-0.9818157316418971,1006.7208333333333,1005.5916666666667,8.5,8.5,82.5,430.0,90.0,1130.0,2300.8166666666666,170.52,0,4,129,5,2025,0,spring,train
4946811,556 Nguyễn Văn Cừ,21.0491,105.8831,2025-05-10 00:00:00+00:00,25.616666666666664,3.4972867329908217,20.5,31.2,82.95833333333333,8.956315074300647,64.0,95.0,22.400000000000002,12.354166666666666,25.1,47.2,-3.6985521384297098,-7.257602224676695,1009.3458333333333,1008.1875,34.5,34.5,98.125,679.1666666666666,170.0,1055.0,2103.4916666666663,484.49,0,5,130,5,2025,1,spring,train
4946811,556 Nguyễn Văn Cừ,21.0491,105.8831,2025-05-11 00:00:00+00:00,22.079166666666666,2.587592328395454,18.6,26.5,74.875,11.96484887893082,53.0,90.0,17.195833333333333,8.6875,18.7,39.2,-1.707836633359421,-7.34110278417096,1011.7875,1010.5875,1.6,1.6,69.08333333333333,513.125,60.0,1320.0,1624.4291666666668,25.630000000000003,0,6,131,5,2025,1,spring,train
4946811,556 Nguyễn Văn Cừ,21.0491,105.8831,2025-05-12 00:00:00+00:00,24.037499999999998,2.772349890083045,20.4,28.1,71.04166666666667,14.968021468005267,50.0,93.0,18.058333333333334,6.141666666666667,13.2,24.5,-3.63534503088734,2.7662694373637637,1009.775,1008.6,0.0,0.0,22.583333333333332,462.2916666666667,60.0,1245.0,1668.9208333333333,0.0,0,0,132,5,2025,0,spring,train
4946811,556 Nguyễn Văn Cừ,21.0491,105.8831,2025-05-13 00:00:00+00:00,25.90833333333333,2.1900797417816373,22.5,29.6,79.41666666666667,13.134477254676836,60.0,95.0,21.84583333333333,9.979166666666666,17.1,34.6,-6.5656464034468405,6.9228660714000485,1009.2875,1008.125,0.0,0.0,35.291666666666664,615.625,140.0,1300.0,2032.0125,0.0,0,1,133,5,2025,0,spring,train
4946811,556 Nguyễn Văn Cừ,21.0491,105.8831,2025-05-14 00:00:00+00:00,26.808333333333334,1.7670699567034824,24.5,29.4,86.91666666666667,8.707401482630171,73.0,99.0,24.370833333333334,11.1625,14.8,30.6,-6.608940537549035,8.674166599285563,1009.5625,1008.4125,4.7,4.7,78.5,501.0416666666667,195.0,935.0,2315.4500000000003,50.82000000000001,0,2,134,5,2025,0,spring,train
4946811,556 Nguyễn Văn Cừ,21.0491,105.8831,2025-05-15 00:00:00+00:00,26.3125,1.2116508680667688,25.3,29.8,92.5,6.8524828886419185,75.0,99.0,24.945833333333336,9.166666666666666,14.9,33.8,-5.986024271837721,6.4913492019027075,1009.1583333333333,1007.9958333333333,21.8,21.8,99.875,366.4583333333333,160.0,835.0,2426.4166666666665,183.23,0,3,135,5,2025,0,spring,train
4946811,556 Nguyễn Văn Cừ,21.0491,105.8831,2025-05-16 00:00:00+00:00,27.15416666666667,0.9618727958323381,25.9,28.8,90.75,3.6265926036768277,83.0,97.0,25.474999999999998,10.491666666666667,13.3,25.6,-4.8827504477504275,8.911402699779421,1007.7291666666666,1006.6208333333334,15.0,15.0,96.54166666666667,398.75,140.0,570.0,2461.183333333333,135.51,0,4,136,5,2025,0,spring,train
4946811,556 Nguyễn Văn Cừ,21.0491,105.8831,2025-05-17 00:00:00+00:00,27.608333333333334,1.8398763348486864,25.5,31.3,90.20833333333333,8.282927263834395,75.0,98.0,25.775000000000002,9.345833333333333,16.7,36.4,-4.569204563444109,7.815523041960053,1008.0166666666668,1006.875,11.799999999999999,11.799999999999999,95.08333333333333,381.875,160.0,805.0,2476.4500000000003,149.43,0,5,137,5,2025,1,spring,train
4946811,556 Nguyễn Văn Cừ,21.0491,105.8831,2025-05-18 00:00:00+00:00,27.15416666666667,2.145770190431616,24.2,31.4,89.79166666666667,8.438932379759,74.0,100.0,25.224999999999998,6.883333333333333,10.1,36.4,-2.4893269936683358,2.1920889542022777,1007.6541666666667,1006.5208333333334,35.0,35.0,96.0,333.9583333333333,20.0,1015.0,2421.9708333333333,263.54,0,6,138,5,2025,1,spring,train
4946811,556 Nguyễn Văn Cừ,21.0491,105.8831,2025-05-19 00:00:00+00:00,27.40416666666667,1.4979635935283062,24.8,30.4,89.875,8.136405038868311,73.0,98.0,25.504166666666666,9.887500000000001,13.3,29.2,-4.933526604884354,6.393880318390042,1005.8833333333333,1004.7708333333334,4.9,4.9,97.95833333333333,415.625,155.0,715.0,2452.9375,55.8,0,0,139,5,2025,0,spring,train
4946811,556 Nguyễn Văn Cừ,21.0491,105.8831,2025-05-20 00:00:00+00:00,29.0,1.8978248418741896,26.5,32.4,84.0,6.580603910439143,73.0,93.0,25.983333333333334,12.708333333333334,17.9,35.3,-5.446967608988875,11.291404666780947,1004.4,1003.3000000000001,4.2,4.2,83.33333333333333,556.0416666666666,305.0,905.0,2424.2708333333335,51.230000000000004,0,1,140,5,2025,0,spring,train
4946811,556 Nguyễn Văn Cừ,21.0491,105.8831,2025-05-21 00:00:00+00:00,29.275000000000002,2.0169391359832525,26.9,32.7,83.08333333333333,7.762320734703361,70.0,93.0,26.008333333333336,12.008333333333333,15.2,30.6,-5.463154774483688,10.509642411371901,1004.4458333333333,1003.3458333333333,4.5,4.5,92.58333333333333,560.2083333333334,385.0,945.0,2417.3624999999997,46.76,0,2,141,5,2025,0,spring,train
4946811,556 Nguyễn Văn Cừ,21.0491,105.8831,2025-05-22 00:00:00+00:00,28.625,1.4546028891822635,26.6,30.6,86.29166666666667,7.543953332574232,73.0,97.0,26.045833333333334,11.333333333333334,16.1,33.8,-5.47783774650939,9.384896180775124,1003.8000000000001,1002.6999999999999,11.3,11.3,99.54166666666667,537.0833333333334,385.0,735.0,2459.7166666666667,146.16,0,3,142,5,2025,0,spring,train
4946811,556 Nguyễn Văn Cừ,21.0491,105.8831,2025-05-23 00:00:00+00:00,26.458333333333332,1.558961936302672,24.0,29.0,91.375,5.1398908802492596,84.0,99.0,24.879166666666666,7.579166666666667,14.0,27.4,-0.7944446452684134,-3.8051262794228617,1006.5083333333333,1005.3708333333334,14.7,14.7,99.70833333333333,324.1666666666667,40.0,670.0,2411.266666666667,127.31,0,4,143,5,2025,0,spring,train
4946811,556 Nguyễn Văn Cừ,21.0491,105.8831,2025-05-24 00:00:00+00:00,23.020833333333332,0.9559785183445444,22.0,24.9,84.45833333333333,3.7761167846101493,78.0,90.0,20.254166666666666,14.35,19.8,37.8,-0.23901502399675154,-13.735785947299027,1012.1041666666666,1010.9041666666667,20.7,20.7,100.0,598.75,495.0,850.0,1946.175,312.81,0,5,144,5,2025,1,spring,train
4946811,556 Nguyễn Văn Cừ,21.0491,105.8831,2025-05-25 00:00:00+00:00,23.883333333333336,2.2476396637297142,20.9,27.9,69.29166666666667,6.610131661299199,57.0,77.0,17.816666666666666,12.875,17.3,35.3,-4.324189805551944,-10.973102266521652,1014.2083333333334,1013.0208333333334,0.1,0.1,90.45833333333333,715.4166666666666,320.0,1405.0,1641.3833333333332,1.2300000000000002,0,6,145,5,2025,1,spring,train
4946811,556 Nguyễn Văn Cừ,21.0491,105.8831,2025-05-26 00:00:00+00:00,24.7,1.8156326002609744,21.3,27.8,75.25,9.551917631281306,61.0,90.0,19.849999999999998,7.604166666666667,12.2,23.0,-4.798650798138026,-2.36369188822906,1012.9375,1011.75,0.0,0.0,96.41666666666667,475.4166666666667,55.0,1230.0,1845.6833333333334,0.0,0,0,146,5,2025,0,spring,train
4946811,556 Nguyễn Văn Cừ,21.0491,105.8831,2025-05-27 00:00:00+00:00,24.754166666666666,1.0329271057519513,23.2,26.6,88.79166666666667,7.678197063434065,75.0,99.0,22.71666666666667,3.670833333333333,7.6,19.4,-1.3358783328945554,-2.170947341968195,1010.0958333333333,1008.9,3.9,3.9,99.04166666666667,215.83333333333334,10.0,760.0,2193.6916666666666,19.759999999999998,0,1,147,5,2025,0,spring,train
4946811,556 Nguyễn Văn Cừ,21.0491,105.8831,2025-05-28 00:00:00+00:00,27.416666666666668,2.0983775651195615,24.9,31.0,85.75,9.705444460400194,69.0,98.0,24.704166666666666,8.283333333333333,13.2,29.9,-5.116734414447177,6.086721482120623,1006.7833333333333,1005.6458333333334,7.0,7.0,83.33333333333333,455.8333333333333,110.0,1075.0,2331.9958333333334,54.08,0,2,148,5,2025,0,spring,train
4946811,556 Nguyễn Văn Cừ,21.0491,105.8831,2025-05-29 00:00:00+00:00,26.454166666666666,2.5279273460023877,22.9,30.2,84.625,7.744914179781075,73.0,95.0,23.59166666666667,9.695833333333333,14.4,26.6,-6.9933931784865315,-4.565973935490153,1007.2125,1006.0666666666666,18.3,18.3,99.45833333333333,446.6666666666667,175.0,790.0,2223.704166666667,155.57999999999998,0,3,149,5,2025,0,spring,train
4946811,556 Nguyễn Văn Cừ,21.0491,105.8831,2025-05-30 00:00:00+00:00,26.479166666666668,1.7800779579085522,23.2,29.5,86.08333333333333,9.481866751934936,71.0,97.0,23.858333333333334,8.879166666666666,14.4,31.0,-5.011119497629575,6.035384364315882,1006.2875,1005.1458333333334,4.1,4.1,88.25,477.0833333333333,225.0,870.0,2264.9333333333334,20.439999999999998,0,4,150,5,2025,0,spring,train
4946811,556 Nguyễn Văn Cừ,21.0491,105.8831,2025-05-31 00:00:00+00:00,30.037499999999998,2.5328815863428704,27.0,34.7,79.16666666666667,11.208175070268897,58.0,91.0,25.816666666666666,12.799999999999999,16.3,34.2,-2.459820053988465,11.856791788166724,1001.5083333333333,1000.4083333333333,0.2,0.2,89.0,607.7083333333334,150.0,1380.0,2351.9916666666663,3.16,0,5,151,5,2025,1,spring,train
4946811,556 Nguyễn Văn Cừ,21.0491,105.8831,2025-06-01 00:00:00+00:00,32.34166666666667,3.0957076407667206,28.2,37.8,65.29166666666667,9.625505821453775,47.0,81.0,24.7375,10.941666666666668,16.1,33.8,6.466203810568107,8.085590821101404,998.2541666666666,997.1541666666667,0.0,0.0,65.125,626.6666666666666,80.0,2135.0,2086.608333333333,0.0,0,6,152,6,2025,1,summer,train
4946811,556 Nguyễn Văn Cừ,21.0491,105.8831,2025-06-02 00:00:00+00:00,31.6875,4.13545775816477,25.9,37.1,71.625,16.789780794591532,49.0,95.0,25.433333333333334,8.954166666666667,13.7,29.2,1.0920128921798185,-3.6684226892066243,1000.3833333333333,999.2833333333333,14.4,14.4,99.54166666666667,605.4166666666666,35.0,1540.0,2203.8541666666665,155.63000000000002,0,0,153,6,2025,0,summer,train
4946811,556 Nguyễn Văn Cừ,21.0491,105.8831,2025-06-03 00:00:00+00:00,28.395833333333332,2.7289875757148097,24.9,32.5,80.66666666666667,13.521855631167822,60.0,97.0,24.479166666666668,8.020833333333334,14.1,27.4,-2.304245501902594,0.9422995342204531,1004.3083333333334,1003.1916666666666,19.1,19.1,99.75,514.1666666666666,40.0,1195.0,2255.7166666666667,93.07,0,1,154,6,2025,0,summer,train
4946811,556 Nguyễn Văn Cừ,21.0491,105.8831,2025-06-04 00:00:00+00:00,27.379166666666666,2.3969145323440944,24.3,31.9,88.54166666666667,10.108021638741949,70.0,98.0,25.15833333333333,4.125,11.1,25.2,0.12275699021299145,-0.7121146972346736,1006.7375000000001,1005.6041666666666,19.5,19.5,87.16666666666667,326.6666666666667,30.0,1075.0,2401.7916666666665,65.88,0,2,155,6,2025,0,summer,train
4946811,556 Nguyễn Văn Cừ,21.0491,105.8831,2025-06-05 00:00:00+00:00,29.008333333333336,2.2120061063416516,25.9,32.8,82.75,11.508975703299175,64.0,96.0,25.579166666666666,8.929166666666667,15.1,31.0,-4.11460234911421,6.7718359509433625,1006.1374999999999,1005.0333333333333,1.2,1.2,49.5,555.2083333333334,180.0,1005.0,2376.375,8.600000000000001,0,3,156,6,2025,0,summer,train
4946811,556 Nguyễn Văn Cừ,21.0491,105.8831,2025-06-06 00:00:00+00:00,29.391666666666666,1.6841761414300809,27.1,32.1,84.375,7.884009683888788,72.0,95.0,26.416666666666668,11.595833333333333,14.3,31.0,-5.475718651921305,10.06488572549386,1004.8291666666668,1003.7291666666666,7.8,7.8,49.416666666666664,556.875,320.0,870.0,2467.4958333333334,81.35,0,4,157,6,2025,0,summer,train
4946811,556 Nguyễn Văn Cừ,21.0491,105.8831,2025-06-07 00:00:00+00:00,29.629166666666666,1.9236467104608004,26.8,32.7,84.04166666666667,6.880844024736619,72.0,95.0,26.608333333333334,9.895833333333334,13.9,31.7,-5.508947585939667,7.845497020693753,1003.8041666666667,1002.7041666666668,9.399999999999999,9.399999999999999,75.70833333333333,486.875,170.0,840.0,2477.6541666666667,91.07,0,5,158,6,2025,1,summer,train
4946811,556 Nguyễn Văn Cừ,21.0491,105.8831,2025-06-08 00:00:00+00:00,28.808333333333334,2.86840611197027,24.8,33.2,85.625,11.020978020200344,68.0,98.0,26.0,5.504166666666666,11.8,25.6,-2.2406525678903884,0.485965346154883,1003.6625,1002.5541666666667,27.7,27.7,97.70833333333333,344.1666666666667,20.0,945.0,2436.7791666666667,237.89,0,6,159,6,2025,1,summer,train
4946811,556 Nguyễn Văn Cừ,21.0491,105.8831,2025-06-09 00:00:00+00:00,28.3125,2.3452658141734015,24.8,32.6,86.91666666666667,11.38999052053912,68.0,99.0,25.75,3.954166666666667,10.5,21.2,-0.07969018201923905,-0.43796108412406437,1003.6333333333333,1002.5291666666667,12.899999999999999,12.899999999999999,88.41666666666667,341.4583333333333,35.0,1070.0,2436.3791666666666,96.94999999999999,0,0,160,6,2025,0,summer,train
4946811,556 Nguyễn Văn Cừ,21.0491,105.8831,2025-06-10 00:00:00+00:00,27.28333333333333,1.6515254257455596,25.0,29.9,80.79166666666667,6.413160156148119,71.0,96.0,23.629166666666666,10.779166666666667,17.5,37.4,5.8128420880587335,-8.499971420893312,1004.7291666666666,1003.625,7.2,7.2,66.70833333333333,391.25,110.0,880.0,2195.4583333333335,74.26,0,1,161,6,2025,0,summer,train
4946811,556 Nguyễn Văn Cừ,21.0491,105.8831,2025-06-11 00:00:00+00:00,29.041666666666668,2.432553974854351,26.1,33.2,75.625,10.307500434993505,59.0,89.0,24.129166666666666,10.254166666666666,14.6,32.4,1.8675171832657627,-9.206606438778431,1003.5625,1002.4625,1.2,1.2,73.66666666666667,546.6666666666666,100.0,1310.0,2173.6541666666667,13.44,0,2,162,6,2025,0,summer,train
4946811,556 Nguyễn Văn Cừ,21.0491,105.8831,2025-06-12 00:00:00+00:00,29.308333333333334,2.2847160734392977,25.8,33.0,71.79166666666667,9.591568610284607,57.0,88.0,23.55,13.541666666666666,21.3,49.3,-2.068707460591645,-12.86999191539617,1002.5458333333332,1001.4458333333333,2.9,2.9,99.08333333333333,761.4583333333334,300.0,1460.0,2083.704166666667,40.370000000000005,0,3,163,6,2025,0,summer,train
4946811,556 Nguyễn Văn Cừ,21.0491,105.8831,2025-06-13 00:00:00+00:00,29.083333333333332,1.6383094857243834,25.9,31.8,76.875,5.651567693242672,66.0,90.0,24.554166666666664,13.137500000000001,19.9,48.2,2.8990249578110965,-12.617321185052262,1001.3666666666667,1000.2666666666668,4.0,4.0,98.95833333333333,570.2083333333334,80.0,1275.0,2227.7875,71.72,0,4,164,6,2025,0,summer,train
4946811,556 Nguyễn Văn Cừ,21.0491,105.8831,2025-06-14 00:00:00+00:00,30.3125,2.4215181188667554,26.9,34.7,78.04166666666667,12.845162062262865,57.0,95.0,25.795833333333334,8.4625,12.3,28.8,-0.34547737693901076,2.681637736360352,1000.8375,999.7375000000001,1.5,1.5,91.41666666666667,506.0416666666667,50.0,1310.0,2336.3541666666665,13.9,0,5,165,6,2025,1,summer,train
4946811,556 Nguyễn Văn Cừ,21.0491,105.8831,2025-06-15 00:00:00+00:00,28.599999999999998,2.9956490187400533,25.8,35.3,87.25,10.867782462497756,60.0,98.0,26.083333333333332,4.55,14.5,32.0,0.6968311098536358,-1.8589880890493262,1002.8583333333332,1001.7583333333333,33.6,33.6,97.58333333333333,332.0833333333333,70.0,1455.0,2464.85,283.96000000000004,0,6,166,6,2025,1,summer,train
4946811,556 Nguyễn Văn Cừ,21.0491,105.8831,2025-06-16 00:00:00+00:00,28.3,1.961365983629555,26.2,32.5,85.79166666666667,10.051948401512348,65.0,97.0,25.579166666666666,6.645833333333333,10.6,22.7,-3.1135632632518195,3.449281988734462,1004.1916666666666,1003.0916666666667,3.8,3.8,98.45833333333333,358.75,90.0,1095.0,2409.3166666666666,30.42,0,0,167,6,2025,0,summer,train
4946811,556 Nguyễn Văn Cừ,21.0491,105.8831,2025-06-17 00:00:00+00:00,29.041666666666668,1.5197015343886398,27.0,32.3,83.41666666666667,5.412679692100332,74.0,94.0,25.920833333333334,9.5875,15.7,41.0,-2.4521531789623086,8.0020809045598,1003.4666666666667,1002.3666666666667,2.0,2.0,99.95833333333333,347.2916666666667,100.0,740.0,2417.3333333333335,19.78,0,1,168,6,2025,0,summer,train
4946811,556 Nguyễn Văn Cừ,21.0491,105.8831,2025-06-18 00:00:00+00:00,30.395833333333332,2.27280312785138,27.1,34.2,77.5,9.956426807977278,60.0,91.0,25.849999999999998,14.066666666666668,17.9,34.2,-2.248069858948924,13.682984281280008,1002.4125,1001.3125,1.0,1.0,99.04166666666667,619.1666666666666,210.0,1190.0,2335.0041666666666,9.0,0,2,169,6,2025,0,summer,train
4946811,556 Nguyễn Văn Cừ,21.0491,105.8831,2025-06-19 00:00:00+00:00,30.087500000000002,2.133646093468623,26.6,33.3,79.91666666666667,9.45431425175906,64.0,96.0,26.104166666666668,12.862499999999999,17.5,31.0,-5.558122700182061,11.100479474431559,1002.5583333333334,1001.4583333333334,9.200000000000001,9.200000000000001,100.0,527.2916666666666,180.0,955.0,2385.4583333333335,112.42,0,3,170,6,2025,0,summer,train
4946811,556 Nguyễn Văn Cừ,21.0491,105.8831,2025-06-20 00:00:00+00:00,29.104166666666668,2.707233332913989,25.4,32.5,83.75,11.75936259733716,68.0,99.0,25.875,8.345833333333333,14.2,31.0,-3.9533964883363364,5.961465399249264,1003.2375000000001,1002.1374999999999,48.0,48.0,99.91666666666667,431.6666666666667,100.0,835.0,2407.179166666667,219.82,0,4,171,6,2025,0,summer,train
4946811,556 Nguyễn Văn Cừ,21.0491,105.8831,2025-06-21 00:00:00+00:00,27.395833333333332,2.3733079403461623,24.5,31.8,90.125,6.65492625641043,77.0,100.0,25.59583333333333,7.179166666666667,11.1,25.2,-3.35805124409003,4.872037533915041,1004.8416666666667,1003.7125,49.5,49.5,99.91666666666667,394.375,170.0,985.0,2454.3875000000003,392.03000000000003,0,5,172,6,2025,1,summer,train
4946811,556 Nguyễn Văn Cừ,21.0491,105.8831,2025-06-22 00:00:00+00:00,27.087500000000002,1.9658635672948899,24.4,30.8,90.0,6.12194910707082,78.0,99.0,25.258333333333336,8.575000000000001,12.6,27.7,-3.1878153229349953,6.411540191914611,1005.3583333333332,1004.2208333333333,26.3,26.3,97.91666666666667,360.0,130.0,760.0,2427.0,222.81,0,6,173,6,2025,1,summer,train
4946811,556 Nguyễn Văn Cừ,21.0491,105.8831,2025-06-23 00:00:00+00:00,29.020833333333332,2.433458652718954,25.7,32.8,83.16666666666667,8.498934289543072,70.0,95.0,25.787499999999998,10.808333333333332,15.2,31.3,-4.213348162979727,9.547192112220044,1003.6791666666667,1002.5791666666668,6.1,6.1,93.125,562.5,240.0,1170.0,2394.6124999999997,39.42,0,0,174,6,2025,0,summer,train
4946811,556 Nguyễn Văn Cừ,21.0491,105.8831,2025-06-24 00:00:00+00:00,28.641666666666666,2.5179212728423184,25.1,32.9,86.45833333333333,9.021612536216756,71.0,97.0,26.05,9.295833333333333,15.7,34.9,-4.830310259218981,7.470556433615353,1005.0500000000001,1003.9375,7.800000000000001,7.800000000000001,95.91666666666667,477.7083333333333,35.0,1220.0,2454.8458333333333,84.84,0,1,175,6,2025,0,summer,train
4946811,556 Nguyễn Văn Cừ,21.0491,105.8831,2025-06-25 00:00:00+00:00,28.72083333333333,2.0368302669176637,25.6,32.5,83.66666666666667,8.524474568362955,70.0,96.0,25.566666666666666,7.737500000000001,12.8,32.8,-3.9673730865748094,6.446735516674502,1006.0500000000001,1004.9499999999999,2.6,2.6,38.541666666666664,484.7916666666667,120.0,1145.0,2386.8166666666666,23.700000000000003,0,2,176,6,2025,0,summer,train
4946811,556 Nguyễn Văn Cừ,21.0491,105.8831,2025-06-26 00:00:00+00:00,28.8125,2.8555533233698664,24.5,33.4,83.95833333333333,11.659961841486767,66.0,100.0,25.625,6.7124999999999995,9.9,20.9,-2.784854686430488,2.9054310470821565,1004.3375,1003.2333333333332,32.0,32.0,81.58333333333333,530.2083333333334,95.0,1350.0,2387.2875,242.02,0,3,177,6,2025,0,summer,train
4946811,556 Nguyễn Văn Cừ,21.0491,105.8831,2025-06-27 00:00:00+00:00,26.258333333333336,1.6180817055381043,24.3,29.8,92.83333333333333,5.1975468014846244,79.0,99.0,24.974999999999998,6.995833333333334,13.7,31.0,-5.055791434892644,1.5923622313608858,1004.0541666666667,1002.9166666666666,36.8,36.8,100.0,251.875,120.0,590.0,2430.358333333333,323.46,0,4,178,6,2025,0,summer,train
4946811,556 Nguyễn Văn Cừ,21.0491,105.8831,2025-06-28 00:00:00+00:00,26.879166666666666,1.8012022957305271,24.3,30.6,90.66666666666667,6.696310903037956,77.0,99.0,25.175,6.545833333333333,15.6,33.1,-4.250373564452413,1.5556880317665103,1002.275,1001.1708333333332,34.3,34.3,100.0,306.875,60.0,910.0,2425.929166666667,313.73,0,5,179,6,2025,1,summer,train
4946811,556 Nguyễn Văn Cừ,21.0491,105.8831,2025-06-29 00:00:00+00:00,27.383333333333336,2.339949212876334,24.5,31.9,88.66666666666667,10.089454962944002,70.0,99.0,25.204166666666666,7.4875,15.7,35.6,-4.005906609879782,2.968991780017473,1000.75,999.65,20.5,20.5,99.83333333333333,343.75,70.0,940.0,2405.9083333333333,189.19,0,6,180,6,2025,1,summer,train
4946811,556 Nguyễn Văn Cừ,21.0491,105.8831,2025-06-30 00:00:00+00:00,27.041666666666668,2.195433336777021,24.5,31.5,91.375,7.772932410671648,75.0,99.0,25.425,6.604166666666667,11.7,29.9,-4.879893472460752,0.9833274228156377,1002.0,1000.8833333333333,49.9,49.9,100.0,290.2083333333333,45.0,735.0,2455.1749999999997,316.7,0,0,181,6,2025,0,summer,train
4946811,556 Nguyễn Văn Cừ,21.0491,105.8831,2025-07-01 00:00:00+00:00,27.004166666666666,2.137141359013439,24.7,31.1,87.875,9.2657034740793,70.0,97.0,24.724999999999998,8.641666666666667,14.3,29.2,-6.994469383508242,4.244224068817261,1004.3791666666666,1003.25,14.1,14.1,99.66666666666667,412.2916666666667,155.0,1005.0,2354.4583333333335,117.62,0,1,182,7,2025,0,summer,train
4946811,556 Nguyễn Văn Cừ,21.0491,105.8831,2025-07-02 00:00:00+00:00,26.599999999999998,1.8256624765440244,24.1,30.3,89.08333333333333,7.999547088628733,73.0,99.0,24.554166666666664,8.083333333333334,14.3,34.9,-6.213148462254676,1.266090466134191,1006.5208333333334,1005.3833333333333,10.0,10.0,96.95833333333333,370.8333333333333,40.0,970.0,2355.7999999999997,69.97,0,2,183,7,2025,0,summer,train
4946811,556 Nguyễn Văn Cừ,21.0491,105.8831,2025-07-03 00:00:00+00:00,26.566666666666666,1.5307476623523233,24.2,28.9,90.16666666666667,7.504587968683566,78.0,99.0,24.75,5.383333333333333,14.8,30.6,-2.621482852680771,-0.4959487076508396,1006.375,1005.2375000000001,13.9,13.9,98.08333333333333,249.79166666666666,35.0,610.0,2384.7708333333335,145.55999999999997,0,3,184,7,2025,0,summer,train
4946811,556 Nguyễn Văn Cừ,21.0491,105.8831,2025-07-04 00:00:00+00:00,27.645833333333332,2.0563748530440353,24.8,31.4,85.83333333333333,9.295471860075166,69.0,99.0,24.9375,4.166666666666667,7.9,27.0,-1.2310888973753613,1.784033475079329,1004.6583333333333,1003.5541666666667,4.8,4.8,92.5,321.0416666666667,40.0,970.0,2354.9375,33.14,0,4,185,7,2025,0,summer,train
4946811,556 Nguyễn Văn Cừ,21.0491,105.8831,2025-07-05 00:00:00+00:00,29.34166666666667,2.7351045869306865,25.6,33.4,78.41666666666667,14.178724621208284,58.0,96.0,24.920833333333334,5.029166666666667,10.9,21.2,-2.005382390205042,3.2233981466717907,1003.2624999999999,1002.1625,0.4,0.4,74.25,472.7083333333333,60.0,1200.0,2263.8333333333335,3.5600000000000005,0,5,186,7,2025,1,summer,train
4946811,556 Nguyễn Văn Cừ,21.0491,105.8831,2025-07-06 00:00:00+00:00,28.59166666666667,2.438266787604718,25.8,32.7,83.16666666666667,11.465133028548722,64.0,98.0,25.258333333333336,6.6125,13.5,35.3,-3.0851520642911985,4.9220937627453365,1003.1625,1002.0625,8.499999999999998,8.499999999999998,84.58333333333333,461.4583333333333,140.0,1135.0,2351.2208333333333,112.57,0,6,187,7,2025,1,summer,train
4946811,556 Nguyễn Văn Cừ,21.0491,105.8831,2025-07-07 00:00:00+00:00,28.77916666666667,1.9345776230769705,26.2,32.5,85.125,9.52941669824001,68.0,98.0,25.925,5.620833333333334,10.1,24.5,-2.8390813917314532,3.990034605517279,1001.75,1000.65,2.5,2.5,80.25,400.8333333333333,30.0,1095.0,2432.2541666666666,21.73,0,0,188,7,2025,0,summer,train
4946811,556 Nguyễn Văn Cừ,21.0491,105.8831,2025-07-08 00:00:00+00:00,30.412499999999998,2.889307499399633,26.5,34.5,79.375,14.646004055120583,58.0,99.0,26.104166666666668,5.566666666666666,10.4,21.2,-0.706920741378898,2.7977074066835343,999.8375,998.7375000000001,0.2,0.2,86.125,458.5416666666667,35.0,1195.0,2373.633333333333,1.1800000000000002,0,1,189,7,2025,0,summer,train
4946811,556 Nguyễn Văn Cừ,21.0491,105.8831,2025-07-09 00:00:00+00:00,29.954166666666666,3.172158662442682,26.6,35.6,83.83333333333333,14.6128789731544,56.0,98.0,26.616666666666664,6.6499999999999995,16.5,34.2,1.888986951438542,-3.240147451680412,998.6291666666666,997.5291666666667,1.2000000000000002,1.2000000000000002,98.29166666666667,441.0416666666667,115.0,1315.0,2467.3791666666666,7.180000000000001,0,2,190,7,2025,0,summer,train
4946811,556 Nguyễn Văn Cừ,21.0491,105.8831,2025-07-10 00:00:00+00:00,29.241666666666664,2.709069576628567,25.4,33.5,84.0,13.43583786484621,63.0,98.0,26.020833333333332,7.766666666666667,12.4,24.8,4.140652143902111,-4.988139229206642,997.9708333333333,996.8708333333334,7.9,7.9,96.875,431.875,45.0,1025.0,2422.266666666667,76.34,0,3,191,7,2025,0,summer,train
4946811,556 Nguyễn Văn Cừ,21.0491,105.8831,2025-07-11 00:00:00+00:00,27.054166666666664,2.093879105904861,24.5,31.6,89.5,8.821909484715981,70.0,99.0,25.079166666666666,8.529166666666667,13.7,29.2,3.4562937798762534,-5.457159143687885,1000.9583333333334,999.85,27.7,27.7,100.0,335.4166666666667,75.0,1010.0,2404.204166666667,275.86,0,4,192,7,2025,0,summer,train
4946811,556 Nguyễn Văn Cừ,21.0491,105.8831,2025-07-12 00:00:00+00:00,27.21666666666667,2.034200337845994,24.8,31.4,89.16666666666667,10.470109283374127,68.0,99.0,25.141666666666666,7.508333333333333,11.1,25.6,2.0362467389653887,-4.869250365359328,1004.475,1003.3625000000001,18.4,18.4,99.75,377.2916666666667,25.0,1085.0,2407.133333333333,158.03,0,5,193,7,2025,1,summer,train
4946811,556 Nguyễn Văn Cừ,21.0491,105.8831,2025-07-13 00:00:00+00:00,28.837500000000002,2.2241388172191208,25.2,32.4,84.875,10.254638399068602,69.0,98.0,25.895833333333332,4.9125000000000005,11.2,24.5,-0.8122205887743105,1.8202254483748757,1004.6458333333334,1003.5416666666666,1.2000000000000002,1.2000000000000002,87.41666666666667,416.4583333333333,55.0,1135.0,2425.9958333333334,5.7,0,6,194,7,2025,1,summer,train
4946811,556 Nguyễn Văn Cừ,21.0491,105.8831,2025-07-14 00:00:00+00:00,28.616666666666664,1.6372476019664601,26.6,32.2,87.54166666666667,7.015381651068231,74.0,97.0,26.275000000000002,5.5125,8.8,20.5,-3.349437183324685,2.4326368747522715,1003.0708333333333,1001.9708333333333,4.1,4.1,97.04166666666667,297.2916666666667,85.0,1015.0,2494.3125,24.12,0,0,195,7,2025,0,summer,train
4946811,556 Nguyễn Văn Cừ,21.0491,105.8831,2025-07-15 00:00:00+00:00,29.541666666666668,2.210236396301589,26.9,33.2,82.125,12.116508680667694,62.0,97.0,25.954166666666666,6.8999999999999995,11.1,20.5,-3.527992151767407,4.5036580230311865,1001.4041666666667,1000.3041666666667,1.0,1.0,76.83333333333333,429.1666666666667,55.0,1000.0,2400.5291666666667,4.5,0,1,196,7,2025,0,summer,train
4946811,556 Nguyễn Văn Cừ,21.0491,105.8831,2025-07-16 00:00:00+00:00,29.570833333333336,1.9476807091840125,26.5,32.0,85.29166666666667,8.759983952073181,70.0,99.0,26.754166666666666,4.375,11.5,22.0,-1.0648274221094531,0.4219115120230561,1002.0708333333333,1000.9708333333333,6.4,6.4,80.29166666666667,343.9583333333333,15.0,840.0,2506.0333333333333,19.010000000000005,0,2,197,7,2025,0,summer,train
4946811,556 Nguyễn Văn Cừ,21.0491,105.8831,2025-07-17 00:00:00+00:00,30.891666666666666,2.451604029781437,27.5,34.6,77.41666666666667,11.519045350943859,59.0,94.0,26.287499999999998,5.3875,10.3,18.7,-0.06934444534288131,3.6312867008693943,1001.7875,1000.6875,0.4,0.4,60.333333333333336,488.3333333333333,85.0,1155.0,2364.8125,0.48,0,3,198,7,2025,0,summer,train
4946811,556 Nguyễn Văn Cừ,21.0491,105.8831,2025-07-18 00:00:00+00:00,31.583333333333332,2.776401591467174,27.5,35.5,73.83333333333333,12.572110841640429,55.0,93.0,26.099999999999998,5.841666666666666,10.1,24.8,1.1540270441579845,1.0985834653836664,998.3416666666667,997.2416666666667,0.0,0.0,93.20833333333333,457.5,30.0,1255.0,2298.9625,0.0,0,4,199,7,2025,0,summer,train
4946811,556 Nguyễn Văn Cừ,21.0491,105.8831,2025-07-19 00:00:00+00:00,28.695833333333336,3.428839221339652,24.8,35.2,84.875,10.284274614566945,62.0,94.0,25.745833333333334,7.229166666666667,12.3,29.2,4.360002038457742,-2.994507291047665,997.0333333333333,995.9333333333334,15.899999999999999,15.899999999999999,99.95833333333333,363.5416666666667,155.0,1335.0,2402.7000000000003,78.18,0,5,200,7,2025,1,summer,train
4946811,556 Nguyễn Văn Cừ,21.0491,105.8831,2025-07-20 00:00:00+00:00,28.912499999999998,1.7149755987616322,26.3,32.8,85.41666666666667,8.240497381921156,67.0,95.0,26.104166666666668,10.179166666666667,17.8,32.4,7.580508693769521,-3.3262895849963763,995.6583333333333,994.5583333333334,4.1000000000000005,4.1000000000000005,99.875,302.2916666666667,50.0,665.0,2457.358333333333,39.05,0,6,201,7,2025,1,summer,train
4946811,556 Nguyễn Văn Cừ,21.0491,105.8831,2025-07-21 00:00:00+00:00,27.554166666666664,1.5734147762020712,25.8,31.1,89.20833333333333,5.8008932345666,75.0,94.0,25.554166666666664,21.32916666666667,30.8,60.5,17.118091249427255,-10.692511894150242,992.3583333333332,991.2583333333333,57.5,57.5,100.0,661.4583333333334,335.0,1175.0,2450.554166666667,1329.6,0,0,202,7,2025,0,summer,train
4946811,556 Nguyễn Văn Cừ,21.0491,105.8831,2025-07-22 00:00:00+00:00,27.329166666666666,1.861621351932506,24.8,30.8,84.04166666666667,7.339465486204589,69.0,94.0,24.3,22.15833333333333,32.0,70.6,-16.43755670310532,-9.971620897062621,992.85,991.75,12.2,12.2,99.66666666666667,796.0416666666666,240.0,1160.0,2284.9,329.98,0,1,203,7,2025,0,summer,train
4946811,556 Nguyễn Văn Cừ,21.0491,105.8831,2025-07-23 00:00:00+00:00,27.425,1.9263053168989175,25.0,31.3,87.70833333333333,8.543897729127908,70.0,98.0,25.133333333333336,8.079166666666667,17.1,38.5,-5.769653942367786,1.212411566393069,999.0791666666668,997.9791666666666,21.1,21.1,98.91666666666667,380.2083333333333,75.0,1030.0,2390.1458333333335,189.06000000000003,0,2,204,7,2025,0,summer,train
4946811,556 Nguyễn Văn Cừ,21.0491,105.8831,2025-07-24 00:00:00+00:00,27.316666666666666,1.8388717397802161,25.2,31.0,89.0,8.387361091961907,72.0,98.0,25.241666666666664,5.591666666666666,13.7,31.0,-2.951291846377424,-0.5041768250923498,1001.3249999999999,1000.225,17.0,17.0,99.875,325.625,45.0,1005.0,2416.7708333333335,101.35000000000001,0,3,205,7,2025,0,summer,train
4946811,556 Nguyễn Văn Cừ,21.0491,105.8831,2025-07-25 00:00:00+00:00,27.675,1.657460078868713,25.8,31.2,90.83333333333333,8.106179428530817,76.0,100.0,25.974999999999998,3.795833333333333,8.7,23.4,-0.797467526361328,0.34409256284250905,1001.3041666666667,1000.2041666666668,7.7,7.7,87.91666666666667,277.5,35.0,1000.0,2501.375,48.650000000000006,0,4,206,7,2025,0,summer,train
4946811,556 Nguyễn Văn Cừ,21.0491,105.8831,2025-07-26 00:00:00+00:00,28.329166666666666,2.4438884139236294,25.7,32.5,86.66666666666667,12.397989551840098,66.0,100.0,25.666666666666668,3.8791666666666664,11.7,27.4,-0.46452768043380027,-0.41326293837708583,1000.8874999999999,999.7875,14.600000000000001,14.600000000000001,82.20833333333333,351.4583333333333,40.0,1005.0,2426.4166666666665,117.50999999999998,0,5,207,7,2025,1,summer,train
4946811,556 Nguyễn Văn Cừ,21.0491,105.8831,2025-07-27 00:00:00+00:00,28.6875,2.497357298878331,25.3,32.5,84.375,11.208740766259936,67.0,99.0,25.6125,5.508333333333333,13.3,27.7,-1.0339466010380345,2.3292289200402894,1000.1875,999.0875,1.2000000000000002,1.2000000000000002,72.0,406.875,30.0,1080.0,2393.775,10.7,0,6,208,7,2025,1,summer,train
4946811,556 Nguyễn Văn Cừ,21.0491,105.8831,2025-07-28 00:00:00+00:00,30.2,2.5776632491632725,26.8,34.2,79.875,12.17021488860335,59.0,97.0,26.108333333333334,4.9624999999999995,11.9,24.5,-0.6187525587565431,3.3899126227160394,998.1291666666666,997.0291666666667,0.2,0.2,29.041666666666668,436.0416666666667,35.0,1140.0,2382.375,0.44000000000000006,0,0,209,7,2025,0,summer,train
4946811,556 Nguyễn Văn Cừ,21.0491,105.8831,2025-07-29 00:00:00+00:00,31.295833333333334,2.7162120629682955,27.5,35.3,76.66666666666667,11.14203426382417,59.0,93.0,26.516666666666666,5.670833333333333,8.8,17.3,-0.8382117223989057,3.764355235050772,996.9875000000001,995.8874999999999,0.0,0.0,99.45833333333333,418.125,50.0,1125.0,2370.75,0.0,0,1,210,7,2025,0,summer,train
4946811,556 Nguyễn Văn Cừ,21.0491,105.8831,2025-07-30 00:00:00+00:00,31.825,2.7423014770999066,28.1,35.8,78.04166666666667,12.386806328287072,59.0,98.0,27.258333333333336,4.416666666666667,8.1,21.6,0.38812852782070073,0.5742295780462389,996.6750000000001,995.5749999999999,5.8,5.8,99.75,403.9583333333333,15.0,1200.0,2451.5333333333333,14.5,0,2,211,7,2025,0,summer,train
4946811,556 Nguyễn Văn Cừ,21.0491,105.8831,2025-07-31 00:00:00+00:00,29.266666666666666,2.749334570347914,26.2,33.8,84.16666666666667,11.020402686032789,66.0,96.0,26.1375,6.091666666666666,18.5,33.5,0.5079266930779532,1.7934933686405141,997.6583333333333,996.5583333333334,12.6,12.6,98.875,381.875,60.0,925.0,2434.8708333333334,119.57,0,3,212,7,2025,0,summer,train
4946811,556 Nguyễn Văn Cừ,21.0491,105.8831,2025-08-01 00:00:00+00:00,28.433333333333334,2.0031858683578005,26.0,32.3,86.0,10.065006101641822,70.0,98.0,25.75,5.758333333333333,13.5,31.0,0.6453634468553581,-2.1027361963390043,999.2875,998.1875,4.6000000000000005,4.6000000000000005,84.33333333333333,370.8333333333333,35.0,1095.0,2426.4958333333334,32.95,0,4,213,8,2025,0,summer,train
4946811,556 Nguyễn Văn Cừ,21.0491,105.8831,2025-08-02 00:00:00+00:00,30.47083333333333,2.498952679174541,26.9,34.7,81.125,10.401975146890214,62.0,98.0,26.7375,6.5249999999999995,14.6,29.2,0.6030804334017177,5.433595170846022,1000.1374999999999,999.0375,0.4,0.4,93.20833333333333,458.5416666666667,25.0,1165.0,2447.4874999999997,3.83,0,5,214,8,2025,1,summer,train
4946811,556 Nguyễn Văn Cừ,21.0491,105.8831,2025-08-03 00:00:00+00:00,32.104166666666664,2.700157671187989,28.5,36.5,71.29166666666667,10.589080375009246,54.0,91.0,26.025000000000002,9.491666666666667,13.9,34.9,4.310584758833378,7.254998899619085,999.1750000000001,998.0749999999999,0.0,0.0,94.16666666666667,598.3333333333334,85.0,1735.0,2262.6124999999997,0.0,0,6,215,8,2025,1,summer,train
4946811,556 Nguyễn Văn Cừ,21.0491,105.8831,2025-08-04 00:00:00+00:00,32.1625,3.204862134998602,27.6,36.8,72.83333333333333,16.05606120595195,51.0,96.0,26.233333333333334,6.95,12.5,27.0,2.1611404247627983,2.61625490115031,999.4083333333333,998.3083333333334,0.0,0.0,99.95833333333333,525.0,20.0,1715.0,2293.6749999999997,0.0,0,0,216,8,2025,0,summer,train
4946811,556 Nguyễn Văn Cừ,21.0491,105.8831,2025-08-05 00:00:00+00:00,29.150000000000002,2.3349890605832546,26.8,35.0,87.875,10.38524245598364,62.0,97.0,26.804166666666664,5.666666666666667,14.1,33.5,-2.303040738464895,-1.1325236970546915,1001.7624999999999,1000.6625,18.900000000000002,18.900000000000002,100.0,279.5833333333333,95.0,1215.0,2538.545833333333,202.64000000000001,0,1,217,8,2025,0,summer,train
4946811,556 Nguyễn Văn Cừ,21.0491,105.8831,2025-08-06 00:00:00+00:00,27.791666666666668,1.338044214082846,26.0,30.2,92.33333333333333,5.78353485009979,82.0,99.0,26.383333333333336,5.987500000000001,9.4,22.3,-4.097076035249263,3.276211915381172,1003.5541666666667,1002.4541666666668,12.3,12.3,100.0,232.5,50.0,455.0,2558.9625,80.87,0,2,218,8,2025,0,summer,train
4946811,556 Nguyễn Văn Cừ,21.0491,105.8831,2025-08-07 00:00:00+00:00,29.3,1.5297058540778354,27.0,32.0,83.41666666666667,7.14396471744212,72.0,96.0,26.108333333333334,7.770833333333333,14.4,26.6,-3.356604020547039,6.397957434173981,1005.4875000000001,1004.3874999999999,0.1,0.1,78.875,380.8333333333333,150.0,705.0,2434.1124999999997,0.6900000000000001,0,3,219,8,2025,0,summer,train
4946811,556 Nguyễn Văn Cừ,21.0491,105.8831,2025-08-08 00:00:00+00:00,30.90833333333333,2.412632815297282,27.6,35.0,76.75,11.448371822722402,58.0,93.0,26.1375,11.475,16.8,32.0,-1.4379365517066443,10.888480493489803,1005.3874999999999,1004.2875,0.5,0.5,71.29166666666667,646.875,170.0,1565.0,2346.391666666667,5.47,0,4,220,8,2025,0,summer,train
4946811,556 Nguyễn Văn Cừ,21.0491,105.8831,2025-08-09 00:00:00+00:00,31.47083333333333,2.624546199559685,27.9,35.6,73.95833333333333,14.317757799522846,52.0,93.0,25.920833333333334,9.291666666666666,14.3,26.6,-2.855599313104985,7.444514301099598,1003.9166666666666,1002.8166666666666,0.0,0.0,75.95833333333333,693.125,120.0,1610.0,2291.704166666667,0.0,0,5,221,8,2025,1,summer,train
4946811,556 Nguyễn Văn Cừ,21.0491,105.8831,2025-08-10 00:00:00+00:00,30.25,2.3640422272400095,26.6,34.2,82.79166666666667,10.2234987913254,64.0,97.0,26.820833333333336,9.020833333333334,12.7,24.8,-5.891856000987372,6.557710071774685,1004.1916666666666,1003.0916666666667,9.1,9.1,94.5,539.7916666666666,155.0,1090.0,2481.5041666666666,82.69,0,6,222,8,2025,1,summer,train
4946811,556 Nguyễn Văn Cừ,21.0491,105.8831,2025-08-11 00:00:00+00:00,30.183333333333334,2.3375324534676523,26.6,34.0,81.04166666666667,10.784365360645202,63.0,94.0,26.40833333333333,10.091666666666667,13.4,31.0,-6.2970882770436525,7.562469205586122,1004.0208333333334,1002.9208333333332,0.5,0.5,93.79166666666667,584.5833333333334,240.0,1200.0,2422.3125,5.03,0,0,223,8,2025,0,summer,train
4946811,556 Nguyễn Văn Cừ,21.0491,105.8831,2025-08-12 00:00:00+00:00,29.59166666666667,2.5747801369482404,25.9,33.4,82.70833333333333,11.70090731029256,65.0,98.0,26.133333333333336,6.666666666666667,12.1,30.6,-3.4906802070506706,5.189279627879312,1005.2833333333333,1004.1833333333334,4.2,4.2,94.33333333333333,461.875,55.0,1180.0,2418.9333333333334,31.06,0,1,224,8,2025,0,summer,train
4946811,556 Nguyễn Văn Cừ,21.0491,105.8831,2025-08-13 00:00:00+00:00,29.470833333333335,2.174652229401424,26.8,32.7,82.125,11.395317497532279,67.0,98.0,25.900000000000002,3.7708333333333335,7.8,18.7,0.1691271678528855,2.8819513692989798,1005.375,1004.275,0.3,0.3,97.29166666666667,388.75,20.0,1015.0,2397.5416666666665,0.39,0,2,225,8,2025,0,summer,train
4946811,556 Nguyễn Văn Cừ,21.0491,105.8831,2025-08-14 00:00:00+00:00,29.304166666666664,2.673294526083576,24.6,32.4,83.66666666666667,8.849793250675976,70.0,97.0,26.15833333333333,5.7749999999999995,16.0,28.8,-2.564625062199538,0.06371404737204252,1003.4875000000001,1002.3791666666666,13.6,13.6,99.54166666666667,437.2916666666667,130.0,1015.0,2429.875,120.19,0,3,226,8,2025,0,summer,train
4946811,556 Nguyễn Văn Cừ,21.0491,105.8831,2025-08-15 00:00:00+00:00,25.96666666666667,1.8253449147958356,23.4,28.9,90.0,6.6135565647223915,79.0,99.0,24.133333333333336,7.620833333333334,14.0,27.0,-6.565318951004568,1.624902895901662,1005.8458333333333,1004.7041666666668,19.4,19.4,92.125,342.2916666666667,65.0,610.0,2325.7999999999997,137.18,0,4,227,8,2025,0,summer,train
4946811,556 Nguyễn Văn Cừ,21.0491,105.8831,2025-08-16 00:00:00+00:00,25.90833333333333,1.5745024518921829,24.0,30.0,90.0,7.22916797184968,71.0,98.0,24.075,6.741666666666667,11.9,26.6,-0.5131645834762238,-3.638518551984881,1007.725,1006.5625,16.1,16.1,93.08333333333333,292.2916666666667,150.0,800.0,2321.3166666666666,129.46,0,5,228,8,2025,1,summer,train
4946811,556 Nguyễn Văn Cừ,21.0491,105.8831,2025-08-17 00:00:00+00:00,26.616666666666664,2.642572308527639,24.0,31.9,86.95833333333333,11.086533808366708,66.0,97.0,24.099999999999998,9.308333333333334,16.1,40.0,4.083389180865163,-6.150598673907669,1007.2624999999999,1006.1125000000001,35.6,35.6,99.54166666666667,428.9583333333333,60.0,1455.0,2286.8708333333334,278.24,0,6,229,8,2025,1,summer,train
4946811,556 Nguyễn Văn Cừ,21.0491,105.8831,2025-08-18 00:00:00+00:00,26.416666666666668,1.609122544220558,24.5,29.2,89.58333333333333,7.511826424504499,73.0,98.0,24.4875,9.620833333333334,17.3,37.4,4.621762407681607,-6.998225530545599,1005.4375,1004.2875,19.5,19.5,100.0,388.75,180.0,1090.0,2355.2916666666665,216.85000000000002,0,0,230,8,2025,0,summer,train
4946811,556 Nguyễn Văn Cừ,21.0491,105.8831,2025-08-19 00:00:00+00:00,26.78333333333333,0.9849593532406481,25.1,29.0,90.25,5.268858468892239,79.0,97.0,25.049999999999997,9.0,12.9,24.1,-1.0625217788131815,6.5546561269547565,1005.8916666666668,1004.7875,9.4,9.4,100.0,340.2083333333333,180.0,640.0,2412.4166666666665,80.25,0,1,231,8,2025,0,summer,train
4946811,556 Nguyễn Văn Cừ,21.0491,105.8831,2025-08-20 00:00:00+00:00,28.825,2.2635581839603574,25.7,32.5,83.625,10.029575828735124,69.0,97.0,25.662499999999998,11.254166666666668,16.9,36.0,-4.745606619140049,9.66282571290465,1006.6291666666666,1005.5208333333334,11.5,11.5,99.75,515.625,135.0,965.0,2389.329166666667,90.03,0,2,232,8,2025,0,summer,train
4946811,556 Nguyễn Văn Cừ,21.0491,105.8831,2025-08-21 00:00:00+00:00,28.016666666666666,1.1664389011623901,26.5,30.2,87.95833333333333,4.795642647841584,79.0,94.0,25.791666666666668,11.954166666666666,16.5,34.6,-4.364420758760414,10.902536623268078,1007.525,1006.4250000000001,3.1,3.1,100.0,551.4583333333334,275.0,760.0,2459.1375000000003,33.81,0,3,233,8,2025,0,summer,train
4946811,556 Nguyễn Văn Cừ,21.0491,105.8831,2025-08-22 00:00:00+00:00,28.375,2.016507958780744,25.4,31.3,84.08333333333333,8.272093823928985,72.0,96.0,25.337500000000002,10.195833333333333,15.2,36.7,-3.964045703341002,8.996595282329613,1007.5958333333333,1006.4791666666666,3.8,3.8,99.25,569.5833333333334,135.0,1070.0,2370.4708333333333,33.64,0,4,234,8,2025,0,summer,train
4946811,556 Nguyễn Văn Cừ,21.0491,105.8831,2025-08-23 00:00:00+00:00,27.679166666666664,1.803855572804051,25.2,30.4,86.625,9.859061159994997,73.0,99.0,25.1375,5.295833333333333,11.3,31.7,-1.1552570749429873,1.1580980367746427,1007.4583333333334,1006.3375,4.3,4.3,73.375,327.5,50.0,1115.0,2380.891666666667,37.03,0,5,235,8,2025,1,summer,train
4946811,556 Nguyễn Văn Cừ,21.0491,105.8831,2025-08-24 00:00:00+00:00,27.650000000000002,2.126438132284779,24.9,32.1,83.66666666666667,7.148527769783253,68.0,95.0,24.53333333333333,11.637500000000001,18.9,37.4,1.2122918581326505,-10.241842777952424,1006.1500000000001,1005.0375,13.7,13.7,81.33333333333333,534.7916666666666,150.0,1190.0,2300.679166666667,175.69,0,6,236,8,2025,1,summer,train
4946811,556 Nguyễn Văn Cừ,21.0491,105.8831,2025-08-25 00:00:00+00:00,25.254166666666666,1.093848080488516,23.7,26.9,91.16666666666667,4.546060565661954,80.0,96.0,23.683333333333334,20.054166666666667,24.0,50.0,-12.816955836373682,-13.939875050763801,1005.1875,1004.0416666666666,56.8,56.8,100.0,888.5416666666666,630.0,1150.0,2298.1666666666665,1114.29,0,0,237,8,2025,0,summer,train
4946811,556 Nguyễn Văn Cừ,21.0491,105.8831,2025-08-26 00:00:00+00:00,24.683333333333334,0.9937485757896992,23.5,26.8,95.33333333333333,3.225801776527697,87.0,99.0,23.900000000000002,12.116666666666667,19.5,41.0,-8.756476289748795,-0.1314640129581346,1007.6,1006.4208333333332,43.5,43.5,100.0,423.75,60.0,730.0,2350.483333333333,648.62,0,1,238,8,2025,0,summer,train
4946811,556 Nguyễn Văn Cừ,21.0491,105.8831,2025-08-27 00:00:00+00:00,25.337500000000002,1.421209680702231,23.7,28.2,93.45833333333333,6.014324687716429,80.0,99.0,24.133333333333336,3.5041666666666664,7.0,20.9,-1.6636769383347814,-0.8946598154587347,1007.8208333333333,1006.65,16.3,16.3,75.08333333333333,171.875,30.0,445.0,2360.0,87.32,0,2,239,8,2025,0,summer,train
4946811,556 Nguyễn Văn Cừ,21.0491,105.8831,2025-08-28 00:00:00+00:00,27.079166666666666,2.1683452249336925,23.9,30.7,85.70833333333333,10.411027459075452,64.0,98.0,24.34166666666667,4.970833333333333,13.0,32.0,-2.3570802410053493,-0.9880559811735724,1007.3874999999999,1006.25,4.0,4.0,43.916666666666664,349.5833333333333,15.0,1125.0,2300.2999999999997,23.45,0,3,240,8,2025,0,summer,train
4946811,556 Nguyễn Văn Cừ,21.0491,105.8831,2025-08-29 00:00:00+00:00,26.816666666666666,1.9082581783821417,24.4,30.9,85.95833333333333,8.917394660786961,69.0,96.0,24.191666666666666,10.370833333333334,19.3,39.6,2.9710934133308062,-8.487237862103619,1008.4208333333332,1007.275,12.6,12.6,94.08333333333333,407.2916666666667,120.0,1165.0,2289.5125,129.37,0,4,241,8,2025,0,summer,train
4946811,556 Nguyễn Văn Cừ,21.0491,105.8831,2025-08-30 00:00:00+00:00,26.254166666666666,2.1419168917151046,23.5,30.1,89.79166666666667,8.953887504836954,72.0,100.0,24.34583333333333,10.370833333333334,21.4,47.5,-2.390048121799619,-6.667910330242575,1007.8041666666667,1006.6458333333334,24.7,24.7,94.04166666666667,474.1666666666667,75.0,1320.0,2339.5,233.03,0,5,242,8,2025,1,summer,train
4946811,556 Nguyễn Văn Cừ,21.0491,105.8831,2025-08-31 00:00:00+00:00,26.258333333333336,1.62665746017827,24.2,30.5,91.0,7.217129382361047,73.0,99.0,24.587500000000002,4.216666666666667,10.2,31.0,-0.734274233288894,-1.2003472961786577,1007.8458333333333,1006.6916666666666,12.1,12.1,97.20833333333333,243.75,10.0,1045.0,2378.570833333333,58.26,0,6,243,8,2025,1,summer,train
4946811,556 Nguyễn Văn Cừ,21.0491,105.8831,2025-09-01 00:00:00+00:00,27.170833333333334,2.0223703627322984,24.9,30.7,87.625,10.145945859864632,69.0,100.0,24.795833333333334,4.4375,10.1,21.2,-2.232497437679525,1.5430342640435724,1006.8166666666666,1005.6708333333332,5.299999999999999,5.299999999999999,99.29166666666667,324.1666666666667,10.0,815.0,2361.4708333333333,14.690000000000001,0,0,244,9,2025,0,autumn,train
4946811,556 Nguyễn Văn Cừ,21.0491,105.8831,2025-09-02 00:00:00+00:00,28.09583333333333,2.230710389221272,25.4,31.5,84.95833333333333,10.469330640397748,69.0,99.0,25.175,6.083333333333333,13.8,29.2,-4.061205668286138,3.9254912832907802,1006.7333333333332,1005.6083333333332,0.6000000000000001,0.6000000000000001,53.875,398.9583333333333,65.0,965.0,2364.758333333333,3.85,0,1,245,9,2025,0,autumn,train
4946811,556 Nguyễn Văn Cừ,21.0491,105.8831,2025-09-03 00:00:00+00:00,28.75,2.3876493807126287,25.5,32.6,81.75,12.091139407595675,61.0,97.0,25.120833333333334,8.445833333333333,12.8,28.8,-3.6404620102458445,7.140377007668754,1006.7041666666668,1005.5958333333333,0.2,0.2,33.958333333333336,460.625,130.0,955.0,2322.891666666667,1.69,0,2,246,9,2025,0,autumn,train
4946811,556 Nguyễn Văn Cừ,21.0491,105.8831,2025-09-04 00:00:00+00:00,29.2,2.5564921619111285,25.7,32.8,80.125,13.066094523114263,61.0,98.0,25.183333333333334,9.166666666666666,11.5,26.6,-4.008586423811824,7.975737016805148,1006.3375,1005.2333333333332,0.0,0.0,27.416666666666668,505.4166666666667,130.0,1045.0,2308.079166666667,0.0,0,3,247,9,2025,0,autumn,train
4946811,556 Nguyễn Văn Cừ,21.0491,105.8831,2025-09-05 00:00:00+00:00,29.59166666666667,2.591443557198367,26.0,33.2,79.5,13.295962119969065,60.0,97.0,25.429166666666664,7.6625000000000005,11.8,23.4,-4.143041610500623,6.238980849042927,1006.8041666666667,1005.7041666666668,0.0,0.0,58.708333333333336,503.5416666666667,50.0,1070.0,2319.858333333333,0.0,0,4,248,9,2025,0,autumn,train
4946811,556 Nguyễn Văn Cừ,21.0491,105.8831,2025-09-06 00:00:00+00:00,29.054166666666664,2.384000869321893,25.7,32.9,83.16666666666667,11.480291871258123,62.0,99.0,25.708333333333332,4.529166666666667,12.6,27.4,-2.904385014036272,2.452701789572332,1007.2333333333332,1006.1291666666666,0.9,0.9,61.708333333333336,432.9166666666667,15.0,1165.0,2390.4249999999997,7.739999999999999,0,5,249,9,2025,1,autumn,validation
4946811,556 Nguyễn Văn Cừ,21.0491,105.8831,2025-09-07 00:00:00+00:00,29.90833333333333,2.396358953054418,26.5,33.4,72.08333333333333,11.642936528835529,54.0,93.0,24.1125,4.104166666666667,8.2,18.7,-0.8710252546574888,1.9071857492771622,1005.2833333333333,1004.1833333333334,0.3,0.3,62.958333333333336,454.1666666666667,15.0,1255.0,2129.9500000000003,1.41,0,6,250,9,2025,1,autumn,validation
4946811,556 Nguyễn Văn Cừ,21.0491,105.8831,2025-09-08 00:00:00+00:00,30.579166666666666,2.673213205223203,27.0,34.3,74.29166666666667,12.705627533281953,56.0,93.0,25.22083333333333,6.666666666666667,14.0,26.6,-3.1185362413615274,3.4873625840752336,1004.5291666666667,1003.4291666666667,0.30000000000000004,0.30000000000000004,89.41666666666667,593.125,70.0,1315.0,2239.4083333333333,1.31,0,0,251,9,2025,0,autumn,validation
4946811,556 Nguyễn Văn Cừ,21.0491,105.8831,2025-09-09 00:00:00+00:00,27.954166666666666,2.2128044701664,25.6,32.0,88.66666666666667,8.539762071151872,73.0,98.0,25.8125,3.8000000000000003,11.1,25.2,-2.3365115677925683,0.07599630396937886,1006.6750000000001,1005.5666666666666,3.3,3.3,98.20833333333333,311.6666666666667,80.0,890.0,2460.804166666667,29.49,0,1,252,9,2025,0,autumn,validation
4946811,556 Nguyễn Văn Cừ,21.0491,105.8831,2025-09-10 00:00:00+00:00,28.0,2.173556492499553,25.0,31.4,87.66666666666667,8.228617437184468,73.0,97.0,25.65416666666667,5.541666666666667,10.0,20.5,-4.765548956120487,2.308926813611508,1007.6666666666666,1006.5416666666666,20.5,20.5,99.54166666666667,401.875,20.0,915.0,2438.0291666666667,120.15,0,2,253,9,2025,0,autumn,validation
4946811,556 Nguyễn Văn Cừ,21.0491,105.8831,2025-09-11 00:00:00+00:00,27.208333333333332,1.8766104195241657,25.0,30.9,89.125,7.373940601876313,75.0,98.0,25.212500000000002,8.0625,11.9,30.6,-4.91927360578396,5.405081167996461,1008.6458333333334,1007.5,14.3,14.3,96.16666666666667,387.0833333333333,155.0,805.0,2411.8416666666667,103.94,0,3,254,9,2025,0,autumn,validation
4946811,556 Nguyễn Văn Cừ,21.0491,105.8831,2025-09-12 00:00:00+00:00,27.116666666666664,2.070846637755064,25.0,31.2,89.70833333333333,8.337861088806404,75.0,99.0,25.2,7.9875,16.0,38.2,-4.106104011264408,6.316403059652804,1009.5625,1008.4041666666667,9.499999999999998,9.499999999999998,81.0,351.875,55.0,1015.0,2416.3541666666665,131.89,0,4,255,9,2025,0,autumn,validation
4946811,556 Nguyễn Văn Cừ,21.0491,105.8831,2025-09-13 00:00:00+00:00,28.504166666666666,2.5268091524200296,25.0,32.1,81.875,12.037306140928498,64.0,98.0,24.875,8.091666666666667,12.2,27.4,-5.284872225491981,5.535468221546235,1009.8041666666667,1008.6666666666666,0.5,0.5,95.16666666666667,459.5833333333333,45.0,985.0,2305.079166666667,4.6,0,5,256,9,2025,1,autumn,validation
4946811,556 Nguyễn Văn Cừ,21.0491,105.8831,2025-09-14 00:00:00+00:00,27.97083333333333,2.1998970661031576,24.5,31.3,83.95833333333333,10.204343349202135,67.0,97.0,24.875,7.191666666666666,10.3,26.6,-4.609722067586511,4.543915264215653,1009.7875,1008.6541666666667,4.6,4.6,90.95833333333333,425.4166666666667,145.0,1025.0,2327.554166666667,44.58,0,6,257,9,2025,1,autumn,validation
4946811,556 Nguyễn Văn Cừ,21.0491,105.8831,2025-09-15 00:00:00+00:00,26.983333333333334,2.110154881327056,24.1,30.4,86.45833333333333,9.212369598707392,72.0,99.0,24.445833333333336,6.441666666666666,11.6,28.4,-3.9822373059383445,2.6610927375180915,1010.6583333333333,1009.5083333333333,14.399999999999999,14.399999999999999,90.91666666666667,359.1666666666667,40.0,960.0,2314.7625000000003,57.709999999999994,0,0,258,9,2025,0,autumn,validation
4946811,556 Nguyễn Văn Cừ,21.0491,105.8831,2025-09-16 00:00:00+00:00,28.025000000000002,2.44188985971041,24.5,31.6,81.79166666666667,11.397860846845692,65.0,98.0,24.416666666666668,5.029166666666667,11.0,22.3,-2.6693988445502157,1.2875787846856224,1009.4791666666666,1008.3375,2.9,2.9,46.166666666666664,427.7083333333333,10.0,985.0,2265.6791666666663,17.39,0,1,259,9,2025,0,autumn,validation
4946811,556 Nguyễn Văn Cừ,21.0491,105.8831,2025-09-17 00:00:00+00:00,26.712500000000002,2.4760263572383727,23.8,31.9,88.08333333333333,10.7780641428165,66.0,100.0,24.420833333333334,5.3125,15.6,37.1,-1.4907396395768837,-0.7439529453378485,1009.0166666666668,1007.8708333333334,17.4,17.4,92.95833333333333,396.8229166666667,15.0,1565.0,2327.5875,133.14999999999998,0,2,260,9,2025,0,autumn,validation
4946811,556 Nguyễn Văn Cừ,21.0491,105.8831,2025-09-18 00:00:00+00:00,26.804166666666664,1.9650155805703076,23.9,30.2,88.45833333333333,9.29225561921074,71.0,99.0,24.608333333333334,4.625,11.1,31.0,-0.5373488169169991,-1.3469653018159924,1008.8708333333334,1007.725,15.899999999999999,15.899999999999999,95.66666666666667,261.0416666666667,30.0,995.0,2354.0499999999997,99.94999999999999,0,3,261,9,2025,0,autumn,validation
4946811,556 Nguyễn Văn Cừ,21.0491,105.8831,2025-09-19 00:00:00+00:00,27.925,2.2828757607742105,25.0,32.0,84.0,12.097430557228122,62.0,98.0,24.75,4.204166666666667,10.9,25.9,-0.9134689480011692,1.2560376389308907,1007.9458333333333,1006.8333333333334,1.0,1.0,43.625,330.8333333333333,15.0,1175.0,2319.3958333333335,5.39,0,4,262,9,2025,0,autumn,validation
4946811,556 Nguyễn Văn Cừ,21.0491,105.8831,2025-09-20 00:00:00+00:00,29.758333333333336,2.5924500190841253,26.2,33.5,75.66666666666667,13.852222131160566,56.0,95.0,24.72083333333333,5.829166666666667,11.7,21.2,-3.234857506498297,2.2790252888876696,1005.9916666666667,1004.8916666666668,0.0,0.0,55.75,386.6666666666667,35.0,1200.0,2217.483333333333,0.0,0,5,263,9,2025,1,autumn,validation
4946811,556 Nguyễn Văn Cừ,21.0491,105.8831,2025-09-21 00:00:00+00:00,28.241666666666664,2.9381917933471837,24.4,33.0,83.70833333333333,11.361564369730798,64.0,98.0,25.025000000000002,7.6875,11.2,28.1,-6.429926310009187,-0.6050697523308974,1006.6083333333332,1005.4791666666666,11.0,11.0,76.75,410.4166666666667,95.0,1120.0,2332.2916666666665,83.72,0,6,264,9,2025,1,autumn,validation
4946811,556 Nguyễn Văn Cừ,21.0491,105.8831,2025-09-22 00:00:00+00:00,26.7375,1.8724112563866626,24.2,30.1,87.375,9.590813086082633,70.0,98.0,24.358333333333334,6.779166666666666,10.9,23.8,-0.41836551074399314,-3.1780345340248335,1007.2166666666667,1006.0749999999999,7.7,7.7,74.91666666666667,259.5833333333333,25.0,555.0,2319.429166666667,35.0,0,0,265,9,2025,0,autumn,validation
4946811,556 Nguyễn Văn Cừ,21.0491,105.8831,2025-09-23 00:00:00+00:00,28.162499999999998,2.421428342402745,24.9,31.9,78.625,12.675935777136415,60.0,94.0,23.84166666666667,8.466666666666667,14.2,26.6,4.119658211484675,-6.381290259084227,1004.65,1003.5416666666666,0.5,0.5,45.833333333333336,404.5833333333333,40.0,975.0,2185.4,4.08,0,1,266,9,2025,0,autumn,validation
4946811,556 Nguyễn Văn Cừ,21.0491,105.8831,2025-09-24 00:00:00+00:00,29.141666666666666,2.6417906750941667,25.0,33.3,68.79166666666667,11.876096440609881,51.0,89.0,22.570833333333336,11.245833333333332,21.7,46.8,4.493950363458642,-9.587979628670473,1001.6458333333334,1000.5458333333332,1.6,1.6,92.83333333333333,708.5416666666666,145.0,1690.0,1976.3875,20.11,0,2,267,9,2025,0,autumn,validation
4946811,556 Nguyễn Văn Cừ,21.0491,105.8831,2025-09-25 00:00:00+00:00,25.3,1.1810091484385918,23.8,27.9,86.5,5.718011207921245,72.0,93.0,22.84583333333333,10.245833333333334,21.3,41.8,4.527898366103637,-8.163315507221464,1005.2291666666666,1004.0791666666668,16.0,16.0,99.58333333333333,376.6666666666667,125.0,680.0,2182.4166666666665,239.69000000000003,0,3,268,9,2025,0,autumn,validation
4946811,556 Nguyễn Văn Cừ,21.0491,105.8831,2025-09-26 00:00:00+00:00,25.570833333333336,1.5184314465826296,23.8,29.2,90.5,7.064916381547694,75.0,98.0,23.833333333333332,6.75,11.9,24.1,-0.49877305143886,-5.789993317190796,1011.6541666666667,1010.4791666666666,21.5,21.5,99.95833333333333,297.7083333333333,135.0,565.0,2304.7125,95.8,0,4,269,9,2025,0,autumn,validation
4946811,556 Nguyễn Văn Cừ,21.0491,105.8831,2025-09-27 00:00:00+00:00,27.445833333333336,2.2913787697948735,24.4,31.5,84.70833333333333,9.580229491063838,69.0,95.0,24.52916666666667,8.737499999999999,12.9,35.6,2.731253870649606,-5.255623515500964,1010.9041666666667,1009.75,13.0,13.0,91.91666666666667,334.375,105.0,975.0,2304.1833333333334,95.47,0,5,270,9,2025,1,autumn,validation
4946811,556 Nguyễn Văn Cừ,21.0491,105.8831,2025-09-28 00:00:00+00:00,26.195833333333336,1.9667848773120036,24.2,30.1,87.375,7.020544386175543,73.0,94.0,23.84583333333333,16.591666666666665,26.2,52.9,-6.8255273642954855,-13.392909362106417,1007.4416666666666,1006.2875,58.7,58.7,95.58333333333333,920.4166666666666,290.0,1370.0,2276.625,1045.35,0,6,271,9,2025,1,autumn,validation
4946811,556 Nguyễn Văn Cừ,21.0491,105.8831,2025-09-29 00:00:00+00:00,24.4875,0.5058892300133284,23.7,25.4,95.625,1.7147062113681,93.0,98.0,23.758333333333336,21.46666666666667,34.4,67.0,-19.275272386718306,4.104648317041674,1007.1541666666667,1005.9583333333334,70.9,70.9,100.0,791.875,485.0,1180.0,2341.0833333333335,1563.87,0,0,272,9,2025,0,autumn,validation
4946811,556 Nguyễn Văn Cừ,21.0491,105.8831,2025-09-30 00:00:00+00:00,25.258333333333336,1.220447767675121,23.8,27.4,93.95833333333333,4.2781463546592375,83.0,98.0,24.175,10.683333333333332,17.9,36.7,-7.120351417340256,6.623467276767022,1010.9666666666667,1009.7791666666667,24.9,24.9,99.75,428.75,130.0,820.0,2368.5291666666667,331.56,0,1,273,9,2025,0,autumn,validation
4946811,556 Nguyễn Văn Cừ,21.0491,105.8831,2025-10-01 00:00:00+00:00,26.745833333333334,1.7003782614124587,24.5,29.9,89.33333333333333,7.883205409998636,75.0,99.0,24.770833333333332,5.8625,12.5,32.4,-2.0846440238703474,5.124840525020747,1011.3958333333334,1010.2375000000001,1.5,1.5,96.375,358.5416666666667,75.0,860.0,2376.616666666667,12.920000000000002,0,2,274,10,2025,0,autumn,validation
4946811,556 Nguyễn Văn Cừ,21.0491,105.8831,2025-10-02 00:00:00+00:00,27.879166666666666,2.710844432318439,24.3,32.0,79.79166666666667,13.698553292915298,58.0,97.0,23.77916666666667,8.1875,10.5,24.1,-3.9312628200818645,6.943231535483906,1011.0666666666666,1009.9208333333332,0.1,0.1,27.5,447.9166666666667,100.0,1030.0,2189.3708333333334,0.97,0,3,275,10,2025,0,autumn,validation
4946811,556 Nguyễn Văn Cừ,21.0491,105.8831,2025-10-03 00:00:00+00:00,28.070833333333336,2.5581037757558303,25.2,32.0,81.20833333333333,15.603731902188091,58.0,99.0,24.224999999999998,8.362499999999999,12.9,25.9,-6.133931663359658,5.484404228951049,1011.1083333333332,1009.9625,0.0,0.0,12.75,473.9583333333333,40.0,1255.0,2241.6041666666665,0.0,0,4,276,10,2025,0,autumn,validation
4946811,556 Nguyễn Văn Cừ,21.0491,105.8831,2025-10-04 00:00:00+00:00,27.729166666666668,2.362474599203988,24.7,31.5,85.79166666666667,11.51550624410282,65.0,99.0,24.95,5.4125000000000005,8.9,28.4,-3.274138261029581,1.9774693020880194,1009.9125,1008.7666666666668,0.1,0.1,61.791666666666664,345.625,20.0,975.0,2353.0625,0.45999999999999996,0,5,277,10,2025,1,autumn,validation
4946811,556 Nguyễn Văn Cừ,21.0491,105.8831,2025-10-05 00:00:00+00:00,29.1125,2.1275240763977705,26.0,33.0,79.04166666666667,9.038464503427011,60.0,95.0,24.96666666666667,10.391666666666667,25.0,50.0,7.0101219852632335,-4.694770966696646,1004.4250000000001,1003.3249999999999,11.6,11.6,98.33333333333333,429.1666666666667,80.0,1175.0,2284.8624999999997,94.03999999999999,0,6,278,10,2025,1,autumn,validation
4946811,556 Nguyễn Văn Cừ,21.0491,105.8831,2025-10-06 00:00:00+00:00,24.683333333333334,0.8825194500463673,23.6,26.1,94.54166666666667,2.9485319363558076,90.0,99.0,23.741666666666664,12.174999999999999,16.1,34.6,1.9928958012827087,5.733564752556027,1006.6791666666667,1005.5208333333334,126.4,126.4,100.0,511.0416666666667,285.0,790.0,2331.2625000000003,1400.48,0,0,279,10,2025,0,autumn,validation
4946811,556 Nguyễn Văn Cừ,21.0491,105.8831,2025-10-07 00:00:00+00:00,24.245833333333334,1.1989049955712918,23.1,26.8,96.54166666666667,2.992442170690611,89.0,100.0,23.641666666666666,6.8374999999999995,14.9,31.0,-3.1913324302095223,1.0059696800324394,1013.0625,1011.8625000000001,55.3,55.3,99.79166666666667,361.6666666666667,30.0,795.0,2337.5958333333333,342.51,0,1,280,10,2025,0,autumn,validation
4946811,556 Nguyễn Văn Cừ,21.0491,105.8831,2025-10-08 00:00:00+00:00,26.479166666666668,2.2057196728873607,23.5,29.7,85.20833333333333,10.926549901667178,70.0,100.0,23.6375,2.7458333333333336,6.7,19.1,-0.6531317115009412,-0.5287066919432161,1012.4916666666667,1011.3249999999999,0.2,0.2,70.75,280.0,10.0,825.0,2233.5208333333335,0.42000000000000004,0,2,281,10,2025,0,autumn,validation
4946811,556 Nguyễn Văn Cừ,21.0491,105.8831,2025-10-09 00:00:00+00:00,27.2375,2.4703128652407407,24.1,31.0,83.0,14.392026778136868,61.0,100.0,23.820833333333336,4.183333333333334,8.8,18.0,-1.3995625880019356,2.0416219901821084,1012.0500000000001,1010.8958333333334,0.8,0.8,36.916666666666664,351.6666666666667,20.0,1005.0,2226.829166666667,1.4000000000000001,0,3,282,10,2025,0,autumn,validation
4946811,556 Nguyễn Văn Cừ,21.0491,105.8831,2025-10-10 00:00:00+00:00,27.629166666666666,2.3408432458089274,24.2,31.4,81.16666666666667,12.641087826974191,60.0,97.0,23.895833333333332,4.8625,9.9,18.4,-3.3844462327545006,1.5983577674752045,1011.1875,1010.0416666666666,1.5,1.5,25.291666666666668,407.0833333333333,60.0,1050.0,2214.820833333333,9.57,0,4,283,10,2025,0,autumn,validation
4946811,556 Nguyễn Văn Cừ,21.0491,105.8831,2025-10-11 00:00:00+00:00,26.329166666666666,1.4408569813065109,24.4,29.5,89.70833333333333,8.3378610888064,70.0,100.0,24.429166666666664,3.025,5.1,17.3,-0.8082575304472709,0.5094698715150963,1010.7583333333333,1009.5916666666667,0.4,0.4,80.75,214.79166666666666,20.0,840.0,2350.7458333333334,1.37,0,5,284,10,2025,1,autumn,validation
4946811,556 Nguyễn Văn Cừ,21.0491,105.8831,2025-10-12 00:00:00+00:00,27.695833333333336,2.2737594164858264,24.5,30.9,82.375,13.239639099245139,63.0,98.0,24.208333333333332,5.075,9.1,20.2,-3.6230165264121648,1.939096174187475,1010.1916666666666,1009.0500000000001,0.7000000000000001,0.7000000000000001,24.958333333333332,349.1666666666667,35.0,860.0,2252.8708333333334,3.8500000000000005,0,6,285,10,2025,1,autumn,validation
4946811,556 Nguyễn Văn Cừ,21.0491,105.8831,2025-10-13 00:00:00+00:00,26.133333333333336,1.8274873857095504,23.6,30.2,89.875,8.295166219473582,70.0,99.0,24.258333333333336,5.404166666666666,9.7,23.4,-3.0464281448018338,-0.45028402134596274,1011.1666666666666,1009.9958333333334,25.1,25.1,97.0,300.0,15.0,955.0,2334.7875,132.18,0,0,286,10,2025,0,autumn,validation
4946811,556 Nguyễn Văn Cừ,21.0491,105.8831,2025-10-14 00:00:00+00:00,25.104166666666668,1.2063164076486397,23.5,28.4,92.25,5.869967780076014,76.0,98.0,23.72083333333333,5.454166666666667,12.5,26.3,-3.53801466386834,-1.4276344471430413,1011.5208333333334,1010.3333333333334,13.7,13.7,99.95833333333333,254.58333333333334,40.0,685.0,2309.5875,90.36,0,1,287,10,2025,0,autumn,validation
4946811,556 Nguyễn Văn Cừ,21.0491,105.8831,2025-10-15 00:00:00+00:00,25.558333333333334,1.836091469414846,22.2,29.0,89.375,8.128385582261288,73.0,98.0,23.616666666666664,5.941666666666666,12.1,25.2,-4.2081004592528926,1.2205364216424688,1012.6458333333334,1011.4666666666667,20.0,20.0,94.95833333333333,298.75,40.0,875.0,2270.775,133.42,0,2,288,10,2025,0,autumn,validation
4946811,556 Nguyễn Văn Cừ,21.0491,105.8831,2025-10-16 00:00:00+00:00,26.21666666666667,2.2139216958515755,23.8,30.6,87.79166666666667,11.538137769519214,66.0,99.0,23.870833333333334,5.054166666666666,11.3,29.9,0.5185103619081234,-1.8132292134451697,1013.7291666666666,1012.5583333333334,1.9,1.9,42.041666666666664,263.5416666666667,15.0,975.0,2277.8875,8.17,0,3,289,10,2025,0,autumn,validation
4946811,556 Nguyễn Văn Cừ,21.0491,105.8831,2025-10-17 00:00:00+00:00,27.329166666666666,2.6139224509748065,23.7,31.4,79.25,14.471110651164988,55.0,96.0,23.116666666666664,4.858333333333333,8.2,21.2,-2.203666561562107,-1.0914368499452474,1013.4375,1012.2791666666667,0.2,0.2,15.625,406.25,20.0,1305.0,2130.1583333333333,1.1800000000000002,0,4,290,10,2025,0,autumn,validation
4946811,556 Nguyễn Văn Cừ,21.0491,105.8831,2025-10-18 00:00:00+00:00,27.308333333333334,2.5769744083807415,23.6,31.2,79.875,14.038185501478209,57.0,98.0,23.2625,5.2875000000000005,9.8,22.7,-2.3305164665359865,-1.5331357553473879,1012.725,1011.5666666666666,0.2,0.2,14.541666666666666,388.75,20.0,1180.0,2147.429166666667,1.26,0,5,291,10,2025,1,autumn,validation
4946811,556 Nguyễn Văn Cừ,21.0491,105.8831,2025-10-19 00:00:00+00:00,26.133333333333336,2.2707337765704665,23.3,30.8,84.79166666666667,9.060085260500381,64.0,97.0,23.258333333333336,9.145833333333334,13.6,28.4,0.148960359751009,-7.0599844317823655,1013.0625,1011.8958333333334,6.9,6.9,37.958333333333336,421.4583333333333,140.0,1185.0,2197.5875,56.730000000000004,0,6,292,10,2025,1,autumn,validation
4946811,556 Nguyễn Văn Cừ,21.0491,105.8831,2025-10-20 00:00:00+00:00,25.479166666666668,2.620318461672113,21.4,29.7,64.25,6.173224088932289,52.0,76.0,18.141666666666666,14.858333333333334,19.3,39.2,-7.586885645140043,-12.34920315078246,1014.3791666666666,1013.2041666666668,0.0,0.0,1.9583333333333333,849.375,420.0,1505.0,1624.5458333333333,0.0,0,0,293,10,2025,0,autumn,validation
4946811,556 Nguyễn Văn Cừ,21.0491,105.8831,2025-10-21 00:00:00+00:00,23.991666666666664,2.1693350346946465,20.6,27.8,56.958333333333336,4.037639933412099,51.0,68.0,14.883333333333333,18.375,25.2,52.6,-6.742695216630224,-16.851923918366477,1016.4166666666666,1015.2166666666667,0.0,0.0,51.25,1062.9166666666667,820.0,1515.0,1360.5,0.0,0,1,294,10,2025,0,autumn,validation
4946811,556 Nguyễn Văn Cừ,21.0491,105.8831,2025-10-22 00:00:00+00:00,21.962500000000002,1.6828579469358735,18.9,24.4,56.791666666666664,4.333681702830664,51.0,67.0,12.916666666666666,17.429166666666667,20.8,43.6,-5.884627499172466,-16.16185023168829,1018.5041666666666,1017.3041666666667,0.30000000000000004,0.30000000000000004,99.95833333333333,1059.1666666666667,840.0,1365.0,1240.9166666666667,5.35,0,2,295,10,2025,0,autumn,validation
4946811,556 Nguyễn Văn Cừ,21.0491,105.8831,2025-10-23 00:00:00+00:00,19.425,0.4936553982019362,18.5,20.2,70.625,7.215999734888653,63.0,85.0,13.879166666666668,13.637500000000001,19.4,40.3,-2.5410929278986942,-13.094899014872768,1019.975,1018.775,1.9,1.9,99.54166666666667,717.9166666666666,345.0,940.0,1369.5583333333334,20.82,0,3,296,10,2025,0,autumn,validation
4946811,556 Nguyễn Văn Cừ,21.0491,105.8831,2025-10-24 00:00:00+00:00,20.358333333333334,0.7779106166753549,19.0,21.6,75.75,8.012218929479708,65.0,92.0,15.862499999999999,9.791666666666666,12.4,25.9,2.7355562054468407,-8.76933207233398,1018.4,1017.1999999999999,0.30000000000000004,0.30000000000000004,96.875,470.4166666666667,140.0,820.0,1536.8416666666665,3.36,0,4,297,10,2025,0,autumn,validation
4946811,556 Nguyễn Văn Cừ,21.0491,105.8831,2025-10-25 00:00:00+00:00,22.5125,1.4815715803922844,20.5,25.5,72.95833333333333,8.384660770232983,60.0,86.0,17.345833333333335,8.0625,11.4,22.7,1.0147660529285607,-7.442011146155921,1016.9916666666667,1015.7916666666666,0.0,0.0,71.125,363.75,80.0,915.0,1632.5166666666667,0.0,0,5,298,10,2025,1,autumn,validation
4946811,556 Nguyễn Văn Cừ,21.0491,105.8831,2025-10-26 00:00:00+00:00,24.045833333333334,2.14455410723082,20.9,27.7,67.70833333333333,5.70643547208776,58.0,76.0,17.654166666666665,10.200000000000001,14.0,27.0,-3.3174753028123694,-9.299781665705941,1017.0458333333332,1015.8458333333333,0.0,0.0,72.66666666666667,612.0833333333334,45.0,1205.0,1619.3458333333335,0.0,0,6,299,10,2025,1,autumn,validation
4946811,556 Nguyễn Văn Cừ,21.0491,105.8831,2025-10-27 00:00:00+00:00,23.5625,1.8426853042325995,21.1,27.0,68.125,7.611847173407012,55.0,78.0,17.233333333333334,8.741666666666667,14.5,30.2,-1.5692687021654417,-8.183155888100938,1017.3000000000001,1016.1,0.0,0.0,91.58333333333333,446.6666666666667,20.0,1110.0,1596.0208333333333,0.0,0,0,300,10,2025,0,autumn,validation
4946811,556 Nguyễn Văn Cừ,21.0491,105.8831,2025-10-28 00:00:00+00:00,23.354166666666668,2.1735523251453874,19.9,27.0,65.70833333333333,8.839039720942868,50.0,80.0,16.425,8.041666666666666,13.6,28.1,-3.563356917470355,-6.255265772287891,1016.6333333333333,1015.4333333333334,0.0,0.0,98.58333333333333,456.6666666666667,85.0,1245.0,1516.7666666666667,0.0,0,1,301,10,2025,0,autumn,validation
4946811,556 Nguyễn Văn Cừ,21.0491,105.8831,2025-10-29 00:00:00+00:00,24.47083333333333,1.667718870758514,20.5,27.1,71.08333333333333,11.060767591362943,54.0,87.0,18.695833333333333,5.195833333333334,11.1,25.2,-1.147063912896822,-4.5121505135544995,1015.5666666666666,1014.3666666666667,0.1,0.1,85.58333333333333,331.6666666666667,10.0,960.0,1724.3374999999999,0.8800000000000001,0,2,302,10,2025,0,autumn,validation
4946811,556 Nguyễn Văn Cừ,21.0491,105.8831,2025-10-30 00:00:00+00:00,23.679166666666664,1.1371127306994846,22.2,26.0,85.95833333333333,6.96874492266013,73.0,95.0,21.150000000000002,9.545833333333333,11.7,22.3,-3.619168200986184,-8.223178176835015,1016.0083333333333,1014.8083333333334,4.6000000000000005,4.6000000000000005,100.0,444.1666666666667,265.0,660.0,2028.1583333333335,44.36,0,3,303,10,2025,0,autumn,validation
4946811,556 Nguyễn Văn Cừ,21.0491,105.8831,2025-10-31 00:00:00+00:00,23.245833333333334,1.2782389946861388,21.2,25.2,83.75,6.159121902405867,72.0,91.0,20.287499999999998,10.916666666666666,15.5,28.8,-2.9491683882052295,-10.26530452267057,1016.7666666666668,1015.5666666666666,1.9000000000000001,1.9000000000000001,99.95833333333333,519.5833333333334,220.0,785.0,1940.2291666666667,23.13,0,4,304,10,2025,0,autumn,validation
4946811,556 Nguyễn Văn Cừ,21.0491,105.8831,2025-11-01 00:00:00+00:00,20.404166666666665,0.6727485263530075,19.1,21.7,82.625,3.2944287622538155,77.0,91.0,17.341666666666665,11.854166666666666,15.9,30.2,-2.152355289812517,-11.556502099389531,1017.7583333333333,1016.5583333333334,3.4,3.4,100.0,498.5416666666667,375.0,650.0,1685.0583333333334,43.83,0,5,305,11,2025,1,autumn,validation
4946811,556 Nguyễn Văn Cừ,21.0491,105.8831,2025-11-02 00:00:00+00:00,20.304166666666667,0.5311833930964407,19.2,21.2,81.04166666666667,3.7005189608634823,74.0,88.0,16.925,13.266666666666666,15.1,28.8,-0.7949731903231375,-13.103699799823632,1018.1708333333332,1016.9708333333333,1.2,1.2,100.0,622.2916666666666,450.0,730.0,1645.4541666666667,16.31,0,6,306,11,2025,1,autumn,validation
4946811,556 Nguyễn Văn Cừ,21.0491,105.8831,2025-11-03 00:00:00+00:00,18.954166666666666,0.7928918818047543,17.9,20.0,80.83333333333333,5.584658073427718,74.0,90.0,15.533333333333333,14.116666666666667,15.7,30.6,0.03137983316762787,-14.016198560698234,1018.3125,1017.1125000000001,2.7,2.7,100.0,668.5416666666666,590.0,750.0,1528.1708333333333,37.5,0,0,307,11,2025,0,autumn,validation
4946811,556 Nguyễn Văn Cừ,21.0491,105.8831,2025-11-04 00:00:00+00:00,19.712500000000002,0.6401850955167099,18.1,20.5,77.33333333333333,5.545594935478588,67.0,85.0,15.570833333333333,9.6,17.5,34.9,0.0663333953819906,-9.422643702135245,1016.9875000000001,1015.7875,0.7,0.7,100.0,515.8333333333334,120.0,860.0,1522.2458333333334,9.290000000000001,0,1,308,11,2025,0,autumn,validation
4946811,556 Nguyễn Văn Cừ,21.0491,105.8831,2025-11-05 00:00:00+00:00,20.954166666666666,1.1650635984382132,19.0,22.8,81.33333333333333,9.765363221129029,69.0,97.0,17.529166666666665,4.866666666666666,10.4,21.6,-1.6191565520867188,-2.583926143450934,1013.6666666666666,1012.4666666666667,0.0,0.0,86.375,242.08333333333334,25.0,600.0,1695.8958333333333,0.0,0,2,309,11,2025,0,autumn,validation
4946811,556 Nguyễn Văn Cừ,21.0491,105.8831,2025-11-06 00:00:00+00:00,22.445833333333336,1.5667688064145335,20.0,25.2,85.58333333333333,8.576594371572714,71.0,96.0,19.845833333333335,4.8625,9.7,18.0,-0.9756822431412487,-1.1404115329791937,1012.5666666666666,1011.3666666666667,0.7,0.7,73.25,227.70833333333334,10.0,730.0,1908.6958333333334,6.4,0,3,310,11,2025,0,autumn,validation
4946811,556 Nguyễn Văn Cừ,21.0491,105.8831,2025-11-07 00:00:00+00:00,23.55,1.0762252875514562,21.6,25.3,90.16666666666667,4.878227285528562,82.0,98.0,21.791666666666668,9.6,12.6,23.8,-0.02427162081358279,-8.232136067255693,1012.0208333333334,1010.8208333333333,10.6,10.6,100.0,333.3333333333333,130.0,480.0,2119.3875000000003,97.29,0,4,311,11,2025,0,autumn,validation
4946811,556 Nguyễn Văn Cừ,21.0491,105.8831,2025-11-08 00:00:00+00:00,24.954166666666666,1.7525085540116636,22.7,28.7,90.875,7.6517261479667615,75.0,99.0,23.3,8.183333333333334,17.5,32.8,-6.167514895924252,1.530276133946671,1012.9583333333334,1011.7708333333334,42.800000000000004,42.800000000000004,65.625,356.0416666666667,35.0,950.0,2255.2625000000003,287.82,0,5,312,11,2025,1,autumn,validation
4946811,556 Nguyễn Văn Cừ,21.0491,105.8831,2025-11-09 00:00:00+00:00,24.620833333333334,1.4679116093122333,22.2,27.5,91.95833333333333,6.517395896779811,77.0,100.0,23.1875,6.254166666666666,13.1,25.9,-4.797631518202791,-0.6201429757358446,1011.9166666666666,1010.725,8.8,8.8,77.45833333333333,227.5,50.0,535.0,2255.7208333333333,59.300000000000004,0,6,313,11,2025,1,autumn,validation
4946811,556 Nguyễn Văn Cừ,21.0491,105.8831,2025-11-10 00:00:00+00:00,24.2375,2.076538193620629,21.6,27.7,76.25,6.408214836544132,66.0,92.0,19.741666666666667,9.950000000000001,12.2,25.2,-7.0611990025034475,-6.6629188861731565,1010.9499999999999,1009.7708333333334,0.4,0.4,95.75,455.4166666666667,235.0,945.0,1838.1458333333333,3.75,0,0,314,11,2025,0,autumn,validation
4946811,556 Nguyễn Văn Cừ,21.0491,105.8831,2025-11-11 00:00:00+00:00,22.45,1.092265296647692,20.5,24.5,71.70833333333333,5.0431112435175125,63.0,80.0,17.075,8.4625,13.9,27.4,-3.513123968091234,-7.302993258123671,1013.3916666666668,1012.1916666666666,0.30000000000000004,0.30000000000000004,99.25,518.125,45.0,795.0,1608.8208333333332,2.7,0,1,315,11,2025,0,autumn,validation
4946811,556 Nguyễn Văn Cừ,21.0491,105.8831,2025-11-12 00:00:00+00:00,22.0,1.5918269514863297,20.0,24.8,67.41666666666667,9.481866751934936,54.0,83.0,15.570833333333333,7.533333333333334,12.6,27.4,-0.4036976824899214,-7.231637927378684,1016.525,1015.3249999999999,0.0,0.0,87.5,423.75,20.0,920.0,1472.4666666666665,0.0,0,2,316,11,2025,0,autumn,validation
4946811,556 Nguyễn Văn Cừ,21.0491,105.8831,2025-11-13 00:00:00+00:00,21.316666666666666,3.3169743503047657,16.0,26.2,67.79166666666667,15.51991474278091,46.0,88.0,14.683333333333332,6.329166666666667,12.5,28.1,-1.345970998707518,-5.379649932969159,1017.8458333333333,1016.6458333333334,0.0,0.0,12.541666666666666,476.25,15.0,1385.0,1397.2749999999999,0.0,0,3,317,11,2025,0,autumn,validation
4946811,556 Nguyễn Văn Cừ,21.0491,105.8831,2025-11-14 00:00:00+00:00,20.558333333333334,3.614694246095182,15.9,25.9,68.08333333333333,19.450978888224235,40.0,94.0,13.791666666666666,6.279166666666666,11.7,27.4,-1.8832015192084082,-5.327554594429971,1018.2958333333332,1017.0958333333333,0.0,0.0,1.4166666666666667,346.4583333333333,10.0,1205.0,1333.2458333333334,0.0,0,4,318,11,2025,0,autumn,validation
4946811,556 Nguyễn Văn Cừ,21.0491,105.8831,2025-11-15 00:00:00+00:00,22.175,2.8070176034515644,17.6,27.0,73.25,13.648538701841025,51.0,90.0,16.8625,7.354166666666667,12.6,28.4,0.8123738030202756,-6.547090474803202,1019.625,1018.4250000000001,0.0,0.0,26.0,395.2083333333333,20.0,1415.0,1590.9125000000001,0.0,0,5,319,11,2025,1,autumn,validation
4946811,556 Nguyễn Văn Cừ,21.0491,105.8831,2025-11-16 00:00:00+00:00,22.4875,1.5005252703491931,20.5,25.5,80.75,9.834500053604545,62.0,92.0,18.870833333333334,6.195833333333333,9.7,22.3,3.2694867633811593,-5.033839673887354,1019.7333333333332,1018.5333333333333,0.39999999999999997,0.39999999999999997,79.41666666666667,227.08333333333334,45.0,680.0,1802.6625000000001,2.04,0,6,320,11,2025,1,autumn,validation
4946811,556 Nguyễn Văn Cừ,21.0491,105.8831,2025-11-17 00:00:00+00:00,22.608333333333334,1.5339397036691993,20.5,25.2,85.45833333333333,9.29693341992362,69.0,94.0,19.962500000000002,8.795833333333333,14.7,25.2,0.4131238703513662,-8.381312847159045,1020.3958333333334,1019.1958333333333,4.2,4.2,99.91666666666667,364.7916666666667,90.0,720.0,1918.95,45.489999999999995,0,0,321,11,2025,0,autumn,validation
4946811,556 Nguyễn Văn Cừ,21.0491,105.8831,2025-11-18 00:00:00+00:00,15.470833333333333,2.5547022572480755,13.1,20.9,85.91666666666667,5.648521673982427,70.0,94.0,13.091666666666667,20.525,24.7,46.8,-8.25751291676565,-18.293360232050603,1026.2958333333333,1025.0958333333333,13.8,13.8,100.0,850.4166666666666,500.0,1060.0,1333.1208333333332,290.62,0,1,322,11,2025,0,autumn,validation
4946811,556 Nguyễn Văn Cừ,21.0491,105.8831,2025-11-19 00:00:00+00:00,14.754166666666668,1.094642751596697,13.1,17.0,69.625,7.5054328149101766,54.0,78.0,9.170833333333333,10.458333333333334,21.1,42.8,-1.176640666567603,-10.243510628011412,1026.7875000000001,1025.5874999999999,0.1,0.1,63.666666666666664,539.375,25.0,1110.0,1022.5041666666666,1.47,0,2,323,11,2025,0,autumn,validation
4946811,556 Nguyễn Văn Cừ,21.0491,105.8831,2025-11-20 00:00:00+00:00,17.416666666666668,2.3330641666694683,14.1,21.6,60.458333333333336,9.877418984588102,45.0,77.0,9.4625,9.987499999999999,16.2,33.8,0.6783600688073476,-9.711683331444881,1024.7708333333333,1023.5708333333333,0.0,0.0,6.958333333333333,516.0416666666666,35.0,1290.0,1034.4125000000001,0.0,0,3,324,11,2025,0,autumn,validation
4946811,556 Nguyễn Văn Cừ,21.0491,105.8831,2025-11-21 00:00:00+00:00,18.045833333333334,3.360509687877547,14.1,23.3,62.041666666666664,13.696966235556362,41.0,77.0,10.225,8.629166666666666,15.5,33.8,-0.5889442002734605,-8.122880123565366,1023.3708333333334,1022.1708333333332,0.0,0.0,7.791666666666667,499.1666666666667,55.0,1380.0,1076.9833333333333,0.0,0,4,325,11,2025,0,autumn,validation
4946811,556 Nguyễn Văn Cừ,21.0491,105.8831,2025-11-22 00:00:00+00:00,20.125,2.375280303825029,15.1,24.0,60.083333333333336,13.631538452416521,38.0,76.0,11.725,4.816666666666666,10.2,24.5,-1.2015412632527103,-3.0521371708076326,1020.75,1019.5500000000001,0.0,0.0,49.791666666666664,372.2916666666667,10.0,1255.0,1179.5375000000001,0.0,0,5,326,11,2025,1,autumn,validation
4946811,556 Nguyễn Văn Cừ,21.0491,105.8831,2025-11-23 00:00:00+00:00,19.770833333333332,3.3912264251545707,15.8,25.1,70.58333333333333,16.730385443899642,44.0,92.0,13.770833333333334,5.104166666666667,9.3,23.4,0.7261954350547041,-4.435768338550905,1019.4541666666668,1018.2541666666666,0.0,0.0,10.125,365.2083333333333,15.0,1275.0,1341.75,0.0,0,6,327,11,2025,1,autumn,validation
4946811,556 Nguyễn Văn Cừ,21.0491,105.8831,2025-11-24 00:00:00+00:00,20.533333333333335,2.9508534751634246,16.2,25.7,60.958333333333336,10.415202795690648,44.0,84.0,12.516666666666666,11.1625,15.8,29.5,-0.24140125042709448,-10.819620926752627,1021.0791666666668,1019.8791666666666,0.0,0.0,9.666666666666666,517.0833333333334,75.0,1400.0,1229.6375,0.0,0,0,328,11,2025,0,autumn,validation
4946811,556 Nguyễn Văn Cừ,21.0491,105.8831,2025-11-25 00:00:00+00:00,18.245833333333334,3.7860130648924373,13.6,24.0,60.875,14.510303685432573,40.0,81.0,10.070833333333333,10.075000000000001,17.9,37.1,-1.293556352077989,-9.395775447086924,1020.6958333333333,1019.4958333333334,0.0,0.0,17.166666666666668,552.7083333333334,45.0,1560.0,1060.7791666666667,0.0,0,1,329,11,2025,0,autumn,validation
4946811,556 Nguyễn Văn Cừ,21.0491,105.8831,2025-11-26 00:00:00+00:00,17.904166666666665,3.3340769098177248,13.9,23.4,59.75,11.249154557604303,40.0,72.0,9.6625,8.862499999999999,13.9,30.6,-0.3306349450614557,-8.586272766938675,1021.7791666666667,1020.5791666666668,0.0,0.0,23.0,415.8333333333333,15.0,1320.0,1035.1875,0.0,0,2,330,11,2025,0,autumn,validation
4946811,556 Nguyễn Văn Cừ,21.0491,105.8831,2025-11-27 00:00:00+00:00,17.458333333333332,4.2938699142591314,11.0,24.1,56.375,17.279826136403916,30.0,85.0,7.908333333333334,10.779166666666667,18.8,40.7,-0.9481430047978043,-10.308798788084,1022.8041666666667,1021.6041666666666,0.0,0.0,74.5,566.4583333333334,60.0,1745.0,916.5749999999999,0.0,0,3,331,11,2025,0,autumn,validation
4946811,556 Nguyễn Văn Cừ,21.0491,105.8831,2025-11-28 00:00:00+00:00,16.837500000000002,4.532473410555357,10.4,24.1,66.625,21.55440538044017,31.0,98.0,9.637500000000001,5.575,10.3,24.8,1.9005848933672767,-2.889868550727664,1017.8541666666666,1016.6541666666667,0.0,0.0,19.416666666666668,305.625,10.0,1285.0,1029.7833333333333,0.0,0,4,332,11,2025,0,autumn,validation
4946811,556 Nguyễn Văn Cừ,21.0491,105.8831,2025-11-29 00:00:00+00:00,17.333333333333332,3.461799816715937,11.1,23.2,72.41666666666667,14.530078747405232,48.0,97.0,11.945833333333333,4.2375,7.1,15.1,-0.27678194145005275,0.5053012563712916,1014.9875000000001,1013.7875,0.0,0.0,22.416666666666668,262.5,20.0,930.0,1207.5708333333334,0.0,0,5,333,11,2025,1,autumn,validation
4946811,556 Nguyễn Văn Cừ,21.0491,105.8831,2025-11-30 00:00:00+00:00,19.704166666666666,2.73900635214697,14.4,24.7,77.58333333333333,17.395443348054176,49.0,98.0,15.254166666666668,4.3625,10.1,18.0,0.42464550300589154,-1.4312771957759125,1014.5500000000001,1013.35,0.1,0.1,27.791666666666668,240.20833333333334,20.0,705.0,1488.2833333333335,0.5,0,6,334,11,2025,1,autumn,validation
4946811,556 Nguyễn Văn Cừ,21.0491,105.8831,2025-12-01 00:00:00+00:00,20.525000000000002,1.7818529681205464,17.8,24.4,86.0,10.45071247831208,66.0,97.0,17.974999999999998,6.3875,10.3,20.2,0.057909830918003946,1.9498909686139727,1013.6458333333334,1012.4458333333333,0.30000000000000004,0.30000000000000004,61.75,250.83333333333334,75.0,845.0,1749.9541666666667,2.35,0,0,335,12,2025,0,winter,validation
4946811,556 Nguyễn Văn Cừ,21.0491,105.8831,2025-12-02 00:00:00+00:00,22.6375,2.5123715627998195,20.0,26.8,84.79166666666667,14.60488056205474,61.0,99.0,19.679166666666667,4.754166666666666,8.6,18.4,-0.6806789120644637,1.1079492477688124,1014.6583333333333,1013.4583333333334,1.5,1.5,58.916666666666664,349.7916666666667,15.0,1025.0,1884.6458333333333,9.89,0,1,336,12,2025,0,winter,validation
4946811,556 Nguyễn Văn Cừ,21.0491,105.8831,2025-12-03 00:00:00+00:00,20.879166666666666,1.9121986359132244,18.1,24.3,69.25,10.443429388438666,56.0,97.0,14.862499999999999,12.5625,20.1,42.5,-8.471963825007677,-8.747774483961367,1019.7416666666667,1018.5416666666666,1.0,1.0,92.79166666666667,540.625,220.0,1010.0,1438.2833333333335,10.09,0,2,337,12,2025,0,winter,validation
4946811,556 Nguyễn Văn Cừ,21.0491,105.8831,2025-12-04 00:00:00+00:00,20.391666666666666,1.8153731600265908,17.8,23.6,73.29166666666667,9.975967498755784,58.0,85.0,15.266666666666666,5.220833333333333,8.3,19.8,-3.123081922217555,-2.8685871790568362,1020.0541666666667,1018.8541666666666,0.0,0.0,84.20833333333333,340.4166666666667,25.0,1175.0,1479.8041666666668,0.0,0,3,338,12,2025,0,winter,validation
4946811,556 Nguyễn Văn Cừ,21.0491,105.8831,2025-12-05 00:00:00+00:00,19.154166666666665,1.0934505283601157,17.6,21.2,77.79166666666667,4.262874786957197,70.0,85.0,15.154166666666667,8.658333333333333,12.4,27.0,-3.4736764773334987,-7.804582729678199,1020.8583333333332,1019.6583333333333,0.2,0.2,97.95833333333333,359.5833333333333,240.0,565.0,1486.6333333333332,2.22,0,4,339,12,2025,0,winter,validation
4946811,556 Nguyễn Văn Cừ,21.0491,105.8831,2025-12-06 00:00:00+00:00,20.2375,2.059297579695351,17.3,23.8,78.83333333333333,13.614783099285118,59.0,97.0,16.212500000000002,7.116666666666667,13.7,27.0,-3.9354634700754185,3.917277240016246,1018.1583333333333,1016.9583333333334,0.1,0.1,76.5,448.3333333333333,140.0,1190.0,1570.9041666666665,0.58,0,5,340,12,2025,1,winter,validation
4946811,556 Nguyễn Văn Cừ,21.0491,105.8831,2025-12-07 00:00:00+00:00,21.391666666666666,2.424676879712943,18.6,25.5,81.45833333333333,11.905348329241765,60.0,95.0,17.895833333333332,6.033333333333334,13.2,24.5,-3.5283196780852832,-2.566610195120529,1019.5458333333332,1018.3458333333333,1.9,1.9,54.916666666666664,396.25,25.0,1055.0,1715.5375000000001,9.72,0,6,341,12,2025,1,winter,validation
4946811,556 Nguyễn Văn Cừ,21.0491,105.8831,2025-12-08 00:00:00+00:00,20.520833333333332,3.1562194179893077,15.8,25.6,74.66666666666667,16.614992356738927,48.0,95.0,15.445833333333333,5.8500000000000005,13.8,28.1,-1.0954195943460252,-4.189455874485952,1019.8541666666666,1018.6541666666667,0.0,0.0,29.041666666666668,475.0,15.0,1675.0,1483.0625,0.0,0,0,342,12,2025,0,winter,validation
4946811,556 Nguyễn Văn Cừ,21.0491,105.8831,2025-12-09 00:00:00+00:00,20.462500000000002,2.94895891725405,15.8,24.6,76.125,15.629716679398285,51.0,98.0,15.762500000000001,4.670833333333333,10.8,23.0,-2.0929977907525066,0.9391283522042602,1018.5791666666668,1017.3791666666666,0.0,0.0,41.458333333333336,368.5416666666667,20.0,1195.0,1514.2,0.0,0,1,343,12,2025,0,winter,validation
4946811,556 Nguyễn Văn Cừ,21.0491,105.8831,2025-12-10 00:00:00+00:00,21.933333333333334,2.725191124795958,16.3,26.4,73.95833333333333,15.613481261443566,49.0,99.0,16.720833333333335,3.1166666666666667,9.7,18.4,-1.2975600289673221,1.5010744421787523,1017.9291666666667,1016.7291666666666,0.0,0.0,52.416666666666664,415.625,15.0,1555.0,1582.325,0.0,0,2,344,12,2025,0,winter,validation
4946811,556 Nguyễn Văn Cừ,21.0491,105.8831,2025-12-11 00:00:00+00:00,21.333333333333332,1.184195440195459,19.6,23.4,78.83333333333333,10.217915496883364,62.0,93.0,17.400000000000002,2.7916666666666665,7.6,19.1,0.5871936665949308,-2.321337027382327,1017.3041666666667,1016.1041666666666,0.3,0.3,91.16666666666667,262.7083333333333,10.0,780.0,1670.4041666666665,1.95,0,3,345,12,2025,0,winter,validation
4946811,556 Nguyễn Văn Cừ,21.0491,105.8831,2025-12-12 00:00:00+00:00,21.95,1.37682684964851,19.5,24.2,85.5,10.70960560309823,71.0,100.0,19.3125,6.0125,10.7,22.3,-4.261141871955627,3.5756579405782123,1015.5416666666666,1014.3416666666667,6.1,6.1,86.41666666666667,346.25,50.0,780.0,1864.1875,41.8,0,4,346,12,2025,0,winter,validation
4946811,556 Nguyễn Văn Cừ,21.0491,105.8831,2025-12-13 00:00:00+00:00,19.654166666666665,1.9982555798292752,16.5,22.9,74.45833333333333,13.950157133809318,60.0,99.0,14.833333333333334,15.058333333333332,22.9,50.0,-7.659066395961065,-12.283843003950224,1020.8583333333332,1019.6583333333333,10.5,10.5,99.33333333333333,768.3333333333334,155.0,1195.0,1481.4916666666668,132.24,0,5,347,12,2025,1,winter,validation
4946811,556 Nguyễn Văn Cừ,21.0491,105.8831,2025-12-14 00:00:00+00:00,17.091666666666665,2.253290669349988,13.5,21.0,68.33333333333333,16.7764500226454,47.0,95.0,10.775,6.2625,13.5,28.1,-3.225004623569044,-2.519016913240407,1021.8583333333332,1020.6583333333333,0.0,0.0,42.291666666666664,430.625,20.0,1170.0,1134.825,0.0,0,6,348,12,2025,1,winter,validation
4946811,556 Nguyễn Văn Cừ,21.0491,105.8831,2025-12-15 00:00:00+00:00,18.25,2.4478917282109287,14.0,22.2,75.08333333333333,15.958960047481208,52.0,94.0,13.4,6.116666666666667,11.7,21.2,-3.1377849563269127,2.072144091234439,1018.9,1017.6999999999999,0.0,0.0,35.666666666666664,435.625,60.0,1345.0,1334.4875,0.0,0,0,349,12,2025,0,winter,validation
4946811,556 Nguyễn Văn Cừ,21.0491,105.8831,2025-12-16 00:00:00+00:00,19.745833333333334,1.209735568183202,16.9,21.8,80.08333333333333,7.773515049955463,68.0,89.0,16.141666666666666,4.2124999999999995,8.7,16.2,0.6825136509781187,-3.4882489392669638,1018.9333333333334,1017.7333333333332,0.30000000000000004,0.30000000000000004,99.25,212.91666666666666,25.0,525.0,1574.3625,2.35,0,1,350,12,2025,0,winter,validation
4946811,556 Nguyễn Văn Cừ,21.0491,105.8831,2025-12-17 00:00:00+00:00,19.970833333333335,2.4435325758572093,17.1,24.0,82.125,11.101556882590447,62.0,94.0,16.666666666666668,7.129166666666666,11.4,25.6,-1.9125092697394874,-5.77104492447545,1020.6083333333332,1019.4083333333333,1.3,1.3,52.166666666666664,349.375,30.0,1095.0,1615.5583333333334,12.16,0,2,351,12,2025,0,winter,validation
4946811,556 Nguyễn Văn Cừ,21.0491,105.8831,2025-12-18 00:00:00+00:00,19.837500000000002,3.2601430350056213,15.0,24.7,76.66666666666667,16.091225442205577,51.0,100.0,15.266666666666666,5.404166666666666,9.4,22.0,-1.062645966336975,1.0680849732713815,1017.6291666666666,1016.4291666666667,0.0,0.0,10.875,353.75,25.0,1105.0,1470.95,0.0,0,3,352,12,2025,0,winter,validation
4946811,556 Nguyễn Văn Cừ,21.0491,105.8831,2025-12-19 00:00:00+00:00,20.95,2.5598913020401612,15.6,25.3,83.25,17.23810238724215,54.0,99.0,17.625,7.7749999999999995,13.9,28.4,-4.737691664872009,5.393676110158633,1014.4,1013.1999999999999,0.0,0.0,46.958333333333336,481.4583333333333,50.0,1150.0,1704.9708333333335,0.0,0,4,353,12,2025,0,winter,validation
4946811,556 Nguyễn Văn Cừ,21.0491,105.8831,2025-12-20 00:00:00+00:00,21.333333333333332,2.366738108740026,18.3,25.3,85.0,12.951414225279896,62.0,98.0,18.479166666666668,5.591666666666666,10.3,21.6,-1.268294724897476,-0.029143096921289875,1016.6125000000001,1015.4125,1.2000000000000002,1.2000000000000002,50.375,352.0833333333333,15.0,890.0,1784.5083333333332,7.5,0,5,354,12,2025,1,winter,validation
4946811,556 Nguyễn Văn Cừ,21.0491,105.8831,2025-12-21 00:00:00+00:00,21.295833333333334,2.6044241901654255,18.1,25.5,82.79166666666667,13.538926701621662,60.0,98.0,17.9875,4.466666666666667,11.6,23.8,-0.5605368734548158,-3.2260159960608483,1017.4875000000001,1016.2875,1.1,1.1,38.208333333333336,338.125,20.0,1095.0,1729.5708333333332,4.74,0,6,355,12,2025,1,winter,validation
4946811,556 Nguyễn Văn Cừ,21.0491,105.8831,2025-12-22 00:00:00+00:00,21.7375,2.0681460927288393,18.5,25.5,84.54166666666667,13.38389417129431,61.0,98.0,18.791666666666668,12.137500000000001,15.7,34.2,-8.156880409110299,8.112914936402351,1014.4208333333332,1013.2208333333333,0.7000000000000001,0.7000000000000001,47.541666666666664,534.7916666666666,60.0,990.0,1811.7208333333335,9.99,0,0,356,12,2025,0,winter,validation
4946811,556 Nguyễn Văn Cừ,21.0491,105.8831,2025-12-23 00:00:00+00:00,22.537499999999998,2.101513429805334,20.5,26.5,85.45833333333333,12.371001037372304,65.0,98.0,19.787499999999998,11.4375,16.7,35.6,-6.302494964932692,8.835687194053053,1013.7333333333332,1012.5333333333333,0.9,0.9,71.45833333333333,521.875,270.0,1125.0,1901.7291666666667,11.44,0,1,357,12,2025,0,winter,validation
4946811,556 Nguyễn Văn Cừ,21.0491,105.8831,2025-12-24 00:00:00+00:00,21.295833333333334,3.7146571222970066,15.1,27.1,78.33333333333333,10.089454962944002,62.0,97.0,17.266666666666666,15.270833333333334,24.5,48.6,-9.083355627147844,-4.1424310584325035,1014.6208333333334,1013.4291666666667,3.8000000000000003,3.8000000000000003,75.95833333333333,622.0833333333334,200.0,1100.0,1655.5208333333333,56.11,0,2,358,12,2025,0,winter,validation
4946811,556 Nguyễn Văn Cừ,21.0491,105.8831,2025-12-25 00:00:00+00:00,16.587500000000002,1.8847932651020152,12.7,19.4,54.708333333333336,6.987436966607916,46.0,75.0,7.3374999999999995,12.720833333333333,20.2,40.0,-5.419074007797466,-10.715747532673193,1021.8208333333333,1020.6208333333334,0.0,0.0,82.58333333333333,806.875,230.0,1150.0,900.0500000000001,0.0,0,3,359,12,2025,0,winter,validation
4946811,556 Nguyễn Văn Cừ,21.0491,105.8831,2025-12-26 00:00:00+00:00,15.441666666666668,2.784259587264694,12.1,19.9,61.083333333333336,17.16902333619593,39.0,84.0,7.3374999999999995,6.133333333333333,12.8,28.1,-4.071642154957206,-1.1834609613984808,1020.1541666666667,1018.9541666666668,0.0,0.0,6.541666666666667,439.7916666666667,35.0,1160.0,900.4041666666667,0.0,0,4,360,12,2025,0,winter,validation
4946811,556 Nguyễn Văn Cừ,21.0491,105.8831,2025-12-27 00:00:00+00:00,15.945833333333333,2.519485656044601,13.1,20.0,67.04166666666667,14.866007816686938,45.0,85.0,9.441666666666666,4.7124999999999995,9.9,23.8,-0.8767025057034648,-3.9846939625141453,1019.8791666666666,1018.6791666666667,0.0,0.0,36.791666666666664,358.5416666666667,30.0,1345.0,1035.6916666666666,0.0,0,5,361,12,2025,1,winter,validation
4946811,556 Nguyễn Văn Cừ,21.0491,105.8831,2025-12-28 00:00:00+00:00,18.375,1.7348725050261342,14.8,21.4,70.79166666666667,11.93817102977805,53.0,89.0,12.729166666666666,3.9416666666666664,7.7,14.8,-0.7849554208278241,1.8961800395060475,1017.8791666666666,1016.6791666666667,0.0,0.0,87.25,387.5,45.0,1345.0,1284.4125,0.0,0,6,362,12,2025,1,winter,validation
4946811,556 Nguyễn Văn Cừ,21.0491,105.8831,2025-12-29 00:00:00+00:00,20.004166666666666,1.9601417798469207,16.8,23.4,77.75,11.677738018014928,59.0,94.0,15.820833333333333,8.441666666666666,14.3,29.5,-5.791717928496586,4.051177821841123,1015.375,1014.1750000000001,0.30000000000000004,0.30000000000000004,80.70833333333333,498.3333333333333,115.0,1015.0,1533.8833333333334,1.27,0,0,363,12,2025,0,winter,validation
4946811,556 Nguyễn Văn Cừ,21.0491,105.8831,2025-12-30 00:00:00+00:00,20.279166666666665,2.267152814447665,17.5,23.9,82.16666666666667,14.150331588269268,61.0,98.0,16.858333333333334,10.495833333333334,14.9,30.6,-7.42726444128391,6.982237626450087,1013.7666666666668,1012.5666666666666,0.4,0.4,80.375,514.375,125.0,1040.0,1635.8708333333334,3.74,0,1,364,12,2025,0,winter,validation
4946811,556 Nguyễn Văn Cừ,21.0491,105.8831,2025-12-31 00:00:00+00:00,20.629166666666666,2.251275805765073,17.6,24.3,84.79166666666667,12.12607383561004,66.0,99.0,17.804166666666667,12.629166666666668,17.2,34.9,-9.265059741915296,7.891029633365826,1011.9250000000001,1010.725,2.3,2.3,76.375,528.75,170.0,960.0,1723.2625,25.020000000000003,0,2,365,12,2025,0,winter,validation
4946811,556 Nguyễn Văn Cừ,21.0491,105.8831,2026-01-01 00:00:00+00:00,18.7,2.4625896584869675,15.1,23.3,82.08333333333333,6.864633158865598,70.0,97.0,15.520833333333334,12.891666666666666,19.6,38.2,-9.483336715750873,-7.974301199558096,1018.0166666666668,1016.8166666666666,4.8,4.8,94.54166666666667,479.7916666666667,220.0,890.0,1532.6666666666667,57.63,0,3,1,1,2026,0,winter,validation
4946811,556 Nguyễn Văn Cừ,21.0491,105.8831,2026-01-02 00:00:00+00:00,15.258333333333333,1.232500698180124,13.6,17.1,70.45833333333333,5.107361836362902,62.0,83.0,9.895833333333334,11.341666666666667,15.5,31.7,-6.109339744657259,-9.41700994129119,1023.3791666666666,1022.1791666666667,0.1,0.1,100.0,473.9583333333333,265.0,795.0,1071.3875,1.33,0,4,2,1,2026,0,winter,validation
4946811,556 Nguyễn Văn Cừ,21.0491,105.8831,2026-01-03 00:00:00+00:00,16.375,1.6413806489606888,13.9,19.1,72.79166666666667,10.082180434749255,56.0,91.0,11.333333333333334,6.5874999999999995,10.5,23.0,-4.896426380546542,-0.08198357559608888,1021.6666666666666,1020.4666666666667,0.0,0.0,97.04166666666667,473.3333333333333,25.0,1035.0,1179.3166666666666,0.0,0,5,3,1,2026,1,winter,validation
4946811,556 Nguyễn Văn Cừ,21.0491,105.8831,2026-01-04 00:00:00+00:00,17.912499999999998,2.208740050050176,14.4,22.5,84.33333333333333,11.709032806998291,62.0,95.0,15.070833333333333,7.4875,15.0,26.3,-5.941410587776173,-1.2871818574102103,1019.7916666666666,1018.5916666666667,0.8,0.8,92.0,391.4583333333333,85.0,1115.0,1490.9666666666665,7.68,0,6,4,1,2026,1,winter,validation
4946811,556 Nguyễn Văn Cừ,21.0491,105.8831,2026-01-05 00:00:00+00:00,14.995833333333332,1.013594193159074,13.3,16.8,71.41666666666667,6.226986616240683,63.0,89.0,9.825000000000001,13.8125,19.3,39.2,-5.05273128286128,-12.493465906406827,1023.1750000000001,1021.975,0.2,0.2,100.0,529.375,325.0,635.0,1069.7583333333334,3.14,0,0,5,1,2026,0,winter,validation
4946811,556 Nguyễn Văn Cừ,21.0491,105.8831,2026-01-06 00:00:00+00:00,13.145833333333334,1.4940400922001562,9.9,14.9,73.08333333333333,14.500124936992977,55.0,96.0,8.133333333333333,10.158333333333333,16.7,33.8,0.06464734933441972,-9.205581929082625,1027.1333333333334,1025.9333333333334,0.2,0.2,73.125,509.1666666666667,110.0,990.0,941.0541666666667,3.0300000000000002,0,1,6,1,2026,0,winter,validation
4946811,556 Nguyễn Văn Cừ,21.0491,105.8831,2026-01-07 00:00:00+00:00,14.225,3.447778112501367,9.9,19.2,63.958333333333336,17.838598030959297,38.0,89.0,6.875,6.329166666666667,13.6,29.9,-1.8444608252397767,-5.048630951048221,1026.3625,1025.1625000000001,0.0,0.0,0.7916666666666666,453.3333333333333,15.0,1370.0,853.7041666666668,0.0,0,2,7,1,2026,0,winter,validation
4946811,556 Nguyễn Văn Cừ,21.0491,105.8831,2026-01-08 00:00:00+00:00,14.549999999999999,3.8716359872011847,8.9,20.2,65.0,19.50919515644287,36.0,94.0,7.2875000000000005,4.904166666666667,10.2,25.6,-1.4018790943129658,-2.2446009378225584,1025.1666666666667,1023.9666666666667,0.0,0.0,40.958333333333336,446.6666666666667,10.0,1575.0,874.6333333333333,0.0,0,3,8,1,2026,0,winter,validation
4946811,556 Nguyễn Văn Cừ,21.0491,105.8831,2026-01-09 00:00:00+00:00,14.8375,4.070232607390008,9.4,20.9,71.33333333333333,20.653806190262554,42.0,98.0,8.995833333333334,3.6833333333333336,9.5,18.4,-1.6012280140730077,0.9833042802362758,1021.8000000000001,1020.6,0.0,0.0,43.75,362.0833333333333,20.0,1300.0,978.5291666666667,0.0,0,4,9,1,2026,0,winter,validation
4946811,556 Nguyễn Văn Cừ,21.0491,105.8831,2026-01-10 00:00:00+00:00,15.970833333333333,3.766151208798743,9.8,22.0,71.04166666666667,18.928881008445376,41.0,97.0,10.083333333333334,4.2124999999999995,8.4,20.5,-2.086460677053395,-0.27579500262553763,1021.9791666666666,1020.7791666666667,0.0,0.0,27.208333333333332,372.7083333333333,15.0,1495.0,1067.4833333333333,0.0,0,5,10,1,2026,1,winter,test
4946811,556 Nguyễn Văn Cừ,21.0491,105.8831,2026-01-11 00:00:00+00:00,16.6375,4.00584491440456,11.9,22.9,67.66666666666667,22.287970369425874,36.0,98.0,9.695833333333333,6.370833333333334,10.1,23.8,-2.1064613340890204,1.8516704586297053,1021.9499999999999,1020.75,0.0,0.0,8.458333333333334,465.625,35.0,1710.0,1041.4125000000001,0.0,0,6,11,1,2026,1,winter,test
4946811,556 Nguyễn Văn Cừ,21.0491,105.8831,2026-01-12 00:00:00+00:00,17.537499999999998,3.672555383309864,11.9,23.0,75.75,17.466116265252115,48.0,98.0,12.741666666666667,4.395833333333333,8.9,23.8,-1.0330064373383159,0.5847414563248358,1020.5833333333334,1019.3833333333333,0.0,0.0,32.916666666666664,420.4166666666667,25.0,1545.0,1267.5458333333333,0.0,0,0,12,1,2026,0,winter,test
4946811,556 Nguyễn Văn Cừ,21.0491,105.8831,2026-01-13 00:00:00+00:00,17.95,3.8254297854591797,12.6,24.2,73.5,20.0369224400746,44.0,100.0,12.495833333333332,6.1125,12.0,25.2,-1.6100388671540788,1.7114159753164857,1017.9208333333332,1016.7208333333333,0.0,0.0,8.208333333333334,418.125,60.0,1460.0,1246.9750000000001,0.0,0,1,13,1,2026,0,winter,test
4946811,556 Nguyễn Văn Cừ,21.0491,105.8831,2026-01-14 00:00:00+00:00,19.504166666666666,3.159179745862312,13.9,24.3,77.29166666666667,16.017596754728885,54.0,98.0,15.0375,7.841666666666666,14.0,31.0,-5.890692233141301,3.91198906851022,1016.2541666666666,1015.0541666666667,0.0,0.0,55.916666666666664,456.875,75.0,1350.0,1459.6583333333335,0.0,0,2,14,1,2026,0,winter,test
4946811,556 Nguyễn Văn Cừ,21.0491,105.8831,2026-01-15 00:00:00+00:00,19.541666666666668,2.003023077569344,17.2,22.7,85.625,11.76513825931807,66.0,100.0,16.908333333333335,5.516666666666667,10.4,19.1,-3.3805544068858198,3.719261109976461,1014.9,1013.6999999999999,0.4,0.4,77.33333333333333,312.5,75.0,850.0,1651.4416666666666,1.52,0,3,15,1,2026,0,winter,test
4946811,556 Nguyễn Văn Cừ,21.0491,105.8831,2026-01-16 00:00:00+00:00,21.337500000000002,2.5261781581979768,18.0,26.0,83.25,15.031127123695546,59.0,99.0,18.083333333333332,9.883333333333333,13.4,28.8,-5.266520758351281,7.372330135069611,1012.1625,1010.9625,0.7000000000000001,0.7000000000000001,72.875,476.0416666666667,125.0,1070.0,1740.5833333333333,7.82,0,4,16,1,2026,0,winter,test
4946811,556 Nguyễn Văn Cừ,21.0491,105.8831,2026-01-17 00:00:00+00:00,19.716666666666665,1.504389712074998,17.9,22.9,91.20833333333333,7.66119054584274,76.0,99.0,18.166666666666668,8.395833333333334,14.7,31.7,-7.012432710108883,2.268932459103979,1011.9791666666666,1010.7791666666667,5.8,5.8,69.625,283.3333333333333,150.0,605.0,1788.2291666666667,40.160000000000004,0,5,17,1,2026,1,winter,test
4946811,556 Nguyễn Văn Cừ,21.0491,105.8831,2026-01-18 00:00:00+00:00,20.970833333333335,2.712848521655655,17.9,26.4,85.29166666666667,14.097422418321008,58.0,98.0,18.154166666666665,9.924999999999999,18.3,37.4,-6.634009672898763,6.406656937134334,1011.2125,1010.0124999999999,0.5,0.5,61.916666666666664,456.875,75.0,1190.0,1752.6291666666666,2.7800000000000002,0,6,18,1,2026,1,winter,test
4946811,556 Nguyễn Văn Cừ,21.0491,105.8831,2026-01-19 00:00:00+00:00,21.825,2.3996829500726884,18.5,26.4,83.83333333333333,15.434762196353105,57.0,99.0,18.654166666666665,12.783333333333333,18.0,36.0,-6.8618168814248905,10.367397244326483,1012.1583333333333,1010.9583333333334,1.0,1.0,76.58333333333333,603.9583333333334,225.0,1285.0,1795.1625000000001,13.0,0,0,19,1,2026,0,winter,test
4946811,556 Nguyễn Văn Cừ,21.0491,105.8831,2026-01-20 00:00:00+00:00,21.358333333333334,2.5149840809707396,16.8,25.6,84.54166666666667,12.430604471876327,63.0,98.0,18.45416666666667,12.858333333333334,17.0,35.6,-9.046132730550374,7.150880759807516,1015.5124999999999,1014.3125,5.8,5.8,61.541666666666664,553.75,195.0,915.0,1777.125,73.01,0,1,20,1,2026,0,winter,test
4946811,556 Nguyễn Văn Cừ,21.0491,105.8831,2026-01-21 00:00:00+00:00,14.158333333333333,2.4861208943752646,9.8,17.1,72.20833333333333,9.011968692252823,60.0,87.0,9.075000000000001,15.645833333333334,19.2,39.2,-9.19066521298494,-12.51572135700382,1021.0625,1019.8625000000001,2.1,2.1,100.0,448.3333333333333,340.0,615.0,1003.5875,30.35,0,2,21,1,2026,0,winter,test
4946811,556 Nguyễn Văn Cừ,21.0491,105.8831,2026-01-22 00:00:00+00:00,10.729166666666666,0.8137295601742941,9.7,12.2,71.91666666666667,4.3630530462117925,64.0,82.0,5.866666666666667,11.008333333333333,16.7,34.6,-4.450887618495413,-9.86279959240222,1025.3416666666667,1024.1416666666667,0.5,0.5,99.91666666666667,498.5416666666667,420.0,580.0,768.6958333333333,7.470000000000001,0,3,22,1,2026,0,winter,test
4946811,556 Nguyễn Văn Cừ,21.0491,105.8831,2026-01-23 00:00:00+00:00,12.9625,1.6815656524436564,9.9,16.2,72.375,7.264041874041347,60.0,81.0,8.012500000000001,6.220833333333332,8.6,20.2,-1.5360145205961244,-4.572291743443897,1023.9958333333334,1022.7958333333332,0.0,0.0,90.75,402.2916666666667,140.0,960.0,930.6166666666667,0.0,0,4,23,1,2026,0,winter,test
4946811,556 Nguyễn Văn Cừ,21.0491,105.8831,2026-01-24 00:00:00+00:00,14.245833333333332,1.0693269588519392,11.9,16.2,81.41666666666667,7.723012853558641,70.0,94.0,11.049999999999999,4.7375,7.1,15.5,-2.4288614607823735,-2.2485013214153216,1020.4291666666667,1019.2291666666666,0.0,0.0,98.95833333333333,255.0,75.0,690.0,1157.3708333333334,0.0,0,5,24,1,2026,1,winter,test
4946811,556 Nguyễn Văn Cừ,21.0491,105.8831,2026-01-25 00:00:00+00:00,18.204166666666666,2.407863777503721,14.3,23.0,86.54166666666667,11.669280245553932,66.0,99.0,15.766666666666666,5.341666666666666,11.0,22.3,-2.476408176296873,3.3200107207864415,1017.7875,1016.5875,0.9,0.9,75.45833333333333,298.3333333333333,35.0,945.0,1551.4583333333333,2.64,0,6,25,1,2026,1,winter,test
4946811,556 Nguyễn Văn Cừ,21.0491,105.8831,2026-01-26 00:00:00+00:00,18.8,1.794920368828317,16.9,22.5,92.25,9.492560015726731,72.0,100.0,17.404166666666665,4.720833333333333,8.8,19.1,-1.77700928104488,1.056320757952866,1019.4166666666666,1018.2166666666667,5.2,5.2,78.79166666666667,200.625,45.0,625.0,1718.1666666666667,23.62,0,0,26,1,2026,0,winter,test
4946811,556 Nguyễn Văn Cừ,21.0491,105.8831,2026-01-27 00:00:00+00:00,19.408333333333335,3.067631385750345,15.2,24.0,79.95833333333333,14.14360868614042,58.0,97.0,15.545833333333334,6.254166666666666,10.5,21.2,-4.348778298072664,1.750005559147647,1020.1833333333334,1018.9833333333332,0.30000000000000004,0.30000000000000004,61.916666666666664,376.875,15.0,1090.0,1511.6375,2.5100000000000002,0,1,27,1,2026,0,winter,test
4946811,556 Nguyễn Văn Cừ,21.0491,105.8831,2026-01-28 00:00:00+00:00,19.091666666666665,3.27651945059768,15.2,24.4,77.16666666666667,16.703726912088317,52.0,98.0,14.595833333333333,9.9625,16.2,29.9,-5.865227642174022,6.2251932380493145,1018.6166666666667,1017.4166666666666,0.0,0.0,45.666666666666664,552.7083333333334,195.0,1420.0,1423.5416666666667,0.0,0,2,28,1,2026,0,winter,test
4946811,556 Nguyễn Văn Cừ,21.0491,105.8831,2026-01-29 00:00:00+00:00,20.483333333333334,2.5159779266790543,17.0,24.9,84.08333333333333,15.087906665148472,58.0,98.0,17.408333333333335,12.108333333333334,18.0,37.4,-4.910477134750384,10.549395001289481,1016.3000000000001,1015.1,0.2,0.2,64.79166666666667,582.9166666666666,155.0,1280.0,1686.825,3.0100000000000007,0,3,29,1,2026,0,winter,test
4946811,556 Nguyễn Văn Cừ,21.0491,105.8831,2026-01-30 00:00:00+00:00,21.0875,2.6750558710134373,18.0,25.5,86.20833333333333,13.685851680910618,63.0,100.0,18.45,10.116666666666667,15.4,32.8,-5.822690473493924,6.370253327547754,1017.9791666666666,1016.7791666666667,1.6,1.6,57.291666666666664,412.2916666666667,80.0,875.0,1783.2666666666667,18.2,0,4,30,1,2026,0,winter,test
4946811,556 Nguyễn Văn Cừ,21.0491,105.8831,2026-01-31 00:00:00+00:00,18.508333333333333,1.8275468629372806,16.1,21.9,68.58333333333333,9.026129541101968,55.0,95.0,12.475,11.716666666666667,19.9,38.9,-7.2658219715557175,-8.859711751428375,1021.4625,1020.2624999999999,0.6,0.6,88.66666666666667,444.375,145.0,1080.0,1261.0458333333333,11.61,0,5,31,1,2026,1,winter,test
4946811,556 Nguyễn Văn Cừ,21.0491,105.8831,2026-02-01 00:00:00+00:00,17.220833333333335,2.0567976727589583,14.7,20.9,69.95833333333333,12.386806328287081,55.0,92.0,11.458333333333334,6.2375,13.7,25.6,-3.9160140983523166,-4.154582239747988,1022.7666666666668,1021.5666666666666,0.0,0.0,68.45833333333333,397.5,20.0,1055.0,1185.7291666666667,0.0,0,6,32,2,2026,1,winter,test
4946811,556 Nguyễn Văn Cừ,21.0491,105.8831,2026-02-02 00:00:00+00:00,15.241666666666667,2.1245800949152627,11.5,18.7,74.75,13.488320229320461,56.0,93.0,10.5375,6.875,10.9,22.3,-0.6706665678906515,-6.176980653301594,1024.3833333333334,1023.1833333333334,0.1,0.1,65.75,305.625,35.0,795.0,1112.8791666666666,0.9400000000000001,0,0,33,2,2026,0,winter,test
4946811,556 Nguyễn Văn Cừ,21.0491,105.8831,2026-02-03 00:00:00+00:00,17.45,2.7762971899558098,13.3,22.0,76.58333333333333,17.26750319723923,52.0,99.0,12.875,5.829166666666667,10.2,19.1,-2.742929099940707,3.5034871630107247,1021.4708333333333,1020.2708333333334,0.0,0.0,59.458333333333336,397.0833333333333,70.0,1405.0,1293.7916666666667,0.0,0,1,34,2,2026,0,winter,test
4946811,556 Nguyễn Văn Cừ,21.0491,105.8831,2026-02-04 00:00:00+00:00,19.4375,2.2715274500920617,15.4,23.6,84.58333333333333,13.796397345326968,61.0,99.0,16.545833333333334,8.725,12.8,25.9,-3.844772311927611,7.472378398318088,1016.5583333333334,1015.3583333333332,0.4,0.4,68.41666666666667,440.4166666666667,120.0,1145.0,1615.8291666666667,3.5,0,2,35,2,2026,0,winter,test
4946811,556 Nguyễn Văn Cừ,21.0491,105.8831,2026-02-05 00:00:00+00:00,21.6125,2.1047177854814016,18.2,26.1,86.04166666666667,12.379784245737664,61.0,98.0,18.970833333333335,8.866666666666667,12.9,25.9,-3.579744391663327,7.847859982998616,1013.8000000000001,1012.6,0.30000000000000004,0.30000000000000004,82.83333333333333,495.8333333333333,110.0,1140.0,1836.1541666666665,2.37,0,3,36,2,2026,0,winter,test
4946811,556 Nguyễn Văn Cừ,21.0491,105.8831,2026-02-06 00:00:00+00:00,22.483333333333334,2.146719776100609,20.4,26.5,86.70833333333333,13.310601092710865,63.0,99.0,19.929166666666667,8.579166666666667,15.4,29.5,-5.556775917740754,5.85252133304999,1014.0875,1012.8874999999999,0.5,0.5,79.70833333333333,466.875,180.0,1035.0,1922.2958333333333,2.1,0,4,37,2,2026,0,winter,test
4946811,556 Nguyễn Văn Cừ,21.0491,105.8831,2026-02-07 00:00:00+00:00,21.47083333333333,2.392466285558949,16.8,25.1,80.75,9.953151128728248,63.0,98.0,17.895833333333332,13.475,21.8,40.3,-10.582966208988635,3.342681524893075,1016.9541666666668,1015.7541666666666,5.9,5.9,86.0,569.7916666666666,230.0,1040.0,1716.3083333333334,75.24,0,5,38,2,2026,1,winter,test
4946811,556 Nguyễn Văn Cừ,21.0491,105.8831,2026-02-08 00:00:00+00:00,12.991666666666667,1.3325088030271799,11.8,16.4,91.04166666666667,2.561914478881267,84.0,94.0,11.554166666666667,14.779166666666667,25.1,45.7,-6.101634692451608,-13.235794996265136,1023.5166666666668,1022.3166666666666,16.4,16.4,100.0,531.25,310.0,755.0,1180.8416666666667,257.72,0,6,39,2,2026,1,winter,test
4946811,556 Nguyễn Văn Cừ,21.0491,105.8831,2026-02-09 00:00:00+00:00,13.891666666666666,1.2211600566911658,11.8,16.3,86.75,6.360544138604053,74.0,94.0,11.6625,4.55,10.6,19.1,-1.0037168126286615,-3.1792320996332446,1019.7958333333332,1018.5958333333333,2.2,2.2,90.25,237.08333333333334,75.0,560.0,1198.6791666666666,18.36,0,0,40,2,2026,0,winter,test
4946811,556 Nguyễn Văn Cừ,21.0491,105.8831,2026-02-10 00:00:00+00:00,18.529166666666665,2.076887128595952,14.2,22.2,83.625,9.61797456757964,67.0,95.0,15.595833333333333,4.595833333333333,8.8,22.3,-2.100816486741242,-1.1634501576369312,1018.8083333333334,1017.6083333333332,0.1,0.1,97.04166666666667,222.5,25.0,885.0,1536.6041666666667,0.55,0,1,41,2,2026,0,winter,test
4946811,556 Nguyễn Văn Cừ,21.0491,105.8831,2026-02-11 00:00:00+00:00,18.029166666666665,0.817992859895843,17.0,19.5,84.29166666666667,6.202938761213299,75.0,95.0,15.2875,6.795833333333333,11.7,23.0,-3.8892635656713685,-5.145786143600671,1019.5791666666668,1018.3791666666666,1.9000000000000001,1.9000000000000001,100.0,227.29166666666666,45.0,510.0,1515.2875000000001,21.23,0,2,42,2,2026,0,winter,test
4946811,556 Nguyễn Văn Cừ,21.0491,105.8831,2026-02-12 00:00:00+00:00,20.033333333333335,1.8121970011603306,17.5,23.2,88.20833333333333,9.797866523167025,72.0,99.0,17.929166666666667,9.454166666666667,13.4,25.2,-5.95418022420511,6.635963732582325,1016.475,1015.275,1.2000000000000002,1.2000000000000002,87.75,404.1666666666667,195.0,750.0,1752.7875000000001,9.620000000000001,0,3,43,2,2026,0,winter,test
4946811,556 Nguyễn Văn Cừ,21.0491,105.8831,2026-02-13 00:00:00+00:00,22.004166666666666,2.101858218580523,19.6,25.2,84.58333333333333,13.736389838567531,65.0,99.0,19.07916666666667,11.745833333333332,14.7,28.4,-6.112096540980256,9.419293116747602,1015.1708333333332,1013.9708333333333,0.0,0.0,76.16666666666667,563.75,255.0,935.0,1834.0874999999999,0.0,0,4,44,2,2026,0,winter,test
4946811,556 Nguyễn Văn Cừ,21.0491,105.8831,2026-02-14 00:00:00+00:00,22.3,2.330142746140524,19.6,25.9,82.29166666666667,14.751504467611795,61.0,98.0,18.866666666666667,10.950000000000001,14.5,28.1,-5.271175360698726,9.109275858795277,1014.3916666666668,1013.1916666666666,0.4,0.4,74.70833333333333,643.3333333333334,230.0,1110.0,1802.6499999999999,4.1000000000000005,0,5,45,2,2026,1,winter,test
4946811,556 Nguyễn Văn Cừ,21.0491,105.8831,2026-02-15 00:00:00+00:00,23.175,2.7647234314075453,20.5,28.6,79.125,16.61929863010234,52.0,96.0,18.95,12.029166666666667,17.5,36.7,-5.530027513048968,10.227167162844822,1013.4041666666667,1012.2208333333333,0.0,0.0,56.333333333333336,725.625,355.0,1270.0,1790.4041666666665,0.0,0,6,46,2,2026,1,winter,test
4946811,556 Nguyễn Văn Cừ,21.0491,105.8831,2026-02-16 00:00:00+00:00,23.25,2.8023282245769994,20.0,28.0,79.41666666666667,17.176618755856982,53.0,98.0,19.083333333333332,8.950000000000001,14.1,27.0,-4.7370624392464515,6.591935372871737,1014.0875,1012.9,0.4,0.4,56.166666666666664,571.6666666666666,125.0,1345.0,1800.8999999999999,3.58,0,0,47,2,2026,0,winter,test
4946811,556 Nguyễn Văn Cừ,21.0491,105.8831,2026-02-17 00:00:00+00:00,21.416666666666668,2.752337609894647,17.0,25.0,79.29166666666667,7.8101336996108515,66.0,94.0,17.595833333333335,10.029166666666667,13.7,30.6,-7.971779843895206,-4.908248340329345,1018.0375,1016.8375,2.0,2.0,86.625,421.875,70.0,880.0,1688.8958333333333,22.89,0,1,48,2,2026,0,winter,test
4946811,556 Nguyễn Văn Cừ,21.0491,105.8831,2026-02-18 00:00:00+00:00,19.079166666666666,1.3396882072906444,17.2,21.3,81.66666666666667,9.393182850236174,65.0,92.0,15.783333333333333,5.1625,10.3,21.2,-1.9069907527334795,-2.7167050911771793,1020.8208333333333,1019.6208333333334,0.4,0.4,100.0,328.9583333333333,10.0,865.0,1549.0708333333332,2.81,0,2,49,2,2026,0,winter,test
4946811,556 Nguyễn Văn Cừ,21.0491,105.8831,2026-02-19 00:00:00+00:00,19.400000000000002,2.068605915775793,16.5,22.4,78.0,9.250146884850228,66.0,92.0,15.341666666666667,7.5249999999999995,12.5,23.8,-2.457802184624636,-6.528566946509102,1021.9583333333334,1020.7583333333333,1.9000000000000001,1.9000000000000001,98.70833333333333,427.0833333333333,60.0,860.0,1496.1958333333332,20.7,0,3,50,2,2026,0,winter,test
4946811,556 Nguyễn Văn Cừ,21.0491,105.8831,2026-02-20 00:00:00+00:00,20.054166666666667,2.4931173373852693,16.9,23.8,78.625,14.971893958202228,60.0,98.0,15.916666666666666,8.204166666666667,15.8,29.5,-2.744623145733026,4.648198793861895,1016.5583333333334,1015.3583333333332,0.0,0.0,59.625,526.0416666666666,190.0,1145.0,1544.6541666666665,0.0,0,4,51,2,2026,0,winter,test
4946811,556 Nguyễn Văn Cừ,21.0491,105.8831,2026-02-21 00:00:00+00:00,22.254166666666666,2.5063361734796787,18.3,28.0,82.58333333333333,13.887487852040762,55.0,97.0,18.925,12.4375,17.9,36.7,-6.091739268566916,9.911496664120959,1008.8166666666666,1007.6291666666666,0.2,0.2,68.58333333333333,566.4583333333334,295.0,1210.0,1807.3416666666665,2.9400000000000004,0,5,52,2,2026,1,winter,test
4946811,556 Nguyễn Văn Cừ,21.0491,105.8831,2026-02-22 00:00:00+00:00,22.133333333333336,1.3672144536680544,20.8,25.4,86.875,6.222766754985798,75.0,97.0,19.7875,11.887500000000001,15.1,32.4,-9.027481659239454,7.384158966443722,1009.9083333333333,1008.7083333333334,1.7,1.7,100.0,429.7916666666667,260.0,670.0,1915.4916666666668,22.290000000000003,0,6,53,2,2026,1,winter,test
4946811,556 Nguyễn Văn Cừ,21.0491,105.8831,2026-02-23 00:00:00+00:00,23.4875,1.4507307004462917,21.0,26.1,84.75,8.969755946464229,68.0,95.0,20.6875,12.887500000000001,18.1,38.5,-5.804371223873481,11.304745911143614,1009.9125,1008.7166666666667,0.5,0.5,92.75,565.8333333333334,265.0,910.0,1978.5708333333332,6.58,0,0,54,2,2026,0,winter,test
4946811,556 Nguyễn Văn Cừ,21.0491,105.8831,2026-02-24 00:00:00+00:00,22.858333333333334,1.2053924732188925,21.2,24.8,89.41666666666667,6.958989598489434,79.0,99.0,20.970833333333335,9.916666666666666,14.6,27.4,-6.10469443005015,7.4333116465448335,1012.1208333333334,1010.9208333333332,1.2999999999999998,1.2999999999999998,96.33333333333333,395.8333333333333,215.0,545.0,2036.0083333333332,10.049999999999999,0,1,55,2,2026,0,winter,test
4946811,556 Nguyễn Văn Cừ,21.0491,105.8831,2026-02-25 00:00:00+00:00,22.741666666666664,2.1795325918280235,20.0,27.0,86.95833333333333,11.257767045048483,63.0,99.0,20.3,10.079166666666667,14.8,30.6,-6.1348495713607605,7.4926830090075995,1011.7833333333333,1010.5916666666667,27.3,27.3,73.83333333333333,410.4166666666667,200.0,975.0,1954.3708333333334,280.6,0,2,56,2,2026,0,winter,test
4946811,556 Nguyễn Văn Cừ,21.0491,105.8831,2026-02-26 00:00:00+00:00,21.775000000000002,1.3784837290676835,19.9,24.9,89.66666666666667,6.239193556212536,74.0,98.0,19.929166666666667,10.116666666666667,13.7,27.4,-5.222921775143504,8.49136908165064,1008.5083333333333,1007.3083333333334,3.7,3.7,64.5,332.5,140.0,720.0,1944.8583333333333,36.24,0,3,57,2,2026,0,winter,test
4946811,556 Nguyễn Văn Cừ,21.0491,105.8831,2026-02-27 00:00:00+00:00,24.433333333333334,2.1794827201738105,19.9,28.4,84.83333333333333,13.861635096056737,61.0,99.0,21.491666666666664,11.104166666666666,17.4,33.1,-4.686715133151946,9.159948735875286,1006.1750000000001,1005.0083333333333,0.4,0.4,68.25,564.7916666666666,60.0,1150.0,2047.2916666666667,5.390000000000001,0,4,58,2,2026,0,winter,test
4946811,556 Nguyễn Văn Cừ,21.0491,105.8831,2026-02-28 00:00:00+00:00,25.3,2.3359198914197457,22.8,29.4,85.91666666666667,11.481238634385674,65.0,97.0,22.604166666666668,14.516666666666666,19.8,41.4,-6.6496336766686035,12.598475637473705,1004.8333333333334,1003.6750000000001,1.5,1.5,71.20833333333333,573.9583333333334,340.0,1100.0,2148.179166666667,26.200000000000003,0,5,59,2,2026,1,winter,test
4946811,556 Nguyễn Văn Cừ,21.0491,105.8831,2026-03-01 00:00:00+00:00,26.170833333333334,2.79525672254402,22.4,31.3,84.375,14.01493768308905,59.0,98.0,23.045833333333334,10.450000000000001,18.0,35.3,-6.725842575381538,6.75425509342261,1005.5124999999999,1004.3583333333332,0.7,0.7,53.75,454.375,110.0,945.0,2171.3125,8.61,0,6,60,3,2026,1,spring,test
4946811,556 Nguyễn Văn Cừ,21.0491,105.8831,2026-03-02 00:00:00+00:00,25.34583333333333,3.502418936363423,19.5,30.8,84.0,11.854186565531808,61.0,97.0,22.212500000000002,10.220833333333333,19.1,34.6,-6.9735272549225416,-0.5976876804299194,1008.2875,1007.125,14.5,14.5,61.166666666666664,427.5,110.0,870.0,2097.9249999999997,180.75,0,0,61,3,2026,0,spring,test
4946811,556 Nguyễn Văn Cừ,21.0491,105.8831,2026-03-03 00:00:00+00:00,21.108333333333334,2.187696160977027,18.0,25.0,62.958333333333336,5.221020778642285,55.0,77.0,13.741666666666667,14.270833333333334,17.6,39.2,-9.694310576452336,-10.163341461411038,1015.0124999999999,1013.8125,0.6000000000000001,0.6000000000000001,94.58333333333333,671.4583333333334,470.0,940.0,1321.6625000000001,10.120000000000001,0,1,62,3,2026,0,spring,test
4946811,556 Nguyễn Văn Cừ,21.0491,105.8831,2026-03-04 00:00:00+00:00,18.8625,2.2515332939827997,15.9,22.5,74.125,17.373924739953406,54.0,97.0,13.745833333333332,6.333333333333333,11.7,24.8,-3.75587705199548,0.06994162790779801,1015.9625,1014.7624999999999,0.0,0.0,40.333333333333336,464.375,90.0,960.0,1364.6083333333333,0.0,0,2,63,3,2026,0,spring,test
4946811,556 Nguyễn Văn Cừ,21.0491,105.8831,2026-03-05 00:00:00+00:00,20.849999999999998,1.7522656141717492,17.4,23.6,76.66666666666667,12.232055771856057,59.0,93.0,16.412499999999998,4.7124999999999995,7.9,21.6,-2.6202486234209164,-1.4172057278496986,1016.275,1015.0749999999999,0.0,0.0,99.08333333333333,442.7083333333333,65.0,1180.0,1579.1416666666667,0.0,0,3,64,3,2026,0,spring,test
4946811,556 Nguyễn Văn Cừ,21.0491,105.8831,2026-03-06 00:00:00+00:00,21.220833333333335,2.2257346938789078,18.5,25.0,79.83333333333333,14.226939133258753,57.0,97.0,17.354166666666668,6.116666666666667,13.1,25.6,-2.7099772109746656,3.111348656985044,1016.7041666666668,1015.5041666666666,0.0,0.0,78.08333333333333,461.875,80.0,1245.0,1663.9125000000001,0.0,0,4,65,3,2026,0,spring,test
4946811,556 Nguyễn Văn Cừ,21.0491,105.8831,2026-03-07 00:00:00+00:00,21.520833333333332,1.901710709647608,18.8,25.0,79.20833333333333,11.123727740311676,62.0,94.0,17.570833333333333,11.066666666666668,16.2,33.8,-8.600062847909193,6.511477538558967,1016.9958333333334,1015.7958333333332,1.2,1.2,73.70833333333333,610.0,135.0,1140.0,1685.2333333333333,10.17,0,5,66,3,2026,1,spring,test
4946811,556 Nguyễn Văn Cừ,21.0491,105.8831,2026-03-08 00:00:00+00:00,21.9875,1.56575096581689,20.3,24.9,82.5,7.983679003741484,68.0,93.0,18.791666666666668,13.641666666666666,19.8,39.6,-11.376973921503067,6.698072089437655,1017.0208333333334,1015.8208333333333,0.1,0.1,96.70833333333333,587.5,405.0,925.0,1802.5125,1.1900000000000002,0,6,67,3,2026,1,spring,test
4946811,556 Nguyễn Văn Cừ,21.0491,105.8831,2026-03-09 00:00:00+00:00,19.004166666666666,1.965236829774329,16.5,23.7,72.83333333333333,11.169316146855437,59.0,90.0,13.879166666666668,15.458333333333334,24.9,47.5,-7.424463061671283,-12.447181317934735,1022.8041666666667,1021.6041666666666,6.1,6.1,96.58333333333333,767.5,485.0,920.0,1396.5708333333332,126.10999999999999,0,0,68,3,2026,0,spring,test
4946811,556 Nguyễn Văn Cừ,21.0491,105.8831,2026-03-10 00:00:00+00:00,18.420833333333334,2.4680531258228724,15.6,22.3,69.70833333333333,17.65731568221652,50.0,95.0,12.304166666666667,7.508333333333333,15.0,29.9,-3.031802105855565,-2.5952587905915467,1021.5124999999999,1020.3125,0.0,0.0,37.958333333333336,444.7916666666667,20.0,1205.0,1247.7041666666667,0.0,0,1,69,3,2026,0,spring,test
4946811,556 Nguyễn Văn Cừ,21.0491,105.8831,2026-03-11 00:00:00+00:00,19.3,1.829706557608765,16.5,22.0,77.58333333333333,12.208039641320706,59.0,93.0,15.083333333333334,3.7249999999999996,7.0,15.1,-2.483565873185342,0.191206844907563,1018.4,1017.1999999999999,0.0,0.0,88.79166666666667,395.8333333333333,20.0,1125.0,1476.7583333333332,0.0,0,2,70,3,2026,0,spring,test
4946811,556 Nguyễn Văn Cừ,21.0491,105.8831,2026-03-12 00:00:00+00:00,20.245833333333334,2.811618621961791,16.1,24.8,74.29166666666667,15.389095989119012,46.0,94.0,15.145833333333334,5.625,11.2,25.6,-3.0487685796180197,0.5906639077010144,1018.7624999999999,1017.5625,0.1,0.1,57.416666666666664,454.5833333333333,15.0,1685.0,1463.5541666666668,0.06,0,3,71,3,2026,0,spring,test
4946811,556 Nguyễn Văn Cừ,21.0491,105.8831,2026-03-13 00:00:00+00:00,20.9875,2.570791199476212,17.7,25.4,70.45833333333333,17.292821246594404,41.0,92.0,14.887500000000001,7.8125,15.9,36.0,-5.482049992601618,2.8191838905153914,1019.7291666666666,1018.5291666666667,0.0,0.0,59.166666666666664,691.4583333333334,60.0,2075.0,1436.7458333333334,0.0,0,4,72,3,2026,0,spring,test
4946811,556 Nguyễn Văn Cừ,21.0491,105.8831,2026-03-14 00:00:00+00:00,21.008333333333333,1.6761541556859219,18.3,23.6,76.41666666666667,10.379397095109672,61.0,93.0,16.537499999999998,9.1875,15.2,33.5,-7.109891479261727,4.959212556781338,1019.7458333333334,1018.5458333333332,0.4,0.4,79.79166666666667,516.0416666666666,80.0,1125.0,1589.0666666666666,2.55,0,5,73,3,2026,1,spring,test
4946811,556 Nguyễn Văn Cừ,21.0491,105.8831,2026-03-15 00:00:00+00:00,21.395833333333332,1.9992344549344647,19.1,24.9,83.79166666666667,12.64216260622837,62.0,98.0,18.329166666666666,10.5,15.8,32.8,-7.909016732044667,6.298891616759865,1017.8375,1016.6374999999999,0.8,0.8,56.375,457.0833333333333,170.0,890.0,1768.9333333333334,8.350000000000001,0,6,74,3,2026,1,spring,test
4946811,556 Nguyễn Văn Cừ,21.0491,105.8831,2026-03-16 00:00:00+00:00,22.395833333333332,2.322195207063811,19.5,25.8,80.125,13.391471978058663,61.0,98.0,18.545833333333334,13.883333333333333,18.1,37.4,-5.762039477313838,12.323069980419147,1014.5124999999999,1013.3125,0.5,0.5,37.25,677.0833333333334,220.0,1095.0,1764.9750000000001,7.42,0,0,75,3,2026,0,spring,test
4946811,556 Nguyễn Văn Cừ,21.0491,105.8831,2026-03-17 00:00:00+00:00,23.125,2.311267297769586,20.2,26.8,81.33333333333333,13.353607773920494,62.0,97.0,19.5125,14.670833333333334,21.6,43.9,-5.64958098376614,13.141234408639741,1012.8125,1011.6125000000001,0.5,0.5,32.791666666666664,660.2083333333334,205.0,1135.0,1851.7416666666668,9.7,0,1,76,3,2026,0,spring,test
4946811,556 Nguyễn Văn Cừ,21.0491,105.8831,2026-03-18 00:00:00+00:00,23.754166666666666,2.1580948052404443,20.8,27.2,84.0,12.524758090174489,65.0,98.0,20.704166666666666,12.5875,18.0,34.2,-5.943879780286848,10.742219119276202,1013.0208333333334,1011.8249999999999,0.2,0.2,58.458333333333336,593.3333333333334,180.0,1025.0,1969.7166666666665,2.75,0,2,77,3,2026,0,spring,test
4946811,556 Nguyễn Văn Cừ,21.0491,105.8831,2026-03-19 00:00:00+00:00,24.1375,2.3551631532148387,21.7,28.2,82.875,12.53625178016349,63.0,96.0,20.841666666666665,15.708333333333334,19.4,40.3,-7.417197617984193,13.570695888874505,1011.0749999999999,1009.8958333333334,0.4,0.4,65.70833333333333,691.6666666666666,315.0,1145.0,1972.6666666666667,6.8100000000000005,0,3,78,3,2026,0,spring,test
4946811,556 Nguyễn Văn Cừ,21.0491,105.8831,2026-03-20 00:00:00+00:00,24.441666666666666,1.6810753977004191,22.2,27.4,82.45833333333333,7.592783568549844,70.0,96.0,21.170833333333334,14.004166666666668,18.1,38.5,-9.315406708903122,9.779096196103703,1012.7125,1011.525,0.4,0.4,97.45833333333333,629.7916666666666,290.0,895.0,2003.7833333333335,5.84,0,4,79,3,2026,0,spring,test
4946811,556 Nguyễn Văn Cừ,21.0491,105.8831,2026-03-21 00:00:00+00:00,23.195833333333336,1.69024803085142,21.1,25.8,86.04166666666667,9.888417320352602,72.0,98.0,20.641666666666666,12.808333333333332,18.7,37.4,-9.44068627248855,8.09342501947729,1013.4375,1012.2375000000001,0.4,0.4,91.95833333333333,536.4583333333334,215.0,885.0,1979.9208333333333,5.180000000000001,0,5,80,3,2026,1,spring,test
4946811,556 Nguyễn Văn Cừ,21.0491,105.8831,2026-03-22 00:00:00+00:00,24.579166666666666,2.363854473315668,21.8,28.6,82.20833333333333,14.052631400394809,60.0,98.0,21.083333333333332,15.475,19.6,41.0,-7.540244186876989,13.196393402579249,1012.3125,1011.1374999999999,1.4,1.4,73.91666666666667,701.6666666666666,335.0,1230.0,1989.2749999999999,18.73,0,6,81,3,2026,1,spring,test
4946811,556 Nguyễn Văn Cừ,21.0491,105.8831,2026-03-23 00:00:00+00:00,24.820833333333336,2.0329843487638666,22.7,28.7,83.45833333333333,11.409298902617785,63.0,96.0,21.645833333333332,14.208333333333334,19.2,40.0,-7.464468510257354,11.51104954802195,1010.7791666666667,1009.6041666666666,0.7000000000000001,0.7000000000000001,85.0,643.125,325.0,1130.0,2049.516666666667,10.86,0,0,82,3,2026,0,spring,test
4946811,556 Nguyễn Văn Cừ,21.0491,105.8831,2026-03-24 00:00:00+00:00,25.575,2.0776763776957132,23.5,29.2,82.66666666666667,12.002415215884376,64.0,95.0,22.191666666666666,13.799999999999999,17.3,36.7,-7.831835764642158,10.872119486279153,1010.1125000000001,1008.9458333333333,0.7000000000000001,0.7000000000000001,71.54166666666667,675.0,440.0,1130.0,2090.5958333333333,10.200000000000001,0,1,83,3,2026,0,spring,test
4946811,556 Nguyễn Văn Cừ,21.0491,105.8831,2026-03-25 00:00:00+00:00,25.525000000000002,1.8660001398014772,23.1,29.0,80.66666666666667,13.476764760349464,60.0,96.0,21.71666666666667,14.6,19.1,40.7,-6.84021527275577,12.68670576959079,1010.3125,1009.1416666666668,0.1,0.1,66.91666666666667,724.5833333333334,450.0,1240.0,2035.9125000000001,1.35,0,2,84,3,2026,0,spring,test
4946811,556 Nguyễn Văn Cừ,21.0491,105.8831,2026-03-26 00:00:00+00:00,25.97083333333333,2.3846390970518803,23.0,29.9,83.125,11.444810861354332,65.0,96.0,22.72083333333333,12.887500000000001,17.4,32.8,-6.55895454347602,10.918555514641218,1008.4958333333334,1007.3333333333334,0.6000000000000001,0.6000000000000001,68.83333333333333,583.125,420.0,915.0,2132.9625,7.4,0,3,85,3,2026,0,spring,test
4946811,556 Nguyễn Văn Cừ,21.0491,105.8831,2026-03-27 00:00:00+00:00,25.662499999999998,1.810071461476638,23.4,29.1,85.16666666666667,8.775790149816892,69.0,96.0,22.883333333333336,12.4,17.6,34.9,-8.768334914320613,8.674863710719329,1008.1208333333334,1006.9583333333334,0.8,0.8,77.79166666666667,552.5,385.0,915.0,2170.4874999999997,9.77,0,4,86,3,2026,0,spring,test
4946811,556 Nguyễn Văn Cừ,21.0491,105.8831,2026-03-28 00:00:00+00:00,26.2,1.6885805719082778,23.9,29.5,83.875,10.010049298406164,67.0,95.0,23.15416666666667,12.491666666666667,15.5,30.6,-8.583739187101802,8.918318519194761,1008.0666666666666,1006.9083333333333,0.7000000000000001,0.7000000000000001,82.125,615.0,370.0,945.0,2181.7625000000003,8.32,0,5,87,3,2026,1,spring,test
4946811,556 Nguyễn Văn Cừ,21.0491,105.8831,2026-03-29 00:00:00+00:00,26.5125,2.139140928747676,23.6,30.6,86.0,12.039789106920873,63.0,98.0,23.787499999999998,15.75,24.6,47.9,-6.50258412814352,12.503414183994286,1006.7541666666666,1005.6166666666667,7.9,7.9,53.708333333333336,516.0416666666666,150.0,925.0,2256.8375,95.94999999999999,0,6,88,3,2026,1,spring,test
4946811,556 Nguyễn Văn Cừ,21.0491,105.8831,2026-03-30 00:00:00+00:00,27.729166666666668,2.8075177287243362,23.4,32.3,78.08333333333333,10.5703303665482,61.0,96.0,23.412499999999998,13.341666666666667,17.6,33.8,-6.3521553952008345,11.523845296492075,1005.3708333333334,1004.2541666666666,0.1,0.1,20.958333333333332,483.3333333333333,240.0,905.0,2136.9958333333334,1.6100000000000003,0,0,89,3,2026,0,spring,test
4946811,556 Nguyễn Văn Cừ,21.0491,105.8831,2026-03-31 00:00:00+00:00,28.4375,4.5002234244051955,23.1,35.7,71.33333333333333,12.006037128721198,50.0,90.0,22.462500000000002,10.325000000000001,27.5,65.5,-6.858002731940856,-2.108982909394325,1007.1791666666667,1006.0333333333333,0.30000000000000004,0.30000000000000004,35.958333333333336,580.2083333333334,105.0,1950.0,1982.6291666666666,3.7800000000000002,0,1,90,3,2026,0,spring,test
4946811,556 Nguyễn Văn Cừ,21.0491,105.8831,2026-04-01 00:00:00+00:00,24.379166666666666,2.2694529443605287,21.8,28.1,76.625,14.327876446921954,57.0,97.0,19.720833333333335,9.658333333333333,12.5,27.4,-6.22300444277629,4.153849526204984,1011.2458333333334,1010.0708333333333,0.0,0.0,60.541666666666664,543.125,245.0,1270.0,1839.2791666666665,0.0,0,2,91,4,2026,0,spring,test
4946811,556 Nguyễn Văn Cừ,21.0491,105.8831,2026-04-02 00:00:00+00:00,25.837500000000002,2.368050473169492,22.5,30.4,83.375,11.97393001482805,63.0,97.0,22.6125,12.487499999999999,19.0,38.9,-5.072747889251713,11.014176704649202,1007.7708333333334,1006.6041666666666,0.30000000000000004,0.30000000000000004,61.958333333333336,635.0,255.0,1250.0,2128.5208333333335,3.5,0,3,92,4,2026,0,spring,test
4946811,556 Nguyễn Văn Cừ,21.0491,105.8831,2026-04-03 00:00:00+00:00,27.804166666666664,3.208071229647614,24.0,32.8,79.58333333333333,10.578553639389899,63.0,94.0,23.770833333333332,9.320833333333333,17.8,36.7,-6.954991319039436,-0.7305581212118238,1004.3041666666667,1003.1708333333332,0.2,0.2,39.958333333333336,470.2083333333333,170.0,885.0,2183.733333333333,0.46,0,4,93,4,2026,0,spring,test
4946811,556 Nguyễn Văn Cừ,21.0491,105.8831,2026-04-04 00:00:00+00:00,26.3125,2.881321028550138,22.8,31.2,77.375,13.980770955914384,54.0,96.0,21.733333333333334,10.308333333333334,15.8,33.5,-6.800855384661975,3.4939920492088796,1004.9875000000001,1003.8333333333334,0.0,0.0,69.95833333333333,629.1666666666666,285.0,1460.0,1997.7041666666667,0.0,0,5,94,4,2026,1,spring,test
4946811,556 Nguyễn Văn Cừ,21.0491,105.8831,2026-04-05 00:00:00+00:00,27.833333333333332,2.9476101840476567,23.9,32.7,79.95833333333333,11.896214840705921,60.0,94.0,23.829166666666666,10.845833333333333,16.6,32.4,-5.935407561050979,8.513085497174739,1002.0458333333332,1000.9291666666667,0.2,0.2,37.083333333333336,414.375,30.0,800.0,2193.2458333333334,2.35,0,6,95,4,2026,1,spring,test
4946811,556 Nguyễn Văn Cừ,21.0491,105.8831,2026-04-06 00:00:00+00:00,31.266666666666666,3.7534525169637405,25.9,38.5,65.45833333333333,11.575758653574164,38.0,90.0,23.71666666666667,6.95,15.5,29.5,0.11492999040389462,6.1663431527201125,1001.6416666666668,1000.5416666666666,0.0,0.0,19.875,438.3333333333333,20.0,2340.0,2012.2291666666667,0.0,0,0,96,4,2026,0,spring,test
4946811,556 Nguyễn Văn Cừ,21.0491,105.8831,2026-04-07 00:00:00+00:00,30.879166666666666,3.7765845124543636,25.7,37.0,69.5,12.68000822932116,49.0,88.0,24.320833333333336,6.391666666666667,12.5,25.6,-3.356886533091327,4.319736379253231,1003.4458333333333,1002.3458333333333,0.0,0.0,27.25,310.2083333333333,10.0,1665.0,2100.8125,0.0,0,1,97,4,2026,0,spring,test
4946811,556 Nguyễn Văn Cừ,21.0491,105.8831,2026-04-08 00:00:00+00:00,29.4875,3.3350982646366796,25.0,35.0,76.41666666666667,10.133528792928029,60.0,93.0,24.766666666666666,11.6,16.7,32.0,-7.244245662570962,8.787417834540713,1004.7541666666666,1003.65,0.0,0.0,17.458333333333332,420.0,200.0,895.0,2221.3958333333335,0.0,0,2,98,4,2026,0,spring,test
4946811,556 Nguyễn Văn Cừ,21.0491,105.8831,2026-04-09 00:00:00+00:00,29.066666666666666,3.0928622829749908,24.5,33.7,79.5,10.558326613131705,62.0,94.0,24.97083333333333,9.262500000000001,16.6,30.2,-5.357629319111105,6.957795724849379,1005.0041666666666,1003.8958333333334,0.1,0.1,8.416666666666666,389.7916666666667,85.0,755.0,2280.3958333333335,1.6600000000000001,0,3,99,4,2026,0,spring,test
4946811,556 Nguyễn Văn Cừ,21.0491,105.8831,2026-04-10 00:00:00+00:00,29.15416666666667,3.8698364381419315,23.8,35.2,78.83333333333333,10.565187570781557,60.0,94.0,24.895833333333332,7.579166666666667,12.9,26.6,-6.209970382428886,2.9713322614517668,1003.4875000000001,1002.375,0.0,0.0,3.0833333333333335,299.7916666666667,20.0,850.0,2261.5208333333335,0.0,0,4,100,4,2026,0,spring,test
4946811,556 Nguyễn Văn Cừ,21.0491,105.8831,2026-04-11 00:00:00+00:00,29.583333333333332,4.459544397344203,23.1,36.5,67.66666666666667,10.736636452764921,48.0,83.0,22.712500000000002,6.358333333333333,12.0,24.8,-4.1271403330199705,3.51684846319527,1001.6666666666666,1000.5541666666667,0.0,0.0,8.125,425.0,20.0,2470.0,1962.375,0.0,0,5,101,4,2026,1,spring,test
4946811,556 Nguyễn Văn Cừ,21.0491,105.8831,2026-04-12 00:00:00+00:00,29.525000000000002,3.8380531749720523,24.6,35.8,74.45833333333333,14.021657678675902,51.0,95.0,24.1375,7.116666666666667,12.7,24.1,-5.944269893455463,3.323873330879245,1002.5083333333333,1001.4,0.0,0.0,1.5,308.75,60.0,1020.0,2149.175,0.0,0,6,102,4,2026,1,spring,test
4946811,556 Nguyễn Văn Cừ,21.0491,105.8831,2026-04-13 00:00:00+00:00,29.087500000000002,3.181100780219491,25.3,34.1,82.54166666666667,11.462525583553697,64.0,96.0,25.608333333333334,9.658333333333333,15.8,31.7,-7.61825482444491,5.4304702882485,1005.3375,1004.2291666666666,0.0,0.0,3.75,395.0,160.0,735.0,2366.579166666667,0.0,0,0,103,4,2026,0,spring,test
4946811,556 Nguyễn Văn Cừ,21.0491,105.8831,2026-04-14 00:00:00+00:00,28.8,2.9914370546902536,25.5,33.5,84.91666666666667,12.064740818372066,67.0,98.0,25.816666666666666,10.720833333333333,17.3,33.5,-8.958228983912111,5.410238711175615,1005.35,1004.25,0.0,0.0,13.416666666666666,506.6666666666667,220.0,900.0,2411.454166666667,0.0,0,1,104,4,2026,0,spring,test
4946811,556 Nguyễn Văn Cừ,21.0491,105.8831,2026-04-15 00:00:00+00:00,28.679166666666664,2.8879026791181803,25.4,33.7,83.66666666666667,12.1428693216356,63.0,97.0,25.420833333333334,12.908333333333333,19.6,38.5,-9.500270745411624,8.363248076535688,1005.1750000000001,1004.0708333333333,0.4,0.4,41.291666666666664,653.5416666666666,300.0,1240.0,2365.9708333333333,4.58,0,2,105,4,2026,0,spring,test
4946811,556 Nguyễn Văn Cừ,21.0491,105.8831,2026-04-16 00:00:00+00:00,28.354166666666668,2.391648361289338,25.9,32.4,84.95833333333333,12.152935471716699,66.0,99.0,25.375,11.200000000000001,18.9,36.7,-8.264207138361026,7.241397317397844,1006.8166666666666,1005.7083333333334,0.5,0.5,48.583333333333336,571.25,235.0,1070.0,2381.391666666667,5.04,0,3,106,4,2026,0,spring,test
4946811,556 Nguyễn Văn Cừ,21.0491,105.8831,2026-04-17 00:00:00+00:00,24.65833333333333,1.4764577664910985,22.6,27.6,91.04166666666667,5.645153108923481,78.0,98.0,23.05,9.329166666666667,20.2,39.6,-6.113540963203089,-1.7038507261118472,1010.5625,1009.375,21.9,21.9,89.95833333333333,351.875,55.0,620.0,2238.1833333333334,260.48,0,4,107,4,2026,0,spring,test
4946811,556 Nguyễn Văn Cừ,21.0491,105.8831,2026-04-18 00:00:00+00:00,25.537499999999998,1.2537985761537693,23.5,28.2,85.33333333333333,6.377042156569664,74.0,96.0,22.879166666666666,9.6,15.1,30.2,-6.772455076488266,6.214916850800066,1010.4416666666666,1009.2666666666668,5.5,5.5,74.875,451.0416666666667,215.0,730.0,2171.6583333333333,38.58,0,5,108,4,2026,1,spring,test
4946811,556 Nguyễn Văn Cừ,21.0491,105.8831,2026-04-19 00:00:00+00:00,25.425,1.665311042888148,23.3,29.4,84.375,7.795274488292645,70.0,95.0,22.520833333333332,12.049999999999999,15.9,34.2,-6.109893248443317,10.235478691219425,1008.9666666666667,1007.7958333333332,4.3999999999999995,4.3999999999999995,82.95833333333333,598.125,395.0,925.0,2133.2208333333333,52.05,0,6,109,4,2026,1,spring,test
4946811,556 Nguyễn Văn Cừ,21.0491,105.8831,2026-04-20 00:00:00+00:00,26.354166666666668,1.5659360769525184,24.2,29.0,85.04166666666667,8.564228773961704,71.0,95.0,23.554166666666664,15.054166666666667,17.9,37.8,-6.160455117965886,13.467902986237801,1007.1458333333334,1005.9916666666667,0.2,0.2,57.958333333333336,659.375,440.0,950.0,2228.7125,3.45,0,0,110,4,2026,0,spring,test
4946811,556 Nguyễn Văn Cừ,21.0491,105.8831,2026-04-21 00:00:00+00:00,27.72083333333333,2.428271735862445,24.8,31.9,81.41666666666667,10.180615282792672,62.0,95.0,24.104166666666668,14.487499999999999,20.2,40.0,-6.202174706453348,12.692617399870947,1004.5500000000001,1003.4375,0.4,0.4,33.083333333333336,651.6666666666666,190.0,1245.0,2233.4375,6.53,0,1,111,4,2026,0,spring,test
4946811,556 Nguyễn Văn Cừ,21.0491,105.8831,2026-04-22 00:00:00+00:00,28.34166666666667,3.667947734048311,22.8,34.3,82.08333333333333,11.519045350943864,61.0,96.0,24.795833333333334,12.729166666666666,23.4,51.8,-8.488422314953231,0.039105565919869356,1004.5875,1003.4625,19.2,19.2,54.583333333333336,567.2916666666666,190.0,1155.0,2287.5666666666666,420.64,0,2,112,4,2026,0,spring,test
4946811,556 Nguyễn Văn Cừ,21.0491,105.8831,2026-04-23 00:00:00+00:00,24.066666666666666,1.5705625319186343,22.2,26.9,82.91666666666667,10.814308824992882,65.0,97.0,20.849999999999998,8.366666666666665,22.9,43.2,-5.886233756353479,-3.1350836917263103,1009.0583333333334,1007.8791666666666,37.1,37.1,90.75,375.4166666666667,75.0,795.0,1979.9291666666668,549.63,0,3,113,4,2026,0,spring,test
4946811,556 Nguyễn Văn Cừ,21.0491,105.8831,2026-04-24 00:00:00+00:00,24.650000000000002,1.8565981045285846,22.1,27.9,80.58333333333333,11.367064041674809,62.0,95.0,20.933333333333334,5.558333333333334,9.9,23.4,-3.258922136691798,0.9227045946198711,1012.4250000000001,1011.2458333333334,0.7,0.7,76.83333333333333,365.625,60.0,1200.0,1967.5625,5.18,0,4,114,4,2026,0,spring,test
4946811,556 Nguyễn Văn Cừ,21.0491,105.8831,2026-04-25 00:00:00+00:00,25.599999999999998,2.4852608996100263,22.5,29.2,78.875,15.34335290152936,55.0,98.0,21.349999999999998,6.616666666666667,12.0,24.1,-4.328356608564108,4.068590501208349,1013.1708333333332,1012.0,0.30000000000000004,0.30000000000000004,52.291666666666664,538.125,70.0,1405.0,1982.7791666666665,1.11,0,5,115,4,2026,1,spring,test
4946811,556 Nguyễn Văn Cừ,21.0491,105.8831,2026-04-26 00:00:00+00:00,25.525000000000002,2.1273069319232474,23.2,29.4,82.70833333333333,14.183515130223373,59.0,97.0,22.108333333333334,9.791666666666666,13.7,30.2,-5.926716692886647,7.335140431326908,1010.2208333333333,1009.0500000000001,3.4,3.4,67.08333333333333,547.7083333333334,140.0,1385.0,2082.3624999999997,36.41,0,6,116,4,2026,1,spring,test
4946811,556 Nguyễn Văn Cừ,21.0491,105.8831,2026-04-27 00:00:00+00:00,26.958333333333332,2.578661038915969,24.3,31.4,81.79166666666667,14.358694280792916,59.0,97.0,23.308333333333334,13.320833333333333,19.1,39.6,-4.414481317921273,11.875900998914295,1007.0583333333334,1005.9083333333333,0.2,0.2,65.375,676.25,370.0,1280.0,2169.85,2.8000000000000003,0,0,117,4,2026,0,spring,test
4946811,556 Nguyễn Văn Cừ,21.0491,105.8831,2026-04-28 00:00:00+00:00,27.337500000000002,3.0365616281806513,22.5,31.9,81.79166666666667,10.458943194875047,64.0,93.0,23.775000000000002,13.3375,22.4,49.0,-4.1615190586783,3.399530642829193,1006.1458333333334,1005.0166666666668,22.5,22.5,61.541666666666664,583.3333333333334,105.0,1005.0,2207.258333333333,310.46,0,1,118,4,2026,0,spring,test
4946811,556 Nguyễn Văn Cừ,21.0491,105.8831,2026-04-29 00:00:00+00:00,24.066666666666666,2.4152894626536563,20.1,28.6,63.75,7.432303171613937,48.0,76.0,16.641666666666666,11.4375,18.6,37.4,-4.9210228231926445,-8.156825844741316,1014.1083333333332,1012.9208333333332,0.0,0.0,86.08333333333333,706.6666666666666,160.0,1630.0,1520.8875,0.0,0,2,119,4,2026,0,spring,test
4946811,556 Nguyễn Văn Cừ,21.0491,105.8831,2026-04-30 00:00:00+00:00,23.104166666666668,2.114027511372682,20.1,26.4,71.25,14.712461443930117,55.0,94.0,17.270833333333332,6.229166666666667,10.9,21.6,-3.5126690129174847,2.206266189099568,1014.4541666666668,1013.2541666666666,0.0,0.0,24.791666666666668,468.125,90.0,1030.0,1619.125,0.0,0,3,120,4,2026,0,spring,test
4946811,556 Nguyễn Văn Cừ,21.0491,105.8831,2026-05-01 00:00:00+00:00,24.645833333333332,2.0241969243148725,21.8,28.0,79.08333333333333,12.5522098060259,61.0,95.0,20.554166666666667,11.095833333333333,15.6,33.1,-6.046653104085042,8.96651722678193,1010.6041666666666,1009.4250000000001,0.0,0.0,85.66666666666667,629.1666666666666,155.0,1295.0,1925.6083333333333,0.0,0,4,121,5,2026,0,spring,test
4946811,556 Nguyễn Văn Cừ,21.0491,105.8831,2026-05-02 00:00:00+00:00,25.712500000000002,2.4424350821331515,23.3,31.6,88.625,11.123076287024048,62.0,99.0,23.520833333333332,7.095833333333334,21.7,43.2,-3.1189281333924708,3.487634848088044,1008.3666666666667,1007.2083333333334,6.499999999999999,6.499999999999999,85.58333333333333,364.1666666666667,10.0,1410.0,2253.8083333333334,122.35999999999999,0,5,122,5,2026,1,spring,test
4946811,556 Nguyễn Văn Cừ,21.0491,105.8831,2026-05-03 00:00:00+00:00,24.020833333333332,2.737497931969305,19.6,27.7,85.70833333333333,7.1046779853391175,73.0,98.0,21.400000000000002,13.316666666666668,17.4,41.4,-4.117888838140643,-11.279132674672612,1012.1750000000001,1011.0,48.2,48.2,89.83333333333333,572.5,135.0,870.0,2048.179166666667,695.5500000000001,0,6,123,5,2026,1,spring,test
4946811,556 Nguyễn Văn Cừ,21.0491,105.8831,2026-05-04 00:00:00+00:00,23.599999999999998,2.2350955625907907,20.8,27.9,75.45833333333333,15.311204100739202,53.0,97.0,18.683333333333334,7.316666666666666,11.6,26.3,-1.9212505054394764,0.3762174107332879,1014.4916666666667,1013.3000000000001,3.1,3.1,36.458333333333336,524.375,35.0,1365.0,1751.2,28.52,0,0,124,5,2026,0,spring,test
4946811,556 Nguyễn Văn Cừ,21.0491,105.8831,2026-05-05 00:00:00+00:00,25.6875,2.1722183611910806,22.5,29.5,78.66666666666667,13.69121161045723,55.0,97.0,21.441666666666666,8.879166666666666,14.9,28.8,-4.540200037366202,7.022251875128077,1010.4208333333332,1009.2541666666666,0.0,0.0,26.291666666666668,581.0416666666666,95.0,1480.0,1992.8125,0.0,0,1,125,5,2026,0,spring,test
4946811,556 Nguyễn Văn Cừ,21.0491,105.8831,2026-05-06 00:00:00+00:00,27.183333333333334,2.0592667894532073,24.5,30.5,82.08333333333333,11.598038314888566,65.0,97.0,23.691666666666666,14.179166666666667,18.9,38.5,-6.5991345233852075,12.21718705872099,1007.8625000000001,1006.7166666666667,0.30000000000000004,0.30000000000000004,50.208333333333336,706.6666666666666,350.0,1270.0,2209.1291666666666,4.630000000000001,0,2,126,5,2026,0,spring,test
4946811,556 Nguyễn Văn Cừ,21.0491,105.8831,2026-05-07 00:00:00+00:00,26.266666666666666,2.1183805682369874,23.2,30.5,89.04166666666667,8.195858798763881,73.0,98.0,24.245833333333334,8.929166666666667,13.9,29.5,-3.865299066893369,0.18909903763371746,1010.0541666666667,1008.8958333333334,30.8,30.8,89.875,353.75,70.0,870.0,2322.8125,312.99,0,3,127,5,2026,0,spring,test
4946811,556 Nguyễn Văn Cừ,21.0491,105.8831,2026-05-08 00:00:00+00:00,25.900000000000002,1.8432013737917594,23.9,28.9,84.0,10.746081186626368,70.0,99.0,22.866666666666664,7.391666666666667,11.9,28.1,-3.920957505145404,-4.266241668251596,1012.7333333333332,1011.5625,4.1000000000000005,4.1000000000000005,80.91666666666667,398.75,10.0,905.0,2160.295833333333,32.02,0,4,128,5,2026,0,spring,test
4946811,556 Nguyễn Văn Cừ,21.0491,105.8831,2026-05-09 00:00:00+00:00,24.8,1.387835349211764,23.1,27.5,79.08333333333333,6.371926653325683,70.0,87.0,20.849999999999998,7.020833333333333,12.4,24.8,-0.8749698065952952,-6.544580571962007,1014.0,1012.8041666666667,3.3,3.3,87.75,357.5,85.0,795.0,1954.95,21.98,0,5,129,5,2026,1,spring,test
4946811,556 Nguyễn Văn Cừ,21.0491,105.8831,2026-05-10 00:00:00+00:00,24.537499999999998,1.3843260799581036,22.8,28.0,84.04166666666667,10.075709778285196,67.0,97.0,21.545833333333334,4.6875,8.7,19.8,1.6692642139956806,-3.1237077346981263,1013.1916666666666,1011.9958333333334,0.1,0.1,90.54166666666667,220.625,35.0,775.0,2050.2541666666666,0.82,0,6,130,5,2026,1,spring,test
4946811,556 Nguyễn Văn Cừ,21.0491,105.8831,2026-05-11 00:00:00+00:00,27.025000000000002,2.284779506058376,24.5,30.7,82.45833333333333,12.840083863557451,62.0,97.0,23.566666666666666,9.216666666666667,12.5,26.3,-5.554702622622567,7.054811753831303,1010.2041666666668,1009.0500000000001,0.30000000000000004,0.30000000000000004,69.66666666666667,492.5,130.0,990.0,2200.945833333333,2.74,0,0,131,5,2026,0,spring,test
4946811,556 Nguyễn Văn Cừ,21.0491,105.8831,2026-05-12 00:00:00+00:00,27.879166666666666,1.7542443354350015,25.8,31.6,85.33333333333333,9.135057490914818,66.0,95.0,25.037499999999998,13.737499999999999,16.4,33.8,-2.1708450656150227,13.40873933669968,1006.1541666666667,1005.0500000000001,3.8,3.8,74.5,586.25,395.0,1065.0,2364.3166666666666,43.2,0,1,132,5,2026,0,spring,test
4946811,556 Nguyễn Văn Cừ,21.0491,105.8831,2026-05-13 00:00:00+00:00,28.833333333333332,1.8095559548196332,26.3,32.5,83.83333333333333,8.580395585624087,65.0,95.0,25.724999999999998,12.520833333333334,16.9,41.0,-1.2938798770784534,12.236353365219768,1002.35,1001.25,1.1,1.1,28.375,450.2083333333333,110.0,1040.0,2402.5666666666666,15.13,0,2,133,5,2026,0,spring,test
4946811,556 Nguyễn Văn Cừ,21.0491,105.8831,2026-05-14 00:00:00+00:00,30.641666666666666,2.7124378040020964,27.0,34.8,73.25,12.473450064907432,52.0,91.0,25.025000000000002,8.654166666666667,14.7,27.0,-2.498402193516427,6.107916669452254,1001.4458333333333,1000.3458333333333,0.0,0.0,66.41666666666667,555.0,100.0,1465.0,2213.2916666666665,0.0,0,3,134,5,2026,0,spring,test
4946811,556 Nguyễn Văn Cừ,21.0491,105.8831,2026-05-15 00:00:00+00:00,30.6875,2.2687503742962907,27.5,34.0,74.95833333333333,11.051181981507938,58.0,90.0,25.5125,7.166666666666667,12.3,23.8,-0.8711756658008616,4.215656943684457,1002.0625,1000.9625,0.0,0.0,74.0,467.2916666666667,90.0,1165.0,2277.0041666666666,0.0,0,4,135,5,2026,0,spring,test
