date,location_id,location_name,latitude,longitude,pm25_mean,pm25_std,pm25_min,pm25_max,pm25_hourly_count,co_mean,co_std,no2_mean,no2_std,o3_mean,o3_std,so2_mean,so2_std,pm25_missing_hours,pm25_was_interpolated,day_of_week,day_of_year,month,year,is_weekend,season,split
2024-01-29 00:00:00+00:00,2161292,"Số 46, phố Lưu Quang Vũ",21.0152,105.7999,49.964285714285715,2.4309933301900633,45.92,53.02,7,602.0285714285714,125.67832900286506,,,26.59857142857143,0.11156889820921916,1.7428571428571427,0.0236038737740833,0,0,0,29,1,2024,0,winter,train
2024-01-30 00:00:00+00:00,2161292,"Số 46, phố Lưu Quang Vũ",21.0152,105.7999,55.80625,10.596281879693134,36.86,71.4,24,1100.1000000000001,342.42623197971574,,,26.56833333333333,0.08249725511463557,2.1358333333333333,0.20548810748761237,0,0,1,30,1,2024,0,winter,train
2024-01-31 00:00:00+00:00,2161292,"Số 46, phố Lưu Quang Vũ",21.0152,105.7999,30.3,10.179224366112194,13.38,47.46,24,1525.3875,746.7485359369064,,,26.557916666666667,0.10095109305206056,2.7045833333333333,0.452903475335545,0,0,2,31,1,2024,0,winter,train
2024-02-01 00:00:00+00:00,2161292,"Số 46, phố Lưu Quang Vũ",21.0152,105.7999,19.106829268292685,0.4079319150946205,18.56170731707317,19.651951219512195,6,1148.4012195121952,34.208787108102705,,,26.563170731707316,0.03376617641722954,3.0213414634146343,0.0260090818348921,24,0,3,32,2,2024,0,winter,train
2024-02-02 00:00:00+00:00,2161292,"Số 46, phố Lưu Quang Vũ",21.0152,105.7999,8.741249999999999,2.0563381982821514,6.05,12.01,8,413.1625,102.27379132924109,,,26.85875,1.0125136683380773,2.485,0.06907552802135189,16,0,4,33,2,2024,0,winter,train
2024-02-03 00:00:00+00:00,2161292,"Số 46, phố Lưu Quang Vũ",21.0152,105.7999,3.8487500000000003,1.0328572126577475,2.11,5.95,24,456.2083333333333,113.79384073141131,,,26.460416666666664,1.0649983840227246,2.353333333333333,0.08923182638823293,0,0,5,34,2,2024,1,winter,train
2024-02-04 00:00:00+00:00,2161292,"Số 46, phố Lưu Quang Vũ",21.0152,105.7999,7.9991666666666665,3.088954961410605,4.04,16.42,24,457.09999999999997,132.00770728487302,,,26.690416666666668,0.8852829523926805,2.313333333333333,0.08154308899176446,0,0,6,35,2,2024,1,winter,train
2024-02-05 00:00:00+00:00,2161292,"Số 46, phố Lưu Quang Vũ",21.0152,105.7999,6.298541666666666,1.8649044031721878,3.37,11.04,24,557.2416666666667,89.84011361576049,,,26.126041666666666,1.2158598488729897,2.3195833333333336,0.06868194919283777,1,0,0,36,2,2024,0,winter,train
2024-02-06 00:00:00+00:00,2161292,"Số 46, phố Lưu Quang Vũ",21.0152,105.7999,6.254166666666666,2.115629039289275,3.37,12.05,24,603.7791666666667,87.37146573889166,,,26.68875,1.2114285943176495,2.3195833333333336,0.05751968787079452,0,0,1,37,2,2024,0,winter,train
2024-02-07 00:00:00+00:00,2161292,"Số 46, phố Lưu Quang Vũ",21.0152,105.7999,9.356666666666667,6.499700104564469,2.68,24.13,24,605.9625,204.81339080818867,,,26.808333333333334,1.654634247425582,2.36125,0.07674421094156522,0,0,2,38,2,2024,0,winter,train
2024-02-08 00:00:00+00:00,2161292,"Số 46, phố Lưu Quang Vũ",21.0152,105.7999,5.235416666666667,2.0522161492368207,2.32,11.16,24,457.91249999999997,94.70008637110976,,,26.5275,0.8115430819821235,2.205,0.04809411064008624,0,0,3,39,2,2024,0,winter,train
2024-02-09 00:00:00+00:00,2161292,"Số 46, phố Lưu Quang Vũ",21.0152,105.7999,15.84125,12.576299418557806,2.96,45.94,24,468.5291666666667,135.4906782584231,,,26.116249999999997,1.666466745255806,2.1462499999999998,0.05903665037039736,0,0,4,40,2,2024,0,winter,train
2024-02-10 00:00:00+00:00,2161292,"Số 46, phố Lưu Quang Vũ",21.0152,105.7999,15.087916666666667,6.051613496068391,6.91,31.16,24,516.0166666666667,71.20993864846986,,,26.670833333333334,1.4768795443115184,2.1166666666666667,0.058952203680953025,0,0,5,41,2,2024,1,winter,train
2024-02-11 00:00:00+00:00,2161292,"Số 46, phố Lưu Quang Vũ",21.0152,105.7999,12.793750000000001,4.480779059299941,6.21,23.33,24,493.95416666666665,78.17287408528372,,,26.075416666666666,1.8055638145481858,2.07875,0.08492003911609,0,0,6,42,2,2024,1,winter,train
2024-02-12 00:00:00+00:00,2161292,"Số 46, phố Lưu Quang Vũ",21.0152,105.7999,13.363333333333335,4.884198716416979,4.67,21.19,24,385.7916666666667,144.40229408230286,2.0940000000000003,1.0049634714492703,26.13,1.1579141666770056,2.1025,0.05589197655726885,0,0,0,43,2,2024,0,winter,train
2024-02-13 00:00:00+00:00,2161292,"Số 46, phố Lưu Quang Vũ",21.0152,105.7999,8.086666666666666,2.6973169707284517,3.31,13.54,24,329.60833333333335,43.54766420798036,2.0940000000000003,1.0049634714492703,27.05541666666667,2.6845645411057486,2.240416666666667,0.0712911462681858,0,0,1,44,2,2024,0,winter,train
2024-02-14 00:00:00+00:00,2161292,"Số 46, phố Lưu Quang Vũ",21.0152,105.7999,7.585,2.3488054318145934,4.93,13.31,24,309.8583333333333,73.80230888733394,2.0940000000000003,1.0049634714492703,26.67958333333333,0.8695900041757142,2.2895833333333333,0.0489435492633376,0,0,2,45,2,2024,0,winter,train
2024-02-15 00:00:00+00:00,2161292,"Số 46, phố Lưu Quang Vũ",21.0152,105.7999,9.715833333333334,3.5857506844473286,3.12,18.33,24,666.15625,238.8170344374538,2.0940000000000003,1.0049634714492703,26.26291666666667,0.9551074565844353,2.55875,0.13954312096515417,0,0,3,46,2,2024,0,winter,train
2024-02-16 00:00:00+00:00,2161292,"Số 46, phố Lưu Quang Vũ",21.0152,105.7999,7.2775,2.5795571746699673,2.82,12.78,24,500.5291666666667,126.76174323155013,2.0940000000000003,1.0049634714492703,26.726250000000004,1.053845184983565,2.57625,0.1040406484107975,0,0,4,47,2,2024,0,winter,train
2024-02-17 00:00:00+00:00,2161292,"Số 46, phố Lưu Quang Vũ",21.0152,105.7999,10.80625,5.307236906993745,6.23,29.17,24,275.50416666666666,71.22874040824338,2.0940000000000003,1.0049634714492703,26.199166666666667,1.642884305293502,2.419166666666667,0.06486887554515465,0,0,5,48,2,2024,1,winter,train
2024-02-18 00:00:00+00:00,2161292,"Số 46, phố Lưu Quang Vũ",21.0152,105.7999,7.297083333333333,2.1299468847565324,3.66,12.56,24,302.22499999999997,83.11246047950043,2.0940000000000003,1.0049634714492703,26.987916666666667,1.7011836778540705,2.38625,0.05379611267675807,0,0,6,49,2,2024,1,winter,train
2024-02-19 00:00:00+00:00,2161292,"Số 46, phố Lưu Quang Vũ",21.0152,105.7999,8.13625,2.744895361116387,4.24,15.79,24,484.70208333333335,178.22513637139252,2.0940000000000003,1.0049634714492703,26.618750000000002,0.6401855199861997,7.617916666666667,3.8098761581683602,0,0,0,50,2,2024,0,winter,train
2024-02-20 00:00:00+00:00,2161292,"Số 46, phố Lưu Quang Vũ",21.0152,105.7999,10.439166666666667,3.973011032789447,4.27,20.18,24,576.8416666666667,222.1773301092908,1.5929166666666665,0.08794658293120523,26.589583333333334,0.10968251284132946,10.501666666666667,0.07749707801878275,0,0,1,51,2,2024,0,winter,train
2024-02-21 00:00:00+00:00,2161292,"Số 46, phố Lưu Quang Vũ",21.0152,105.7999,8.752083333333333,2.315319452401043,5.68,14.62,24,649.3333333333334,309.2838694210514,1.5641666666666667,0.18577491445450792,26.546666666666667,0.10626736857186378,10.547916666666667,0.07448251424016375,0,0,2,52,2,2024,0,winter,train
2024-02-22 00:00:00+00:00,2161292,"Số 46, phố Lưu Quang Vũ",21.0152,105.7999,6.489166666666667,2.017749320118974,3.78,11.0,24,701.5749999999999,290.62994287521747,1.575,0.10400668874811772,26.589166666666667,0.19895196419731814,10.650416666666667,0.08126602406089946,0,0,3,53,2,2024,0,winter,train
2024-02-23 00:00:00+00:00,2161292,"Số 46, phố Lưu Quang Vũ",21.0152,105.7999,7.454583333333333,2.8039723052137653,3.53,12.89,24,926.525,388.4125163097694,1.5241666666666667,0.18500097923751796,26.595416666666665,0.1279598838857642,10.843333333333334,0.1250970637637796,0,0,4,54,2,2024,0,winter,train
2024-02-24 00:00:00+00:00,2161292,"Số 46, phố Lưu Quang Vũ",21.0152,105.7999,8.324166666666667,3.0719685186717234,5.21,18.02,24,609.9416666666667,110.40026747237076,1.5199999999999998,0.12796059175964394,26.569166666666664,0.10396139194187717,10.694166666666668,0.07156126391249411,0,0,5,55,2,2024,1,winter,train
2024-02-25 00:00:00+00:00,2161292,"Số 46, phố Lưu Quang Vũ",21.0152,105.7999,10.1975,3.578564504524611,5.84,17.04,24,712.0916666666667,148.25631716628516,1.7249999999999999,0.1824233013339173,26.540000000000003,0.16558197759523158,10.676250000000001,0.05881529673847336,0,0,6,56,2,2024,1,winter,train
2024-02-26 00:00:00+00:00,2161292,"Số 46, phố Lưu Quang Vũ",21.0152,105.7999,8.050416666666667,2.0891135610623213,4.0,12.94,24,826.5083333333333,304.9798580899724,1.7699999999999998,0.17008949051193223,26.565833333333334,0.10320585872595787,8.914166666666667,1.2805668468593756,0,0,0,57,2,2024,0,winter,train
2024-02-27 00:00:00+00:00,2161292,"Số 46, phố Lưu Quang Vũ",21.0152,105.7999,10.093333333333334,3.821395905512365,5.92,21.0,24,726.3666666666667,204.71112980653172,1.8012499999999998,0.15960038411199282,26.549166666666665,0.11594288948956029,7.97,0.07126191738625337,0,0,1,58,2,2024,0,winter,train
2024-02-28 00:00:00+00:00,2161292,"Số 46, phố Lưu Quang Vũ",21.0152,105.7999,10.535,3.283496280809065,6.08,18.14,24,897.8583333333332,264.69500236189253,12.308958333333335,8.131160136911673,26.56625,0.1183881787577005,5.674791666666667,1.7338964603996612,0,0,2,59,2,2024,0,winter,train
2024-02-29 00:00:00+00:00,2161292,"Số 46, phố Lưu Quang Vũ",21.0152,105.7999,6.828333333333333,1.7574380233160718,3.66,11.76,24,780.0416666666666,236.4725554747393,18.833333333333332,0.19811429873262276,26.56958333333333,0.08285551419117577,7.123333333333334,1.4917065414474464,0,0,3,60,2,2024,0,winter,train
2024-03-01 00:00:00+00:00,2161292,"Số 46, phố Lưu Quang Vũ",21.0152,105.7999,9.060416666666667,4.050981071904377,5.28,18.02,24,875.6708333333332,277.38707609022464,18.964583333333334,0.19866903145173662,26.571250000000003,0.09803781435486172,7.701250000000001,0.14885979689101686,0,0,4,61,3,2024,0,spring,train
2024-03-02 00:00:00+00:00,2161292,"Số 46, phố Lưu Quang Vũ",21.0152,105.7999,14.11625,6.143732623045885,7.7,32.5,24,886.8041666666667,239.84025023764872,19.075833333333332,0.18072118007454627,26.560000000000002,0.08500639362143142,7.650833333333334,0.19221628819971384,0,0,5,62,3,2024,1,spring,train
2024-03-03 00:00:00+00:00,2161292,"Số 46, phố Lưu Quang Vũ",21.0152,105.7999,10.411666666666667,5.291998608783104,4.86,29.24,24,860.3000000000001,133.52853790400994,19.025833333333335,0.18918398375693807,26.559166666666666,0.0851043690017637,7.810416666666666,0.32530225632635024,0,0,6,63,3,2024,1,spring,train
2024-03-04 00:00:00+00:00,2161292,"Số 46, phố Lưu Quang Vũ",21.0152,105.7999,21.903333333333336,5.478179375975408,4.99,31.49,24,2205.366666666667,700.4297722092497,19.213333333333335,0.30384015629885064,26.60375,0.10265232583823966,10.23875,1.0593981576922522,0,0,0,64,3,2024,0,spring,train
2024-03-05 00:00:00+00:00,2161292,"Số 46, phố Lưu Quang Vũ",21.0152,105.7999,22.357916666666668,7.6481671456896,10.3,37.19,24,3765.275,3991.069475744239,19.510833333333334,1.0685500808863935,26.582916666666666,0.08629973886134391,6.3897916666666665,3.080911683663821,0,0,1,65,3,2024,0,spring,train
2024-03-06 00:00:00+00:00,2161292,"Số 46, phố Lưu Quang Vũ",21.0152,105.7999,15.979166666666666,7.1146883684185465,8.64,39.52,24,1976.5166666666667,877.0329777482549,17.86875,1.3613451981868434,26.578333333333333,0.1542349046004222,3.0429166666666667,0.42976716817432636,0,0,2,66,3,2024,0,spring,train
2024-03-07 00:00:00+00:00,2161292,"Số 46, phố Lưu Quang Vũ",21.0152,105.7999,9.55125,3.0363698470091034,3.91,16.08,24,1300.8041666666666,563.0857085731046,0.5246153846153846,0.15365629310332987,26.56833333333333,0.10869449274743967,2.5837499999999998,0.0749383804840031,0,0,3,67,3,2024,0,spring,train
2024-03-08 00:00:00+00:00,2161292,"Số 46, phố Lưu Quang Vũ",21.0152,105.7999,15.621666666666668,4.817763928978081,6.29,25.6,24,1466.3875,461.89408659157004,1.5308333333333335,0.5806062548650383,26.58375,0.07884009683888825,2.65625,0.11480844159237394,0,0,4,68,3,2024,0,spring,train
2024-03-09 00:00:00+00:00,2161292,"Số 46, phố Lưu Quang Vũ",21.0152,105.7999,15.34684523809524,7.115925880723376,7.59,34.44,24,1222.7690476190476,144.43114289841762,1.139404761904762,0.18714827011595458,26.544345238095236,0.07172310737083006,2.600357142857143,0.046836478552073416,3,0,5,69,3,2024,1,spring,train
2024-03-10 00:00:00+00:00,2161292,"Số 46, phố Lưu Quang Vũ",21.0152,105.7999,7.628571428571428,1.1061474161810492,5.74,9.53,10,924.9942857142858,121.02939561183801,0.7614285714285713,0.13809688012160057,26.57657142857143,0.09697537175039636,2.548142857142857,0.06752525352744382,17,0,6,70,3,2024,1,spring,train
2024-03-11 00:00:00+00:00,2161292,"Số 46, phố Lưu Quang Vũ",21.0152,105.7999,9.117926136363636,2.2505372083584807,4.85,14.93,24,2299.1307765151514,1609.3551054310367,2.261278409090909,0.7513625963999435,26.57253787878788,0.07542428993234186,4.124119318181818,2.3605720688227434,4,0,0,71,3,2024,0,spring,train
2024-03-12 00:00:00+00:00,2161292,"Số 46, phố Lưu Quang Vũ",21.0152,105.7999,8.788124999999999,0.011329779107647835,8.780113636363636,8.796136363636363,2,2918.7062499999997,11.827164445778068,3.500625,0.13121651973609455,26.605,0.0006428243465326403,7.789375,0.042506759914509466,24,0,1,72,3,2024,0,spring,train
2024-03-13 00:00:00+00:00,2161292,"Số 46, phố Lưu Quang Vũ",21.0152,105.7999,9.887211538461537,1.460500774650478,8.596742424242423,13.28409090909091,0,2225.3759615384615,152.4275060079899,8.259647435897435,0.27067537634723393,31.848846153846154,10.50601166364953,6.083942307692308,0.08557976668065356,24,1,2,73,3,2024,0,spring,train
2024-03-14 00:00:00+00:00,2161292,"Số 46, phố Lưu Quang Vũ",21.0152,105.7999,10.986298076923077,2.9096717701933077,8.413371212121213,17.772045454545456,0,1532.045673076923,293.02784757020174,13.01866987179487,0.41013423295837326,37.0926923076923,21.011380502952527,4.3785096153846155,0.12865277344679765,24,1,3,74,3,2024,0,spring,train
2024-03-15 00:00:00+00:00,2161292,"Số 46, phố Lưu Quang Vũ",21.0152,105.7999,12.085384615384616,4.358842765736138,8.23,22.26,13,838.7153846153846,433.62818913241364,17.777692307692305,0.5495930895695126,42.33653846153846,31.516749342255526,2.673076923076923,0.17172578021294177,11,0,4,75,3,2024,0,spring,train
2024-03-16 00:00:00+00:00,2161292,"Số 46, phố Lưu Quang Vũ",21.0152,105.7999,8.14,1.9420988198562275,5.21,12.15,24,697.3874999999999,245.65697595825884,17.519166666666667,0.43974218401899784,81.71041666666666,52.12917593335174,2.6508333333333334,0.14394795758451617,0,0,5,76,3,2024,1,spring,train
2024-03-17 00:00:00+00:00,2161292,"Số 46, phố Lưu Quang Vũ",21.0152,105.7999,8.09125,2.6026153085116857,2.26,12.82,24,631.0416666666666,189.38759868648182,17.21708333333333,0.44628397244128226,36.72375,28.263098358183374,2.9129166666666664,0.05229341688277187,6,0,6,77,3,2024,1,spring,train
2024-03-18 00:00:00+00:00,2161292,"Số 46, phố Lưu Quang Vũ",21.0152,105.7999,29.214166666666667,58.19911152143181,1.58,240.39,24,829.3583333333332,236.7887315853461,17.162916666666664,0.3815811403445753,80.65124999999999,63.17777907158397,3.04625,0.07861919778826015,1,0,0,78,3,2024,0,spring,train
2024-03-19 00:00:00+00:00,2161292,"Số 46, phố Lưu Quang Vũ",21.0152,105.7999,9.919166666666667,2.1529694694147157,6.93,17.09,24,785.25,259.4744621764137,18.70416666666667,1.0995766642575266,38.32749999999999,28.7677638288812,2.9466666666666668,0.08884117076664626,0,0,1,79,3,2024,0,spring,train
2024-03-20 00:00:00+00:00,2161292,"Số 46, phố Lưu Quang Vũ",21.0152,105.7999,13.701233766233766,4.603006542496402,5.89,19.07,14,1150.5564935064936,308.48191062849526,20.00640659340659,0.3807424270559461,38.260844155844154,15.759028045940013,2.9815584415584415,0.08869429956750145,16,0,2,80,3,2024,0,spring,train
2024-03-21 00:00:00+00:00,2161292,"Số 46, phố Lưu Quang Vũ",21.0152,105.7999,29.38875,3.757303126674011,24.38,35.45,8,603.8625,70.24048359539026,22.314110339952443,0.3935329744641364,26.515,0.23549340300132088,3.21875,0.39632012673739264,16,0,3,81,3,2024,0,spring,train
2024-03-22 00:00:00+00:00,2161292,"Số 46, phố Lưu Quang Vũ",21.0152,105.7999,41.464166666666664,9.812223927621966,26.08,62.72,24,1160.8999999999999,452.2545685591343,24.621814086498294,0.40632352187232673,26.591250000000002,0.27152247885163994,3.594583333333333,0.26224746306505614,0,0,4,82,3,2024,0,spring,train
2024-03-23 00:00:00+00:00,2161292,"Số 46, phố Lưu Quang Vũ",21.0152,105.7999,27.875833333333333,5.887040237133018,18.58,40.18,24,749.7041666666668,302.69933206741285,26.929517833044144,0.41911406928051703,26.46666666666667,0.26082922393391994,3.1320833333333336,0.25513814104224575,0,0,5,83,3,2024,1,spring,train
2024-03-24 00:00:00+00:00,2161292,"Số 46, phố Lưu Quang Vũ",21.0152,105.7999,41.345416666666665,20.55667858875672,22.75,89.46,24,865.0708333333333,368.85804560558387,29.23722157959,0.43190461668870733,26.546666666666667,0.2088408311456915,2.71625,0.3148886966919388,0,0,6,84,3,2024,1,spring,train
2024-03-25 00:00:00+00:00,2161292,"Số 46, phố Lưu Quang Vũ",21.0152,105.7999,28.62875,9.678265795293484,2.25,50.41,24,768.2833333333333,270.3995379894862,31.54492532613585,0.4446951640968977,26.597916666666666,0.20415209945074098,2.4187499999999997,0.0791428263111808,0,0,0,85,3,2024,0,spring,train
2024-03-26 00:00:00+00:00,2161292,"Số 46, phố Lưu Quang Vũ",21.0152,105.7999,27.947916666666668,7.984931994029466,15.49,47.71,24,777.2166666666667,205.53286771255088,33.8526290726817,0.457485711505088,26.56625,0.16672843058464085,2.65625,0.07069914826373373,0,0,1,86,3,2024,0,spring,train
2024-03-27 00:00:00+00:00,2161292,"Số 46, phố Lưu Quang Vũ",21.0152,105.7999,34.43125,7.815928725866559,22.04,50.71,24,708.1416666666668,264.8862149755211,36.16033281922755,0.4702762589132783,26.625416666666666,0.17115919786705272,2.612083333333333,0.08627454492171652,0,0,2,87,3,2024,0,spring,train
2024-03-28 00:00:00+00:00,2161292,"Số 46, phố Lưu Quang Vũ",21.0152,105.7999,31.724999999999998,6.637390791699636,18.63,47.23,24,932.7708333333334,336.7352249483479,,,26.550416666666667,0.20174196103086714,2.844583333333333,0.12887402567140363,0,0,3,88,3,2024,0,spring,train
2024-03-29 00:00:00+00:00,2161292,"Số 46, phố Lưu Quang Vũ",21.0152,105.7999,47.880208333333336,9.175301408290139,33.72,68.01,24,1350.8374999999999,460.7942943143994,,,26.6125,0.26235324860412795,3.17375,0.1130828967876828,3,0,4,89,3,2024,0,spring,train
2024-03-30 00:00:00+00:00,2161292,"Số 46, phố Lưu Quang Vũ",21.0152,105.7999,49.19833333333333,11.624707445282475,31.66,71.74,24,753.2791666666667,192.80551133013648,,,26.52208333333333,0.2613173843476915,3.0191666666666666,0.0762100453647203,0,0,5,90,3,2024,1,spring,train
2024-03-31 00:00:00+00:00,2161292,"Số 46, phố Lưu Quang Vũ",21.0152,105.7999,61.57270833333334,12.561295884682291,39.66,82.3,24,846.8000000000001,332.4231980603875,,,26.522499999999997,0.32472396304232426,3.0258333333333334,0.3688868881268132,2,0,6,91,3,2024,1,spring,train
2024-04-01 00:00:00+00:00,2161292,"Số 46, phố Lưu Quang Vũ",21.0152,105.7999,59.94895833333334,14.907671790577485,35.77,95.17,24,953.8083333333334,478.7503442311548,47.69885155195681,0.5342289959542299,26.641666666666666,0.32166234884839456,2.65375,0.11511100502671702,1,0,0,92,4,2024,0,spring,train
2024-04-02 00:00:00+00:00,2161292,"Số 46, phố Lưu Quang Vũ",21.0152,105.7999,52.50083333333333,10.923809224396702,33.89,73.18,24,828.1916666666666,421.1055562359081,50.00655529850266,0.5470195433624202,26.610416666666666,0.2676057964970871,2.9904166666666665,0.09661574120853891,0,0,1,93,4,2024,0,spring,train
2024-04-03 00:00:00+00:00,2161292,"Số 46, phố Lưu Quang Vũ",21.0152,105.7999,52.88999999999999,10.691999040322669,35.59,73.45,24,761.6625,410.3240668507716,52.314259045048516,0.5598100907706105,26.592916666666667,0.23324700784075783,2.9454166666666666,0.2989398538701122,0,0,2,94,4,2024,0,spring,train
2024-04-04 00:00:00+00:00,2161292,"Số 46, phố Lưu Quang Vũ",21.0152,105.7999,53.08708333333333,12.382820314826315,35.68,75.13,24,659.8625000000001,350.74742778504606,54.62196279159437,0.5726006381788008,26.592083333333335,0.17345539876959376,3.2695833333333333,0.5412262981388669,0,0,3,95,4,2024,0,spring,train
2024-04-05 00:00:00+00:00,2161292,"Số 46, phố Lưu Quang Vũ",21.0152,105.7999,35.70708333333334,10.079618902029228,20.78,56.14,24,509.94166666666666,148.36462697095925,56.92966653814021,0.5853911855869911,26.5925,0.11497636808227575,3.9766666666666666,0.086359545010918,0,0,4,96,4,2024,0,spring,train
2024-04-06 00:00:00+00:00,2161292,"Số 46, phố Lưu Quang Vũ",21.0152,105.7999,41.03,10.50732911911449,19.77,63.22,24,555.3208333333333,132.742971579,59.237370284686065,0.5981817329951815,26.58583333333333,0.09770927002733831,4.161666666666666,0.06465067783811357,0,0,5,97,4,2024,1,spring,train
2024-04-07 00:00:00+00:00,2161292,"Số 46, phố Lưu Quang Vũ",21.0152,105.7999,35.72708333333333,10.360144148387239,20.07,56.58,24,627.8874999999999,167.71121222661804,61.54507403123192,0.6109722804033718,26.604583333333334,0.08324814486334531,4.1120833333333335,0.16529234093270745,0,0,6,98,4,2024,1,spring,train
2024-04-08 00:00:00+00:00,2161292,"Số 46, phố Lưu Quang Vũ",21.0152,105.7999,15.634166666666667,9.95770661420052,0.69,35.12,24,1369.21875,535.6513958160417,63.852777777777774,0.6237628278115621,26.572916666666668,0.13703313362156092,3.9949999999999997,0.17480423833285727,0,0,0,99,4,2024,0,spring,train
2024-04-09 00:00:00+00:00,2161292,"Số 46, phố Lưu Quang Vũ",21.0152,105.7999,41.629583333333336,18.92507296618331,14.07,72.27,24,1357.9333333333334,410.3571081776019,46.833333333333336,95.77220490248754,31.147916666666664,22.38891456661118,4.4870833333333335,0.26271954242312157,0,0,1,100,4,2024,0,spring,train
2024-04-10 00:00:00+00:00,2161292,"Số 46, phố Lưu Quang Vũ",21.0152,105.7999,48.81583333333333,8.693140682603508,35.5,67.23,24,1320.7416666666666,307.5989779434972,5.62625,0.0455700607283178,26.5925,0.07554152327779999,4.308333333333334,0.07446427019874625,0,0,2,101,4,2024,0,spring,train
2024-04-11 00:00:00+00:00,2161292,"Số 46, phố Lưu Quang Vũ",21.0152,105.7999,49.495000000000005,12.196836724616611,29.81,76.89,24,964.7333333333332,355.7846388974126,5.596666666666667,0.04650074021539561,26.5625,0.07685389865927723,4.350416666666667,0.11749113441731082,0,0,3,102,4,2024,0,spring,train
2024-04-12 00:00:00+00:00,2161292,"Số 46, phố Lưu Quang Vũ",21.0152,105.7999,38.65208333333333,9.092194922816647,20.52,61.46,24,811.475,286.8593190277135,5.608333333333333,0.0414589022974575,26.555000000000003,0.09069777812340159,4.1975,0.1315872995060859,0,0,4,103,4,2024,0,spring,train
2024-04-13 00:00:00+00:00,2161292,"Số 46, phố Lưu Quang Vũ",21.0152,105.7999,31.1975,7.354903274273095,21.07,52.27,24,623.6125000000001,191.6485422590008,5.697045454545455,0.08722316594531263,26.55333333333333,0.07794461058239059,4.17,0.2150631858618378,0,0,5,104,4,2024,1,spring,train
2024-04-14 00:00:00+00:00,2161292,"Số 46, phố Lưu Quang Vũ",21.0152,105.7999,46.51458333333333,6.388414771842973,37.57,66.67,24,570.6416666666667,205.28813031754993,5.56183170995671,0.0718144534054739,26.584999999999997,0.08851430736720312,4.539583333333334,0.15886770998337685,0,0,6,105,4,2024,1,spring,train
2024-04-15 00:00:00+00:00,2161292,"Số 46, phố Lưu Quang Vũ",21.0152,105.7999,35.76166666666666,4.807059723823469,23.94,42.99,24,648.3958333333334,270.36995182795226,5.426617965367965,0.05640574086563519,26.574166666666667,0.07955947551943574,4.397083333333334,0.16115019099576325,1,0,0,106,4,2024,0,spring,train
2024-04-16 00:00:00+00:00,2161292,"Số 46, phố Lưu Quang Vũ",21.0152,105.7999,35.357083333333335,8.789343092219896,23.16,53.87,24,526.25,293.09570331949226,5.291404220779221,0.04099702832579648,26.543333333333333,0.07800037160818249,4.05875,0.1389185717073759,0,0,1,107,4,2024,0,spring,train
2024-04-17 00:00:00+00:00,2161292,"Số 46, phố Lưu Quang Vũ",21.0152,105.7999,39.35208333333333,9.31022485095619,26.56,60.36,24,704.8125,256.5327495196022,5.156190476190476,0.025588315785957754,26.54875,0.07736488923896012,4.138333333333333,0.16353876462854883,0,0,2,108,4,2024,0,spring,train
2024-04-18 00:00:00+00:00,2161292,"Số 46, phố Lưu Quang Vũ",21.0152,105.7999,34.147083333333335,4.8922533966569475,26.48,46.17,24,634.1458333333334,319.9765249258502,5.154166666666667,0.030775013391960395,26.550833333333333,0.072226495600069,4.2125,0.21423777931764637,0,0,3,109,4,2024,0,spring,train
2024-04-19 00:00:00+00:00,2161292,"Số 46, phố Lưu Quang Vũ",21.0152,105.7999,44.61375,5.359405233467769,34.24,55.28,24,699.7333333333332,280.7180756043588,44.559374999999996,22.8723599242718,26.561666666666667,0.0955381401948144,4.114166666666667,0.25779865191178986,0,0,4,110,4,2024,0,spring,train
2024-04-20 00:00:00+00:00,2161292,"Số 46, phố Lưu Quang Vũ",21.0152,105.7999,55.14295238095238,9.67474831916077,34.42,62.61979591836735,15,1047.6038095238096,307.88335746072164,45.493047619047616,3.404929964251228,26.54438095238095,0.06222342293388105,4.244190476190476,0.10104201422672165,15,0,5,111,4,2024,1,spring,train
2024-04-21 00:00:00+00:00,2161292,"Số 46, phố Lưu Quang Vũ",21.0152,105.7999,57.777203907203905,9.781064841031194,37.445,66.83482993197279,0,1080.8736874236874,313.30553934476063,44.44074481074481,2.9935568921666995,26.5513431013431,0.06489726485622453,4.231697191697192,0.09488355869864909,24,1,6,112,4,2024,1,spring,train
2024-04-22 00:00:00+00:00,2161292,"Số 46, phố Lưu Quang Vũ",21.0152,105.7999,60.41145543345544,9.887381362901618,40.47,71.04986394557824,0,1114.1435653235653,318.7277212287996,43.388442002442,2.5821838200821716,26.55830525030525,0.06757110677856801,4.219203907203907,0.08872510317057652,24,1,0,113,4,2024,0,spring,train
2024-04-23 00:00:00+00:00,2161292,"Số 46, phố Lưu Quang Vũ",21.0152,105.7999,63.04570695970696,9.993697884772043,43.495000000000005,75.26489795918367,0,1147.4134432234432,324.1499031128386,42.33613919413919,2.1708107479976433,26.565267399267398,0.0702449487009115,4.206710622710623,0.08256664764250396,24,1,1,114,4,2024,0,spring,train
2024-04-24 00:00:00+00:00,2161292,"Số 46, phố Lưu Quang Vũ",21.0152,105.7999,65.6799584859585,10.100014406642467,46.52,79.47993197278912,0,1180.683321123321,329.57208499687755,41.28383638583639,1.7594376759131152,26.572229548229547,0.07291879062325497,4.194217338217339,0.07640819211443138,24,1,2,115,4,2024,0,spring,train
2024-04-25 00:00:00+00:00,2161292,"Số 46, phố Lưu Quang Vũ",21.0152,105.7999,68.31421001221001,10.206330928512891,49.545,83.69496598639455,0,1213.953199023199,334.99426688091654,40.231533577533575,1.348064603828587,26.579191697191696,0.07559263254559846,4.181724053724054,0.07024973658635882,24,1,3,116,4,2024,0,spring,train
2024-04-26 00:00:00+00:00,2161292,"Số 46, phố Lưu Quang Vũ",21.0152,105.7999,70.94846153846154,10.312647450383315,52.57,87.91,13,1247.2230769230769,340.41644876495553,39.17923076923077,0.9366915317440585,26.586153846153845,0.07826647446794194,4.1692307692307695,0.06409128105828625,11,0,4,117,4,2024,0,spring,train
2024-04-27 00:00:00+00:00,2161292,"Số 46, phố Lưu Quang Vũ",21.0152,105.7999,58.5875,11.978882596505803,37.33,78.41,24,1213.0,405.98363321048134,38.6625,1.8901213441607856,26.563333333333333,0.08741040962119405,4.194583333333333,0.12247374755668954,0,0,5,118,4,2024,1,spring,train
2024-04-28 00:00:00+00:00,2161292,"Số 46, phố Lưu Quang Vũ",21.0152,105.7999,53.63458333333333,12.565863343120162,34.75,87.62,24,691.5416666666666,186.40683631022873,36.55083333333334,0.7631850688236533,26.585416666666664,0.08166629695272694,3.9883333333333333,0.10869449274743917,0,0,6,119,4,2024,1,spring,train
2024-04-29 00:00:00+00:00,2161292,"Số 46, phố Lưu Quang Vũ",21.0152,105.7999,47.60041666666667,7.016811166710659,35.58,59.7,24,791.2833333333333,128.58503755903322,37.062083333333334,0.798367786918039,26.5475,0.0922308068875602,3.889583333333333,0.09808954057907748,0,0,0,120,4,2024,0,spring,train
2024-04-30 00:00:00+00:00,2161292,"Số 46, phố Lưu Quang Vũ",21.0152,105.7999,54.0275,13.79486018020133,31.96,85.75,24,1025.0458333333333,165.42312277037178,37.09291666666667,1.5680685410004782,26.574583333333333,0.07695165996269643,4.09375,0.06506267880984469,0,0,1,121,4,2024,0,spring,train
2024-05-01 00:00:00+00:00,2161292,"Số 46, phố Lưu Quang Vũ",21.0152,105.7999,26.70958333333333,5.988638866304637,17.84,39.54,24,944.4166666666666,163.66553557860584,38.943333333333335,1.4966096951811267,26.569999999999997,0.07745966692414873,4.042916666666667,0.05736831170956491,0,0,2,122,5,2024,0,spring,train
2024-05-02 00:00:00+00:00,2161292,"Số 46, phố Lưu Quang Vũ",21.0152,105.7999,22.762083333333333,5.671487021604819,14.77,35.28,24,1247.1541666666667,382.5949589194552,42.10125,4.383382962467709,26.542916666666667,0.09484445695185745,4.036666666666666,0.2706781606754904,0,0,3,123,5,2024,0,spring,train
2024-05-03 00:00:00+00:00,2161292,"Số 46, phố Lưu Quang Vũ",21.0152,105.7999,24.359166666666667,4.598254788661594,17.59,34.45,24,1202.25,596.9148027475366,39.005,2.763068552549315,26.557916666666667,0.08722679916604527,3.7895833333333333,0.14959304699799686,0,0,4,124,5,2024,0,spring,train
2024-05-04 00:00:00+00:00,2161292,"Số 46, phố Lưu Quang Vũ",21.0152,105.7999,29.185000000000002,4.449960429721476,18.09,39.83,24,892.6166666666667,257.72871761613595,38.77166666666667,1.5777410011363278,26.575416666666666,0.06884002669495719,4.003333333333333,0.1699786857908614,0,0,5,125,5,2024,1,spring,train
2024-05-05 00:00:00+00:00,2161292,"Số 46, phố Lưu Quang Vũ",21.0152,105.7999,26.247083333333336,5.467729422368293,13.34,35.1,24,899.0375,219.94958673869283,39.650416666666665,1.8961046548961493,26.584999999999997,0.08267274404963001,3.83,0.15234400431974315,0,0,6,126,5,2024,1,spring,train
2024-05-06 00:00:00+00:00,2161292,"Số 46, phố Lưu Quang Vũ",21.0152,105.7999,33.339375,12.929976151874506,14.4,59.09,24,1120.3875,364.0821494883909,41.26833333333334,2.192817656660564,26.587500000000002,0.07803288047216107,4.26625,0.13081059988960486,1,0,0,127,5,2024,0,spring,train
2024-05-07 00:00:00+00:00,2161292,"Số 46, phố Lưu Quang Vũ",21.0152,105.7999,47.42083333333333,6.359818097389584,33.66,57.06,24,1665.8374999999999,1278.9898428438855,41.79125,3.3074873064924475,26.579583333333332,0.07297880375219595,4.3374999999999995,0.22940850217366685,0,0,1,128,5,2024,0,spring,train
2024-05-08 00:00:00+00:00,2161292,"Số 46, phố Lưu Quang Vũ",21.0152,105.7999,27.491666666666664,10.423310275600993,14.06,48.19,24,776.3249999999999,387.29499514048666,38.74208333333333,1.328673673963648,26.563333333333333,0.10515688762269793,4.122083333333333,0.07360169933450954,0,0,2,129,5,2024,0,spring,train
2024-05-09 00:00:00+00:00,2161292,"Số 46, phố Lưu Quang Vũ",21.0152,105.7999,21.198333333333334,5.752687168779105,9.8,32.42,24,944.4833333333332,472.90522321595,40.07416666666666,2.415469918574074,26.567916666666665,0.06902924186085233,4.06125,0.25839492019505467,2,0,3,130,5,2024,0,spring,train
2024-05-10 00:00:00+00:00,2161292,"Số 46, phố Lưu Quang Vũ",21.0152,105.7999,37.69416666666667,9.580298133087538,25.57,70.99,24,674.85,365.0419022999724,39.26541666666667,2.338550236823002,26.512916666666666,0.0691236552140065,3.7458333333333336,0.07119579046341254,1,0,4,131,5,2024,0,spring,train
2024-05-11 00:00:00+00:00,2161292,"Số 46, phố Lưu Quang Vũ",21.0152,105.7999,28.92125,4.3196359674519265,20.91,37.29,24,635.6958333333333,154.7763645566154,39.2325,1.4718850675830342,26.584999999999997,0.09380831519646837,3.74875,0.05870430693035998,0,0,5,132,5,2024,1,spring,train
2024-05-12 00:00:00+00:00,2161292,"Số 46, phố Lưu Quang Vũ",21.0152,105.7999,25.47875,6.572226353309082,13.01,34.92,24,577.9125,134.8110120405277,39.92208333333333,2.0153303303874806,26.55875,0.08430341165926393,3.89125,0.2346748444309608,0,0,6,133,5,2024,1,spring,train
2024-05-13 00:00:00+00:00,2161292,"Số 46, phố Lưu Quang Vũ",21.0152,105.7999,21.82041666666667,7.924763872036583,12.24,41.1,24,900.9208333333332,264.86935086068814,39.37416666666667,1.321912042942103,26.548333333333332,0.08370063979115912,4.205416666666666,0.15339574186785077,0,0,0,134,5,2024,0,spring,train
2024-05-14 00:00:00+00:00,2161292,"Số 46, phố Lưu Quang Vũ",21.0152,105.7999,10.709375,15.688231002369124,0.04,47.23,24,915.8083333333334,319.7278977868343,38.888333333333335,1.933052703270965,26.56125,0.07485130186779874,3.9895833333333335,0.13003274392534214,1,0,1,135,5,2024,0,spring,train
2024-05-15 00:00:00+00:00,2161292,"Số 46, phố Lưu Quang Vũ",21.0152,105.7999,1.0776923076923077,0.5789914813977282,0.5528571428571429,2.19,13,984.7196969696969,180.82442746401128,41.35030303030303,3.6653935449187527,26.58378787878788,0.07167571748017168,3.9818181818181815,0.1444153594871266,17,0,2,136,5,2024,0,spring,train
2024-05-16 00:00:00+00:00,2161292,"Số 46, phố Lưu Quang Vũ",21.0152,105.7999,27.042380952380952,15.109276589156046,0.06,45.6,21,986.8791666666666,293.04794529693197,40.654583333333335,3.001572021699506,26.561666666666667,0.09120767829360704,3.9966666666666666,0.1336337196013514,3,0,3,137,5,2024,0,spring,train
2024-05-17 00:00:00+00:00,2161292,"Số 46, phố Lưu Quang Vũ",21.0152,105.7999,31.06375,7.119890578360464,21.58,48.43,24,722.3375,307.9427174463798,39.268750000000004,1.4011123298542352,26.540833333333335,0.0661958009089028,3.8841666666666668,0.10060325289350049,0,0,4,138,5,2024,0,spring,train
2024-05-18 00:00:00+00:00,2161292,"Số 46, phố Lưu Quang Vũ",21.0152,105.7999,24.015416666666667,5.296843998135089,16.08,36.26,24,667.85,119.86166664298803,39.099583333333335,1.9058753076751402,26.563333333333333,0.07527726527090778,4.052083333333333,0.10814560099464358,0,0,5,139,5,2024,1,spring,train
2024-05-19 00:00:00+00:00,2161292,"Số 46, phố Lưu Quang Vũ",21.0152,105.7999,28.3275,9.023582750336692,13.72,52.85,24,937.7541666666666,306.6449440656318,41.08416666666667,2.775283638722774,26.57041666666667,0.07748655797405546,4.15625,0.23856113062164713,1,0,6,140,5,2024,1,spring,train
2024-05-20 00:00:00+00:00,2161292,"Số 46, phố Lưu Quang Vũ",21.0152,105.7999,24.667916666666667,9.651034627647853,11.31,46.76,24,1082.1833333333334,511.7037268361166,41.47541666666667,3.1595761674583853,26.574583333333333,0.07271021497918159,4.4262500000000005,0.44784326159552995,0,0,0,141,5,2024,0,spring,train
2024-05-21 00:00:00+00:00,2161292,"Số 46, phố Lưu Quang Vũ",21.0152,105.7999,43.443125,8.837023871006522,27.67,63.6,24,1174.9666666666667,467.6935848131362,41.043749999999996,2.851402115054824,26.56833333333333,0.11638267713122859,3.872916666666667,0.08426042274152042,1,0,1,142,5,2024,0,spring,train
2024-05-22 00:00:00+00:00,2161292,"Số 46, phố Lưu Quang Vũ",21.0152,105.7999,35.9175,13.241246575363107,13.14,65.04,24,781.6583333333333,313.1819153486505,39.11958333333333,2.879449644224255,26.58458333333333,0.10413115336655646,3.9808333333333334,0.15967131093666084,0,0,2,143,5,2024,0,spring,train
2024-05-23 00:00:00+00:00,2161292,"Số 46, phố Lưu Quang Vũ",21.0152,105.7999,52.11416666666667,10.668241335309474,22.13,65.02,24,1237.1875,490.30359300663645,41.509166666666665,2.97098127058131,26.5575,0.04674165817229522,4.2283333333333335,0.32144600826870456,0,0,3,144,5,2024,0,spring,train
2024-05-24 00:00:00+00:00,2161292,"Số 46, phố Lưu Quang Vũ",21.0152,105.7999,38.82833333333333,18.167109474725656,20.18,73.32,24,889.5375,416.41132341921144,41.43125,3.7991375594537455,26.57041666666667,0.09932288876127157,3.879583333333333,0.12365728117828642,0,0,4,145,5,2024,0,spring,train
2024-05-25 00:00:00+00:00,2161292,"Số 46, phố Lưu Quang Vũ",21.0152,105.7999,19.784166666666668,5.465614979254326,8.65,30.83,24,630.6458333333334,287.02729756436304,41.04125,2.7454140615880203,26.556250000000002,0.0839157185876817,4.129583333333334,0.18834471557242566,0,0,5,146,5,2024,1,spring,train
2024-05-26 00:00:00+00:00,2161292,"Số 46, phố Lưu Quang Vũ",21.0152,105.7999,18.704006329113923,4.938310267649494,10.98,26.26,20,687.0809810126582,202.19260664287063,40.05126898734177,2.6776894790382118,26.569401898734178,0.07252589139664829,4.395642405063291,0.05113400558871806,11,0,6,147,5,2024,1,spring,train
2024-05-27 00:00:00+00:00,2161292,"Số 46, phố Lưu Quang Vũ",21.0152,105.7999,21.941597261689484,6.9433636463026165,11.824285714285715,33.98714285714286,0,667.2279156979247,205.58280826389418,39.94897885989839,2.492055948110518,26.56635809007147,0.07896895509463892,4.335992809782141,0.05189291199376016,24,1,0,148,5,2024,0,spring,train
2024-05-28 00:00:00+00:00,2161292,"Số 46, phố Lưu Quang Vũ",21.0152,105.7999,25.17918819426505,8.948417024955738,12.668571428571429,41.71428571428571,0,647.3748503831912,208.97300988491776,39.84668873245501,2.3064224171828234,26.563314281408765,0.08541201879262955,4.27634321450099,0.05265181839880225,24,1,1,149,5,2024,0,spring,train
2024-05-29 00:00:00+00:00,2161292,"Số 46, phố Lưu Quang Vũ",21.0152,105.7999,28.41677912684061,10.95347040360886,13.512857142857143,49.44142857142857,0,627.5217850684577,212.3632115059413,39.744398605011625,2.1207888862551294,26.56027047274606,0.09185508249062017,4.216693619219839,0.05341072480384435,24,1,2,150,5,2024,0,spring,train
2024-05-30 00:00:00+00:00,2161292,"Số 46, phố Lưu Quang Vũ",21.0152,105.7999,31.654370059416173,12.958523782261981,14.357142857142858,57.168571428571425,0,607.6687197537243,215.75341312696486,39.64210847756824,1.9351553553274352,26.557226664083355,0.0982981461886108,4.157044023938689,0.054169631208886446,24,1,3,151,5,2024,0,spring,train
2024-05-31 00:00:00+00:00,2161292,"Số 46, phố Lưu Quang Vũ",21.0152,105.7999,34.89196099199174,14.963577160915104,15.201428571428572,64.89571428571428,0,587.8156544389908,219.1436147479884,39.53981835012486,1.749521824399741,26.55418285542065,0.10474120988660143,4.097394428657539,0.054928537613928546,24,1,4,152,5,2024,0,spring,train
2024-06-01 00:00:00+00:00,2161292,"Số 46, phố Lưu Quang Vũ",21.0152,105.7999,38.129551924567295,16.968630539568224,16.045714285714286,72.62285714285713,0,567.9625891242573,222.533816369012,39.43752822268148,1.563888293472047,26.551139046757942,0.11118427358459206,4.037744833376388,0.05568744401897064,24,1,5,153,6,2024,1,summer,train
2024-06-02 00:00:00+00:00,2161292,"Số 46, phố Lưu Quang Vũ",21.0152,105.7999,41.36714285714286,18.973683918221347,16.89,80.35,21,548.1095238095238,225.92401799003554,39.3352380952381,1.3782547625443529,26.548095238095236,0.11762733728258268,3.978095238095238,0.05644635042401274,3,0,6,154,6,2024,1,summer,train
2024-06-03 00:00:00+00:00,2161292,"Số 46, phố Lưu Quang Vũ",21.0152,105.7999,29.1575,9.85311614800551,17.2,48.74,24,722.8833333333333,487.64322994392626,40.52,2.5189939330579207,26.580416666666665,0.09396942919475616,4.07625,0.13761358944522892,1,0,0,155,6,2024,0,summer,train
2024-06-04 00:00:00+00:00,2161292,"Số 46, phố Lưu Quang Vũ",21.0152,105.7999,41.24208333333333,9.293607423884193,24.96,55.46,24,1030.8083333333334,666.0830858975783,42.0375,2.907845833482985,26.551666666666666,0.10145320903346734,4.270416666666667,0.12674792397465137,0,0,1,156,6,2024,0,summer,train
2024-06-05 00:00:00+00:00,2161292,"Số 46, phố Lưu Quang Vũ",21.0152,105.7999,18.304583333333333,7.082931706431385,9.0,40.37,24,1172.9708333333333,465.1548208641809,46.275,2.5026073360119607,26.592916666666667,0.0910078432676652,4.185833333333333,0.13949962339567884,0,0,2,157,6,2024,0,summer,train
2024-06-06 00:00:00+00:00,2161292,"Số 46, phố Lưu Quang Vũ",21.0152,105.7999,25.078333333333333,10.112473428423913,12.36,46.05,24,1278.7958333333333,479.9026019654283,42.807500000000005,4.4532843278133285,26.56625,0.04888429106618474,4.111666666666667,0.11204295242631657,0,0,3,158,6,2024,0,summer,train
2024-06-07 00:00:00+00:00,2161292,"Số 46, phố Lưu Quang Vũ",21.0152,105.7999,41.04083333333333,17.766442700548804,17.46,69.3,24,1283.8333333333333,531.1106145875228,40.83833333333333,1.7583852935519313,26.568749999999998,0.0736804203830716,4.2325,0.08258065885781787,1,0,4,159,6,2024,0,summer,train
2024-06-08 00:00:00+00:00,2161292,"Số 46, phố Lưu Quang Vũ",21.0152,105.7999,21.537916666666664,5.9239741208126455,14.09,31.64,24,858.8166666666666,287.1349730590532,42.020833333333336,3.2537509012732104,26.585416666666664,0.09040869363096618,4.192916666666666,0.09927910444655587,1,0,5,160,6,2024,1,summer,train
2024-06-09 00:00:00+00:00,2161292,"Số 46, phố Lưu Quang Vũ",21.0152,105.7999,22.672916666666666,6.067030273583583,12.64,33.91,24,1149.575,469.58646492789615,45.11708333333333,3.3458065631430354,26.541666666666668,0.07516166151914697,4.314583333333333,0.10826614415880213,0,0,6,161,6,2024,1,summer,train
2024-06-10 00:00:00+00:00,2161292,"Số 46, phố Lưu Quang Vũ",21.0152,105.7999,28.66125,5.103718433439103,19.78,39.81,24,1055.9291666666666,583.2294540477534,41.009166666666665,4.904001841146774,26.555833333333336,0.060066388392284356,4.307916666666666,0.18277996195631935,0,0,0,162,6,2024,0,summer,train
2024-06-11 00:00:00+00:00,2161292,"Số 46, phố Lưu Quang Vũ",21.0152,105.7999,33.43458333333333,21.540381688751506,8.8,72.55,24,996.4625,415.31948290494967,39.65833333333333,1.366616471329887,26.544166666666666,0.06289512780374343,4.1258333333333335,0.15739500756312785,0,0,1,163,6,2024,0,summer,train
2024-06-12 00:00:00+00:00,2161292,"Số 46, phố Lưu Quang Vũ",21.0152,105.7999,27.598333333333333,15.403028405413366,11.14,71.45,24,927.9333333333334,452.1782581034268,39.78,2.036170745381591,26.562916666666666,0.09167424211122009,4.017083333333333,0.08415715974432535,1,0,2,164,6,2024,0,summer,train
2024-06-13 00:00:00+00:00,2161292,"Số 46, phố Lưu Quang Vũ",21.0152,105.7999,16.955416666666668,6.989060382929302,7.21,30.93,24,948.1083333333332,632.8303158218548,41.59791666666667,3.131272805754551,26.552083333333332,0.07779455478131614,4.041666666666667,0.12747264554530438,0,0,3,165,6,2024,0,summer,train
2024-06-14 00:00:00+00:00,2161292,"Số 46, phố Lưu Quang Vũ",21.0152,105.7999,33.66916666666666,18.728651827490477,12.17,67.71,24,979.2375000000001,442.2896245797199,41.11875,2.182691422951511,26.584999999999997,0.0792354773416885,4.135,0.08841601271459774,0,0,4,166,6,2024,0,summer,train
2024-06-15 00:00:00+00:00,2161292,"Số 46, phố Lưu Quang Vũ",21.0152,105.7999,87.30666666666667,31.626724756771445,48.63,156.12,24,1145.0458333333333,516.109651291077,39.509166666666665,2.6013707367741583,26.560833333333335,0.08865745838639999,4.162826747720365,0.07081336109029958,0,0,5,167,6,2024,1,summer,train
2024-06-16 00:00:00+00:00,2161292,"Số 46, phố Lưu Quang Vũ",21.0152,105.7999,25.851249999999997,9.611204201121321,13.29,52.3,24,647.6999999999999,170.45826978803476,39.97958333333333,2.35929701977861,26.590416666666666,0.08206461752348139,4.248686101132909,0.09690316972801437,0,0,6,168,6,2024,1,summer,train
2024-06-17 00:00:00+00:00,2161292,"Số 46, phố Lưu Quang Vũ",21.0152,105.7999,25.269583333333333,8.521443784163965,14.41,45.13,24,873.3958333333334,347.56146466634436,41.4775,2.917335368478214,26.568749999999998,0.08378608891487993,4.334545454545455,0.12299297836572916,1,0,0,169,6,2024,0,summer,train
2024-06-18 00:00:00+00:00,2161292,"Số 46, phố Lưu Quang Vũ",21.0152,105.7999,34.99166666666667,12.744497761324526,14.69,59.34,24,1097.9875,515.7918195757901,42.130833333333335,3.4621480096292396,26.57166666666667,0.07710335619304724,4.265,0.18509691938337972,0,0,1,170,6,2024,0,summer,train
2024-06-19 00:00:00+00:00,2161292,"Số 46, phố Lưu Quang Vũ",21.0152,105.7999,22.64125,7.54744720015519,9.85,36.18,24,761.0791666666668,318.3148031350844,40.875416666666666,2.371116007956677,26.589583333333334,0.07061710389359585,4.120833333333334,0.12941059249255968,0,0,2,171,6,2024,0,summer,train
2024-06-20 00:00:00+00:00,2161292,"Số 46, phố Lưu Quang Vũ",21.0152,105.7999,29.39708333333333,5.488971931274456,20.02,41.26,24,913.1333333333333,398.19543668543133,39.88708333333333,2.140868330875331,26.558333333333334,0.06728696925768053,4.223333333333334,0.17778019322030553,0,0,3,172,6,2024,0,summer,train
2024-06-21 00:00:00+00:00,2161292,"Số 46, phố Lưu Quang Vũ",21.0152,105.7999,26.795833333333334,7.826195653431947,16.0,42.41,24,889.7624999999999,605.1741580537681,41.163333333333334,2.121856583824373,26.58791666666667,0.08622413495811701,4.112916666666667,0.12266884252953607,0,0,4,173,6,2024,0,summer,train
2024-06-22 00:00:00+00:00,2161292,"Số 46, phố Lưu Quang Vũ",21.0152,105.7999,19.869583333333335,5.3451436546089,10.14,32.98,24,591.4416666666667,138.65132657972964,40.329166666666666,1.694274031186696,26.56041666666667,0.07195887513118153,4.18875,0.1294238906781155,0,0,5,174,6,2024,1,summer,train
2024-06-23 00:00:00+00:00,2161292,"Số 46, phố Lưu Quang Vũ",21.0152,105.7999,24.188333333333333,8.458232247557595,13.35,45.66,24,649.0333333333333,360.2193216779812,40.6925,2.608356554047676,26.568749999999998,0.09228088030337173,3.967916666666667,0.22494403490775167,0,0,6,175,6,2024,1,summer,train
2024-06-24 00:00:00+00:00,2161292,"Số 46, phố Lưu Quang Vũ",21.0152,105.7999,15.233333333333334,3.463823806477292,10.08,22.27,24,673.1625,319.473863410098,43.79791666666667,3.6610772697885405,26.557916666666667,0.05853123778890596,3.9670833333333335,0.2825424810947699,0,0,0,176,6,2024,0,summer,train
2024-06-25 00:00:00+00:00,2161292,"Số 46, phố Lưu Quang Vũ",21.0152,105.7999,20.570833333333333,4.692140437375886,12.22,29.83,24,1002.5375,429.2291967180441,48.14083333333334,3.7569332042836847,26.572916666666668,0.06470529624628063,4.4679166666666665,0.39438426600887927,0,0,1,177,6,2024,0,summer,train
2024-06-26 00:00:00+00:00,2161292,"Số 46, phố Lưu Quang Vũ",21.0152,105.7999,15.674583333333333,4.867774225022879,9.45,27.01,24,666.8416666666667,369.94595482685526,45.70875,4.095928320216046,26.5425,0.08284348784461586,3.9441666666666664,0.14497126151988426,2,0,2,178,6,2024,0,summer,train
2024-06-27 00:00:00+00:00,2161292,"Số 46, phố Lưu Quang Vũ",21.0152,105.7999,14.0225,4.364839007938024,8.82,26.55,24,603.4666666666666,346.7267746106205,42.02,1.6258776893941214,26.571250000000003,0.08039643621779301,4.1475,0.0891627725006349,0,0,3,179,6,2024,0,summer,train
2024-06-28 00:00:00+00:00,2161292,"Số 46, phố Lưu Quang Vũ",21.0152,105.7999,17.46291666666667,3.7280248636587663,9.36,25.52,24,655.7,281.1005080966128,43.2725,2.6019695717232945,26.577083333333334,0.07404341656239019,4.14,0.11511808681976722,0,0,4,180,6,2024,0,summer,train
2024-06-29 00:00:00+00:00,2161292,"Số 46, phố Lưu Quang Vũ",21.0152,105.7999,19.617916666666666,4.866046497362386,12.09,31.66,24,518.4333333333333,179.88195324003257,42.120416666666664,3.140623697634743,26.597083333333334,0.07104677985339138,4.0737499999999995,0.1302109492490852,0,0,5,181,6,2024,1,summer,train
2024-06-30 00:00:00+00:00,2161292,"Số 46, phố Lưu Quang Vũ",21.0152,105.7999,17.874583333333334,4.6899466754794314,9.53,27.31,24,418.94166666666666,181.64601963510063,42.22416666666667,2.8300405845402516,26.578333333333333,0.08207455076976099,4.279166666666667,0.06908826532629886,0,0,6,182,6,2024,1,summer,train
2024-07-01 00:00:00+00:00,2161292,"Số 46, phố Lưu Quang Vũ",21.0152,105.7999,19.315416666666668,6.981461152140044,9.59,30.27,24,566.9458333333333,340.7679676964533,42.120416666666664,2.153485504673895,26.590833333333332,0.07045915663434399,4.358333333333333,0.07888718784312923,0,0,0,183,7,2024,0,summer,train
2024-07-02 00:00:00+00:00,2161292,"Số 46, phố Lưu Quang Vũ",21.0152,105.7999,30.194166666666664,4.8486572920997295,21.78,38.31,24,906.9958333333334,293.1905397358171,44.5825,3.488566729487478,26.565416666666668,0.07198907928451274,4.5562499999999995,0.10222789970580848,0,0,1,184,7,2024,0,summer,train
2024-07-03 00:00:00+00:00,2161292,"Số 46, phố Lưu Quang Vũ",21.0152,105.7999,26.4325,9.643405158110813,10.03,46.19,24,1363.1208333333334,923.9220049799832,43.26916666666667,3.4493098448526034,26.532083333333333,0.07517973632318262,4.6987499999999995,0.2480587675812186,0,0,2,185,7,2024,0,summer,train
2024-07-04 00:00:00+00:00,2161292,"Số 46, phố Lưu Quang Vũ",21.0152,105.7999,15.891666666666666,3.524724678321842,9.55,22.37,24,562.8083333333333,275.73183241293907,41.427083333333336,1.9704170363406435,26.58125,0.09469918047485261,4.31,0.08807111750812809,0,0,3,186,7,2024,0,summer,train
2024-07-05 00:00:00+00:00,2161292,"Số 46, phố Lưu Quang Vũ",21.0152,105.7999,14.324166666666665,4.727634684506083,7.44,25.03,24,566.6125000000001,181.94260039077307,41.19166666666667,2.1450239010863914,26.5725,0.08862475853894901,4.270416666666667,0.08083688173893992,0,0,4,187,7,2024,0,summer,train
2024-07-06 00:00:00+00:00,2161292,"Số 46, phố Lưu Quang Vũ",21.0152,105.7999,18.300833333333333,3.4303110730618895,13.77,26.23,24,541.2833333333333,149.14233839339278,41.04541666666667,1.7448457740907422,26.574166666666667,0.1018915308451645,4.26375,0.10684456406184226,0,0,5,188,7,2024,1,summer,train
2024-07-07 00:00:00+00:00,2161292,"Số 46, phố Lưu Quang Vũ",21.0152,105.7999,17.21291666666667,3.1755334768065095,11.68,25.36,24,536.0500000000001,159.98304257965427,41.608333333333334,2.3660068482143273,26.58875,0.07403362925636947,4.125416666666667,0.08469788594798534,0,0,6,189,7,2024,1,summer,train
2024-07-08 00:00:00+00:00,2161292,"Số 46, phố Lưu Quang Vũ",21.0152,105.7999,25.83791666666667,11.501306534161834,13.52,60.02,24,597.6770833333334,263.31266337022834,41.13,1.7595852058420933,26.563333333333333,0.08780743093574883,4.4783333333333335,0.48383132765788167,0,0,0,190,7,2024,0,summer,train
2024-07-09 00:00:00+00:00,2161292,"Số 46, phố Lưu Quang Vũ",21.0152,105.7999,28.565,4.852652345121036,17.82,35.59,24,903.2208333333333,388.65704786025594,40.40541666666667,1.2632049617391183,26.58,0.07027894730844023,3.859583333333333,0.3469679745485437,0,0,1,191,7,2024,0,summer,train
2024-07-10 00:00:00+00:00,2161292,"Số 46, phố Lưu Quang Vũ",21.0152,105.7999,34.35916666666667,7.627238326730956,17.4,46.08,24,1050.675,471.75885627962606,40.08291666666667,0.8667654974306662,26.564999999999998,0.056798652770305526,3.622916666666667,0.1872333853235318,0,0,2,192,7,2024,0,summer,train
2024-07-11 00:00:00+00:00,2161292,"Số 46, phố Lưu Quang Vũ",21.0152,105.7999,25.74,4.866270780006782,17.7,36.06,24,937.3874999999999,427.02302993846376,39.58166666666667,1.4808918190435614,26.57375,0.08407101035796258,3.9058333333333337,0.08977830989463009,0,0,3,193,7,2024,0,summer,train
2024-07-12 00:00:00+00:00,2161292,"Số 46, phố Lưu Quang Vũ",21.0152,105.7999,21.071666666666665,5.502261722053125,12.07,30.67,24,793.2416666666667,291.37012904800184,38.700833333333335,0.8327999742443859,26.555000000000003,0.08602325267042599,3.9995833333333333,0.17028056558072863,0,0,4,194,7,2024,0,summer,train
2024-07-13 00:00:00+00:00,2161292,"Số 46, phố Lưu Quang Vũ",21.0152,105.7999,17.937916666666666,3.9550638747842233,10.08,25.59,24,620.3666666666667,165.77860476280247,37.92875,1.024798230406103,26.565416666666668,0.07210976938376379,4.24875,0.1389185717073761,0,0,5,195,7,2024,1,summer,train
2024-07-14 00:00:00+00:00,2161292,"Số 46, phố Lưu Quang Vũ",21.0152,105.7999,18.42833333333333,3.687745472055611,12.61,27.13,24,753.25,198.3892440983459,38.265,1.2466302404970526,26.584999999999997,0.07342550202638068,4.139583333333333,0.052789917241068345,0,0,6,196,7,2024,1,summer,train
2024-07-15 00:00:00+00:00,2161292,"Số 46, phố Lưu Quang Vũ",21.0152,105.7999,29.108333333333334,5.352778771788548,21.08,39.08,24,900.1458333333334,443.84468393813734,38.07208333333333,1.1676992583585106,26.56041666666667,0.06457076782857017,4.1066666666666665,0.23760886139723997,0,0,0,197,7,2024,0,summer,train
2024-07-16 00:00:00+00:00,2161292,"Số 46, phố Lưu Quang Vũ",21.0152,105.7999,26.764166666666668,4.5991406727274855,20.15,35.08,24,868.9625,309.57977943812244,37.75666666666667,1.7017552745599924,26.547083333333333,0.08029722864169245,3.8312500000000003,0.08719356278593246,0,0,1,198,7,2024,0,summer,train
2024-07-17 00:00:00+00:00,2161292,"Số 46, phố Lưu Quang Vũ",21.0152,105.7999,23.462083333333336,7.163308671500093,11.44,38.6,24,770.5583333333334,352.193111451123,37.25541666666667,1.3860296099687568,26.554583333333337,0.10392217684681053,4.019583333333333,0.1622793931750899,0,0,2,199,7,2024,0,summer,train
2024-07-18 00:00:00+00:00,2161292,"Số 46, phố Lưu Quang Vũ",21.0152,105.7999,16.868750000000002,6.54056659724855,7.08,33.54,24,855.5791666666668,370.27997747787344,37.509166666666665,1.6093096458518734,26.53708333333333,0.10634149939112925,4.204583333333333,0.38007984477711704,0,0,3,200,7,2024,0,summer,train
2024-07-19 00:00:00+00:00,2161292,"Số 46, phố Lưu Quang Vũ",21.0152,105.7999,30.004166666666666,11.49602990702392,17.25,62.1,24,1012.7333333333332,342.6603968016029,37.58625,1.5619603415886234,26.572083333333335,0.08043248136151782,3.8345833333333332,0.22088712771097765,0,0,4,201,7,2024,0,summer,train
2024-07-20 00:00:00+00:00,2161292,"Số 46, phố Lưu Quang Vũ",21.0152,105.7999,28.34875,15.18381613042679,16.44,70.91,24,996.2416666666667,407.76760955941205,38.025,1.6943512289240736,26.54958333333333,0.08755019264332943,4.104166666666667,0.12638507983855146,0,0,5,202,7,2024,1,summer,train
2024-07-21 00:00:00+00:00,2161292,"Số 46, phố Lưu Quang Vũ",21.0152,105.7999,31.776666666666667,11.292996162172399,17.41,66.55,24,601.2166666666667,222.55036687703182,37.369166666666665,1.6755632840452725,26.587500000000002,0.09246621004453479,4.0325,0.22492994078350154,0,0,6,203,7,2024,1,summer,train
2024-07-22 00:00:00+00:00,2161292,"Số 46, phố Lưu Quang Vũ",21.0152,105.7999,35.98,7.979612609099787,21.78,55.01,24,952.8083333333334,500.5149590924955,37.53041666666667,1.576268237950322,26.55458333333333,0.06399586716728516,4.3,0.30799491808342744,0,0,0,204,7,2024,0,summer,train
2024-07-23 00:00:00+00:00,2161292,"Số 46, phố Lưu Quang Vũ",21.0152,105.7999,15.200833333333334,7.009338439704479,6.2,31.03,24,534.3333333333334,367.14030331583126,36.57791666666667,1.6057667250763152,26.586250000000003,0.07688571417030725,3.8404166666666666,0.16614501697814066,0,0,1,205,7,2024,0,summer,train
2024-07-24 00:00:00+00:00,2161292,"Số 46, phố Lưu Quang Vũ",21.0152,105.7999,16.457916666666666,7.673363289110367,5.46,29.16,24,695.1958333333333,325.67536046908225,36.71666666666667,0.7500241542004211,26.562083333333334,0.08677703396169058,4.163333333333333,0.07539269176130049,1,0,2,206,7,2024,0,summer,train
2024-07-25 00:00:00+00:00,2161292,"Số 46, phố Lưu Quang Vũ",21.0152,105.7999,28.02145833333333,10.155681583870726,9.26,45.84,24,1274.6583333333333,990.3909350732985,38.01083333333333,1.362069769861666,26.580416666666665,0.07726178911966082,4.377083333333333,0.2086077902306803,1,0,3,207,7,2024,0,summer,train
2024-07-26 00:00:00+00:00,2161292,"Số 46, phố Lưu Quang Vũ",21.0152,105.7999,26.659166666666668,8.656525518819372,13.9,40.96,24,788.8583333333332,502.8778768826195,37.80625,0.9383881300446502,26.628333333333334,0.07334650738056671,4.230416666666667,0.1429648532869609,0,0,4,208,7,2024,0,summer,train
2024-07-27 00:00:00+00:00,2161292,"Số 46, phố Lưu Quang Vũ",21.0152,105.7999,29.634583333333335,12.55647866006149,9.0,62.51,24,591.375,402.788337176261,37.13458333333333,1.3053567866984488,26.580833333333334,0.07586696976582942,4.1025,0.2293137209342162,0,0,5,209,7,2024,1,summer,train
2024-07-28 00:00:00+00:00,2161292,"Số 46, phố Lưu Quang Vũ",21.0152,105.7999,28.895833333333332,14.898654131415233,8.09,49.84,24,529.4708333333333,214.4170103553125,37.05125,0.9759379546386902,26.56458333333333,0.05516608651562386,3.82,0.05919753226348989,3,0,6,210,7,2024,1,summer,train
2024-07-29 00:00:00+00:00,2161292,"Số 46, phố Lưu Quang Vũ",21.0152,105.7999,22.639166666666668,6.124329185389571,13.43,37.79,24,755.3000000000001,417.0973027963619,37.446666666666665,0.9246793412086001,26.579583333333332,0.08415715974432524,4.149583333333333,0.15510106569495302,0,0,0,211,7,2024,0,summer,train
2024-07-30 00:00:00+00:00,2161292,"Số 46, phố Lưu Quang Vũ",21.0152,105.7999,17.885416666666668,5.042358815825805,9.4,28.7,24,655.4250000000001,351.9081689131784,37.78125,1.4593515906790169,26.549583333333334,0.0831697670125849,4.349166666666666,0.12377808567251994,0,0,1,212,7,2024,0,summer,train
2024-07-31 00:00:00+00:00,2161292,"Số 46, phố Lưu Quang Vũ",21.0152,105.7999,13.531666666666666,3.181177887767861,8.67,19.74,24,675.8291666666667,405.69490837023847,37.30708333333333,1.4171204090066554,26.55125,0.0765172614796677,4.15625,0.13249487274739258,0,0,2,213,7,2024,0,summer,train
2024-08-01 00:00:00+00:00,2161292,"Số 46, phố Lưu Quang Vũ",21.0152,105.7999,18.469583333333333,8.044483650934032,6.44,33.11,24,723.1541666666667,371.0382108286525,38.13,1.7509376370092833,26.56041666666667,0.07256056940159808,4.115833333333334,0.074244992023568,0,0,3,214,8,2024,0,summer,train
2024-08-02 00:00:00+00:00,2161292,"Số 46, phố Lưu Quang Vũ",21.0152,105.7999,16.11583333333333,5.205827768340322,6.6,26.33,24,631.7458333333333,342.7693748421964,37.827083333333334,1.904681827056386,26.5775,0.06588857524507595,4.230833333333334,0.19728409589410342,0,0,4,215,8,2024,0,summer,train
2024-08-03 00:00:00+00:00,2161292,"Số 46, phố Lưu Quang Vũ",21.0152,105.7999,19.122083333333332,7.005631262353022,10.66,33.31,24,629.3458333333334,263.5255865461507,37.15541666666667,1.623463766595756,26.562083333333334,0.09555236063639896,3.9341666666666666,0.05396590442658869,0,0,5,216,8,2024,1,summer,train
2024-08-04 00:00:00+00:00,2161292,"Số 46, phố Lưu Quang Vũ",21.0152,105.7999,18.688333333333333,5.789642676266005,9.1,28.59,24,464.8875,105.30167145335143,36.71625,1.556031218251713,26.584999999999997,0.10467340511863778,4.042916666666667,0.05120115204772744,0,0,6,217,8,2024,1,summer,train
2024-08-05 00:00:00+00:00,2161292,"Số 46, phố Lưu Quang Vũ",21.0152,105.7999,27.308333333333334,5.709316312276207,17.84,40.46,24,753.1041666666666,350.99207408265016,37.10958333333333,1.3476177988896025,26.59125,0.05788387926064462,4.184166666666667,0.12193785540065141,0,0,0,218,8,2024,0,summer,train
2024-08-06 00:00:00+00:00,2161292,"Số 46, phố Lưu Quang Vũ",21.0152,105.7999,30.68875,4.940016117294603,18.21,40.92,24,805.9375,290.44874996924267,37.5,1.2642199863603807,26.55458333333333,0.06971863743502953,4.25,0.12108207780351865,0,0,1,219,8,2024,0,summer,train
2024-08-07 00:00:00+00:00,2161292,"Số 46, phố Lưu Quang Vũ",21.0152,105.7999,29.026666666666667,4.1003983546317375,22.18,37.18,24,905.7041666666668,502.36385694483715,37.57208333333333,1.0290264675966745,26.548333333333332,0.06818559497664342,4.315416666666667,0.12621510853772044,0,0,2,220,8,2024,0,summer,train
2024-08-08 00:00:00+00:00,2161292,"Số 46, phố Lưu Quang Vũ",21.0152,105.7999,29.017916666666668,5.4538338961382635,20.05,36.32,24,814.85,242.80464145696115,37.43,0.9211051962771125,26.577916666666667,0.08219696210755144,4.277083333333334,0.32898366771496157,0,0,3,221,8,2024,0,summer,train
2024-08-09 00:00:00+00:00,2161292,"Số 46, phố Lưu Quang Vũ",21.0152,105.7999,22.629583333333333,8.880055071884978,6.51,35.02,24,807.3833333333333,301.87613881922795,37.35125,0.6862647004840277,26.56375,0.09068878939394345,3.830833333333333,0.16688753481120872,0,0,4,222,8,2024,0,summer,train
2024-08-10 00:00:00+00:00,2161292,"Số 46, phố Lưu Quang Vũ",21.0152,105.7999,25.61583333333333,10.869563286473259,8.68,46.12,24,796.0916666666667,382.0103787762233,37.13333333333333,0.9563002378581412,26.542916666666667,0.09584766748502006,4.187916666666667,0.08992649977797888,2,0,5,223,8,2024,1,summer,train
2024-08-11 00:00:00+00:00,2161292,"Số 46, phố Lưu Quang Vũ",21.0152,105.7999,17.33625,6.1571943162309,5.42,27.58,24,627.6958333333333,213.86764594459828,36.836666666666666,1.076926652327239,26.544166666666666,0.0649358657959296,4.199166666666667,0.10421201911265457,0,0,6,224,8,2024,1,summer,train
2024-08-12 00:00:00+00:00,2161292,"Số 46, phố Lưu Quang Vũ",21.0152,105.7999,33.712999999999994,6.536169385450023,21.84,45.43,18,1238.8464814814815,377.589546564184,37.526148148148145,1.2666647700937521,34.17637037037037,26.654591588767204,4.543444444444444,0.06980242893314884,12,0,0,225,8,2024,0,summer,train
2024-08-13 00:00:00+00:00,2161292,"Số 46, phố Lưu Quang Vũ",21.0152,105.7999,27.243687499999997,4.96957028748233,18.33,36.49,0,1154.8169907407407,433.34520221581244,37.39432407407408,1.3897482759428827,30.342247685185185,13.371387318512395,4.259534722222222,0.07693170934826718,24,1,1,226,8,2024,0,summer,train
2024-08-14 00:00:00+00:00,2161292,"Số 46, phố Lưu Quang Vũ",21.0152,105.7999,20.774375,3.4029711895146377,14.82,27.55,16,1070.7875,489.1008578674409,37.2625,1.5128317817920132,26.508125,0.08818304825758679,3.975625,0.08406098976338552,8,0,2,227,8,2024,0,summer,train
2024-08-15 00:00:00+00:00,2161292,"Số 46, phố Lưu Quang Vũ",21.0152,105.7999,34.47416666666667,8.40577954208561,21.7,56.21,24,983.9541666666668,435.6990624563728,37.2875,1.6569045261256492,3.934583333333333,9.086283103673175,4.080416666666667,0.24199315776648958,0,0,3,228,8,2024,0,summer,train
2024-08-16 00:00:00+00:00,2161292,"Số 46, phố Lưu Quang Vũ",21.0152,105.7999,46.67666666666667,7.111932817863023,35.61,60.56,24,1179.2291666666667,412.3924992772601,37.1875,1.6427978520221829,0.11,0.0659545297913646,4.281666666666667,0.19241410656653274,0,0,4,229,8,2024,0,summer,train
2024-08-17 00:00:00+00:00,2161292,"Số 46, phố Lưu Quang Vũ",21.0152,105.7999,62.8675,9.884251527600332,43.59,77.36,24,1187.2166666666667,479.68775502282796,37.54291666666666,1.7117153338268514,0.13979166666666668,0.0827597105238433,4.192083333333334,0.12693644992215897,0,0,5,230,8,2024,1,summer,train
2024-08-18 00:00:00+00:00,2161292,"Số 46, phố Lưu Quang Vũ",21.0152,105.7999,66.50530303030303,12.971789332980306,47.25,86.53,24,1344.7367424242425,511.2188739529565,37.847500000000004,1.8667653959397965,0.08884963768115943,0.05017215694306617,4.311704545454545,0.2299145371535658,4,0,6,231,8,2024,1,summer,train
2024-08-19 00:00:00+00:00,2161292,"Số 46, phố Lưu Quang Vũ",21.0152,105.7999,49.056805555555556,4.156099126153049,43.1375,54.718636363636364,9,1530.4569444444446,177.29604965045192,40.87902777777778,0.45196374186247656,0.961286231884058,0.7586430441382384,4.295,0.15357314460478305,23,0,0,232,8,2024,0,summer,train
2024-08-20 00:00:00+00:00,2161292,"Số 46, phố Lưu Quang Vũ",21.0152,105.7999,19.46,1.6417876435966592,17.18,21.740000000000002,7,749.1374999999999,4.1314721952350535,38.85375,0.011701337372126584,8.422946859903384,0.9896933952148731,3.949348093480935,0.0004694263455178918,23,0,1,233,8,2024,0,summer,train
2024-08-21 00:00:00+00:00,2161292,"Số 46, phố Lưu Quang Vũ",21.0152,105.7999,32.8075,1.8812150082878307,30.195,35.42,7,716.175,52.65601817456386,38.445,0.21242427844781311,15.884607487922707,1.2207437462915078,3.943837565737862,0.0006673114302385667,23,0,2,234,8,2024,0,summer,train
2024-08-22 00:00:00+00:00,2161292,"Số 46, phố Lưu Quang Vũ",21.0152,105.7999,15.28375,0.5499628564898903,14.52,16.0475,7,228.13750000000002,17.164961822033053,36.64125000000001,0.18812150082878093,23.34626811594203,1.4517940973681425,3.9383270379947897,0.0008651965149592417,23,0,3,235,8,2024,0,summer,train
2024-08-23 00:00:00+00:00,2161292,"Số 46, phố Lưu Quang Vũ",21.0152,105.7999,20.53625,0.06750771560841522,20.4425,20.63,7,407.4875,8.992027719040856,38.433749999999996,0.026102983368581703,30.807928743961355,1.6828444484447773,3.9328165102517167,0.0010630815996799166,23,0,4,236,8,2024,0,summer,train
2024-08-24 00:00:00+00:00,2161292,"Số 46, phố Lưu Quang Vũ",21.0152,105.7999,20.443749999999998,0.4059463965252716,19.88,21.0075,7,497.26249999999993,1.7011944333320268,38.09625,0.06030689261017833,38.26958937198068,1.9138947995214122,3.9273059825086443,0.0012609666844005916,23,0,5,237,8,2024,1,summer,train
2024-08-25 00:00:00+00:00,2161292,"Số 46, phố Lưu Quang Vũ",21.0152,105.7999,23.195,0.8604983482885995,22.0,24.39,7,581.1,48.461538778094244,37.481249999999996,0.020702366119912028,45.73125,2.144945150598047,3.9217954547655713,0.0014588517691212668,23,0,6,238,8,2024,1,summer,train
2024-08-26 00:00:00+00:00,2161292,"Số 46, phố Lưu Quang Vũ",21.0152,105.7999,20.365714285714287,3.9861698740207068,14.83,25.90142857142857,7,1025.8285714285714,18.9895989353349,37.51142857142857,0.1666476179590531,41.08285714285715,11.667390635133644,3.916284927022499,0.0016567368538419416,23,0,0,239,8,2024,0,summer,train
2024-08-27 00:00:00+00:00,2161292,"Số 46, phố Lưu Quang Vũ",21.0152,105.7999,38.9135,6.452836654918652,33.79,53.58,10,794.2925,32.3903881514063,36.922375,0.8729462460735774,100.365875,19.04299594542693,3.910774399279426,0.0018546219385626166,22,0,1,240,8,2024,0,summer,train
2024-08-28 00:00:00+00:00,2161292,"Số 46, phố Lưu Quang Vũ",21.0152,105.7999,47.339285714285715,0.16510458445943896,47.11,47.56857142857143,7,790.45,14.581666571417685,36.98357142857143,0.3502686044139539,30.245714285714286,4.403817607918101,,,23,0,2,241,8,2024,0,summer,train
2024-08-29 00:00:00+00:00,2161292,"Số 46, phố Lưu Quang Vũ",21.0152,105.7999,53.55529411764706,15.710620601519018,19.87,79.71,17,644.4176470588236,441.9642745030131,36.85941176470588,1.5011794732557349,18.680500000000002,17.93709184247636,,,13,0,3,242,8,2024,0,summer,train
2024-08-30 00:00:00+00:00,2161292,"Số 46, phố Lưu Quang Vũ",21.0152,105.7999,17.293333333333333,5.366666576649563,7.96,30.73,24,801.25,400.12746882005973,38.0,1.6237985525090337,24.180208333333336,15.681513727341413,,,0,0,4,243,8,2024,0,summer,train
2024-08-31 00:00:00+00:00,2161292,"Số 46, phố Lưu Quang Vũ",21.0152,105.7999,35.34609090909091,7.44206865083665,21.7,44.87,20,799.3622727272727,195.4332812319022,37.36145454545455,1.4808887876263175,48.34927272727273,32.49462626648207,,,10,0,5,244,8,2024,1,summer,train
2024-09-01 00:00:00+00:00,2161292,"Số 46, phố Lưu Quang Vũ",21.0152,105.7999,37.10517171717172,7.35887841504421,24.513333333333332,46.14666666666667,0,764.9415151515152,238.6654588460405,37.45430303030303,1.5772309424870188,42.00173737373737,25.543636639277597,,,24,1,6,245,9,2024,1,autumn,train
2024-09-02 00:00:00+00:00,2161292,"Số 46, phố Lưu Quang Vũ",21.0152,105.7999,38.864252525252525,7.27568817925177,27.326666666666668,47.42333333333333,0,730.5207575757576,281.89763646017883,37.54715151515152,1.67357309734772,35.65420202020202,18.592647012073122,,,24,1,0,246,9,2024,0,autumn,train
2024-09-03 00:00:00+00:00,2161292,"Số 46, phố Lưu Quang Vũ",21.0152,105.7999,40.623333333333335,7.19249794345933,30.14,48.7,6,696.1,325.12981407431715,37.64,1.7699152522084214,29.30666666666667,11.641657384868646,,,18,0,1,247,9,2024,0,autumn,train
2024-09-04 00:00:00+00:00,2161292,"Số 46, phố Lưu Quang Vũ",21.0152,105.7999,39.64208333333333,18.01293037482813,18.46,87.33,24,1004.8458333333333,476.1893147269738,37.52583333333333,1.1566928744472753,31.402083333333334,24.564302579798273,,,0,0,2,248,9,2024,0,autumn,train
2024-09-05 00:00:00+00:00,2161292,"Số 46, phố Lưu Quang Vũ",21.0152,105.7999,38.61,13.440472623677564,21.44,67.65,24,896.4541666666668,377.5812287835693,37.35791666666667,0.9267520618040044,27.92895833333333,21.984021260360127,,,0,0,3,249,9,2024,0,autumn,train
2024-09-06 00:00:00+00:00,2161292,"Số 46, phố Lưu Quang Vũ",21.0152,105.7999,32.26745341614907,6.007149825468193,26.32,47.14,14,890.573602484472,228.02394873486176,36.85304347826087,0.6778950480369662,49.06440411700975,48.253719003622656,,,16,0,4,250,9,2024,0,autumn,train
2024-09-07 00:00:00+00:00,2161292,"Số 46, phố Lưu Quang Vũ",21.0152,105.7999,28.25280227743271,5.396037278734919,21.490000000000002,40.763333333333335,0,868.1424016563146,369.85803442754263,37.000528985507245,0.9169678849768128,48.25828695519949,42.67846712714821,,,24,1,5,251,9,2024,1,autumn,train
2024-09-08 00:00:00+00:00,2161292,"Số 46, phố Lưu Quang Vũ",21.0152,105.7999,24.238151138716354,4.784924732001646,16.66,34.38666666666667,0,845.7112008281573,511.69212012022354,37.148014492753624,1.1560407219166595,47.45216979338922,37.10321525067377,,,24,1,6,252,9,2024,1,autumn,train
2024-09-09 00:00:00+00:00,2161292,"Số 46, phố Lưu Quang Vũ",21.0152,105.7999,20.2235,4.173812185268372,11.83,28.01,20,823.28,653.5262058129043,37.2955,1.3951135588565062,46.646052631578954,31.52796337419932,,,4,0,0,253,9,2024,0,autumn,train
2024-09-10 00:00:00+00:00,2161292,"Số 46, phố Lưu Quang Vũ",21.0152,105.7999,18.205000000000002,3.9671444116150725,9.47,25.7,24,1030.9416666666666,595.4526023678682,37.731249999999996,1.0008140708182645,38.08979166666666,27.2501929138786,,,0,0,1,254,9,2024,0,autumn,train
2024-09-11 00:00:00+00:00,2161292,"Số 46, phố Lưu Quang Vũ",21.0152,105.7999,13.366666666666667,3.287534647417577,8.71,21.64,24,848.7375000000001,358.7966443695782,38.17416666666667,1.003055838172905,39.52381944444445,16.581591917373057,,,0,0,2,255,9,2024,0,autumn,train
2024-09-12 00:00:00+00:00,2161292,"Số 46, phố Lưu Quang Vũ",21.0152,105.7999,25.204583333333332,4.71367665892852,17.88,35.58,24,904.3249999999999,579.5025612352899,37.516666666666666,1.190066372524868,21.510555555555555,15.117930478757584,,,0,0,3,256,9,2024,0,autumn,train
2024-09-13 00:00:00+00:00,2161292,"Số 46, phố Lưu Quang Vũ",21.0152,105.7999,34.740833333333335,8.989624413814479,21.52,65.17,24,1124.2958333333333,820.3629888410038,37.39416666666667,1.4295420874217537,42.585,28.938669518107787,,,0,0,4,257,9,2024,0,autumn,train
2024-09-14 00:00:00+00:00,2161292,"Số 46, phố Lưu Quang Vũ",21.0152,105.7999,53.69375,21.33799913453034,26.06,85.59,24,832.6041666666666,378.08103051337815,37.308749999999996,1.6426762694112784,37.693333333333335,33.22114223449781,,,0,0,5,258,9,2024,1,autumn,train
2024-09-15 00:00:00+00:00,2161292,"Số 46, phố Lưu Quang Vũ",21.0152,105.7999,73.54041666666667,17.22454378247775,29.27,106.21,24,844.4499999999999,354.87113889043064,37.318333333333335,1.324250950428259,29.784166666666668,32.00923647496367,,,0,0,6,259,9,2024,1,autumn,train
2024-09-16 00:00:00+00:00,2161292,"Số 46, phố Lưu Quang Vũ",21.0152,105.7999,26.661666666666665,6.78947693872284,15.64,39.38,24,1359.1166666666666,1399.2555939146532,38.220416666666665,2.395289724087433,17.169477124183008,8.537246696338201,,,1,0,0,260,9,2024,0,autumn,train
2024-09-17 00:00:00+00:00,2161292,"Số 46, phố Lưu Quang Vũ",21.0152,105.7999,29.145416666666666,6.54605555255235,18.35,41.46,24,751.0166666666665,290.3753203470754,37.20375,1.376175584411537,63.99249999999999,54.564947283728074,,,0,0,1,261,9,2024,0,autumn,train
2024-09-18 00:00:00+00:00,2161292,"Số 46, phố Lưu Quang Vũ",21.0152,105.7999,31.03125,6.697371523671579,18.91,45.61,24,1060.2666666666667,589.0511180790212,37.84458333333333,1.832195117686804,27.871458333333333,25.705625956905866,,,0,0,2,262,9,2024,0,autumn,train
2024-09-19 00:00:00+00:00,2161292,"Số 46, phố Lưu Quang Vũ",21.0152,105.7999,48.007083333333334,16.717005265185264,27.06,81.7,24,1239.4916666666666,733.4992747198137,38.367916666666666,1.8843796791948038,33.62833333333334,5.139715970131346,,,0,0,3,263,9,2024,0,autumn,train
2024-09-20 00:00:00+00:00,2161292,"Số 46, phố Lưu Quang Vũ",21.0152,105.7999,34.591249999999995,13.316757443324851,17.22,59.26,24,978.7375000000001,460.0376806991396,37.856249999999996,1.5649414838344873,30.110714285714288,9.02767886298774,,,0,0,4,264,9,2024,0,autumn,train
2024-09-21 00:00:00+00:00,2161292,"Số 46, phố Lưu Quang Vũ",21.0152,105.7999,24.622083333333332,5.485233916907139,16.31,35.1,24,809.2416666666667,197.10698025860643,37.035000000000004,1.3831470103260588,24.229750000000003,13.539878378817068,,,0,0,5,265,9,2024,1,autumn,train
2024-09-22 00:00:00+00:00,2161292,"Số 46, phố Lưu Quang Vũ",21.0152,105.7999,25.266666666666666,8.458706174405608,14.0,41.22,24,1076.9666666666667,488.60803857726165,37.79208333333333,1.2695085634817997,12.466160714285714,7.125698077130871,,,0,0,6,266,9,2024,1,autumn,train
2024-09-23 00:00:00+00:00,2161292,"Số 46, phố Lưu Quang Vũ",21.0152,105.7999,28.90416666666667,5.667361104081685,20.22,40.38,24,1550.3833333333332,464.1598372250163,39.245416666666664,1.3822822311911074,15.636339285714286,7.883990872308583,,,0,0,0,267,9,2024,0,autumn,train
2024-09-24 00:00:00+00:00,2161292,"Số 46, phố Lưu Quang Vũ",21.0152,105.7999,53.38291666666667,15.87168342052756,30.3,75.65,24,1134.9875,455.82759356400067,38.26916666666667,0.9778099604936431,22.591875,13.518644767715303,,,0,0,1,268,9,2024,0,autumn,train
2024-09-25 00:00:00+00:00,2161292,"Số 46, phố Lưu Quang Vũ",21.0152,105.7999,71.26708333333333,11.28866013506153,44.39,84.61,24,1392.3833333333332,537.0625424405929,38.9475,1.2738959414195539,17.875,11.451917618886299,,,0,0,2,269,9,2024,0,autumn,train
2024-09-26 00:00:00+00:00,2161292,"Số 46, phố Lưu Quang Vũ",21.0152,105.7999,64.37,8.110808140725071,49.34,81.04,24,1254.7749999999999,504.58497560737555,38.00875,1.0331812943315055,25.15222222222222,13.240735277635888,,,0,0,3,270,9,2024,0,autumn,train
2024-09-27 00:00:00+00:00,2161292,"Số 46, phố Lưu Quang Vũ",21.0152,105.7999,44.6675,14.462348492310769,24.76,67.15,24,1000.8791666666666,465.3181847138175,37.8325,1.1859256153812467,23.83277777777778,13.24594872224466,,,0,0,4,271,9,2024,0,autumn,train
2024-09-28 00:00:00+00:00,2161292,"Số 46, phố Lưu Quang Vũ",21.0152,105.7999,29.78125,6.973525907814247,16.3,41.6,24,709.4499999999999,229.81456418826787,37.15291666666666,1.0679459323826999,20.963229166666668,9.503136681230876,,,0,0,5,272,9,2024,1,autumn,train
2024-09-29 00:00:00+00:00,2161292,"Số 46, phố Lưu Quang Vũ",21.0152,105.7999,22.709166666666665,6.292362462725655,11.25,34.27,24,742.1,283.14480547869005,37.06875,1.068869018290301,13.27809090909091,5.982217934356907,,,0,0,6,273,9,2024,1,autumn,train
2024-09-30 00:00:00+00:00,2161292,"Số 46, phố Lưu Quang Vũ",21.0152,105.7999,27.824583333333333,10.036069289087353,15.86,51.06,24,1207.575,454.14901236794805,37.92875,1.1767468513550048,9.377708333333333,6.0877171858111385,,,0,0,0,274,9,2024,0,autumn,train
2024-10-01 00:00:00+00:00,2161292,"Số 46, phố Lưu Quang Vũ",21.0152,105.7999,23.565416666666668,15.305571869538987,5.05,48.77,24,1017.2458333333334,603.0144637238354,37.785000000000004,1.1029919783696651,18.503541666666667,11.527486411791331,,,0,0,1,275,10,2024,0,autumn,train
2024-10-02 00:00:00+00:00,2161292,"Số 46, phố Lưu Quang Vũ",21.0152,105.7999,21.62875,9.825575461629407,6.7,38.93,24,879.7166666666667,349.4735850771367,38.55291666666667,1.2661666871743806,20.52375,10.556227155725905,,,0,0,2,276,10,2024,0,autumn,train
2024-10-03 00:00:00+00:00,2161292,"Số 46, phố Lưu Quang Vũ",21.0152,105.7999,43.9275,28.512877220499938,15.48,97.64,24,1262.8708333333334,681.7405986846665,40.35458333333333,2.140983071977164,26.573333333333334,15.038372633010374,,,0,0,3,277,10,2024,0,autumn,train
2024-10-04 00:00:00+00:00,2161292,"Số 46, phố Lưu Quang Vũ",21.0152,105.7999,62.405,19.17735553243437,36.49,113.88,24,1129.175,616.7128055790779,39.887499999999996,1.7230010472125814,29.840520833333333,16.474068456529388,,,0,0,4,278,10,2024,0,autumn,train
2024-10-05 00:00:00+00:00,2161292,"Số 46, phố Lưu Quang Vũ",21.0152,105.7999,77.84791666666666,26.410091282651244,38.96,126.16,24,1348.4541666666667,663.9254901746303,40.92583333333334,1.7698216973977103,19.867604166666666,11.066959165181657,,,0,0,5,279,10,2024,1,autumn,train
2024-10-06 00:00:00+00:00,2161292,"Số 46, phố Lưu Quang Vũ",21.0152,105.7999,85.72708333333333,33.38384619505909,37.33,148.52,24,1297.5249999999999,528.4447848660955,40.254583333333336,1.8038123375992738,22.072708333333335,11.305350040300837,,,0,0,6,280,10,2024,1,autumn,train
2024-10-07 00:00:00+00:00,2161292,"Số 46, phố Lưu Quang Vũ",21.0152,105.7999,72.81458333333333,28.767980385682527,0.0,119.43,24,1411.8625,659.2946302669181,39.80166666666667,1.219193128285249,19.614583333333332,8.931232768377498,,,0,0,0,281,10,2024,0,autumn,train
2024-10-08 00:00:00+00:00,2161292,"Số 46, phố Lưu Quang Vũ",21.0152,105.7999,61.120416666666664,19.74429394273448,39.39,108.22,24,1197.8458333333333,585.8495295604768,39.467083333333335,1.2590005669324489,18.00919642857143,10.315099055804954,,,0,0,1,282,10,2024,0,autumn,train
2024-10-09 00:00:00+00:00,2161292,"Số 46, phố Lưu Quang Vũ",21.0152,105.7999,88.96416666666666,30.208317731130396,44.57,130.26,24,1127.7291666666667,379.4089287289841,39.55166666666667,1.2447617780354487,25.668761904761904,12.585920026988953,,,0,0,2,283,10,2024,0,autumn,train
2024-10-10 00:00:00+00:00,2161292,"Số 46, phố Lưu Quang Vũ",21.0152,105.7999,98.74416666666667,20.94750268744653,64.35,136.41,24,1107.7333333333333,402.7744127129129,39.505833333333335,1.114274638953291,17.677891304347828,9.453976644004126,,,0,0,3,284,10,2024,0,autumn,train
2024-10-11 00:00:00+00:00,2161292,"Số 46, phố Lưu Quang Vũ",21.0152,105.7999,92.05583333333334,17.251371947122674,65.22,130.26,24,1149.4583333333333,398.3822262456068,38.82541666666666,1.22683750090352,21.63048611111111,7.31830696147732,,,0,0,4,285,10,2024,0,autumn,train
2024-10-12 00:00:00+00:00,2161292,"Số 46, phố Lưu Quang Vũ",21.0152,105.7999,74.73083333333334,16.201360629030017,46.65,115.1,24,993.5791666666668,304.49576277364105,38.35333333333333,1.2190611735788883,16.216597222222223,9.51350826709621,,,0,0,5,286,10,2024,1,autumn,train
2024-10-13 00:00:00+00:00,2161292,"Số 46, phố Lưu Quang Vũ",21.0152,105.7999,50.598749999999995,11.041020082244286,36.53,79.71,24,873.875,245.08672333792734,38.23875,0.6592374547453508,38.38885416666667,37.856793536121145,,,0,0,6,287,10,2024,1,autumn,train
2024-10-14 00:00:00+00:00,2161292,"Số 46, phố Lưu Quang Vũ",21.0152,105.7999,39.08,9.061178965852493,24.76,56.91,24,870.8708333333334,322.23876845427446,37.8044375,1.0246577315950174,5.3474826732673275,0.3097409499983541,,,6,0,0,288,10,2024,0,autumn,train
2024-10-15 00:00:00+00:00,2161292,"Số 46, phố Lưu Quang Vũ",21.0152,105.7999,43.07416666666666,16.8754323401407,23.06,82.19,24,1085.1416666666667,485.6640052695823,38.111742559523805,1.05651611473372,8.808190129950496,2.542819294870208,,,0,0,1,289,10,2024,0,autumn,train
2024-10-16 00:00:00+00:00,2161292,"Số 46, phố Lưu Quang Vũ",21.0152,105.7999,43.60541666666666,5.430661725366653,32.02,53.38,24,994.4708333333333,394.0270444030644,38.41904761904762,1.0883744978724226,12.268897586633663,4.7758976397420625,,,0,0,2,290,10,2024,0,autumn,train
2024-10-17 00:00:00+00:00,2161292,"Số 46, phố Lưu Quang Vũ",21.0152,105.7999,52.71333333333334,11.730260261268782,35.38,78.12,24,883.8583333333332,369.66935039733613,38.610416666666666,1.7316101558618977,15.729605043316832,7.008975984613917,,,0,0,3,291,10,2024,0,autumn,train
2024-10-18 00:00:00+00:00,2161292,"Số 46, phố Lưu Quang Vũ",21.0152,105.7999,35.31375,9.78485822807251,21.21,62.0,24,789.9291666666667,362.3462678267447,38.517916666666665,1.4776066993523718,19.1903125,9.24205432948577,,,0,0,4,292,10,2024,0,autumn,train
2024-10-19 00:00:00+00:00,2161292,"Số 46, phố Lưu Quang Vũ",21.0152,105.7999,33.20166666666667,4.178796026594749,28.17,44.95,24,806.525,206.10059648037225,38.464166666666664,1.3153340348323723,26.72422360248447,10.743782688682973,,,0,0,5,293,10,2024,1,autumn,train
2024-10-20 00:00:00+00:00,2161292,"Số 46, phố Lưu Quang Vũ",21.0152,105.7999,41.90958333333334,11.482960336067965,29.01,66.23,24,732.3708333333334,207.08450591625564,38.469166666666666,1.3770413042545917,21.01345238095238,15.675819485388935,,,0,0,6,294,10,2024,1,autumn,train
2024-10-21 00:00:00+00:00,2161292,"Số 46, phố Lưu Quang Vũ",21.0152,105.7999,51.489583333333336,15.705975179548055,28.42,72.43,24,1248.4458333333334,427.3894975202125,39.01208333333333,1.1268385138216948,8.832173913043478,9.363822042366392,,,0,0,0,295,10,2024,0,autumn,train
2024-10-22 00:00:00+00:00,2161292,"Số 46, phố Lưu Quang Vũ",21.0152,105.7999,47.74208333333333,17.6138749604733,20.63,75.64,24,972.6125000000001,366.92945573928847,38.79125,1.003317594609093,14.293863636363637,13.881672286124443,,,0,0,1,296,10,2024,0,autumn,train
2024-10-23 00:00:00+00:00,2161292,"Số 46, phố Lưu Quang Vũ",21.0152,105.7999,21.310416666666665,7.547809056803903,11.0,37.99,24,1071.1791666666666,399.64250326593975,39.59291666666667,1.0720864629580813,16.21060606060606,8.968300387659902,,,0,0,2,297,10,2024,0,autumn,train
2024-10-24 00:00:00+00:00,2161292,"Số 46, phố Lưu Quang Vũ",21.0152,105.7999,50.49625,26.03114035025709,19.91,96.95,24,1586.1833333333334,888.5065401470368,42.16125,2.9815961766928725,17.231875,13.400640453658799,,,0,0,3,298,10,2024,0,autumn,train
2024-10-25 00:00:00+00:00,2161292,"Số 46, phố Lưu Quang Vũ",21.0152,105.7999,67.1225,20.157531605699706,35.2,94.54,24,1683.7208333333335,952.4189765740736,42.095416666666665,3.4067362669795305,23.682291666666668,14.855562929579955,,,0,0,4,299,10,2024,0,autumn,train
2024-10-26 00:00:00+00:00,2161292,"Số 46, phố Lưu Quang Vũ",21.0152,105.7999,47.11041666666667,17.490019384772285,27.42,84.08,24,1052.1166666666666,430.6641823637235,40.42458333333333,1.5687186107489592,24.126666666666665,9.06352881549852,,,0,0,5,300,10,2024,1,autumn,train
2024-10-27 00:00:00+00:00,2161292,"Số 46, phố Lưu Quang Vũ",21.0152,105.7999,27.380416666666665,4.164737560672385,18.06,37.27,24,665.9416666666667,226.748189996451,42.071666666666665,1.6927894824472587,10.199583333333333,5.855547438897472,,,0,0,6,301,10,2024,1,autumn,train
2024-10-28 00:00:00+00:00,2161292,"Số 46, phố Lưu Quang Vũ",21.0152,105.7999,27.2925,10.697967807831136,13.95,59.99,24,828.2208333333333,282.07254382850533,42.02458333333333,1.9106292593453769,9.06775,3.0129233335564463,,,0,0,0,302,10,2024,0,autumn,train
2024-10-29 00:00:00+00:00,2161292,"Số 46, phố Lưu Quang Vũ",21.0152,105.7999,31.81125,13.227713434958869,16.47,60.28,24,1986.8208333333332,1586.6246321862475,46.63791666666666,4.10511449733523,14.444666666666668,6.273750941759408,,,0,0,1,303,10,2024,0,autumn,train
2024-10-30 00:00:00+00:00,2161292,"Số 46, phố Lưu Quang Vũ",21.0152,105.7999,43.88166666666667,21.51571532152955,16.02,78.79,24,1590.2708333333333,776.2088359059087,44.21625,2.0347968865626895,18.097624999999997,13.1446652489841,,,0,0,2,304,10,2024,0,autumn,train
2024-10-31 00:00:00+00:00,2161292,"Số 46, phố Lưu Quang Vũ",21.0152,105.7999,69.46541666666667,17.266611807100475,43.81,97.07,24,2422.2999999999997,1899.8525030620942,44.281666666666666,5.6089750025927305,18.552291666666665,15.88110866769372,,,4,0,3,305,10,2024,0,autumn,train
2024-11-01 00:00:00+00:00,2161292,"Số 46, phố Lưu Quang Vũ",21.0152,105.7999,45.15083333333333,21.454425897229466,20.49,94.68,24,1574.6583333333335,1264.7880451118958,41.9175,2.991257188076176,28.6725,13.875112629564192,,,0,0,4,306,11,2024,0,autumn,train
2024-11-02 00:00:00+00:00,2161292,"Số 46, phố Lưu Quang Vũ",21.0152,105.7999,32.96666666666666,11.491296391339976,15.24,49.29,24,1115.9041666666667,600.4450266109997,42.341249999999995,1.761827886032003,14.680295454545455,10.56202398390999,,,0,0,5,307,11,2024,1,autumn,train
2024-11-03 00:00:00+00:00,2161292,"Số 46, phố Lưu Quang Vũ",21.0152,105.7999,49.20375000000001,10.18354547147335,35.52,73.87,24,1051.3833333333334,324.4694246554394,41.58875,1.545153186439849,9.720326086956522,4.904767121264168,,,0,0,6,308,11,2024,1,autumn,train
2024-11-04 00:00:00+00:00,2161292,"Số 46, phố Lưu Quang Vũ",21.0152,105.7999,45.33833333333333,14.553957378057657,31.53,78.01,24,996.2041666666668,318.9651507189906,41.327083333333334,1.3576209343735368,9.732825396825396,3.3679494647797794,,,0,0,0,309,11,2024,0,autumn,train
2024-11-05 00:00:00+00:00,2161292,"Số 46, phố Lưu Quang Vũ",21.0152,105.7999,37.293749999999996,4.956576494262775,25.83,45.91,24,1086.2708333333333,311.52538102915844,41.098333333333336,1.1947590867460767,15.100345238095239,6.561738247179933,,,0,0,1,310,11,2024,0,autumn,train
2024-11-06 00:00:00+00:00,2161292,"Số 46, phố Lưu Quang Vũ",21.0152,105.7999,49.3225,15.325919292946608,30.07,85.01,24,1454.5083333333332,453.69485236000975,42.514583333333334,1.6666706702850482,21.526875,9.97048085954744,,,0,0,2,311,11,2024,0,autumn,train
2024-11-07 00:00:00+00:00,2161292,"Số 46, phố Lưu Quang Vũ",21.0152,105.7999,45.07916666666667,11.324658327379417,25.13,62.49,24,1130.7708333333333,515.1286985490525,41.49791666666667,1.3578050675444073,16.69424242424242,5.888585525642955,,,0,0,3,312,11,2024,0,autumn,train
2024-11-08 00:00:00+00:00,2161292,"Số 46, phố Lưu Quang Vũ",21.0152,105.7999,46.42166666666666,12.025870543076724,28.85,65.7,24,1316.4416666666668,715.3125719430004,42.742916666666666,2.493568211927686,18.55844696969697,10.804210155717612,,,0,0,4,313,11,2024,0,autumn,train
2024-11-09 00:00:00+00:00,2161292,"Số 46, phố Lưu Quang Vũ",21.0152,105.7999,59.536845238095246,12.039285946803194,45.1,89.56,24,1530.792261904762,1122.336268319471,42.71470238095238,2.4491227237505524,24.28572916666667,17.333568819168885,,,3,0,5,314,11,2024,1,autumn,train
2024-11-10 00:00:00+00:00,2161292,"Số 46, phố Lưu Quang Vũ",21.0152,105.7999,79.46707142857143,9.852186188941117,63.99619047619048,88.29,10,1534.8273214285714,270.79971058452986,42.68946428571429,0.39315102143460884,8.5245,0.09970205614730258,,,23,0,6,315,11,2024,1,autumn,train
2024-11-11 00:00:00+00:00,2161292,"Số 46, phố Lưu Quang Vũ",21.0152,105.7999,67.30847826086956,13.722475462041247,46.9,98.84,23,1300.604347826087,647.5479859216198,42.37896739130434,1.4531227958035051,26.505968534906586,9.132191877257334,,,7,0,0,316,11,2024,0,autumn,train
2024-11-12 00:00:00+00:00,2161292,"Số 46, phố Lưu Quang Vũ",21.0152,105.7999,62.974782608695655,9.335865285682468,50.07,79.91,23,1269.0478260869565,547.6313266070733,41.51358695652174,1.5824364173078624,27.96371681415929,10.73661202205964,,,2,0,1,317,11,2024,0,autumn,train
2024-11-13 00:00:00+00:00,2161292,"Số 46, phố Lưu Quang Vũ",21.0152,105.7999,50.55479166666667,13.582558947540253,28.85,80.97,24,1164.1625000000001,487.5027088553502,39.95458333333333,1.2399648633404197,29.421465093411996,12.341032166861947,,,1,0,2,318,11,2024,0,autumn,train
2024-11-14 00:00:00+00:00,2161292,"Số 46, phố Lưu Quang Vũ",21.0152,105.7999,55.14541666666667,10.220856757743883,38.39,75.69,24,1289.2791666666667,538.5535797325589,39.57541666666666,0.9858916915849492,30.8792133726647,13.945452311664255,,,0,0,3,319,11,2024,0,autumn,train
2024-11-15 00:00:00+00:00,2161292,"Số 46, phố Lưu Quang Vũ",21.0152,105.7999,45.59375,9.759946013972225,28.4,60.95,24,1100.6958333333334,604.4327491481197,40.086666666666666,1.3371763457787247,32.336961651917406,15.549872456466561,,,0,0,4,320,11,2024,0,autumn,train
2024-11-16 00:00:00+00:00,2161292,"Số 46, phố Lưu Quang Vũ",21.0152,105.7999,31.1125,5.217035848398808,23.55,45.56,24,755.5291666666667,373.49178383276353,38.6675,1.085021538556003,33.79470993117011,17.154292601268867,,,0,0,5,321,11,2024,1,autumn,train
2024-11-17 00:00:00+00:00,2161292,"Số 46, phố Lưu Quang Vũ",21.0152,105.7999,35.6675,8.906173847881913,21.09,48.03,24,912.5625,433.3430329251672,38.31791666666667,1.2339261452307662,35.252458210422816,18.758712746071176,,,0,0,6,322,11,2024,1,autumn,train
2024-11-18 00:00:00+00:00,2161292,"Số 46, phố Lưu Quang Vũ",21.0152,105.7999,41.52791666666666,10.375651673265034,23.71,66.71,24,997.9416666666666,324.87030578326204,39.74208333333333,1.380548029703725,36.710206489675514,20.36313289087348,,,0,0,0,323,11,2024,0,autumn,train
2024-11-19 00:00:00+00:00,2161292,"Số 46, phố Lưu Quang Vũ",21.0152,105.7999,29.559583333333336,5.364225685981615,21.16,40.62,24,1003.0541666666667,566.0668150601294,39.189166666666665,1.3046669295653401,38.167954768928226,21.967553035675788,,,0,0,1,324,11,2024,0,autumn,train
2024-11-20 00:00:00+00:00,2161292,"Số 46, phố Lưu Quang Vũ",21.0152,105.7999,25.686666666666667,4.216660193613636,19.85,32.95,24,966.9499999999999,574.9528509969884,39.64083333333333,1.2393543784415813,39.625703048180924,23.571973180478096,,,0,0,2,325,11,2024,0,autumn,train
2024-11-21 00:00:00+00:00,2161292,"Số 46, phố Lưu Quang Vũ",21.0152,105.7999,32.5525,6.91503355960293,23.88,49.27,24,992.2166666666667,525.6232976329082,41.32958333333333,1.9198720047161373,41.08345132743363,25.1763933252804,,,0,0,3,326,11,2024,0,autumn,train
2024-11-22 00:00:00+00:00,2161292,"Số 46, phố Lưu Quang Vũ",21.0152,105.7999,31.394583333333333,9.689128815850522,16.86,48.69,24,979.6791666666667,416.7591734773648,43.081250000000004,1.5611320098485935,42.541199606686334,26.78081347008271,,,0,0,4,327,11,2024,0,autumn,train
2024-11-23 00:00:00+00:00,2161292,"Số 46, phố Lưu Quang Vũ",21.0152,105.7999,33.92666666666667,6.979693319951797,23.42,47.66,24,883.2208333333333,177.64502949315295,41.492916666666666,1.2612605122297862,43.99894788593904,28.385233614885014,,,0,0,5,328,11,2024,1,autumn,train
2024-11-24 00:00:00+00:00,2161292,"Số 46, phố Lưu Quang Vũ",21.0152,105.7999,51.97,12.723820181061976,29.11,75.61,24,1358.0958333333333,243.86548765424058,43.55916666666667,1.307908774463585,45.456696165191744,29.98965375968732,,,0,0,6,329,11,2024,1,autumn,train
2024-11-25 00:00:00+00:00,2161292,"Số 46, phố Lưu Quang Vũ",21.0152,105.7999,73.90291666666667,27.533050097018446,31.99,121.83,24,1415.2625,634.4347640894734,41.57125,1.79087860997114,46.91444444444445,31.59407390448963,,,0,0,0,330,11,2024,0,autumn,train
2024-11-26 00:00:00+00:00,2161292,"Số 46, phố Lưu Quang Vũ",21.0152,105.7999,26.209999999999997,4.232483082479865,18.2,34.8,24,1105.2916666666667,208.05993893204388,41.31375,1.0360242254176142,36.186571428571426,20.68437876410947,,,0,0,1,331,11,2024,0,autumn,train
2024-11-27 00:00:00+00:00,2161292,"Số 46, phố Lưu Quang Vũ",21.0152,105.7999,27.02125,4.701829720161214,15.16,32.52,24,1068.8020833333333,436.8341075230629,40.30375,1.6059449676531325,17.158541666666668,15.266786233887993,,,0,0,2,332,11,2024,0,autumn,train
2024-11-28 00:00:00+00:00,2161292,"Số 46, phố Lưu Quang Vũ",21.0152,105.7999,23.37875,7.125590936592709,13.45,37.78,24,793.9499999999999,249.21828741608974,41.337916666666665,1.6172385997142766,14.167083333333332,14.523503760230515,,,0,0,3,333,11,2024,0,autumn,train
2024-11-29 00:00:00+00:00,2161292,"Số 46, phố Lưu Quang Vũ",21.0152,105.7999,34.141666666666666,10.672658145188478,18.86,53.38,24,1321.7250000000001,455.838341148339,44.20791666666667,2.620152632737373,12.021439393939394,6.771236999953706,,,0,0,4,334,11,2024,0,autumn,train
2024-11-30 00:00:00+00:00,2161292,"Số 46, phố Lưu Quang Vũ",21.0152,105.7999,56.04958333333334,16.703696929817315,38.83,86.9,24,1504.3,393.18936360508786,45.15041666666667,2.3377143782961904,15.907966507177033,6.34390889347883,,,0,0,5,335,11,2024,1,autumn,train
2024-12-01 00:00:00+00:00,2161292,"Số 46, phố Lưu Quang Vũ",21.0152,105.7999,49.909166666666664,17.62989578421605,31.75,89.73,24,792.6625,338.23531918075076,42.15958333333333,1.9106076410323032,19.57019230769231,23.76237212146969,,,0,0,6,336,12,2024,1,winter,train
2024-12-02 00:00:00+00:00,2161292,"Số 46, phố Lưu Quang Vũ",21.0152,105.7999,50.40083333333334,9.887426761853384,30.86,64.2,24,1277.2,480.76579401581006,42.590833333333336,1.6421272435648708,27.192901515151515,16.858052011070484,,,0,0,0,337,12,2024,0,winter,train
2024-12-03 00:00:00+00:00,2161292,"Số 46, phố Lưu Quang Vũ",21.0152,105.7999,36.0725,7.281958199371326,24.05,52.25,24,1001.9875000000001,404.8366920478686,40.87083333333333,2.1355498562210604,16.51826388888889,9.863426655145828,,,0,0,1,338,12,2024,0,winter,train
2024-12-04 00:00:00+00:00,2161292,"Số 46, phố Lưu Quang Vũ",21.0152,105.7999,32.218333333333334,7.6774280491109375,19.66,42.98,24,1044.875,284.98991477197774,40.48458333333333,1.201328898840116,31.58375,20.430789970149167,,,0,0,2,339,12,2024,0,winter,train
2024-12-05 00:00:00+00:00,2161292,"Số 46, phố Lưu Quang Vũ",21.0152,105.7999,37.882083333333334,8.334739232856068,23.3,59.02,24,830.8000000000001,244.2176310268115,40.00125,1.181816260639969,31.006041666666665,23.299348811225904,,,0,0,3,340,12,2024,0,winter,train
2024-12-06 00:00:00+00:00,2161292,"Số 46, phố Lưu Quang Vũ",21.0152,105.7999,48.24458333333333,7.631602475272129,35.21,61.46,24,1456.3416666666665,483.13361633391247,41.9575,1.6266910933067402,12.787010869565217,8.983996192630942,,,0,0,4,341,12,2024,0,winter,train
2024-12-07 00:00:00+00:00,2161292,"Số 46, phố Lưu Quang Vũ",21.0152,105.7999,26.787499999999998,16.231393427820535,8.22,51.1,24,1041.7666666666667,276.6220395297947,40.5875,1.3923900315644293,13.474166666666667,10.163794189122514,,,0,0,5,342,12,2024,1,winter,train
2024-12-08 00:00:00+00:00,2161292,"Số 46, phố Lưu Quang Vũ",21.0152,105.7999,13.358,2.6991155856028914,8.85,17.79,17,912.9570934256055,119.93379300624437,39.66742647058824,0.8790132818816022,27.56,32.070942065988646,,,13,0,6,343,12,2024,1,winter,train
2024-12-09 00:00:00+00:00,2161292,"Số 46, phố Lưu Quang Vũ",21.0152,105.7999,47.67434782608696,25.87510400964374,8.17,81.15,23,1473.242857142857,431.95306639891857,41.74818181818182,3.2783556220177785,35.42036231884058,71.44683160623084,,,1,0,0,344,12,2024,0,winter,train
2024-12-10 00:00:00+00:00,2161292,"Số 46, phố Lưu Quang Vũ",21.0152,105.7999,72.27833333333334,14.687942605110303,48.6,108.63,24,1817.9541666666667,557.026197166444,43.91458333333333,1.8659791209202086,11.463777777777779,3.937154089954104,,,0,0,1,345,12,2024,0,winter,train
2024-12-11 00:00:00+00:00,2161292,"Số 46, phố Lưu Quang Vũ",21.0152,105.7999,28.38083333333333,13.576648724177494,10.65,50.54,24,1283.3166666666666,385.57791708671226,41.793749999999996,1.4872554603523302,18.699285714285715,7.6754538470530695,,,0,0,2,346,12,2024,0,winter,train
2024-12-12 00:00:00+00:00,2161292,"Số 46, phố Lưu Quang Vũ",21.0152,105.7999,21.849999999999998,4.506429223656583,14.9,29.39,24,1110.4520833333333,351.77357696676535,39.44541666666667,1.1276176470643837,3.9000000000000004,3.3715134981153287,,,1,0,3,347,12,2024,0,winter,train
2024-12-13 00:00:00+00:00,2161292,"Số 46, phố Lưu Quang Vũ",21.0152,105.7999,24.945416666666663,5.503938494321624,16.29,34.73,24,905.4458333333333,396.5903504484704,40.38333333333333,1.3883135426673703,4.4870833333333335,2.572967492016922,,,0,0,4,348,12,2024,0,winter,train
2024-12-14 00:00:00+00:00,2161292,"Số 46, phố Lưu Quang Vũ",21.0152,105.7999,32.020833333333336,11.498910691950316,18.59,50.69,24,797.4416666666666,204.99831794997445,41.25875,1.367893691839359,2.89030303030303,2.231474184233207,,,0,0,5,349,12,2024,1,winter,train
2024-12-15 00:00:00+00:00,2161292,"Số 46, phố Lưu Quang Vũ",21.0152,105.7999,37.983333333333334,10.219871804976075,19.69,49.47,24,803.4708333333333,144.53168895546347,41.35916666666667,1.5160157067749718,3.826574074074074,2.563813520797932,,,0,0,6,350,12,2024,1,winter,train
2024-12-16 00:00:00+00:00,2161292,"Số 46, phố Lưu Quang Vũ",21.0152,105.7999,50.60125,17.66680855323116,31.71,80.29,24,1741.825,866.5170091659559,46.10541666666666,3.8116959356429665,3.1129959514170045,2.0320814688989786,,,0,0,0,351,12,2024,0,winter,train
2024-12-17 00:00:00+00:00,2161292,"Số 46, phố Lưu Quang Vũ",21.0152,105.7999,80.54291666666667,13.793679232726937,57.89,108.74,24,1819.5125,591.3302765155129,48.17791666666667,2.8374084611423713,3.6817045454545454,2.664965716989109,,,0,0,1,352,12,2024,0,winter,train
2024-12-18 00:00:00+00:00,2161292,"Số 46, phố Lưu Quang Vũ",21.0152,105.7999,50.9375,10.38350834988704,35.98,67.46,24,1818.1291666666666,905.1816178459615,46.069583333333334,3.676211990820067,2.51671875,2.309125324798331,,,0,0,2,353,12,2024,0,winter,train
2024-12-19 00:00:00+00:00,2161292,"Số 46, phố Lưu Quang Vũ",21.0152,105.7999,49.89541666666667,8.762191496357554,39.31,69.35,24,1536.7083333333333,661.8967001478907,44.67416666666667,1.8011081532518096,4.216461538461538,4.335059893157325,,,0,0,3,354,12,2024,0,winter,train
2024-12-20 00:00:00+00:00,2161292,"Số 46, phố Lưu Quang Vũ",21.0152,105.7999,56.87625,10.000999868491409,38.35,79.66,24,1240.6625,335.72483662057675,43.74541666666667,2.1483744697605305,2.368333333333333,2.301893538966192,,,0,0,4,355,12,2024,0,winter,train
2024-12-21 00:00:00+00:00,2161292,"Số 46, phố Lưu Quang Vũ",21.0152,105.7999,80.48333333333333,25.39087180493204,49.78,117.11,24,1458.7666666666667,250.91980126460066,45.449999999999996,1.612637591029059,2.42312091503268,1.8396259242037032,,,0,0,5,356,12,2024,1,winter,train
2024-12-22 00:00:00+00:00,2161292,"Số 46, phố Lưu Quang Vũ",21.0152,105.7999,81.47458333333334,16.960036397409336,54.08,111.81,24,1633.3416666666665,669.6682727886323,46.8975,2.5686610452174072,5.437636363636363,5.483806140966042,,,0,0,6,357,12,2024,1,winter,train
2024-12-23 00:00:00+00:00,2161292,"Số 46, phố Lưu Quang Vũ",21.0152,105.7999,96.52125000000001,22.078808512374195,61.28,136.09,24,3243.2625000000003,2258.1611437497777,50.522083333333335,8.030955316592255,5.458323863636363,4.609411135008008,,,0,0,0,358,12,2024,0,winter,train
2024-12-24 00:00:00+00:00,2161292,"Số 46, phố Lưu Quang Vũ",21.0152,105.7999,74.21333333333332,17.009770252944953,48.25,104.77,24,1766.7666666666667,520.7968415274112,45.92625,3.0378908766216197,2.587302631578947,2.207691623083165,,,0,0,1,359,12,2024,0,winter,train
2024-12-25 00:00:00+00:00,2161292,"Số 46, phố Lưu Quang Vũ",21.0152,105.7999,83.60416666666667,12.45151009408852,61.71,102.32,24,1828.0865789473683,339.10352273998865,46.83848920863309,2.273199923453405,6.521580645161291,5.893233844665542,,,0,0,2,360,12,2024,0,winter,train
2024-12-26 00:00:00+00:00,2161292,"Số 46, phố Lưu Quang Vũ",21.0152,105.7999,71.52041666666666,9.076321070051826,58.91,84.95,24,1940.9341282894736,356.1910970278912,66.34305473268444,2.1062254129941875,5.409235581622679,4.934940307411376,,,0,0,3,361,12,2024,0,winter,train
2024-12-27 00:00:00+00:00,2161292,"Số 46, phố Lưu Quang Vũ",21.0152,105.7999,38.08,13.511459548488265,20.48,57.14,24,2053.781677631579,373.27867131579376,85.84762025673578,1.9392509025349705,4.296890518084067,3.976646770157208,,,0,0,4,362,12,2024,0,winter,train
2024-12-28 00:00:00+00:00,2161292,"Số 46, phố Lưu Quang Vũ",21.0152,105.7999,41.88583333333333,17.069759916975645,21.08,66.51,24,2166.629226973684,390.36624560369637,105.35218578078714,1.7722763920757532,3.1845454545454546,3.018353232903041,,,0,0,5,363,12,2024,1,winter,train
2024-12-29 00:00:00+00:00,2161292,"Số 46, phố Lưu Quang Vũ",21.0152,105.7999,56.62875,10.55749983269672,41.28,74.31,24,2279.4767763157893,407.4538198915989,124.85675130483848,1.605301881616536,1.994749679075738,1.7587192440504416,,,0,0,6,364,12,2024,1,winter,train
2024-12-30 00:00:00+00:00,2161292,"Số 46, phố Lưu Quang Vũ",21.0152,105.7999,94.38208333333334,9.969266241005794,72.55,110.59,24,2392.324325657895,424.5413941795015,144.3613168288898,1.4383273711573188,3.3729081728712025,3.8343148732105803,,,0,0,0,365,12,2024,0,winter,train
2024-12-31 00:00:00+00:00,2161292,"Số 46, phố Lưu Quang Vũ",21.0152,105.7999,84.73354166666667,13.419964319848791,66.27,103.85499999999999,24,2505.171875,441.62896846740404,163.86588235294118,1.2713528606981015,4.751066666666667,5.909910502370719,,,8,0,1,366,12,2024,0,winter,train
2025-01-01 00:00:00+00:00,2161292,"Số 46, phố Lưu Quang Vũ",21.0152,105.7999,91.46249999999999,12.469822093497495,65.69,113.71,24,1905.0166666666667,317.5854019570668,176.06041666666667,6.145956238024312,13.216857142857142,13.047752629431628,,,0,0,2,1,1,2025,0,winter,train
2025-01-02 00:00:00+00:00,2161292,"Số 46, phố Lưu Quang Vũ",21.0152,105.7999,87.07333333333334,16.80570598407542,51.75,113.4,24,2560.445833333333,907.9401598645846,179.39,3.7232279123035923,12.555029761904763,15.145388463981256,,,0,0,3,2,1,2025,0,winter,train
2025-01-03 00:00:00+00:00,2161292,"Số 46, phố Lưu Quang Vũ",21.0152,105.7999,70.48291666666667,22.530293129795112,41.62,119.92,24,2249.6749999999997,1835.2063552375648,179.21666666666667,5.8080114584468,12.181130952380952,14.448873558604516,,,0,0,4,3,1,2025,0,winter,train
2025-01-04 00:00:00+00:00,2161292,"Số 46, phố Lưu Quang Vũ",21.0152,105.7999,64.89999999999999,17.037921387815803,49.18,103.28,24,1336.4958333333334,499.6722599596545,175.84125000000003,2.007283070741906,13.64,11.40104867411613,,,0,0,5,4,1,2025,1,winter,train
2025-01-05 00:00:00+00:00,2161292,"Số 46, phố Lưu Quang Vũ",21.0152,105.7999,69.36041666666667,15.689974500261007,49.32,103.45,24,2266.8250000000003,1849.373239599791,178.9475,4.799434975802522,12.531041666666667,12.261952286147322,,,0,0,6,5,1,2025,1,winter,train
2025-01-06 00:00:00+00:00,2161292,"Số 46, phố Lưu Quang Vũ",21.0152,105.7999,62.755833333333335,8.421580930105636,50.59,74.45,24,1673.5625,458.09047408307043,177.14583333333334,2.1330788457811045,15.722708333333332,11.354622404761429,,,0,0,0,6,1,2025,0,winter,train
2025-01-07 00:00:00+00:00,2161292,"Số 46, phố Lưu Quang Vũ",21.0152,105.7999,70.57000000000001,17.110555603003608,46.03,101.33,24,1598.0416666666667,543.5015162705673,179.60666666666668,3.719257367045048,8.117083333333333,7.616401340794613,,,0,0,1,7,1,2025,0,winter,train
2025-01-08 00:00:00+00:00,2161292,"Số 46, phố Lưu Quang Vũ",21.0152,105.7999,53.162083333333335,9.338541911681496,38.06,68.39,24,1275.0583333333334,405.4699398247044,177.35666666666665,2.6640222395380984,6.263749999999999,4.732342064247202,,,0,0,2,8,1,2025,0,winter,train
2025-01-09 00:00:00+00:00,2161292,"Số 46, phố Lưu Quang Vũ",21.0152,105.7999,49.95208333333333,11.442067303012456,27.29,64.34,24,1315.9833333333333,535.7345852165058,174.99041666666665,4.412620713133087,6.605416666666667,3.1330690317915146,,,0,0,3,9,1,2025,0,winter,train
2025-01-10 00:00:00+00:00,2161292,"Số 46, phố Lưu Quang Vũ",21.0152,105.7999,31.126666666666665,9.117516188594095,16.93,47.84,24,1041.9708333333333,367.0019339827809,171.48958333333334,1.953005441268209,2.6241666666666665,1.8026862001557247,,,0,0,4,10,1,2025,0,winter,train
2025-01-11 00:00:00+00:00,2161292,"Số 46, phố Lưu Quang Vũ",21.0152,105.7999,38.16291666666667,13.57953910954036,23.11,66.53,24,1161.4583333333333,466.33324893038775,173.85583333333332,2.7450824279485464,1.4553,1.108007504671948,,,0,0,5,11,1,2025,1,winter,train
2025-01-12 00:00:00+00:00,2161292,"Số 46, phố Lưu Quang Vũ",21.0152,105.7999,49.437083333333334,14.780391381288178,25.52,74.47,24,1496.25,630.8738315260413,178.44333333333336,3.875926443716569,2.653625,2.6736827148838023,,,0,0,6,12,1,2025,1,winter,train
2025-01-13 00:00:00+00:00,2161292,"Số 46, phố Lưu Quang Vũ",21.0152,105.7999,70.42333333333333,22.15339382512337,44.31,126.89,24,1924.9333333333334,638.9702004799982,180.18416666666667,2.998873580800488,3.9850420168067227,4.0824182758101095,,,0,0,0,13,1,2025,0,winter,train
2025-01-14 00:00:00+00:00,2161292,"Số 46, phố Lưu Quang Vũ",21.0152,105.7999,64.74613636363637,14.677341414960315,45.27,94.7,20,2762.88,1289.2245782884988,183.622,3.5422719441504977,5.9239999999999995,4.331423571280712,,,10,0,1,14,1,2025,0,winter,train
2025-01-15 00:00:00+00:00,2161292,"Số 46, phố Lưu Quang Vũ",21.0152,105.7999,68.40583333333333,17.3147104319707,37.99,101.7,24,1966.8576241134751,654.3287466501893,115.05958333333332,30.192251018398263,9.007142857142858,9.803940224653118,,,2,0,2,15,1,2025,0,winter,train
2025-01-16 00:00:00+00:00,2161292,"Số 46, phố Lưu Quang Vũ",21.0152,105.7999,57.73583333333334,7.898885401099965,47.17,70.16,24,1961.5923008033,642.5720979957906,100.67916666666667,4.779838014961946,6.4041250000000005,6.148513686161317,,,0,0,3,16,1,2025,0,winter,train
2025-01-17 00:00:00+00:00,2161292,"Số 46, phố Lưu Quang Vũ",21.0152,105.7999,65.51791666666666,11.613475298742099,54.75,95.85,24,1956.3269774931248,630.8154493413919,101.70666666666666,1.9319165223361385,10.131916666666667,7.897441181176656,,,0,0,4,17,1,2025,0,winter,train
2025-01-18 00:00:00+00:00,2161292,"Số 46, phố Lưu Quang Vũ",21.0152,105.7999,85.96249999999999,20.097370853357685,59.82,112.42,24,1951.0616541829497,619.0588006869932,102.54333333333334,3.099956053919456,2.8783333333333334,2.606556393382667,,,0,0,5,18,1,2025,1,winter,train
2025-01-19 00:00:00+00:00,2161292,"Số 46, phố Lưu Quang Vũ",21.0152,105.7999,80.75154761904761,20.27816462573927,51.15,109.9,24,1945.7963308727747,607.3021520325946,102.80791666666666,3.1752274539090872,6.22375,5.367551309975283,,,1,0,6,19,1,2025,1,winter,train
2025-01-20 00:00:00+00:00,2161292,"Số 46, phố Lưu Quang Vũ",21.0152,105.7999,95.14095238095238,11.952847471367027,72.85,115.29,24,1940.5310075625994,595.5455033781958,105.38666666666667,4.082312501795867,8.290833333333333,9.506350242208429,,,5,0,0,20,1,2025,0,winter,train
2025-01-21 00:00:00+00:00,2161292,"Số 46, phố Lưu Quang Vũ",21.0152,105.7999,61.08625,20.152743865937634,39.52,102.84,24,1935.2656842524243,583.7888547237972,101.07,3.927629000455288,18.789166666666667,16.002457940732967,,,0,0,1,21,1,2025,0,winter,train
2025-01-22 00:00:00+00:00,2161292,"Số 46, phố Lưu Quang Vũ",21.0152,105.7999,49.16,14.928785733550496,31.97,80.87,24,1930.0003609422492,572.0322060693984,99.52625,3.4095133051890096,7.582916666666667,3.5018348968687163,,,0,0,2,22,1,2025,0,winter,train
2025-01-23 00:00:00+00:00,2161292,"Số 46, phố Lưu Quang Vũ",21.0152,105.7999,45.89458333333334,8.222105400087312,32.36,58.18,24,,,96.66875,3.2283651974065894,6.875416666666666,4.9304384928608584,,,0,0,3,23,1,2025,0,winter,train
2025-01-24 00:00:00+00:00,2161292,"Số 46, phố Lưu Quang Vũ",21.0152,105.7999,39.76083333333333,5.452351639962071,29.37,48.24,24,,,93.47916666666667,2.4751792498404166,9.449958333333333,6.61392526008682,,,0,0,4,24,1,2025,0,winter,train
2025-01-25 00:00:00+00:00,2161292,"Số 46, phố Lưu Quang Vũ",21.0152,105.7999,28.774583333333336,3.3846122109985632,22.98,36.05,24,,,91.09791666666666,1.6854156477845728,11.246708333333332,5.744287146746354,,,0,0,5,25,1,2025,1,winter,train
2025-01-26 00:00:00+00:00,2161292,"Số 46, phố Lưu Quang Vũ",21.0152,105.7999,8.913235294117648,3.277501349191827,4.71,17.0,17,,,89.66176470588235,0.7201312743434904,10.84921568627451,3.364055591903554,,,13,0,6,26,1,2025,1,winter,train
2025-01-27 00:00:00+00:00,2161292,"Số 46, phố Lưu Quang Vũ",21.0152,105.7999,35.487,13.977441637754817,17.71,66.67,20,,,90.763,1.7183961310355425,3.8600000000000003,2.28844465682883,,,4,0,0,27,1,2025,0,winter,train
2025-01-28 00:00:00+00:00,2161292,"Số 46, phố Lưu Quang Vũ",21.0152,105.7999,42.370416666666664,27.83370126134498,18.68,101.24,24,,,91.12208333333332,1.1268500890484117,1.4987955182072827,0.8936598959093801,,,0,0,1,28,1,2025,0,winter,train
2025-01-29 00:00:00+00:00,2161292,"Số 46, phố Lưu Quang Vũ",21.0152,105.7999,62.522083333333335,21.73186780006979,24.1,93.15,24,,,94.60333333333334,3.725206345806986,1.1643076923076925,0.8150279075151293,,,0,0,2,29,1,2025,0,winter,train
2025-01-30 00:00:00+00:00,2161292,"Số 46, phố Lưu Quang Vũ",21.0152,105.7999,47.45583333333334,19.567374113818772,25.88,83.35,24,,,93.83041666666666,1.9039101165454304,5.052071428571429,4.460813957722686,,,0,0,3,30,1,2025,0,winter,train
2025-01-31 00:00:00+00:00,2161292,"Số 46, phố Lưu Quang Vũ",21.0152,105.7999,30.390833333333333,4.786912335748891,23.51,42.08,24,,,91.81166666666667,1.9118751702626016,4.620357142857142,4.61705540109196,,,0,0,4,31,1,2025,0,winter,train
2025-02-01 00:00:00+00:00,2161292,"Số 46, phố Lưu Quang Vũ",21.0152,105.7999,23.60375,3.244697095127747,17.41,29.2,24,,,90.24624999999999,1.2941836859748614,6.729791666666666,4.346779787374504,,,0,0,5,32,2,2025,1,winter,train
2025-02-02 00:00:00+00:00,2161292,"Số 46, phố Lưu Quang Vũ",21.0152,105.7999,17.676666666666666,4.6700699805450885,10.51,26.91,24,,,88.79958333333333,1.5374074144386718,9.912083333333333,4.754753209127697,,,0,0,6,33,2,2025,1,winter,train
2025-02-03 00:00:00+00:00,2161292,"Số 46, phố Lưu Quang Vũ",21.0152,105.7999,13.015416666666667,4.416464235174979,4.92,22.2,24,,,87.9375,0.9817076958035942,5.234583333333333,2.4206951555765714,,,0,0,0,34,2,2025,0,winter,train
2025-02-04 00:00:00+00:00,2161292,"Số 46, phố Lưu Quang Vũ",21.0152,105.7999,25.88354166666667,12.966166883484197,11.96,52.1,24,,,90.17270833333333,2.0886020804266003,4.615833333333334,1.9997389322362682,,,1,0,1,35,2,2025,0,winter,train
2025-02-05 00:00:00+00:00,2161292,"Số 46, phố Lưu Quang Vũ",21.0152,105.7999,41.83416666666667,16.378896792669753,20.45,71.1,24,1856.2858345997972,407.43912490781685,93.88875,2.0316074434663394,1.384625,1.173804028488283,,,0,0,2,36,2,2025,0,winter,train
2025-02-06 00:00:00+00:00,2161292,"Số 46, phố Lưu Quang Vũ",21.0152,105.7999,33.41166666666667,18.876221680398235,6.02,67.58,24,1851.0205112896222,395.68247625341814,90.765,1.8664404624846747,0.7631818181818182,0.33530227204175583,,,0,0,3,37,2,2025,0,winter,train
2025-02-07 00:00:00+00:00,2161292,"Số 46, phố Lưu Quang Vũ",21.0152,105.7999,8.039166666666667,3.0496826872239713,2.98,14.04,24,1845.755187979447,383.9258275990195,88.10333333333334,1.7810443117956705,1.5345833333333332,1.2570011904344494,,,0,0,4,38,2,2025,0,winter,train
2025-02-08 00:00:00+00:00,2161292,"Số 46, phố Lưu Quang Vũ",21.0152,105.7999,16.335,7.852520503689854,7.02,35.38,24,1840.4898646692718,372.1691789446208,89.8875,1.9256715372994493,1.1812500000000001,0.573890706910524,,,0,0,5,39,2,2025,1,winter,train
2025-02-09 00:00:00+00:00,2161292,"Số 46, phố Lưu Quang Vũ",21.0152,105.7999,39.71541666666666,10.890742370658575,28.77,60.01,24,1835.2245413590967,360.4125302902221,94.08895833333334,2.4846248860291476,1.4078125000000001,1.0307137439710743,,,1,0,6,40,2,2025,1,winter,train
2025-02-10 00:00:00+00:00,2161292,"Số 46, phố Lưu Quang Vũ",21.0152,105.7999,77.47791666666667,12.992226431406106,53.23,96.66,24,1829.9592180489217,348.6558816358234,99.86125,3.8388237696959537,1.1791500000000001,0.8106363591186534,,,0,0,0,41,2,2025,0,winter,train
2025-02-11 00:00:00+00:00,2161292,"Số 46, phố Lưu Quang Vũ",21.0152,105.7999,67.40583333333333,22.983423500364378,42.13,101.41,24,1824.6938947387464,336.89923298142475,98.63375,3.602658212438715,7.715000000000001,7.963877519078812,,,0,0,1,42,2,2025,0,winter,train
2025-02-12 00:00:00+00:00,2161292,"Số 46, phố Lưu Quang Vũ",21.0152,105.7999,63.303333333333335,26.233214039468738,0.0,90.25,24,1819.4285714285713,325.14258432702604,95.18166666666667,3.123898994451682,4.388541666666667,4.002639416398298,,,0,0,2,43,2,2025,0,winter,train
2025-02-13 00:00:00+00:00,2161292,"Số 46, phố Lưu Quang Vũ",21.0152,105.7999,44.793749999999996,13.602707790698531,29.76,70.17,24,1913.4083333333335,745.0307439916514,94.86041666666667,1.1662741834639467,2.870416666666667,2.396971330235515,,,0,0,3,44,2,2025,0,winter,train
2025-02-14 00:00:00+00:00,2161292,"Số 46, phố Lưu Quang Vũ",21.0152,105.7999,37.92208333333333,10.027842534952228,20.79,53.99,24,1351.4708333333333,349.89762164675824,93.70791666666666,2.320918070162282,5.1970833333333335,2.8802105586777578,,,0,0,4,45,2,2025,0,winter,train
2025-02-15 00:00:00+00:00,2161292,"Số 46, phố Lưu Quang Vũ",21.0152,105.7999,27.916666666666668,7.954905878527532,15.79,45.14,24,1440.3708333333334,338.55934869765406,91.94749999999999,2.341063024985979,5.8825,2.909593203301048,,,0,0,5,46,2,2025,1,winter,train
2025-02-16 00:00:00+00:00,2161292,"Số 46, phố Lưu Quang Vũ",21.0152,105.7999,11.772916666666667,3.4532070527663645,5.75,17.49,24,1133.05,146.85614966916495,87.48833333333333,1.4882398902779417,4.1033333333333335,2.41135117574227,,,0,0,6,47,2,2025,1,winter,train
2025-02-17 00:00:00+00:00,2161292,"Số 46, phố Lưu Quang Vũ",21.0152,105.7999,31.30333333333333,12.82477855276793,10.62,49.95,24,1679.9458333333332,482.9728986718088,87.8275,1.4624317152397652,1.0741666666666667,0.7579318494467674,,,0,0,0,48,2,2025,0,winter,train
2025-02-18 00:00:00+00:00,2161292,"Số 46, phố Lưu Quang Vũ",21.0152,105.7999,17.639583333333334,5.466177807100734,9.42,30.13,24,1506.1458333333333,458.79032624952424,87.13375,1.0580943185541294,0.9406249999999999,0.6892474826876804,,,0,0,1,49,2,2025,0,winter,train
2025-02-19 00:00:00+00:00,2161292,"Số 46, phố Lưu Quang Vũ",21.0152,105.7999,25.334999999999997,4.307629227918461,17.3,34.22,24,2046.2749999999999,686.276903963002,88.96333333333332,1.7589464896986524,0.9027083333333333,0.2533530753653909,,,0,0,2,50,2,2025,0,winter,train
2025-02-20 00:00:00+00:00,2161292,"Số 46, phố Lưu Quang Vũ",21.0152,105.7999,74.55791666666666,35.50976681068569,27.35,129.92,24,2363.7125,1255.4998503324412,93.15291666666667,3.439872949077787,1.5031818181818182,0.7969133839749724,,,0,0,3,51,2,2025,0,winter,train
2025-02-21 00:00:00+00:00,2161292,"Số 46, phố Lưu Quang Vũ",21.0152,105.7999,40.16833333333333,6.769871019686299,24.38,50.92,24,2041.7416666666668,587.6444776405624,91.94208333333334,2.1591563955813133,1.5579166666666666,1.005488230724559,,,0,0,4,52,2,2025,0,winter,train
2025-02-22 00:00:00+00:00,2161292,"Số 46, phố Lưu Quang Vũ",21.0152,105.7999,46.66708333333333,9.807037171322955,32.24,70.62,24,1821.9333333333334,480.15033847351583,92.31625000000001,2.175161788085612,1.098125,0.8747556335790361,,,0,0,5,53,2,2025,1,winter,train
2025-02-23 00:00:00+00:00,2161292,"Số 46, phố Lưu Quang Vũ",21.0152,105.7999,12.85375,9.150186414114383,3.96,39.05,24,943.8666666666667,151.42680156393735,87.79124999999999,1.3087242792622273,1.5505555555555555,0.9351227239548202,,,0,0,6,54,2,2025,1,winter,train
2025-02-24 00:00:00+00:00,2161292,"Số 46, phố Lưu Quang Vũ",21.0152,105.7999,17.631666666666668,4.552533615344381,10.54,25.82,24,1207.8291666666667,468.86210402481845,87.70458333333333,1.2487836835920798,0.6371527777777778,0.2805198949485183,,,0,0,0,55,2,2025,0,winter,train
2025-02-25 00:00:00+00:00,2161292,"Số 46, phố Lưu Quang Vũ",21.0152,105.7999,28.56833333333333,5.349327195944867,16.54,39.29,24,1314.5333333333333,414.9592003691622,89.17083333333333,1.8834702399898822,0.3941176470588235,0.25874924023443124,,,0,0,1,56,2,2025,0,winter,train
2025-02-26 00:00:00+00:00,2161292,"Số 46, phố Lưu Quang Vũ",21.0152,105.7999,30.722083333333334,11.920475617578154,15.48,57.26,24,1520.3791666666666,549.5879578922239,90.47666666666667,2.025027464476483,1.1464583333333334,0.41049241952048504,,,0,0,2,57,2,2025,0,winter,train
2025-02-27 00:00:00+00:00,2161292,"Số 46, phố Lưu Quang Vũ",21.0152,105.7999,64.65041666666666,13.026524605477146,42.94,96.2,24,1602.0125,702.7137349698078,94.95375,4.0859321883538495,2.7564130434782608,1.9217512175343774,,,0,0,3,58,2,2025,0,winter,train
2025-02-28 00:00:00+00:00,2161292,"Số 46, phố Lưu Quang Vũ",21.0152,105.7999,37.692083333333336,10.510242200976553,22.33,64.04,24,1103.4750000000001,427.4540516878368,93.03708333333333,2.225780721194377,3.405208333333333,1.7096551134319629,,,0,0,4,59,2,2025,0,winter,train
2025-03-01 00:00:00+00:00,2161292,"Số 46, phố Lưu Quang Vũ",21.0152,105.7999,33.50541666666667,9.091400609159837,20.24,48.54,24,915.0708333333333,421.8079023721854,90.67083333333333,2.607585784435177,3.8358333333333334,1.5389653968668766,,,0,0,5,60,3,2025,1,spring,train
2025-03-02 00:00:00+00:00,2161292,"Số 46, phố Lưu Quang Vũ",21.0152,105.7999,24.504166666666666,5.20862154564882,17.32,37.05,24,932.85,237.80795503569863,88.76125,1.3543370349908543,5.634583333333333,2.0211210388354255,,,0,0,6,61,3,2025,1,spring,train
2025-03-03 00:00:00+00:00,2161292,"Số 46, phố Lưu Quang Vũ",21.0152,105.7999,25.427083333333332,6.68915961392608,16.04,42.11,24,1340.4833333333333,883.938462183616,88.37666666666667,2.313152688933195,7.177499999999999,2.403510566541837,,,0,0,0,62,3,2025,0,spring,train
2025-03-04 00:00:00+00:00,2161292,"Số 46, phố Lưu Quang Vũ",21.0152,105.7999,26.9225,9.51455692495772,11.57,45.47,24,789.0666666666666,448.17773227832834,85.92416666666666,1.642137834247382,12.604583333333332,8.685191284302697,,,0,0,1,63,3,2025,0,spring,train
2025-03-05 00:00:00+00:00,2161292,"Số 46, phố Lưu Quang Vũ",21.0152,105.7999,32.06541666666667,11.026644402326681,10.11,51.57,24,978.0791666666668,351.03655449337435,85.14958333333333,2.0314344453605018,6.598333333333333,2.127332820114481,,,0,0,2,64,3,2025,0,spring,train
2025-03-06 00:00:00+00:00,2161292,"Số 46, phố Lưu Quang Vũ",21.0152,105.7999,16.86104166666667,4.245913119174685,7.67,23.89,24,1017.9291666666667,389.48417111238484,87.28770833333333,3.218357662172845,5.489791666666666,2.376265099746946,,,1,0,3,65,3,2025,0,spring,train
2025-03-07 00:00:00+00:00,2161292,"Số 46, phố Lưu Quang Vũ",21.0152,105.7999,26.659166666666668,6.873104429059231,13.3,37.81,24,1034.4375,396.8103268428513,90.33999999999999,2.1391729405462314,1.8977083333333333,1.320513716872822,,,0,0,4,66,3,2025,0,spring,train
2025-03-08 00:00:00+00:00,2161292,"Số 46, phố Lưu Quang Vũ",21.0152,105.7999,39.49125,4.92448038530132,31.4,47.91,24,1054.5666666666666,387.2199651997239,92.00666666666666,2.236518386410805,1.0466666666666666,0.8701229853657675,,,0,0,5,67,3,2025,1,spring,train
2025-03-09 00:00:00+00:00,2161292,"Số 46, phố Lưu Quang Vũ",21.0152,105.7999,65.05624999999999,11.422407730840519,40.26,88.18,24,1442.2583333333332,498.44505250059296,95.16624999999999,4.044418389422107,3.009375,4.589262484097729,,,0,0,6,68,3,2025,1,spring,train
2025-03-10 00:00:00+00:00,2161292,"Số 46, phố Lưu Quang Vũ",21.0152,105.7999,75.50541666666668,20.532651405307696,37.13,117.18,24,1452.0458333333333,520.2476951700125,93.53708333333333,3.0203548296684333,3.7954166666666667,3.2503209521938805,,,0,0,0,69,3,2025,0,spring,train
2025-03-11 00:00:00+00:00,2161292,"Số 46, phố Lưu Quang Vũ",21.0152,105.7999,37.8375,11.100183018467675,19.7,56.41,24,1190.1583333333333,464.6198463977476,90.36708333333333,2.712254764176318,6.4816666666666665,4.936129152938845,,,0,0,1,70,3,2025,0,spring,train
2025-03-12 00:00:00+00:00,2161292,"Số 46, phố Lưu Quang Vũ",21.0152,105.7999,23.24416666666667,8.206627712148096,13.53,46.15,24,1200.1666666666667,518.69073190324,86.96041666666667,2.525944471086898,4.876666666666666,1.949206453175612,,,0,0,2,71,3,2025,0,spring,train
2025-03-13 00:00:00+00:00,2161292,"Số 46, phố Lưu Quang Vũ",21.0152,105.7999,31.147499999999997,30.23990068565472,12.81,124.69,24,1155.6550498855088,310.46424331780725,84.06666666666666,1.3967934292721877,4.999791666666667,1.9408013131999988,,,1,0,3,72,3,2025,0,spring,train
2025-03-14 00:00:00+00:00,2161292,"Số 46, phố Lưu Quang Vũ",21.0152,105.7999,34.84708333333334,9.709562063811862,21.48,60.32,24,1155.6220254695668,314.9603121242409,84.12666666666667,2.0475471362980455,8.702916666666667,4.823996610394897,,,0,0,4,73,3,2025,0,spring,train
2025-03-15 00:00:00+00:00,2161292,"Số 46, phố Lưu Quang Vũ",21.0152,105.7999,19.76,7.958265050166126,8.01,35.64,24,1155.5890010536248,319.45638093067447,83.38708333333334,1.5417282204711353,6.879583333333334,4.504534410305152,,,0,0,5,74,3,2025,1,spring,train
2025-03-16 00:00:00+00:00,2161292,"Số 46, phố Lưu Quang Vũ",21.0152,105.7999,15.08375,5.795933966452538,5.4,24.91,24,1155.5559766376825,323.9524497371081,86.85041666666666,2.6655784577634916,7.655,4.659465354662951,,,0,0,6,75,3,2025,1,spring,train
2025-03-17 00:00:00+00:00,2161292,"Số 46, phố Lưu Quang Vũ",21.0152,105.7999,29.924166666666668,8.297766549508664,12.81,41.52,24,1155.5229522217405,328.4485185435417,89.3625,1.6170457496687407,2.72,1.7742162997393724,,,0,0,0,76,3,2025,0,spring,train
2025-03-18 00:00:00+00:00,2161292,"Số 46, phố Lưu Quang Vũ",21.0152,105.7999,29.305000000000003,5.760095107910449,15.88,37.56,24,1155.4899278057985,332.94458734997534,88.92083333333333,1.2998926934531085,1.9595833333333335,1.316046382051235,,,0,0,1,77,3,2025,0,spring,train
2025-03-19 00:00:00+00:00,2161292,"Số 46, phố Lưu Quang Vũ",21.0152,105.7999,26.95,6.187402348812216,17.77,37.65,24,1155.4569033898565,337.440656156409,89.86208333333333,1.9942482056647537,2.3666666666666667,2.5590498689716967,,,0,0,2,78,3,2025,0,spring,train
2025-03-20 00:00:00+00:00,2161292,"Số 46, phố Lưu Quang Vũ",21.0152,105.7999,41.97708333333333,14.105749515146579,18.28,63.72,24,1155.4238789739143,341.93672496284256,94.15166666666666,4.404367068644747,4.977166666666666,6.374374128981753,,,0,0,3,79,3,2025,0,spring,train
2025-03-21 00:00:00+00:00,2161292,"Số 46, phố Lưu Quang Vũ",21.0152,105.7999,61.82333333333333,21.701546061266576,39.89,111.94,24,,,97.79166666666667,4.097817729588224,14.328249999999999,11.535083849415377,,,0,0,4,80,3,2025,0,spring,train
2025-03-22 00:00:00+00:00,2161292,"Số 46, phố Lưu Quang Vũ",21.0152,105.7999,47.89958333333333,8.87075286210701,30.73,66.2,24,,,94.21583333333332,3.4657553498375395,20.235,17.30920614561235,,,0,0,5,81,3,2025,1,spring,train
2025-03-23 00:00:00+00:00,2161292,"Số 46, phố Lưu Quang Vũ",21.0152,105.7999,40.73166666666666,9.71669100352435,26.51,59.35,24,,,90.74374999999999,2.7686188873657325,16.37125,14.80498808789148,,,0,0,6,82,3,2025,1,spring,train
2025-03-24 00:00:00+00:00,2161292,"Số 46, phố Lưu Quang Vũ",21.0152,105.7999,64.02277777777778,9.411903404436561,45.08,69.6,9,,,88.11758620689655,0.7666955051530416,2.3245494613124387,0.9958515224928631,,,21,0,0,83,3,2025,0,spring,train
2025-03-25 00:00:00+00:00,2161292,"Số 46, phố Lưu Quang Vũ",21.0152,105.7999,53.75,23.38124386566896,20.47,91.69,18,,,84.79411764705883,2.109043203752387,3.391277601736091,1.1982192541612555,,,6,0,1,84,3,2025,0,spring,train
2025-03-26 00:00:00+00:00,2161292,"Số 46, phố Lưu Quang Vũ",21.0152,105.7999,44.24666666666667,13.061920647994027,21.85,71.0,24,,,84.47979166666667,1.4364437360662792,4.458005742159743,1.4005869858296482,,,1,0,2,85,3,2025,0,spring,train
2025-03-27 00:00:00+00:00,2161292,"Số 46, phố Lưu Quang Vũ",21.0152,105.7999,36.505,8.792467626128728,20.3,63.06,24,,,82.37375,1.3133786913744716,5.524733882583396,1.6029547174980405,,,0,0,3,86,3,2025,0,spring,train
2025-03-28 00:00:00+00:00,2161292,"Số 46, phố Lưu Quang Vũ",21.0152,105.7999,38.20666666666667,8.892334591812977,22.89,57.13,24,,,81.59666666666666,1.2578887303617219,6.591462023007049,1.8053224491664333,,,0,0,4,87,3,2025,0,spring,train
2025-03-29 00:00:00+00:00,2161292,"Số 46, phố Lưu Quang Vũ",21.0152,105.7999,19.390416666666667,9.296885162885689,6.38,40.06,24,,,81.06083333333333,1.1550189784500124,7.658190163430701,2.0076901808348255,,,0,0,5,88,3,2025,1,spring,train
2025-03-30 00:00:00+00:00,2161292,"Số 46, phố Lưu Quang Vũ",21.0152,105.7999,10.960416666666667,4.024180693460867,5.28,17.8,24,,,83.08,1.2857682528356427,8.724918303854352,2.2100579125032183,,,0,0,6,89,3,2025,1,spring,train
2025-03-31 00:00:00+00:00,2161292,"Số 46, phố Lưu Quang Vũ",21.0152,105.7999,21.494583333333335,7.084384529842142,7.09,36.27,24,,,85.22,1.729775054488425,9.791646444278005,2.4124256441716105,,,0,0,0,90,3,2025,0,spring,train
2025-04-01 00:00:00+00:00,2161292,"Số 46, phố Lưu Quang Vũ",21.0152,105.7999,38.040416666666665,9.155317048230675,25.49,59.98,24,,,88.80416666666667,2.279412427467385,,,,,0,0,1,91,4,2025,0,spring,train
2025-04-02 00:00:00+00:00,2161292,"Số 46, phố Lưu Quang Vũ",21.0152,105.7999,48.44375,6.980395412059095,34.54,60.67,24,,,92.52791666666667,3.644274818022836,,,,,0,0,2,92,4,2025,0,spring,train
2025-04-03 00:00:00+00:00,2161292,"Số 46, phố Lưu Quang Vũ",21.0152,105.7999,38.354166666666664,6.843146312134159,28.41,55.33,24,,,90.89875,2.820413649125589,,,,,0,0,3,93,4,2025,0,spring,train
2025-04-04 00:00:00+00:00,2161292,"Số 46, phố Lưu Quang Vũ",21.0152,105.7999,34.51083333333333,8.089556292806968,24.46,53.95,24,,,87.62333333333333,2.1221659703701508,,,,,0,0,4,94,4,2025,0,spring,train
2025-04-05 00:00:00+00:00,2161292,"Số 46, phố Lưu Quang Vũ",21.0152,105.7999,47.54791666666667,15.21272950358598,27.17,75.31,24,,,87.395,2.1422438459830366,,,,,0,0,5,95,4,2025,1,spring,train
2025-04-06 00:00:00+00:00,2161292,"Số 46, phố Lưu Quang Vũ",21.0152,105.7999,42.65208333333333,15.305944846527032,22.75,75.62,24,,,86.47958333333334,1.7320469899406108,,,,,0,0,6,96,4,2025,1,spring,train
2025-04-07 00:00:00+00:00,2161292,"Số 46, phố Lưu Quang Vũ",21.0152,105.7999,54.98833333333334,12.295415782939685,36.99,79.19,24,,,85.16541666666667,1.5608191248763212,,,,,0,0,0,97,4,2025,0,spring,train
2025-04-08 00:00:00+00:00,2161292,"Số 46, phố Lưu Quang Vũ",21.0152,105.7999,49.03958333333333,8.80657386825895,30.58,67.19,24,,,84.96458333333334,2.43879688650432,,,,,0,0,1,98,4,2025,0,spring,train
2025-04-09 00:00:00+00:00,2161292,"Số 46, phố Lưu Quang Vũ",21.0152,105.7999,38.709583333333335,9.908514774487239,21.6,56.01,24,,,83.09625,1.433793425482391,,,,,0,0,2,99,4,2025,0,spring,train
2025-04-10 00:00:00+00:00,2161292,"Số 46, phố Lưu Quang Vũ",21.0152,105.7999,35.787083333333335,7.527834424533287,27.36,52.51,24,,,82.64041666666667,1.1901058745983988,,,,,0,0,3,100,4,2025,0,spring,train
2025-04-11 00:00:00+00:00,2161292,"Số 46, phố Lưu Quang Vũ",21.0152,105.7999,43.09375,12.570704318582054,26.15,63.71,24,,,83.04208333333334,1.707721541211809,,,,,0,0,4,101,4,2025,0,spring,train
2025-04-12 00:00:00+00:00,2161292,"Số 46, phố Lưu Quang Vũ",21.0152,105.7999,46.6625,20.394369907232818,11.73,82.09,24,,,82.62541666666667,1.844234209323908,,,,,0,0,5,102,4,2025,1,spring,train
2025-04-13 00:00:00+00:00,2161292,"Số 46, phố Lưu Quang Vũ",21.0152,105.7999,49.74666666666667,21.50738733888725,17.03,75.21,24,,,83.81583333333333,2.4323971298086824,,,,,0,0,6,103,4,2025,1,spring,train
2025-04-14 00:00:00+00:00,2161292,"Số 46, phố Lưu Quang Vũ",21.0152,105.7999,65.435,15.273019404791265,37.5,90.62,24,,,88.515,4.116686088084223,,,,,0,0,0,104,4,2025,0,spring,train
2025-04-15 00:00:00+00:00,2161292,"Số 46, phố Lưu Quang Vũ",21.0152,105.7999,61.39625,22.588281265813,30.47,97.58,24,,,89.51875,3.03788586742133,,,,,0,0,1,105,4,2025,0,spring,train
2025-04-16 00:00:00+00:00,2161292,"Số 46, phố Lưu Quang Vũ",21.0152,105.7999,64.45708333333333,10.433434750282663,49.63,87.76,24,,,88.51916666666666,4.234221777135792,,,,,0,0,2,106,4,2025,0,spring,train
2025-04-17 00:00:00+00:00,2161292,"Số 46, phố Lưu Quang Vũ",21.0152,105.7999,52.90625,9.150591243668119,34.13,74.4,24,,,85.04958333333333,2.085516262154323,,,,,0,0,3,107,4,2025,0,spring,train
2025-04-18 00:00:00+00:00,2161292,"Số 46, phố Lưu Quang Vũ",21.0152,105.7999,49.312083333333334,9.992970563771605,36.62,74.75,24,1154.4661709115946,472.3227203494175,82.81583333333333,2.129906951767706,,,,,0,0,4,108,4,2025,0,spring,train
2025-04-19 00:00:00+00:00,2161292,"Số 46, phố Lưu Quang Vũ",21.0152,105.7999,40.6325,10.851786969655395,25.08,58.67,24,1154.4331464956524,476.81878915585116,82.25666666666667,2.6493504809697237,,,,,0,0,5,109,4,2025,1,spring,train
2025-04-20 00:00:00+00:00,2161292,"Số 46, phố Lưu Quang Vũ",21.0152,105.7999,30.155833333333334,7.042745213688162,17.69,44.74,24,1154.4001220797104,481.3148579622848,80.96416666666667,2.6344687058909706,,,,,0,0,6,110,4,2025,1,spring,train
2025-04-21 00:00:00+00:00,2161292,"Số 46, phố Lưu Quang Vũ",21.0152,105.7999,31.175833333333333,10.517490987239622,16.64,56.65,24,1154.3670976637684,485.81092676871845,80.80125,1.7446572168617618,,,,,0,0,0,111,4,2025,0,spring,train
2025-04-22 00:00:00+00:00,2161292,"Số 46, phố Lưu Quang Vũ",21.0152,105.7999,37.25333333333333,7.86710192851365,23.32,51.91,24,1154.3340732478264,490.30699557515203,81.97921533748394,1.4714518683060214,,,,,0,0,1,112,4,2025,0,spring,train
2025-04-23 00:00:00+00:00,2161292,"Số 46, phố Lưu Quang Vũ",21.0152,105.7999,39.34916666666667,12.40832536669623,22.18,83.31,24,1154.3010488318841,494.8030643815856,81.96639190325435,1.4732043298039743,,,,,0,0,2,113,4,2025,0,spring,train
2025-04-24 00:00:00+00:00,2161292,"Số 46, phố Lưu Quang Vũ",21.0152,105.7999,32.92583333333334,10.764477780369003,12.9,55.06,24,1154.2680244159421,499.29913318801925,81.95356846902475,1.4749567913019273,,,,,0,0,3,114,4,2025,0,spring,train
2025-04-25 00:00:00+00:00,2161292,"Số 46, phố Lưu Quang Vũ",21.0152,105.7999,24.423333333333332,9.08442655301376,11.49,41.07,24,1154.2350000000001,503.7952019944529,81.94074503479516,1.4767092527998802,,,,,0,0,4,115,4,2025,0,spring,train
2025-04-26 00:00:00+00:00,2161292,"Số 46, phố Lưu Quang Vũ",21.0152,105.7999,32.51888888888888,2.564812100546766,31.19,39.3,9,1269.9570621468927,204.31957892253746,81.92792160056555,1.4784617142978331,,,,,21,0,5,116,4,2025,1,spring,train
2025-04-27 00:00:00+00:00,2161292,"Số 46, phố Lưu Quang Vũ",21.0152,105.7999,30.391262626262623,3.338570285843189,27.265,37.004999999999995,0,1160.4239856189008,317.92048960676027,81.91509816633597,1.480214175795786,,,,,24,1,6,117,4,2025,1,spring,train
2025-04-28 00:00:00+00:00,2161292,"Số 46, phố Lưu Quang Vũ",21.0152,105.7999,28.263636363636362,4.112328471139612,23.34,34.71,11,1050.890909090909,431.521400290983,81.90227473210636,1.4819666372937392,,,,,13,0,0,118,4,2025,0,spring,train
2025-04-29 00:00:00+00:00,2161292,"Số 46, phố Lưu Quang Vũ",21.0152,105.7999,28.08100569259962,6.13194620340441,22.7,41.65,17,1222.019734345351,242.32125500954209,81.88945129787678,1.4837190987916922,,,,,13,0,1,119,4,2025,0,spring,train
2025-04-30 00:00:00+00:00,2161292,"Số 46, phố Lưu Quang Vũ",21.0152,105.7999,31.46142857142857,0.20699666433935285,31.2,31.8,7,969.2253246753247,119.47419104911249,,,,,,,22,0,2,120,4,2025,0,spring,train
2025-05-01 00:00:00+00:00,2161292,"Số 46, phố Lưu Quang Vũ",21.0152,105.7999,20.4255,8.97851791485479,6.28,33.08,20,887.75,280.0874557463502,,,,,,,6,0,3,121,5,2025,0,spring,train
2025-05-02 00:00:00+00:00,2161292,"Số 46, phố Lưu Quang Vũ",21.0152,105.7999,30.3,9.314592572013483,19.41,54.43,24,856.5041666666666,249.05143781463343,,,,,,,0,0,4,122,5,2025,0,spring,train
2025-05-03 00:00:00+00:00,2161292,"Số 46, phố Lưu Quang Vũ",21.0152,105.7999,30.908333333333335,9.085554069709959,16.98,52.98,24,650.3541666666666,185.37209343739505,,,,,,,0,0,5,123,5,2025,1,spring,train
2025-05-04 00:00:00+00:00,2161292,"Số 46, phố Lưu Quang Vũ",21.0152,105.7999,31.33125,6.24504973524248,19.67,44.93,24,785.9708333333333,204.680133228425,,,,,,,0,0,6,124,5,2025,1,spring,train
2025-05-05 00:00:00+00:00,2161292,"Số 46, phố Lưu Quang Vũ",21.0152,105.7999,33.42791666666667,7.712568499684063,20.07,49.48,24,962.4041666666667,380.44316775955855,,,,,,,0,0,0,125,5,2025,0,spring,train
2025-05-06 00:00:00+00:00,2161292,"Số 46, phố Lưu Quang Vũ",21.0152,105.7999,22.391666666666666,4.953844942077308,14.82,33.61,24,606.7791666666667,302.0468563983822,,,,,,,0,0,1,126,5,2025,0,spring,train
2025-05-07 00:00:00+00:00,2161292,"Số 46, phố Lưu Quang Vũ",21.0152,105.7999,23.608333333333334,8.22803197277013,9.15,42.33,24,666.025,278.3380447835205,,,,,,,1,0,2,127,5,2025,0,spring,train
2025-05-08 00:00:00+00:00,2161292,"Số 46, phố Lưu Quang Vũ",21.0152,105.7999,32.391666666666666,5.359282614765479,23.36,44.21,24,750.9166666666666,292.55625199217695,,,,,,,0,0,3,128,5,2025,0,spring,train
2025-05-09 00:00:00+00:00,2161292,"Số 46, phố Lưu Quang Vũ",21.0152,105.7999,28.79625,9.25223113515118,14.03,53.01,24,913.2458333333334,387.80331857131847,,,,,,,0,0,4,129,5,2025,0,spring,train
2025-05-10 00:00:00+00:00,2161292,"Số 46, phố Lưu Quang Vũ",21.0152,105.7999,25.512083333333333,10.92032965705892,9.13,48.55,24,1059.9208333333333,553.0922267454424,,,,,,,0,0,5,130,5,2025,1,spring,train
2025-05-11 00:00:00+00:00,2161292,"Số 46, phố Lưu Quang Vũ",21.0152,105.7999,16.53125,6.290837583342936,6.96,29.14,24,681.9291666666667,263.4383229180676,,,,,,,0,0,6,131,5,2025,1,spring,train
2025-05-12 00:00:00+00:00,2161292,"Số 46, phố Lưu Quang Vũ",21.0152,105.7999,31.39833333333333,7.874546041666074,16.41,44.28,24,1010.2875,319.101082952259,,,,,,,0,0,0,132,5,2025,0,spring,train
2025-05-13 00:00:00+00:00,2161292,"Số 46, phố Lưu Quang Vũ",21.0152,105.7999,28.3225,8.188014703370328,17.44,46.87,24,800.3708333333334,367.988323868602,,,,,,,0,0,1,133,5,2025,0,spring,train
2025-05-14 00:00:00+00:00,2161292,"Số 46, phố Lưu Quang Vũ",21.0152,105.7999,17.912916666666668,5.188186815018926,7.47,27.03,24,785.8583333333332,252.3044691338771,,,,,,,0,0,2,134,5,2025,0,spring,train
2025-05-15 00:00:00+00:00,2161292,"Số 46, phố Lưu Quang Vũ",21.0152,105.7999,19.55125,5.893873246671164,9.93,31.46,24,803.9,277.66502496165504,,,,,,,0,0,3,135,5,2025,0,spring,train
2025-05-16 00:00:00+00:00,2161292,"Số 46, phố Lưu Quang Vũ",21.0152,105.7999,23.467083333333335,10.760665277302559,7.79,47.9,24,829.2333333333332,305.77912555174265,,,,,,,0,0,4,136,5,2025,0,spring,train
2025-05-17 00:00:00+00:00,2161292,"Số 46, phố Lưu Quang Vũ",21.0152,105.7999,13.51625,6.858467830227162,3.8,28.62,24,875.4625,330.09545235135164,,,,,,,0,0,5,137,5,2025,1,spring,train
2025-05-18 00:00:00+00:00,2161292,"Số 46, phố Lưu Quang Vũ",21.0152,105.7999,16.054166666666667,6.707748223650323,2.81,29.33,24,837.6166666666667,339.81486093186817,,,,,,,0,0,6,138,5,2025,1,spring,train
2025-05-19 00:00:00+00:00,2161292,"Số 46, phố Lưu Quang Vũ",21.0152,105.7999,17.151666666666667,4.736193359252965,9.05,24.42,24,1043.2166666666667,540.9692225165354,,,,,,,0,0,0,139,5,2025,0,spring,train
2025-05-20 00:00:00+00:00,2161292,"Số 46, phố Lưu Quang Vũ",21.0152,105.7999,20.0975,7.25086156799734,10.85,36.51,24,929.1333333333333,384.3631781969017,,,,,,,0,0,1,140,5,2025,0,spring,train
2025-05-21 00:00:00+00:00,2161292,"Số 46, phố Lưu Quang Vũ",21.0152,105.7999,23.385833333333334,7.108225435407892,12.89,39.13,24,1046.4708333333333,544.2674713931256,,,,,,,0,0,2,141,5,2025,0,spring,train
2025-05-22 00:00:00+00:00,2161292,"Số 46, phố Lưu Quang Vũ",21.0152,105.7999,24.849166666666665,8.369821522520093,13.81,44.87,24,795.0333333333333,332.57544638206815,,,,,,,0,0,3,142,5,2025,0,spring,train
2025-05-23 00:00:00+00:00,2161292,"Số 46, phố Lưu Quang Vũ",21.0152,105.7999,22.36583333333333,6.730660486141768,10.89,36.19,24,1139.4291666666666,496.10427154253927,,,,,,,0,0,4,143,5,2025,0,spring,train
2025-05-24 00:00:00+00:00,2161292,"Số 46, phố Lưu Quang Vũ",21.0152,105.7999,17.921630434782607,8.488830515899583,9.28,44.61,23,745.8260869565217,260.94085226243635,,,,,,,7,0,5,144,5,2025,1,spring,train
2025-05-25 00:00:00+00:00,2161292,"Số 46, phố Lưu Quang Vũ",21.0152,105.7999,16.392916666666668,6.456589811406144,5.74,32.14,24,746.3791666666666,169.7611620948593,,,,,,,3,0,6,145,5,2025,1,spring,train
2025-05-26 00:00:00+00:00,2161292,"Số 46, phố Lưu Quang Vũ",21.0152,105.7999,22.197083333333335,7.922813224105309,10.78,43.6,24,1120.4166666666667,401.7530905881141,,,,,,,0,0,0,146,5,2025,0,spring,train
2025-05-27 00:00:00+00:00,2161292,"Số 46, phố Lưu Quang Vũ",21.0152,105.7999,41.36958333333333,10.53205520187595,17.3,56.5,24,1152.0708333333334,231.94786048136777,,,,,,,0,0,1,147,5,2025,0,spring,train
2025-05-28 00:00:00+00:00,2161292,"Số 46, phố Lưu Quang Vũ",21.0152,105.7999,34.193333333333335,15.367265793595639,15.94,66.62,24,1112.5874999999999,687.1717241946213,,,,,,,0,0,2,148,5,2025,0,spring,train
2025-05-29 00:00:00+00:00,2161292,"Số 46, phố Lưu Quang Vũ",21.0152,105.7999,16.8,7.328357666418617,5.45,30.74,24,1100.2458333333334,453.6199912962647,,,,,,,0,0,3,149,5,2025,0,spring,train
2025-05-30 00:00:00+00:00,2161292,"Số 46, phố Lưu Quang Vũ",21.0152,105.7999,16.93166666666667,9.161697045505445,3.29,37.69,24,1085.2958333333333,312.45820517612276,,,,,,,0,0,4,150,5,2025,0,spring,train
2025-05-31 00:00:00+00:00,2161292,"Số 46, phố Lưu Quang Vũ",21.0152,105.7999,22.445416666666663,9.109522003002596,12.02,51.36,24,666.2125,256.33746662062157,,,,,,,0,0,5,151,5,2025,1,spring,train
2025-06-01 00:00:00+00:00,2161292,"Số 46, phố Lưu Quang Vũ",21.0152,105.7999,16.802083333333332,5.036495485490116,8.68,26.71,24,547.8375,406.730650978817,,,,,,,0,0,6,152,6,2025,1,summer,train
2025-06-02 00:00:00+00:00,2161292,"Số 46, phố Lưu Quang Vũ",21.0152,105.7999,19.256666666666668,7.662756721944797,8.45,33.53,24,626.775,532.2336200432549,,,,,,,0,0,0,153,6,2025,0,summer,train
2025-06-03 00:00:00+00:00,2161292,"Số 46, phố Lưu Quang Vũ",21.0152,105.7999,18.661666666666665,5.927593299041407,11.25,37.09,24,757.6458333333334,413.15776435007683,,,,,,,0,0,1,154,6,2025,0,summer,train
2025-06-04 00:00:00+00:00,2161292,"Số 46, phố Lưu Quang Vũ",21.0152,105.7999,21.724999999999998,5.6547071580655945,12.99,30.18,24,1093.2916666666667,472.87470894764385,,,,,,,0,0,2,155,6,2025,0,summer,train
2025-06-05 00:00:00+00:00,2161292,"Số 46, phố Lưu Quang Vũ",21.0152,105.7999,27.98,9.870379931897252,16.33,51.18,24,1129.9520833333333,405.44467844340954,,,,,,,0,0,3,156,6,2025,0,summer,train
2025-06-06 00:00:00+00:00,2161292,"Số 46, phố Lưu Quang Vũ",21.0152,105.7999,22.5725,7.124169059097959,6.31,34.57,24,713.5541666666667,353.061121668838,,,,,,,0,0,4,157,6,2025,0,summer,train
2025-06-07 00:00:00+00:00,2161292,"Số 46, phố Lưu Quang Vũ",21.0152,105.7999,22.857083333333332,7.173948933265516,11.38,35.41,24,691.6166666666667,285.1409882644125,,,,,,,0,0,5,158,6,2025,1,summer,train
2025-06-08 00:00:00+00:00,2161292,"Số 46, phố Lưu Quang Vũ",21.0152,105.7999,23.395833333333332,7.1177566792443505,13.72,37.62,24,862.7416666666667,343.17061407165806,,,,,,,0,0,6,159,6,2025,1,summer,train
2025-06-09 00:00:00+00:00,2161292,"Số 46, phố Lưu Quang Vũ",21.0152,105.7999,22.574166666666667,9.479610117036168,10.68,45.35,24,1197.2625,562.2825352099901,,,,,,,0,0,0,160,6,2025,0,summer,train
2025-06-10 00:00:00+00:00,2161292,"Số 46, phố Lưu Quang Vũ",21.0152,105.7999,17.735,5.587246346737401,7.04,30.17,24,701.7208333333333,173.86220425624595,,,,,,,0,0,1,161,6,2025,0,summer,train
2025-06-11 00:00:00+00:00,2161292,"Số 46, phố Lưu Quang Vũ",21.0152,105.7999,22.667083333333334,8.628847209602606,11.08,40.0,24,776.4416666666666,265.35826465966426,,,,,,,0,0,2,162,6,2025,0,summer,train
2025-06-12 00:00:00+00:00,2161292,"Số 46, phố Lưu Quang Vũ",21.0152,105.7999,23.42125,6.398449073289422,13.2,38.44,24,1166.6000000000001,585.1185981602733,,,,,,,0,0,3,163,6,2025,0,summer,train
2025-06-13 00:00:00+00:00,2161292,"Số 46, phố Lưu Quang Vũ",21.0152,105.7999,17.95,6.726905096246937,6.88,28.94,24,755.475,277.14971350454647,,,,,,,0,0,4,164,6,2025,0,summer,train
2025-06-14 00:00:00+00:00,2161292,"Số 46, phố Lưu Quang Vũ",21.0152,105.7999,28.397499999999997,19.049472490699394,8.48,63.68,24,993.9375,545.5487040884697,,,,,,,0,0,5,165,6,2025,1,summer,train
2025-06-15 00:00:00+00:00,2161292,"Số 46, phố Lưu Quang Vũ",21.0152,105.7999,21.76125,6.896006602753319,9.31,34.4,24,827.1708333333332,203.5025723139779,,,,,,,0,0,6,166,6,2025,1,summer,train
2025-06-16 00:00:00+00:00,2161292,"Số 46, phố Lưu Quang Vũ",21.0152,105.7999,22.739799635701278,3.214886390321208,16.87,25.46377049180328,9,1604.2264116575593,178.0449815707816,,,,,,,21,0,0,167,6,2025,0,summer,train
2025-06-17 00:00:00+00:00,2161292,"Số 46, phố Lưu Quang Vũ",21.0152,105.7999,28.430455373406197,5.628028075221936,20.045,36.01688524590164,0,1344.496539162113,175.86594189138958,,,,,,,24,1,1,168,6,2025,0,summer,train
2025-06-18 00:00:00+00:00,2161292,"Số 46, phố Lưu Quang Vũ",21.0152,105.7999,34.12111111111111,8.041169760122663,23.22,46.57,9,1084.7666666666667,173.68690221199753,,,,,,,15,0,2,169,6,2025,0,summer,train
2025-06-19 00:00:00+00:00,2161292,"Số 46, phố Lưu Quang Vũ",21.0152,105.7999,41.44291666666667,23.66768489976349,16.78,113.89,24,1030.7541666666666,460.63115866136343,,,,,,,0,0,3,170,6,2025,0,summer,train
2025-06-20 00:00:00+00:00,2161292,"Số 46, phố Lưu Quang Vũ",21.0152,105.7999,32.79083333333333,12.781892394649773,18.42,64.97,24,1057.1208333333334,627.3199259923931,,,,,,,0,0,4,171,6,2025,0,summer,train
2025-06-21 00:00:00+00:00,2161292,"Số 46, phố Lưu Quang Vũ",21.0152,105.7999,21.22791666666667,7.901054953869006,8.56,39.42,24,996.4958333333334,385.3825795110356,,,,,,,0,0,5,172,6,2025,1,summer,train
2025-06-22 00:00:00+00:00,2161292,"Số 46, phố Lưu Quang Vũ",21.0152,105.7999,23.197083333333335,10.257180085047814,8.31,46.06,24,1182.0249999999999,600.889345416261,,,,,,,0,0,6,173,6,2025,1,summer,train
2025-06-23 00:00:00+00:00,2161292,"Số 46, phố Lưu Quang Vũ",21.0152,105.7999,26.612916666666667,10.670440877231492,8.22,53.21,24,863.8083333333334,293.8508759878734,,,,,,,0,0,0,174,6,2025,0,summer,train
2025-06-24 00:00:00+00:00,2161292,"Số 46, phố Lưu Quang Vũ",21.0152,105.7999,26.264583333333334,8.05452288774918,11.37,44.34,24,786.6125000000001,313.36936576853503,,,,,,,0,0,1,175,6,2025,0,summer,train
2025-06-25 00:00:00+00:00,2161292,"Số 46, phố Lưu Quang Vũ",21.0152,105.7999,20.915000000000003,8.557172430189777,8.06,38.34,24,770.125,237.91136868133492,,,,,,,0,0,2,176,6,2025,0,summer,train
2025-06-26 00:00:00+00:00,2161292,"Số 46, phố Lưu Quang Vũ",21.0152,105.7999,22.149583333333336,6.109775118018143,13.49,35.44,24,627.1083333333333,219.67227549963698,,,,,,,0,0,3,177,6,2025,0,summer,train
2025-06-27 00:00:00+00:00,2161292,"Số 46, phố Lưu Quang Vũ",21.0152,105.7999,24.09958333333333,11.639009549661065,9.89,61.75,24,1129.7458333333334,615.8605975657624,,,,,,,0,0,4,178,6,2025,0,summer,train
2025-06-28 00:00:00+00:00,2161292,"Số 46, phố Lưu Quang Vũ",21.0152,105.7999,18.470833333333335,4.9987128053274805,10.79,31.01,24,1118.7708333333333,386.5159589248848,,,,,,,0,0,5,179,6,2025,1,summer,train
2025-06-29 00:00:00+00:00,2161292,"Số 46, phố Lưu Quang Vũ",21.0152,105.7999,19.323333333333334,7.342367623514949,8.75,43.42,24,773.0583333333334,244.52921034131057,,,,,,,0,0,6,180,6,2025,1,summer,train
2025-06-30 00:00:00+00:00,2161292,"Số 46, phố Lưu Quang Vũ",21.0152,105.7999,18.06625,6.4826945635551745,9.04,34.29,24,964.1291666666666,468.0931600692571,,,,,,,0,0,0,181,6,2025,0,summer,train
2025-07-01 00:00:00+00:00,2161292,"Số 46, phố Lưu Quang Vũ",21.0152,105.7999,12.622916666666667,4.424308817712972,7.59,23.43,24,721.0333333333333,277.81797241557547,,,,,,,0,0,1,182,7,2025,0,summer,train
2025-07-02 00:00:00+00:00,2161292,"Số 46, phố Lưu Quang Vũ",21.0152,105.7999,18.949583333333333,6.339364581494067,6.8,30.11,24,1231.9624999999999,425.6759573977861,,,,,,,0,0,2,183,7,2025,0,summer,train
2025-07-03 00:00:00+00:00,2161292,"Số 46, phố Lưu Quang Vũ",21.0152,105.7999,21.801578947368423,6.911107124723844,13.0,39.25,19,1205.1404545454545,477.84625083667754,,,,,,,11,0,3,184,7,2025,0,summer,train
2025-07-04 00:00:00+00:00,2161292,"Số 46, phố Lưu Quang Vũ",21.0152,105.7999,25.766666666666666,5.928914166051469,14.13,37.13,24,891.7041666666668,407.61334351069894,,,,,,,0,0,4,185,7,2025,0,summer,train
2025-07-05 00:00:00+00:00,2161292,"Số 46, phố Lưu Quang Vũ",21.0152,105.7999,21.719583333333333,6.055301291586081,15.21,39.1,24,725.5958333333333,246.9047967892406,,,,,,,0,0,5,186,7,2025,1,summer,train
2025-07-06 00:00:00+00:00,2161292,"Số 46, phố Lưu Quang Vũ",21.0152,105.7999,20.372083333333332,5.720715962463826,12.12,36.29,24,702.4625,246.05773414507556,,,,,,,0,0,6,187,7,2025,1,summer,train
2025-07-07 00:00:00+00:00,2161292,"Số 46, phố Lưu Quang Vũ",21.0152,105.7999,26.798333333333332,7.710498583476759,14.61,41.3,24,1066.5625,386.5689530848673,,,,,,,0,0,0,188,7,2025,0,summer,train
2025-07-08 00:00:00+00:00,2161292,"Số 46, phố Lưu Quang Vũ",21.0152,105.7999,23.83875,10.374278896423256,9.68,41.12,24,1323.9430555555557,527.8528785754835,,,,,,,6,0,1,189,7,2025,0,summer,train
2025-07-09 00:00:00+00:00,2161292,"Số 46, phố Lưu Quang Vũ",21.0152,105.7999,25.297727272727272,8.784948671459222,14.08,46.76,22,859.9545454545455,480.97364122141204,,,,,,,2,0,2,190,7,2025,0,summer,train
2025-07-10 00:00:00+00:00,2161292,"Số 46, phố Lưu Quang Vũ",21.0152,105.7999,15.283333333333333,5.170492085459284,7.07,25.38,24,687.1083333333332,429.8964191894183,,,,,,,0,0,3,191,7,2025,0,summer,train
2025-07-11 00:00:00+00:00,2161292,"Số 46, phố Lưu Quang Vũ",21.0152,105.7999,13.952916666666667,5.138667970835706,4.98,27.38,24,674.7624999999999,196.0319734624054,,,,,,,0,0,4,192,7,2025,0,summer,train
2025-07-12 00:00:00+00:00,2161292,"Số 46, phố Lưu Quang Vũ",21.0152,105.7999,14.450416666666667,4.681686317488851,3.89,23.53,24,795.4,200.0275002832491,,,,,,,0,0,5,193,7,2025,1,summer,train
2025-07-13 00:00:00+00:00,2161292,"Số 46, phố Lưu Quang Vũ",21.0152,105.7999,20.233333333333334,7.444545518096757,7.34,34.42,24,964.2666666666668,271.737795080777,,,,,,,0,0,6,194,7,2025,1,summer,train
2025-07-14 00:00:00+00:00,2161292,"Số 46, phố Lưu Quang Vũ",21.0152,105.7999,36.59083333333333,12.586575635647847,17.2,71.32,24,2234.2000000000003,929.3990667185926,,,,,,,0,0,0,195,7,2025,0,summer,train
2025-07-15 00:00:00+00:00,2161292,"Số 46, phố Lưu Quang Vũ",21.0152,105.7999,43.617916666666666,14.952402156630994,20.17,67.27,24,1118.7208333333333,619.8608925144741,,,,,,,0,0,1,196,7,2025,0,summer,train
2025-07-16 00:00:00+00:00,2161292,"Số 46, phố Lưu Quang Vũ",21.0152,105.7999,23.046666666666667,13.542363375611416,7.58,62.71,24,992.5729166666666,514.4964061604247,,,,,,,1,0,2,197,7,2025,0,summer,train
2025-07-17 00:00:00+00:00,2161292,"Số 46, phố Lưu Quang Vũ",21.0152,105.7999,25.055000000000003,11.465542706964088,8.71,54.64,24,920.0333333333333,351.06051957717654,,,,,,,0,0,3,198,7,2025,0,summer,train
2025-07-18 00:00:00+00:00,2161292,"Số 46, phố Lưu Quang Vũ",21.0152,105.7999,18.967499999999998,8.114478873674164,7.29,35.96,24,1053.8416666666667,371.82391451572494,,,,,,,0,0,4,199,7,2025,0,summer,train
2025-07-19 00:00:00+00:00,2161292,"Số 46, phố Lưu Quang Vũ",21.0152,105.7999,24.734166666666667,12.191163555648808,9.77,55.93,24,837.0833333333334,310.6699418251195,,,,,,,0,0,5,200,7,2025,1,summer,train
2025-07-20 00:00:00+00:00,2161292,"Số 46, phố Lưu Quang Vũ",21.0152,105.7999,25.741666666666664,9.23215819446007,8.97,43.14,24,1017.8375,401.20726055732473,,,,,,,0,0,6,201,7,2025,1,summer,train
2025-07-21 00:00:00+00:00,2161292,"Số 46, phố Lưu Quang Vũ",21.0152,105.7999,21.40416666666667,5.884686033268463,13.14,39.49,24,695.4541666666668,305.01304744603766,,,,,,,0,0,0,202,7,2025,0,summer,train
2025-07-22 00:00:00+00:00,2161292,"Số 46, phố Lưu Quang Vũ",21.0152,105.7999,15.094166666666666,6.0967089601626485,7.32,29.54,24,557.1083333333333,112.68574971311054,,,,,,,0,0,1,203,7,2025,0,summer,train
2025-07-23 00:00:00+00:00,2161292,"Số 46, phố Lưu Quang Vũ",21.0152,105.7999,17.472083333333334,6.25126768303258,9.8,35.94,24,1350.4291666666666,594.5385923621535,,,,,,,0,0,2,204,7,2025,0,summer,train
2025-07-24 00:00:00+00:00,2161292,"Số 46, phố Lưu Quang Vũ",21.0152,105.7999,15.944583333333334,4.211274700307412,9.62,26.96,24,1062.6916666666666,500.07126702246075,,,,,,,0,0,3,205,7,2025,0,summer,train
2025-07-25 00:00:00+00:00,2161292,"Số 46, phố Lưu Quang Vũ",21.0152,105.7999,28.590833333333332,7.965001114477211,15.68,47.88,24,1235.6916666666668,504.4058380835353,,,,,,,0,0,4,206,7,2025,0,summer,train
2025-07-26 00:00:00+00:00,2161292,"Số 46, phố Lưu Quang Vũ",21.0152,105.7999,28.625833333333333,10.43991500742793,12.82,57.41,24,896.1374999999999,312.0204296718545,,,,,,,0,0,5,207,7,2025,1,summer,train
2025-07-27 00:00:00+00:00,2161292,"Số 46, phố Lưu Quang Vũ",21.0152,105.7999,24.11,9.259476461864683,9.58,41.06,24,750.7916666666666,262.28029632547634,,,,,,,0,0,6,208,7,2025,1,summer,train
2025-07-28 00:00:00+00:00,2161292,"Số 46, phố Lưu Quang Vũ",21.0152,105.7999,29.26357683982684,5.270149443141912,19.94,38.95,24,948.6958333333333,467.69188341040416,,,,,,,4,0,0,209,7,2025,0,summer,train
2025-07-29 00:00:00+00:00,2161292,"Số 46, phố Lưu Quang Vũ",21.0152,105.7999,28.865714285714283,0.11625937467300643,28.783506493506493,28.947922077922076,2,209.4826086956522,338.01664516864724,,,,,,,24,0,1,210,7,2025,0,summer,train
2025-07-30 00:00:00+00:00,2161292,"Số 46, phố Lưu Quang Vũ",21.0152,105.7999,27.143709273182957,1.5452180859045836,24.727922077922077,29.89160173160173,0,1052.3083333333332,386.63830858654785,,,,,,,24,1,2,211,7,2025,0,summer,train
2025-07-31 00:00:00+00:00,2161292,"Số 46, phố Lưu Quang Vũ",21.0152,105.7999,25.421704260651627,2.9741767971361606,20.67233766233766,30.835281385281384,0,875.7458333333334,322.75475947612733,,,,,,,24,1,3,212,7,2025,0,summer,train
2025-08-01 00:00:00+00:00,2161292,"Số 46, phố Lưu Quang Vũ",21.0152,105.7999,23.699699248120297,4.403135508367738,16.616753246753248,31.778961038961036,0,704.4105926860025,117.47629577029478,,,,,,,24,1,4,213,8,2025,0,summer,train
2025-08-02 00:00:00+00:00,2161292,"Số 46, phố Lưu Quang Vũ",21.0152,105.7999,21.97769423558897,5.832094219599315,12.561168831168832,32.722640692640695,0,563.8352963430012,98.29057511787232,,,,,,,24,1,5,214,8,2025,1,summer,train
2025-08-03 00:00:00+00:00,2161292,"Số 46, phố Lưu Quang Vũ",21.0152,105.7999,20.25568922305764,7.261052930830892,8.505584415584416,33.66632034632035,0,423.26000000000005,79.10485446544985,,,,,,,24,1,6,215,8,2025,1,summer,train
2025-08-04 00:00:00+00:00,2161292,"Số 46, phố Lưu Quang Vũ",21.0152,105.7999,18.533684210526314,8.69001164206247,4.45,34.61,19,746.1416666666668,380.69697514435023,,,,,,,5,0,0,216,8,2025,0,summer,train
2025-08-05 00:00:00+00:00,2161292,"Số 46, phố Lưu Quang Vũ",21.0152,105.7999,19.936666666666667,5.235555422274713,11.53,33.31,24,715.8291666666668,216.5283985374399,,,,,,,0,0,1,217,8,2025,0,summer,train
2025-08-06 00:00:00+00:00,2161292,"Số 46, phố Lưu Quang Vũ",21.0152,105.7999,24.473333333333333,7.137318656074122,9.52,34.07,24,1488.6875,658.207091123987,,,,,,,6,0,2,218,8,2025,0,summer,train
2025-08-07 00:00:00+00:00,2161292,"Số 46, phố Lưu Quang Vũ",21.0152,105.7999,25.300416666666667,10.729990266686563,10.61,44.72,24,1254.4041666666667,414.73427163527316,,,,,,,0,0,3,219,8,2025,0,summer,train
2025-08-08 00:00:00+00:00,2161292,"Số 46, phố Lưu Quang Vũ",21.0152,105.7999,20.420416666666664,6.850948826172956,10.11,34.53,24,879.8416666666667,432.71337929764593,,,,,,,0,0,4,220,8,2025,0,summer,train
2025-08-09 00:00:00+00:00,2161292,"Số 46, phố Lưu Quang Vũ",21.0152,105.7999,18.70375,7.2537155771310085,6.79,32.61,24,811.0124999999999,490.2271251009908,,,,,,,0,0,5,221,8,2025,1,summer,train
2025-08-10 00:00:00+00:00,2161292,"Số 46, phố Lưu Quang Vũ",21.0152,105.7999,18.169999999999998,4.680290775061997,11.59,27.57,24,958.6625,397.12033748682796,,,,,,,0,0,6,222,8,2025,1,summer,train
2025-08-11 00:00:00+00:00,2161292,"Số 46, phố Lưu Quang Vũ",21.0152,105.7999,21.395416666666666,5.9920701069552464,12.86,33.62,24,839.9125,382.49134950434126,,,,,,,0,0,0,223,8,2025,0,summer,train
2025-08-12 00:00:00+00:00,2161292,"Số 46, phố Lưu Quang Vũ",21.0152,105.7999,20.20875,5.044858176573364,9.88,27.27,24,930.2166666666667,190.50902903780576,,,,,,,0,0,1,224,8,2025,0,summer,train
2025-08-13 00:00:00+00:00,2161292,"Số 46, phố Lưu Quang Vũ",21.0152,105.7999,29.430833333333336,7.943810780107046,14.32,48.75,24,1053.5041666666668,379.2765235105277,,,,,,,0,0,2,225,8,2025,0,summer,train
2025-08-14 00:00:00+00:00,2161292,"Số 46, phố Lưu Quang Vũ",21.0152,105.7999,36.54666666666667,9.946013257086728,20.28,55.51,24,1690.9083333333335,1602.6574535306938,,,,,,,2,0,3,226,8,2025,0,summer,train
2025-08-15 00:00:00+00:00,2161292,"Số 46, phố Lưu Quang Vũ",21.0152,105.7999,17.298750000000002,5.667656760264678,9.82,34.02,24,958.2166666666667,380.51969230498975,,,,,,,0,0,4,227,8,2025,0,summer,train
2025-08-16 00:00:00+00:00,2161292,"Số 46, phố Lưu Quang Vũ",21.0152,105.7999,15.645000000000001,4.908944808248997,8.98,29.33,24,929.15,322.9367295684215,,,,,,,0,0,5,228,8,2025,1,summer,train
2025-08-17 00:00:00+00:00,2161292,"Số 46, phố Lưu Quang Vũ",21.0152,105.7999,17.018333333333334,3.6590538889607576,10.79,25.36,24,944.5666666666666,502.39159995977735,,,,,,,0,0,6,229,8,2025,1,summer,train
2025-08-18 00:00:00+00:00,2161292,"Số 46, phố Lưu Quang Vũ",21.0152,105.7999,13.850416666666668,4.448043516332592,6.6,25.19,24,937.7708333333334,465.27978350494215,,,,,,,0,0,0,230,8,2025,0,summer,train
2025-08-19 00:00:00+00:00,2161292,"Số 46, phố Lưu Quang Vũ",21.0152,105.7999,14.74125,5.085603989181876,6.79,27.36,24,850.1166666666667,417.0266633813892,,,,,,,0,0,1,231,8,2025,0,summer,train
2025-08-20 00:00:00+00:00,2161292,"Số 46, phố Lưu Quang Vũ",21.0152,105.7999,25.023333333333337,9.030720837263198,12.57,48.59,24,1047.475,577.6284282191767,,,,,,,1,0,2,232,8,2025,0,summer,train
2025-08-21 00:00:00+00:00,2161292,"Số 46, phố Lưu Quang Vũ",21.0152,105.7999,20.22458333333333,5.430694550156678,9.62,34.79,24,1048.7,478.28507053393605,,,,,,,0,0,3,233,8,2025,0,summer,train
2025-08-22 00:00:00+00:00,2161292,"Số 46, phố Lưu Quang Vũ",21.0152,105.7999,18.969583333333333,5.19761105589922,12.52,28.78,24,774.2041666666668,300.7208621602528,,,,,,,0,0,4,234,8,2025,0,summer,train
2025-08-23 00:00:00+00:00,2161292,"Số 46, phố Lưu Quang Vũ",21.0152,105.7999,18.640833333333333,10.011917644863855,4.33,38.35,24,1536.7124999999999,929.551177491636,,,,,,,0,0,5,235,8,2025,1,summer,train
2025-08-24 00:00:00+00:00,2161292,"Số 46, phố Lưu Quang Vũ",21.0152,105.7999,22.594583333333333,12.404878766442861,8.78,46.5,24,703.6041666666666,191.02874010761164,,,,,,,0,0,6,236,8,2025,1,summer,train
2025-08-25 00:00:00+00:00,2161292,"Số 46, phố Lưu Quang Vũ",21.0152,105.7999,13.205416666666666,2.5868630981182203,7.91,17.86,24,954.9499999999999,405.0783906957956,,,,,,,0,0,0,237,8,2025,0,summer,train
2025-08-26 00:00:00+00:00,2161292,"Số 46, phố Lưu Quang Vũ",21.0152,105.7999,10.571666666666667,3.520704804274363,4.46,15.11,24,1213.2124999999999,573.3665868189694,,,,,,,0,0,1,238,8,2025,0,summer,train
2025-08-27 00:00:00+00:00,2161292,"Số 46, phố Lưu Quang Vũ",21.0152,105.7999,20.115416666666665,12.340325194491314,6.93,45.21,24,2052.0,1004.9822347553777,,,,,,,0,0,2,239,8,2025,0,summer,train
2025-08-28 00:00:00+00:00,2161292,"Số 46, phố Lưu Quang Vũ",21.0152,105.7999,32.93875,10.147213073163192,18.79,51.02,24,1656.5249999999999,467.93515924844706,,,,,,,0,0,3,240,8,2025,0,summer,train
2025-08-29 00:00:00+00:00,2161292,"Số 46, phố Lưu Quang Vũ",21.0152,105.7999,23.230416666666667,8.536198868535596,14.14,39.85,24,1032.9583333333333,468.0492290316283,,,,,,,0,0,4,241,8,2025,0,summer,train
2025-08-30 00:00:00+00:00,2161292,"Số 46, phố Lưu Quang Vũ",21.0152,105.7999,14.785416666666665,5.773961023924312,5.76,29.31,24,861.9666666666667,238.31882676029986,,,,,,,0,0,5,242,8,2025,1,summer,train
2025-08-31 00:00:00+00:00,2161292,"Số 46, phố Lưu Quang Vũ",21.0152,105.7999,16.918333333333333,5.171094129171661,7.49,30.99,24,880.8791666666666,177.82453975311117,,,,,,,0,0,6,243,8,2025,1,summer,train
2025-09-01 00:00:00+00:00,2161292,"Số 46, phố Lưu Quang Vũ",21.0152,105.7999,26.272916666666664,6.130776586858392,14.97,39.31,24,1282.3625,695.1843245171369,,,,,,,0,0,0,244,9,2025,0,autumn,train
2025-09-02 00:00:00+00:00,2161292,"Số 46, phố Lưu Quang Vũ",21.0152,105.7999,21.034583333333334,6.042417439609144,13.89,34.4,24,1068.3291666666667,370.34350033820436,,,,,,,0,0,1,245,9,2025,0,autumn,train
2025-09-03 00:00:00+00:00,2161292,"Số 46, phố Lưu Quang Vũ",21.0152,105.7999,18.63083333333333,4.110973561480104,12.34,26.99,24,834.0,347.67795943697786,80.26087515071826,1.706281709031718,176.20123635036776,33.981791784440844,,,0,0,2,246,9,2025,0,autumn,train
2025-09-04 00:00:00+00:00,2161292,"Số 46, phố Lưu Quang Vũ",21.0152,105.7999,24.287499999999998,11.330944643838796,7.66,52.27,24,954.2875,343.976287494786,80.24805171648867,1.7080341705296709,177.26796449079143,34.18415951610923,,,0,0,3,247,9,2025,0,autumn,train
2025-09-05 00:00:00+00:00,2161292,"Số 46, phố Lưu Quang Vũ",21.0152,105.7999,22.61708333333333,6.223226116501107,11.76,34.16,24,922.2791666666667,419.3439575867198,80.23522828225907,1.709786632027624,178.3346926312151,34.38652724777763,,,0,0,4,248,9,2025,0,autumn,train
2025-09-06 00:00:00+00:00,2161292,"Số 46, phố Lưu Quang Vũ",21.0152,105.7999,17.475416666666664,10.002290163482199,5.1,37.04,24,827.9583333333334,312.8266083376828,80.22240484802948,1.711539093525577,179.40142077163873,34.58889497944602,,,0,0,5,249,9,2025,1,autumn,validation
2025-09-07 00:00:00+00:00,2161292,"Số 46, phố Lưu Quang Vũ",21.0152,105.7999,48.58958333333334,87.67400172274395,6.46,332.19,24,919.5791666666668,314.3346540941561,80.20958141379988,1.71329155502353,180.4681489120624,34.79126271111441,,,0,0,6,250,9,2025,1,autumn,validation
2025-09-08 00:00:00+00:00,2161292,"Số 46, phố Lưu Quang Vũ",21.0152,105.7999,37.819583333333334,11.73345365190698,16.16,58.08,24,1031.6541666666667,494.98580039287964,80.1967579795703,1.7150440165214829,181.53487705248602,34.9936304427828,,,0,0,0,251,9,2025,0,autumn,validation
2025-09-09 00:00:00+00:00,2161292,"Số 46, phố Lưu Quang Vũ",21.0152,105.7999,26.59166666666667,5.868920104108233,16.0,36.29,24,1439.5958333333335,864.2745449869034,80.18393454534069,1.7167964780194358,182.6016051929097,35.1959981744512,,,0,0,1,252,9,2025,0,autumn,validation
2025-09-10 00:00:00+00:00,2161292,"Số 46, phố Lưu Quang Vũ",21.0152,105.7999,23.713125,11.99888435144484,0.44,48.17,24,1141.9416666666666,773.6637224185152,80.1711111111111,1.7185489395173887,183.66833333333335,35.39836590611959,,,1,0,2,253,9,2025,0,autumn,validation
2025-09-11 00:00:00+00:00,2161292,"Số 46, phố Lưu Quang Vũ",21.0152,105.7999,16.547916666666666,3.0380041777551865,9.48,21.56,24,1080.7333333333333,488.2384482185325,79.69916666666667,1.1884001546348903,163.24083333333334,19.751311880847126,,,0,0,3,254,9,2025,0,autumn,validation
2025-09-12 00:00:00+00:00,2161292,"Số 46, phố Lưu Quang Vũ",21.0152,105.7999,17.640416666666667,4.936712054170985,9.17,26.54,24,813.7041666666668,427.9612228260332,79.82791666666667,1.4556725000961712,143.98749999999998,19.772310073741366,,,0,0,4,255,9,2025,0,autumn,validation
2025-09-13 00:00:00+00:00,2161292,"Số 46, phố Lưu Quang Vũ",21.0152,105.7999,14.616666666666667,3.5174579094749,8.46,20.5,24,679.8166666666667,219.90895085618195,79.85291666666667,1.2972059578576758,143.40916666666666,18.489120635770046,,,0,0,5,256,9,2025,1,autumn,validation
2025-09-14 00:00:00+00:00,2161292,"Số 46, phố Lưu Quang Vũ",21.0152,105.7999,16.9525,3.281242142847735,10.11,21.83,24,710.6833333333334,169.08251823004795,79.99958333333333,1.6032100384965893,154.51708333333332,23.654347422678,,,0,0,6,257,9,2025,1,autumn,validation
2025-09-15 00:00:00+00:00,2161292,"Số 46, phố Lưu Quang Vũ",21.0152,105.7999,16.605,3.4642760709349045,11.43,23.75,24,1037.5541666666666,485.1959872761115,80.36916666666666,2.068717133807849,140.78916666666666,33.985774379068175,,,0,0,0,258,9,2025,0,autumn,validation
2025-09-16 00:00:00+00:00,2161292,"Số 46, phố Lưu Quang Vũ",21.0152,105.7999,19.407083333333333,4.4565696294705015,11.23,30.16,24,1076.7958333333333,485.19273667380315,79.32583333333334,1.7886961893991395,142.44291666666666,35.207807864186144,,,0,0,1,259,9,2025,0,autumn,validation
2025-09-17 00:00:00+00:00,2161292,"Số 46, phố Lưu Quang Vũ",21.0152,105.7999,23.694791666666664,5.6922726948883104,14.91,33.7,24,1045.5354166666666,357.8475678879166,78.76479166666667,1.3807854405993025,94.48812500000001,20.162897523642606,,,1,0,2,260,9,2025,0,autumn,validation
2025-09-18 00:00:00+00:00,2161292,"Số 46, phố Lưu Quang Vũ",21.0152,105.7999,24.925416666666667,7.127102575604508,12.59,38.75,24,1192.1291666666666,713.496089065889,78.14291666666666,1.5158939941332559,113.7025,17.756440411494545,,,0,0,3,261,9,2025,0,autumn,validation
2025-09-19 00:00:00+00:00,2161292,"Số 46, phố Lưu Quang Vũ",21.0152,105.7999,59.32375,63.91802975344368,3.64,224.82,24,292.06666666666666,318.6992372277094,76.86966767371601,0.0074401252730956205,80.19166666666666,34.21042347180291,,,6,0,4,262,9,2025,0,autumn,validation
2025-09-20 00:00:00+00:00,2161292,"Số 46, phố Lưu Quang Vũ",21.0152,105.7999,32.17625,4.867864287076141,24.28,41.55,24,973.2583333333333,375.7876885743571,76.7743587060644,0.0314104900868772,85.82249999999999,25.863594230534535,,,0,0,5,263,9,2025,1,autumn,validation
2025-09-21 00:00:00+00:00,2161292,"Số 46, phố Lưu Quang Vũ",21.0152,105.7999,33.64208333333333,7.886135869313653,16.71,48.67,24,1072.5958333333333,375.82462431665346,76.67904973841279,0.055380854900658784,69.15166666666667,23.586353583424437,,,0,0,6,264,9,2025,1,autumn,validation
2025-09-22 00:00:00+00:00,2161292,"Số 46, phố Lưu Quang Vũ",21.0152,105.7999,21.682083333333335,11.712579628671516,5.11,59.61,24,1313.7833333333333,539.8341779751861,76.58374077076118,0.07935121971444037,50.06,10.192769389429303,,,0,0,0,265,9,2025,0,autumn,validation
2025-09-23 00:00:00+00:00,2161292,"Số 46, phố Lưu Quang Vũ",21.0152,105.7999,26.131666666666664,5.4061371459277385,18.65,38.32,24,1147.3083333333334,503.80439692634565,76.48843180310956,0.10332158452822195,51.718333333333334,20.519328463176127,,,0,0,1,266,9,2025,0,autumn,validation
2025-09-24 00:00:00+00:00,2161292,"Số 46, phố Lưu Quang Vũ",21.0152,105.7999,24.347916666666666,5.917246700492786,15.06,35.12,24,900.0124999999999,368.81893202432707,76.39312283545796,0.12729194934200352,42.85791666666666,11.504494010061293,,,0,0,2,267,9,2025,0,autumn,validation
2025-09-25 00:00:00+00:00,2161292,"Số 46, phố Lưu Quang Vũ",21.0152,105.7999,16.747916666666665,5.749772002411063,8.06,29.53,24,906.5833333333334,366.29607253371296,76.29781386780635,0.15126231415578512,34.214166666666664,3.8014138292810578,,,0,0,3,268,9,2025,0,autumn,validation
2025-09-26 00:00:00+00:00,2161292,"Số 46, phố Lưu Quang Vũ",21.0152,105.7999,21.858333333333334,6.187555299123407,12.31,35.34,24,1264.3041666666666,676.0478240603002,76.20250490015474,0.1752326789695667,38.209583333333335,9.735507168033953,,,0,0,4,269,9,2025,0,autumn,validation
2025-09-27 00:00:00+00:00,2161292,"Số 46, phố Lưu Quang Vũ",21.0152,105.7999,18.20375,5.090439301534661,11.5,31.68,24,870.15,237.30905184370133,,,42.60041666666667,12.464274331121299,,,0,0,5,270,9,2025,1,autumn,validation
2025-09-28 00:00:00+00:00,2161292,"Số 46, phố Lưu Quang Vũ",21.0152,105.7999,18.06833333333333,4.020709072946632,11.64,27.81,24,838.2666666666668,248.98192298039328,,,29.444999999999997,8.166450987983119,,,0,0,6,271,9,2025,1,autumn,validation
2025-09-29 00:00:00+00:00,2161292,"Số 46, phố Lưu Quang Vũ",21.0152,105.7999,14.433333333333332,3.017196606507246,9.27,19.38,24,656.2083333333334,291.19244483251316,,,30.003333333333334,6.913885629134576,,,0,0,0,272,9,2025,0,autumn,validation
2025-09-30 00:00:00+00:00,2161292,"Số 46, phố Lưu Quang Vũ",21.0152,105.7999,9.669166666666667,3.4553901392596402,4.59,18.3,24,1183.625,516.3434467483828,,,30.508333333333336,5.611095116445372,,,0,0,1,273,9,2025,0,autumn,validation
2025-10-01 00:00:00+00:00,2161292,"Số 46, phố Lưu Quang Vũ",21.0152,105.7999,16.494583333333335,5.2749926677605465,6.9,28.56,24,1535.2,749.4348131294907,,,44.324999999999996,7.036192152009495,,,0,0,2,274,10,2025,0,autumn,validation
2025-10-02 00:00:00+00:00,2161292,"Số 46, phố Lưu Quang Vũ",21.0152,105.7999,20.474166666666665,7.888829150280721,8.56,43.28,24,1200.3833333333334,517.5393231576637,,,47.507083333333334,14.271009067996582,,,0,0,3,275,10,2025,0,autumn,validation
2025-10-03 00:00:00+00:00,2161292,"Số 46, phố Lưu Quang Vũ",21.0152,105.7999,17.846666666666668,5.996314568616052,7.93,28.7,24,1002.5416666666666,340.915799775006,,,54.96083333333333,13.815684507319826,,,0,0,4,276,10,2025,0,autumn,validation
2025-10-04 00:00:00+00:00,2161292,"Số 46, phố Lưu Quang Vũ",21.0152,105.7999,29.0525,6.541542332428686,18.95,47.61,24,1336.5291666666667,462.3630819465386,,,63.52791666666667,28.29189190642661,,,0,0,5,277,10,2025,1,autumn,validation
2025-10-05 00:00:00+00:00,2161292,"Số 46, phố Lưu Quang Vũ",21.0152,105.7999,40.00291666666667,11.184014787873018,24.76,62.09,24,884.5875,214.03715506892723,,,67.42916666666666,23.26608427596341,,,0,0,6,278,10,2025,1,autumn,validation
2025-10-06 00:00:00+00:00,2161292,"Số 46, phố Lưu Quang Vũ",21.0152,105.7999,21.642916666666668,11.675155889161905,8.51,49.29,24,804.7333333333332,338.08545056547166,,,34.97291666666667,6.144011916291848,,,0,0,0,279,10,2025,0,autumn,validation
2025-10-07 00:00:00+00:00,2161292,"Số 46, phố Lưu Quang Vũ",21.0152,105.7999,13.237499999999999,5.036950638941227,5.96,24.98,24,728.375,232.60715015740126,,,34.02,5.703551906297171,,,0,0,1,280,10,2025,0,autumn,validation
2025-10-08 00:00:00+00:00,2161292,"Số 46, phố Lưu Quang Vũ",21.0152,105.7999,24.789583333333336,9.627870539386599,10.69,43.81,24,2161.9583333333335,2023.5435144098444,,,44.56666666666666,17.289543375836377,,,0,0,2,281,10,2025,0,autumn,validation
2025-10-09 00:00:00+00:00,2161292,"Số 46, phố Lưu Quang Vũ",21.0152,105.7999,33.56333333333333,5.609721892406514,25.26,46.64,24,1316.6291666666668,1181.3300935732925,,,54.69125,25.108502857814315,,,0,0,3,282,10,2025,0,autumn,validation
2025-10-10 00:00:00+00:00,2161292,"Số 46, phố Lưu Quang Vũ",21.0152,105.7999,35.55583333333333,7.735786358199802,25.66,54.63,24,1631.3958333333333,1397.0422020575147,,,56.75833333333333,27.208792962804395,,,0,0,4,283,10,2025,0,autumn,validation
2025-10-11 00:00:00+00:00,2161292,"Số 46, phố Lưu Quang Vũ",21.0152,105.7999,34.255833333333335,9.489185110322751,20.01,56.85,24,1899.1875,635.2615067913919,,,53.714999999999996,38.45793794919779,,,0,0,5,284,10,2025,1,autumn,validation
2025-10-12 00:00:00+00:00,2161292,"Số 46, phố Lưu Quang Vũ",21.0152,105.7999,33.59083333333333,7.4989134961798545,17.12,44.93,24,1093.5958333333333,334.26696760831453,,,206.4375,49.82773221636808,,,0,0,6,285,10,2025,1,autumn,validation
2025-10-13 00:00:00+00:00,2161292,"Số 46, phố Lưu Quang Vũ",21.0152,105.7999,21.041666666666668,11.214152032013004,8.61,46.07,24,1390.3291666666667,582.6947373525917,,,120.49166666666667,20.72182102679845,,,0,0,0,286,10,2025,0,autumn,validation
2025-10-14 00:00:00+00:00,2161292,"Số 46, phố Lưu Quang Vũ",21.0152,105.7999,19.45625,6.772842067693078,9.24,32.4,24,1437.3083333333334,722.2750029784613,,,96.14916666666666,21.31387278718736,,,0,0,1,287,10,2025,0,autumn,validation
2025-10-15 00:00:00+00:00,2161292,"Số 46, phố Lưu Quang Vũ",21.0152,105.7999,17.804583333333333,7.444849389177475,9.2,35.99,24,1218.2208333333333,544.3292066381109,,,102.04625,15.661571583226303,,,0,0,2,288,10,2025,0,autumn,validation
2025-10-16 00:00:00+00:00,2161292,"Số 46, phố Lưu Quang Vũ",21.0152,105.7999,17.275000000000002,7.840041038046986,6.08,42.41,24,1372.8791666666666,837.9224535974398,,,87.06416666666667,32.33472395410862,,,0,0,3,289,10,2025,0,autumn,validation
2025-10-17 00:00:00+00:00,2161292,"Số 46, phố Lưu Quang Vũ",21.0152,105.7999,28.77625,7.4374030136168185,17.68,43.46,24,1497.3625,998.2033698916487,,,104.825,15.054323371507369,,,0,0,4,290,10,2025,0,autumn,validation
2025-10-18 00:00:00+00:00,2161292,"Số 46, phố Lưu Quang Vũ",21.0152,105.7999,34.72666666666667,8.29336962338861,22.01,48.13,24,1075.0874999999999,408.40380413049644,,,109.38708333333334,18.25551030074426,,,0,0,5,291,10,2025,1,autumn,validation
2025-10-19 00:00:00+00:00,2161292,"Số 46, phố Lưu Quang Vũ",21.0152,105.7999,32.990833333333335,10.274682230002846,20.11,59.83,24,980.2958333333332,221.68990775241744,,,88.75333333333333,40.71642310106485,,,0,0,6,292,10,2025,1,autumn,validation
2025-10-20 00:00:00+00:00,2161292,"Số 46, phố Lưu Quang Vũ",21.0152,105.7999,22.43625,5.583012131145851,12.43,35.13,24,946.5166666666668,295.3837366614113,,,18.069583333333334,8.101127392914634,,,0,0,0,293,10,2025,0,autumn,validation
2025-10-21 00:00:00+00:00,2161292,"Số 46, phố Lưu Quang Vũ",21.0152,105.7999,15.951666666666666,3.602843884762567,10.72,25.55,24,801.1083333333332,266.8165481418251,,,14.2875,4.43143047863289,,,0,0,1,294,10,2025,0,autumn,validation
2025-10-22 00:00:00+00:00,2161292,"Số 46, phố Lưu Quang Vũ",21.0152,105.7999,9.528333333333334,3.0913071199971265,5.1,16.73,24,774.8833333333333,343.65544001117655,,,13.600833333333334,3.5436764459559775,,,0,0,2,295,10,2025,0,autumn,validation
2025-10-23 00:00:00+00:00,2161292,"Số 46, phố Lưu Quang Vũ",21.0152,105.7999,16.660833333333333,5.362954990663641,5.1,27.04,24,874.7666666666668,283.04991826864045,73.62916277356128,0.8224325289416694,6.623333333333334,3.222179476644674,,,0,0,3,296,10,2025,0,autumn,validation
2025-10-24 00:00:00+00:00,2161292,"Số 46, phố Lưu Quang Vũ",21.0152,105.7999,26.592083333333335,5.222461504565318,17.5,37.9,24,1074.0333333333333,294.83006552289044,73.53385380590966,0.846402893755451,4.925833333333333,2.7378298557142995,,,0,0,4,297,10,2025,0,autumn,validation
2025-10-25 00:00:00+00:00,2161292,"Số 46, phố Lưu Quang Vũ",21.0152,105.7999,28.889166666666668,6.211555792417777,18.24,42.28,24,977.0520833333334,212.0727497608385,73.43854483825805,0.8703732585692325,11.609583333333333,10.139569272717253,,,0,0,5,298,10,2025,1,autumn,validation
2025-10-26 00:00:00+00:00,2161292,"Số 46, phố Lưu Quang Vũ",21.0152,105.7999,28.675416666666667,6.12425042736672,19.29,41.76,24,953.4333333333334,345.4498323442445,73.34323587060645,0.8943436233830141,14.518749999999999,11.043380591617064,,,0,0,6,299,10,2025,1,autumn,validation
2025-10-27 00:00:00+00:00,2161292,"Số 46, phố Lưu Quang Vũ",21.0152,105.7999,29.24875,11.006021795402258,15.45,52.61,24,1404.6666666666667,448.41900986220156,73.24792690295483,0.9183139881967957,10.813749999999999,7.450051539068881,,,0,0,0,300,10,2025,0,autumn,validation
2025-10-28 00:00:00+00:00,2161292,"Số 46, phố Lưu Quang Vũ",21.0152,105.7999,33.15541666666667,11.815759549512,17.72,59.63,24,1496.7291666666667,441.6902509768253,73.15261793530323,0.9422843530105772,14.88875,9.419173467154526,,,0,0,1,301,10,2025,0,autumn,validation
2025-10-29 00:00:00+00:00,2161292,"Số 46, phố Lưu Quang Vũ",21.0152,105.7999,38.71541666666666,11.774603096483132,15.53,51.75,24,1388.4958333333334,479.8940865750589,73.05730896765161,0.9662547178243589,16.712083333333336,11.269835066563141,,,0,0,2,302,10,2025,0,autumn,validation
2025-10-30 00:00:00+00:00,2161292,"Số 46, phố Lưu Quang Vũ",21.0152,105.7999,23.89833333333333,9.483624635754198,12.19,43.51,24,1430.0874999999999,491.22800100095196,72.962,0.9902250826381405,8.56875,2.68459909159798,,,0,0,3,303,10,2025,0,autumn,validation
2025-10-31 00:00:00+00:00,2161292,"Số 46, phố Lưu Quang Vũ",21.0152,105.7999,14.547083333333333,6.538936543749941,3.48,26.98,24,1409.5833333333333,579.1868660433361,72.72291666666666,0.8629095331023054,5.845416666666666,2.1232276069735185,,,0,0,4,304,10,2025,0,autumn,validation
2025-11-01 00:00:00+00:00,2161292,"Số 46, phố Lưu Quang Vũ",21.0152,105.7999,11.003749999999998,5.889693143627006,2.78,22.46,24,1044.4541666666667,237.1877846755084,72.31750000000001,0.9427492174255682,6.795416666666667,1.141684412217951,,,0,0,5,305,11,2025,1,autumn,validation
2025-11-02 00:00:00+00:00,2161292,"Số 46, phố Lưu Quang Vũ",21.0152,105.7999,11.7125,4.489447772760902,4.26,22.5,24,889.75,335.20416361427823,72.33291666666666,0.7206004692143115,7.3062499999999995,1.8163432267584518,,,0,0,6,306,11,2025,1,autumn,validation
2025-11-03 00:00:00+00:00,2161292,"Số 46, phố Lưu Quang Vũ",21.0152,105.7999,7.670000000000001,2.8037552457839237,3.88,15.63,24,830.3333333333334,333.4086272933308,72.21291666666666,0.7603287570785235,7.370416666666666,1.4255448360925536,,,0,0,0,307,11,2025,0,autumn,validation
2025-11-04 00:00:00+00:00,2161292,"Số 46, phố Lưu Quang Vũ",21.0152,105.7999,9.098333333333333,2.374206808813102,5.6,13.19,24,1054.1125,584.8663498853913,72.36125,0.6618111677352758,6.93625,3.3352319683357403,,,0,0,1,308,11,2025,0,autumn,validation
2025-11-05 00:00:00+00:00,2161292,"Số 46, phố Lưu Quang Vũ",21.0152,105.7999,15.07875,4.338892177282923,5.83,21.67,24,1296.9166666666667,577.6678123708082,72.64041666666667,0.6162684280103305,7.994583333333334,6.397984043340573,,,0,0,2,309,11,2025,0,autumn,validation
2025-11-06 00:00:00+00:00,2161292,"Số 46, phố Lưu Quang Vũ",21.0152,105.7999,34.08375,11.384199504996618,19.51,54.83,24,1634.8291666666667,617.2330308155178,72.60000000000001,0.6378905453336722,11.517083333333332,9.390228260024477,,,0,0,3,310,11,2025,0,autumn,validation
2025-11-07 00:00:00+00:00,2161292,"Số 46, phố Lưu Quang Vũ",21.0152,105.7999,36.964166666666664,10.99580509604208,17.0,52.26,24,1571.75,649.0866981683807,72.71458333333332,0.9189643469767984,8.913333333333332,5.790531001157174,,,0,0,4,311,11,2025,0,autumn,validation
2025-11-08 00:00:00+00:00,2161292,"Số 46, phố Lưu Quang Vũ",21.0152,105.7999,22.575416666666666,4.411951140064772,12.99,29.55,24,1494.5541666666668,439.60895664726036,73.01291666666667,0.8255089558762414,21.992500000000003,9.59340862938897,,,0,0,5,312,11,2025,1,autumn,validation
2025-11-09 00:00:00+00:00,2161292,"Số 46, phố Lưu Quang Vũ",21.0152,105.7999,24.710416666666664,8.064133948576231,10.31,37.25,24,1559.2708333333333,421.3892153952795,73.0975,0.9729929174414896,35.48,10.46434816931736,,,0,0,6,313,11,2025,1,autumn,validation
2025-11-10 00:00:00+00:00,2161292,"Số 46, phố Lưu Quang Vũ",21.0152,105.7999,16.50125,8.035930893560929,8.04,36.02,24,1373.5874999999999,555.7069287911766,72.89291666666666,0.887490253059363,11.417083333333332,10.810600063450874,,,0,0,0,314,11,2025,0,autumn,validation
2025-11-11 00:00:00+00:00,2161292,"Số 46, phố Lưu Quang Vũ",21.0152,105.7999,15.604999999999999,5.206809922132495,7.53,26.39,24,1191.9833333333333,460.05447283013615,72.3625,0.6038373665295901,8.241666666666667,2.989952255932128,,,0,0,1,315,11,2025,0,autumn,validation
2025-11-12 00:00:00+00:00,2161292,"Số 46, phố Lưu Quang Vũ",21.0152,105.7999,20.350416666666668,8.172927461876892,6.97,33.07,24,1240.7833333333333,620.935045729014,72.79166666666667,0.9035710153109952,13.9125,9.294954802612473,,,0,0,2,316,11,2025,0,autumn,validation
2025-11-13 00:00:00+00:00,2161292,"Số 46, phố Lưu Quang Vũ",21.0152,105.7999,30.694166666666664,16.282242372187763,11.88,56.7,24,1546.8625000000002,848.6207248350497,72.385,0.8042928300822647,14.472916666666668,14.241922952468812,,,0,0,3,317,11,2025,0,autumn,validation
2025-11-14 00:00:00+00:00,2161292,"Số 46, phố Lưu Quang Vũ",21.0152,105.7999,35.76583333333333,11.9403637395133,19.2,59.09,24,2531.3708333333334,2521.638377252785,72.605,1.0399372890791967,11.644166666666665,12.627663185888032,,,0,0,4,318,11,2025,0,autumn,validation
2025-11-15 00:00:00+00:00,2161292,"Số 46, phố Lưu Quang Vũ",21.0152,105.7999,47.77708333333334,20.1706033362732,19.55,79.8,24,1690.5249999999999,1199.4162417972157,72.91958333333334,0.7188062517370257,15.747083333333334,16.647999613262503,,,0,0,5,319,11,2025,1,autumn,validation
2025-11-16 00:00:00+00:00,2161292,"Số 46, phố Lưu Quang Vũ",21.0152,105.7999,49.84708333333333,9.804864577548125,35.93,70.85,24,973.2041666666668,273.10271595160845,72.65791666666667,0.49234116102615283,19.44125,14.5452569028383,,,0,0,6,320,11,2025,1,autumn,validation
2025-11-17 00:00:00+00:00,2161292,"Số 46, phố Lưu Quang Vũ",21.0152,105.7999,50.161249999999995,12.22915949065291,29.72,70.24,24,1107.6166666666666,488.2535706734384,72.65875,0.7876785511869674,18.919999999999998,14.828503105432661,,,0,0,0,321,11,2025,0,autumn,validation
2025-11-18 00:00:00+00:00,2161292,"Số 46, phố Lưu Quang Vũ",21.0152,105.7999,12.110833333333334,7.784480053937123,3.43,29.9,24,821.6083333333332,329.326460095208,73.05083333333333,1.146559756559737,10.825000000000001,3.327598690268745,,,0,0,1,322,11,2025,0,autumn,validation
2025-11-19 00:00:00+00:00,2161292,"Số 46, phố Lưu Quang Vũ",21.0152,105.7999,12.834583333333333,5.601569639622116,3.7,22.54,24,1014.9,381.6625267796487,73.10541666666667,1.0980614505916158,8.366666666666667,2.174147842392442,,,0,0,2,323,11,2025,0,autumn,validation
2025-11-20 00:00:00+00:00,2161292,"Số 46, phố Lưu Quang Vũ",21.0152,105.7999,24.442916666666665,7.06872565796242,13.67,40.02,24,1277.4666666666667,884.9875777397236,73.13041666666668,1.415213854377914,9.734166666666667,8.343420691813384,,,0,0,3,324,11,2025,0,autumn,validation
2025-11-21 00:00:00+00:00,2161292,"Số 46, phố Lưu Quang Vũ",21.0152,105.7999,24.281363953488373,7.004059157068506,11.27,35.99,20,1619.9791666666667,950.9167361616466,73.95083333333334,1.462719078103958,8.964583333333334,9.20137843131299,,,10,0,4,325,11,2025,0,autumn,validation
2025-11-22 00:00:00+00:00,2161292,"Số 46, phố Lưu Quang Vũ",21.0152,105.7999,25.052048288113696,7.051390467094079,11.855,36.808055555555555,0,1887.6458333333333,1256.453082215158,74.37583333333333,0.9847220603966814,7.497083333333333,8.64825062942069,,,24,1,5,326,11,2025,1,autumn,validation
2025-11-23 00:00:00+00:00,2161292,"Số 46, phố Lưu Quang Vũ",21.0152,105.7999,25.822732622739018,7.098721777119651,12.44,37.626111111111115,0,2028.2916666666667,1554.883157337237,74.43666666666667,1.2319114404458835,17.475833333333334,21.487784177075582,,,24,1,6,327,11,2025,1,autumn,validation
2025-11-24 00:00:00+00:00,2161292,"Số 46, phố Lưu Quang Vũ",21.0152,105.7999,26.59341695736434,7.146053087145224,13.024999999999999,38.44416666666667,0,1785.1708333333333,1395.20832151212,73.6575,1.106263786453029,12.32875,13.100233423907744,,,24,1,0,328,11,2025,0,autumn,validation
2025-11-25 00:00:00+00:00,2161292,"Số 46, phố Lưu Quang Vũ",21.0152,105.7999,27.364101291989662,7.193384397170796,13.61,39.26222222222222,0,1204.3208333333334,954.9731509902878,73.60083333333334,0.917932064677075,10.361875,8.194927754211083,,,24,1,1,329,11,2025,0,autumn,validation
2025-11-26 00:00:00+00:00,2161292,"Số 46, phố Lưu Quang Vũ",21.0152,105.7999,28.134785626614985,7.240715707196369,14.195,40.08027777777778,0,1639.8500000000001,1172.58168752247,73.11583333333333,0.6405019544257367,10.350416666666666,9.716385299950876,,,24,1,2,330,11,2025,0,autumn,validation
2025-11-27 00:00:00+00:00,2161292,"Số 46, phố Lưu Quang Vũ",21.0152,105.7999,28.905469961240307,7.288047017221941,14.78,40.89833333333333,0,1849.7456521739132,1172.0369707451205,73.21879021636877,0.721495584348503,10.341927536231884,8.560896468401358,,,24,1,3,331,11,2025,0,autumn,validation
2025-11-28 00:00:00+00:00,2161292,"Số 46, phố Lưu Quang Vũ",21.0152,105.7999,29.676154295865633,7.335378327247514,15.364999999999998,41.716388888888886,0,1809.6100255754477,1123.0905754350258,71.55472680236039,0.7050979574314916,10.225225916453537,8.105768632289369,,,24,1,4,332,11,2025,0,autumn,validation
2025-11-29 00:00:00+00:00,2161292,"Số 46, phố Lưu Quang Vũ",21.0152,105.7999,30.446838630490955,,,,0,1769.4743989769822,1074.144180124931,69.89066338835201,0.6887003305144802,10.108524296675192,7.650640796177378,,,24,1,5,333,11,2025,1,autumn,validation
2025-11-30 00:00:00+00:00,2161292,"Số 46, phố Lưu Quang Vũ",21.0152,105.7999,31.217522965116277,,,,0,1729.3387723785168,1025.1977848148363,68.22659997434363,0.6723027035974687,9.991822676896845,7.195512960065388,,,24,1,6,334,11,2025,1,autumn,validation
2025-12-01 00:00:00+00:00,2161292,"Số 46, phố Lưu Quang Vũ",21.0152,105.7999,31.9882072997416,,,,0,1689.2031457800513,976.2513895047414,66.56253656033525,0.6559050766804573,9.8751210571185,6.7403851239533985,,,24,1,0,335,12,2025,0,winter,validation
2025-12-20 00:00:00+00:00,2161292,"Số 46, phố Lưu Quang Vũ",21.0152,105.7999,46.63120965762273,8.37666714781011,28.235,59.713611111111106,0,1359.7916666666667,760.9139921211839,,,18.6175,13.909232545327583,,,24,1,5,354,12,2025,1,winter,validation
2025-12-21 00:00:00+00:00,2161292,"Số 46, phố Lưu Quang Vũ",21.0152,105.7999,47.40189399224806,8.423998457835683,28.82,60.531666666666666,0,1662.6291666666666,816.9460731918742,,,18.22458333333333,19.604943693113352,,,24,1,6,355,12,2025,1,winter,validation
2025-12-22 00:00:00+00:00,2161292,"Số 46, phố Lưu Quang Vũ",21.0152,105.7999,48.17257832687338,8.471329767861256,29.404999999999998,61.34972222222222,0,971.1583333333333,699.1708977605994,,,25.989583333333332,11.328450709210617,,,24,1,0,356,12,2025,0,winter,validation
2025-12-23 00:00:00+00:00,2161292,"Số 46, phố Lưu Quang Vũ",21.0152,105.7999,48.94326266149871,8.51866107788683,29.99,62.16777777777777,0,643.2875,318.29984539123956,,,22.07166666666667,5.184865657281582,,,24,1,1,357,12,2025,0,winter,validation
2025-12-24 00:00:00+00:00,2161292,"Số 46, phố Lưu Quang Vũ",21.0152,105.7999,49.71394699612402,8.565992387912402,30.575,62.98583333333333,0,797.7833333333333,294.93704953499116,,,17.9275,11.556944552575493,,,24,1,2,358,12,2025,0,winter,validation
2025-12-25 00:00:00+00:00,2161292,"Số 46, phố Lưu Quang Vũ",21.0152,105.7999,50.48463133074935,8.613323697937973,31.16,63.803888888888885,0,948.1791666666667,419.8525289537275,,,10.99375,3.5553154479993205,,,24,1,3,359,12,2025,0,winter,validation
2025-12-26 00:00:00+00:00,2161292,"Số 46, phố Lưu Quang Vũ",21.0152,105.7999,51.255315665374674,8.660655007963546,31.744999999999997,64.62194444444444,0,933.3166666666666,478.3970469105695,,,14.894583333333335,4.917463095652213,,,24,1,4,360,12,2025,0,winter,validation
2025-12-27 00:00:00+00:00,2161292,"Số 46, phố Lưu Quang Vũ",21.0152,105.7999,52.025999999999996,8.70798631798912,32.33,65.44,15,934.6260744985674,92.6969862631306,,,17.134257060990585,3.719336953873297,,,9,0,5,361,12,2025,1,winter,validation
2025-12-28 00:00:00+00:00,2161292,"Số 46, phố Lưu Quang Vũ",21.0152,105.7999,55.712961538461535,2.775063616438268,49.74,57.2,10,975.9527834629555,133.10847543297223,,,17.758238699491258,3.4729425108298217,,,20,0,6,362,12,2025,1,winter,validation
2025-12-29 00:00:00+00:00,2161292,"Số 46, phố Lưu Quang Vũ",21.0152,105.7999,57.36106810897436,3.712615328101619,50.159375000000004,60.546875,0,1017.2794924273435,173.51996460281384,,,18.38222033799193,3.226548067786346,,,24,1,0,363,12,2025,0,winter,validation
2025-12-30 00:00:00+00:00,2161292,"Số 46, phố Lưu Quang Vũ",21.0152,105.7999,59.009174679487174,4.65016703976497,50.57875,63.893750000000004,0,1058.6062013917315,213.93145377265543,,,19.0062019764926,2.9801536247428704,,,24,1,1,364,12,2025,0,winter,validation
2025-12-31 00:00:00+00:00,2161292,"Số 46, phố Lưu Quang Vũ",21.0152,105.7999,60.65728125,5.587718751428321,50.998125,67.24062500000001,0,1099.9329103561197,254.34294294249707,,,19.630183614993275,2.733759181699395,,,24,1,2,365,12,2025,0,winter,validation
2026-01-01 00:00:00+00:00,2161292,"Số 46, phố Lưu Quang Vũ",21.0152,105.7999,62.30538782051282,6.5252704630916725,51.417500000000004,70.5875,0,1141.2596193205077,294.75443211233863,,,20.254165253493948,2.48736473865592,,,24,1,3,1,1,2026,0,winter,validation
2026-01-02 00:00:00+00:00,2161292,"Số 46, phố Lưu Quang Vũ",21.0152,105.7999,63.953494391025636,7.462822174755024,51.836875,73.934375,0,1182.5863282848957,335.16592128218025,,,20.87814689199462,2.240970295612444,,,24,1,4,2,1,2026,0,winter,validation
2026-01-03 00:00:00+00:00,2161292,"Số 46, phố Lưu Quang Vũ",21.0152,105.7999,65.60160096153845,8.400373886418375,52.25625,77.28125,0,1223.9130372492837,375.5774104520219,11.648443898058673,0.11478338841907998,21.50212853049529,1.9945758525689687,1.1885736942015086,0.09960985379057605,24,1,5,3,1,2026,1,winter,validation
2026-01-04 00:00:00+00:00,2161292,"Số 46, phố Lưu Quang Vũ",21.0152,105.7999,67.24970753205127,9.337925598081725,52.675625000000004,80.628125,0,1265.2397462136719,415.98889962186354,9.984380484050291,0.09838576150206857,22.126110168995965,1.7481814095254933,1.1830631664584361,0.09980773887529673,24,1,6,4,1,2026,1,winter,validation
2026-01-05 00:00:00+00:00,2161292,"Số 46, phố Lưu Quang Vũ",21.0152,105.7999,68.8978141025641,,,,0,1306.5664551780599,456.40038879170515,8.32031707004191,0.08198813458505716,22.750091807496638,1.5017869664820176,1.1775526387153632,0.1000056239600174,24,1,0,5,1,2026,0,winter,validation
2026-01-06 00:00:00+00:00,2161292,"Số 46, phố Lưu Quang Vũ",21.0152,105.7999,70.54592067307692,11.213029021408428,53.514375,87.321875,0,1347.8931641424479,496.8118779615467,6.6562536560335275,0.06559050766804575,23.37407344599731,1.2553925234385424,1.1720421109722903,0.10020350904473807,24,1,1,6,1,2026,0,winter,validation
2026-01-07 00:00:00+00:00,2161292,"Số 46, phố Lưu Quang Vũ",21.0152,105.7999,72.19402724358974,12.15058073307178,53.93375,90.66875,0,1389.219873106836,537.2233671313883,4.992190242025146,0.04919288075103434,23.998055084497985,1.0089980803950667,1.1665315832292178,0.10040139412945875,24,1,2,7,1,2026,0,winter,validation
2026-01-08 00:00:00+00:00,2161292,"Số 46, phố Lưu Quang Vũ",21.0152,105.7999,73.84213381410257,13.08813244473513,54.353125000000006,94.015625,0,1430.546582071224,577.6348563012299,3.3281268280167637,0.03279525383402282,24.622036722998658,0.7626036373515914,1.1610210554861449,0.10059927921417942,24,1,3,8,1,2026,0,winter,validation
2026-01-09 00:00:00+00:00,2161292,"Số 46, phố Lưu Quang Vũ",21.0152,105.7999,75.49024038461539,14.025684156398484,54.7725,97.36250000000001,0,1471.873291035612,618.0463454710716,1.6640634140083819,0.01639762691701141,25.24601836149933,0.5162091943081157,1.1555105277430724,0.1007971642989001,24,1,4,9,1,2026,0,winter,validation
2026-01-10 00:00:00+00:00,2161292,"Số 46, phố Lưu Quang Vũ",21.0152,105.7999,77.13834695512821,14.963235868061833,55.191875,100.709375,0,1513.2,658.4578346409132,0.0,0.0,25.87,0.26981475126464044,1.1500000000000001,0.10099504938362078,24,1,5,10,1,2026,1,winter,test
2026-01-11 00:00:00+00:00,2161292,"Số 46, phố Lưu Quang Vũ",21.0152,105.7999,78.78645352564102,15.900787579725183,55.611250000000005,104.05625,0,1132.475,447.8586609828945,0.0,0.0,33.093333333333334,8.290462129389445,0.9670833333333334,0.11615129438971299,24,1,6,11,1,2026,1,winter,test
2026-01-12 00:00:00+00:00,2161292,"Số 46, phố Lưu Quang Vũ",21.0152,105.7999,80.43456009615385,16.838339291388536,56.030625,107.403125,0,1277.9750000000001,639.7925086545127,0.0,0.0,35.540625,10.868623324136161,1.095625,0.07616575888210493,24,1,0,12,1,2026,0,winter,test
2026-01-13 00:00:00+00:00,2161292,"Số 46, phố Lưu Quang Vũ",21.0152,105.7999,82.08266666666667,17.775891003051886,56.45,110.75,15,1486.5249999999999,756.9365054354754,0.0,0.0,49.96041666666667,24.86140097650357,0.9466666666666667,0.1935855426390116,13,0,1,13,1,2026,0,winter,test
2026-01-14 00:00:00+00:00,2161292,"Số 46, phố Lưu Quang Vũ",21.0152,105.7999,70.57375,19.680867639069422,1.15,104.9,24,1079.125,650.7036400496875,43.56020833333333,20.665430931454818,47.3425,20.595578491065563,0.7937500000000001,0.12341874245971787,5,0,2,14,1,2026,0,winter,test
2026-01-15 00:00:00+00:00,2161292,"Số 46, phố Lưu Quang Vũ",21.0152,105.7999,92.0475,4.927276035542838,84.91,101.21,24,1207.6499999999999,445.97073505078686,53.27125,0.6451687510964106,32.42208333333333,4.358041621572963,0.835,0.1480305491385507,4,0,3,15,1,2026,0,winter,test
2026-01-16 00:00:00+00:00,2161292,"Số 46, phố Lưu Quang Vũ",21.0152,105.7999,47.682916666666664,19.16596223815786,25.67,90.04,24,717.8000000000001,374.58575579859536,52.79916666666667,0.2941255418499561,36.51,4.802026487337732,0.9404166666666667,0.131320830242146,6,0,4,16,1,2026,0,winter,test
2026-01-17 00:00:00+00:00,2161292,"Số 46, phố Lưu Quang Vũ",21.0152,105.7999,33.27525,3.3656212969206316,26.76,41.59,16,1028.685,264.1566901886617,52.53925,0.1049782290354959,32.731249999999996,5.076575734732635,0.79925,0.07957655792649344,14,0,5,17,1,2026,1,winter,test
2026-01-18 00:00:00+00:00,2161292,"Số 46, phố Lưu Quang Vũ",21.0152,105.7999,38.2725,2.3707154335066614,34.83,39.95,4,291.0,116.4,52.1175,0.33280374597250795,38.8825,1.7007522845297982,0.825,0.05567764362830022,20,0,6,18,1,2026,1,winter,test
2026-01-19 00:00:00+00:00,2161292,"Số 46, phố Lưu Quang Vũ",21.0152,105.7999,36.151666666666664,5.721209495835481,25.9,49.91,24,562.6,425.4944458841511,52.0325,0.505000768709826,46.35583333333333,7.163510400839801,0.92875,0.14981639902276744,6,0,0,19,1,2026,0,winter,test
2026-01-20 00:00:00+00:00,2161292,"Số 46, phố Lưu Quang Vũ",21.0152,105.7999,27.071467391304346,2.751418375237195,22.23,31.3,23,487.74130434782603,291.8871752968376,51.92766304347826,0.8044455056996205,43.74413043478261,6.626967915641417,0.8029347826086957,0.15986082756486442,7,0,1,20,1,2026,0,winter,test
2026-01-21 00:00:00+00:00,2161292,"Số 46, phố Lưu Quang Vũ",21.0152,105.7999,20.355,6.107092608125703,12.17,31.77,24,528.65,262.9655686787892,50.831250000000004,0.7033356085545995,27.752499999999998,0.7487536227475886,0.4770833333333333,0.12928544261779,6,0,2,21,1,2026,0,winter,test
2026-01-22 00:00:00+00:00,2161292,"Số 46, phố Lưu Quang Vũ",21.0152,105.7999,14.335217391304347,3.3268957269300774,8.12,20.86,23,397.9108695652174,188.4164324987954,50.84407608695652,0.6686004736607992,26.866793478260867,0.4520285442777885,0.30168478260869563,0.04493146405861479,7,0,3,22,1,2026,0,winter,test
2026-01-23 00:00:00+00:00,2161292,"Số 46, phố Lưu Quang Vũ",21.0152,105.7999,25.989,4.193013071215571,18.9,32.526,14,557.812987012987,133.6850119203096,51.11727272727273,0.96127669927133,27.06922077922078,0.7015199969049922,0.34985472154963676,0.04496233085004915,16,0,4,23,1,2026,0,winter,test
2026-01-24 00:00:00+00:00,2161292,"Số 46, phố Lưu Quang Vũ",21.0152,105.7999,47.6555,10.572151643798662,33.644999999999996,62.568,0,546.6264935064935,303.17241096584803,50.69163636363636,1.1484673363946671,26.534610389610393,0.5167753926516816,0.8774273607748184,0.033772755215660796,24,1,5,24,1,2026,1,winter,test
2026-01-25 00:00:00+00:00,2161292,"Số 46, phố Lưu Quang Vũ",21.0152,105.7999,69.322,16.951290216381754,48.39,92.61,10,535.4399999999999,472.65981001138647,50.266,1.3356579735180043,26.0,0.332030788398371,1.405,0.022583179581272435,14,0,6,25,1,2026,1,winter,test
2026-01-26 00:00:00+00:00,2161292,"Số 46, phố Lưu Quang Vũ",21.0152,105.7999,53.938137432188064,2.213914788082418,50.25,58.11,14,1190.6267631103074,175.04307884484513,50.1970253164557,1.0461102003812137,26.646500904159133,0.8692508121183242,1.3262115732368898,0.0374014002257978,16,0,0,26,1,2026,0,winter,test
2026-01-27 00:00:00+00:00,2161292,"Số 46, phố Lưu Quang Vũ",21.0152,105.7999,45.71309162145871,2.2938901099498823,41.86666666666667,49.63,0,991.6311754068715,205.26747580704884,56.349350210970464,1.2394404651008561,31.428667269439423,2.150206956365472,1.1251410488245932,0.10837937703794832,24,1,1,27,1,2026,0,winter,test
2026-01-28 00:00:00+00:00,2161292,"Số 46, phố Lưu Quang Vũ",21.0152,105.7999,37.48804581072935,2.373865431817346,33.483333333333334,41.150000000000006,0,792.6355877034358,235.49187276925255,62.50167510548523,1.4327707298204984,36.21083363471971,3.4311631006126193,0.9240705244122966,0.17935735385009885,24,1,2,28,1,2026,0,winter,test
2026-01-29 00:00:00+00:00,2161292,"Số 46, phố Lưu Quang Vũ",21.0152,105.7999,29.262999999999998,2.4538407536848106,25.1,32.67,10,593.64,265.71626973145624,68.654,1.6261009945401408,40.993,4.712119244859767,0.7230000000000001,0.2503353306622494,14,0,3,29,1,2026,0,winter,test
2026-01-30 00:00:00+00:00,2161292,"Số 46, phố Lưu Quang Vũ",21.0152,105.7999,27.026666666666667,4.2921897387724135,20.9,36.07,24,756.5999999999999,271.5758995518404,67.15208333333334,1.1922086889345407,44.24333333333333,13.763271876760383,0.6791666666666667,0.06710903954316287,4,0,4,30,1,2026,0,winter,test
2026-01-31 00:00:00+00:00,2161292,"Số 46, phố Lưu Quang Vũ",21.0152,105.7999,35.63117647058824,9.618714661725736,19.4,48.92,17,1020.2117647058825,277.6860139671086,64.92264705882353,1.0738120145756702,28.25735294117647,1.9679494203913095,0.6911764705882353,0.18243480474732132,13,0,5,31,1,2026,1,winter,test
2026-02-01 00:00:00+00:00,2161292,"Số 46, phố Lưu Quang Vũ",21.0152,105.7999,36.69223684210527,14.490816954442133,0.0,58.24,19,785.6999999999999,279.7907789760056,59.55565789473684,14.449413983746336,31.57197368421053,8.116899514734287,0.4771052631578947,0.1373883857937313,11,0,6,32,2,2026,1,winter,test
2026-02-02 00:00:00+00:00,2161292,"Số 46, phố Lưu Quang Vũ",21.0152,105.7999,47.131875,11.105994666268021,34.15,66.06,24,965.15,215.66916088426217,60.435,1.0280172981119489,30.680625000000003,4.325112605344865,0.44333333333333336,0.10590876576878169,3,0,0,33,2,2026,0,winter,test
2026-02-03 00:00:00+00:00,2161292,"Số 46, phố Lưu Quang Vũ",21.0152,105.7999,76.91647058823528,18.732941839951124,54.33,111.73,17,1523.4705882352941,338.1693189473447,58.57617647058823,0.6148532439164829,31.454411764705885,6.162708855359337,0.4455882352941177,0.23005839366517,13,0,1,34,2,2026,0,winter,test
2026-02-04 00:00:00+00:00,2161292,"Số 46, phố Lưu Quang Vũ",21.0152,105.7999,67.94646739130435,17.48141320434499,39.33,96.81,23,1209.5478260869565,470.5198564736331,57.84043478260869,0.9019246000579673,34.55891304347826,5.931398531337227,0.7808152173913043,0.10008846136700388,7,0,2,35,2,2026,0,winter,test
2026-02-05 00:00:00+00:00,2161292,"Số 46, phố Lưu Quang Vũ",21.0152,105.7999,85.51041666666667,19.939594909637837,38.76,109.58,24,2551.1,790.6792648576135,56.815,1.0632944235045632,30.74625,6.182101964944364,0.9358333333333334,0.18862502375326912,6,0,3,36,2,2026,0,winter,test
2026-02-06 00:00:00+00:00,2161292,"Số 46, phố Lưu Quang Vũ",21.0152,105.7999,72.08708333333334,41.44968506506115,17.3,125.58,24,906.9499999999999,722.1036554521734,55.2425,1.2482086294400845,43.61166666666667,15.402142162322932,0.62125,0.18007033649925944,4,0,4,37,2,2026,0,winter,test
2026-02-07 00:00:00+00:00,2161292,"Số 46, phố Lưu Quang Vũ",21.0152,105.7999,26.80990783410138,3.1239457248032325,21.93,35.28,14,576.3677419354839,182.7999325486481,55.68016129032258,1.224792526663469,44.83751152073733,9.861026709303834,0.7942857142857143,0.034354326950469874,16,0,5,38,2,2026,1,winter,test
2026-02-08 00:00:00+00:00,2161292,"Số 46, phố Lưu Quang Vũ",21.0152,105.7999,8.869,0.8535605166334467,8.03,10.31,10,395.76,60.10870153313913,53.923,1.3289933533819251,31.238,1.141137833723673,0.465,0.06753599863118272,14,0,6,39,2,2026,1,winter,test
2026-02-09 00:00:00+00:00,2161292,"Số 46, phố Lưu Quang Vũ",21.0152,105.7999,21.512291666666666,9.521938653214466,9.16,36.5,24,1217.35,504.4405502094891,54.06312500000001,1.5129736502346454,26.516666666666666,0.8065852156746542,0.56625,0.08919019735569506,3,0,0,40,2,2026,0,winter,test
2026-02-10 00:00:00+00:00,2161292,"Số 46, phố Lưu Quang Vũ",21.0152,105.7999,45.010625000000005,11.331503753243991,29.89,61.46,24,1210.075,474.44499406285695,54.41354166666667,1.670621941703583,36.791041666666665,13.982552577592724,0.6266666666666666,0.14661148500793478,3,0,1,41,2,2026,0,winter,test
2026-02-11 00:00:00+00:00,2161292,"Số 46, phố Lưu Quang Vũ",21.0152,105.7999,25.816666666666666,4.373786066426367,19.53,35.99,24,984.5500000000001,361.1312128842572,54.32749999999999,1.3207149155660944,26.374166666666667,0.7680429405913006,0.6679166666666667,0.3046836342457954,6,0,2,42,2,2026,0,winter,test
2026-02-12 00:00:00+00:00,2161292,"Số 46, phố Lưu Quang Vũ",21.0152,105.7999,32.96625,3.051314285100704,27.29,36.56,24,470.45000000000005,270.0701144297061,53.75208333333333,1.1012933413988857,33.77583333333333,4.079968702940898,0.93375,0.21801956576394838,6,0,3,43,2,2026,0,winter,test
2026-02-13 00:00:00+00:00,2161292,"Số 46, phố Lưu Quang Vũ",21.0152,105.7999,33.284441489361704,1.4140654451153472,32.14872340425532,36.61,8,321.6478723404255,37.24169270953503,54.04744680851064,0.7106542232895173,33.54117021276596,0.16826787800609389,0.5475531914893618,0.02112927721946751,22,0,4,44,2,2026,0,winter,test
2026-02-14 00:00:00+00:00,2161292,"Số 46, phố Lưu Quang Vũ",21.0152,105.7999,28.702012411347518,1.9678843932098857,25.86436170212766,32.980000000000004,0,197.19893617021273,65.90361507013893,53.85643173758865,0.6971921344835685,40.99704343971631,6.139037316134754,0.4612765957446809,0.12019290817521902,24,1,5,45,2,2026,1,winter,test
2026-02-15 00:00:00+00:00,2161292,"Số 46, phố Lưu Quang Vũ",21.0152,105.7999,24.119583333333335,2.5217033413044243,19.58,29.35,24,72.75,94.56553743074282,53.665416666666665,0.6837300456776196,48.45291666666666,12.109806754263415,0.375,0.21925653913097054,2,0,6,46,2,2026,1,winter,test
2026-02-16 00:00:00+00:00,2161292,"Số 46, phố Lưu Quang Vũ",21.0152,105.7999,49.16324786324786,37.01829491024197,23.78,123.47,18,77.6,126.2535264504579,52.634358974358975,0.29262390612369116,41.12769230769231,5.080684188901939,0.8016666666666666,0.11592340270246398,12,0,0,47,2,2026,0,winter,test
2026-02-17 00:00:00+00:00,2161292,"Số 46, phố Lưu Quang Vũ",21.0152,105.7999,51.38227272727272,13.409986003698878,37.45,79.95,20,156.08181818181816,113.44489400427673,52.16536363636364,0.45501993417417286,35.85927272727273,6.590871628997641,0.6921363636363637,0.2018152236948603,10,0,1,48,2,2026,0,winter,test
2026-02-18 00:00:00+00:00,2161292,"Số 46, phố Lưu Quang Vũ",21.0152,105.7999,34.24205882352941,3.3233237189546236,27.66,38.48357142857143,17,301.27058823529416,119.89337700114835,52.08,0.8359180154605048,28.368235294117646,0.9837978950573797,0.2826470588235294,0.1566641989048149,13,0,2,49,2,2026,0,winter,test
2026-02-19 00:00:00+00:00,2161292,"Số 46, phố Lưu Quang Vũ",21.0152,105.7999,34.928958333333334,7.156468338862746,17.71,47.39,24,475.3,156.98215905277124,52.43958333333333,1.0939218602038654,31.11916666666667,2.909465686291924,0.24,0.22696485075504724,1,0,3,50,2,2026,0,winter,test
2026-02-20 00:00:00+00:00,2161292,"Số 46, phố Lưu Quang Vũ",21.0152,105.7999,26.25059829059829,5.301626112806985,18.82,38.97,18,428.2923076923077,115.86193074591522,51.96764957264957,1.174037021903787,36.55982905982906,6.612256545283486,0.7338461538461538,0.2143509456015171,12,0,4,51,2,2026,0,winter,test
2026-02-21 00:00:00+00:00,2161292,"Số 46, phố Lưu Quang Vũ",21.0152,105.7999,29.998333333333335,8.925971225521655,14.97,47.25,24,344.34999999999997,176.62664381216055,52.25208333333333,1.4196630928151408,42.155,9.073133776250579,1.054375,0.04834910412370871,1,0,5,52,2,2026,1,winter,test
2026-02-22 00:00:00+00:00,2161292,"Số 46, phố Lưu Quang Vũ",21.0152,105.7999,17.785940170940172,4.457308322336791,10.93,24.13,18,454.1589743589744,107.56922313283677,51.53769230769231,1.3986544177527693,34.02991452991453,3.458163270427646,0.8333760683760684,0.3550860765314926,12,0,6,53,2,2026,1,winter,test
2026-02-23 00:00:00+00:00,2161292,"Số 46, phố Lưu Quang Vũ",21.0152,105.7999,21.155208333333334,3.9842267072432183,13.27,28.17,24,601.4,234.4808882542919,51.788125,1.6522080499190748,38.364375,3.37720960277667,0.4864583333333334,0.10633958286573242,3,0,0,54,2,2026,0,winter,test
2026-02-24 00:00:00+00:00,2161292,"Số 46, phố Lưu Quang Vũ",21.0152,105.7999,22.65911764705882,2.9407758821211702,16.91,25.82,17,472.4470588235294,143.65425931202805,52.678823529411765,1.6216994924145087,37.64558823529412,2.476030284879139,0.6544117647058824,0.14407366740197686,13,0,1,55,2,2026,0,winter,test
2026-02-25 00:00:00+00:00,2161292,"Số 46, phố Lưu Quang Vũ",21.0152,105.7999,26.736141304347825,3.1840639214422257,21.83,34.58,23,821.758695652174,306.8030630003605,51.82092391304347,1.5401536236001068,31.94853260869565,2.329570460436502,0.6864673913043479,0.09757693073194705,7,0,2,56,2,2026,0,winter,test
2026-02-26 00:00:00+00:00,2161292,"Số 46, phố Lưu Quang Vũ",21.0152,105.7999,31.163541666666664,6.070367268224825,21.36,42.79,24,691.125,270.98552383925374,52.51458333333334,1.276397335082157,30.555833333333336,5.5267141525206,0.856875,0.09549428050252877,5,0,3,57,2,2026,0,winter,test
2026-02-27 00:00:00+00:00,2161292,"Số 46, phố Lưu Quang Vũ",21.0152,105.7999,33.43424242424242,8.80002180957938,19.78,49.46,22,927.6727272727272,607.9804198006631,52.18242424242424,0.9206129029892746,38.0480303030303,8.93515062152035,1.0128787878787877,0.14349818627408378,8,0,4,58,2,2026,0,winter,test
2026-02-28 00:00:00+00:00,2161292,"Số 46, phố Lưu Quang Vũ",21.0152,105.7999,24.486545454545457,2.769423533384526,19.64,30.46,20,439.1454545454546,302.59871368266096,51.925,0.5486394655490009,37.47718181818182,5.6955013260030025,0.8857272727272727,0.0626208097298515,10,0,5,59,2,2026,1,winter,test
2026-03-01 00:00:00+00:00,2161292,"Số 46, phố Lưu Quang Vũ",21.0152,105.7999,18.339786324786324,10.923723589313745,0.0,31.73,18,180.07179487179485,134.70699817296028,36.48641025641026,20.71160609609278,32.87538461538461,18.163844976298584,0.6412820512820513,0.3573736234219262,12,0,6,60,3,2026,1,spring,test
2026-03-02 00:00:00+00:00,2161292,"Số 46, phố Lưu Quang Vũ",21.0152,105.7999,21.616041666666664,3.0586037696843857,16.11,29.55,24,468.02500000000003,309.74363347494466,51.99875,0.3784701757246427,60.838125,24.3974832122576,1.0897916666666667,0.18741797722845532,3,0,0,61,3,2026,0,spring,test
2026-03-03 00:00:00+00:00,2161292,"Số 46, phố Lưu Quang Vũ",21.0152,105.7999,14.878749999999998,5.300117236193111,1.16,29.58,24,630.5,301.8148617656339,51.99,0.27960220189467305,36.529583333333335,5.650019683818474,1.3429166666666665,0.1464620196105658,4,0,1,62,3,2026,0,spring,test
2026-03-04 00:00:00+00:00,2161292,"Số 46, phố Lưu Quang Vũ",21.0152,105.7999,25.554999999999996,8.441295858835746,15.17,40.57,24,528.65,205.06820892219986,52.10833333333333,0.5300728494017377,36.725,6.63988269745971,1.1091666666666666,0.10485373821766909,6,0,2,63,3,2026,0,spring,test
2026-03-05 00:00:00+00:00,2161292,"Số 46, phố Lưu Quang Vũ",21.0152,105.7999,36.970625000000005,9.212127824173578,24.62,54.77,24,858.4499999999999,337.7301070638969,51.67541666666667,0.8411701433984257,30.291875,3.0851030785752975,0.9704166666666666,0.15498889628297405,3,0,3,64,3,2026,0,spring,test
2026-03-06 00:00:00+00:00,2161292,"Số 46, phố Lưu Quang Vũ",21.0152,105.7999,44.439166666666665,7.597182725347523,30.96,56.28,24,945.75,374.29826586037905,51.73333333333333,1.0527234521310278,50.244166666666665,17.543855735213143,0.6704166666666667,0.06645555341512209,4,0,4,65,3,2026,0,spring,test
2026-03-07 00:00:00+00:00,2161292,"Số 46, phố Lưu Quang Vũ",21.0152,105.7999,35.356981566820274,2.7213790570110907,31.41,41.37,14,715.2967741935483,189.60291062027704,52.22797235023042,1.1545916146687012,62.94910138248848,14.777649261664372,0.6114976958525346,0.051305631116329596,16,0,5,66,3,2026,1,spring,test
2026-03-08 00:00:00+00:00,2161292,"Số 46, phố Lưu Quang Vũ",21.0152,105.7999,25.151,4.227372312284155,17.89,33.51,10,419.03999999999996,264.29607639917776,51.685,1.573158535487691,51.186,6.008596064528444,0.577,0.34003431199414763,14,0,6,67,3,2026,1,spring,test
2026-03-09 00:00:00+00:00,2161292,"Số 46, phố Lưu Quang Vũ",21.0152,105.7999,19.080416666666668,10.01651935890346,4.02,37.68,24,1037.8999999999999,542.0066305661212,51.56,1.3052783430345538,31.862916666666667,3.173575946923324,0.49333333333333335,0.10546358275625137,6,0,0,68,3,2026,0,spring,test
2026-03-10 00:00:00+00:00,2161292,"Số 46, phố Lưu Quang Vũ",21.0152,105.7999,17.080833333333334,5.93504270279987,4.34,27.0,24,574.725,193.83650719546904,51.43333333333334,1.4232018912256994,46.1175,8.5706461884129,0.5891666666666667,0.0868239932109866,3,0,1,69,3,2026,0,spring,test
2026-03-11 00:00:00+00:00,2161292,"Số 46, phố Lưu Quang Vũ",21.0152,105.7999,45.68617647058824,18.628585341699544,14.7,66.74,17,1205.0823529411764,343.81947236861373,52.47235294117647,1.5338279063240712,29.215294117647062,1.4813192862212687,0.6402941176470588,0.20535932589267142,13,0,2,70,3,2026,0,spring,test
2026-03-12 00:00:00+00:00,2161292,"Số 46, phố Lưu Quang Vũ",21.0152,105.7999,58.965833333333336,10.86118923384999,36.47,77.46,24,931.1999999999999,348.35550057751163,51.63666666666666,1.3735367896890864,42.76625000000001,14.580372823130785,0.7220833333333333,0.28396013666226205,6,0,3,71,3,2026,0,spring,test
2026-03-13 00:00:00+00:00,2161292,"Số 46, phố Lưu Quang Vũ",21.0152,105.7999,34.07375,5.033259651298678,23.45,42.38,24,441.34999999999997,364.48168439699344,51.786249999999995,1.2068521406419193,59.79416666666666,20.171852519240048,0.43,0.2683281572999748,2,0,4,72,3,2026,0,spring,test
2026-03-14 00:00:00+00:00,2161292,"Số 46, phố Lưu Quang Vũ",21.0152,105.7999,33.53026315789474,1.1375405383784318,31.950526315789475,35.11,7,134.77894736842106,13.234354689380272,50.70789473684211,0.027287329256455797,47.436578947368425,0.29049635937600193,0.8231578947368421,0.040930993884681285,23,0,5,73,3,2026,1,spring,test
2026-03-15 00:00:00+00:00,2161292,"Số 46, phố Lưu Quang Vũ",21.0152,105.7999,19.979,3.527238296458009,15.1,26.65,10,69.84,112.45308355043004,51.459,0.4888637619805511,45.12,3.8530247858014106,0.511,0.3786070962532706,14,0,6,74,3,2026,1,spring,test
2026-03-16 00:00:00+00:00,2161292,"Số 46, phố Lưu Quang Vũ",21.0152,105.7999,24.144583333333333,4.564046076567032,16.57,32.25,24,130.95000000000002,122.52001332270689,51.5925,0.4783314036073912,49.403333333333336,11.065663958415678,0.8758333333333334,0.1131668183632814,6,0,0,75,3,2026,0,spring,test
2026-03-17 00:00:00+00:00,2161292,"Số 46, phố Lưu Quang Vũ",21.0152,105.7999,22.30970588235294,3.774615537075411,15.7,27.31,17,65.04705882352941,66.07342077396258,51.39970588235294,0.22029231201086394,35.45323529411765,3.2612916199662636,0.9176470588235294,0.10437488992597228,13,0,1,76,3,2026,0,spring,test
2026-03-18 00:00:00+00:00,2161292,"Số 46, phố Lưu Quang Vũ",21.0152,105.7999,24.713931623931625,4.863795783635858,19.49,39.4,18,386.01025641025643,322.51235463644343,51.221666666666664,0.24603323544020694,37.18897435897436,3.27152582736601,0.7578632478632479,0.15775477309444472,12,0,2,77,3,2026,0,spring,test
2026-03-19 00:00:00+00:00,2161292,"Số 46, phố Lưu Quang Vũ",21.0152,105.7999,21.463333333333335,4.0715984113353345,13.99,29.29,24,194.0,188.21173645426694,51.28666666666667,0.5671535844952376,47.25958333333333,8.960402979663975,0.5187499999999999,0.13653196790814073,4,0,3,78,3,2026,0,spring,test
2026-03-20 00:00:00+00:00,2161292,"Số 46, phố Lưu Quang Vũ",21.0152,105.7999,19.78625,4.444415560443581,10.15,26.48,24,295.84999999999997,176.2928083072862,51.08958333333334,0.741684798671045,45.33083333333334,5.230827116129968,0.3408333333333333,0.11406773985383561,4,0,4,79,3,2026,0,spring,test
2026-03-21 00:00:00+00:00,2161292,"Số 46, phố Lưu Quang Vũ",21.0152,105.7999,17.68675925925926,1.0731340125055668,16.63,20.16,9,572.3,193.33197485154906,51.74314814814815,0.6809883544443976,36.488055555555555,1.0426549478508123,0.2732407407407408,0.0946237065081121,21,0,5,80,3,2026,1,spring,test
2026-03-22 00:00:00+00:00,2161292,"Số 46, phố Lưu Quang Vũ",21.0152,105.7999,18.971,3.646445605731085,14.91,26.42,10,104.75999999999999,128.09877438914083,50.924,1.2907121204117433,38.102,1.466218113227209,0.394,0.34490578423679696,14,0,6,81,3,2026,1,spring,test
2026-03-23 00:00:00+00:00,2161292,"Số 46, phố Lưu Quang Vũ",21.0152,105.7999,22.1875,4.368780512649024,14.67,27.22,24,305.55,212.26045263202656,50.968333333333334,1.2259835279342233,40.385,4.138244444295836,0.29083333333333333,0.2158254892776712,6,0,0,82,3,2026,0,spring,test
2026-03-24 00:00:00+00:00,2161292,"Số 46, phố Lưu Quang Vũ",21.0152,105.7999,20.430833333333336,5.557005892812568,11.52,30.82,24,346.77500000000003,210.00385555466852,51.22208333333333,1.4892315764869477,47.40270833333333,12.082747872498306,0.6908333333333333,0.055397117070386824,3,0,1,83,3,2026,0,spring,test
2026-03-25 00:00:00+00:00,2161292,"Số 46, phố Lưu Quang Vũ",21.0152,105.7999,21.254791666666666,3.4815678319166374,15.5,27.76,24,397.7,228.90141413129004,51.3125,1.5587150195200203,45.736250000000005,9.094390228886471,0.6525,0.17825577346315283,5,0,2,84,3,2026,0,spring,test
2026-03-26 00:00:00+00:00,2161292,"Số 46, phố Lưu Quang Vũ",21.0152,105.7999,24.480271739130433,3.674311719647952,19.59,32.11,23,594.0195652173913,346.47924762043186,50.33548913043478,1.5819396061449746,42.60114130434783,7.120497659536614,0.4944021739130435,0.08355971392072759,7,0,3,85,3,2026,0,spring,test
2026-03-27 00:00:00+00:00,2161292,"Số 46, phố Lưu Quang Vũ",21.0152,105.7999,20.594555555555555,1.4422480426981592,16.8,21.53,9,680.2933333333333,237.79050948261155,51.89094444444444,1.0472180109700193,40.93961111111111,0.5701407050992863,0.6837777777777778,0.06258860386151247,21,0,4,86,3,2026,0,spring,test
2026-03-28 00:00:00+00:00,2161292,"Số 46, phố Lưu Quang Vũ",21.0152,105.7999,25.028777777777776,4.008758302510333,19.225,30.935000000000002,0,526.3866666666667,155.70416670566573,51.22847222222222,0.8756443572451543,42.70880555555556,3.711453933593139,0.570388888888889,0.10861218831906584,24,1,5,87,3,2026,1,spring,test
2026-03-29 00:00:00+00:00,2161292,"Số 46, phố Lưu Quang Vũ",21.0152,105.7999,29.463,6.575268562322505,21.65,40.34,10,372.48,73.61782392871989,50.565999999999995,0.7040707035202893,44.477999999999994,6.852767162086991,0.457,0.15463577277661922,14,0,6,88,3,2026,1,spring,test
2026-03-30 00:00:00+00:00,2161292,"Số 46, phố Lưu Quang Vũ",21.0152,105.7999,36.75145833333333,6.448428984470069,21.96,45.63,24,438.925,263.22046347369036,50.76416666666666,0.4822065827068291,64.51166666666667,20.391470439050405,0.45145833333333335,0.05309403402714249,3,0,0,89,3,2026,0,spring,test
2026-03-31 00:00:00+00:00,2161292,"Số 46, phố Lưu Quang Vũ",21.0152,105.7999,29.11565789473684,6.689475862366975,16.68,43.03,19,681.5526315789474,310.88532964283553,50.94973684210526,0.40521266446619925,61.011710526315795,14.73990820666366,0.6513157894736842,0.07865297069132549,11,0,1,90,3,2026,0,spring,test
2026-04-01 00:00:00+00:00,2161292,"Số 46, phố Lưu Quang Vũ",21.0152,105.7999,25.520606060606063,9.723069270597204,0.0,38.64,22,548.4909090909091,240.5295054295896,48.468030303030304,10.827734143493068,45.84469696969697,12.073130173439328,0.7181818181818183,0.19220174385657987,8,0,2,91,4,2026,0,spring,test
2026-04-02 00:00:00+00:00,2161292,"Số 46, phố Lưu Quang Vũ",21.0152,105.7999,32.72137931034483,4.75453253771596,23.36,43.17,17,804.8835699797161,245.91287918513376,50.66831643002029,0.3428663598267496,61.61864097363083,10.95930066510775,0.68868154158215,0.0763530580024245,13,0,3,92,4,2026,0,spring,test
2026-04-03 00:00:00+00:00,2161292,"Số 46, phố Lưu Quang Vũ",21.0152,105.7999,37.40222222222222,6.336151785148812,31.05,51.79,9,336.26666666666665,169.12527900937812,50.94888888888889,0.7070085650903465,41.07333333333333,6.613023136206314,0.5788888888888889,0.2593474717654119,15,0,4,93,4,2026,0,spring,test
2026-04-04 00:00:00+00:00,2161292,"Số 46, phố Lưu Quang Vũ",21.0152,105.7999,29.594150943396226,3.8805489244315505,22.82,36.34,16,655.9853773584905,143.9753726938334,51.417806603773585,0.8630125809997241,74.76444575471697,26.51982734388446,0.4772759433962264,0.06776469555344296,14,0,5,94,4,2026,1,spring,test
2026-04-05 00:00:00+00:00,2161292,"Số 46, phố Lưu Quang Vũ",21.0152,105.7999,43.83757547169811,9.28053234823949,33.815,61.695,0,653.9126886792452,277.6642868633585,50.94340330188679,1.1501641831488376,73.48372287735849,15.853034967901127,0.6556379716981132,0.07703582066387417,24,1,6,95,4,2026,1,spring,test
2026-04-06 00:00:00+00:00,2161292,"Số 46, phố Lưu Quang Vũ",21.0152,105.7999,58.080999999999996,14.68051577204743,44.81,87.05,10,651.8399999999999,411.3532010328836,50.469,1.4373157852979512,72.203,5.186242591917793,0.834,0.08630694577430538,14,0,0,96,4,2026,0,spring,test
2026-04-07 00:00:00+00:00,2161292,"Số 46, phố Lưu Quang Vũ",21.0152,105.7999,54.40396739130435,15.347670933258668,30.54,80.03,23,952.7086956521739,770.4742340763214,51.27423913043478,1.6861771641360115,95.76385869565217,32.81868634304399,0.7736521739130435,0.46079956288407015,7,0,1,97,4,2026,0,spring,test
2026-04-08 00:00:00+00:00,2161292,"Số 46, phố Lưu Quang Vũ",21.0152,105.7999,38.86375,5.838995158117681,31.32,50.28,24,518.9499999999999,294.4296160079836,50.47958333333333,1.584786034568174,85.89833333333333,22.77898968379618,0.18400000000000002,0.1702877360336858,4,0,2,98,4,2026,0,spring,test
2026-04-09 00:00:00+00:00,2161292,"Số 46, phố Lưu Quang Vũ",21.0152,105.7999,42.61594017094017,4.487881139065726,36.11,51.71,18,512.8564102564103,447.36358670788974,50.136965811965815,1.3012384385175313,58.86320512820513,4.602979408992634,0.6562820512820512,0.14760019044696088,12,0,3,99,4,2026,0,spring,test
2026-04-10 00:00:00+00:00,2161292,"Số 46, phố Lưu Quang Vũ",21.0152,105.7999,38.76183333333333,3.4104408123763434,30.15,41.619,9,745.6066666666666,192.346377402851,49.077666666666666,1.0549195466953858,52.04727777777778,1.7150467862908774,1.0030000000000001,0.05975203390308617,21,0,4,100,4,2026,0,spring,test
2026-04-11 00:00:00+00:00,2161292,"Số 46, phố Lưu Quang Vũ",21.0152,105.7999,44.336416666666665,7.812525890424061,32.845,56.1945,0,518.3033333333333,206.77020493604186,49.52883333333334,1.0312454420600923,65.97313888888888,3.969482806262661,0.762,0.08375087193974701,24,1,5,101,4,2026,1,spring,test
2026-04-12 00:00:00+00:00,2161292,"Số 46, phố Lưu Quang Vũ",21.0152,105.7999,49.911,12.214610968471778,35.54,70.77,10,291.0,221.19403246923275,49.980000000000004,1.0075713374247988,79.899,6.223918826234445,0.521,0.10774970997640784,14,0,6,102,4,2026,1,spring,test
2026-04-13 00:00:00+00:00,2161292,"Số 46, phố Lưu Quang Vũ",21.0152,105.7999,42.93666666666667,6.488333406459223,32.6,54.78,24,509.25,335.98133100309116,49.817499999999995,0.6923097985315954,77.18666666666667,13.631463088066711,0.5858333333333333,0.2579816948262501,6,0,0,103,4,2026,0,spring,test
2026-04-14 00:00:00+00:00,2161292,"Số 46, phố Lưu Quang Vũ",21.0152,105.7999,35.1070652173913,5.5933894450672526,27.05,54.09,23,444.0913043478261,293.00593216620206,49.93304347826087,0.5675340180641878,80.06592391304348,17.524829346924726,0.2882608695652174,0.11562683606062783,7,0,1,104,4,2026,0,spring,test
2026-04-15 00:00:00+00:00,2161292,"Số 46, phố Lưu Quang Vũ",21.0152,105.7999,30.867222222222225,4.115702792613212,24.97,40.36,18,400.43589743589746,351.7070656001079,49.49880341880342,0.20872663883984668,58.97982905982906,3.6619795311699472,0.47341880341880344,0.09597946983682591,12,0,2,105,4,2026,0,spring,test
2026-04-16 00:00:00+00:00,2161292,"Số 46, phố Lưu Quang Vũ",21.0152,105.7999,24.079166666666666,4.589668743901237,15.14,31.5,24,288.575,196.03998094887368,50.10375,0.5016266414771194,60.984791666666666,12.547324197609923,0.44875,0.07422262178433915,5,0,3,106,4,2026,0,spring,test
2026-04-17 00:00:00+00:00,2161292,"Số 46, phố Lưu Quang Vũ",21.0152,105.7999,33.47208333333334,7.46314712679791,20.61,43.13,24,926.35,460.61258133810946,49.989583333333336,0.51826700493645,64.64666666666666,10.126234832555387,0.72375,0.1268827771229602,4,0,4,107,4,2026,0,spring,test
2026-04-18 00:00:00+00:00,2161292,"Số 46, phố Lưu Quang Vũ",21.0152,105.7999,37.12249462365591,5.7437691325621705,28.44,50.15,15,1052.6064516129034,180.43701886288758,50.034086021505374,0.6270586510887612,47.30210752688172,7.442287178019735,0.762752688172043,0.05204011937988889,15,0,5,108,4,2026,1,spring,test
2026-04-19 00:00:00+00:00,2161292,"Số 46, phố Lưu Quang Vũ",21.0152,105.7999,22.675555555555555,3.5178370880098724,18.34,28.54,9,556.1333333333333,301.1689891074445,49.89666666666667,1.0948515881159413,31.125555555555554,2.432992556046519,0.6611111111111111,0.2587684507645998,15,0,6,109,4,2026,1,spring,test
2026-04-20 00:00:00+00:00,2161292,"Số 46, phố Lưu Quang Vũ",21.0152,105.7999,26.08666666666667,6.49902579098468,17.85,42.57,24,659.6,379.5404745558595,49.60666666666666,1.194557464600128,49.04749999999999,12.879906781326177,0.86625,0.0903718164993451,4,0,0,110,4,2026,0,spring,test
2026-04-21 00:00:00+00:00,2161292,"Số 46, phố Lưu Quang Vũ",21.0152,105.7999,25.84,3.5426801448473526,19.38,33.2,24,383.15000000000003,250.0725991978434,49.39000000000001,1.2787847491984756,56.225,17.530737825192986,0.94875,0.13337467656128013,4,0,1,111,4,2026,0,spring,test
2026-04-22 00:00:00+00:00,2161292,"Số 46, phố Lưu Quang Vũ",21.0152,105.7999,31.76625,7.409160729623247,16.36,43.22,24,591.6999999999999,240.06701238358968,49.48875,1.4691994640678974,65.94833333333334,23.22695496834334,0.8775,0.11159904939598257,4,0,2,112,4,2026,0,spring,test
2026-04-23 00:00:00+00:00,2161292,"Số 46, phố Lưu Quang Vũ",21.0152,105.7999,19.964375,5.535530798652112,11.76,31.97,24,759.025,424.82331288891504,49.55479166666667,1.5107518493658447,35.62708333333333,6.9529414977414055,0.7652083333333333,0.19604086290244757,3,0,3,113,4,2026,0,spring,test
2026-04-24 00:00:00+00:00,2161292,"Số 46, phố Lưu Quang Vũ",21.0152,105.7999,21.40888771186441,2.489879359579205,15.25,22.41,8,648.2764830508474,120.9457583429292,48.00741525423729,1.1002541361127949,29.918522245762713,1.3189080005547738,0.4241154661016949,0.030110878033375577,22,0,4,114,4,2026,0,spring,test
2026-04-25 00:00:00+00:00,2161292,"Số 46, phố Lưu Quang Vũ",21.0152,105.7999,20.217159447583178,2.4278326375608104,14.578888888888889,21.35,0,584.8679849340866,114.97440423078956,48.158813559322034,1.1269547415059429,31.16424199623352,1.3987704714138935,0.45402856246076584,0.03755693031435864,24,1,5,115,4,2026,1,spring,test
2026-04-26 00:00:00+00:00,2161292,"Số 46, phố Lưu Quang Vũ",21.0152,105.7999,19.025431183301947,2.365785915542416,13.907777777777778,20.29,0,521.4594868173258,109.00305011864992,48.31021186440678,1.153655346899091,32.40996174670433,1.4786329422730131,0.4839416588198368,0.0450029825953417,24,1,6,116,4,2026,1,spring,test
2026-04-27 00:00:00+00:00,2161292,"Số 46, phố Lưu Quang Vũ",21.0152,105.7999,17.833702919020716,2.3037391935240215,13.236666666666668,19.23,0,458.050988700565,103.03169600651029,48.46161016949153,1.180355952292239,33.65568149717514,1.558495413132133,0.5138547551789078,0.05244903487632477,24,1,0,117,4,2026,0,spring,test
2026-04-28 00:00:00+00:00,2161292,"Số 46, phố Lưu Quang Vũ",21.0152,105.7999,16.641974654739485,2.241692471505627,12.565555555555555,18.17,0,394.64249058380415,97.06034189437064,48.613008474576276,1.207056557685387,34.90140124764595,1.6383578839912525,0.5437678515379787,0.05989508715730783,24,1,1,118,4,2026,0,spring,test
2026-04-29 00:00:00+00:00,2161292,"Số 46, phố Lưu Quang Vũ",21.0152,105.7999,15.450246390458254,2.179645749487232,11.894444444444446,17.11,0,331.2339924670433,91.088987782231,48.764406779661016,1.2337571630785353,36.14712099811676,1.7182203548503723,0.5736809478970496,0.0673411394382909,24,1,2,119,4,2026,0,spring,test
2026-04-30 00:00:00+00:00,2161292,"Số 46, phố Lưu Quang Vũ",21.0152,105.7999,14.258518126177023,2.1175990274688377,11.223333333333334,16.049999999999997,0,267.8254943502825,85.11763367009137,48.91580508474576,1.2604577684716833,37.39284074858757,1.7980828257094918,0.6035940442561205,0.07478719171927396,24,1,3,120,4,2026,0,spring,test
2026-05-01 00:00:00+00:00,2161292,"Số 46, phố Lưu Quang Vũ",21.0152,105.7999,13.066789861895794,2.055552305450443,10.552222222222223,14.989999999999998,0,204.41699623352167,79.14627955795171,49.06720338983051,1.2871583738648313,38.63856049905838,1.8779452965686114,0.6335071406151915,0.08223324400025703,24,1,4,121,5,2026,0,spring,test
2026-05-02 00:00:00+00:00,2161292,"Số 46, phố Lưu Quang Vũ",21.0152,105.7999,11.875061597614563,1.9935055834320488,9.881111111111112,13.93,0,141.00849811676085,73.17492544581208,49.21860169491526,1.3138589792579796,39.88428024952918,1.9578077674277312,0.6634202369742624,0.08967929628124009,24,1,5,122,5,2026,1,spring,test
2026-05-03 00:00:00+00:00,2161292,"Số 46, phố Lưu Quang Vũ",21.0152,105.7999,10.683333333333332,1.9314588614136543,9.21,12.87,3,77.60000000000001,67.20357133367244,49.370000000000005,1.3405595846511276,41.129999999999995,2.037670238286851,0.6933333333333334,0.09712534856222316,21,0,6,123,5,2026,1,spring,test
2026-05-04 00:00:00+00:00,2161292,"Số 46, phố Lưu Quang Vũ",21.0152,105.7999,20.120416666666667,4.598459930442372,13.31,27.22,24,649.9,284.948379764537,49.21625,1.1273146719373506,54.65833333333333,24.410798584565644,0.7345833333333333,0.0656723862733842,4,0,0,124,5,2026,0,spring,test
2026-05-05 00:00:00+00:00,2161292,"Số 46, phố Lưu Quang Vũ",21.0152,105.7999,22.87242857142857,7.353927546362069,13.46,42.74,21,381.3485714285714,335.38362444051614,48.956714285714284,1.4186081961858643,72.01985714285713,25.654969478223343,0.6104761904761905,0.061112698392084684,9,0,1,125,5,2026,0,spring,test
2026-05-06 00:00:00+00:00,2161292,"Số 46, phố Lưu Quang Vũ",21.0152,105.7999,21.397916666666664,6.2030990906286,14.85,35.64,24,247.35,239.63574298666336,49.14083333333334,1.340163342536681,61.09625,24.693834965960377,0.5195833333333334,0.19514401169445875,6,0,2,126,5,2026,0,spring,test
2026-05-07 00:00:00+00:00,2161292,"Số 46, phố Lưu Quang Vũ",21.0152,105.7999,15.988376068376068,3.3404853624268656,8.45,21.7,18,200.46666666666667,173.1356897315615,49.18512820512821,1.245307656391455,44.545683760683765,6.518694640931702,0.40038461538461534,0.163314999527471,12,0,3,127,5,2026,0,spring,test
2026-05-08 00:00:00+00:00,2161292,"Số 46, phố Lưu Quang Vũ",21.0152,105.7999,17.41184210526316,4.51541488375649,7.28,25.31,19,526.9630434782608,313.8141441918475,35.74820652173913,6.537687614921387,44.73576086956521,12.066333338965718,0.6917391304347826,0.13023238578902097,11,0,4,128,5,2026,0,spring,test
2026-05-09 00:00:00+00:00,2161292,"Số 46, phố Lưu Quang Vũ",21.0152,105.7999,18.692350230414746,3.4298591437192814,11.99,24.81,14,518.4359447004608,122.90752291750765,32.831981566820275,1.5277109904041377,45.58698156682028,8.707434703080756,0.5175806451612903,0.037720349705137324,16,0,5,129,5,2026,1,spring,test
2026-05-10 00:00:00+00:00,2161292,"Số 46, phố Lưu Quang Vũ",21.0152,105.7999,36.162,3.386738188221163,30.74,40.27,10,395.76,252.6472956514674,31.809000000000005,1.066733852050788,37.305,7.778512068512847,0.757,0.02451756739791107,14,0,6,130,5,2026,1,spring,test
2026-05-11 00:00:00+00:00,2161292,"Số 46, phố Lưu Quang Vũ",21.0152,105.7999,29.744583333333335,6.722117831593097,19.56,43.53,24,266.75,295.6561043673704,32.14666666666667,0.8786308283375757,57.51958333333334,20.816327900767146,0.7745833333333333,0.06801401177038044,6,0,0,131,5,2026,0,spring,test
2026-05-12 00:00:00+00:00,2161292,"Số 46, phố Lưu Quang Vũ",21.0152,105.7999,21.88291666666667,2.896181755853724,17.45,28.23,24,271.6,192.7185003383713,32.09708333333334,0.6866692986240747,48.305416666666666,22.141176273526263,0.6625,0.10069170708542187,6,0,1,132,5,2026,0,spring,test
2026-05-13 00:00:00+00:00,2161292,"Số 46, phố Lưu Quang Vũ",21.0152,105.7999,21.027916666666666,8.217765156456265,8.57,39.77,24,397.7,281.6212109106532,32.36666666666667,0.6066319467688641,54.41625,18.929016422344596,0.5516666666666666,0.07479052873463186,4,0,2,133,5,2026,0,spring,test
2026-05-14 00:00:00+00:00,2161292,"Số 46, phố Lưu Quang Vũ",21.0152,105.7999,22.256467391304348,5.510562554449589,14.6,36.74,23,369.4434782608696,369.1786803483042,31.78369565217391,0.3200043230933283,59.008641304347826,17.305755594373615,0.6191847826086957,0.07577310693892562,7,0,3,134,5,2026,0,spring,test
2026-05-15 00:00:00+00:00,2161292,"Số 46, phố Lưu Quang Vũ",21.0152,105.7999,18.95,5.510562554449589,18.95,18.95,1,349.2,369.1786803483042,31.68,0.3200043230933283,46.91,17.305755594373615,0.69,0.07577310693892562,0,0,4,135,5,2026,0,spring,test
2024-01-29 00:00:00+00:00,2161306,Minh Khai - Bắc Từ Liêm,21.05,105.74,9.214285714285714,1.6616343073698765,6.55,11.54,7,9536.142857142857,1389.6941424370357,7.255714285714285,0.07345228447936873,14.901428571428571,7.512257602459748,0.8971428571428571,1.8644187144676336,0,0,0,29,1,2024,0,winter,train
2024-01-30 00:00:00+00:00,2161306,Minh Khai - Bắc Từ Liêm,21.05,105.74,7.241875,3.3002114762607984,3.57,14.95,24,11423.516666666668,2920.228788523056,7.084791666666667,0.14844468422736556,13.732708333333335,7.787734535398634,1.43625,1.5236285707937913,4,0,1,30,1,2024,0,winter,train
2024-01-31 00:00:00+00:00,2161306,Minh Khai - Bắc Từ Liêm,21.05,105.74,8.321666666666667,3.0136178844742725,4.59,14.77,24,17233.195833333335,3058.328734069322,6.839166666666666,0.19010104102056216,14.600833333333334,5.4791390284198505,4.9054166666666665,4.3293035680185294,0,0,2,31,1,2024,0,winter,train
2024-02-01 00:00:00+00:00,2161306,Minh Khai - Bắc Từ Liêm,21.05,105.74,13.402804878048782,0.2550715218544666,13.061951219512196,13.743658536585366,6,18988.43170731707,119.32236666358541,6.813536585365854,0.014145290120730089,11.182317073170731,0.11635641873504253,1.4973170731707317,0.8003496410245724,24,0,3,32,2,2024,0,winter,train
2024-02-02 00:00:00+00:00,2161306,Minh Khai - Bắc Từ Liêm,21.05,105.74,6.29625,1.2585245045573916,4.75,8.29,8,11274.7375,4840.526432096143,6.4525,0.13614593011072484,12.0225,4.78273307997485,7.72625,6.509908793523915,16,0,4,33,2,2024,0,winter,train
2024-02-03 00:00:00+00:00,2161306,Minh Khai - Bắc Từ Liêm,21.05,105.74,9.648333333333333,2.134072788511832,5.95,14.85,24,15473.470833333333,5460.915662786678,6.302916666666667,0.21342912817519327,14.9625,5.39294164303837,5.8675,4.513502688792722,0,0,5,34,2,2024,1,winter,train
2024-02-04 00:00:00+00:00,2161306,Minh Khai - Bắc Từ Liêm,21.05,105.74,9.017083333333334,2.3754001569834724,5.66,15.11,24,13744.345833333333,3892.211923827105,6.206666666666667,0.20865337736077494,21.64916666666667,10.191673889340587,8.770833333333334,6.09317645201272,0,0,6,35,2,2024,1,winter,train
2024-02-05 00:00:00+00:00,2161306,Minh Khai - Bắc Từ Liêm,21.05,105.74,9.84125,4.216828926533796,6.01,22.88,24,15018.025,4265.663526167792,6.26875,0.1752839311566784,20.215416666666666,10.241123825544976,6.405625,5.333921249581692,1,0,0,36,2,2024,0,winter,train
2024-02-06 00:00:00+00:00,2161306,Minh Khai - Bắc Từ Liêm,21.05,105.74,6.194583333333333,1.033840367656971,4.45,8.54,24,15438.341666666667,6075.622703882091,6.37125,0.25243703476657164,16.585,6.118131286167583,6.387083333333333,7.108954230660315,0,0,1,37,2,2024,0,winter,train
2024-02-07 00:00:00+00:00,2161306,Minh Khai - Bắc Từ Liêm,21.05,105.74,7.481195652173913,1.5553220343179037,4.63,11.29,23,6820.871739130434,1363.233302087383,6.547826086956522,0.18232119702463875,14.421521739130435,6.036704899085872,0.06097826086956521,0.1746456824685877,7,0,2,38,2,2024,0,winter,train
2024-02-08 00:00:00+00:00,2161306,Minh Khai - Bắc Từ Liêm,21.05,105.74,7.993,1.4795842232479401,5.32,10.7,20,5801.92,1046.8634488946393,6.9079999999999995,0.18614086346805106,8.977500000000001,5.149695826479769,0.41150000000000003,0.637687227408547,4,0,3,39,2,2024,0,winter,train
2024-02-09 00:00:00+00:00,2161306,Minh Khai - Bắc Từ Liêm,21.05,105.74,8.356666666666667,1.961717673847095,4.87,12.01,24,7198.400000000001,1498.1157826619644,7.1225,0.20072152459261217,11.430416666666666,5.971245940313474,1.9366666666666665,2.875309687164402,0,0,4,40,2,2024,0,winter,train
2024-02-10 00:00:00+00:00,2161306,Minh Khai - Bắc Từ Liêm,21.05,105.74,7.96125,2.3634358049982724,3.43,12.5,24,6560.695833333334,1235.6814020503782,7.052499999999999,0.2702535041803142,13.787083333333333,6.5991787889407725,3.97625,4.465971643146798,0,0,5,41,2,2024,1,winter,train
2024-02-11 00:00:00+00:00,2161306,Minh Khai - Bắc Từ Liêm,21.05,105.74,6.526666666666666,1.697887860963084,3.48,10.36,24,8798.733333333334,1799.9860406866117,6.942083333333334,0.2895420547161939,14.124166666666667,5.09669450992859,3.6233333333333335,4.772537987337524,0,0,6,42,2,2024,1,winter,train
2024-02-12 00:00:00+00:00,2161306,Minh Khai - Bắc Từ Liêm,21.05,105.74,9.990833333333333,2.3470886992865947,4.97,14.22,24,7630.833333333333,1848.8441803430596,6.747083333333333,0.30405204312343653,17.745,9.10965660594629,5.07,6.474117700505607,0,0,0,43,2,2024,0,winter,train
2024-02-13 00:00:00+00:00,2161306,Minh Khai - Bắc Từ Liêm,21.05,105.74,8.312916666666666,1.7628102049967211,5.84,11.79,24,8021.770833333333,1513.335798386312,6.4629166666666675,0.28086015654811536,29.77625,14.139362205805346,5.010416666666667,6.671463876363507,0,0,1,44,2,2024,0,winter,train
2024-02-14 00:00:00+00:00,2161306,Minh Khai - Bắc Từ Liêm,21.05,105.74,7.2124999999999995,1.7504216883244224,4.67,10.59,24,9208.320833333333,2631.2333333941506,6.3325,0.17431231341673975,24.65416666666667,5.451101936199743,1.0383333333333333,1.8734638151474043,0,0,2,45,2,2024,0,winter,train
2024-02-15 00:00:00+00:00,2161306,Minh Khai - Bắc Từ Liêm,21.05,105.74,10.075000000000001,3.8801299843758037,4.15,16.31,24,15860.85,6836.644250876558,6.379583333333333,0.2974161067926723,24.681250000000002,14.082633558208585,1.9541666666666666,3.8484112099124377,0,0,3,46,2,2024,0,winter,train
2024-02-16 00:00:00+00:00,2161306,Minh Khai - Bắc Từ Liêm,21.05,105.74,7.722916666666666,1.8272847025184586,4.2,10.91,24,14075.025,3520.55271861752,6.379583333333334,0.20844098667857083,15.623125,6.768590793623274,0.7679166666666667,1.8853554137700097,1,0,4,47,2,2024,0,winter,train
2024-02-17 00:00:00+00:00,2161306,Minh Khai - Bắc Từ Liêm,21.05,105.74,8.314791666666666,4.684564728322214,3.87,20.19,24,12592.279166666667,2733.6316931684355,6.015625,0.33376414641896807,18.307916666666667,6.061697264948494,1.7666666666666666,3.432649713846581,1,0,5,48,2,2024,1,winter,train
2024-02-18 00:00:00+00:00,2161306,Minh Khai - Bắc Từ Liêm,21.05,105.74,8.957083333333333,4.7866421734971425,4.2,23.41,24,14993.1625,3529.9374551439646,5.863333333333333,0.29532099951344976,19.556250000000002,7.800051734778264,4.056666666666667,5.205997934378541,0,0,6,49,2,2024,1,winter,train
2024-02-19 00:00:00+00:00,2161306,Minh Khai - Bắc Từ Liêm,21.05,105.74,10.875208333333333,5.29699083548687,4.56,20.96,24,19521.795833333334,6962.699280325321,5.699583333333333,0.29362026891691345,23.442083333333333,6.254426591843062,4.351458333333333,5.619980558369333,1,0,0,50,2,2024,0,winter,train
2024-02-20 00:00:00+00:00,2161306,Minh Khai - Bắc Từ Liêm,21.05,105.74,6.578333333333333,2.3917242582572587,3.78,12.86,24,17739.283333333333,5423.375558888913,5.6187499999999995,0.21305872838053483,24.642083333333332,10.080789728883893,2.9475,2.9016011322086954,0,0,1,51,2,2024,0,winter,train
2024-02-21 00:00:00+00:00,2161306,Minh Khai - Bắc Từ Liêm,21.05,105.74,8.491666666666667,4.6471512233575565,3.32,21.42,24,18425.5125,6888.422889502327,5.602083333333333,0.269249830110425,20.164166666666667,10.138210937561555,6.93625,8.747434810324087,0,0,2,52,2,2024,0,winter,train
2024-02-22 00:00:00+00:00,2161306,Minh Khai - Bắc Từ Liêm,21.05,105.74,6.174166666666667,1.5844074922346452,3.21,9.25,24,18546.5625,6296.833084752071,5.942083333333334,0.28641683164450255,15.886249999999999,7.790102311378146,1.0229166666666667,1.445555344365337,0,0,3,53,2,2024,0,winter,train
2024-02-23 00:00:00+00:00,2161306,Minh Khai - Bắc Từ Liêm,21.05,105.74,6.505416666666666,1.0880256517383127,4.18,8.88,24,7662.1875,4795.324246670554,6.478333333333333,0.22338632293710872,13.695,6.988400327001508,0.7725,1.627067914993102,0,0,4,54,2,2024,0,winter,train
2024-02-24 00:00:00+00:00,2161306,Minh Khai - Bắc Từ Liêm,21.05,105.74,6.454166666666667,1.2260396357401324,4.39,8.79,24,5131.033333333334,1327.1004108882305,6.9312499999999995,0.15263803446460295,11.561666666666667,6.080195696698004,0.38833333333333336,0.8496529555810045,0,0,5,55,2,2024,1,winter,train
2024-02-25 00:00:00+00:00,2161306,Minh Khai - Bắc Từ Liêm,21.05,105.74,5.508333333333333,0.9511213823997289,3.7,7.32,24,3774.5750000000003,1230.359239957105,6.88625,0.18206096685499037,10.644583333333333,5.736629808343135,0.945,1.3246295626554883,0,0,6,56,2,2024,1,winter,train
2024-02-26 00:00:00+00:00,2161306,Minh Khai - Bắc Từ Liêm,21.05,105.74,6.192916666666666,1.560165763675427,3.4,8.98,24,3421.0791666666664,1185.415816232088,6.919583333333333,0.20703873123617234,11.237499999999999,4.879109193463406,2.751666666666667,2.746978841131323,0,0,0,57,2,2024,0,winter,train
2024-02-27 00:00:00+00:00,2161306,Minh Khai - Bắc Từ Liêm,21.05,105.74,8.894166666666667,2.6559889939967536,4.84,16.03,24,5211.377083333334,1631.6115739526792,7.2785416666666665,0.5941480549761012,10.671666666666667,5.111346003844241,21.421666666666667,21.091559957700508,1,0,1,58,2,2024,0,winter,train
2024-02-28 00:00:00+00:00,2161306,Minh Khai - Bắc Từ Liêm,21.05,105.74,6.5825,1.5086396117896643,4.3,10.02,24,5862.2,891.4254525148497,6.721666666666667,0.182486846855773,11.255416666666667,6.273906611248422,14.594166666666666,6.146741035892015,0,0,2,59,2,2024,0,winter,train
2024-02-29 00:00:00+00:00,2161306,Minh Khai - Bắc Từ Liêm,21.05,105.74,9.919166666666667,3.423491628080348,5.12,19.13,24,5398.320833333333,1449.4140330189712,6.863333333333333,0.18447732667721253,13.287083333333333,8.732600827367808,16.93875,5.573803878314436,0,0,3,60,2,2024,0,winter,train
2024-03-01 00:00:00+00:00,2161306,Minh Khai - Bắc Từ Liêm,21.05,105.74,7.3325,2.20720608363881,4.31,13.32,24,4410.508333333333,1016.0367243091792,7.005,0.19766022669568933,11.712916666666667,7.670127530920182,14.624583333333334,5.916155463729337,0,0,4,61,3,2024,0,spring,train
2024-03-02 00:00:00+00:00,2161306,Minh Khai - Bắc Từ Liêm,21.05,105.74,7.695416666666667,1.5480590348440584,4.32,11.37,24,6851.883333333334,3019.9604645650957,6.87125,0.19861066349059409,12.853333333333333,5.597927929283233,15.896666666666667,6.671336914883256,0,0,5,62,3,2024,1,spring,train
2024-03-03 00:00:00+00:00,2161306,Minh Khai - Bắc Từ Liêm,21.05,105.74,7.2129166666666675,1.266396734205279,4.39,8.91,24,12893.983333333332,2917.3242610409234,6.364999999999999,0.26274470995377947,13.96625,6.138232866012114,22.19,7.980746941178529,0,0,6,63,3,2024,1,spring,train
2024-03-04 00:00:00+00:00,2161306,Minh Khai - Bắc Từ Liêm,21.05,105.74,11.132083333333334,4.0769724265276395,5.43,20.13,24,18928.225000000002,4096.179715109954,6.088333333333334,0.226152443135669,12.472499999999998,4.263227242563916,18.81833333333333,7.965864491783003,0,0,0,64,3,2024,0,spring,train
2024-03-05 00:00:00+00:00,2161306,Minh Khai - Bắc Từ Liêm,21.05,105.74,21.229166666666668,10.233536647652198,12.85,46.22,24,35626.68939393939,16184.393906244393,5.2475,0.5388946012944904,15.922916666666666,6.418030633313068,42.1775,34.60964013103863,4,0,1,65,3,2024,0,spring,train
2024-03-06 00:00:00+00:00,2161306,Minh Khai - Bắc Từ Liêm,21.05,105.74,22.940625,17.19598615403556,7.78,64.31,24,12973.408333333333,12638.38190241266,4.8933333333333335,0.46220329299775786,28.167291666666667,16.239288575333926,25.318749999999998,26.167974855372375,1,0,2,66,3,2024,0,spring,train
2024-03-07 00:00:00+00:00,2161306,Minh Khai - Bắc Từ Liêm,21.05,105.74,9.888333333333334,2.2273549660814145,6.69,13.71,24,15475.329166666668,9511.942200041925,5.3525,0.2600877778249354,17.580833333333334,7.3137261761505785,10.949166666666665,9.609678054900725,0,0,3,67,3,2024,0,spring,train
2024-03-08 00:00:00+00:00,2161306,Minh Khai - Bắc Từ Liêm,21.05,105.74,14.904166666666667,6.057374174017811,7.17,27.73,24,18775.829166666666,7168.912555246055,8.960416666666667,1.61328581571537,14.119166666666667,5.918655779134656,0.7491666666666666,1.1406249875918204,0,0,4,68,3,2024,0,spring,train
2024-03-09 00:00:00+00:00,2161306,Minh Khai - Bắc Từ Liêm,21.05,105.74,7.4921428571428565,2.234863117044853,3.76,10.46,24,5995.596428571429,759.8732571575422,10.072619047619048,0.28437578120406704,12.843333333333334,5.0721959722270515,0.36601190476190476,0.6668884992137111,3,0,5,69,3,2024,1,spring,train
2024-03-10 00:00:00+00:00,2161306,Minh Khai - Bắc Từ Liêm,21.05,105.74,11.847857142857142,3.719801299225447,6.42,18.82,10,5559.738571428572,405.6110218489525,10.194714285714287,0.30976437131219897,13.415000000000001,4.95626060006962,0.8275714285714286,1.001621563824213,17,0,6,70,3,2024,1,spring,train
2024-03-11 00:00:00+00:00,2161306,Minh Khai - Bắc Từ Liêm,21.05,105.74,8.562843137254903,1.02783327071716,6.22,10.37,12,16591.411274509806,4845.358199788958,7.98610294117647,0.31087472923835024,13.72404411764706,2.936856579222683,14.064117647058822,9.477774638239234,18,0,0,71,3,2024,0,spring,train
2024-03-12 00:00:00+00:00,2161306,Minh Khai - Bắc Từ Liêm,21.05,105.74,8.80444004524887,1.2526754623456446,6.2524999999999995,10.8425,0,17614.75460972851,5574.443382687118,8.044384898190044,0.3084849198963312,16.08091770361991,6.426821206447965,12.233857466063347,8.648665555638068,24,1,1,72,3,2024,0,spring,train
2024-03-13 00:00:00+00:00,2161306,Minh Khai - Bắc Từ Liêm,21.05,105.74,9.046036953242837,1.477517653974129,6.285,11.315,0,18638.09794494721,6303.528565585279,8.10266685520362,0.30609511055431216,18.437791289592763,9.916785833673245,10.403597285067873,7.819556473036901,24,1,2,73,3,2024,0,spring,train
2024-03-14 00:00:00+00:00,2161306,Minh Khai - Bắc Từ Liêm,21.05,105.74,9.287633861236802,1.7023598456026137,6.3175,11.7875,0,19661.441280165913,7032.613748483439,8.160948812217194,0.30370530121229317,20.794664875565616,13.406750460898527,8.573337104072397,6.990447390435735,24,1,3,74,3,2024,0,spring,train
2024-03-15 00:00:00+00:00,2161306,Minh Khai - Bắc Từ Liêm,21.05,105.74,9.529230769230768,1.927202037231098,6.35,12.26,13,20684.784615384615,7761.698931381599,8.21923076923077,0.3013154918702741,23.151538461538465,16.89671508812381,6.743076923076923,6.161338307834568,11,0,4,75,3,2024,0,spring,train
2024-03-16 00:00:00+00:00,2161306,Minh Khai - Bắc Từ Liêm,21.05,105.74,9.180833333333334,1.3961341553411502,6.24,11.4,24,25196.191666666666,8627.659698440904,8.013333333333334,0.3883372208550826,18.412499999999998,12.532058108498484,10.6,7.456928496954738,0,0,5,76,3,2024,1,spring,train
2024-03-17 00:00:00+00:00,2161306,Minh Khai - Bắc Từ Liêm,21.05,105.74,11.935833333333333,3.7881186298244653,6.12,21.48,24,20924.9875,4880.793321146674,7.471666666666667,0.6615112254899951,16.29375,7.154880251481747,24.239583333333332,16.533793188804104,0,0,6,77,3,2024,1,spring,train
2024-03-18 00:00:00+00:00,2161306,Minh Khai - Bắc Từ Liêm,21.05,105.74,12.561714285714285,2.065835355076903,9.45,18.11,21,24397.337499999998,11350.07699846751,7.74875,0.4845913787386506,13.39,5.4964162237177625,18.35375,10.078303347764702,9,0,0,78,3,2024,0,spring,train
2024-03-19 00:00:00+00:00,2161306,Minh Khai - Bắc Từ Liêm,21.05,105.74,7.3739673913043475,1.9650560096463998,4.86,12.31,23,5634.829166666666,1807.8241066034784,8.674166666666666,0.23564742762213137,28.466666666666665,20.413424539975534,1.9908333333333335,2.2962141179259214,7,0,1,79,3,2024,0,spring,train
2024-03-20 00:00:00+00:00,2161306,Minh Khai - Bắc Từ Liêm,21.05,105.74,43.031041666666674,32.803057956650434,0.0,87.89,24,15942.083333333334,5897.184452709222,8.88625,0.27559914968001575,18.192083333333333,13.868043647229026,3.0175,3.090708726939924,5,0,2,80,3,2024,0,spring,train
2024-03-21 00:00:00+00:00,2161306,Minh Khai - Bắc Từ Liêm,21.05,105.74,54.41230769230769,13.259313175931696,22.86,75.43,13,20263.281118881117,3071.3914375829067,8.66965034965035,0.21010575143326285,28.826748251748253,9.230544551384167,6.933741258741259,3.4114227234997836,17,0,3,81,3,2024,0,spring,train
2024-03-22 00:00:00+00:00,2161306,Minh Khai - Bắc Từ Liêm,21.05,105.74,59.625242603550305,9.677117659668058,37.96,67.79,13,15669.76923076923,3317.3951252914844,7.534449704142012,0.4982769144536697,16.028319526627218,2.852139721675417,27.448366863905328,12.508715592628684,17,0,4,82,3,2024,0,spring,train
2024-03-23 00:00:00+00:00,2161306,Minh Khai - Bắc Từ Liêm,21.05,105.74,51.441828402366866,7.91631420228066,35.25,61.23666666666667,0,14069.44774114774,5479.961515889278,7.107945636094675,0.54976724983941,17.624117779656242,3.5380710838195464,35.78145092514323,18.395455750302766,24,1,5,83,3,2024,1,spring,train
2024-03-24 00:00:00+00:00,2161306,Minh Khai - Bắc Từ Liêm,21.05,105.74,43.258414201183434,6.155510744893261,32.54,54.68333333333334,0,12469.126251526252,7642.527906487072,6.681441568047337,0.6012575852251505,19.219916032685262,4.224002445963675,44.114534986381145,24.28219590797685,24,1,6,84,3,2024,1,spring,train
2024-03-25 00:00:00+00:00,2161306,Minh Khai - Bắc Từ Liêm,21.05,105.74,35.075,4.394707287505862,29.83,48.13,21,10868.804761904761,9805.094297084866,6.2549375,0.6527479206108908,20.815714285714286,4.909933808107804,52.44761904761905,30.168936065650932,11,0,0,85,3,2024,0,spring,train
2024-03-26 00:00:00+00:00,2161306,Minh Khai - Bắc Từ Liêm,21.05,105.74,78.42666666666666,59.10021124397208,15.13,236.38,24,6731.442934782609,5126.295580639371,79.89395833333333,123.16728735155965,29.567708333333332,14.125953455593336,40.051875,18.26927873370701,10,0,1,86,3,2024,0,spring,train
2024-03-27 00:00:00+00:00,2161306,Minh Khai - Bắc Từ Liêm,21.05,105.74,42.78229166666667,14.832017132718045,8.05,68.42,24,2985.6375000000003,4047.652988588596,6.501041666666667,0.44750629836606176,23.34,12.846592984303184,57.043125,17.31826164637475,9,0,2,87,3,2024,0,spring,train
2024-03-28 00:00:00+00:00,2161306,Minh Khai - Bắc Từ Liêm,21.05,105.74,51.93520833333333,14.580857401103971,31.95,82.72,24,4423.689583333334,5469.790819035509,6.855833333333333,0.6838769929935453,19.443749999999998,5.978199515275852,47.345625000000005,24.023475048309294,6,0,3,88,3,2024,0,spring,train
2024-03-29 00:00:00+00:00,2161306,Minh Khai - Bắc Từ Liêm,21.05,105.74,58.82708333333333,9.246988454140865,41.63,77.28,24,13080.4,6954.115652087523,7.538333333333333,0.8988237079489039,19.712500000000002,9.196246044139304,15.052916666666667,18.138353906226886,0,0,4,89,3,2024,0,spring,train
2024-03-30 00:00:00+00:00,2161306,Minh Khai - Bắc Từ Liêm,21.05,105.74,58.79541666666666,9.486469101541038,39.4,74.66,24,12052.614583333334,12346.071404215374,7.098541666666667,0.8189979019544543,19.399375,8.908042325373861,33.497499999999995,27.671849806963213,7,0,5,90,3,2024,1,spring,train
2024-03-31 00:00:00+00:00,2161306,Minh Khai - Bắc Từ Liêm,21.05,105.74,62.57207627118644,2.9662660391406424,56.18,66.94,12,1098.5422727272728,2287.404762927701,5.566011396011396,1.5942187370186327,28.382166666666667,8.77281628582266,47.82968181818182,13.814183702241936,19,0,6,91,3,2024,1,spring,train
2024-04-01 00:00:00+00:00,2161306,Minh Khai - Bắc Từ Liêm,21.05,105.74,56.37228813559322,12.940556299448115,30.94,72.15,0,163.29763888888888,265.66593448090015,10.106614987080103,4.782415547056383,42.30370327993898,10.678485621695371,56.869948512585815,9.966580574770445,24,1,0,92,4,2024,0,spring,train
2024-04-02 00:00:00+00:00,2161306,Minh Khai - Bắc Từ Liêm,21.05,105.74,50.1725,22.914846559755592,5.7,77.36,8,1407.6988194444446,197.75709700486115,52.00001481061322,3.1532656025360972,22.900625,8.116647657526386,73.97125,16.256057717048133,19,0,1,93,4,2024,0,spring,train
2024-04-03 00:00:00+00:00,2161306,Minh Khai - Bắc Từ Liêm,21.05,105.74,64.35192307692307,9.625725287855671,52.11,78.55,18,2652.1,129.84825952882215,93.89341463414634,1.524115658015812,43.35115384615384,18.743184099134115,71.1065625,15.793272365962135,17,0,2,94,4,2024,0,spring,train
2024-04-04 00:00:00+00:00,2161306,Minh Khai - Bắc Từ Liêm,21.05,105.74,46.865750000000006,6.342361394880585,43.305,64.7,10,2924.582857142857,61.93942205278315,76.89111265969802,1.31621490576359,23.082554455445546,9.395596731869329,74.94484375,17.36798677058954,20,0,3,95,4,2024,0,spring,train
2024-04-05 00:00:00+00:00,2161306,Minh Khai - Bắc Từ Liêm,21.05,105.74,43.708181547619056,9.455173282971273,32.823750000000004,66.17750000000001,0,2193.4371428571426,46.45456653958736,59.88881068524971,1.108314153511368,22.18277521658416,8.199426079999519,65.78101376488095,19.04649852959049,24,1,4,96,4,2024,0,spring,train
2024-04-06 00:00:00+00:00,2161306,Minh Khai - Bắc Từ Liêm,21.05,105.74,40.5506130952381,12.567985171061963,22.3425,67.655,0,1462.2914285714285,30.969711026391575,42.886508710801394,0.900413401259146,21.282995977722774,7.003255428129708,56.61718377976191,20.72501028859144,24,1,5,97,4,2024,1,spring,train
2024-04-07 00:00:00+00:00,2161306,Minh Khai - Bắc Từ Liêm,21.05,105.74,37.39304464285715,15.680797059152649,11.861250000000002,69.1325,0,731.1457142857139,15.48485551319579,25.88420673635308,0.6925126490069241,20.383216738861385,5.807084776259897,47.453353794642865,22.403522047592393,24,1,6,98,4,2024,1,spring,train
2024-04-08 00:00:00+00:00,2161306,Minh Khai - Bắc Từ Liêm,21.05,105.74,34.23547619047619,18.79360894724334,1.38,70.61,21,0.0,0.0,8.881904761904762,0.48461189675470223,19.4834375,4.610914124390087,38.289523809523814,24.082033806593344,8,0,0,99,4,2024,0,spring,train
2024-04-09 00:00:00+00:00,2161306,Minh Khai - Bắc Từ Liêm,21.05,105.74,38.69756589147287,4.829122899590086,28.45,45.008139534883725,15,117.50558139534886,162.07868794017483,8.621387596899224,0.2772776498925369,23.698263565891473,3.3507535962647026,60.134689922480625,4.419709413531532,19,0,1,100,4,2024,0,spring,train
2024-04-10 00:00:00+00:00,2161306,Minh Khai - Bắc Từ Liêm,21.05,105.74,48.03747342192691,13.886736527429832,29.255,71.17406976744186,0,824.8146954595792,663.440839966355,8.133908084163897,0.7046157143028162,22.612346068660024,6.798215131447751,71.39924972314508,31.97405842117708,24,1,2,101,4,2024,0,spring,train
2024-04-11 00:00:00+00:00,2161306,Minh Khai - Bắc Từ Liêm,21.05,105.74,57.37738095238095,22.94435015526958,30.06,97.34,21,1532.1238095238095,1164.8029919925352,7.6464285714285705,1.1319537787130955,21.52642857142857,10.2456766666308,82.66380952380953,59.528407428822625,8,0,3,102,4,2024,0,spring,train
2024-04-12 00:00:00+00:00,2161306,Minh Khai - Bắc Từ Liêm,21.05,105.74,51.169375,12.698513139145398,29.46,66.68,24,558.3479166666667,340.8669535104144,7.399476190476191,0.20861270791771522,37.052708333333335,13.860323885666586,68.9475,14.436900691285793,13,0,4,103,4,2024,0,spring,train
2024-04-13 00:00:00+00:00,2161306,Minh Khai - Bắc Từ Liêm,21.05,105.74,37.12145833333333,8.354176348073466,27.19,52.23,24,632.4391304347827,294.70101410987934,7.542058823529412,0.10115055028782262,49.825208333333336,7.392289972780201,66.08479166666667,9.26263446201632,14,0,5,104,4,2024,1,spring,train
2024-04-14 00:00:00+00:00,2161306,Minh Khai - Bắc Từ Liêm,21.05,105.74,75.11833333333333,107.18876731705276,26.19,473.56,24,805.5174242424241,436.97552717523536,7.286888888888888,0.1798090126933342,44.93812499999999,17.640555454810006,66.35325757575757,16.17328557326662,13,0,6,105,4,2024,1,spring,train
2024-04-15 00:00:00+00:00,2161306,Minh Khai - Bắc Từ Liêm,21.05,105.74,34.77247619047619,5.945938383628339,22.41,43.67,21,1016.5834033613445,789.1218850312018,7.3908403361344535,0.27332678373073827,48.93285714285714,15.021583186487751,46.605,5.80112592981495,13,0,0,106,4,2024,0,spring,train
2024-04-16 00:00:00+00:00,2161306,Minh Khai - Bắc Từ Liêm,21.05,105.74,76.82271739130434,48.70336212559618,30.62,181.81,23,231.14558823529413,237.34778125218347,7.407794117647058,0.08136309663611666,53.11147058823529,23.427317200844648,41.83537037037038,1.3376361128387537,16,0,1,107,4,2024,0,spring,train
2024-04-17 00:00:00+00:00,2161306,Minh Khai - Bắc Từ Liêm,21.05,105.74,40.1175,10.104391318285504,15.31,58.09,24,1238.0625,1554.5216417340625,6.739166666666667,1.0313474372062426,28.679166666666664,12.47258683348569,19.012058047493404,9.92563489120902,0,0,2,108,4,2024,0,spring,train
2024-04-18 00:00:00+00:00,2161306,Minh Khai - Bắc Từ Liêm,21.05,105.74,63.515625,45.63282454661396,31.92,189.25,24,1215.45,978.215783632541,5.305,0.7257925869193305,49.08370588235294,18.240859348279184,20.8195127528584,11.878436292477247,5,0,3,109,4,2024,0,spring,train
2024-04-19 00:00:00+00:00,2161306,Minh Khai - Bắc Từ Liêm,21.05,105.74,41.581875000000004,5.686604599846906,31.75,50.64,24,938.0166666666668,860.53160663307,4.517916666666667,0.53603884647247,63.01573216520651,12.9207549308969,22.626967458223398,13.831237693745472,5,0,4,110,4,2024,0,spring,train
2024-04-20 00:00:00+00:00,2161306,Minh Khai - Bắc Từ Liêm,21.05,105.74,60.70157436708862,10.881035331787697,40.14,68.51,12,2217.2708069620253,711.3817312076907,5.463679245283019,0.7761018148356342,59.56737034388223,12.293127474018648,24.43442216358839,15.784039095013696,18,0,5,111,4,2024,1,spring,train
2024-04-21 00:00:00+00:00,2161306,Minh Khai - Bắc Từ Liêm,21.05,105.74,57.4816071080818,10.522319497737124,37.135384615384616,65.20692307692308,0,2094.1140782213565,710.5807976130059,32.11315954002456,5.976576593997245,56.11900852255796,11.665500017140396,26.241876868953387,17.73684049628192,24,1,6,112,4,2024,1,spring,train
2024-04-22 00:00:00+00:00,2161306,Minh Khai - Bắc Từ Liêm,21.05,105.74,54.26163984907498,10.163603663686553,34.13076923076923,61.90384615384616,0,1970.957349480688,709.7798640183211,58.762639834766105,11.177051373158855,52.670646701233686,11.037872560262144,28.049331574318384,19.68964189755015,24,1,0,113,4,2024,0,spring,train
2024-04-23 00:00:00+00:00,2161306,Minh Khai - Bắc Từ Liêm,21.05,105.74,51.04167259006817,9.80488782963598,31.126153846153848,58.60076923076923,0,1847.8006207400194,708.9789304236361,85.41212012950764,16.377526152320467,49.22228487990941,10.410245103383893,29.856786279683377,21.642443298818375,24,1,1,114,4,2024,0,spring,train
2024-04-24 00:00:00+00:00,2161306,Minh Khai - Bắc Từ Liêm,21.05,105.74,47.82170533106135,9.446171995585408,28.121538461538464,55.29769230769231,0,1724.643891999351,708.1779968289513,112.06160042424919,21.578000931482077,45.77392305858514,9.782617646505642,31.664240985048373,23.595244700086603,24,1,2,115,4,2024,0,spring,train
2024-04-25 00:00:00+00:00,2161306,Minh Khai - Bắc Từ Liêm,21.05,105.74,44.60173807205453,9.087456161534835,25.116923076923076,51.994615384615386,0,1601.4871632586824,707.3770632342665,138.71108071899076,26.77847571064369,42.325561237260864,9.15499018962739,,,24,1,3,116,4,2024,0,spring,train
2024-04-26 00:00:00+00:00,2161306,Minh Khai - Bắc Từ Liêm,21.05,105.74,41.381770813047716,8.728740327484264,22.11230769230769,48.691538461538464,0,1478.3304345180136,706.5761296395817,165.36056101373228,31.9789504898053,38.87719941593659,8.527362732749138,35.279150395778366,27.500847502623053,24,1,4,117,4,2024,0,spring,train
2024-04-27 00:00:00+00:00,2161306,Minh Khai - Bắc Từ Liêm,21.05,105.74,38.1618035540409,8.370024493433691,19.107692307692307,45.38846153846154,0,1355.1737057773448,705.7751960448968,192.01004130847383,37.17942526896691,35.42883759461232,7.899735275870887,37.08660510114336,29.453648903891278,24,1,5,118,4,2024,1,spring,train
2024-04-28 00:00:00+00:00,2161306,Minh Khai - Bắc Từ Liêm,21.05,105.74,34.94183629503408,8.011308659383118,16.103076923076923,42.08538461538461,0,1232.0169770366765,704.974262450212,218.65952160321538,42.37990004812852,31.980475773288042,7.272107818992635,38.89405980650835,31.406450305159503,24,1,6,119,4,2024,1,spring,train
2024-04-29 00:00:00+00:00,2161306,Minh Khai - Bắc Từ Liêm,21.05,105.74,31.721869036027265,7.652592825332547,13.098461538461539,38.7823076923077,0,1108.8602482960077,704.1733288555272,245.30900189795693,47.580374827290136,28.532113951963765,6.6444803621143835,40.701514511873356,33.35925170642773,24,1,0,120,4,2024,0,spring,train
2024-04-30 00:00:00+00:00,2161306,Minh Khai - Bắc Từ Liêm,21.05,105.74,28.501901777020446,7.293876991281975,10.093846153846151,35.47923076923077,0,985.7035195553392,703.3723952608424,271.95848219269845,52.780849606451746,25.083752130639496,6.0168529052361315,42.508969217238345,35.31205310769596,24,1,1,121,4,2024,0,spring,train
2024-05-01 00:00:00+00:00,2161306,Minh Khai - Bắc Từ Liêm,21.05,105.74,25.28193451801363,6.935161157231402,7.089230769230767,32.176153846153845,0,862.5467908146704,702.5714616661575,298.60796248744,57.981324385613355,21.63539030931522,5.38922544835788,44.31642392260335,37.264854508964184,24,1,2,122,5,2024,0,spring,train
2024-05-02 00:00:00+00:00,2161306,Minh Khai - Bắc Từ Liêm,21.05,105.74,22.061967259006813,6.57644532318083,4.0846153846153825,28.873076923076923,0,739.3900620740019,701.7705280714727,325.2574427821815,63.181799164774965,18.187028487990943,4.761597991479627,46.12387862796834,39.21765591023241,24,1,3,123,5,2024,0,spring,train
2024-05-03 00:00:00+00:00,2161306,Minh Khai - Bắc Từ Liêm,21.05,105.74,18.842,6.2177294891302575,1.08,25.57,15,616.2333333333333,700.9695944767878,351.9069230769231,68.38227394393658,14.738666666666665,4.133970534601375,47.931333333333335,41.170457311500634,9,0,4,124,5,2024,0,spring,train
2024-05-04 00:00:00+00:00,2161306,Minh Khai - Bắc Từ Liêm,21.05,105.74,34.95291666666667,10.104279540681361,20.04,56.17,24,1122.3641304347825,1452.7447259986477,168.65791666666667,72.6345021010746,21.263333333333332,6.730370276438809,27.826315789473686,14.519153246011165,0,0,5,125,5,2024,1,spring,train
2024-05-05 00:00:00+00:00,2161306,Minh Khai - Bắc Từ Liêm,21.05,105.74,29.136833333333332,6.55176755219315,19.6,42.27,24,3557.2843333333335,704.0214388879144,152.47766666666666,12.304883592780714,20.430833333333336,6.386981796860701,0.41090000000000004,0.6156507938758791,1,0,6,126,5,2024,1,spring,train
2024-05-06 00:00:00+00:00,2161306,Minh Khai - Bắc Từ Liêm,21.05,105.74,11.578166666666666,15.086567511377872,0.0,46.42,24,886.07,1335.186606354885,90.23816666666666,44.69079423897214,16.361666666666668,4.708482118977866,23.9765,26.972289342368047,3,0,0,127,5,2024,0,spring,train
2024-05-07 00:00:00+00:00,2161306,Minh Khai - Bắc Từ Liêm,21.05,105.74,38.9125,21.732474448441756,0.65,63.81,24,3339.1416666666664,1937.7153012305985,64.81916666666667,6.584300772797863,15.265,4.711981951689064,15.337916666666667,22.017889713859745,0,0,1,128,5,2024,0,spring,train
2024-05-08 00:00:00+00:00,2161306,Minh Khai - Bắc Từ Liêm,21.05,105.74,22.2,6.400718030373456,13.45,40.15,24,1077.4104166666668,413.4348936650351,53.09583333333333,3.150006096152371,18.3659375,4.43713968607593,14.17940350877193,5.99230945962734,0,0,2,129,5,2024,0,spring,train
2024-05-09 00:00:00+00:00,2161306,Minh Khai - Bắc Từ Liêm,21.05,105.74,24.783749999999998,7.053351230936719,8.3,36.77,24,3762.121739130435,2933.905766125751,64.29958333333333,7.835298878440613,15.26804347826087,4.03006844604926,13.975238095238096,20.52708615927931,0,0,3,130,5,2024,0,spring,train
2024-05-10 00:00:00+00:00,2161306,Minh Khai - Bắc Từ Liêm,21.05,105.74,29.51,7.432402619318483,18.35,44.93,24,279.8690476190476,376.28228430283394,52.55125,3.597920066420013,20.762083333333333,5.9648426337102585,33.6224183006536,12.66452175897814,0,0,4,131,5,2024,0,spring,train
2024-05-11 00:00:00+00:00,2161306,Minh Khai - Bắc Từ Liêm,21.05,105.74,25.137916666666666,5.2733513633598585,16.47,32.34,24,2740.4490476190476,400.9666302437743,51.82708333333333,1.4825814125799377,22.374166666666667,4.086900512258826,0.0,0.0,0,0,5,132,5,2024,1,spring,train
2024-05-12 00:00:00+00:00,2161306,Minh Khai - Bắc Từ Liêm,21.05,105.74,23.686666666666667,10.451056392066063,6.95,40.84,24,3036.081818181818,952.6995647139031,57.215,7.342944558050864,20.284166666666668,6.8564979758440545,0.47631578947368414,2.068958972060629,0,0,6,133,5,2024,1,spring,train
2024-05-13 00:00:00+00:00,2161306,Minh Khai - Bắc Từ Liêm,21.05,105.74,18.800416666666667,6.090323386264096,7.71,30.8,24,2782.4583333333335,1348.5861138247597,62.50791666666667,5.786574400895697,16.213333333333335,6.5610876027836245,40.07125,30.090407218615802,2,0,0,134,5,2024,0,spring,train
2024-05-14 00:00:00+00:00,2161306,Minh Khai - Bắc Từ Liêm,21.05,105.74,21.610833333333332,6.074112507488085,8.78,35.45,24,1986.9142857142856,708.7394879934869,52.88833333333333,3.377212211105575,21.464166666666667,7.309056869312249,82.8001388888889,20.26084783700112,0,0,1,135,5,2024,0,spring,train
2024-05-15 00:00:00+00:00,2161306,Minh Khai - Bắc Từ Liêm,21.05,105.74,12.77030303030303,2.377000643953276,8.32,18.62,22,2551.3233333333333,1538.8855741510104,56.92484848484848,3.7445119323429155,19.293939393939393,6.627139528756019,45.245555555555555,10.813229294608425,8,0,2,136,5,2024,0,spring,train
2024-05-16 00:00:00+00:00,2161306,Minh Khai - Bắc Từ Liêm,21.05,105.74,16.066666666666666,5.817300783507512,6.67,30.39,24,451.1881578947369,502.3217607719472,51.97625,4.484654814402981,19.980454545454545,6.4847509606495315,83.04366459627329,23.835158051383406,0,0,3,137,5,2024,0,spring,train
2024-05-17 00:00:00+00:00,2161306,Minh Khai - Bắc Từ Liêm,21.05,105.74,10.335833333333333,2.651744162141075,6.88,18.08,24,4093.360294117647,451.0938615732205,48.14625,1.6482555007195228,24.273333333333333,4.39240177275865,96.57555023923446,3.5885377029691083,0,0,4,138,5,2024,0,spring,train
2024-05-18 00:00:00+00:00,2161306,Minh Khai - Bắc Từ Liêm,21.05,105.74,8.467083333333333,2.6521631518550985,4.31,14.51,24,2250.109090909091,976.5356945706396,45.915416666666665,1.1444192723886155,21.50583333333333,3.941269842451097,95.80153846153847,4.459095434276118,0,0,5,139,5,2024,1,spring,train
2024-05-19 00:00:00+00:00,2161306,Minh Khai - Bắc Từ Liêm,21.05,105.74,5.596666666666667,2.7655405425980693,2.4,12.56,24,1969.6166666666668,1334.2154958159354,47.91958333333333,4.1016428089101185,17.739583333333332,5.782634783230902,57.89125,22.600812455897834,0,0,6,140,5,2024,1,spring,train
2024-05-20 00:00:00+00:00,2161306,Minh Khai - Bắc Từ Liêm,21.05,105.74,8.802083333333334,3.928716992880109,4.05,16.54,24,1283.7333916083915,952.7850022293248,47.073125000000005,3.3582001560424395,20.370625,6.3175769833233835,76.20027972027971,18.74499228585541,1,0,0,141,5,2024,0,spring,train
2024-05-21 00:00:00+00:00,2161306,Minh Khai - Bắc Từ Liêm,21.05,105.74,14.134583333333333,5.64870895535598,6.72,28.28,24,3304.7825,2220.599869717226,51.19,3.4837610860028576,15.795833333333334,5.853157391466197,65.1805,19.911069250148536,0,0,1,142,5,2024,0,spring,train
2024-05-22 00:00:00+00:00,2161306,Minh Khai - Bắc Từ Liêm,21.05,105.74,9.12375,2.957511898612545,5.66,17.25,24,67.40086956521739,133.38402050651425,47.38666666666666,1.8029412362718023,18.890833333333333,6.490439903806794,88.794477124183,8.306582892271589,0,0,2,143,5,2024,0,spring,train
2024-05-23 00:00:00+00:00,2161306,Minh Khai - Bắc Từ Liêm,21.05,105.74,16.187916666666666,4.775276486165347,5.42,26.11,24,6296.938636363636,4354.072951133603,56.17208333333334,6.06128307174689,17.53770833333333,7.489996497946524,34.30175,24.620990037593664,5,0,3,144,5,2024,0,spring,train
2024-05-24 00:00:00+00:00,2161306,Minh Khai - Bắc Từ Liêm,21.05,105.74,6.86375,4.408404830794685,0.0,16.68,24,1614.1434362934363,975.8868237338665,45.78125,4.393215433805413,22.599166666666665,5.437303453052781,59.035250000000005,27.88575279455654,0,0,4,145,5,2024,0,spring,train
2024-05-25 00:00:00+00:00,2161306,Minh Khai - Bắc Từ Liêm,21.05,105.74,5.905833333333334,1.0348489352753767,4.2,8.6,24,1440.5249736749736,876.6015415766016,42.33833333333333,0.6656651898120677,22.693749999999998,4.0553183679234595,88.48816666666667,1.4945519042093625,0,0,5,146,5,2024,1,spring,train
2024-05-26 00:00:00+00:00,2161306,Minh Khai - Bắc Từ Liêm,21.05,105.74,8.7651875,2.549180721012927,4.89,13.735357142857143,20,1266.9065110565111,777.3162594193367,41.63801754385965,0.6606110433157236,23.143250000000002,5.89667547303513,81.20916230366493,7.4039470528795075,10,0,6,147,5,2024,1,spring,train
2024-05-27 00:00:00+00:00,2161306,Minh Khai - Bắc Từ Liêm,21.05,105.74,15.243797077922078,13.857357195789236,4.77,46.811734693877554,0,1093.2880484380485,678.0309772620717,42.60696146616541,0.6331334098318061,22.387915584415587,5.5967807240660585,76.51524527657638,6.491250786054469,24,1,0,148,5,2024,0,spring,train
2024-05-28 00:00:00+00:00,2161306,Minh Khai - Bắc Từ Liêm,21.05,105.74,21.722406655844154,25.165533670565544,4.6499999999999995,79.88811224489797,0,919.6695858195858,578.7456951048068,43.57590538847118,0.6056557763478887,21.63258116883117,5.296885975096987,71.82132824948782,5.57855451922943,24,1,1,149,5,2024,0,spring,train
2024-05-29 00:00:00+00:00,2161306,Minh Khai - Bắc Từ Liêm,21.05,105.74,28.201016233766232,36.47371014534185,4.529999999999999,112.96448979591838,0,746.0511232011231,479.46041294754184,44.54484931077694,0.5781781428639712,20.877246753246755,4.996991226127915,67.12741122239927,4.665858252404391,24,1,2,150,5,2024,0,spring,train
2024-05-30 00:00:00+00:00,2161306,Minh Khai - Bắc Từ Liêm,21.05,105.74,34.67962581168831,47.78188662011816,4.41,146.0408673469388,0,572.4326605826604,380.17513079027685,45.51379323308271,0.5507005093800537,20.121912337662337,4.697096477158843,62.43349419531072,3.753161985579352,24,1,3,151,5,2024,0,spring,train
2024-05-31 00:00:00+00:00,2161306,Minh Khai - Bắc Từ Liêm,21.05,105.74,41.15823538961039,59.09006309489447,4.29,179.1172448979592,0,398.8141979641978,280.88984863301187,46.48273715538847,0.5232228758961363,19.366577922077923,4.3972017281897715,57.73957716822217,2.840465718754313,24,1,4,152,5,2024,0,spring,train
2024-06-01 00:00:00+00:00,2161306,Minh Khai - Bắc Từ Liêm,21.05,105.74,47.63684496753247,70.39823956967078,4.17,212.19362244897962,0,225.19573534573533,181.604566475747,47.45168107769423,0.49574524241221873,18.611243506493505,4.0973069792207,53.045660141133624,1.927769451929274,24,1,5,153,6,2024,1,summer,train
2024-06-02 00:00:00+00:00,2161306,Minh Khai - Bắc Từ Liêm,21.05,105.74,54.11545454545455,81.7064160444471,4.05,245.27,11,51.57727272727273,82.31928431848196,48.420625,0.46826760892830127,17.85590909090909,3.7974122302516284,48.35174311404507,1.0150731851042352,17,0,6,154,6,2024,1,summer,train
2024-06-03 00:00:00+00:00,2161306,Minh Khai - Bắc Từ Liêm,21.05,105.74,33.72873931623931,33.81018001785201,4.931538461538461,128.39,18,56.76083333333334,55.723821323531155,49.39782051282051,0.7655154219153624,24.989465811965815,5.959304199991255,43.65782608695652,0.10237691827919694,18,0,0,155,6,2024,0,summer,train
2024-06-04 00:00:00+00:00,2161306,Minh Khai - Bắc Từ Liêm,21.05,105.74,18.731467391304346,4.730828560733038,9.86,28.69,23,112.44130434782609,263.1276637317875,51.46452380952381,0.4003124275894256,31.873695652173915,18.46729518373392,40.704346127717386,0.9100123510433441,11,0,1,156,6,2024,0,summer,train
2024-06-05 00:00:00+00:00,2161306,Minh Khai - Bắc Từ Liêm,21.05,105.74,6.943333333333334,1.7264179217616196,4.7,11.22,24,195.19375,297.65008136652676,53.45166666666666,1.1892330983952815,38.188541666666666,20.489851177673604,37.750866168478254,1.7176477838074913,0,0,2,157,6,2024,0,summer,train
2024-06-06 00:00:00+00:00,2161306,Minh Khai - Bắc Từ Liêm,21.05,105.74,10.736136363636364,1.584110980140785,8.05,13.45,11,877.6954545454547,420.1836782188933,54.75,1.3731923182341037,15.928863636363637,2.4223396916059436,34.79738620923913,2.5252832165716383,20,0,3,158,6,2024,0,summer,train
2024-06-07 00:00:00+00:00,2161306,Minh Khai - Bắc Từ Liêm,21.05,105.74,19.11,10.278263435972988,7.72,41.2,16,447.65625,517.7282388393227,50.2228125,2.0242516421255874,29.17,8.138909017798394,31.843906249999996,3.332918649335786,11,0,4,159,6,2024,0,summer,train
2024-06-08 00:00:00+00:00,2161306,Minh Khai - Bắc Từ Liêm,21.05,105.74,8.301041666666666,3.0844984016032084,3.68,13.09,24,122.52499999999999,161.68773897106385,48.435606060606055,0.8139848690917129,15.276458333333332,5.724131298404748,44.24657142857143,0.11048119857285632,10,0,5,160,6,2024,1,summer,train
2024-06-09 00:00:00+00:00,2161306,Minh Khai - Bắc Từ Liêm,21.05,105.74,7.628958333333333,2.529260924514385,4.49,13.53,24,483.7479166666667,500.02813148669924,49.17854166666667,1.2956368915364158,27.400208333333335,13.794004336342608,43.38295238095238,0.2742484873326262,3,0,6,161,6,2024,1,summer,train
2024-06-10 00:00:00+00:00,2161306,Minh Khai - Bắc Từ Liêm,21.05,105.74,33.90625,43.91766458798007,6.45,173.85,24,61.28641304347826,83.91653895465696,49.62668478260869,0.6173421960043743,27.009583333333335,7.709908873845084,42.519333333333336,0.43801577609239606,12,0,0,162,6,2024,0,summer,train
2024-06-11 00:00:00+00:00,2161306,Minh Khai - Bắc Từ Liêm,21.05,105.74,23.487291666666664,13.665885764802393,0.72,46.8,24,41.33311965811966,40.24703363781561,49.67741452991453,0.32806350713484633,20.079166666666666,5.071167453109206,41.65571428571429,0.6017830648521659,16,0,1,163,6,2024,0,summer,train
2024-06-12 00:00:00+00:00,2161306,Minh Khai - Bắc Từ Liêm,21.05,105.74,79.16212121212122,46.71714996438375,19.87,180.71,22,0.06805555555555556,0.06360943429019751,49.45223426573427,0.27443079631994377,29.27128787878788,4.661664019859164,49.972115384615385,1.8212537757567657,18,0,2,164,6,2024,0,summer,train
2024-06-13 00:00:00+00:00,2161306,Minh Khai - Bắc Từ Liêm,21.05,105.74,19.889935897435898,8.864390597884796,12.29,38.82,18,0.0,0.0,49.4376923076923,0.31645748567017323,31.463846153846152,4.511690888545306,44.94039215686274,1.5025973072716654,19,0,3,165,6,2024,0,summer,train
2024-06-14 00:00:00+00:00,2161306,Minh Khai - Bắc Từ Liêm,21.05,105.74,57.05407894736842,43.66350178124195,10.47,175.48,19,40.82,23.228919365423817,50.318450455005056,0.34968542277176207,28.708947368421054,6.618125135708057,43.762941176470584,0.030588235294113808,19,0,4,166,6,2024,0,summer,train
2024-06-15 00:00:00+00:00,2161306,Minh Khai - Bắc Từ Liêm,21.05,105.74,72.4203669467787,33.63718115242836,31.74,171.37,21,0.0,0.0,50.92302325581395,0.020959282166227066,28.90362745098039,3.7371320352379294,46.67061224489796,1.0246044423521408,19,0,5,167,6,2024,1,summer,train
2024-06-16 00:00:00+00:00,2161306,Minh Khai - Bắc Từ Liêm,21.05,105.74,80.3245168067227,35.938658546618015,17.79,148.27,14,1.5249999999999997,3.7916475190991723,50.66142857142857,0.5249121871635334,24.38409663865546,2.6623510786974807,46.57468112244898,0.7827831350471202,19,0,6,168,6,2024,1,summer,train
2024-06-17 00:00:00+00:00,2161306,Minh Khai - Bắc Từ Liêm,21.05,105.74,37.75941176470588,24.71423025932478,7.89,67.47,17,0.0,0.0,50.349000000000004,0.7507984391940984,24.187157894736842,12.57091969948771,46.47875,0.5409618277420997,16,0,0,169,6,2024,0,summer,train
2024-06-18 00:00:00+00:00,2161306,Minh Khai - Bắc Từ Liêm,21.05,105.74,38.42984375,19.367805706652085,11.47,74.33,16,0.0,0.0,50.046611253196936,0.8041637016376284,25.34754090909091,3.378341914329285,40.56591346153846,0.4709961388987116,22,0,1,170,6,2024,0,summer,train
2024-06-19 00:00:00+00:00,2161306,Minh Khai - Bắc Từ Liêm,21.05,105.74,63.603529411764704,76.12001734911122,3.5,286.04,17,39.86666666666667,75.34091828650595,50.33796918767507,1.2225815294346507,21.37205882352941,6.413272245750156,34.653076923076924,0.40103045005532356,16,0,2,171,6,2024,0,summer,train
2024-06-20 00:00:00+00:00,2161306,Minh Khai - Bắc Từ Liêm,21.05,105.74,20.586783333333337,14.5236380772453,7.9,56.772000000000006,15,0.0,0.0,49.7241091954023,0.38155491408707864,30.543311965811963,5.314228296294532,36.82319441009152,2.427931370298999,19,0,3,172,6,2024,0,summer,train
2024-06-21 00:00:00+00:00,2161306,Minh Khai - Bắc Từ Liêm,21.05,105.74,32.05779166666667,25.66438161968633,0.9,86.61,24,0.10416666666666667,0.25919095603593356,48.6725,1.5839296348750178,26.539583333333336,14.741263262436627,38.9933118971061,4.454832290542674,14,0,4,173,6,2024,0,summer,train
2024-06-22 00:00:00+00:00,2161306,Minh Khai - Bắc Từ Liêm,21.05,105.74,84.18804761904762,106.2022117762089,18.46,412.08,21,0.0,0.0,48.93245454545454,0.3373744135963675,19.322,3.5641581599150296,39.120989156154664,5.379679736966551,17,0,5,174,6,2024,1,summer,train
2024-06-23 00:00:00+00:00,2161306,Minh Khai - Bắc Từ Liêm,21.05,105.74,32.54875,12.41253874093326,10.43,58.87,24,0.041666666666666664,0.10367638241437342,48.39541666666667,0.7760901713759059,21.960416666666664,13.55739773679742,39.248666415203225,6.304527183390428,11,0,6,175,6,2024,1,summer,train
2024-06-24 00:00:00+00:00,2161306,Minh Khai - Bắc Từ Liêm,21.05,105.74,12.765833333333333,3.320753603137941,6.47,20.39,24,7.792105263157894,13.323637236525403,47.67625,0.6407574491924801,12.793333333333335,13.56819873484364,39.376343674251785,7.229374629814306,9,0,0,176,6,2024,0,summer,train
2024-06-25 00:00:00+00:00,2161306,Minh Khai - Bắc Từ Liêm,21.05,105.74,14.684583333333334,8.153424316182136,6.57,37.68,24,3.2307692307692304,3.9381865236339206,47.276250000000005,0.7001991176428506,10.2125,10.471706600666138,39.504020933300346,8.154222076238183,4,0,1,177,6,2024,0,summer,train
2024-06-26 00:00:00+00:00,2161306,Minh Khai - Bắc Từ Liêm,21.05,105.74,12.250208333333333,2.601193906135958,8.05,16.71,24,0.41111111111111115,0.5690334081649716,48.17666666666667,0.6114139785285421,14.568541666666667,9.796632657609454,39.631698192348914,9.07906952266206,6,0,2,178,6,2024,0,summer,train
2024-06-27 00:00:00+00:00,2161306,Minh Khai - Bắc Từ Liêm,21.05,105.74,21.924791666666668,5.816471225330408,9.72,33.66,24,0.0,0.0,47.01895833333333,1.1035003390069271,29.946250000000003,21.490287932522108,39.759375451397474,10.003916969085935,10,0,3,179,6,2024,0,summer,train
2024-06-28 00:00:00+00:00,2161306,Minh Khai - Bắc Từ Liêm,21.05,105.74,14.2415,2.3619858812089256,7.52,15.74,12,5.734090909090909,6.184475522951602,45.60088235294118,0.46505599080092846,33.87229166666666,24.747422950851533,39.887052710446035,10.928764415509814,21,0,4,180,6,2024,0,summer,train
2024-06-29 00:00:00+00:00,2161306,Minh Khai - Bắc Từ Liêm,21.05,105.74,15.318192105263158,2.6096275865656433,8.462,17.6,0,0.0,0.0,45.183012820512815,0.5184467988955004,27.727340909090906,19.115111945315075,,,24,1,5,181,6,2024,1,summer,train
2024-06-30 00:00:00+00:00,2161306,Minh Khai - Bắc Từ Liêm,21.05,105.74,16.394884210526318,2.8572692919223606,9.404,19.46,0,1.131578947368421,1.463197651864249,44.6047962184874,0.45546537615060456,25.10328947368421,10.015880659806601,,,24,1,6,182,6,2024,1,summer,train
2024-07-01 00:00:00+00:00,2161306,Minh Khai - Bắc Từ Liêm,21.05,105.74,17.471576315789473,3.1049109972790783,10.346,21.32,0,0.03333333333333333,0.08401680504168059,44.56181818181818,0.5007580390132168,27.28745726495727,18.047056993260032,,,24,1,0,183,7,2024,0,summer,train
2024-07-02 00:00:00+00:00,2161306,Minh Khai - Bắc Từ Liêm,21.05,105.74,18.548268421052633,3.352552702635796,11.288,23.18,0,1.1312499999999999,2.378884123683422,46.66833333333333,0.6598709799232921,38.16770833333333,21.86492095923843,,,24,1,1,184,7,2024,0,summer,train
2024-07-03 00:00:00+00:00,2161306,Minh Khai - Bắc Từ Liêm,21.05,105.74,19.62496052631579,3.6001944079925137,12.23,25.04,0,103.71458333333334,314.0776810340586,47.31215517241379,0.20071468619821717,23.848958333333332,11.736945197256643,,,24,1,2,185,7,2024,0,summer,train
2024-07-04 00:00:00+00:00,2161306,Minh Khai - Bắc Từ Liêm,21.05,105.74,20.70165263157895,3.847836113349231,13.172,26.9,0,134.04375000000002,337.66645856798965,49.980699351117515,0.043708528350477865,17.95432524875622,8.70546927812455,,,24,1,3,186,7,2024,0,summer,train
2024-07-05 00:00:00+00:00,2161306,Minh Khai - Bắc Từ Liêm,21.05,105.74,21.778344736842104,4.095477818705948,14.114,28.76,0,162.89374999999998,341.71687820554524,50.43372677940264,0.06217579481631824,17.208036584753003,8.524513157177486,,,24,1,4,187,7,2024,0,summer,train
2024-07-06 00:00:00+00:00,2161306,Minh Khai - Bắc Từ Liêm,21.05,105.74,22.855036842105264,4.343119524062666,15.056000000000001,30.62,0,2.6772727272727272,3.9281831545414096,50.886754207687765,0.08064306128215862,16.461747920749787,8.343557036230424,,,24,1,5,188,7,2024,1,summer,train
2024-07-07 00:00:00+00:00,2161306,Minh Khai - Bắc Từ Liêm,21.05,105.74,23.93172894736842,4.590761229419384,15.998000000000001,32.480000000000004,0,0.9391304347826087,3.295415428417152,51.3397816359729,0.09911032774799898,15.71545925674657,8.16260091528336,,,24,1,6,189,7,2024,1,summer,train
2024-07-08 00:00:00+00:00,2161306,Minh Khai - Bắc Từ Liêm,21.05,105.74,25.00842105263158,4.838402934776101,16.94,34.34,19,0.3375000000000001,1.2107534484953897,51.79280906425802,0.11757759421383936,14.969170592743353,7.981644794336297,,,16,0,0,190,7,2024,0,summer,train
2024-07-09 00:00:00+00:00,2161306,Minh Khai - Bắc Từ Liêm,21.05,105.74,32.549166666666665,14.815836717271498,12.14,64.3,24,2.8136363636363635,9.543998136677335,52.24583649254315,0.13604486067967972,14.222881928740136,7.800688673389233,,,11,0,1,191,7,2024,0,summer,train
2024-07-10 00:00:00+00:00,2161306,Minh Khai - Bắc Từ Liêm,21.05,105.74,29.568641304347825,2.02004255558546,24.89,31.81,12,0.01875,0.0672640804719661,52.69886392082827,0.1545121271455201,13.47659326473692,7.61973255244217,,,21,0,2,192,7,2024,0,summer,train
2024-07-11 00:00:00+00:00,2161306,Minh Khai - Bắc Từ Liêm,21.05,105.74,27.237730566534914,4.562199052100418,16.900000000000002,35.21,0,1.1586956521739131,4.373334804500219,53.151891349113406,0.17297939361136047,12.730304600733703,7.438776431495107,,,24,1,3,193,7,2024,0,summer,train
2024-07-12 00:00:00+00:00,2161306,Minh Khai - Bắc Từ Liêm,21.05,105.74,24.906819828722004,7.104355548615375,8.910000000000002,38.61,0,3.4187499999999997,9.7493457138326,,,11.984015936730486,7.257820310548044,,,24,1,4,194,7,2024,0,summer,train
2024-07-13 00:00:00+00:00,2161306,Minh Khai - Bắc Từ Liêm,21.05,105.74,22.575909090909093,9.646512045130335,0.92,42.01,22,300.7708333333333,833.1957219313394,,,11.237727272727271,7.076864189600981,,,12,0,5,195,7,2024,1,summer,train
2024-07-14 00:00:00+00:00,2161306,Minh Khai - Bắc Từ Liêm,21.05,105.74,18.80270833333333,10.449017761346392,9.57,45.18,24,1.2333333333333334,6.042074698865172,,,20.450416666666666,16.232753532856158,,,6,0,6,196,7,2024,1,summer,train
2024-07-15 00:00:00+00:00,2161306,Minh Khai - Bắc Từ Liêm,21.05,105.74,16.544583333333332,10.69597631747836,6.82,44.06,24,110.89999999999999,250.78868638236318,,,22.46166666666667,15.95681189326682,,,4,0,0,197,7,2024,0,summer,train
2024-07-16 00:00:00+00:00,2161306,Minh Khai - Bắc Từ Liêm,21.05,105.74,15.624375,6.75423713519015,5.1,31.56,24,197.4375,417.85432548303146,,,20.086666666666666,14.405559380419838,,,5,0,1,198,7,2024,0,summer,train
2024-07-17 00:00:00+00:00,2161306,Minh Khai - Bắc Từ Liêm,21.05,105.74,12.717291666666666,4.516161820347048,6.35,23.65,24,89.70625,182.88949521292665,,,26.03708333333333,14.619828680258074,,,4,0,2,199,7,2024,0,summer,train
2024-07-18 00:00:00+00:00,2161306,Minh Khai - Bắc Từ Liêm,21.05,105.74,11.645000000000001,4.865631913024605,4.84,22.44,24,123.39166666666667,206.52557672254474,,,30.03708333333333,24.839099937649927,,,0,0,3,200,7,2024,0,summer,train
2024-07-19 00:00:00+00:00,2161306,Minh Khai - Bắc Từ Liêm,21.05,105.74,10.111666666666666,1.8269073812621552,6.08,14.23,24,88.85833333333333,187.8692998884589,,,13.690208333333333,13.981290205995842,,,2,0,4,201,7,2024,0,summer,train
2024-07-20 00:00:00+00:00,2161306,Minh Khai - Bắc Từ Liêm,21.05,105.74,30.284791666666667,18.802458181056068,8.11,71.89,24,115.67083333333333,224.50047465869793,,,19.778333333333332,17.993287858838208,,,4,0,5,202,7,2024,1,summer,train
2024-07-21 00:00:00+00:00,2161306,Minh Khai - Bắc Từ Liêm,21.05,105.74,16.990416666666665,5.735202607517485,10.41,31.91,24,33.395833333333336,99.40961408831846,,,25.174583333333334,13.668344524964978,,,8,0,6,203,7,2024,1,summer,train
2024-07-22 00:00:00+00:00,2161306,Minh Khai - Bắc Từ Liêm,21.05,105.74,14.479375,6.504517583074594,5.74,35.01,24,307.7104166666667,589.70438917633,,,17.522291666666668,12.793810454475565,,,6,0,0,204,7,2024,0,summer,train
2024-07-23 00:00:00+00:00,2161306,Minh Khai - Bắc Từ Liêm,21.05,105.74,9.032083333333334,3.5128447275264167,2.32,15.29,24,188.29999999999998,245.47181897937585,,,31.214791666666667,10.334700594006273,43.078984186660065,34.04995057610674,0,0,1,205,7,2024,0,summer,train
2024-07-24 00:00:00+00:00,2161306,Minh Khai - Bắc Từ Liêm,21.05,105.74,29.272499999999997,17.45734977340808,6.29,68.59,24,431.0083333333334,656.7896208181832,,,43.24458333333333,26.45034686881585,43.206661445708626,34.97479802253062,2,0,2,206,7,2024,0,summer,train
2024-07-25 00:00:00+00:00,2161306,Minh Khai - Bắc Từ Liêm,21.05,105.74,26.612291666666664,40.90408563571421,0.04,210.35,24,51.55833333333334,97.67546492991657,,,19.12,19.910793931328943,43.33433870475719,35.899645468954496,3,0,3,207,7,2024,0,summer,train
2024-07-26 00:00:00+00:00,2161306,Minh Khai - Bắc Từ Liêm,21.05,105.74,34.400151515151514,27.716603152885863,10.82,93.17,22,176.99545454545455,366.7884695664879,,,30.86060606060606,14.114003635247778,43.462015963805754,36.82449291537837,16,0,4,208,7,2024,0,summer,train
2024-07-27 00:00:00+00:00,2161306,Minh Khai - Bắc Từ Liêm,21.05,105.74,34.14588235294118,1.5367403433871698,32.01176470588236,36.28,7,0.2382352941176471,0.713602088825748,,,21.51875,10.449603463124795,43.589693222854315,37.749340361802254,23,0,5,209,7,2024,1,summer,train
2024-07-28 00:00:00+00:00,2161306,Minh Khai - Bắc Từ Liêm,21.05,105.74,22.139845938375352,3.3171220604572182,16.00588235294118,28.18,0,2.18125,6.249605422327285,,,24.453333333333333,12.053142984180578,43.717370481902876,38.67418780822613,24,1,6,210,7,2024,1,summer,train
2024-07-29 00:00:00+00:00,2161306,Minh Khai - Bắc Từ Liêm,21.05,105.74,10.133809523809523,5.097503777527267,0.0,20.08,21,242.01458333333335,377.43557511850446,,,44.017500000000005,12.848073193386186,43.845047740951436,39.599035254650005,3,0,0,211,7,2024,0,summer,train
2024-07-30 00:00:00+00:00,2161306,Minh Khai - Bắc Từ Liêm,21.05,105.74,27.412916666666664,17.83652882957908,11.36,71.63,24,4638.358333333334,4119.366716094438,,,20.248333333333335,8.68520206323532,43.972725,40.52388270107388,0,0,1,212,7,2024,0,summer,train
2024-07-31 00:00:00+00:00,2161306,Minh Khai - Bắc Từ Liêm,21.05,105.74,11.808750000000002,2.6166611857230513,8.14,17.05,24,41.5375,73.16719276988893,,,30.385833333333334,25.621614163023388,48.5678025974026,44.66625714776322,2,0,2,213,7,2024,0,summer,train
2024-08-01 00:00:00+00:00,2161306,Minh Khai - Bắc Từ Liêm,21.05,105.74,19.289583333333333,8.861007364270828,6.91,46.6,24,344.01666666666665,604.3634075668357,,,28.125,21.715135352597795,53.1628801948052,48.80863159445256,4,0,3,214,8,2024,0,summer,train
2024-08-02 00:00:00+00:00,2161306,Minh Khai - Bắc Từ Liêm,21.05,105.74,23.74020833333333,18.76883995391243,0.0,77.26,24,6378.322916666667,4966.616965206557,,,21.921666666666667,11.89123502969313,57.7579577922078,52.951006041141895,1,0,4,215,8,2024,0,summer,train
2024-08-03 00:00:00+00:00,2161306,Minh Khai - Bắc Từ Liêm,21.05,105.74,21.62625,11.694299693700643,5.82,53.74,24,4.116666666666666,20.16746554891483,,,23.946875000000002,24.802025894698204,116.18766233766233,45.43539717479581,5,0,5,216,8,2024,1,summer,train
2024-08-04 00:00:00+00:00,2161306,Minh Khai - Bắc Từ Liêm,21.05,105.74,37.07020833333333,54.86008967300241,9.85,262.04,24,9.066666666666668,30.5865794194073,,,36.495,21.395843242894966,97.51048364204101,37.91978830844973,9,0,6,217,8,2024,1,summer,train
2024-08-05 00:00:00+00:00,2161306,Minh Khai - Bắc Từ Liêm,21.05,105.74,33.685625,7.984944435365193,9.36,48.3,24,2.464583333333333,4.4677608234284785,,,30.263333333333335,15.513555830071764,78.8333049464197,30.40417944210365,9,0,0,218,8,2024,0,summer,train
2024-08-06 00:00:00+00:00,2161306,Minh Khai - Bắc Từ Liêm,21.05,105.74,30.753125,12.23151340706913,9.72,57.87,24,12.416666666666666,33.35528262849909,,,38.645,20.687031644507858,60.15612625079838,22.88857057575757,12,0,1,219,8,2024,0,summer,train
2024-08-07 00:00:00+00:00,2161306,Minh Khai - Bắc Từ Liêm,21.05,105.74,35.47566666666667,6.278381904068382,22.0,48.47,21,2.9171428571428573,4.0609815843674335,,,45.273047619047624,21.169855632291483,41.47894755517706,15.372961709411484,14,0,2,220,8,2024,0,summer,train
2024-08-08 00:00:00+00:00,2161306,Minh Khai - Bắc Từ Liêm,21.05,105.74,29.138947368421054,15.599674223119099,2.86,56.36,19,1.6657894736842107,5.290401492629494,,,43.433712121212125,27.085550724794995,22.80176885955575,7.8573528430654065,16,0,3,221,8,2024,0,summer,train
2024-08-09 00:00:00+00:00,2161306,Minh Khai - Bắc Từ Liêm,21.05,105.74,76.31272727272727,98.75590149473842,25.18,456.02,22,23.763636363636362,78.0866767823365,,,37.08969696969697,17.64617990189767,4.1245901639344265,0.34174397671932166,13,0,4,222,8,2024,0,summer,train
2024-08-10 00:00:00+00:00,2161306,Minh Khai - Bắc Từ Liêm,21.05,105.74,30.82136752136752,17.76803245172067,2.93,74.22,18,0.0,0.0,,,48.368818181818185,19.132294021917623,21.3703525942445,6.388130447657262,15,0,5,223,8,2024,1,summer,train
2024-08-11 00:00:00+00:00,2161306,Minh Khai - Bắc Từ Liêm,21.05,105.74,27.72791666666667,12.3538115854341,10.91,49.75,24,2.2291666666666665,10.920641769908336,,,48.93145833333333,25.669670026204606,38.616115024554574,12.434516918595202,1,0,6,224,8,2024,1,summer,train
2024-08-12 00:00:00+00:00,2161306,Minh Khai - Bắc Từ Liêm,21.05,105.74,37.70458333333333,7.511257625936445,24.4,52.82,24,95.74541666666666,65.26453708662682,,,37.20625,22.867036353969368,55.861877454864654,18.480903389533143,0,0,0,225,8,2024,0,summer,train
2024-08-13 00:00:00+00:00,2161306,Minh Khai - Bắc Từ Liêm,21.05,105.74,26.5285,2.174546253223281,22.45,31.77,16,1394.6999999999998,385.5146171029058,,,38.49053106060606,19.17565471506196,73.10763988517472,24.527289860471083,14,0,1,226,8,2024,0,summer,train
2024-08-14 00:00:00+00:00,2161306,Minh Khai - Bắc Từ Liêm,21.05,105.74,25.91208333333333,4.979074454909891,15.92,36.15,24,3474.1541666666667,3338.426476777862,,,39.77481212121212,15.484273076154553,90.3534023154848,30.573676331409022,1,0,2,227,8,2024,0,summer,train
2024-08-15 00:00:00+00:00,2161306,Minh Khai - Bắc Từ Liêm,21.05,105.74,31.016041666666666,7.2575286216342665,14.52,42.64,24,9.0,20.881943289731336,,,36.50990244107744,13.77654974730786,91.023796951992,29.567185817134057,5,0,3,228,8,2024,0,summer,train
2024-08-16 00:00:00+00:00,2161306,Minh Khai - Bắc Từ Liêm,21.05,105.74,64.81666666666668,58.54828275183147,26.42,297.91,24,0.0,0.0,,,33.244992760942765,12.068826418461164,91.6941915884992,28.560695302859095,8,0,4,229,8,2024,0,summer,train
2024-08-17 00:00:00+00:00,2161306,Minh Khai - Bắc Từ Liêm,21.05,105.74,40.05730769230769,7.914317040584381,34.72923076923077,57.51,14,38.715584415584416,27.878407064969227,,,29.98008308080808,10.36110308961447,92.36458622500639,27.55420478858413,18,0,5,230,8,2024,1,summer,train
2024-08-18 00:00:00+00:00,2161306,Minh Khai - Bắc Từ Liêm,21.05,105.74,34.666096153846155,6.582222293380898,30.055384615384614,48.9765,0,357.0853526043849,27.848430283178924,,,26.7151734006734,8.653379760767777,93.03498086151359,26.547714274309165,24,1,6,231,8,2024,1,summer,train
2024-08-19 00:00:00+00:00,2161306,Minh Khai - Bắc Từ Liêm,21.05,105.74,29.274884615384615,5.250127546177415,25.38153846153846,40.443,0,675.4551207931854,27.81845350138862,,,23.45026372053872,6.945656431921082,93.70537549802079,25.541223760034203,24,1,0,232,8,2024,0,summer,train
2024-08-20 00:00:00+00:00,2161306,Minh Khai - Bắc Từ Liêm,21.05,105.74,23.883673076923078,3.9180327989739316,20.707692307692305,31.9095,0,993.824888981986,27.78847671959832,,,20.18535404040404,5.237933103074388,94.37577013452798,24.534733245759238,24,1,1,233,8,2024,0,summer,train
2024-08-21 00:00:00+00:00,2161306,Minh Khai - Bắc Từ Liêm,21.05,105.74,18.492461538461537,2.585938051770449,16.033846153846152,23.375999999999998,0,1312.1946571707863,27.75849993780802,,,16.92044436026936,3.5302097742276946,95.04616477103518,23.528242731484276,24,1,2,234,8,2024,0,summer,train
2024-08-22 00:00:00+00:00,2161306,Minh Khai - Bắc Từ Liêm,21.05,105.74,13.101249999999999,1.253843304566965,11.36,14.8425,7,1630.564425359587,27.728523156017715,,,13.655534680134679,1.8224864453809992,,,23,0,3,235,8,2024,0,summer,train
2024-08-23 00:00:00+00:00,2161306,Minh Khai - Bắc Từ Liêm,21.05,105.74,24.33625,0.6867784934562767,23.3825,25.29,7,1948.9341935483874,27.698546374227412,,,10.390625,0.11476311653430546,,,23,0,4,236,8,2024,0,summer,train
2024-08-24 00:00:00+00:00,2161306,Minh Khai - Bắc Từ Liêm,21.05,105.74,20.0075,1.6903931988347185,17.66,22.355,7,1680.0534845799364,33.108194466500265,,,9.346562500000001,0.1662940061153953,,,23,0,5,237,8,2024,1,summer,train
2024-08-25 00:00:00+00:00,2161306,Minh Khai - Bắc Từ Liêm,21.05,105.74,35.872499999999995,0.40864670514960894,35.305,36.44,7,1411.1727756114856,38.517842558773125,,,8.3025,0.21782489569648517,,,23,0,6,238,8,2024,1,summer,train
2024-08-26 00:00:00+00:00,2161306,Minh Khai - Bắc Từ Liêm,21.05,105.74,32.0725,0.12421419671948114,31.9,32.245,7,1142.2920666430346,43.92749065104597,,,21.72375,8.139630296625317,,,23,0,0,239,8,2024,0,summer,train
2024-08-27 00:00:00+00:00,2161306,Minh Khai - Bắc Từ Liêm,21.05,105.74,34.08375,0.5787661484828165,33.28,34.8875,7,873.4113576745835,49.33713874331883,,,94.74374999999999,4.397002543294784,,,23,0,1,240,8,2024,0,summer,train
2024-08-28 00:00:00+00:00,2161306,Minh Khai - Bắc Từ Liêm,21.05,105.74,42.09428571428572,1.7168819405782083,39.71,44.47857142857143,7,604.5306487061328,54.746786835591685,,,53.10142857142857,0.7931192188051548,,,23,0,2,241,8,2024,0,summer,train
2024-08-29 00:00:00+00:00,2161306,Minh Khai - Bắc Từ Liêm,21.05,105.74,39.388999999999996,11.819553693188789,19.22,56.4,10,335.64993973768173,60.15643492786454,,,75.349,36.484865796960555,,,18,0,3,242,8,2024,0,summer,train
2024-08-30 00:00:00+00:00,2161306,Minh Khai - Bắc Từ Liêm,21.05,105.74,27.373333333333335,11.879313794655147,11.16,51.89,24,66.76923076923077,65.5660830201374,,,58.33833333333334,33.683878386973284,,,5,0,4,243,8,2024,0,summer,train
2024-08-31 00:00:00+00:00,2161306,Minh Khai - Bắc Từ Liêm,21.05,105.74,34.93791310541311,3.1931889278872743,30.13,42.38,18,549.4022161943319,399.76947040567774,,,28.41343304843305,8.3856087464788,,,20,0,5,244,8,2024,1,summer,train
2024-09-01 00:00:00+00:00,2161306,Minh Khai - Bắc Từ Liêm,21.05,105.74,44.05260873694208,6.809224934806194,35.58,55.34,0,1032.035201619433,733.9728577912181,,,25.180288698955366,11.675084951531172,,,24,1,6,245,9,2024,1,autumn,train
2024-09-02 00:00:00+00:00,2161306,Minh Khai - Bắc Từ Liêm,21.05,105.74,53.16730436847104,10.425260941725112,41.03,68.30000000000001,0,1514.6681870445343,1068.1762451767586,,,21.947144349477682,14.964561156583544,,,24,1,0,246,9,2024,0,autumn,train
2024-09-03 00:00:00+00:00,2161306,Minh Khai - Bắc Từ Liêm,21.05,105.74,62.282,14.04129694864403,46.48,81.26,5,1997.3011724696355,1402.3796325622989,,,18.714,18.254037361635916,,,19,0,1,247,9,2024,0,autumn,train
2024-09-04 00:00:00+00:00,2161306,Minh Khai - Bắc Từ Liêm,21.05,105.74,56.90007575757576,23.719001407868383,30.98,102.86,22,2479.934157894737,1736.5830199478391,,,105.31544673539518,40.71850269164877,,,13,0,2,248,9,2024,0,autumn,train
2024-09-05 00:00:00+00:00,2161306,Minh Khai - Bắc Từ Liêm,21.05,105.74,53.22628205128205,21.535052760472347,33.36,82.47,13,2188.123013157895,1577.5163176126707,,,97.88810470926026,37.32012472569287,105.10208431864315,8.430885017359813,22,0,3,249,9,2024,0,autumn,train
2024-09-06 00:00:00+00:00,2161306,Minh Khai - Bắc Từ Liêm,21.05,105.74,34.42939393939394,12.24918279597637,21.62,73.17,22,1896.3118684210526,1418.4496152775023,,,90.46076268312534,33.92174675973697,105.77247895515035,7.4243945030848515,13,0,4,250,9,2024,0,autumn,train
2024-09-07 00:00:00+00:00,2161306,Minh Khai - Bắc Từ Liêm,21.05,105.74,25.249860681114548,5.3585923985955075,16.39,30.79,17,1604.5007236842107,1259.3829129423339,,,83.03342065699042,30.523368793781064,106.44287359165756,6.417903988809886,13,0,5,251,9,2024,1,autumn,train
2024-09-08 00:00:00+00:00,2161306,Minh Khai - Bắc Từ Liêm,21.05,105.74,24.847088544891637,5.340533175581232,15.85,31.52,0,1312.6895789473685,1100.3162106071654,,,75.60607863085549,27.124990827825158,107.11326822816474,5.411413474534925,24,1,6,252,9,2024,1,autumn,train
2024-09-09 00:00:00+00:00,2161306,Minh Khai - Bắc Từ Liêm,21.05,105.74,24.444316408668726,5.322473952566956,15.31,32.25,0,1020.8784342105264,941.249508271997,,,68.17873660472057,23.726612861869256,107.78366286467195,4.4049229602599596,24,1,0,253,9,2024,0,autumn,train
2024-09-10 00:00:00+00:00,2161306,Minh Khai - Bắc Từ Liêm,21.05,105.74,24.04154427244582,5.30441472955268,14.77,32.98,0,729.0672894736845,782.1828059368286,,,60.75139457858564,20.328234895913354,108.45405750117915,3.3984324459849944,24,1,1,254,9,2024,0,autumn,train
2024-09-11 00:00:00+00:00,2161306,Minh Khai - Bắc Từ Liêm,21.05,105.74,23.638772136222908,5.2863555065384045,14.23,33.71,0,437.2561447368423,623.1161036016601,,,53.324052552450716,16.929856929957452,109.12445213768635,2.3919419317100328,24,1,2,255,9,2024,0,autumn,train
2024-09-12 00:00:00+00:00,2161306,Minh Khai - Bắc Từ Liêm,21.05,105.74,23.235999999999997,5.268296283524129,13.69,34.44,20,145.445,464.04940126649166,,,45.89671052631579,13.531478964001549,109.79484677419354,1.3854514174350658,7,0,3,256,9,2024,0,autumn,train
2024-09-13 00:00:00+00:00,2161306,Minh Khai - Bắc Từ Liêm,21.05,105.74,69.66041666666668,67.29039822764662,7.21,257.24,24,143.48333333333332,221.1248747344754,,,44.96369946605645,18.745521580373783,97.92737231182795,1.535963393524507,11,0,4,257,9,2024,0,autumn,train
2024-09-14 00:00:00+00:00,2161306,Minh Khai - Bắc Từ Liêm,21.05,105.74,58.90266666666666,17.732625750294286,29.65,82.52,21,0.0,0.0,,,66.77760869565218,0.6284782608695707,86.05989784946236,1.686475369613948,18,0,5,258,9,2024,1,autumn,train
2024-09-15 00:00:00+00:00,2161306,Minh Khai - Bắc Từ Liêm,21.05,105.74,55.545208333333335,17.077710799167736,11.58,77.6,24,45.1125,180.45,,,64.76166666666666,30.844178326982007,74.19242338709677,1.836987345703389,15,0,6,259,9,2024,1,autumn,train
2024-09-16 00:00:00+00:00,2161306,Minh Khai - Bắc Từ Liêm,21.05,105.74,26.249166666666667,12.02055699956163,13.54,48.55,24,266.34615384615387,517.2886953713316,,,54.73483253588517,16.571019720796258,62.32494892473118,1.98749932179283,9,0,0,260,9,2024,0,autumn,train
2024-09-17 00:00:00+00:00,2161306,Minh Khai - Bắc Từ Liêm,21.05,105.74,23.389166666666668,5.144399107175982,13.83,30.83,24,81.23823529411766,58.498215304158016,,,50.863,2.3093039355326637,50.457474462365596,2.138011297882271,12,0,1,261,9,2024,0,autumn,train
2024-09-18 00:00:00+00:00,2161306,Minh Khai - Bắc Từ Liêm,21.05,105.74,29.781875,13.969637752648328,12.76,55.51,24,230.17499999999998,328.2870107730546,,,36.7784375,11.196038597030812,38.59,2.288523273971712,14,0,2,262,9,2024,0,autumn,train
2024-09-19 00:00:00+00:00,2161306,Minh Khai - Bắc Từ Liêm,21.05,105.74,59.4125,5.618445367801492,53.46809523809524,69.63,10,0.0,0.0,,,34.00579831932773,8.09033430676487,40.102692895339956,0.46793808007837695,23,0,3,263,9,2024,0,autumn,train
2024-09-20 00:00:00+00:00,2161306,Minh Khai - Bắc Từ Liêm,21.05,105.74,37.40764705882353,15.452997708058655,17.65,58.08,17,0.0,0.0,,,35.887058823529415,12.069809716090518,39.004393939393935,0.9092179059022213,19,0,4,264,9,2024,0,autumn,train
2024-09-21 00:00:00+00:00,2161306,Minh Khai - Bắc Từ Liêm,21.05,105.74,24.081809523809525,2.9814657256148136,16.79,28.9,21,0.0,0.0,,,33.413,9.525534808549535,42.43757407407408,7.168959812434586,15,0,5,265,9,2024,1,autumn,train
2024-09-22 00:00:00+00:00,2161306,Minh Khai - Bắc Từ Liêm,21.05,105.74,20.591874999999998,7.687616199388879,9.25,44.27,24,0.0,0.0,,,30.87875,16.506615832567295,34.85722222222222,2.713250017851562,10,0,6,266,9,2024,1,autumn,train
2024-09-23 00:00:00+00:00,2161306,Minh Khai - Bắc Từ Liêm,21.05,105.74,60.11958333333333,24.088412480303806,24.27,117.54,24,0.0,0.0,,,37.33541666666667,20.32137918678602,39.66718181818182,1.7444455443253661,8,0,0,267,9,2024,0,autumn,train
2024-09-24 00:00:00+00:00,2161306,Minh Khai - Bắc Từ Liêm,21.05,105.74,81.98064102564102,9.25836254642435,50.39,89.71,18,0.05,0.21213203435596428,,,24.96726495726496,10.503524583720523,29.78576923076923,0.3475701793678488,16,0,1,268,9,2024,0,autumn,train
2024-09-25 00:00:00+00:00,2161306,Minh Khai - Bắc Từ Liêm,21.05,105.74,83.796875,18.372628425368063,63.33,127.77,24,0.0,0.0,,,36.825624999999995,13.700975756116279,35.26461794871795,2.8286620480518443,17,0,2,269,9,2024,0,autumn,train
2024-09-26 00:00:00+00:00,2161306,Minh Khai - Bắc Từ Liêm,21.05,105.74,72.40219047619048,12.089501731218164,53.56,104.46,21,0.0,0.0,,,35.084714285714284,9.16492306101288,37.545521763392856,4.013557961673244,18,0,3,270,9,2024,0,autumn,train
2024-09-27 00:00:00+00:00,2161306,Minh Khai - Bắc Từ Liêm,21.05,105.74,70.36993975903614,0.1282531959683357,70.19855421686746,70.54132530120482,6,0.0,0.0,,,52.98969879518072,0.10706549751311573,42.412753906249996,0.005449218750001705,24,0,4,271,9,2024,0,autumn,train
2024-09-28 00:00:00+00:00,2161306,Minh Khai - Bắc Từ Liêm,21.05,105.74,73.83541453313254,3.6167694300920457,67.44169879518071,79.32819277108433,0,6.238160427807486,7.37271762480244,,,52.85204622335496,0.6583630466260288,42.25645932431378,0.023000875741103054,24,1,5,272,9,2024,1,autumn,train
2024-09-29 00:00:00+00:00,2161306,Minh Khai - Bắc Từ Liêm,21.05,105.74,77.30088930722891,7.105285664215756,64.68484337349398,88.11506024096386,0,12.476320855614972,14.74543524960488,,,52.71439365152919,1.209660595738942,42.10016474237757,0.040552532732204404,24,1,6,273,9,2024,1,autumn,train
2024-09-30 00:00:00+00:00,2161306,Minh Khai - Bắc Từ Liêm,21.05,105.74,80.76636408132529,10.593801898339466,61.927987951807225,96.90192771084338,0,18.714481283422458,22.11815287440732,,,52.57674107970343,1.760958144851855,41.94387016044136,0.058104189723305756,24,1,0,274,9,2024,0,autumn,train
2024-10-01 00:00:00+00:00,2161306,Minh Khai - Bắc Từ Liêm,21.05,105.74,84.23183885542169,14.082318132463175,59.17113253012048,105.68879518072289,0,24.952641711229944,29.49087049920976,,,52.43908850787766,2.312255693964768,41.78757557850514,0.0756558467144071,24,1,1,275,10,2024,0,autumn,train
2024-10-02 00:00:00+00:00,2161306,Minh Khai - Bắc Từ Liêm,21.05,105.74,87.69731362951806,17.570834366586883,56.41427710843373,114.4756626506024,0,31.19080213903743,36.863588124012196,,,52.3014359360519,2.8635532430776807,41.63128099656893,0.09320750370550845,24,1,2,276,10,2024,0,autumn,train
2024-10-03 00:00:00+00:00,2161306,Minh Khai - Bắc Từ Liêm,21.05,105.74,91.16278840361446,21.059350600710594,53.657421686746986,123.26253012048193,0,37.428962566844916,44.23630574881464,,,52.16378336422614,3.414850792190594,41.47498641463272,0.1107591606966098,24,1,3,277,10,2024,0,autumn,train
2024-10-04 00:00:00+00:00,2161306,Minh Khai - Bắc Từ Liêm,21.05,105.74,94.62826317771083,24.547866834834302,50.900566265060235,132.04939759036145,0,43.6671229946524,51.60902337361708,,,52.02613079240037,3.966148341303507,41.3186918326965,0.12831081768771113,24,1,4,278,10,2024,0,autumn,train
2024-10-05 00:00:00+00:00,2161306,Minh Khai - Bắc Từ Liêm,21.05,105.74,98.09373795180723,28.036383068958013,48.1437108433735,140.83626506024098,0,49.90528342245989,58.98174099841952,,,51.88847822057461,4.51744589041642,,,24,1,5,279,10,2024,1,autumn,train
2024-10-06 00:00:00+00:00,2161306,Minh Khai - Bắc Từ Liêm,21.05,105.74,101.55921272590362,31.52489930308172,45.38685542168675,149.62313253012047,0,56.143443850267374,66.35445862322196,,,51.750825648748844,5.068743439529333,,,24,1,6,280,10,2024,1,autumn,train
2024-10-07 00:00:00+00:00,2161306,Minh Khai - Bắc Từ Liêm,21.05,105.74,105.0246875,35.01341553720543,42.63,158.41,16,62.38160427807486,73.72717624802439,,,51.61317307692308,5.620040988642246,,,15,0,0,281,10,2024,0,autumn,train
2024-10-08 00:00:00+00:00,2161306,Minh Khai - Bắc Từ Liêm,21.05,105.74,92.43652173913043,17.016602335029937,61.53,120.22,23,170.66812510128017,295.699437279637,,,57.80744871794872,5.911800097090115,,,15,0,1,282,10,2024,0,autumn,train
2024-10-09 00:00:00+00:00,2161306,Minh Khai - Bắc Từ Liêm,21.05,105.74,97.72896739130435,51.50269146499748,20.5,177.9,23,278.9546459244855,517.6716983112495,,,64.00172435897436,6.203559205537983,,,15,0,2,283,10,2024,0,autumn,train
2024-10-10 00:00:00+00:00,2161306,Minh Khai - Bắc Từ Liêm,21.05,105.74,143.59854166666665,85.07519026393679,12.34,384.33,24,387.2411667476908,739.6439593428622,,,70.196,6.495318313985853,,,9,0,3,284,10,2024,0,autumn,train
2024-10-11 00:00:00+00:00,2161306,Minh Khai - Bắc Từ Liêm,21.05,105.74,92.1020652173913,37.106734297586264,3.79,137.34,23,495.5276875708961,961.6162203744748,,,83.98588235294118,1.853649164462761,40.22462975914301,0.25117241662542056,13,0,4,285,10,2024,0,autumn,train
2024-10-12 00:00:00+00:00,2161306,Minh Khai - Bắc Từ Liêm,21.05,105.74,64.13291666666667,16.531546412098365,36.08,85.76,24,603.8142083941013,1183.5884814060873,,,58.434615384615384,1.0546436145101383,40.0683351772068,0.26872407361652195,13,0,5,286,10,2024,1,autumn,train
2024-10-13 00:00:00+00:00,2161306,Minh Khai - Bắc Từ Liêm,21.05,105.74,60.586470588235294,14.246746379423849,38.05,85.25,17,712.1007292173067,1405.5607424377,,,66.72808088818398,0.8832057810026908,39.91204059527058,0.2862757306076233,17,0,6,287,10,2024,1,autumn,train
2024-10-14 00:00:00+00:00,2161306,Minh Khai - Bắc Từ Liêm,21.05,105.74,42.688717948717944,5.9116977456424555,30.23,49.56,13,820.387250040512,1627.5330034693125,,,75.02154639175258,0.7117679474952433,39.755746013334374,0.30382738759872463,20,0,0,288,10,2024,0,autumn,train
2024-10-15 00:00:00+00:00,2161306,Minh Khai - Bắc Từ Liêm,21.05,105.74,47.41833333333333,18.954559978046248,23.91,83.42,24,928.6737708637173,1849.505264500925,,,67.84288773499091,2.2779908044218087,39.59945143139816,0.32137904458982597,13,0,1,289,10,2024,0,autumn,train
2024-10-16 00:00:00+00:00,2161306,Minh Khai - Bắc Từ Liêm,21.05,105.74,46.29819444444445,15.440553945350906,20.68,70.99666666666667,24,1036.9602916869226,2071.477525532538,,,60.66422907822923,3.844213661348374,39.44315684946194,0.33893070158092736,15,0,2,290,10,2024,0,autumn,train
2024-10-17 00:00:00+00:00,2161306,Minh Khai - Bắc Từ Liêm,21.05,105.74,191.88888888888889,164.77183217901546,6.75,474.72,24,1145.2468125101277,2293.4497865641506,,,53.48557042146756,5.410436518274939,39.286862267525734,0.3564823585720287,16,0,3,291,10,2024,0,autumn,train
2024-10-18 00:00:00+00:00,2161306,Minh Khai - Bắc Từ Liêm,21.05,105.74,27.062708333333333,7.712868627611094,10.07,39.47,24,1253.5333333333333,2515.422047595763,,,46.30691176470588,6.976659375201505,39.13056768558952,0.37403401556313004,13,0,4,292,10,2024,0,autumn,train
2024-10-19 00:00:00+00:00,2161306,Minh Khai - Bắc Từ Liêm,21.05,105.74,53.15592391304348,14.911845782763953,35.25,87.83,23,0.0,0.0,,,53.39495798319327,3.5081737237465878,34.78272683163513,0.33247468050056006,14,0,5,293,10,2024,1,autumn,train
2024-10-20 00:00:00+00:00,2161306,Minh Khai - Bắc Từ Liêm,21.05,105.74,111.23302631578949,58.168003718986675,5.88,285.54,19,0.0,0.0,,,49.89754166666667,3.2744358523705492,30.434885977680736,0.29091534543799,17,0,6,294,10,2024,1,autumn,train
2024-10-21 00:00:00+00:00,2161306,Minh Khai - Bắc Từ Liêm,21.05,105.74,44.43833333333333,26.291855156769387,6.58,110.17,24,0.0,0.0,,,54.87921130952381,5.737012441092603,26.087045123726345,0.24935601037542002,8,0,0,295,10,2024,0,autumn,train
2024-10-22 00:00:00+00:00,2161306,Minh Khai - Bắc Từ Liêm,21.05,105.74,41.83304347826087,9.260838090280348,24.71,57.45,23,327.0641414141414,526.1410965146474,,,53.791607142857146,0.5684986268897293,21.739204269771953,0.20779667531285,8,0,1,296,10,2024,0,autumn,train
2024-10-23 00:00:00+00:00,2161306,Minh Khai - Bắc Từ Liêm,21.05,105.74,30.520625,10.037942969000822,15.23,48.16,24,671.3562499999999,1044.4314624145813,,,54.16079365079366,17.185930625480974,17.391363415817562,0.16623734025028,7,0,2,297,10,2024,0,autumn,train
2024-10-24 00:00:00+00:00,2161306,Minh Khai - Bắc Từ Liêm,21.05,105.74,77.885,64.28085905854361,33.57,329.81,24,945.2483695652174,1532.2822034047126,,,44.46605263157895,19.014874848314832,13.04352256186317,0.12467800518771,6,0,3,298,10,2024,0,autumn,train
2024-10-25 00:00:00+00:00,2161306,Minh Khai - Bắc Từ Liêm,21.05,105.74,113.58270833333334,73.19789944983228,38.39,404.22,24,1103.2211956521737,1510.480974943169,,,72.336375,39.30334939489772,8.69568170790878,0.08311867012514002,5,0,4,299,10,2024,0,autumn,train
2024-10-26 00:00:00+00:00,2161306,Minh Khai - Bắc Từ Liêm,21.05,105.74,51.42604166666666,27.50797754210814,0.03,81.07,24,816.8766304347826,1454.0091785951636,,,62.18822794117647,22.30031313471374,4.347840853954388,0.04155933506256998,10,0,5,300,10,2024,1,autumn,train
2024-10-27 00:00:00+00:00,2161306,Minh Khai - Bắc Từ Liêm,21.05,105.74,27.510416666666668,5.6281848793578115,17.74,38.16,24,1628.6357142857144,1242.892929732976,,,36.11781512605042,17.106173317853422,0.0,0.0,1,0,6,301,10,2024,1,autumn,train
2024-10-28 00:00:00+00:00,2161306,Minh Khai - Bắc Từ Liêm,21.05,105.74,30.1425,6.978107535901743,16.72,40.43,24,331.59583333333336,767.1960417674371,,,52.55833333333334,38.46726622746271,1.3792399999999998,0.8975287048334443,0,0,0,302,10,2024,0,autumn,train
2024-10-29 00:00:00+00:00,2161306,Minh Khai - Bắc Từ Liêm,21.05,105.74,65.115,23.142150326603847,29.25,99.99,24,8278.670833333334,8424.892245084577,,,45.194583333333334,22.490977467680032,74.22083179864948,52.587802514671665,0,0,1,303,10,2024,0,autumn,train
2024-10-30 00:00:00+00:00,2161306,Minh Khai - Bắc Từ Liêm,21.05,105.74,69.56625000000001,24.962822089634496,28.04,118.04,24,0.006944444444444444,0.01766343056679771,,,65.47082644628098,27.80398460385072,74.93792786476834,50.26608213621836,9,0,2,304,10,2024,0,autumn,train
2024-10-31 00:00:00+00:00,2161306,Minh Khai - Bắc Từ Liêm,21.05,105.74,138.56272727272727,23.48166752315751,102.03,178.44,22,0.2037037037037037,0.07522746224509864,,,49.18960784313726,7.2714589097766815,75.6550239308872,47.94436175776506,12,0,3,305,10,2024,0,autumn,train
2024-11-01 00:00:00+00:00,2161306,Minh Khai - Bắc Từ Liêm,21.05,105.74,107.35521739130435,23.075423392070626,72.71,158.77,23,373.485,677.6012523096301,,,58.642584033613446,21.78328626916602,76.37211999700605,45.62264137931176,10,0,4,306,11,2024,0,autumn,train
2024-11-02 00:00:00+00:00,2161306,Minh Khai - Bắc Từ Liêm,21.05,105.74,101.79875,29.818627950093333,56.36,189.94,24,400.621875,798.7396784490336,,,48.919342105263155,14.033400035523027,77.08921606312491,43.30092100085845,8,0,5,307,11,2024,1,autumn,train
2024-11-03 00:00:00+00:00,2161306,Minh Khai - Bắc Từ Liêm,21.05,105.74,86.16708333333334,31.307196288271605,44.9,139.33,24,0.0,0.0,,,46.52969362745098,7.024697362474547,77.80631212924376,40.979200622405145,7,0,6,308,11,2024,1,autumn,train
2024-11-04 00:00:00+00:00,2161306,Minh Khai - Bắc Từ Liêm,21.05,105.74,78.96395833333334,27.860772861632253,49.14,141.74,24,2.3441176470588236,7.4630523738812204,,,51.49112745098039,7.314099516896197,78.52340819536262,38.657480243951845,8,0,0,309,11,2024,0,autumn,train
2024-11-05 00:00:00+00:00,2161306,Minh Khai - Bắc Từ Liêm,21.05,105.74,74.78083333333333,24.506835633219215,42.13,137.68,24,4.688235294117647,14.926104747762441,,,71.70114130434783,25.736079770635264,79.24050426148148,36.335759865498545,3,0,1,310,11,2024,0,autumn,train
2024-11-06 00:00:00+00:00,2161306,Minh Khai - Bắc Từ Liêm,21.05,105.74,78.70666666666666,17.03500618575739,52.63,109.36,24,3888.5916666666667,5512.258037028695,,,48.06847826086957,16.70661782860225,79.95760032760033,34.01403948704524,2,0,2,311,11,2024,0,autumn,train
2024-11-07 00:00:00+00:00,2161306,Minh Khai - Bắc Từ Liêm,21.05,105.74,88.47833333333334,13.322548899469053,67.5,111.29,24,0.15000000000000002,0.3212327445801194,,,53.50958333333333,17.97141110293543,75.75508316134317,31.9680979135596,8,0,3,312,11,2024,0,autumn,train
2024-11-08 00:00:00+00:00,2161306,Minh Khai - Bắc Từ Liêm,21.05,105.74,123.55895833333334,34.13033463344206,75.39,218.7,24,242.78125,739.6310925434823,,,52.04333333333333,20.646897798687696,71.552565995086,29.92215634007396,7,0,4,313,11,2024,0,autumn,train
2024-11-09 00:00:00+00:00,2161306,Minh Khai - Bắc Từ Liêm,21.05,105.74,130.20133333333334,14.018295245609348,90.23,143.35314285714287,12,1586.9444444444443,1490.744545264819,,,34.06666666666667,17.802970519195927,67.35004882882883,27.876214766588326,18,0,5,314,11,2024,1,autumn,train
2024-11-10 00:00:00+00:00,2161306,Minh Khai - Bắc Từ Liêm,21.05,105.74,148.52375,24.301068134960648,124.82,202.48,8,0.0,0.0,,,66.74,1.0585209807399463,63.147531662571666,25.830273193102684,16,0,6,315,11,2024,1,autumn,train
2024-11-11 00:00:00+00:00,2161306,Minh Khai - Bắc Từ Liêm,21.05,105.74,136.14202898550724,22.261990087468934,94.58,193.82,23,0.0,0.0,,,51.535000000000004,3.1863641767172006,58.9450144963145,23.78433161961705,15,0,0,316,11,2024,0,autumn,train
2024-11-12 00:00:00+00:00,2161306,Minh Khai - Bắc Từ Liêm,21.05,105.74,86.58882936507936,32.48395210913849,21.66,158.38,21,0.0,0.0,,,46.013714285714286,4.642648694559919,54.74249733005733,21.73839004613141,14,0,1,317,11,2024,0,autumn,train
2024-11-13 00:00:00+00:00,2161306,Minh Khai - Bắc Từ Liêm,21.05,105.74,104.73054347826086,65.11797599270814,31.04,341.96,23,0.09545454545454544,0.17922391615298477,,,58.37528947368421,5.151059368701073,50.539980163800166,19.692448472645772,12,0,2,318,11,2024,0,autumn,train
2024-11-14 00:00:00+00:00,2161306,Minh Khai - Bắc Từ Liêm,21.05,105.74,89.90125,10.151145170518786,66.32,101.89,24,0.0,0.0,,,47.51516746411484,8.005752447619333,46.337462997543,17.646506899160133,13,0,3,319,11,2024,0,autumn,train
2024-11-15 00:00:00+00:00,2161306,Minh Khai - Bắc Từ Liêm,21.05,105.74,75.6455,18.006455673887427,47.32,109.18,20,0.0,0.0,,,50.48692857142857,4.882920138850163,42.13494583128583,15.600565325674498,17,0,4,320,11,2024,0,autumn,train
2024-11-16 00:00:00+00:00,2161306,Minh Khai - Bắc Từ Liêm,21.05,105.74,60.78354166666667,22.453311172020047,36.7,120.77,24,0.0,0.0,,,50.66516483516484,4.554960215240397,37.93242866502867,13.55462375218886,12,0,5,321,11,2024,1,autumn,train
2024-11-17 00:00:00+00:00,2161306,Minh Khai - Bắc Từ Liêm,21.05,105.74,79.08166666666666,30.041865357440596,36.49,128.53,24,0.0,0.0,,,51.769982456140355,4.4486824717261,33.7299114987715,11.508682178703221,12,0,6,322,11,2024,1,autumn,train
2024-11-18 00:00:00+00:00,2161306,Minh Khai - Bắc Từ Liêm,21.05,105.74,77.91791666666667,58.528974779229905,42.73,315.3,24,0.0,0.0,,,50.350025641025645,3.8169864571656205,29.527394332514334,9.462740605217583,12,0,0,323,11,2024,0,autumn,train
2024-11-19 00:00:00+00:00,2161306,Minh Khai - Bắc Từ Liêm,21.05,105.74,68.06979166666666,24.578228278150455,33.03,108.9,24,570.952380952381,1346.8910674657575,,,47.791000000000004,5.020815775611731,25.324877166257167,7.416799031731944,10,0,1,324,11,2024,0,autumn,train
2024-11-20 00:00:00+00:00,2161306,Minh Khai - Bắc Từ Liêm,21.05,105.74,52.043958333333336,16.789741496518864,34.03,87.67,24,2600.03875,3860.4855803065666,,,45.340721925133685,18.582703914924284,21.12236,5.370857458246309,2,0,2,325,11,2024,0,autumn,train
2024-11-21 00:00:00+00:00,2161306,Minh Khai - Bắc Từ Liêm,21.05,105.74,66.39145833333333,25.10012500961277,29.28,109.11,24,1744.4333333333334,1774.534707007085,,,34.84058823529411,20.83502889598761,24.012002441416893,4.303804382356606,3,0,3,326,11,2024,0,autumn,train
2024-11-22 00:00:00+00:00,2161306,Minh Khai - Bắc Từ Liêm,21.05,105.74,64.79666666666667,22.09870938588358,39.4,108.23,24,1270.9750000000001,1952.851074289598,,,41.1624358974359,20.18281989098596,26.901644882833786,3.2367513064669033,6,0,4,327,11,2024,0,autumn,train
2024-11-23 00:00:00+00:00,2161306,Minh Khai - Bắc Từ Liêm,21.05,105.74,60.51,14.29192187628642,34.27,89.19,24,166.05833333333334,376.466403765663,,,51.82895833333333,17.875952896208467,29.791287324250682,2.1696982305772003,6,0,5,328,11,2024,1,autumn,train
2024-11-24 00:00:00+00:00,2161306,Minh Khai - Bắc Từ Liêm,21.05,105.74,111.310625,73.8826675902039,44.47,391.88,24,796.3989795918367,1341.4449159571839,,,51.77763945578232,25.35935601619973,32.68092976566757,1.1026451546874974,2,0,6,329,11,2024,1,autumn,train
2024-11-25 00:00:00+00:00,2161306,Minh Khai - Bắc Từ Liêm,21.05,105.74,133.45139978791093,46.47916022268683,11.96,233.06,23,144.3044642857143,208.4218283065494,,,13.960090475562174,8.11824484295036,35.57057220708447,0.03559207879779418,11,0,0,330,11,2024,0,autumn,train
2024-11-26 00:00:00+00:00,2161306,Minh Khai - Bắc Từ Liêm,21.05,105.74,83.06103322728879,26.6211892309927,17.32,138.14,0,139.96766233766235,202.138352761312,,,15.022094084058349,7.843316266321069,36.667835583017414,0.8870056362753675,24,1,1,331,11,2024,0,autumn,train
2024-11-27 00:00:00+00:00,2161306,Minh Khai - Bắc Từ Liêm,21.05,105.74,32.67066666666667,6.763218239298572,22.68,43.22,15,135.6308603896104,195.85487721607458,,,16.084097692554522,7.568387689691777,37.76509895895036,1.738419193752941,9,0,2,332,11,2024,0,autumn,train
2024-11-28 00:00:00+00:00,2161306,Minh Khai - Bắc Từ Liêm,21.05,105.74,42.195,7.746563894651167,24.92,51.92,24,131.29405844155843,189.5714016708372,,,17.146101301050695,7.293459113062484,38.86236233488331,2.5898327512305146,0,0,3,333,11,2024,0,autumn,train
2024-11-29 00:00:00+00:00,2161306,Minh Khai - Bắc Từ Liêm,21.05,105.74,78.9975,39.99683707603585,36.22,150.02,24,126.95725649350649,183.2879261255998,,,18.20810490954687,7.018530536433192,39.959625710816255,3.441246308708088,0,0,4,334,11,2024,0,autumn,train
2024-11-30 00:00:00+00:00,2161306,Minh Khai - Bắc Từ Liêm,21.05,105.74,111.79354166666667,14.10815736186894,84.09,135.8,24,122.62045454545455,177.00445058036237,,,19.270108518043045,6.7436019598039,41.0568890867492,4.292659866185661,7,0,5,335,11,2024,1,autumn,train
2024-12-01 00:00:00+00:00,2161306,Minh Khai - Bắc Từ Liêm,21.05,105.74,73.8925,37.988942899331846,37.32,152.17,24,118.28365259740261,170.72097503512498,,,20.33211212653922,6.4686733831746075,42.15415246268215,5.144073423663235,5,0,6,336,12,2024,1,winter,train
2024-12-02 00:00:00+00:00,2161306,Minh Khai - Bắc Từ Liêm,21.05,105.74,87.59717948717949,13.861584938575323,54.61,102.59,13,113.94685064935065,164.43749948988759,,,21.394115735035392,6.193744806545316,43.251415838615095,5.995486981140808,20,0,0,337,12,2024,0,winter,train
2024-12-03 00:00:00+00:00,2161306,Minh Khai - Bắc Từ Liêm,21.05,105.74,46.70245652173913,3.0515446793127405,43.21,53.27,23,,,,,,,,,16,0,1,338,12,2024,0,winter,train
2024-12-04 00:00:00+00:00,2161306,Minh Khai - Bắc Từ Liêm,21.05,105.74,45.49841576086956,4.791761709280832,36.935,54.24,0,,,,,,,,,24,1,2,339,12,2024,0,winter,train
2024-12-05 00:00:00+00:00,2161306,Minh Khai - Bắc Từ Liêm,21.05,105.74,44.294375,6.531978739248923,30.66,55.21,16,,,,,,,,,8,0,3,340,12,2024,0,winter,train
2024-12-06 00:00:00+00:00,2161306,Minh Khai - Bắc Từ Liêm,21.05,105.74,71.18333333333332,14.496511924287665,35.45,89.8,24,,,,,,,,,0,0,4,341,12,2024,0,winter,train
2024-12-07 00:00:00+00:00,2161306,Minh Khai - Bắc Từ Liêm,21.05,105.74,40.42541666666667,23.17155489691142,9.23,74.1,24,,,,,,,,,0,0,5,342,12,2024,1,winter,train
2024-12-08 00:00:00+00:00,2161306,Minh Khai - Bắc Từ Liêm,21.05,105.74,27.574583333333333,13.177262029778769,6.59,48.99,24,,,,,,,,,0,0,6,343,12,2024,1,winter,train
2024-12-09 00:00:00+00:00,2161306,Minh Khai - Bắc Từ Liêm,21.05,105.74,75.17333333333333,37.028937763377144,26.79,127.86,24,,,,,,,,,0,0,0,344,12,2024,0,winter,train
2024-12-10 00:00:00+00:00,2161306,Minh Khai - Bắc Từ Liêm,21.05,105.74,89.60416666666667,19.988516032672504,46.56,133.2,24,,,,,,,,,1,0,1,345,12,2024,0,winter,train
2024-12-11 00:00:00+00:00,2161306,Minh Khai - Bắc Từ Liêm,21.05,105.74,19.09208333333333,19.020088460263054,2.26,62.63,24,,,,,,,,,0,0,2,346,12,2024,0,winter,train
2024-12-12 00:00:00+00:00,2161306,Minh Khai - Bắc Từ Liêm,21.05,105.74,5.595833333333334,1.289050599967031,2.9,8.28,24,,,,,,,,,0,0,3,347,12,2024,0,winter,train
2024-12-13 00:00:00+00:00,2161306,Minh Khai - Bắc Từ Liêm,21.05,105.74,27.604166666666668,20.80715113622711,3.19,75.82,24,,,,,,,,,0,0,4,348,12,2024,0,winter,train
2024-12-14 00:00:00+00:00,2161306,Minh Khai - Bắc Từ Liêm,21.05,105.74,49.199999999999996,17.568287635247287,28.54,81.52,24,,,,,,,,,0,0,5,349,12,2024,1,winter,train
2024-12-15 00:00:00+00:00,2161306,Minh Khai - Bắc Từ Liêm,21.05,105.74,50.57,10.933091770042635,35.75,70.6,24,,,,,,,,,0,0,6,350,12,2024,1,winter,train
2024-12-16 00:00:00+00:00,2161306,Minh Khai - Bắc Từ Liêm,21.05,105.74,56.815416666666664,20.80263444419578,28.02,92.1,24,,,,,,,,,0,0,0,351,12,2024,0,winter,train
2024-12-17 00:00:00+00:00,2161306,Minh Khai - Bắc Từ Liêm,21.05,105.74,24.905,8.052586405999442,14.81,43.53,24,,,125.18325244644856,3.109274761679979,37.324169862478,2.069816157105933,,,0,0,1,352,12,2024,0,winter,train
2024-12-18 00:00:00+00:00,2161306,Minh Khai - Bắc Từ Liêm,21.05,105.74,14.589891304347827,6.596293961137505,5.48,29.57,23,,,125.6362798747337,3.12774202814582,38.38617347097418,1.794887580476641,,,7,0,2,353,12,2024,0,winter,train
2024-12-19 00:00:00+00:00,2161306,Minh Khai - Bắc Từ Liêm,21.05,105.74,55.66583333333333,46.51290068045793,8.5,164.0,24,,,126.08930730301881,3.14620929461166,39.44817707947035,1.5199590038473492,,,0,0,3,354,12,2024,0,winter,train
2024-12-20 00:00:00+00:00,2161306,Minh Khai - Bắc Từ Liêm,21.05,105.74,91.11375,12.889866533022381,64.94,108.18,24,,,126.54233473130395,3.1646765610775005,40.510180687966525,1.2450304272180563,,,0,0,4,355,12,2024,0,winter,train
2024-12-21 00:00:00+00:00,2161306,Minh Khai - Bắc Từ Liêm,21.05,105.74,139.74958333333333,54.59701062681049,62.7,224.75,24,31.547613636363636,45.05146413037693,126.99536215958906,3.183143827543341,41.5721842964627,0.9701018505887644,,,0,0,5,356,12,2024,1,winter,train
2024-12-22 00:00:00+00:00,2161306,Minh Khai - Bắc Từ Liêm,21.05,105.74,185.62458333333333,70.85923087233476,121.35,451.49,24,27.21081168831168,38.767988585139506,127.4483895878742,3.201611094009181,42.63418790495887,0.6951732739594725,,,0,0,6,357,12,2024,1,winter,train
2024-12-23 00:00:00+00:00,2161306,Minh Khai - Bắc Từ Liêm,21.05,105.74,198.88354166666667,107.81357818091423,92.98,439.73,24,22.874009740259737,32.48451303990211,127.90141701615931,3.2200783604750214,43.69619151345505,0.42024469733018055,,,1,0,0,358,12,2024,0,winter,train
2024-12-24 00:00:00+00:00,2161306,Minh Khai - Bắc Từ Liêm,21.05,105.74,134.98177272727273,69.32697150696498,13.47,211.934,20,18.53720779220778,26.201037494664718,128.35444444444445,3.238545626940862,44.758195121951225,0.14531612070088745,,,14,0,1,359,12,2024,0,winter,train
2024-12-25 00:00:00+00:00,2161306,Minh Khai - Bắc Từ Liêm,21.05,105.74,147.931875,29.013980019103073,89.93,185.17,24,14.200405844155824,19.917561949427295,118.97854166666667,12.806759210528215,43.02076861150965,0.629893034336472,,,1,0,2,360,12,2024,0,winter,train
2024-12-26 00:00:00+00:00,2161306,Minh Khai - Bắc Từ Liêm,21.05,105.74,154.41395833333334,41.530916505660244,96.89,238.43,24,9.863603896103882,13.634086404189901,101.20958333333334,6.269943200822934,41.28334210106807,1.1144699479720566,,,6,0,3,361,12,2024,0,winter,train
2024-12-27 00:00:00+00:00,2161306,Minh Khai - Bắc Từ Liêm,21.05,105.74,87.61634615384615,20.65998100586547,64.04,122.33,18,5.52680194805194,7.350610858952507,104.21643015521065,0.8849013557515717,39.5459155906265,1.5990468616076414,,,13,0,4,362,12,2024,0,winter,train
2024-12-28 00:00:00+00:00,2161306,Minh Khai - Bắc Từ Liêm,21.05,105.74,151.55545454545455,34.57068421759581,95.27,202.06,11,1.19,1.0671353137150779,103.95192144923296,0.8826554132242834,37.80848908018493,2.083623775243226,,,13,0,5,363,12,2024,1,winter,train
2024-12-29 00:00:00+00:00,2161306,Minh Khai - Bắc Từ Liêm,21.05,105.74,115.66791666666667,26.801218009175667,82.23,171.8,24,2.339090909090909,0.7359358436020197,103.68741274325527,0.8804094706969952,36.07106256974335,2.5682006888788105,,,0,0,6,364,12,2024,1,winter,train
2024-12-30 00:00:00+00:00,2161306,Minh Khai - Bắc Từ Liêm,21.05,105.74,166.72041666666667,77.75982133356855,118.78,451.87,24,2.49375,1.1207104210393009,103.42290403727758,0.8781635281697069,34.333636059301774,3.052777602514395,,,2,0,0,365,12,2024,0,winter,train
2024-12-31 00:00:00+00:00,2161306,Minh Khai - Bắc Từ Liêm,21.05,105.74,158.84437499999999,65.21554396205175,83.06,265.73,24,3.039047619047619,2.203561105941709,103.15839533129987,0.8759175856424187,32.5962095488602,3.5373545161499798,,,8,0,1,366,12,2024,0,winter,train
2025-01-01 00:00:00+00:00,2161306,Minh Khai - Bắc Từ Liêm,21.05,105.74,177.8925,30.77330269398546,130.44,231.28,24,3.081578947368421,2.1452207484963117,102.89388662532218,0.8736716431151305,,,,,0,0,2,1,1,2025,0,winter,train
2025-01-02 00:00:00+00:00,2161306,Minh Khai - Bắc Từ Liêm,21.05,105.74,178.4075,82.0672298762741,98.75,496.58,24,4.596363636363637,0.4295875400258421,102.62937791934449,0.8714257005878422,,,,,0,0,3,2,1,2025,0,winter,train
2025-01-03 00:00:00+00:00,2161306,Minh Khai - Bắc Từ Liêm,21.05,105.74,124.58916666666666,56.814253491165886,1.21,221.72,24,4968.235416666666,4280.242166827079,102.3648692133668,0.8691797580605539,27.383930017535473,4.991085257056734,78.36384386846939,33.24072082042316,6,0,4,3,1,2025,0,winter,train
2025-01-04 00:00:00+00:00,2161306,Minh Khai - Bắc Từ Liêm,21.05,105.74,135.92752136752136,24.107051763473002,68.64,161.15,18,3241.7458333333334,625.0518305056409,,,25.646503507093897,5.475662170692319,79.46110724440233,34.09213437790073,14,0,5,4,1,2025,1,winter,train
2025-01-05 00:00:00+00:00,2161306,Minh Khai - Bắc Từ Liêm,21.05,105.74,166.98520833333333,73.89554110039339,82.26,316.14,24,4219.155,1123.1956340854301,,,23.909076996652324,5.960239084327903,80.55837062033527,34.9435479353783,1,0,6,5,1,2025,1,winter,train
2025-01-06 00:00:00+00:00,2161306,Minh Khai - Bắc Từ Liêm,21.05,105.74,142.09,21.81673808958538,99.48,179.75,24,4934.3758333333335,791.5974285692347,,,22.171650486210748,6.444815997963488,81.65563399626822,35.794961492855876,0,0,0,6,1,2025,0,winter,train
2025-01-07 00:00:00+00:00,2161306,Minh Khai - Bắc Từ Liêm,21.05,105.74,135.1225,35.45351055776515,84.31,206.52,24,4817.158238636363,507.9601190655414,,,20.43422397576917,6.929392911599073,82.75289737220118,36.64637505033345,0,0,1,7,1,2025,0,winter,train
2025-01-08 00:00:00+00:00,2161306,Minh Khai - Bắc Từ Liêm,21.05,105.74,91.65833333333335,14.781720693703647,75.2,130.3,24,4006.862452651515,427.8494957006417,,,18.6967974653276,7.413969825234657,83.85016074813412,37.497788607811025,0,0,2,8,1,2025,0,winter,train
2025-01-09 00:00:00+00:00,2161306,Minh Khai - Bắc Từ Liêm,21.05,105.74,83.39708333333333,17.547506816383184,42.22,104.4,24,3196.566666666667,347.73887233574203,,,16.959370954886023,7.898546738870241,84.94742412406706,38.349202165288595,0,0,3,9,1,2025,0,winter,train
2025-01-10 00:00:00+00:00,2161306,Minh Khai - Bắc Từ Liêm,21.05,105.74,63.03458333333333,22.789250021575825,35.85,111.24,24,792.5333333333333,1338.664382890911,,,15.221944444444444,8.383123652505825,86.04468750000001,39.200615722766166,8,0,4,10,1,2025,0,winter,train
2025-01-11 00:00:00+00:00,2161306,Minh Khai - Bắc Từ Liêm,21.05,105.74,83.53909420289855,28.502968484798355,40.95,121.50833333333333,23,11.192653673163418,22.149879618674415,,,16.429782608695653,6.8368730118719485,95.76695652173915,21.282247716548046,17,0,5,11,1,2025,1,winter,train
2025-01-12 00:00:00+00:00,2161306,Minh Khai - Bắc Từ Liêm,21.05,105.74,97.71040004262575,23.427994814174106,62.925000000000004,142.10416666666666,0,863.4833333333332,507.98333333333335,,,16.03625,5.734302304262191,123.08,12.490983414714258,24,1,6,12,1,2025,1,winter,train
2025-01-13 00:00:00+00:00,2161306,Minh Khai - Bắc Từ Liêm,21.05,105.74,111.88170588235295,18.35302114354986,84.9,162.7,17,1900.8846022727273,1152.3543478556496,,,17.966250000000002,4.622519905611848,102.7005,41.5210052739931,15,0,0,13,1,2025,0,winter,train
2025-01-14 00:00:00+00:00,2161306,Minh Khai - Bắc Từ Liêm,21.05,105.74,147.01645833333333,60.31657685340075,9.77,224.37,24,1903.8771739130436,1637.46506075083,,,17.49025,7.915039062143861,76.81583333333333,38.18312246033914,9,0,1,14,1,2025,0,winter,train
2025-01-15 00:00:00+00:00,2161306,Minh Khai - Bắc Từ Liêm,21.05,105.74,105.65121926229507,32.91410407533556,36.52,157.83499999999998,24,0.0,0.0,,,21.016101333333335,5.671540877652546,91.81426624737945,32.58568006958809,12,0,2,15,1,2025,0,winter,train
2025-01-16 00:00:00+00:00,2161306,Minh Khai - Bắc Từ Liêm,21.05,105.74,124.52059426229508,0.18248571316113102,124.39155737704918,124.64963114754099,2,14.70236842105263,23.91620425618145,,,20.806429841269843,5.811100760034703,90.32392135606311,33.1165402925314,24,0,3,16,1,2025,0,winter,train
2025-01-17 00:00:00+00:00,2161306,Minh Khai - Bắc Từ Liêm,21.05,105.74,121.87458835870413,2.4080652416370105,118.17197950819673,125.19264959016394,0,29.40473684210526,47.8324085123629,,,20.59675834920635,5.950660642416861,88.83357646474677,33.64740051547471,24,1,4,17,1,2025,0,winter,train
2025-01-18 00:00:00+00:00,2161306,Minh Khai - Bắc Từ Liêm,21.05,105.74,119.22858245511318,4.63364477011289,111.95240163934426,125.73566803278689,0,44.10710526315789,71.74861276854436,,,20.387086857142858,6.090220524799018,87.34323157343043,34.17826073841801,24,1,5,18,1,2025,1,winter,train
2025-01-19 00:00:00+00:00,2161306,Minh Khai - Bắc Từ Liêm,21.05,105.74,116.58257655152224,6.85922429858877,105.7328237704918,126.27868647540984,0,58.80947368421052,95.6648170247258,,,20.177415365079366,6.229780407181175,85.85288668211409,34.709120961361315,24,1,6,19,1,2025,1,winter,train
2025-01-20 00:00:00+00:00,2161306,Minh Khai - Bắc Từ Liêm,21.05,105.74,113.93657064793129,9.08480382706465,99.51324590163935,126.8217049180328,0,73.51184210526316,119.58102128090727,,,19.967743873015873,6.369340289563333,84.36254179079775,35.239981184304625,24,1,0,20,1,2025,0,winter,train
2025-01-21 00:00:00+00:00,2161306,Minh Khai - Bắc Từ Liêm,21.05,105.74,111.29056474434034,11.31038335554053,93.29366803278688,127.36472336065574,0,88.21421052631578,143.49722553708872,,,19.75807238095238,6.5089001719454895,82.87219689948141,35.77084140724793,24,1,1,21,1,2025,0,winter,train
2025-01-22 00:00:00+00:00,2161306,Minh Khai - Bắc Từ Liêm,21.05,105.74,108.64455884074941,13.53596288401641,87.07409016393443,127.90774180327868,0,102.91657894736841,167.41342979327015,,,19.54840088888889,6.648460054327646,81.38185200816507,36.30170163019123,24,1,2,22,1,2025,0,winter,train
2025-01-23 00:00:00+00:00,2161306,Minh Khai - Bắc Từ Liêm,21.05,105.74,105.99855293715846,15.761542412492288,80.85451229508197,128.45076024590165,0,,,,,,,,,24,1,3,23,1,2025,0,winter,train
2025-01-24 00:00:00+00:00,2161306,Minh Khai - Bắc Từ Liêm,21.05,105.74,103.35254703356752,,,,0,,,,,,,,,24,1,4,24,1,2025,0,winter,train
2025-01-25 00:00:00+00:00,2161306,Minh Khai - Bắc Từ Liêm,21.05,105.74,100.70654112997657,,,,0,,,,,,,,,24,1,5,25,1,2025,1,winter,train
2025-01-26 00:00:00+00:00,2161306,Minh Khai - Bắc Từ Liêm,21.05,105.74,98.06053522638562,,,,0,,,,,,,,,24,1,6,26,1,2025,1,winter,train
2025-01-29 00:00:00+00:00,2161306,Minh Khai - Bắc Từ Liêm,21.05,105.74,90.1225175156128,29.115019583347568,43.53704508196722,131.70887090163933,0,205.83315789473681,334.8268595865403,,,18.080700444444446,7.625379231002746,70.94943776895067,40.01772319079437,24,1,2,29,1,2025,0,winter,train
2025-01-30 00:00:00+00:00,2161306,Minh Khai - Bắc Từ Liêm,21.05,105.74,87.47651161202185,31.340599111823444,37.31746721311475,132.25188934426228,0,220.53552631578947,358.74306384272177,,,17.871028952380954,7.764939113384903,69.45909287763433,40.548583413737674,24,1,3,30,1,2025,0,winter,train
2025-01-31 00:00:00+00:00,2161306,Minh Khai - Bắc Từ Liêm,21.05,105.74,84.8305057084309,33.56617864029932,31.0978893442623,132.79490778688523,0,235.2378947368421,382.6592680989032,,,17.66135746031746,7.90449899576706,67.968747986318,41.079443636680985,24,1,4,31,1,2025,0,winter,train
2025-02-01 00:00:00+00:00,2161306,Minh Khai - Bắc Từ Liêm,21.05,105.74,82.18449980483996,35.7917581687752,24.878311475409845,133.33792622950818,0,249.94026315789472,406.5754723550847,,,17.45168596825397,8.044058878149219,66.47840309500165,41.61030385962429,24,1,5,32,2,2025,1,winter,train
2025-02-02 00:00:00+00:00,2161306,Minh Khai - Bắc Từ Liêm,21.05,105.74,79.53849390124901,38.01733769725108,18.658733606557377,133.88094467213114,0,264.6426315789474,430.49167661126614,,,17.242014476190477,8.183618760531374,64.98805820368531,42.1411640825676,24,1,6,33,2,2025,1,winter,train
2025-02-03 00:00:00+00:00,2161306,Minh Khai - Bắc Từ Liêm,21.05,105.74,76.89248799765808,40.24291722572696,12.439155737704922,134.4239631147541,0,279.34499999999997,454.4078808674476,,,17.032342984126984,8.323178642913533,63.49771331236897,42.6720243055109,24,1,0,34,2,2025,0,winter,train
2025-02-04 00:00:00+00:00,2161306,Minh Khai - Bắc Từ Liêm,21.05,105.74,74.24648209406713,42.46849675420284,6.219577868852468,134.96698155737704,0,294.0473684210526,478.32408512362906,,,16.822671492063492,8.46273852529569,62.00736842105264,43.202884528454206,24,1,1,35,2,2025,0,winter,train
2025-02-05 00:00:00+00:00,2161306,Minh Khai - Bắc Từ Liêm,21.05,105.74,71.60047619047619,44.69407628267872,0.0,135.51,21,1745.875,674.9397739637672,,,16.613,8.602298407677846,33.219166666666666,31.34291458890727,3,0,2,36,2,2025,0,winter,train
2025-02-06 00:00:00+00:00,2161306,Minh Khai - Bắc Từ Liêm,21.05,105.74,52.124583333333334,33.86471524978877,7.78,118.77,24,1156.5958333333333,307.37189552038944,,,17.077083333333334,11.739012431304381,0.18333333333333335,0.348033814782248,0,0,3,37,2,2025,0,winter,train
2025-02-07 00:00:00+00:00,2161306,Minh Khai - Bắc Từ Liêm,21.05,105.74,12.385,9.400787201080558,2.26,29.57,24,634.1208333333333,184.89836216070205,,,9.320833333333333,5.96401740634519,0.25958333333333333,0.4296761082152631,0,0,4,38,2,2025,0,winter,train
2025-02-08 00:00:00+00:00,2161306,Minh Khai - Bắc Từ Liêm,21.05,105.74,24.252916666666668,10.372395421278654,6.62,40.6,24,444.875,129.60674381944116,,,8.965,4.231804014529891,0.6404166666666667,1.0538025521133358,0,0,5,39,2,2025,1,winter,train
2025-02-09 00:00:00+00:00,2161306,Minh Khai - Bắc Từ Liêm,21.05,105.74,59.875416666666666,15.921000072140615,32.96,87.86,24,824.2208333333333,437.23924997764607,,,8.719166666666666,3.464033733979062,0.6670833333333334,1.0438785501849492,0,0,6,40,2,2025,1,winter,train
2025-02-10 00:00:00+00:00,2161306,Minh Khai - Bắc Từ Liêm,21.05,105.74,127.69208333333334,22.111027934959953,83.85,162.05,24,1329.4458333333334,493.5511303226379,,,6.934166666666666,3.1926504141021557,0.46541666666666665,0.5637296543454192,0,0,0,41,2,2025,0,winter,train
2025-02-11 00:00:00+00:00,2161306,Minh Khai - Bắc Từ Liêm,21.05,105.74,125.36291666666666,29.491459556545557,81.36,168.85,24,2032.8541666666667,699.128838023291,,,14.028333333333334,10.689678754951336,0.18499999999999997,0.26421335252438305,0,0,1,42,2,2025,0,winter,train
2025-02-12 00:00:00+00:00,2161306,Minh Khai - Bắc Từ Liêm,21.05,105.74,126.25958333333334,19.115739355912655,101.23,165.3,24,1736.9833333333333,529.1304019982604,,,10.987916666666665,6.61739077646211,0.14458333333333334,0.18608037456191195,0,0,2,43,2,2025,0,winter,train
2025-02-13 00:00:00+00:00,2161306,Minh Khai - Bắc Từ Liêm,21.05,105.74,80.04083333333334,29.0346656252662,50.17,137.23,24,1468.0958333333335,469.56810172305893,,,12.804166666666667,10.520756674996942,0.024999999999999998,0.04791296457028143,0,0,3,44,2,2025,0,winter,train
2025-02-14 00:00:00+00:00,2161306,Minh Khai - Bắc Từ Liêm,21.05,105.74,68.40083333333332,11.446318913374153,50.34,89.21,24,2268.9249999999997,735.7085654393793,,,16.102083333333333,6.910847792430748,0.12666666666666668,0.2933712096758417,0,0,4,45,2,2025,0,winter,train
2025-02-15 00:00:00+00:00,2161306,Minh Khai - Bắc Từ Liêm,21.05,105.74,62.62898333333334,14.055363678961998,43.23,84.11,24,2477.8166666666666,824.8190556072001,,,15.832500000000001,9.183890550968796,0.43375,0.5081579051060203,4,0,5,46,2,2025,1,winter,train
2025-02-16 00:00:00+00:00,2161306,Minh Khai - Bắc Từ Liêm,21.05,105.74,82.25958,0.23789900546240933,82.09136,82.4278,2,618.4625,63.80683357501431,,,7.92625,5.700554368541331,0.2141666666666667,0.6005353891513707,24,0,6,47,2,2025,1,winter,train
2025-02-17 00:00:00+00:00,2161306,Minh Khai - Bắc Từ Liêm,21.05,105.74,74.033622,0.21410910491616839,73.882224,74.18502000000001,0,1050.5333333333333,310.9031803250521,,,6.072916666666667,2.8730811807212295,1.34875,1.5433005638678363,24,1,0,48,2,2025,0,winter,train
2025-02-18 00:00:00+00:00,2161306,Minh Khai - Bắc Từ Liêm,21.05,105.74,65.807664,0.19031920436992747,65.67308799999999,65.94224,0,898.3791666666666,98.67141773348668,,,6.9070833333333335,3.936719533876626,0.9766666666666667,1.1300545068295587,24,1,1,49,2,2025,0,winter,train
2025-02-19 00:00:00+00:00,2161306,Minh Khai - Bắc Từ Liêm,21.05,105.74,57.581706,0.16652930382368653,57.46395199999999,57.69946,0,1664.9791666666667,375.1746004881584,,,5.399166666666667,4.428883377445662,2.158333333333333,1.8781041936801164,24,1,2,50,2,2025,0,winter,train
2025-02-20 00:00:00+00:00,2161306,Minh Khai - Bắc Từ Liêm,21.05,105.74,49.355748,0.1427394032774456,49.254816,49.45668,0,3587.7708333333335,1598.74098303992,,,6.396249999999999,4.662393313851104,4.9158333333333335,3.516338160355317,24,1,3,51,2,2025,0,winter,train
2025-02-21 00:00:00+00:00,2161306,Minh Khai - Bắc Từ Liêm,21.05,105.74,41.12979,0.11894950273120466,41.04568,41.2139,0,1489.2291666666667,585.037811843159,,,6.091666666666666,4.226119266889071,2.725,2.435101997685196,24,1,4,52,2,2025,0,winter,train
2025-02-22 00:00:00+00:00,2161306,Minh Khai - Bắc Từ Liêm,21.05,105.74,32.903831999999994,0.09515960218496372,32.836543999999996,32.97112,0,1694.2708333333333,827.3127811220924,,,5.400833333333334,3.7533717209147186,3.09,2.5300592878428763,24,1,5,53,2,2025,1,winter,train
2025-02-23 00:00:00+00:00,2161306,Minh Khai - Bắc Từ Liêm,21.05,105.74,24.677874000000003,0.0713697016387228,24.627407999999996,24.728339999999996,0,619.9333333333333,81.85629861646814,,,7.149583333333333,4.381141879312592,1.5175,1.1569121194688525,24,1,6,54,2,2025,1,winter,train
2025-02-24 00:00:00+00:00,2161306,Minh Khai - Bắc Từ Liêm,21.05,105.74,16.451916000000004,0.04757980109248186,16.418272,16.485559999999992,0,789.5458333333332,115.88230528228297,,,5.980833333333333,3.7720308411605896,1.5133333333333334,0.4085676642024967,24,1,0,55,2,2025,0,winter,train
2025-02-25 00:00:00+00:00,2161306,Minh Khai - Bắc Từ Liêm,21.05,105.74,8.225957999999999,0.023789900546240944,8.209136,8.242779999999996,0,1147.5166666666667,304.44444294580205,,,6.759583333333333,3.184826087896312,1.6125,0.8930078630551136,24,1,1,56,2,2025,0,winter,train
2025-02-26 00:00:00+00:00,2161306,Minh Khai - Bắc Từ Liêm,21.05,105.74,0.0,0.0,0.0,0.0,9,456.55833333333334,591.9476991887706,,,7.675416666666667,4.365622710975992,65.32583333333334,52.884826762416665,21,0,2,57,2,2025,0,winter,train
2025-02-27 00:00:00+00:00,2161306,Minh Khai - Bắc Từ Liêm,21.05,105.74,3.826833333333333,3.3062033587066004,0.0,14.893333333333334,0,2201.6041666666665,957.9025254391771,,,7.753333333333334,4.514541400626537,8.3125,3.8156169368393953,24,1,3,58,2,2025,0,winter,train
2025-02-28 00:00:00+00:00,2161306,Minh Khai - Bắc Từ Liêm,21.05,105.74,7.653666666666666,6.612406717413201,0.0,29.78666666666667,0,2215.5,798.2787363255803,,,8.476666666666667,5.2949407080201825,9.137500000000001,2.5868164923738584,24,1,4,59,2,2025,0,winter,train
2025-03-01 00:00:00+00:00,2161306,Minh Khai - Bắc Từ Liêm,21.05,105.74,11.4805,9.918610076119801,0.0,44.68,0,2147.5625,913.3731171549255,,,7.088333333333334,1.5451823212155587,9.887916666666667,2.3455470839845454,24,1,5,60,3,2025,1,spring,train
2025-03-02 00:00:00+00:00,2161306,Minh Khai - Bắc Từ Liêm,21.05,105.74,15.307333333333332,13.224813434826402,0.0,59.57333333333334,0,1879.4875,681.9035978739796,,,7.453333333333333,2.7874979690640553,9.074166666666667,2.799338301730649,24,1,6,61,3,2025,1,spring,train
2025-03-03 00:00:00+00:00,2161306,Minh Khai - Bắc Từ Liêm,21.05,105.74,19.134166666666665,16.531016793533002,0.0,74.46666666666667,0,2435.3125,1326.0484368202688,,,11.469166666666666,7.219058060118531,11.175416666666665,5.0868474726636865,24,1,0,62,3,2025,0,spring,train
2025-03-04 00:00:00+00:00,2161306,Minh Khai - Bắc Từ Liêm,21.05,105.74,22.961,19.837220152239603,0.0,89.36,0,2400.525,906.6128272191283,,,16.006249999999998,10.921251247194517,13.095,7.522737129067018,24,1,1,63,3,2025,0,spring,train
2025-03-05 00:00:00+00:00,2161306,Minh Khai - Bắc Từ Liêm,21.05,105.74,26.78783333333333,23.143423510946203,0.0,104.25333333333333,0,2177.0208333333335,1359.5808260602162,,,10.495,4.218752133654855,9.775416666666667,7.2314373934482985,24,1,2,64,3,2025,0,spring,train
2025-03-06 00:00:00+00:00,2161306,Minh Khai - Bắc Từ Liêm,21.05,105.74,30.61466666666667,,,,0,80.83749999999999,105.60990488997498,,,11.172916666666666,2.829721877817165,1.7991666666666666,2.3652022924177056,24,1,3,65,3,2025,0,spring,train
2025-03-07 00:00:00+00:00,2161306,Minh Khai - Bắc Từ Liêm,21.05,105.74,34.441500000000005,,,,0,0.37083333333333335,0.14288690166235202,,,11.224583333333333,7.323177012606688,5.0075,4.2287085601820005,24,1,4,66,3,2025,0,spring,train
2025-03-08 00:00:00+00:00,2161306,Minh Khai - Bắc Từ Liêm,21.05,105.74,38.26833333333333,,,,0,0.8708333333333332,0.44181362061656604,,,8.979166666666666,3.6897695423105112,4.093333333333334,4.045732767149655,24,1,5,67,3,2025,1,spring,train
2025-03-21 00:00:00+00:00,2161306,Minh Khai - Bắc Từ Liêm,21.05,105.74,88.01716666666667,76.04267725025181,0.0,342.5466666666667,0,2.2624999999999997,0.7191858319444047,,,15.7275,10.535266344830667,2.586370192307692,4.673812668422608,24,1,4,80,3,2025,0,spring,train
2025-03-22 00:00:00+00:00,2161306,Minh Khai - Bắc Từ Liêm,21.05,105.74,91.844,79.34888060895841,0.0,357.44,0,2.5701704545454547,0.6732631492076537,,,22.308333333333334,14.447894586098506,2.488843623481781,4.215411920743048,24,1,5,81,3,2025,1,spring,train
2025-03-23 00:00:00+00:00,2161306,Minh Khai - Bắc Từ Liêm,21.05,105.74,95.67083333333335,82.655083967665,0.0,372.33333333333337,0,2.453212220893142,0.6812444247085112,,,22.234583333333333,12.558272166936046,2.3913170546558704,3.757011173063487,24,1,6,82,3,2025,1,spring,train
2025-03-24 00:00:00+00:00,2161306,Minh Khai - Bắc Từ Liêm,21.05,105.74,99.49766666666667,85.96128732637162,0.0,387.2266666666667,0,2.336253987240829,0.6892257002093688,,,20.13,16.647091663998406,2.2937904858299594,3.298610425383927,24,1,0,83,3,2025,0,spring,train
2025-03-25 00:00:00+00:00,2161306,Minh Khai - Bắc Từ Liêm,21.05,105.74,103.3245,89.26749068507822,0.0,402.12,0,2.2192957535885167,0.6972069757102264,,,15.321666666666665,10.754287988747908,2.1962639170040488,2.840209677704366,24,1,1,84,3,2025,0,spring,train
2025-03-26 00:00:00+00:00,2161306,Minh Khai - Bắc Từ Liêm,21.05,105.74,107.15133333333333,92.57369404378481,0.0,417.0133333333333,0,2.102337519936204,0.7051882512110839,,,12.535833333333334,6.1330791732153225,2.0987373481781377,2.381808930024806,24,1,2,85,3,2025,0,spring,train
2025-03-27 00:00:00+00:00,2161306,Minh Khai - Bắc Từ Liêm,21.05,105.74,110.97816666666668,95.87989740249141,0.0,431.9066666666667,0,1.9853792862838917,0.7131695267119413,,,12.28875,6.994665863604799,2.0012107793522267,1.9234081823452458,24,1,3,86,3,2025,0,spring,train
2025-03-28 00:00:00+00:00,2161306,Minh Khai - Bắc Từ Liêm,21.05,105.74,114.80499999999999,99.18610076119802,0.0,446.8,20,1.868421052631579,0.7211508022127989,,,15.831249999999999,8.954179161515682,1.9036842105263159,1.4650074346656852,4,0,4,87,3,2025,0,spring,train
2025-03-29 00:00:00+00:00,2161306,Minh Khai - Bắc Từ Liêm,21.05,105.74,25.479166666666668,9.074868745806915,11.72,44.83,24,0.21250000000000002,0.09918143234365562,,,15.3275,4.95900958730234,0.03291666666666667,0.06293400039562956,0,0,5,88,3,2025,1,spring,train
2025-03-30 00:00:00+00:00,2161306,Minh Khai - Bắc Từ Liêm,21.05,105.74,13.45125,6.696070432659027,3.16,29.08,24,0.15416666666666667,0.058822996587527154,,,13.28875,3.8010059452271534,0.21,0.23891057086191314,0,0,6,89,3,2025,1,spring,train
2025-03-31 00:00:00+00:00,2161306,Minh Khai - Bắc Từ Liêm,21.05,105.74,35.461666666666666,14.917573140621672,12.41,61.66,24,0.5916666666666667,0.3450477807702765,,,12.784583333333332,4.558582902581694,0.5104166666666666,0.8673872770601359,0,0,0,90,3,2025,0,spring,train
2025-04-01 00:00:00+00:00,2161306,Minh Khai - Bắc Từ Liêm,21.05,105.74,67.30333333333333,28.330785477940804,27.94,109.99,24,1.4749999999999999,1.0682167179564919,,,14.210833333333333,6.5396761764443365,1.8045833333333334,0.9869759662580515,0,0,1,91,4,2025,0,spring,train
2025-04-02 00:00:00+00:00,2161306,Minh Khai - Bắc Từ Liêm,21.05,105.74,91.22625,32.03253723712541,49.26,161.88,24,1.8208333333333335,1.273809475435846,,,18.979166666666668,9.716304055182382,0.51375,0.45352544149910323,0,0,2,92,4,2025,0,spring,train
2025-04-03 00:00:00+00:00,2161306,Minh Khai - Bắc Từ Liêm,21.05,105.74,57.36958333333333,16.475865743345743,43.03,129.61,24,1.6458333333333333,0.5372872008822508,,,17.92875,7.865056075147678,0.13833333333333334,0.1725175899454305,0,0,3,93,4,2025,0,spring,train
2025-04-04 00:00:00+00:00,2161306,Minh Khai - Bắc Từ Liêm,21.05,105.74,50.00333333333333,41.97697141781151,4.46,191.99,18,1.8375000000000001,0.7971757211774471,,,24.5725,10.939605846965259,0.7608333333333334,0.5331605245397828,12,0,4,94,4,2025,0,spring,train
2025-04-05 00:00:00+00:00,2161306,Minh Khai - Bắc Từ Liêm,21.05,105.74,26.109166666666667,14.872351913845884,6.92,54.87,24,1.5125,0.7249062907954259,,,10.295416666666666,6.355295620782422,1.1270833333333334,0.9169774506101752,0,0,5,95,4,2025,1,spring,train
2025-04-06 00:00:00+00:00,2161306,Minh Khai - Bắc Từ Liêm,21.05,105.74,19.930833333333332,13.005610801451834,6.18,60.98,24,1.825,0.7200543457750707,,,14.612499999999999,8.56395136858438,0.1175,0.1267400626410642,0,0,6,96,4,2025,1,spring,train
2025-04-07 00:00:00+00:00,2161306,Minh Khai - Bắc Từ Liêm,21.05,105.74,21.462083333333336,11.995709732765029,5.23,46.33,24,1.5333333333333332,0.4536486541909667,,,15.0575,8.637090014179748,0.07791666666666668,0.1464649881494659,0,0,0,97,4,2025,0,spring,train
2025-04-08 00:00:00+00:00,2161306,Minh Khai - Bắc Từ Liêm,21.05,105.74,25.672916666666666,19.263255961898633,2.4,61.86,24,1.8875,0.7273014445911321,,,21.31416666666667,13.777824626887782,0.5325,0.4643204478168817,0,0,1,98,4,2025,0,spring,train
2025-04-09 00:00:00+00:00,2161306,Minh Khai - Bắc Từ Liêm,21.05,105.74,31.8475,27.8393933045463,5.19,106.29,24,2.154166666666667,1.0396400575561535,,,16.144583333333333,10.347497483288734,0.17541666666666667,0.22732813224531834,0,0,2,99,4,2025,0,spring,train
2025-04-10 00:00:00+00:00,2161306,Minh Khai - Bắc Từ Liêm,21.05,105.74,35.681666666666665,31.0360446363042,2.46,109.35,24,2.279166666666667,0.8592105409171775,,,13.355416666666665,8.464769946881201,0.07625,0.09291475756796143,0,0,3,100,4,2025,0,spring,train
2025-04-11 00:00:00+00:00,2161306,Minh Khai - Bắc Từ Liêm,21.05,105.74,26.784166666666668,17.75420927840633,4.61,66.88,24,1.8208333333333335,0.8597164176870068,,,17.028333333333332,10.779602988037645,0.0175,0.02363674368803607,0,0,4,101,4,2025,0,spring,train
2025-04-12 00:00:00+00:00,2161306,Minh Khai - Bắc Từ Liêm,21.05,105.74,13.691666666666668,13.063597502607958,1.28,45.95,24,1.1541666666666666,0.6114694820972112,,,22.83791666666667,10.272073995385094,0.10833333333333334,0.15333018270235066,0,0,5,102,4,2025,1,spring,train
2025-04-13 00:00:00+00:00,2161306,Minh Khai - Bắc Từ Liêm,21.05,105.74,14.825000000000001,8.594384415317997,4.52,33.25,24,1.2083333333333333,0.7383393038002459,,,20.707083333333333,11.998331579365768,0.06125,0.12708478854001712,0,0,6,103,4,2025,1,spring,train
2025-04-14 00:00:00+00:00,2161306,Minh Khai - Bắc Từ Liêm,21.05,105.74,18.5925,12.609179282328927,5.68,53.19,24,2.7583333333333333,1.576985750719078,,,16.65791666666667,9.188781429910422,0.4970833333333333,0.5550047329736822,0,0,0,104,4,2025,0,spring,train
2025-04-15 00:00:00+00:00,2161306,Minh Khai - Bắc Từ Liêm,21.05,105.74,27.776666666666667,20.84816969688574,3.6,89.93,24,1.8666666666666665,1.0327955589886444,,,30.5675,18.313009452774036,0.14,0.29309443499678894,0,0,1,105,4,2025,0,spring,train
2025-04-16 00:00:00+00:00,2161306,Minh Khai - Bắc Từ Liêm,21.05,105.74,28.83375,24.980410031184174,5.05,98.47,24,1.5916666666666668,0.47632348039018035,,,28.974166666666665,16.028886944097735,0.5704166666666667,0.44049852357909475,0,0,2,106,4,2025,0,spring,train
2025-04-17 00:00:00+00:00,2161306,Minh Khai - Bắc Từ Liêm,21.05,105.74,32.439375,22.4767883320288,2.49,81.24,24,1.9270833333333333,0.7464377965095087,,,28.15833333333333,14.701888274659813,0.78875,0.5784485434256916,1,0,3,107,4,2025,0,spring,train
2025-04-18 00:00:00+00:00,2161306,Minh Khai - Bắc Từ Liêm,21.05,105.74,42.69375,45.78100867053176,3.06,207.28,24,2.033333333333333,1.0175275518827882,,,25.72125,18.563556001290365,0.44083333333333335,0.47085414215912547,0,0,4,108,4,2025,0,spring,train
2025-04-19 00:00:00+00:00,2161306,Minh Khai - Bắc Từ Liêm,21.05,105.74,33.00729166666667,41.2993636380905,7.83,195.15,24,1.8666666666666665,0.6232221089639307,,,29.746666666666666,23.25902997466401,0.11499999999999999,0.21112534912576997,1,0,5,109,4,2025,1,spring,train
2025-04-20 00:00:00+00:00,2161306,Minh Khai - Bắc Từ Liêm,21.05,105.74,35.69916666666666,44.68998359876597,5.83,198.63,24,1.6375,0.49502964338116856,,,21.51833333333333,16.66370976668778,0.45333333333333337,0.7464621873219361,3,0,6,110,4,2025,1,spring,train
2025-04-21 00:00:00+00:00,2161306,Minh Khai - Bắc Từ Liêm,21.05,105.74,46.71208333333333,54.614058787185414,4.15,244.67,24,2.0791666666666666,0.920764883677963,,,13.07625,9.209403423297488,2.7025,0.6186538682459297,0,0,0,111,4,2025,0,spring,train
2025-04-22 00:00:00+00:00,2161306,Minh Khai - Bắc Từ Liêm,21.05,105.74,37.10791666666667,28.79218492685678,3.27,94.18,24,1.9333333333333333,0.783341042206903,,,15.455,12.299764225382535,2.1108333333333333,1.0059644589912822,0,0,1,112,4,2025,0,spring,train
2025-04-23 00:00:00+00:00,2161306,Minh Khai - Bắc Từ Liêm,21.05,105.74,41.787708333333335,52.26679680046212,2.34,244.12,24,1.3916666666666666,0.4772353959928013,,,22.378333333333334,17.361878947271524,0.4975,0.4739129437574685,1,0,2,113,4,2025,0,spring,train
2025-04-24 00:00:00+00:00,2161306,Minh Khai - Bắc Từ Liêm,21.05,105.74,32.35520833333333,71.63470502546336,0.13,326.86,24,1.3041666666666667,0.6662544015135899,,,19.0475,10.901375361971931,0.3445833333333333,0.34445898558990035,1,0,3,114,4,2025,0,spring,train
2025-04-25 00:00:00+00:00,2161306,Minh Khai - Bắc Từ Liêm,21.05,105.74,31.962083333333336,23.627110621922853,3.0,88.64,24,1.425,0.9070976171044227,,,22.153750000000002,11.61408620467255,0.0725,0.13300049035542166,0,0,4,115,4,2025,0,spring,train
2025-04-26 00:00:00+00:00,2161306,Minh Khai - Bắc Từ Liêm,21.05,105.74,30.722372881355934,1.2300676592868578,29.126101694915256,32.56,9,2.2790960451977402,0.07767077449077693,,,20.53241054613936,2.6500697006137446,0.21060263653483993,0.06820097162243029,21,0,5,116,4,2025,1,spring,train
2025-04-27 00:00:00+00:00,2161306,Minh Khai - Bắc Từ Liêm,21.05,105.74,20.698459167950695,3.0007123113718066,16.19805084745763,24.630000000000003,0,2.1986389316897794,0.5660062237956389,,,13.969841636706043,2.338289731640022,0.19757404554014724,0.15446168463300397,24,1,6,117,4,2025,1,spring,train
2025-04-28 00:00:00+00:00,2161306,Minh Khai - Bắc Từ Liêm,21.05,105.74,10.674545454545454,4.771356963456756,3.27,16.7,11,2.118181818181818,1.0543416731005009,,,7.407272727272727,2.026509762666299,0.18454545454545457,0.24072239764357764,13,0,0,118,4,2025,0,spring,train
2025-04-29 00:00:00+00:00,2161306,Minh Khai - Bắc Từ Liêm,21.05,105.74,21.41270588235294,14.840692604140422,6.28,67.49,17,1.235686274509804,0.8853253118320494,,,26.134039215686272,14.1624485511657,0.01658823529411765,0.023353422724328367,13,0,1,119,4,2025,0,spring,train
2025-04-30 00:00:00+00:00,2161306,Minh Khai - Bắc Từ Liêm,21.05,105.74,41.58069953208556,32.390266497462726,3.825,124.44,0,1.4169908645276292,0.8589824003132496,,,22.63438821579768,13.362785909942009,0.26908957219251334,0.1531774452606897,24,1,2,120,4,2025,0,spring,train
2025-05-01 00:00:00+00:00,2161306,Minh Khai - Bắc Từ Liêm,21.05,105.74,61.74869318181818,49.93984039078503,1.37,181.39,16,1.5982954545454546,0.8326394887944497,,,19.13473721590909,12.56312326871832,0.5215909090909091,0.28300146779705104,14,0,3,121,5,2025,0,spring,train
2025-05-02 00:00:00+00:00,2161306,Minh Khai - Bắc Từ Liêm,21.05,105.74,56.70246212121212,45.180066054748046,7.7,149.99666666666667,0,1.5877525252525253,0.7386786774391699,,,20.88605291193182,14.851311967017713,0.551060606060606,0.308667645198034,24,1,4,122,5,2025,0,spring,train
2025-05-03 00:00:00+00:00,2161306,Minh Khai - Bắc Từ Liêm,21.05,105.74,51.65623106060605,40.420291718711056,14.030000000000001,118.60333333333332,0,1.577209595959596,0.64471786608389,,,22.637368607954546,17.139500665317104,0.5805303030303031,0.334333822599017,24,1,5,123,5,2025,1,spring,train
2025-05-04 00:00:00+00:00,2161306,Minh Khai - Bắc Từ Liêm,21.05,105.74,46.60999999999999,35.66051738267407,20.36,87.21,3,1.5666666666666667,0.5507570547286103,,,24.38868430397727,19.427689363616498,0.61,0.36,21,0,6,124,5,2025,1,spring,train
2025-05-05 00:00:00+00:00,2161306,Minh Khai - Bắc Từ Liêm,21.05,105.74,34.35208333333333,51.48131623762131,0.0,196.38,24,1.9541666666666666,0.8032429740510145,,,26.14,21.71587806191589,2.40875,3.186054275718806,1,0,0,125,5,2025,0,spring,train
2025-05-06 00:00:00+00:00,2161306,Minh Khai - Bắc Từ Liêm,21.05,105.74,32.5875,37.66988916893703,2.11,120.13,24,1.9333333333333333,0.6988603559377575,,,17.054166666666667,10.15303163834701,0.005416666666666667,0.012150922908825973,1,0,1,126,5,2025,0,spring,train
2025-05-07 00:00:00+00:00,2161306,Minh Khai - Bắc Từ Liêm,21.05,105.74,33.111041666666665,25.06508267530605,5.64,75.63,24,1.8062500000000001,0.6400258996118149,,,17.93,10.480591171510692,0.05645833333333333,0.0815139247462434,2,0,2,127,5,2025,0,spring,train
2025-05-08 00:00:00+00:00,2161306,Minh Khai - Bắc Từ Liêm,21.05,105.74,35.81875,27.244136988220408,6.88,98.28,24,1.8083333333333333,0.71743302469815,,,22.207916666666666,14.87668966776596,0.7779166666666667,0.6154388972366666,6,0,3,128,5,2025,0,spring,train
2025-05-09 00:00:00+00:00,2161306,Minh Khai - Bắc Từ Liêm,21.05,105.74,69.72250000000001,113.95639498815173,1.4,424.1,24,1.3166666666666667,0.6565169401878547,,,21.500208333333333,14.578099899981499,0.0,0.0,2,0,4,129,5,2025,0,spring,train
2025-05-10 00:00:00+00:00,2161306,Minh Khai - Bắc Từ Liêm,21.05,105.74,39.10916666666667,44.655504545709526,1.76,170.11,24,1.1291666666666667,0.6993656546046423,,,17.41541666666667,7.7682195258276066,0.40124999999999994,0.7174490589400149,0,0,5,130,5,2025,1,spring,train
2025-05-11 00:00:00+00:00,2161306,Minh Khai - Bắc Từ Liêm,21.05,105.74,14.514166666666668,27.816844117668467,0.09,122.53,24,0.6333333333333333,0.2200131748360749,,,20.712500000000002,11.588408094898671,1.3558333333333332,0.5270666706995603,0,0,6,131,5,2025,1,spring,train
2025-05-12 00:00:00+00:00,2161306,Minh Khai - Bắc Từ Liêm,21.05,105.74,23.362083333333334,21.283277979624547,7.31,82.85,24,1.4749999999999999,0.9772410142846031,,,33.430416666666666,22.322829507258817,0.7000000000000001,0.43116626471245056,0,0,0,132,5,2025,0,spring,train
2025-05-13 00:00:00+00:00,2161306,Minh Khai - Bắc Từ Liêm,21.05,105.74,43.449999999999996,26.266251118613923,12.18,84.84,24,1.425,0.42859730770726157,,,33.41583333333333,19.10976188431876,0.5733333333333334,0.5739388443914989,0,0,1,133,5,2025,0,spring,train
2025-05-14 00:00:00+00:00,2161306,Minh Khai - Bắc Từ Liêm,21.05,105.74,30.22083333333333,23.134174216225368,2.8,86.64,24,2.275,0.8247529274299957,,,17.480416666666667,9.340286504853779,0.9533333333333333,0.8090395092554084,0,0,2,134,5,2025,0,spring,train
2025-05-15 00:00:00+00:00,2161306,Minh Khai - Bắc Từ Liêm,21.05,105.74,35.27375,62.83385260472396,0.09,228.69,24,1.75,0.6241515980843951,,,15.920416666666666,9.857167544114974,0.5933333333333334,0.5577257130655648,0,0,3,135,5,2025,0,spring,train
2025-05-16 00:00:00+00:00,2161306,Minh Khai - Bắc Từ Liêm,21.05,105.74,61.86208333333334,104.62137195326804,1.93,399.41,24,1.9083333333333332,0.8561372638150694,,,10.783333333333333,4.8522694525942915,0.3770833333333334,0.7647703785346671,0,0,4,136,5,2025,0,spring,train
2025-05-17 00:00:00+00:00,2161306,Minh Khai - Bắc Từ Liêm,21.05,105.74,57.65729166666667,87.02432421367037,2.9,317.94,24,1.9041666666666668,0.7250062468496491,,,9.554583333333333,5.018114126248821,2.111666666666667,1.0823993744441562,3,0,5,137,5,2025,1,spring,train
2025-05-18 00:00:00+00:00,2161306,Minh Khai - Bắc Từ Liêm,21.05,105.74,50.541666666666664,81.94542876163098,0.0,284.87,24,1.5291666666666668,0.7964481842184885,,,11.5675,6.103770217624941,0.5395833333333333,0.4907888872866398,2,0,6,138,5,2025,1,spring,train
2025-05-19 00:00:00+00:00,2161306,Minh Khai - Bắc Từ Liêm,21.05,105.74,138.69295454545457,155.72063147468734,1.44,412.23,22,1.6083333333333334,0.7002587513487994,,,15.390416666666667,10.297171616376094,0.042916666666666665,0.12787491057132042,9,0,0,139,5,2025,0,spring,train
2025-05-20 00:00:00+00:00,2161306,Minh Khai - Bắc Từ Liêm,21.05,105.74,47.416842105263164,80.81541898071953,1.17,305.17,19,1.7458333333333333,0.6711308863900295,,,12.162083333333333,5.328036573812538,0.4579166666666667,0.7505880544854361,5,0,1,140,5,2025,0,spring,train
2025-05-21 00:00:00+00:00,2161306,Minh Khai - Bắc Từ Liêm,21.05,105.74,41.67541666666667,66.6755407848281,0.09,226.87,24,1.825,0.9700963645544389,,,13.192083333333334,9.854193095224542,1.5775,0.5829553640903727,0,0,2,141,5,2025,0,spring,train
2025-05-22 00:00:00+00:00,2161306,Minh Khai - Bắc Từ Liêm,21.05,105.74,37.32541666666666,25.492047690819476,7.96,89.94,24,1.6583333333333332,0.6762535327668983,,,13.374583333333334,8.404178039195312,1.6841666666666668,0.5284424748970907,1,0,3,142,5,2025,0,spring,train
2025-05-23 00:00:00+00:00,2161306,Minh Khai - Bắc Từ Liêm,21.05,105.74,52.713811071165196,46.15441833976337,10.17,212.8,24,1.3541666666666667,0.7717733203285887,,,8.241666666666667,4.730648146296443,1.4679166666666668,0.6772320851092699,2,0,4,143,5,2025,0,spring,train
2025-05-24 00:00:00+00:00,2161306,Minh Khai - Bắc Từ Liêm,21.05,105.74,83.2821985619469,0.05961566732574323,83.2129314159292,83.35146570796459,4,0.591304347826087,0.3342740349395726,,,19.002065217391305,7.357702737614425,1.4382065217391304,0.793748463320538,24,0,5,144,5,2025,1,spring,train
2025-05-25 00:00:00+00:00,2161306,Minh Khai - Bắc Từ Liêm,21.05,105.74,82.80999030041919,0.648816359877264,82.10342566371682,84.26637949852507,0,0.45,0.19336831267771376,,,29.715833333333332,9.859408182550562,0.5495833333333333,0.601841226835484,24,1,6,145,5,2025,1,spring,train
2025-05-26 00:00:00+00:00,2161306,Minh Khai - Bắc Từ Liêm,21.05,105.74,82.33778203889148,1.238017052428785,80.99391991150442,85.18129328908553,0,0.9208333333333334,0.4159631742340187,,,30.71375,14.6735306834242,0.58875,0.5144123916622269,24,1,0,146,5,2025,0,spring,train
2025-05-27 00:00:00+00:00,2161306,Minh Khai - Bắc Từ Liêm,21.05,105.74,81.86557377736376,1.827217744980306,79.88441415929204,86.096207079646,0,1.6708333333333334,0.707401347656807,,,18.34,9.331370652849966,0.008333333333333333,0.015510632164580769,24,1,1,147,5,2025,0,spring,train
2025-05-28 00:00:00+00:00,2161306,Minh Khai - Bắc Từ Liêm,21.05,105.74,81.39336551583605,2.4164184375318265,78.77490840707965,87.01112087020648,0,2.0833333333333335,0.9229756540510775,,,18.449166666666667,12.560885082587571,0.4791666666666667,0.832544119038101,24,1,2,148,5,2025,0,spring,train
2025-05-29 00:00:00+00:00,2161306,Minh Khai - Bắc Từ Liêm,21.05,105.74,80.92115725430834,3.0056191300833475,77.66540265486726,87.92603466076696,0,0.8916666666666666,0.36702880667263205,,,11.821250000000001,5.373480219923865,1.3766666666666667,0.8757886714849934,24,1,3,149,5,2025,0,spring,train
2025-05-30 00:00:00+00:00,2161306,Minh Khai - Bắc Từ Liêm,21.05,105.74,80.44894899278063,3.5948198226348684,76.55589690265487,88.84094845132742,0,2.0458333333333334,0.797266616616433,,,18.30666666666667,13.037807453264746,6.0441666666666665,4.1434431351827135,24,1,4,150,5,2025,0,spring,train
2025-05-31 00:00:00+00:00,2161306,Minh Khai - Bắc Từ Liêm,21.05,105.74,79.97674073125292,4.184020515186389,75.44639115044248,89.7558622418879,0,1.8041666666666665,0.49209328089443494,,,18.33875,10.103097808399507,10.239166666666668,4.659359833493332,24,1,5,151,5,2025,1,spring,train
2025-06-01 00:00:00+00:00,2161306,Minh Khai - Bắc Từ Liêm,21.05,105.74,79.5045324697252,,,,0,1.6208333333333333,0.9573419572902911,,,14.273333333333333,7.313312855849681,5.977083333333333,4.124970070159314,24,1,6,152,6,2025,1,summer,train
2025-06-02 00:00:00+00:00,2161306,Minh Khai - Bắc Từ Liêm,21.05,105.74,79.03232420819748,,,,0,1.5958333333333332,1.4991241404252673,,,17.88,7.477920543317769,5.06,4.162328988522609,24,1,0,153,6,2025,0,summer,train
2025-06-03 00:00:00+00:00,2161306,Minh Khai - Bắc Từ Liêm,21.05,105.74,78.56011594666977,,,,0,1.1541666666666666,0.8330035579373188,,,23.647916666666664,18.228562627673487,5.484166666666667,5.230456723483321,24,1,1,154,6,2025,0,summer,train
2025-07-31 00:00:00+00:00,2161306,Minh Khai - Bắc Từ Liêm,21.05,105.74,51.17203677806242,40.125262760829166,7.766540265486725,145.5656034660767,0,,,,,18.199166666666667,8.99748076657725,,,24,1,3,212,7,2025,0,summer,train
2025-08-01 00:00:00+00:00,2161306,Minh Khai - Bắc Từ Liêm,21.05,105.74,50.69982851653471,40.71446345338069,6.65703451327434,146.48051725663717,0,,,,,20.51,13.235257261670764,,,24,1,4,213,8,2025,0,summer,train
2025-08-02 00:00:00+00:00,2161306,Minh Khai - Bắc Từ Liêm,21.05,105.74,50.22762025500699,41.3036641459322,5.54752876106194,147.39543104719763,0,,,,,23.727083333333336,16.773903250395335,,,24,1,5,214,8,2025,1,summer,train
2025-08-03 00:00:00+00:00,2161306,Minh Khai - Bắc Từ Liêm,21.05,105.74,49.75541199347928,41.892864838483725,4.438023008849555,148.31034483775812,0,,,,,13.338333333333333,7.145927187028905,,,24,1,6,215,8,2025,1,summer,train
2025-08-04 00:00:00+00:00,2161306,Minh Khai - Bắc Từ Liêm,21.05,105.74,49.283203731951566,42.482065531035246,3.32851725663717,149.22525862831858,0,,,,,12.74375,5.408953778528789,,,24,1,0,216,8,2025,0,summer,train
2025-08-05 00:00:00+00:00,2161306,Minh Khai - Bắc Từ Liêm,21.05,105.74,48.810995470423855,43.07126622358677,2.2190115044247847,150.14017241887905,0,,,,,14.716666666666667,6.168601185010276,,,24,1,1,217,8,2025,0,summer,train
2025-08-06 00:00:00+00:00,2161306,Minh Khai - Bắc Từ Liêm,21.05,105.74,48.338787208896136,43.66046691613829,1.1095057522123852,151.05508620943954,0,,,,,12.1775,3.0140890180443662,,,24,1,2,218,8,2025,0,summer,train
2025-08-07 00:00:00+00:00,2161306,Minh Khai - Bắc Từ Liêm,21.05,105.74,47.866578947368424,44.24966760868981,0.0,151.97,19,,,,,16.189375000000002,12.167328876285692,,,6,0,3,219,8,2025,0,summer,train
2025-08-08 00:00:00+00:00,2161306,Minh Khai - Bắc Từ Liêm,21.05,105.74,37.79625,53.22345645136583,5.56,202.74,24,,,,,13.02875,5.460165081514597,,,5,0,4,220,8,2025,0,summer,train
2025-08-09 00:00:00+00:00,2161306,Minh Khai - Bắc Từ Liêm,21.05,105.74,53.3969696969697,58.42478638070506,5.41,171.82,22,,,,,21.508750000000003,14.06846189562653,,,8,0,5,221,8,2025,1,summer,train
2025-08-10 00:00:00+00:00,2161306,Minh Khai - Bắc Từ Liêm,21.05,105.74,69.16916666666667,41.436336282214356,20.06,184.28,24,,,,,11.255,3.7051526988424017,,,0,0,6,222,8,2025,1,summer,train
2025-08-11 00:00:00+00:00,2161306,Minh Khai - Bắc Từ Liêm,21.05,105.74,58.03472619047619,67.08716566233556,3.44,278.45,21,,,,,16.71875,11.116045321379204,,,15,0,0,223,8,2025,0,summer,train
2025-08-12 00:00:00+00:00,2161306,Minh Khai - Bắc Từ Liêm,21.05,105.74,56.275396825396825,33.25041867792788,6.77,107.86,21,,,,,13.7875,6.47616516291789,,,9,0,1,224,8,2025,0,summer,train
2025-08-13 00:00:00+00:00,2161306,Minh Khai - Bắc Từ Liêm,21.05,105.74,48.46416666666667,33.14898411818427,9.73,112.29,24,,,,,15.810833333333333,12.57486759085503,,,2,0,2,225,8,2025,0,summer,train
2025-08-14 00:00:00+00:00,2161306,Minh Khai - Bắc Từ Liêm,21.05,105.74,9.361687344913152,6.31245792918178,5.70483870967742,28.13,13,,,,,20.1275313059034,8.517486249871611,,,17,0,3,226,8,2025,0,summer,train
2025-08-15 00:00:00+00:00,2161306,Minh Khai - Bắc Từ Liêm,21.05,105.74,20.819951045874948,12.84375462976991,5.453629032258065,40.17551168831169,0,,,,,17.4608542039356,6.862248510385125,,,24,1,4,227,8,2025,0,summer,train
2025-08-16 00:00:00+00:00,2161306,Minh Khai - Bắc Từ Liêm,21.05,105.74,32.278214746836746,19.37505133035804,5.20241935483871,52.22102337662338,0,,,,,14.7941771019678,5.207010770898639,,,24,1,5,228,8,2025,1,summer,train
2025-08-17 00:00:00+00:00,2161306,Minh Khai - Bắc Từ Liêm,21.05,105.74,43.73647844779854,25.90634803094617,4.951209677419355,64.26653506493507,0,,,,,12.1275,3.5517730314121523,,,24,1,6,229,8,2025,1,summer,train
2025-08-18 00:00:00+00:00,2161306,Minh Khai - Bắc Từ Liêm,21.05,105.74,55.194742148760334,32.4376447315343,4.7,76.31204675324676,11,,,,,18.04833896103896,5.349634685647331,,,19,0,0,230,8,2025,0,summer,train
2025-08-19 00:00:00+00:00,2161306,Minh Khai - Bắc Từ Liêm,21.05,105.74,55.36734643890201,32.7216068152946,4.670625,76.84078396103897,0,,,,,17.94016184253247,5.320646495021916,,,24,1,1,231,8,2025,0,summer,train
2025-08-20 00:00:00+00:00,2161306,Minh Khai - Bắc Từ Liêm,21.05,105.74,55.53995072904369,33.00556889905491,4.64125,77.36952116883117,0,,,,,17.831984724025975,5.291658304396502,,,24,1,2,232,8,2025,0,summer,train
2025-08-21 00:00:00+00:00,2161306,Minh Khai - Bắc Từ Liêm,21.05,105.74,55.712555019185366,33.28953098281521,4.611875,77.89825837662339,0,,,,,17.723807605519482,5.262670113771087,,,24,1,3,233,8,2025,0,summer,train
2025-08-22 00:00:00+00:00,2161306,Minh Khai - Bắc Từ Liêm,21.05,105.74,55.885159309327044,33.57349306657551,4.5825000000000005,78.4269955844156,0,,,,,17.615630487012986,5.233681923145672,,,24,1,4,234,8,2025,0,summer,train
2025-08-23 00:00:00+00:00,2161306,Minh Khai - Bắc Từ Liêm,21.05,105.74,56.05776359946872,33.85745515033581,4.5531250000000005,78.9557327922078,0,,,,,17.507453368506493,5.204693732520258,,,24,1,5,235,8,2025,1,summer,train
2025-08-24 00:00:00+00:00,2161306,Minh Khai - Bắc Từ Liêm,21.05,105.74,56.2303678896104,34.14141723409612,4.52375,79.48447,0,,,,,17.39927625,5.1757055418948426,,,24,1,6,236,8,2025,1,summer,train
2025-08-25 00:00:00+00:00,2161306,Minh Khai - Bắc Từ Liêm,21.05,105.74,56.40297217975207,34.42537931785642,4.494375,80.01320720779222,0,,,,,17.291099131493507,5.1467173512694275,,,24,1,0,237,8,2025,0,summer,train
2025-08-26 00:00:00+00:00,2161306,Minh Khai - Bắc Từ Liêm,21.05,105.74,56.57557646989375,,,,0,,,,,,,,,24,1,1,238,8,2025,0,summer,train
2025-08-27 00:00:00+00:00,2161306,Minh Khai - Bắc Từ Liêm,21.05,105.74,56.748180760035424,,,,0,,,,,,,,,24,1,2,239,8,2025,0,summer,train
2025-08-28 00:00:00+00:00,2161306,Minh Khai - Bắc Từ Liêm,21.05,105.74,56.9207850501771,,,,0,,,,,,,,,24,1,3,240,8,2025,0,summer,train
2026-01-18 00:00:00+00:00,2161306,Minh Khai - Bắc Từ Liêm,21.05,105.74,81.60319854043684,75.88384354686059,0.2056249999999995,157.20883954545454,0,208.77207025171177,363.84355743694925,1.851560941843843,0.015721597691017775,1.4972398295454532,0.914441519958876,1.221804623339342,2.387421143136743,24,1,6,18,1,2026,1,winter,test
2026-01-19 00:00:00+00:00,2161306,Minh Khai - Bắc Từ Liêm,21.05,105.74,81.7758028305785,76.16780563062089,0.17624999999999957,157.73757675324674,0,209.82912144024274,365.687509979189,1.5870522358661532,0.013475655163729505,1.3890627110389602,0.885453329333461,1.2250162077602524,2.3932459096265926,24,1,0,19,1,2026,0,winter,test
2026-01-20 00:00:00+00:00,2161306,Minh Khai - Bắc Từ Liêm,21.05,105.74,81.94840712072019,76.45176771438119,0.14687499999999964,158.26631396103895,0,210.8861726287737,367.53146252142864,1.3225435298884491,0.011229712636441236,1.2808855925324671,0.856465138708046,1.2282277921811628,2.399070676116442,24,1,1,20,1,2026,0,winter,test
2026-01-21 00:00:00+00:00,2161306,Minh Khai - Bắc Từ Liêm,21.05,105.74,82.12101141086185,76.7357297981415,0.11749999999999972,158.79505116883115,0,211.94322381730467,369.3754150636683,1.0580348239107593,0.008983770109153077,1.1727084740259741,0.8274769480826318,1.231439376602073,2.404895442606292,24,1,2,21,1,2026,0,winter,test
2026-01-22 00:00:00+00:00,2161306,Minh Khai - Bắc Từ Liêm,21.05,105.74,82.29361570100353,77.01969188190179,0.08812499999999979,159.32378837662338,0,213.00027500583565,371.21936760590796,0.7935261179330695,0.006737827581864808,1.064531355519481,0.7984887574572168,1.2346509610229832,2.4107202090961413,24,1,3,22,1,2026,0,winter,test
2026-01-23 00:00:00+00:00,2161306,Minh Khai - Bắc Từ Liêm,21.05,105.74,82.46621999114521,77.30365396566211,0.05874999999999986,159.85252558441556,0,214.0573261943666,373.0633201481477,0.5290174119553797,0.004491885054576539,0.956354237012988,0.7695005668318018,1.2378625454438936,2.4165449755859907,24,1,4,23,1,2026,0,winter,test
2026-01-24 00:00:00+00:00,2161306,Minh Khai - Bắc Từ Liêm,21.05,105.74,82.63882428128689,77.58761604942241,0.02937499999999993,160.3812627922078,0,215.11437738289757,374.90727269038734,0.26450870597768983,0.0022459425272882694,0.8481771185064915,0.7405123762063877,1.241074129864804,2.4223697420758405,24,1,5,24,1,2026,1,winter,test
2026-01-25 00:00:00+00:00,2161306,Minh Khai - Bắc Từ Liêm,21.05,105.74,82.81142857142856,77.87157813318271,0.0,160.91,7,216.17142857142855,376.751225232627,0.0,0.0,0.74,0.7115241855809729,1.2442857142857142,2.42819450856569,17,0,6,25,1,2026,1,winter,test
2026-01-26 00:00:00+00:00,2161306,Minh Khai - Bắc Từ Liêm,21.05,105.74,65.75619696969697,52.05059075930664,0.0,103.70233333333334,11,661.7163636363636,524.6431089701827,0.0,0.0,0.5175757575757576,0.4104143700050253,0.002727272727272727,0.009045340337332909,19,0,0,26,1,2026,0,winter,test
2026-01-27 00:00:00+00:00,2161306,Minh Khai - Bắc Từ Liêm,21.05,105.74,76.91388311688313,46.29862811361076,18.38714285714286,111.61485714285715,0,637.8568831168831,496.51635767426484,0.0,0.0,0.5604220779220779,0.4201582503697961,0.1714448051948052,0.3351948068068388,24,1,1,27,1,2026,0,winter,test
2026-01-28 00:00:00+00:00,2161306,Minh Khai - Bắc Từ Liêm,21.05,105.74,88.07156926406927,40.54666546791488,36.77428571428572,119.52738095238095,0,613.9974025974026,468.389606378347,0.0,0.0,0.6032683982683983,0.42990213073456685,0.3401623376623377,0.6613442732763447,24,1,2,28,1,2026,0,winter,test
2026-01-29 00:00:00+00:00,2161306,Minh Khai - Bắc Từ Liêm,21.05,105.74,99.22925541125542,34.79470282221901,55.16142857142857,127.43990476190477,0,590.137922077922,440.2628550824292,0.0,0.0,0.6461147186147187,0.43964601109933765,0.5088798701298701,0.9874937397458505,24,1,3,29,1,2026,0,winter,test
2026-01-30 00:00:00+00:00,2161306,Minh Khai - Bắc Từ Liêm,21.05,105.74,110.38694155844158,29.042740176523125,73.54857142857144,135.35242857142856,0,566.2784415584415,412.1361037865114,0.0,0.0,0.688961038961039,0.4493898914641084,0.6775974025974026,1.3136432062153565,24,1,4,30,1,2026,0,winter,test
2026-01-31 00:00:00+00:00,2161306,Minh Khai - Bắc Từ Liêm,21.05,105.74,121.54462770562772,23.29077753082725,91.93571428571428,143.2649523809524,0,542.418961038961,384.0093524905936,0.0,0.0,0.7318073593073593,0.4591337718288792,0.8463149350649352,1.6397926726848622,24,1,5,31,1,2026,1,winter,test
2026-02-01 00:00:00+00:00,2161306,Minh Khai - Bắc Từ Liêm,21.05,105.74,132.70231385281386,17.538814885131373,110.32285714285715,151.1774761904762,0,518.5594805194805,355.8826011946758,0.0,0.0,0.7746536796536797,0.46887765219364996,1.0150324675324676,1.965942139154368,24,1,6,32,2,2026,1,winter,test
2026-02-02 00:00:00+00:00,2161306,Minh Khai - Bắc Từ Liêm,21.05,105.74,143.86,11.786852239435497,128.71,159.09,8,494.7,327.75584989875796,0.0,0.0,0.8175,0.47862153255842077,1.18375,2.292091605623874,16,0,0,33,2,2026,0,winter,test
2026-02-03 00:00:00+00:00,2161306,Minh Khai - Bắc Từ Liêm,21.05,105.74,88.30076254180602,27.377250048397862,71.51789297658863,136.6,10,602.8274247491638,92.54432296509648,0.0,0.0,1.1740066889632108,0.2600961220004523,0.881675585284281,1.1651981633043318,20,0,1,34,2,2026,0,winter,test
2026-02-04 00:00:00+00:00,2161306,Minh Khai - Bắc Từ Liêm,21.05,105.74,84.39628232998885,25.31172006414752,68.6980685618729,129.0925,0,594.3018060200668,115.18088012960405,0.0,0.0,1.5870061315496098,0.3304971319620513,1.3956192865105908,1.4728111870694875,24,1,2,35,2,2026,0,winter,test
2026-02-05 00:00:00+00:00,2161306,Minh Khai - Bắc Từ Liêm,21.05,105.74,80.49180211817169,23.246190079897175,65.87824414715719,121.585,0,585.7761872909698,137.81743729411158,0.0,0.0,2.0000055741360088,0.40089814192365036,1.9095629877369007,1.7804242108346435,24,1,3,36,2,2026,0,winter,test
2026-02-06 00:00:00+00:00,2161306,Minh Khai - Bắc Từ Liêm,21.05,105.74,76.58732190635452,21.180660095646832,63.05841973244147,114.07749999999999,0,577.2505685618728,160.45399445861915,0.0,0.0,2.413005016722408,0.47129915188524946,2.4235066889632106,2.088037234599799,24,1,4,37,2,2026,0,winter,test
2026-02-07 00:00:00+00:00,2161306,Minh Khai - Bắc Từ Liêm,21.05,105.74,72.68284169453734,19.11513011139649,60.23859531772575,106.57,0,568.7249498327759,183.09055162312671,0.0,0.0,2.826004459308807,0.5417001618468484,2.9374503901895204,2.395650258364955,24,1,5,38,2,2026,1,winter,test
2026-02-08 00:00:00+00:00,2161306,Minh Khai - Bắc Từ Liêm,21.05,105.74,68.77836148272019,17.04960012714615,57.41877090301003,99.0625,0,560.1993311036789,205.72710878763428,0.0,0.0,3.239003901895206,0.6121011718084476,3.4513940914158305,2.703263282130111,24,1,6,39,2,2026,1,winter,test
2026-02-09 00:00:00+00:00,2161306,Minh Khai - Bắc Từ Liêm,21.05,105.74,64.87388127090301,14.984070142895805,54.59894648829432,91.55499999999999,0,551.6737123745819,228.36366595214182,0.0,0.0,3.652003344481605,0.6825021817700466,3.9653377926421403,3.010876305895267,24,1,0,40,2,2026,0,winter,test
2026-02-10 00:00:00+00:00,2161306,Minh Khai - Bắc Từ Liêm,21.05,105.74,60.96940105908584,12.918540158645461,51.77912207357859,84.04749999999999,0,543.1480936454849,251.00022311664938,0.0,0.0,4.065002787068003,0.7529031917316457,4.47928149386845,3.318489329660423,24,1,1,41,2,2026,0,winter,test
2026-02-11 00:00:00+00:00,2161306,Minh Khai - Bắc Từ Liêm,21.05,105.74,57.064920847268674,10.85301017439512,48.95929765886287,76.53999999999999,0,534.6224749163879,273.6367802811569,0.0,0.0,4.478002229654403,0.8233042016932447,4.99322519509476,3.626102353425578,24,1,2,42,2,2026,0,winter,test
2026-02-12 00:00:00+00:00,2161306,Minh Khai - Bắc Từ Liêm,21.05,105.74,53.16044063545151,8.787480190144777,46.139473244147155,69.03249999999998,0,526.096856187291,296.2733374456645,0.0,0.0,4.891001672240802,0.8937052116548437,5.50716889632107,3.933715377190734,24,1,3,43,2,2026,0,winter,test
2026-02-13 00:00:00+00:00,2161306,Minh Khai - Bắc Từ Liêm,21.05,105.74,49.255960423634335,6.721950205894434,43.319648829431436,61.52499999999999,0,517.571237458194,318.90989461017205,0.0,0.0,5.3040011148272015,0.9641062216164429,6.02111259754738,4.24132840095589,24,1,4,44,2,2026,0,winter,test
2026-02-14 00:00:00+00:00,2161306,Minh Khai - Bắc Từ Liêm,21.05,105.74,45.35148021181717,4.65642022164409,40.49982441471572,54.017499999999984,0,509.045618729097,341.5464517746796,0.0,0.0,5.7170005574136,1.034507231578042,6.53505629877369,4.548941424721046,24,1,5,45,2,2026,1,winter,test
2026-02-15 00:00:00+00:00,2161306,Minh Khai - Bắc Từ Liêm,21.05,105.74,41.447,2.5908902373937464,37.68,46.51,10,500.52,364.1830089391871,0.0,0.0,6.13,1.104908241539641,7.0489999999999995,4.856554448486202,14,0,6,46,2,2026,1,winter,test
2026-02-16 00:00:00+00:00,2161306,Minh Khai - Bắc Từ Liêm,21.05,105.74,96.58794871794872,86.02394785520194,36.58,270.97,18,939.6564102564103,218.92479064970317,0.0,0.0,4.742051282051282,2.2054418662185933,6.972179487179487,5.074684480066141,12,0,0,47,2,2026,0,winter,test
2026-02-17 00:00:00+00:00,2161306,Minh Khai - Bắc Từ Liêm,21.05,105.74,73.20281818181817,16.323922898601253,46.07,106.78,20,570.3599999999999,159.77826214047883,0.0,0.0,4.1422727272727276,2.152605237472713,8.220772727272728,4.476979367893945,10,0,1,48,2,2026,0,winter,test
2026-02-18 00:00:00+00:00,2161306,Minh Khai - Bắc Từ Liêm,21.05,105.74,46.031470588235294,7.3482050575822475,34.54,58.48,17,451.90588235294115,107.96337614318703,0.0,0.0,1.4608823529411765,0.9155849630590446,3.5755882352941177,2.6396394654105593,13,0,2,49,2,2026,0,winter,test
2026-02-19 00:00:00+00:00,2161306,Minh Khai - Bắc Từ Liêm,21.05,105.74,44.30166666666667,12.378944489198853,18.13,60.23,24,565.025,158.67342795544067,0.0,0.0,2.095,1.041128150655315,5.232291666666667,4.645600064007894,1,0,3,50,2,2026,0,winter,test
2026-02-20 00:00:00+00:00,2161306,Minh Khai - Bắc Từ Liêm,21.05,105.74,44.08461538461538,24.633566237757286,13.4,82.53,18,554.1435897435897,202.7626994464421,0.0,0.0,2.734786324786325,1.543144581860679,3.5757264957264954,3.8271919023543526,12,0,4,51,2,2026,0,winter,test
2026-02-21 00:00:00+00:00,2161306,Minh Khai - Bắc Từ Liêm,21.05,105.74,47.92291666666667,13.068589451567576,28.74,76.66,24,409.825,193.77318262429358,0.0,0.0,5.661458333333333,3.4509663042358167,5.103541666666667,6.011633374073586,1,0,5,52,2,2026,1,winter,test
2026-02-22 00:00:00+00:00,2161306,Minh Khai - Bắc Từ Liêm,21.05,105.74,52.4517094017094,13.077257194442176,21.14,70.95,18,479.5282051282051,519.5339146571106,0.0,0.0,1.661025641025641,0.7331767914007233,4.035641025641025,3.0073144269684007,12,0,6,53,2,2026,1,winter,test
2026-02-23 00:00:00+00:00,2161306,Minh Khai - Bắc Từ Liêm,21.05,105.74,43.81791666666667,9.787927892436493,25.48,68.05,24,615.9499999999999,330.5310312341273,0.0,0.0,2.81625,1.1226397947229787,6.828749999999999,5.807894411919005,3,0,0,54,2,2026,0,winter,test
2026-02-24 00:00:00+00:00,2161306,Minh Khai - Bắc Từ Liêm,21.05,105.74,46.39588235294118,7.538980772785994,36.56,59.4,17,975.7058823529412,718.2836804412553,0.0,0.0,1.481764705882353,0.928215114248485,1.6861764705882352,1.9363399414094309,13,0,1,55,2,2026,0,winter,test
2026-02-25 00:00:00+00:00,2161306,Minh Khai - Bắc Từ Liêm,21.05,105.74,64.06701086956522,10.772094839708382,40.5,83.6,23,921.7108695652173,635.078123497152,0.0,0.0,1.773532608695652,1.059673892011626,2.942445652173913,2.4317098326034374,7,0,2,56,2,2026,0,winter,test
2026-02-26 00:00:00+00:00,2161306,Minh Khai - Bắc Từ Liêm,21.05,105.74,73.64999999999999,18.509202228884917,49.61,130.92,24,1103.375,616.0985870078289,0.0,0.0,0.9222916666666667,0.695899447956863,1.3210416666666667,1.2608063147866122,5,0,3,57,2,2026,0,winter,test
2026-02-27 00:00:00+00:00,2161306,Minh Khai - Bắc Từ Liêm,21.05,105.74,63.61278009630819,7.04890103144139,52.79,78.12,14,1399.2288924558586,533.2653556785402,0.0,0.0,4.405601926163724,3.1794166210977366,2.067534510433387,1.907031893132553,16,0,4,58,2,2026,0,winter,test
2026-02-28 00:00:00+00:00,2161306,Minh Khai - Bắc Từ Liêm,21.05,105.74,60.078736757624405,6.6572954185835345,49.85722222222222,73.78,0,1321.4939539860886,503.63950258528797,0.0,0.0,4.160846263599073,3.0027823643700846,1.9526714820759765,1.801085676847411,24,1,5,59,2,2026,1,winter,test
2026-03-01 00:00:00+00:00,2161306,Minh Khai - Bắc Từ Liêm,21.05,105.74,56.54469341894062,6.26568980572568,46.92444444444445,69.44,0,1243.7590155163189,474.01364949203577,0.0,0.0,3.9160906010344214,2.8261481076424326,1.8378084537185662,1.6951394605622694,24,1,6,60,3,2026,1,spring,test
2026-03-02 00:00:00+00:00,2161306,Minh Khai - Bắc Từ Liêm,21.05,105.74,53.01065008025682,5.874084192867825,43.99166666666667,65.10000000000001,0,1166.0240770465489,444.3877963987835,0.0,0.0,3.67133493846977,2.6495138509147806,1.7229454253611558,1.5891932442771275,24,1,0,61,3,2026,0,spring,test
2026-03-03 00:00:00+00:00,2161306,Minh Khai - Bắc Từ Liêm,21.05,105.74,49.476606741573036,5.48247858000997,41.05888888888889,60.760000000000005,0,1088.289138576779,414.7619433055313,0.0,0.0,3.426579275905119,2.4728795941871287,1.6080823970037454,1.4832470279919856,24,1,1,62,3,2026,0,spring,test
2026-03-04 00:00:00+00:00,2161306,Minh Khai - Bắc Từ Liêm,21.05,105.74,45.94256340288925,5.090872967152115,38.126111111111115,56.42,0,1010.5542001070089,385.13609021227904,0.0,0.0,3.181823613340468,2.2962453374594762,1.493219368646335,1.377300811706844,24,1,2,63,3,2026,0,spring,test
2026-03-05 00:00:00+00:00,2161306,Minh Khai - Bắc Từ Liêm,21.05,105.74,42.40852006420546,4.6992673542942605,35.193333333333335,52.080000000000005,0,932.819261637239,355.5102371190268,0.0,0.0,2.937067950775816,2.1196110807318247,1.3783563402889247,1.2713545954217018,24,1,3,64,3,2026,0,spring,test
2026-03-06 00:00:00+00:00,2161306,Minh Khai - Bắc Từ Liêm,21.05,105.74,38.874476725521674,4.307661741436405,32.260555555555555,47.74,0,855.0843231674692,325.8843840257746,0.0,0.0,2.6923122882111645,1.9429768240041725,1.2634933119315144,1.1654083791365601,24,1,4,65,3,2026,0,spring,test
2026-03-07 00:00:00+00:00,2161306,Minh Khai - Bắc Từ Liêm,21.05,105.74,35.34043338683788,,,,0,,,,,,,,,24,1,5,66,3,2026,1,spring,test
2026-03-08 00:00:00+00:00,2161306,Minh Khai - Bắc Từ Liêm,21.05,105.74,31.806390048154093,,,,0,,,,,,,,,24,1,6,67,3,2026,1,spring,test
2026-03-09 00:00:00+00:00,2161306,Minh Khai - Bắc Từ Liêm,21.05,105.74,28.272346709470305,,,,0,,,,,,,,,24,1,0,68,3,2026,0,spring,test
2026-03-10 00:00:00+00:00,2161306,Minh Khai - Bắc Từ Liêm,21.05,105.74,24.738303370786518,2.7412392900049847,20.529444444444444,30.380000000000003,0,544.1445692883894,207.38097165276565,0.0,0.0,1.7132896379525593,1.2364397970935643,0.8040411985018727,0.7416235139959928,24,1,1,69,3,2026,0,spring,test
2026-03-11 00:00:00+00:00,2161306,Minh Khai - Bắc Từ Liêm,21.05,105.74,21.204260032102727,2.3496336771471302,17.59666666666667,26.040000000000006,0,466.40963081861946,177.7551185595134,0.0,0.0,1.468533975387908,1.0598055403659123,0.6891781701444624,0.6356772977108509,24,1,2,70,3,2026,0,spring,test
2026-03-12 00:00:00+00:00,2161306,Minh Khai - Bắc Từ Liêm,21.05,105.74,17.670216693418936,1.958028064289275,14.663888888888891,21.700000000000003,0,388.6746923488496,148.1292654662612,0.0,0.0,1.2237783128232569,0.8831712836382604,0.574315141787052,0.5297310814257092,24,1,3,71,3,2026,0,spring,test
2026-03-13 00:00:00+00:00,2161306,Minh Khai - Bắc Từ Liêm,21.05,105.74,14.13617335473515,1.5664224514314204,11.731111111111112,17.36,0,310.9397538790797,118.50341237300893,0.0,0.0,0.9790226502586052,0.7065370269106084,0.45945211342964165,0.42378486514056735,24,1,4,72,3,2026,0,spring,test
2026-03-14 00:00:00+00:00,2161306,Minh Khai - Bắc Từ Liêm,21.05,105.74,10.602130016051362,1.1748168385735651,8.79833333333334,13.019999999999996,0,233.20481540930973,88.87755927975672,0.0,0.0,0.734266987693954,0.5299027701829564,0.3445890850722313,0.31783864885542545,24,1,5,73,3,2026,1,spring,test
2026-03-15 00:00:00+00:00,2161306,Minh Khai - Bắc Từ Liêm,21.05,105.74,7.068086677367575,0.7832112257157107,5.865555555555559,8.680000000000007,0,155.46987693953974,59.251706186504464,0.0,0.0,0.48951132512930284,0.3532685134553044,0.22972605671482094,0.21189243257028356,24,1,6,74,3,2026,1,spring,test
2026-03-16 00:00:00+00:00,2161306,Minh Khai - Bắc Từ Liêm,21.05,105.74,3.5340433386837873,0.39160561285785533,2.9327777777777797,4.340000000000003,0,77.73493846976999,29.62585309325226,0.0,0.0,0.24475566256465164,0.17663425672765243,0.11486302835741058,0.10594621628514189,24,1,0,75,3,2026,0,spring,test
2026-03-17 00:00:00+00:00,2161306,Minh Khai - Bắc Từ Liêm,21.05,105.74,0.0,0.0,0.0,0.0,4,0.0,0.0,0.0,0.0,0.0,0.0,0.0,0.0,20,0,1,76,3,2026,0,spring,test
2026-03-18 00:00:00+00:00,2161306,Minh Khai - Bắc Từ Liêm,21.05,105.74,38.23652173913044,24.578454461487503,0.0,66.98,23,463.70217391304345,402.583834713134,0.0,0.0,5.51608695652174,5.218947768494783,9.284293478260869,12.440702910034906,7,0,2,77,3,2026,0,spring,test
2026-03-19 00:00:00+00:00,2161306,Minh Khai - Bắc Từ Liêm,21.05,105.74,40.14791666666667,7.814145801138427,23.37,54.13,24,897.25,428.54664339511226,0.0,0.0,5.037083333333333,2.5746335816403363,2.3895833333333334,2.947706373151647,4,0,3,78,3,2026,0,spring,test
2026-03-20 00:00:00+00:00,2161306,Minh Khai - Bắc Từ Liêm,21.05,105.74,36.512499999999996,7.9299649925210085,20.98,55.81,24,979.6999999999999,467.2629000243123,0.0,0.0,5.0408333333333335,1.946518668684231,0.6354166666666666,0.7873200507537201,4,0,4,79,3,2026,0,spring,test
2026-03-21 00:00:00+00:00,2161306,Minh Khai - Bắc Từ Liêm,21.05,105.74,19.60851851851852,1.7656480291844572,16.46,22.14333333333333,9,1554.1555555555556,199.81372158421289,0.0,0.0,2.8685185185185187,0.42305108701222166,0.032962962962962965,0.03448026810929534,21,0,5,80,3,2026,1,spring,test
2026-03-22 00:00:00+00:00,2161306,Minh Khai - Bắc Từ Liêm,21.05,105.74,64.825,30.963625344013654,40.18,130.97,10,570.36,222.5510638033438,0.0,0.0,2.941,0.6065100530448314,0.061,0.11189777080492312,14,0,6,81,3,2026,1,spring,test
2026-03-23 00:00:00+00:00,2161306,Minh Khai - Bắc Từ Liêm,21.05,105.74,45.53583333333333,44.173069005473444,10.02,220.16,24,1202.8,705.4337320475672,0.0,0.0,3.5529166666666665,1.6839868230134154,0.009583333333333334,0.015932862506795677,6,0,0,82,3,2026,0,spring,test
2026-03-24 00:00:00+00:00,2161306,Minh Khai - Bắc Từ Liêm,21.05,105.74,35.83833333333333,33.64184760302156,3.72,107.44,24,817.225,545.3515039184241,0.0,0.0,4.4695833333333335,3.0324842437192974,1.4702083333333331,2.1660672282546636,3,0,1,83,3,2026,0,spring,test
2026-03-25 00:00:00+00:00,2161306,Minh Khai - Bắc Từ Liêm,21.05,105.74,12.718346666666665,5.64456114801559,10.17862857142857,31.49,15,1068.3968,230.92919616045583,0.0,0.0,3.817333333333333,1.8605601892137418,1.03208,0.8449890701382246,15,0,2,84,3,2026,0,spring,test
2026-03-26 00:00:00+00:00,2161306,Minh Khai - Bắc Từ Liêm,21.05,105.74,10.90144,4.838195269727649,8.724538775510203,26.99142857142857,0,1021.0829714285715,355.4725378105466,0.0,0.0,3.8818412698412694,1.8752896617426633,1.6771796825396827,1.3838443777006915,24,1,3,85,3,2026,0,spring,test
2026-03-27 00:00:00+00:00,2161306,Minh Khai - Bắc Từ Liêm,21.05,105.74,9.084533333333333,4.031829391439707,7.270448979591835,22.49285714285714,0,973.7691428571428,480.0158794606374,0.0,0.0,3.9463492063492063,1.8900191342715849,2.322279365079365,1.9226996852631582,24,1,4,86,3,2026,0,spring,test
2026-03-28 00:00:00+00:00,2161306,Minh Khai - Bắc Từ Liêm,21.05,105.74,7.267626666666666,3.225463513151766,5.816359183673469,17.994285714285713,0,926.4553142857143,604.5592211107282,0.0,0.0,4.010857142857143,1.9047486068005064,2.9673790476190476,2.461554992825625,24,1,5,87,3,2026,1,spring,test
2026-03-29 00:00:00+00:00,2161306,Minh Khai - Bắc Từ Liêm,21.05,105.74,5.45072,2.4190976348638245,4.362269387755101,13.495714285714286,0,879.1414857142856,729.102562760819,0.0,0.0,4.0753650793650795,1.9194780793294277,3.6124787301587302,3.0004103003880918,24,1,6,88,3,2026,1,spring,test
2026-03-30 00:00:00+00:00,2161306,Minh Khai - Bắc Từ Liêm,21.05,105.74,3.633813333333333,1.612731756575883,2.908179591836734,8.997142857142855,0,831.8276571428571,853.6459044109098,0.0,0.0,4.139873015873016,1.9342075518583492,4.257578412698413,3.5392656079505587,24,1,0,89,3,2026,0,spring,test
2026-03-31 00:00:00+00:00,2161306,Minh Khai - Bắc Từ Liêm,21.05,105.74,1.8169066666666662,0.8063658782879415,1.4540897959183674,4.498571428571427,0,784.5138285714286,978.1892460610005,0.0,0.0,4.204380952380952,1.9489370243872708,4.902678095238095,4.078120915513026,24,1,1,90,3,2026,0,spring,test
2026-04-01 00:00:00+00:00,2161306,Minh Khai - Bắc Từ Liêm,21.05,105.74,0.0,0.0,0.0,0.0,9,737.1999999999999,1102.7325877110914,0.0,0.0,4.268888888888889,1.9636664969161923,5.547777777777778,4.6169762230754925,15,0,2,91,4,2026,0,spring,test
2026-04-02 00:00:00+00:00,2161306,Minh Khai - Bắc Từ Liêm,21.05,105.74,5.9282812499999995,8.455208995696525,0.0,23.713125,14,390.2517857142857,401.71022270464084,0.0,0.0,2.4827901785714284,2.9767849956321393,5.130111607142857,5.69629045511424,16,0,3,92,4,2026,0,spring,test
2026-04-03 00:00:00+00:00,2161306,Minh Khai - Bắc Từ Liêm,21.05,105.74,90.83555555555556,18.0448511431316,71.39,126.47,9,258.6666666666667,208.04182271841398,0.0,0.0,4.703333333333333,1.9327376956017597,10.88,3.7348929034177143,15,0,4,93,4,2026,0,spring,test
2026-04-04 00:00:00+00:00,2161306,Minh Khai - Bắc Từ Liêm,21.05,105.74,64.5446462264151,25.456895296068367,25.84,113.37,16,817.545283018868,484.7760436999644,0.0,0.0,12.724740566037736,5.896325952317063,17.472653301886794,6.076617175295245,14,0,5,94,4,2026,1,spring,test
2026-04-05 00:00:00+00:00,2161306,Minh Khai - Bắc Từ Liêm,21.05,105.74,98.62382311320755,27.410423758217714,68.47,160.765,0,757.972641509434,675.3167457757573,0.0,0.0,8.336870283018868,4.315033794243888,17.0908266509434,5.0975444896268005,24,1,6,95,4,2026,1,spring,test
2026-04-06 00:00:00+00:00,2161306,Minh Khai - Bắc Từ Liêm,21.05,105.74,132.703,29.36395222036706,111.1,208.16,10,698.4,865.8574478515503,0.0,0.0,3.9490000000000003,2.733741636170714,16.709,4.118471803958356,14,0,0,96,4,2026,0,spring,test
2026-04-07 00:00:00+00:00,2161306,Minh Khai - Bắc Từ Liêm,21.05,105.74,77.16173913043478,17.091963197036595,71.68,139.79,23,586.4282608695652,490.56739918414115,0.0,0.0,19.00836956521739,14.937221290832657,19.176521739130436,7.702720657897236,7,0,1,97,4,2026,0,spring,test
2026-04-08 00:00:00+00:00,2161306,Minh Khai - Bắc Từ Liêm,21.05,105.74,97.74611477907568,34.36245490250918,18.77,121.2,11,877.85,615.5282825416682,0.0,0.0,13.96375,10.028285827120943,12.778333333333334,6.532592578532771,19,0,2,98,4,2026,0,spring,test
2026-04-09 00:00:00+00:00,2161306,Minh Khai - Bắc Từ Liêm,21.05,105.74,91.67174917571566,30.53209807893351,22.555714285714284,113.28428571428572,0,1188.871794871795,857.1988747789984,0.0,0.0,3.430811965811966,0.8385047716954801,12.341709401709402,5.717521342306071,24,1,3,99,4,2026,0,spring,test
2026-04-10 00:00:00+00:00,2161306,Minh Khai - Bắc Từ Liêm,21.05,105.74,85.59738357235564,26.701741255357845,26.341428571428573,105.36857142857143,0,1703.9666666666667,154.05908769040542,0.0,0.0,3.0260000000000002,0.9247763092890205,5.805888888888888,4.042159561010261,24,1,4,100,4,2026,0,spring,test
2026-04-11 00:00:00+00:00,2161306,Minh Khai - Bắc Từ Liêm,21.05,105.74,79.52301796899562,22.871384431782175,30.127142857142857,97.45285714285714,0,980.0233333333333,306.2452850149574,0.0,0.0,5.718500000000001,2.4238352536564167,6.468444444444444,5.4649337666343,24,1,5,101,4,2026,1,spring,test
2026-04-12 00:00:00+00:00,2161306,Minh Khai - Bắc Từ Liêm,21.05,105.74,73.4486523656356,19.04102760820651,33.91285714285714,89.53714285714287,0,256.08000000000004,458.43148233950944,0.0,0.0,8.411,3.9228941980238132,7.131,6.88770797225834,24,1,6,102,4,2026,1,spring,test
2026-04-13 00:00:00+00:00,2161306,Minh Khai - Bắc Từ Liêm,21.05,105.74,67.37428676227559,15.210670784630842,37.69857142857143,81.62142857142857,0,906.9499999999999,497.04589925150077,0.0,0.0,9.827083333333333,4.9720814784935365,9.180833333333334,7.496213405742305,24,1,0,103,4,2026,0,spring,test
2026-04-14 00:00:00+00:00,2161306,Minh Khai - Bắc Từ Liêm,21.05,105.74,61.299921158915566,11.380313961055172,41.48428571428572,73.7057142857143,0,1315.8260869565217,826.3839462146302,0.0,0.0,10.519782608695653,4.204255819529472,11.767119565217392,9.311792258301239,24,1,1,104,4,2026,0,spring,test
2026-04-15 00:00:00+00:00,2161306,Minh Khai - Bắc Từ Liêm,21.05,105.74,55.22555555555555,7.549957137479507,45.27,65.79,9,1150.0717948717947,589.1012966457562,0.0,0.0,4.999444444444444,1.4309374640926105,2.6770512820512824,3.081559417024823,15,0,2,105,4,2026,0,spring,test
2026-04-16 00:00:00+00:00,2161306,Minh Khai - Bắc Từ Liêm,21.05,105.74,48.235625,21.14048271385968,18.78,105.53,24,1360.425,659.9797659941851,,,5.356458333333333,3.976642227912441,6.358750000000001,2.956866537776472,5,0,3,106,4,2026,0,spring,test
2026-04-17 00:00:00+00:00,2161306,Minh Khai - Bắc Từ Liêm,21.05,105.74,31.385,12.233975499474367,8.62,56.61,24,805.1,379.92830170281155,,,15.85125,6.250541063536541,2.1683333333333334,0.7095624289516111,4,0,4,107,4,2026,0,spring,test
2026-04-18 00:00:00+00:00,2161306,Minh Khai - Bắc Từ Liêm,21.05,105.74,19.044086021505375,3.5538121634266315,12.33,23.1,15,1463.636129032258,520.8587188076349,,,6.06752688172043,2.619989953496837,1.8762795698924732,1.3341531520296726,15,0,5,108,4,2026,1,spring,test
2026-04-19 00:00:00+00:00,2161306,Minh Khai - Bắc Từ Liêm,21.05,105.74,29.081111111111113,12.0517607058517,10.98,43.96,9,620.8,439.4003641327577,,,1.3755555555555556,0.6173149745290305,3.287777777777778,1.0906623879296673,15,0,6,109,4,2026,1,spring,test
2026-04-20 00:00:00+00:00,2161306,Minh Khai - Bắc Từ Liêm,21.05,105.74,31.506193181818183,14.435446656861044,21.69375,60.11,11,1130.05,655.6598557444114,,,3.49,2.142647691627063,4.1762500000000005,1.9210396019275378,19,0,0,110,4,2026,0,spring,test
2026-04-21 00:00:00+00:00,2161306,Minh Khai - Bắc Từ Liêm,21.05,105.74,32.6700965909091,13.838871145920526,16.116875,57.315,0,1406.5,752.259859357124,,,5.62,4.478597800748529,5.907916666666666,3.49049813209303,24,1,1,111,4,2026,0,spring,test
2026-04-22 00:00:00+00:00,2161306,Minh Khai - Bắc Từ Liêm,21.05,105.74,33.834,13.242295634980009,10.54,54.52,20,1202.8,681.552147738496,,,8.292083333333332,5.435207591065039,5.974166666666666,5.761260366837516,8,0,2,112,4,2026,0,spring,test
2026-04-23 00:00:00+00:00,2161306,Minh Khai - Bắc Từ Liêm,21.05,105.74,10.528333333333334,12.790883273939148,0.0,43.39,24,1122.7749999999999,1136.566808323474,,,4.508541666666667,4.003658307849771,0.9083333333333333,0.9939290354629108,3,0,3,113,4,2026,0,spring,test
2026-04-24 00:00:00+00:00,2161306,Minh Khai - Bắc Từ Liêm,21.05,105.74,0.18174418604651166,0.15673939059699651,0.0,0.41541528239202663,8,413.4906976744186,167.13990526280384,,,0.9323546511627907,0.04999519987775483,0.9137500000000001,0.3570889244992065,22,0,4,114,4,2026,0,spring,test
2026-04-25 00:00:00+00:00,2161306,Minh Khai - Bắc Từ Liêm,21.05,105.74,2.038932170542636,0.5271551631052076,1.2266666666666668,2.9299640088593573,0,434.3231395348837,176.99362020021056,,,1.0143250968992248,0.181912377121346,0.9137500000000001,0.3570889244992065,24,1,5,115,4,2026,1,spring,test
2026-04-26 00:00:00+00:00,2161306,Minh Khai - Bắc Từ Liêm,21.05,105.74,3.89612015503876,0.8975709356134187,2.4533333333333336,5.444512735326688,0,455.1555813953488,186.8473351376173,,,1.0962955426356589,0.3138295543649372,0.9137500000000001,0.3570889244992065,24,1,6,116,4,2026,1,spring,test
2026-04-27 00:00:00+00:00,2161306,Minh Khai - Bắc Từ Liêm,21.05,105.74,5.753308139534884,1.2679867081216298,3.68,7.959061461794019,0,475.9880232558139,196.70105007502403,,,1.178265988372093,0.4457467316085284,0.9137500000000001,0.3570889244992065,24,1,0,117,4,2026,0,spring,test
2026-04-28 00:00:00+00:00,2161306,Minh Khai - Bắc Từ Liêm,21.05,105.74,7.610496124031008,1.638402480629841,4.906666666666667,10.47361018826135,0,496.820465116279,206.55476501243078,,,1.2602364341085273,0.5776639088521195,0.9137500000000001,0.3570889244992065,24,1,1,118,4,2026,0,spring,test
2026-04-29 00:00:00+00:00,2161306,Minh Khai - Bắc Từ Liêm,21.05,105.74,9.467684108527132,2.008818253138052,6.133333333333334,12.988158914728682,0,517.6529069767441,216.4084799498375,,,1.3422068798449613,0.7095810860957107,0.9137500000000001,0.3570889244992065,24,1,2,119,4,2026,0,spring,test
2026-04-30 00:00:00+00:00,2161306,Minh Khai - Bắc Từ Liêm,21.05,105.74,11.324872093023256,2.379234025646263,7.36,15.502707641196013,0,538.4853488372092,226.26219488724425,,,1.4241773255813954,0.8414982633393019,0.9137500000000001,0.3570889244992065,24,1,3,120,4,2026,0,spring,test
2026-05-01 00:00:00+00:00,2161306,Minh Khai - Bắc Từ Liêm,21.05,105.74,13.182060077519381,2.7496497981544743,8.586666666666668,18.017256367663343,0,559.3177906976744,236.115909824651,,,1.5061477713178295,0.9734154405828931,0.9137500000000001,0.3570889244992065,24,1,4,121,5,2026,0,spring,test
2026-05-02 00:00:00+00:00,2161306,Minh Khai - Bắc Từ Liêm,21.05,105.74,15.039248062015504,3.1200655706626854,9.813333333333334,20.53180509413067,0,580.1502325581396,245.96962476205772,,,1.5881182170542636,1.1053326178264842,,,24,1,5,122,5,2026,1,spring,test
2026-05-03 00:00:00+00:00,2161306,Minh Khai - Bắc Từ Liêm,21.05,105.74,16.896436046511628,3.4904813431708965,11.040000000000001,23.046353820598004,0,600.9826744186047,255.82333969946444,,,1.6700886627906977,1.2372497950700754,,,24,1,6,123,5,2026,1,spring,test
2026-05-04 00:00:00+00:00,2161306,Minh Khai - Bắc Từ Liêm,21.05,105.74,18.753624031007753,3.8608971156791076,12.266666666666667,25.560902547065336,0,621.8151162790698,265.67705463687116,,,1.7520591085271318,1.3691669723136666,,,24,1,0,124,5,2026,0,spring,test
2026-05-05 00:00:00+00:00,2161306,Minh Khai - Bắc Từ Liêm,21.05,105.74,20.610812015503875,4.231312888187318,13.493333333333334,28.075451273532664,0,642.6475581395349,275.5307695742779,,,1.8340295542635658,1.5010841495572578,,,24,1,1,125,5,2026,0,spring,test
2026-05-06 00:00:00+00:00,2161306,Minh Khai - Bắc Từ Liêm,21.05,105.74,22.468,4.60172866069553,14.72,30.59,10,663.48,285.38448451168466,,,1.916,1.633001326800849,,,14,0,2,126,5,2026,0,spring,test
2026-05-07 00:00:00+00:00,2161306,Minh Khai - Bắc Từ Liêm,21.05,105.74,9.877094017094016,2.934335220320093,4.9,15.47,18,1154.548717948718,865.6021774020363,,,2.710299145299145,2.326744836506008,,,12,0,3,127,5,2026,0,spring,test
2026-05-08 00:00:00+00:00,2161306,Minh Khai - Bắc Từ Liêm,21.05,105.74,4.274076086956522,1.3598422377471828,2.37,6.69,23,428.27608695652174,421.55815593342766,,,6.492717391304348,4.278378244748627,,,7,0,4,128,5,2026,0,spring,test
2026-05-09 00:00:00+00:00,2161306,Minh Khai - Bắc Từ Liêm,21.05,105.74,2.866705069124424,1.3862535216185443,1.5896774193548386,5.04,14,422.1511520737327,254.13998213437847,,,10.062811059907833,4.006695741491421,,,16,0,5,129,5,2026,1,spring,test
2026-05-10 00:00:00+00:00,2161306,Minh Khai - Bắc Từ Liêm,21.05,105.74,6.546000000000001,2.708415691055484,0.88,9.96,10,1117.44,667.9913292850438,,,1.846,2.014476496650074,,,14,0,6,130,5,2026,1,spring,test
2026-05-11 00:00:00+00:00,2161306,Minh Khai - Bắc Từ Liêm,21.05,105.74,9.360833333333334,7.873046906906099,1.77,33.78,24,800.25,568.4952747308498,,,7.271666666666666,6.620070993470699,,,6,0,0,131,5,2026,0,spring,test
2026-05-12 00:00:00+00:00,2161306,Minh Khai - Bắc Từ Liêm,21.05,105.74,5.175,2.7448472335275285,1.42,10.86,24,1168.85,545.0934501908766,,,4.0945833333333335,4.313828962271799,,,6,0,1,132,5,2026,0,spring,test
2026-05-13 00:00:00+00:00,2161306,Minh Khai - Bắc Từ Liêm,21.05,105.74,7.09875,6.87914422919646,0.1,21.14,24,1314.35,859.4012452561526,,,3.95375,3.3299225901695886,,,4,0,2,133,5,2026,0,spring,test
2026-05-14 00:00:00+00:00,2161306,Minh Khai - Bắc Từ Liêm,21.05,105.74,19.679147727272728,12.451445139798004,1.12,33.92,22,976.7478260869566,736.7963113553689,,,5.621032608695652,5.478827191450256,,,14,0,3,134,5,2026,0,spring,test
2026-05-15 00:00:00+00:00,2161306,Minh Khai - Bắc Từ Liêm,21.05,105.74,9.31,12.451445139798004,9.31,9.31,1,116.4,736.7963113553689,,,0.44,5.478827191450256,,,0,0,4,135,5,2026,0,spring,test
2025-07-03 00:00:00+00:00,4946811,556 Nguyễn Văn Cừ,21.0491,105.8831,27.210613005050504,5.097745968434659,20.7175,34.215833333333336,8,1266.542039141414,809.007561843638,16.00522591991342,3.904954351200131,59.29860732323232,12.464320485960588,23.75191477272727,1.0990237546259674,0,0,3,184,7,2025,0,summer,train
2025-07-04 00:00:00+00:00,4946811,556 Nguyễn Văn Cừ,21.0491,105.8831,36.2029929503367,9.997144928174349,19.91111111111111,53.85333333333335,24,1413.4233475378787,547.8985930225131,38.44178076899952,22.02562131446144,53.93152098364598,15.626054752900256,24.389771043771045,1.0087406020822107,0,0,4,185,7,2025,0,summer,train
2025-07-05 00:00:00+00:00,4946811,556 Nguyễn Văn Cừ,21.0491,105.8831,35.4069892526455,13.2438389449197,5.754,58.77363636363636,24,1081.9906300354737,518.7324931141198,35.514761047979796,22.28803656470623,54.168916305916305,18.215682846488406,24.68160786435786,1.4881839242782253,0,0,5,186,7,2025,1,summer,train
2025-07-06 00:00:00+00:00,4946811,556 Nguyễn Văn Cừ,21.0491,105.8831,28.44689762205387,8.438162929069051,12.47777777777778,44.774,24,1349.4008122895623,617.4697455799311,30.533713489057238,14.936613539077385,56.334857112794616,18.365160329490095,24.618715277777778,1.1176601707487492,0,0,6,187,7,2025,1,summer,train
2025-07-07 00:00:00+00:00,4946811,556 Nguyễn Văn Cừ,21.0491,105.8831,37.870333213083214,10.750419134644059,15.905555555555557,54.78818181818181,24,1594.876158910534,768.8215746195128,39.97293846200096,24.649034324100395,58.30285016835017,18.071227221529277,24.951969847282346,1.445962953942456,0,0,0,188,7,2025,0,summer,train
2025-07-08 00:00:00+00:00,4946811,556 Nguyễn Văn Cừ,21.0491,105.8831,41.270737163299664,14.226884257153012,14.059166666666664,63.24545454545455,24,1492.2279966329968,730.9733252631451,42.53210293410293,19.783134185438463,54.693133943602696,20.021312054449325,25.625249053030302,2.5333882978642257,0,0,1,189,7,2025,0,summer,train
2025-07-09 00:00:00+00:00,4946811,556 Nguyễn Văn Cừ,21.0491,105.8831,39.96182281144781,17.2592521915215,9.629,71.08916666666669,24,1005.3661416245791,703.4147375331563,35.4517178030303,24.10586211637605,55.24725736531986,20.433730247440142,25.72953156565657,2.443858695597828,0,0,2,190,7,2025,0,summer,train
2025-07-10 00:00:00+00:00,4946811,556 Nguyễn Văn Cừ,21.0491,105.8831,21.88328556397306,17.8480993168534,4.1433333333333335,63.04583333333333,24,928.217911405724,678.5775949951632,30.01053808922559,16.844656043988596,52.841217036435786,17.904396447609443,24.249362373737373,1.0795532232932326,0,0,3,191,7,2025,0,summer,train
2025-07-11 00:00:00+00:00,4946811,556 Nguyễn Văn Cừ,21.0491,105.8831,23.536103535353533,11.971066707229918,6.26,53.70363636363636,24,947.2843781565657,417.1114907711526,28.341439393939396,10.597749707860798,55.47415277777778,15.355203258951494,23.869545454545456,0.7990735592673163,0,0,4,192,7,2025,0,summer,train
2025-07-12 00:00:00+00:00,4946811,556 Nguyễn Văn Cừ,21.0491,105.8831,21.88968572084481,9.21007636003767,9.800833333333332,41.32636363636363,22,868.3620244107743,359.84760505388965,29.591809343434345,11.445572218029065,56.54964983164984,17.02364140328024,23.958748106060607,0.796485246548904,8,0,5,193,7,2025,1,summer,train
2025-07-13 00:00:00+00:00,4946811,556 Nguyễn Văn Cừ,21.0491,105.8831,32.77066014309764,15.476160762279319,1.957,53.88090909090909,24,1025.6341114267677,318.0474863566804,33.931560185185184,13.28369831805073,60.62033186026937,16.09754776799557,24.427555555555557,1.285846197055042,0,0,6,194,7,2025,1,summer,train
2025-07-14 00:00:00+00:00,4946811,556 Nguyễn Văn Cừ,21.0491,105.8831,48.46098884680134,11.987955247541276,27.382727272727266,75.12444444444445,24,2153.712953493266,617.3231374044204,47.000086805555554,16.84194096346117,63.350703282828285,17.941386932560043,25.16417803030303,1.7596489133926705,0,0,0,195,7,2025,0,summer,train
2025-07-15 00:00:00+00:00,4946811,556 Nguyễn Văn Cừ,21.0491,105.8831,52.231854166666665,16.98561240213787,20.651818181818182,83.09818181818181,24,1682.9855508207072,1023.301127147189,48.08210833032708,28.76317690521905,63.34904587542087,18.770455546108117,24.95205303030303,1.3621508679577978,0,0,1,196,7,2025,0,summer,train
2025-07-16 00:00:00+00:00,4946811,556 Nguyễn Văn Cừ,21.0491,105.8831,31.261523899711403,7.168363322377934,13.214,41.49285714285714,24,1464.83775094697,839.7062084344327,36.54918222402598,19.378830139555607,58.33363576238576,19.583493022654984,25.165592968374217,1.5814091806675383,0,0,2,197,7,2025,0,summer,train
2025-07-17 00:00:00+00:00,4946811,556 Nguyễn Văn Cừ,21.0491,105.8831,34.886243250962,12.352853389162687,11.001,53.083333333333336,24,1238.9803739027177,623.7134135820833,39.589951554232805,19.11738051037513,54.85642161195286,21.035607369474114,25.657751112313615,1.9898114813470114,0,0,3,198,7,2025,0,summer,train
2025-07-18 00:00:00+00:00,4946811,556 Nguyễn Văn Cừ,21.0491,105.8831,46.47803998316498,17.09714224065192,13.841111111111111,73.05333333333334,24,1228.6568034511786,519.2052605168002,37.19939276695526,13.049789542644243,61.63105208333334,21.958776749068694,27.63551125841751,4.807028556931476,0,0,4,199,7,2025,0,summer,train
2025-07-19 00:00:00+00:00,4946811,556 Nguyễn Văn Cừ,21.0491,105.8831,65.24894297138047,16.868621887613337,40.615,96.42090909090908,24,1042.2460085227274,232.271688401733,38.01491445707071,13.890148628455666,74.58009038299663,27.656170211707284,26.522621542809045,3.6578264527851707,6,0,5,200,7,2025,1,summer,train
2025-07-20 00:00:00+00:00,4946811,556 Nguyễn Văn Cừ,21.0491,105.8831,65.03506944444445,16.87694882937401,40.3125,96.53166666666664,24,1032.0902777777776,235.03696190006028,37.89195580808081,13.430534617406227,73.52172853535353,29.26390725263523,26.49361111111111,3.5716958187910097,6,0,6,201,7,2025,1,summer,train
2025-07-21 00:00:00+00:00,4946811,556 Nguyễn Văn Cừ,21.0491,105.8831,65.04676452020202,16.89115657925041,40.3125,96.53166666666664,24,1032.9830018939394,236.3647260051809,37.92327525252525,13.463142166762669,73.36465151515152,29.17475202981604,26.506511994949495,3.597722493005787,6,0,0,202,7,2025,0,summer,train
2025-07-22 00:00:00+00:00,4946811,556 Nguyễn Văn Cừ,21.0491,105.8831,23.034853745791242,31.39736184755687,1.95,96.53166666666668,24,674.1352551557239,420.9751365789397,16.704121106902356,15.016622972465287,58.93195448532949,19.587084412633978,25.392377525252524,3.276416930586768,0,0,1,203,7,2025,0,summer,train
2025-07-23 00:00:00+00:00,4946811,556 Nguyễn Văn Cừ,21.0491,105.8831,25.508394570707072,7.897129673186996,4.224545454545456,43.11888888888889,24,1423.499323442761,781.7781350077646,23.08767676767677,11.58235045698751,61.2563768939394,14.712069786305687,24.660807975589222,0.8024181207416624,0,0,2,204,7,2025,0,summer,train
2025-07-24 00:00:00+00:00,4946811,556 Nguyễn Văn Cừ,21.0491,105.8831,27.106147832491583,11.704671247815009,1.9725,39.70777777777778,24,1406.626596696128,492.21788139893584,27.789558396464646,11.435158976393522,58.69478609006734,17.717041157045173,26.642192655723903,3.2045524282628053,0,0,3,205,7,2025,0,summer,train
2025-07-25 00:00:00+00:00,4946811,556 Nguyễn Văn Cừ,21.0491,105.8831,39.00539015151515,17.133877595345208,17.575454545454544,73.383,24,1358.0890298821548,699.425421662118,33.530992213804716,14.597280253079738,55.755987133237134,16.390485810009963,26.546474957912455,3.507199307544409,0,0,4,206,7,2025,0,summer,train
2025-07-26 00:00:00+00:00,4946811,556 Nguyễn Văn Cừ,21.0491,105.8831,36.63318876262626,11.341356543490555,21.733,62.34636363636364,24,1194.0268181818183,514.4012431212041,39.47023211279461,14.547568131475728,56.10880124158249,15.417909414430538,25.263546927609426,1.8489240835570646,0,0,5,207,7,2025,1,summer,train
2025-07-27 00:00:00+00:00,4946811,556 Nguyễn Văn Cừ,21.0491,105.8831,33.9034132996633,7.065844678864432,18.74625,48.25666666666667,24,1006.5705360900674,287.073763353777,35.639425790644545,12.397766952082796,60.08584126984127,15.337156117326257,24.880252735690238,0.8028144946097536,0,0,6,208,7,2025,1,summer,train
2025-07-28 00:00:00+00:00,4946811,556 Nguyễn Văn Cừ,21.0491,105.8831,48.65492754930255,11.701663089075502,25.595555555555556,77.05545454545455,24,1193.8944929578522,530.6278879851681,42.81318695135883,14.344887094591016,63.919399004930256,16.479984930436533,25.257498211279458,1.4746408204864763,1,0,0,209,7,2025,0,summer,train
2025-07-29 00:00:00+00:00,4946811,556 Nguyễn Văn Cừ,21.0491,105.8831,52.84396201599327,15.998197670128866,26.889090909090907,88.46000000000001,24,1201.7460506102695,533.7320799308415,40.78391077441078,19.244829573137118,71.48232344276094,18.982782639966306,25.723782407407402,1.637167952859654,0,0,1,210,7,2025,0,summer,train
2025-07-30 00:00:00+00:00,4946811,556 Nguyễn Văn Cừ,21.0491,105.8831,38.441503682659935,18.154830301539334,9.6925,66.26818181818182,24,1297.123683186027,763.8396808972708,38.67982309704185,19.54625561533504,65.1758310636123,20.192147814755447,26.410922604016353,4.048680813358689,0,0,2,211,7,2025,0,summer,train
2025-07-31 00:00:00+00:00,4946811,556 Nguyễn Văn Cừ,21.0491,105.8831,28.1533134469697,17.158597964075526,2.4483333333333333,63.33444444444444,24,928.2413353024291,458.3216285575211,33.836540208633956,16.318727610756252,68.22349195827321,19.457229203706525,24.997110915704667,1.3227346144111,0,0,3,212,7,2025,0,summer,train
2025-08-01 00:00:00+00:00,4946811,556 Nguyễn Văn Cừ,21.0491,105.8831,27.969328403078404,15.55291175491525,2.5,53.53666666666666,24,1098.9936253156566,552.6959772788666,33.22982901936027,11.767959294393386,63.78837847222223,19.99685142340939,24.687177293771043,0.9377731644459848,0,0,4,213,8,2025,0,summer,train
2025-08-02 00:00:00+00:00,4946811,556 Nguyễn Văn Cừ,21.0491,105.8831,41.773865530303034,11.536576704828057,28.335,66.03699999999999,24,1215.8155513468014,501.89556215748667,45.35257786195286,23.281128598967236,73.64354172679172,33.7437214811534,25.709571548821547,1.8190518575729682,0,0,5,214,8,2025,1,summer,train
2025-08-03 00:00:00+00:00,4946811,556 Nguyễn Văn Cừ,21.0491,105.8831,23.061000962000964,14.59886014804966,2.391,52.59100000000001,24,1019.1510101761664,460.702452041394,31.905616221741223,14.69844434947459,52.19385987854738,22.784400163402488,26.079020186988938,1.9124417416573312,0,0,6,215,8,2025,1,summer,train
2025-08-04 00:00:00+00:00,4946811,556 Nguyễn Văn Cừ,21.0491,105.8831,22.604075862794613,12.914843247523217,4.4275,51.077777777777776,24,1280.2099258958633,844.4949207153866,31.04596868987494,13.0528162734183,44.25968958934584,14.747430116371493,25.65152643999519,2.265440425515675,0,0,0,216,8,2025,0,summer,train
2025-08-05 00:00:00+00:00,4946811,556 Nguyễn Văn Cừ,21.0491,105.8831,36.297562244468494,14.544027691588303,9.813,68.93100000000001,24,1100.8095022396585,580.3028220991956,37.74498148148148,19.915884539429477,61.094026785714284,21.668509788989812,25.299853475228474,2.635681606639925,0,0,1,217,8,2025,0,summer,train
2025-08-06 00:00:00+00:00,4946811,556 Nguyễn Văn Cừ,21.0491,105.8831,35.004512791606544,16.396003624977734,6.293,57.51111111111111,24,1862.4243545574798,1021.5025555736833,33.003112674362676,19.583065926329,68.53666780904281,18.74591194064925,25.61351706048581,2.71840915990166,2,0,2,218,8,2025,0,summer,train
2025-08-07 00:00:00+00:00,4946811,556 Nguyễn Văn Cừ,21.0491,105.8831,39.17119402356902,12.469899945523917,20.769166666666663,61.05,24,1715.9299621212122,1006.5152014684123,38.39337273027898,23.63015664671299,54.12761638708514,18.017734347520467,27.420995054713803,3.7483366922031944,0,0,3,219,8,2025,0,summer,train
2025-08-08 00:00:00+00:00,4946811,556 Nguyễn Văn Cừ,21.0491,105.8831,31.942482744107746,10.824866242958452,9.884545454545457,50.23555555555557,24,1098.8368865740742,636.7417758227517,36.93863994107744,12.013663645025934,51.372534166065414,20.285252113447036,25.28085343013468,1.9365864932075616,0,0,4,220,8,2025,0,summer,train
2025-08-09 00:00:00+00:00,4946811,556 Nguyễn Văn Cừ,21.0491,105.8831,28.696798054954304,10.199660948770282,3.9260000000000006,46.38181818181818,24,1061.4519171626982,453.8428955225201,38.92683032708033,18.615373956474603,53.86703125,20.8266742164807,25.357487073112072,2.1341991129174263,0,0,5,221,8,2025,1,summer,train
2025-08-10 00:00:00+00:00,4946811,556 Nguyễn Văn Cừ,21.0491,105.8831,32.01563427429053,16.03752916175325,9.87857142857143,63.14333333333335,24,1545.9700400583215,767.7494630220859,23.72528863035113,10.761683349539675,57.59649376202501,19.455551012156107,25.505011769480518,3.440833553973376,4,0,6,222,8,2025,1,summer,train
2025-08-11 00:00:00+00:00,4946811,556 Nguyễn Văn Cừ,21.0491,105.8831,30.258862539081292,11.263530869317261,4.991818181818181,53.31000000000001,24,1321.0290519781145,925.5181094251036,32.55329584535835,20.83044850245618,55.330676963083214,21.68835742590361,25.41560180675806,1.9296151697633008,0,0,0,223,8,2025,0,summer,train
2025-08-12 00:00:00+00:00,4946811,556 Nguyễn Văn Cừ,21.0491,105.8831,28.249921296296296,12.351083798194962,5.0200000000000005,50.20454545454545,24,1379.5442866161613,719.8890924904547,33.16797285353535,15.605324063874457,51.836200276575276,23.054181245681047,26.693204755892257,3.2717028685426515,0,0,1,224,8,2025,0,summer,train
2025-08-13 00:00:00+00:00,4946811,556 Nguyễn Văn Cừ,21.0491,105.8831,41.278483195045695,14.117692484190444,22.574545454545454,69.803,24,1598.6078042328043,704.0194584774531,41.3599993536556,18.039412951224534,59.730655318061565,20.06068059283139,25.87179852092352,3.396719147353043,0,0,2,225,8,2025,0,summer,train
2025-08-14 00:00:00+00:00,4946811,556 Nguyễn Văn Cừ,21.0491,105.8831,42.65330713383838,21.83230028635456,2.8433333333333333,79.13777777777779,24,1526.3632230790045,945.4067873432192,52.75017015392015,26.171963556893132,56.04073451779701,18.766046683974707,24.966367754930257,1.6372986842394224,0,0,3,226,8,2025,0,summer,train
2025-08-15 00:00:00+00:00,4946811,556 Nguyễn Văn Cừ,21.0491,105.8831,25.689766744829242,8.269457290084292,7.135,37.25777777777778,24,1616.0971766774892,863.7189223821402,38.639095132876385,13.535674971337215,54.97561127645503,16.69393720106468,27.53140727212602,4.555464552150487,0,0,4,227,8,2025,0,summer,train
2025-08-16 00:00:00+00:00,4946811,556 Nguyễn Văn Cừ,21.0491,105.8831,26.118610449735453,7.510664342352938,11.55,40.975,24,1384.833199404762,727.612481234948,29.772031580687834,13.35278322925051,53.49692807539682,17.180304607892033,25.677145171957672,1.8013104268425675,0,0,5,228,8,2025,1,summer,train
2025-08-17 00:00:00+00:00,4946811,556 Nguyễn Văn Cừ,21.0491,105.8831,28.74199900793651,12.85475248261205,12.35,57.912,24,1423.347455357143,1105.2327279157416,30.12447817460318,13.972218135268879,53.79167063492064,15.986932050747548,24.81338244047619,1.476470513786961,0,0,6,229,8,2025,1,summer,train
2025-08-18 00:00:00+00:00,4946811,556 Nguyễn Văn Cừ,21.0491,105.8831,21.320116603404646,8.478180567572194,7.998,38.3875,24,1068.562730654762,631.09853158098,25.308502810846562,7.571912868479218,53.58846263227513,15.328199656266364,24.122528935185183,0.8146495285784644,5,0,0,230,8,2025,0,summer,train
2025-08-19 00:00:00+00:00,4946811,556 Nguyễn Văn Cừ,21.0491,105.8831,15.377915266798418,0.9652078690377818,13.871136363636364,16.44,8,1362.447767857143,752.0049186026802,23.06540558862434,9.833053612776002,59.16501521164022,15.03227951607499,24.525676752645506,0.9637991912838528,22,0,1,231,8,2025,0,summer,train
2025-08-20 00:00:00+00:00,4946811,556 Nguyễn Văn Cừ,21.0491,105.8831,17.62062542087542,5.14723776964321,5.885,22.73,9,1003.6733391203703,553.1993869602193,25.000245400432902,11.349781781748758,60.732671626984136,15.629153134920525,24.856454755892255,1.0931740776940098,16,0,2,232,8,2025,0,summer,train
2025-08-21 00:00:00+00:00,4946811,556 Nguyễn Văn Cừ,21.0491,105.8831,26.688682975589227,7.821133426589784,13.602222222222222,39.44833333333333,24,1165.2631507786195,731.2994720718849,22.214462436868686,14.6596005463819,72.24138325216451,19.3256579132604,24.651930976430975,0.8748895015901947,0,0,3,233,8,2025,0,summer,train
2025-08-22 00:00:00+00:00,4946811,556 Nguyễn Văn Cừ,21.0491,105.8831,21.84783253667629,10.18619753396724,1.7533333333333332,44.448,24,920.2921666065416,407.4936396415978,6.193205357142857,3.925860377829707,65.52402917568543,13.880831330325012,24.987230594636845,1.3108080093842287,0,0,4,234,8,2025,0,summer,train
2025-08-23 00:00:00+00:00,4946811,556 Nguyễn Văn Cừ,21.0491,105.8831,37.81030208333333,19.136060449129555,4.99,75.11500000000001,24,1667.3078042328043,960.8152740062573,1.586074481074481,0.3439716978367301,57.47330985449736,20.034417932560444,25.713393683862435,1.9603963015179784,0,0,5,235,8,2025,1,summer,train
2025-08-24 00:00:00+00:00,4946811,556 Nguyễn Văn Cừ,21.0491,105.8831,31.884373511904766,17.12982878463235,14.08,65.38600000000001,24,837.6988872354497,348.7174149392017,1.9834615384615384,0.06231481440776768,55.397815806878306,17.750862470581875,24.666854332010583,1.0099622810554614,0,0,6,236,8,2025,1,summer,train
2025-08-25 00:00:00+00:00,4946811,556 Nguyễn Văn Cừ,21.0491,105.8831,13.695120776214525,7.217424568358388,6.856666666666667,30.1075,24,610.1046136213323,327.6124245903742,1.2283928571428573,0.06776454721311254,49.718486682299186,14.345149790837906,24.55925686928812,0.5231441186363404,0,0,0,237,8,2025,0,summer,train
2025-08-26 00:00:00+00:00,4946811,556 Nguyễn Văn Cừ,21.0491,105.8831,14.568582386363637,6.150475127242323,3.186363636363637,24.43888888888889,24,1299.9753403829966,698.4479975538204,1.2328991596638654,0.1486008020817915,59.40345717592593,14.58629122415926,25.02638005050505,0.7679412566393833,0,0,1,238,8,2025,0,summer,train
2025-08-27 00:00:00+00:00,4946811,556 Nguyễn Văn Cừ,21.0491,105.8831,29.50302441077441,11.578712460015145,12.785555555555556,54.72666666666667,24,2469.923700772607,1225.4768745642295,1.463235294117647,0.21253663216032972,61.247968193843185,14.873042791746457,25.76707850829726,0.9672724180803172,0,0,2,239,8,2025,0,summer,train
2025-08-28 00:00:00+00:00,4946811,556 Nguyễn Văn Cừ,21.0491,105.8831,41.15958635461761,12.838968503869397,13.378,60.754,24,1712.7926400913902,799.9982572593698,2.0483031674208143,0.2724990326116372,54.016402432058676,16.830788248081497,26.346360374579124,2.007066797208264,0,0,3,240,8,2025,0,summer,train
2025-08-29 00:00:00+00:00,4946811,556 Nguyễn Văn Cừ,21.0491,105.8831,32.09414246632997,16.476731368633033,11.177,57.8525,24,1033.761360254329,532.8408294446795,3.235333333333333,0.22533333333333339,57.04678336940837,15.24382858137569,25.292244137806637,1.3094514535006028,0,0,4,241,8,2025,0,summer,train
2025-08-30 00:00:00+00:00,4946811,556 Nguyễn Văn Cừ,21.0491,105.8831,16.361978354978355,6.1925927045171605,7.05,27.756,24,942.7668189333814,390.6060359337484,2.6900833333333334,1.7252999788312953,53.10448660714286,16.39585876064537,25.083886198292447,0.8696714516841706,0,0,5,242,8,2025,1,summer,train
2025-08-31 00:00:00+00:00,4946811,556 Nguyễn Văn Cừ,21.0491,105.8831,29.87481334175084,11.205907753000307,3.581666666666667,50.686,24,1226.4971580387205,533.0610277926775,1.6734444444444445,0.25021407827562425,56.91542165704666,17.02339247856851,25.59807375841751,1.0154213259062923,0,0,6,243,8,2025,1,summer,train
2025-09-01 00:00:00+00:00,4946811,556 Nguyễn Văn Cừ,21.0491,105.8831,32.51409059343435,9.31168609956493,15.894,44.76375,24,1788.678062394781,984.5586605445334,1.37025,0.03450905678224198,58.01842750420875,14.32720255181838,25.46217539983165,1.0212621740615495,0,0,0,244,9,2025,0,autumn,train
2025-09-02 00:00:00+00:00,4946811,556 Nguyễn Văn Cừ,21.0491,105.8831,30.129760311447814,8.487406996532634,12.548000000000002,45.723333333333336,24,1256.4743760521885,508.9756042478196,1.589090909090909,0.07266285025487586,59.238998301467056,16.28877417626768,25.3741875,0.9790628232065631,0,0,1,245,9,2025,0,autumn,train
2025-09-03 00:00:00+00:00,4946811,556 Nguyễn Văn Cừ,21.0491,105.8831,26.132732744107745,12.078342927343376,3.92,50.87400000000001,24,1295.8726646675084,750.887168992339,1.5392286706349205,0.28162966067656936,49.15149410774411,20.282681990798295,26.305268728956232,1.6168003534327222,2,0,2,246,9,2025,0,autumn,train
2025-09-04 00:00:00+00:00,4946811,556 Nguyễn Văn Cừ,21.0491,105.8831,26.37330260942761,14.693386274129978,3.1675,52.39818181818183,24,1297.4436491402116,758.6509358250929,18.51180860690236,22.771511289098246,46.81861877705628,20.01438280678021,26.841329966329965,2.1289216525055568,1,0,3,247,9,2025,0,autumn,train
2025-09-05 00:00:00+00:00,4946811,556 Nguyễn Văn Cừ,21.0491,105.8831,29.370126893939396,12.987391821617578,6.476666666666667,59.85090909090909,24,1347.1088846801347,799.8942247814953,36.99197474747475,19.556825937696267,46.0333890993266,20.29573768620764,28.022279671717172,2.8020999250060488,0,0,4,248,9,2025,0,autumn,train
2025-09-06 00:00:00+00:00,4946811,556 Nguyễn Văn Cừ,21.0491,105.8831,30.823496843434345,9.391846506964697,11.670000000000002,52.54909090909093,24,1182.1223842592592,597.883923713867,35.82857028619529,16.96487869088037,50.28997979797979,22.458447909609358,28.729193181818186,5.255207736960625,0,0,5,249,9,2025,1,autumn,validation
2025-09-07 00:00:00+00:00,4946811,556 Nguyễn Văn Cừ,21.0491,105.8831,48.70408712121212,19.138517126330104,9.321818181818182,82.02833333333332,24,1310.7192329545453,377.68634081290946,51.5825928030303,20.330486888852104,57.93803977272727,19.621716040428222,35.43832765151515,12.234662047963235,0,0,6,250,9,2025,1,autumn,validation
2025-09-08 00:00:00+00:00,4946811,556 Nguyễn Văn Cừ,21.0491,105.8831,58.55276199494949,22.648619601468162,23.733636363636364,104.92333333333336,24,1153.9874789562289,650.9051639879826,46.05967760942761,26.801666087968265,88.47304124579125,43.52387195938529,28.14586153198653,3.7511628241196964,0,0,0,251,9,2025,0,autumn,validation
2025-09-09 00:00:00+00:00,4946811,556 Nguyễn Văn Cừ,21.0491,105.8831,36.818786300505046,11.093002108933675,16.64090909090909,60.85699999999999,24,1838.353159722222,1170.4930851634358,37.485640782828284,9.421485025812938,53.65418992003367,19.691532570743576,28.316103535353534,3.95776189841602,0,0,1,252,9,2025,0,autumn,validation
2025-09-10 00:00:00+00:00,4946811,556 Nguyễn Văn Cừ,21.0491,105.8831,36.146074494949495,9.347602734733576,18.382727272727276,49.647272727272735,24,1349.224436026936,763.3623887089974,39.2375049452862,23.02555061811438,58.03363457491582,18.37035819753203,27.513203703703706,3.286330424558615,0,0,2,253,9,2025,0,autumn,validation
2025-09-11 00:00:00+00:00,4946811,556 Nguyễn Văn Cừ,21.0491,105.8831,27.75785711279461,10.97476761853327,4.806363636363637,50.99666666666666,24,1563.3867829335015,850.1853905510261,24.059601536195288,8.287986806574008,56.629605744949494,17.489966976739563,27.74361752946128,2.6092114441314873,0,0,3,254,9,2025,0,autumn,validation
2025-09-12 00:00:00+00:00,4946811,556 Nguyễn Văn Cừ,21.0491,105.8831,21.63092544492545,8.036131916949204,8.622,39.20750000000001,24,1157.2664458573834,813.1025152005961,22.40087638287638,12.221924405335505,58.45098376623377,18.375639858839435,26.916653243746993,1.9738244130994118,0,0,4,255,9,2025,0,autumn,validation
2025-09-13 00:00:00+00:00,4946811,556 Nguyễn Văn Cừ,21.0491,105.8831,25.670696969696973,9.467223109255809,7.699090909090909,39.448181818181816,24,1381.360817550505,606.5000438802534,31.8503648989899,14.467852680345468,52.303876788720544,19.972428525998478,27.05087626262626,2.4756696992992606,0,0,5,256,9,2025,1,autumn,validation
2025-09-14 00:00:00+00:00,4946811,556 Nguyễn Văn Cừ,21.0491,105.8831,32.10318213383838,7.2409024780440205,14.93,46.20333333333334,24,1300.7348184974746,549.3887633947536,35.944683186026936,15.561145582660542,53.87903472222222,19.66243445616297,27.9381743476431,3.7722452563690325,0,0,6,257,9,2025,1,autumn,validation
2025-09-15 00:00:00+00:00,4946811,556 Nguyễn Văn Cừ,21.0491,105.8831,29.964055134680134,8.94410253564653,13.64,46.109,24,1419.562904040404,690.259664530323,31.27899978956229,12.368756696073007,53.238735058922565,18.912587401367183,27.9413648989899,2.919917089466195,0,0,0,258,9,2025,0,autumn,validation
2025-09-16 00:00:00+00:00,4946811,556 Nguyễn Văn Cừ,21.0491,105.8831,33.245933922558926,10.805760390787512,10.083636363636364,58.682,24,1079.785238320707,532.3855146740673,39.72349579124579,16.329103644521968,56.69815867003367,22.936383728942356,30.925984953703704,7.9741005855228835,0,0,1,259,9,2025,0,autumn,validation
2025-09-17 00:00:00+00:00,4946811,556 Nguyễn Văn Cừ,21.0491,105.8831,38.52543402777778,15.929175553623185,16.794545454545457,73.19727272727273,24,1431.616366266835,786.5299625626759,30.85978472222222,12.973304897735217,52.603136047979795,15.935410079980244,26.864935921717173,1.808865735337565,0,0,2,260,9,2025,0,autumn,validation
2025-09-18 00:00:00+00:00,4946811,556 Nguyễn Văn Cừ,21.0491,105.8831,40.63657993626744,18.388023606822898,4.661111111111111,76.17,24,1182.1109218674844,550.4960467278868,36.05331165824916,13.07898908536374,53.8167641444204,18.833196870050323,27.235868611712363,2.422763578122193,0,0,3,261,9,2025,0,autumn,validation
2025-09-19 00:00:00+00:00,4946811,556 Nguyễn Văn Cừ,21.0491,105.8831,37.448188492063494,12.72463702972888,6.142,56.176,24,1538.2203100949976,632.4549230604631,36.483692565536316,17.347327560717567,54.07657804232804,19.33686023807247,27.58953186628187,1.8816101353073806,0,0,4,262,9,2025,0,autumn,validation
2025-09-20 00:00:00+00:00,4946811,556 Nguyễn Văn Cừ,21.0491,105.8831,53.525323743386245,18.761851258617057,20.812222222222218,93.43666666666668,24,1340.6369532377346,535.3893535668503,54.54932775673401,20.097415075390014,70.16401082251083,23.741071368135678,27.405708694083696,2.358121986303724,0,0,5,263,9,2025,1,autumn,validation
2025-09-21 00:00:00+00:00,4946811,556 Nguyễn Văn Cừ,21.0491,105.8831,42.971000000000004,11.039523618932009,10.343333333333334,58.325,24,1371.0674520502646,619.2961386125817,45.73949520502646,13.889247316810136,69.69969775132274,25.422106291590936,27.767185185185184,3.375422020904713,5,0,6,264,9,2025,1,autumn,validation
2025-09-22 00:00:00+00:00,4946811,556 Nguyễn Văn Cừ,21.0491,105.8831,36.52027777777778,9.754231127716558,15.7375,50.678,24,1543.1408085317462,859.6735067526486,42.16480009920635,14.311351368603678,56.21890261243386,18.332248158312794,29.31371097883598,4.277648314931615,1,0,0,265,9,2025,0,autumn,validation
2025-09-23 00:00:00+00:00,4946811,556 Nguyễn Văn Cừ,21.0491,105.8831,38.253819444444446,14.975343813681304,9.82,61.32,24,1057.063318452381,447.0202331302436,34.78946626984127,11.711939443891174,62.27920188492064,28.06995846490077,27.996485615079365,2.0992110857068607,1,0,1,266,9,2025,0,autumn,validation
2025-09-24 00:00:00+00:00,4946811,556 Nguyễn Văn Cừ,21.0491,105.8831,34.817326388888894,14.560263779406693,1.06,55.46,24,871.8112921626985,387.1417780042699,32.476653273809525,9.613776953225015,47.81142410714286,15.317063497548176,28.17143253968254,1.8493485216078935,6,0,2,267,9,2025,0,autumn,validation
2025-09-25 00:00:00+00:00,4946811,556 Nguyễn Văn Cừ,21.0491,105.8831,25.379125000000002,9.443872657886788,12.305,50.33,24,990.9094667658732,631.2669662845752,23.493527777777775,7.725530392548006,51.470044146825394,16.683169050063178,26.039008432539685,1.0008641454107319,8,0,3,268,9,2025,0,autumn,validation
2025-09-26 00:00:00+00:00,4946811,556 Nguyễn Văn Cừ,21.0491,105.8831,26.37836226851852,10.117978553537286,6.853999999999999,42.37555555555555,24,1070.4475884589947,531.7340552590094,25.165379960317463,10.603843746691853,51.71677050264551,14.52711688191178,26.275202876984128,0.901385162296397,1,0,4,269,9,2025,0,autumn,validation
2025-09-27 00:00:00+00:00,4946811,556 Nguyễn Văn Cừ,21.0491,105.8831,27.2273887987013,15.0816346918794,3.0,60.46454545454546,24,1025.824273538961,417.30418160703107,29.889278394059644,10.86448685879979,53.17267679773929,17.665430376518316,26.543718449374698,1.0651713552365738,0,0,5,270,9,2025,1,autumn,validation
2025-09-28 00:00:00+00:00,4946811,556 Nguyễn Văn Cừ,21.0491,105.8831,15.590618265993266,8.205139893846605,4.665,35.13625,24,663.4300008267195,267.5626529961512,19.78481467953343,10.766884916298643,57.38242322029822,18.140236478581418,26.286891624579127,0.8041317034363753,0,0,6,271,9,2025,1,autumn,validation
2025-09-29 00:00:00+00:00,4946811,556 Nguyễn Văn Cừ,21.0491,105.8831,18.86663310185185,11.862426247551342,6.056666666666668,56.67833333333334,24,543.0639583333333,331.32365425268245,14.077789351851854,5.4066714380765495,51.07347506313132,13.734658770784053,26.085570436507936,0.6631524743707855,0,0,0,272,9,2025,0,autumn,validation
2025-09-30 00:00:00+00:00,4946811,556 Nguyễn Văn Cừ,21.0491,105.8831,15.733507936507936,1.507955402722058,14.626999999999999,19.49857142857143,9,1111.613253968254,174.12073783300218,11.528479365079365,1.5397943590356196,78.19911111111111,3.822400372947756,26.3442,0.03801526009380902,21,0,1,273,9,2025,0,autumn,validation
2025-10-01 00:00:00+00:00,4946811,556 Nguyễn Văn Cừ,21.0491,105.8831,26.027985569985567,8.145982050765815,7.678750000000001,39.2625,21,1600.037421665636,615.0199543143888,25.14724546485261,14.954219040081815,59.91843083900227,14.873055457438173,26.80697127739985,0.7882485433669345,3,0,2,274,10,2025,0,autumn,validation
2025-10-02 00:00:00+00:00,4946811,556 Nguyễn Văn Cừ,21.0491,105.8831,31.14727247174122,17.681505696227177,4.026666666666666,66.71200000000002,24,1426.0839895232084,941.8581164888799,28.896421942640696,15.039685627274377,51.80971180555556,18.767353589836326,28.060833032708032,1.9376774464296234,0,0,3,275,10,2025,0,autumn,validation
2025-10-03 00:00:00+00:00,4946811,556 Nguyễn Văn Cừ,21.0491,105.8831,39.11144896885522,11.06655730524928,14.935555555555554,57.43,24,1331.7982444234005,764.0834929168253,33.958534722222225,15.407378363666021,47.59555187289562,18.88670713615431,28.521764520202023,2.8978262850053897,0,0,4,276,10,2025,0,autumn,validation
2025-10-04 00:00:00+00:00,4946811,556 Nguyễn Văn Cừ,21.0491,105.8831,47.97568523027898,9.701939064955244,29.088,63.97166666666667,24,1614.6861837872775,548.9783522050546,45.875642436267434,19.808224274097604,56.44764956108707,19.0449738449412,29.756651064213568,3.6816056470633898,1,0,5,277,10,2025,1,autumn,validation
2025-10-05 00:00:00+00:00,4946811,556 Nguyễn Văn Cừ,21.0491,105.8831,56.91099705387205,24.751816021094587,17.8675,91.33833333333332,24,1014.0584553872054,435.2216492571296,38.30221843434344,17.751007090444574,65.64006712962963,14.995469291860791,27.796170244107742,2.0927894052414944,0,0,6,278,10,2025,1,autumn,validation
2025-10-06 00:00:00+00:00,4946811,556 Nguyễn Văn Cừ,21.0491,105.8831,23.967207702020204,18.226020770127445,5.463333333333334,66.07727272727273,24,906.5906155303031,558.1634611393353,21.600928661616162,7.9218842708824795,52.69772727272727,18.73902154525336,26.77116919191919,1.2525258887709652,0,0,0,279,10,2025,0,autumn,validation
2025-10-07 00:00:00+00:00,4946811,556 Nguyễn Văn Cừ,21.0491,105.8831,13.195527988215488,3.6376545677595318,4.96,22.08818181818182,24,1082.8141151094276,581.6964343300583,26.1432015993266,9.587715836806147,61.53196422558923,17.01159146602752,26.4609617003367,0.5449936417022031,0,0,1,280,10,2025,0,autumn,validation
2025-10-08 00:00:00+00:00,4946811,556 Nguyễn Văn Cừ,21.0491,105.8831,41.13254008838384,18.833456177107042,12.125454545454543,82.32916666666667,24,2035.1869002525252,1691.8034776784416,37.59426188973064,13.526223925074744,54.39099460377585,16.428333743971788,28.05337878787879,1.654660183263233,0,0,2,281,10,2025,0,autumn,validation
2025-10-09 00:00:00+00:00,4946811,556 Nguyễn Văn Cừ,21.0491,105.8831,46.23022942219817,16.861565335859,13.027999999999995,74.2,24,1238.5735106271043,425.3886579965645,41.45876388888889,17.31139112820559,55.95969874338624,19.661250001834752,28.022392376142378,1.2360096378261083,0,0,3,282,10,2025,0,autumn,validation
2025-10-10 00:00:00+00:00,4946811,556 Nguyễn Văn Cừ,21.0491,105.8831,54.92831861772487,18.521919820064422,28.71,86.0788888888889,24,1359.2986392195767,711.9752850699145,50.01077430555555,27.398586805052897,69.9360238095238,26.756787528451355,28.85447751322751,2.5198935894539276,0,0,4,283,10,2025,0,autumn,validation
2025-10-11 00:00:00+00:00,4946811,556 Nguyễn Văn Cừ,21.0491,105.8831,53.24323838083213,14.282003306467457,28.191000000000003,86.27666666666667,24,1734.38606511544,570.7600935582699,47.156034030784035,17.95167655142926,59.5066455477393,18.425683819906467,27.84373596079846,1.1034420403845535,0,0,5,284,10,2025,1,autumn,validation
2025-10-12 00:00:00+00:00,4946811,556 Nguyễn Văn Cừ,21.0491,105.8831,45.731124398749394,10.261098462466503,33.99285714285714,67.317,24,1312.7232583273208,440.7307093938724,44.64994916426166,17.940530525690516,64.91592218314094,26.775045924962996,28.127922333453583,1.878184385369186,0,0,6,285,10,2025,1,autumn,validation
2025-10-13 00:00:00+00:00,4946811,556 Nguyễn Văn Cừ,21.0491,105.8831,30.468243055555558,10.404755495981748,17.477,53.04375,24,1678.1359264520204,1294.827317101742,29.131525402837905,11.403160162993903,56.6942058080808,17.556101111819274,27.85481186868687,1.2720764856082893,0,0,0,286,10,2025,0,autumn,validation
2025-10-14 00:00:00+00:00,4946811,556 Nguyễn Văn Cừ,21.0491,105.8831,30.853554503367004,8.394346033815355,11.345,42.66454545454545,24,1720.2671177549303,827.0811593573388,18.135678811928813,6.2585090086032675,56.10874923340548,14.820900664311035,28.980772095959594,2.7387363224075565,0,0,1,287,10,2025,0,autumn,validation
2025-10-15 00:00:00+00:00,4946811,556 Nguyễn Văn Cừ,21.0491,105.8831,37.843292598605096,17.331399872038237,6.557777777777777,66.60700000000001,24,2203.5264944835258,1187.8921588981823,23.423800505050504,15.046378378697824,54.61332530663781,15.311357446686124,29.312673160173162,2.0372103244801396,0,0,2,288,10,2025,0,autumn,validation
2025-10-16 00:00:00+00:00,4946811,556 Nguyễn Văn Cừ,21.0491,105.8831,32.27523492364117,17.018678902592242,1.26,58.23272727272728,24,1525.568290719697,852.362726510197,35.659124173280425,16.286669237076005,54.47959292328042,16.387973114997394,27.756066393097644,0.9672570810337577,0,0,3,289,10,2025,0,autumn,validation
2025-10-17 00:00:00+00:00,4946811,556 Nguyễn Văn Cừ,21.0491,105.8831,50.204882590788834,17.460490878278698,14.996666666666664,71.78583333333333,24,1606.7523843344154,651.8071181536561,41.18786728896104,24.54658283472786,53.319320226070225,17.72735677853585,28.803189228595482,1.2007370606492656,0,0,4,290,10,2025,0,autumn,validation
2025-10-18 00:00:00+00:00,4946811,556 Nguyễn Văn Cừ,21.0491,105.8831,55.28676277657528,22.149755340519707,17.47875,84.65727272727273,24,1381.6138162878788,627.0861371760665,45.19358863936989,18.818819545660748,52.69227831890331,18.125202579709068,30.076754434223187,3.523977665530257,0,0,5,291,10,2025,1,autumn,validation
2025-10-19 00:00:00+00:00,4946811,556 Nguyễn Văn Cừ,21.0491,105.8831,52.390684553872056,14.35207521230732,26.644545454545455,81.523,24,1089.0128251262627,367.27417036932826,39.30151978114478,14.651507358297051,54.79035422679173,16.40340385815267,28.34940698653199,2.203110280774627,0,0,6,292,10,2025,1,autumn,validation
2025-10-20 00:00:00+00:00,4946811,556 Nguyễn Văn Cừ,21.0491,105.8831,29.389157512626266,9.538103641258932,13.2575,43.396,24,890.6249494949494,370.7026047174918,30.75939551767677,10.2084179833008,49.12136773989899,14.064514989765701,27.517110479797978,0.7693505175556331,4,0,0,293,10,2025,0,autumn,validation
2025-10-21 00:00:00+00:00,4946811,556 Nguyễn Văn Cừ,21.0491,105.8831,21.410986577080326,6.879363953955406,10.436666666666667,33.00909090909091,24,694.7355998977873,307.2062993771609,27.110387971981723,10.19170172842967,54.64707515632515,16.369632418298366,27.413376863876863,0.5007005548865227,0,0,1,294,10,2025,0,autumn,validation
2025-10-22 00:00:00+00:00,4946811,556 Nguyễn Văn Cừ,21.0491,105.8831,17.230181923400675,7.205499677420468,2.15,25.269,24,668.6811703342953,356.680983492392,27.707155693843195,10.930721915115573,59.41208008658009,22.150963192708467,27.481454996392497,0.7835403318690944,2,0,2,295,10,2025,0,autumn,validation
2025-10-23 00:00:00+00:00,4946811,556 Nguyễn Văn Cừ,21.0491,105.8831,11.742151455026457,8.530791812903576,2.1157142857142857,32.395,24,690.6167116101491,293.9805598175742,27.4389699525012,7.48845272322142,52.40176304713805,12.198109737206195,26.946620896464648,0.3419559249701334,3,0,3,296,10,2025,0,autumn,validation
2025-10-24 00:00:00+00:00,4946811,556 Nguyễn Văn Cừ,21.0491,105.8831,27.58766048881674,17.47613370431437,2.08,67.42600000000002,24,919.1222453703704,351.16545089947635,29.94941779401155,5.485356091542337,50.73263529306005,7.848390801528344,28.02340140993266,1.259064587030114,6,0,4,297,10,2025,0,autumn,validation
2025-10-25 00:00:00+00:00,4946811,556 Nguyễn Văn Cừ,21.0491,105.8831,47.90908385942762,16.17180413245015,14.992,72.837,24,1165.6845743897306,396.4898449601841,44.75611121632997,13.675105171327775,50.44598439902586,8.398535008338586,29.82185101010101,2.1665370068627543,1,0,5,298,10,2025,1,autumn,validation
2025-10-26 00:00:00+00:00,4946811,556 Nguyễn Văn Cừ,21.0491,105.8831,37.33583658008658,15.368741217372875,15.082499999999998,73.126,24,812.5074587391774,357.1389094556465,33.118372745310246,15.366277814621473,50.15933350499168,8.948679215148827,28.79680300775613,1.3160508912130386,1,0,6,299,10,2025,1,autumn,validation
2025-10-27 00:00:00+00:00,4946811,556 Nguyễn Văn Cừ,21.0491,105.8831,44.46818486952862,17.708119616063055,22.815454545454543,79.94909090909091,24,1119.7412084385521,433.78223696871777,39.71543634259259,12.56208513289499,49.87268261095749,9.498823421959068,30.008483164983165,1.8664117490566214,0,0,0,300,10,2025,0,autumn,validation
2025-10-28 00:00:00+00:00,4946811,556 Nguyễn Văn Cừ,21.0491,105.8831,35.35067072510822,26.53753192985487,2.79,89.40333333333332,24,1192.546482984608,451.7952741924703,44.02140235690235,14.109261805626591,49.58603171692331,10.04896762876931,31.47182989117364,3.125071293890938,2,0,1,301,10,2025,0,autumn,validation
2025-10-29 00:00:00+00:00,4946811,556 Nguyễn Văn Cừ,21.0491,105.8831,58.98922198172198,21.78652486914563,28.09111111111111,96.985,24,1403.8518029250843,691.073226253122,50.52998256373257,19.30387165957489,49.29938082288912,10.599111835579551,30.743379013347763,3.212401657605935,0,0,2,302,10,2025,0,autumn,validation
2025-10-30 00:00:00+00:00,4946811,556 Nguyễn Văn Cừ,21.0491,105.8831,30.93282142857143,13.28063421002902,5.312857142857142,52.8825,24,1085.6985416666666,370.31692837493875,32.49620089285714,9.661235167401768,49.01272992885494,11.149256042389792,27.6750474537037,0.3068434804290453,0,0,3,303,10,2025,0,autumn,validation
2025-10-31 00:00:00+00:00,4946811,556 Nguyễn Văn Cừ,21.0491,105.8831,13.378003276815777,6.601601485561666,3.575714285714285,24.88222222222222,24,918.1004918981481,418.88580751961797,24.118643623737373,6.517101522671648,48.72607903482075,11.699400249200034,27.422970253126504,0.3060254634561346,0,0,4,304,10,2025,0,autumn,validation
2025-11-01 00:00:00+00:00,4946811,556 Nguyễn Văn Cừ,21.0491,105.8831,10.456856316137566,5.120987385608542,1.7925,19.354,24,870.1776603835979,283.332910241985,22.63966402116402,6.92525317368153,,,27.433607969576723,0.2965450391898947,0,0,5,305,11,2025,1,autumn,validation
2025-11-02 00:00:00+00:00,4946811,556 Nguyễn Văn Cừ,21.0491,105.8831,11.543794672919674,4.834582297121598,2.178,21.542,24,616.3293119438432,187.9109569645473,20.927695346320345,4.786092279472944,,,27.21911727392978,0.15704936305249415,0,0,6,306,11,2025,1,autumn,validation
2025-11-03 00:00:00+00:00,4946811,556 Nguyễn Văn Cừ,21.0491,105.8831,7.795838398869649,4.958300101803828,1.08,16.054000000000002,24,673.8470947570947,301.06950394556804,22.185427263708515,6.908606873823056,,,27.337560290404042,0.20552434360464103,2,0,0,307,11,2025,0,autumn,validation
2025-11-04 00:00:00+00:00,4946811,556 Nguyễn Văn Cừ,21.0491,105.8831,21.00308933080808,10.997903135058165,5.888333333333335,38.82222222222223,24,916.3697223725349,541.9509943154951,25.16183476130351,9.297912145749335,,,28.184831334175087,0.7710948861622331,0,0,1,308,11,2025,0,autumn,validation
2025-11-05 00:00:00+00:00,4946811,556 Nguyễn Văn Cừ,21.0491,105.8831,26.47805853174603,10.823043484556315,7.471428571428571,45.665,24,1116.8144088955025,485.2025033512837,34.099866236772485,10.817824090919878,,,28.97118998015873,0.7590696891496448,0,0,2,309,11,2025,0,autumn,validation
2025-11-06 00:00:00+00:00,4946811,556 Nguyễn Văn Cừ,21.0491,105.8831,52.31018030002406,13.559573898390095,31.130000000000003,74.09,24,1616.395594712001,572.8248984081321,41.50593611712362,13.980585056594109,,,30.517819955507452,1.5387620377925144,0,0,3,310,11,2025,0,autumn,validation
2025-11-07 00:00:00+00:00,4946811,556 Nguyễn Văn Cừ,21.0491,105.8831,37.089572751322756,13.32356935653197,13.657,68.13000000000001,24,1364.4308821097884,594.0672351669555,25.048719742063493,8.16107859533238,,,28.527671626984127,0.6185822872201301,6,0,4,311,11,2025,0,autumn,validation
2025-11-08 00:00:00+00:00,4946811,556 Nguyễn Văn Cừ,21.0491,105.8831,35.34681436387687,7.695035364636334,22.51571428571429,51.16,24,1443.6839929803991,471.8793992149923,29.127166065416066,11.541438417506848,,,30.204439724627225,2.9147016414031026,0,0,5,312,11,2025,1,autumn,validation
2025-11-09 00:00:00+00:00,4946811,556 Nguyễn Văn Cừ,21.0491,105.8831,32.516995144901394,9.58516114356758,19.822222222222223,53.99857142857143,24,1913.2550193151756,666.8796505808531,26.25939883958634,8.91234176400492,,,29.393754960317462,1.1655591554992522,0,0,6,313,11,2025,1,autumn,validation
2025-11-10 00:00:00+00:00,4946811,556 Nguyễn Văn Cừ,21.0491,105.8831,21.20028373015873,8.139889339081774,5.234,37.95222222222223,24,1396.1981952711642,781.8536341922817,22.321418981481482,6.560531936436927,,,29.094538404882154,0.582080390119194,0,0,0,314,11,2025,0,autumn,validation
2025-11-11 00:00:00+00:00,4946811,556 Nguyễn Văn Cừ,21.0491,105.8831,22.984951839826838,10.760322086093089,11.44285714285714,47.43300000000001,24,1162.0478810425686,475.679685852228,28.99611789021164,9.558422288419797,,,29.831493356180857,0.7789740260971035,0,0,1,315,11,2025,0,autumn,validation
2025-11-12 00:00:00+00:00,4946811,556 Nguyễn Văn Cừ,21.0491,105.8831,41.937251623376625,28.01290951289137,14.038,98.77166666666666,24,1390.00931262025,1038.3866921829738,40.078207221019724,19.837087080655355,,,30.046827471139974,0.975996982226183,0,0,2,316,11,2025,0,autumn,validation
2025-11-13 00:00:00+00:00,4946811,556 Nguyễn Văn Cừ,21.0491,105.8831,64.24180487914863,34.749804924624044,19.713,124.839,24,1476.1098773448775,851.5499988898716,49.38927519240019,23.155742110170905,,,31.3619546506734,2.1059212168932655,0,0,3,317,11,2025,0,autumn,validation
2025-11-14 00:00:00+00:00,4946811,556 Nguyễn Văn Cừ,21.0491,105.8831,68.86025037578162,37.66219970553902,23.12833333333333,131.3455555555555,24,1815.754899440837,1518.287632405102,46.90770720598846,18.776330304363675,,,33.42067071007696,2.1796843000925885,0,0,4,318,11,2025,0,autumn,validation
2025-11-15 00:00:00+00:00,4946811,556 Nguyễn Văn Cừ,21.0491,105.8831,77.87074624218374,37.87814010620762,31.451,133.00100000000003,24,1964.5934198382638,1635.419620452296,60.57558692580568,25.407663721037892,,,33.514808561808564,3.539687067849426,0,0,5,319,11,2025,1,autumn,validation
2025-11-16 00:00:00+00:00,4946811,556 Nguyễn Văn Cừ,21.0491,105.8831,83.66176681998557,24.527487620248007,51.17818181818181,133.225,24,1368.8606146284271,576.8870139981409,22.61906933526999,25.216939676950407,,,31.54785025853776,1.1009935324675229,0,0,6,320,11,2025,1,autumn,validation
2025-11-17 00:00:00+00:00,4946811,556 Nguyễn Văn Cừ,21.0491,105.8831,71.30300536616161,20.09782027454981,34.415,99.357,24,1334.6472511574073,696.0852562905661,1.4988980263157894,0.23606293637961132,,,30.393562605218857,2.275477065001432,0,0,0,321,11,2025,0,autumn,validation
2025-11-18 00:00:00+00:00,4946811,556 Nguyễn Văn Cừ,21.0491,105.8831,27.587010330578515,15.635590205546146,2.145,63.67,22,793.1603182870371,367.0112373678744,1.4910795454545456,0.26717577187746117,,,28.104482007575758,0.36266729151570004,13,0,1,322,11,2025,0,autumn,validation
2025-11-19 00:00:00+00:00,4946811,556 Nguyễn Văn Cừ,21.0491,105.8831,25.69437878787879,12.586532032945863,5.723636363636364,41.95727272727272,24,941.4531186868686,404.0302000149469,1.6862142857142857,0.2455663660521415,,,28.915015993265996,0.6075249518294242,0,0,2,323,11,2025,0,autumn,validation
2025-11-20 00:00:00+00:00,4946811,556 Nguyễn Văn Cừ,21.0491,105.8831,47.424557028619525,22.892896013509205,13.65111111111111,100.3711111111111,24,1270.7926588804714,791.3921720161566,1.7268038095238094,0.14929927127844933,42.993061154137045,22.70228438540486,30.793838594276096,0.6864929701259288,0,0,3,324,11,2025,0,autumn,validation
2025-11-21 00:00:00+00:00,4946811,556 Nguyễn Văn Cừ,21.0491,105.8831,60.36775294612795,24.335399647211915,22.22666666666667,96.35500000000002,24,1369.160375105219,812.7063370001324,1.9648333333333334,0.6924587547169341,42.70641026010286,23.252428592215104,32.2050676557239,1.1205815340214234,0,0,4,325,11,2025,0,autumn,validation
2025-11-22 00:00:00+00:00,4946811,556 Nguyễn Văn Cừ,21.0491,105.8831,70.82633737674362,26.58485188811057,27.298571428571424,104.92125,24,1611.588687545094,1018.8618216759693,1.3992499999999999,0.15897116202991934,42.419759366068675,23.80257279902534,33.67702352392977,2.4306768458979655,1,0,5,326,11,2025,1,autumn,validation
2025-11-23 00:00:00+00:00,4946811,556 Nguyễn Văn Cừ,21.0491,105.8831,90.69091877104377,27.445285675809465,41.83272727272727,136.7763636363636,24,1689.1294444444445,1050.1763968645134,1.670982905982906,0.25357758466642233,42.133108472034486,24.352717005835586,32.511417929292925,2.428649392808244,0,0,6,327,11,2025,1,autumn,validation
2025-11-24 00:00:00+00:00,4946811,556 Nguyễn Văn Cừ,21.0491,105.8831,60.428168996512746,38.10154526161976,3.09,112.912,24,1299.2529859607982,809.2342915534814,1.7750980392156863,0.3219146182194655,41.8464575780003,24.902861212645824,32.875486952861955,1.840949735518869,2,0,0,328,11,2025,0,autumn,validation
2025-11-25 00:00:00+00:00,4946811,556 Nguyễn Văn Cừ,21.0491,105.8831,27.060672243265994,19.569138903056974,1.88,74.625,24,1285.2491444203945,676.256530704426,1.7111666666666665,0.37283010116408716,41.559806683966116,25.45300541945607,33.057317550505054,1.9578320014574269,5,0,1,329,11,2025,0,autumn,validation
2025-11-26 00:00:00+00:00,4946811,556 Nguyễn Văn Cừ,21.0491,105.8831,43.04125153318903,36.10554184639865,2.8266666666666667,122.75,24,1285.2491444203945,676.256530704426,1.49325,0.2632186013906607,41.273155789931934,26.003149626266307,33.58283312289562,2.6680501254953293,1,0,2,330,11,2025,0,autumn,validation
2025-11-27 00:00:00+00:00,4946811,556 Nguyễn Văn Cừ,21.0491,105.8831,50.74209517797018,39.58288982819192,4.945,125.85666666666668,24,1285.2491444203945,676.256530704426,2.1279411764705882,0.3847894643040559,40.986504895897745,26.55329383307655,31.50258352758353,1.2705049815766507,4,0,3,331,11,2025,0,autumn,validation
2025-11-28 00:00:00+00:00,4946811,556 Nguyễn Văn Cừ,21.0491,105.8831,78.6571323051948,51.225556221098074,5.046666666666667,156.7281818181818,24,1285.2491444203945,676.256530704426,1.391111111111111,0.3181034715705089,69.77254961820587,75.02211239082686,31.849466376845797,1.1745821968837782,0,0,4,332,11,2025,0,autumn,validation
2025-11-29 00:00:00+00:00,4946811,556 Nguyễn Văn Cừ,21.0491,105.8831,109.62470364357864,26.781345101735585,63.91,163.1388888888889,24,1285.2491444203945,676.256530704426,2.0462025316455694,0.01881355063644487,95.3443976521164,89.62125115202363,32.19634922610806,1.0786594121909059,1,0,5,333,11,2025,1,autumn,validation
2025-11-30 00:00:00+00:00,4946811,556 Nguyễn Văn Cừ,21.0491,105.8831,136.80983870967742,4.623044507170717,130.38967741935483,143.23,7,1285.2491444203945,676.256530704426,2.0045569620253163,0.00841367562424493,43.36338709677419,13.655199393080775,32.543232075370334,0.9827366274980334,23,0,6,334,11,2025,1,autumn,validation
2025-12-01 00:00:00+00:00,4946811,556 Nguyễn Văn Cừ,21.0491,105.8831,88.77841861896275,21.27480322502291,63.551,130.68428571428572,17,1285.2491444203945,676.256530704426,1.7763250117205813,0.07745073929389377,99.67517284186403,59.8979649693499,32.8901149246326,0.886813842805161,7,0,0,335,12,2025,0,winter,validation
2025-12-02 00:00:00+00:00,4946811,556 Nguyễn Văn Cừ,21.0491,105.8831,72.67234785353536,22.691402905920935,40.74272727272727,123.1488888888889,24,1285.2491444203945,676.256530704426,1.5480930614158463,0.14648780296354263,72.46722937710437,64.54882098869939,33.23699777389486,0.7908910581122885,0,0,1,336,12,2025,0,winter,validation
2025-12-03 00:00:00+00:00,4946811,556 Nguyễn Văn Cừ,21.0491,105.8831,58.69763983585859,13.810110584294062,33.32000000000001,85.57333333333334,24,,,1.3198611111111112,0.21552486663319148,63.85957828282829,29.001329338066355,33.583880623157135,0.6949682734194161,0,0,2,337,12,2025,0,winter,validation
2025-12-04 00:00:00+00:00,4946811,556 Nguyễn Văn Cừ,21.0491,105.8831,95.12039808802308,17.12015382704816,63.67249999999999,124.63,24,,,1.4861041666666668,0.11666687127958252,60.372146915584416,37.59183750311859,33.9307634724194,0.5990454887265436,0,0,3,338,12,2025,0,winter,validation
2025-12-05 00:00:00+00:00,4946811,556 Nguyễn Văn Cừ,21.0491,105.8831,77.85162668350169,16.900250585535012,45.767272727272726,99.5690909090909,24,,,1.735532258064516,0.7380052317589351,63.9209301948052,31.5694542330447,34.27764632168167,0.5031227040336712,0,0,4,339,12,2025,0,winter,validation
2025-12-06 00:00:00+00:00,4946811,556 Nguyễn Văn Cừ,21.0491,105.8831,78.90155018939394,15.965105602568528,48.18625,98.86272727272728,24,,,1.4775,0.022499999999999964,63.43411458333333,24.9539626122115,34.62452917094394,0.4071999193407988,0,0,5,340,12,2025,1,winter,validation
2025-12-07 00:00:00+00:00,4946811,556 Nguyễn Văn Cừ,21.0491,105.8831,99.1515888498076,22.406392121066556,68.7188888888889,147.09249999999997,24,,,1.2477777777777779,0.09751385498532504,66.77088289141415,55.987395731095276,34.9714120202062,0.3112771346479264,0,0,6,341,12,2025,1,winter,validation
2025-12-08 00:00:00+00:00,4946811,556 Nguyễn Văn Cừ,21.0491,105.8831,88.47622327441077,39.14969602362682,30.86777777777778,146.61,24,,,1.4622499999999998,0.44683116733869765,68.35021801346802,63.702406862825576,35.318294869468474,0.21535434995505387,0,0,0,342,12,2025,0,winter,validation
2025-12-09 00:00:00+00:00,4946811,556 Nguyễn Văn Cừ,21.0491,105.8831,90.30443317099567,23.040287005386205,53.71600000000001,129.23142857142858,24,,,1.365390350877193,0.15900820367800858,74.24148788480038,53.77449460732155,35.66517771873074,0.11943156526218163,0,0,1,343,12,2025,0,winter,validation
2025-12-10 00:00:00+00:00,4946811,556 Nguyễn Văn Cừ,21.0491,105.8831,124.25672103386809,12.675550003993477,105.90833333333332,147.6090909090909,17,,,1.331025641025641,0.1721053734658367,82.82690196078431,55.41182849630371,35.59251088786273,0.11742032922021454,13,0,2,344,12,2025,0,winter,validation
2025-12-11 00:00:00+00:00,4946811,556 Nguyễn Văn Cừ,21.0491,105.8831,124.03230392156863,12.523198116111562,105.90833333333332,146.7175,17,,,1.331025641025641,0.1721053734658367,80.875931372549,50.91304641362835,35.51984405699472,0.11540909317824745,13,0,3,345,12,2025,0,winter,validation
2025-12-12 00:00:00+00:00,4946811,556 Nguyễn Văn Cừ,21.0491,105.8831,124.03230392156863,12.523198116111555,105.90833333333332,146.71749999999997,17,,,1.331025641025641,0.1721053734658367,80.875931372549,50.91304641362835,35.44717722612671,0.11339785713628037,13,0,4,346,12,2025,0,winter,validation
2025-12-13 00:00:00+00:00,4946811,556 Nguyễn Văn Cừ,21.0491,105.8831,124.03230392156863,12.523198116111562,105.90833333333332,146.7175,17,,,1.331025641025641,0.1721053734658367,80.87593137254902,50.913046413628365,35.3745103952587,0.11138662109431327,13,0,5,347,12,2025,1,winter,validation
2025-12-14 00:00:00+00:00,4946811,556 Nguyễn Văn Cừ,21.0491,105.8831,132.59071698113206,7.842910680293692,124.43490566037737,146.7175,10,,,1.1416666666666666,0.03299831645537224,124.91524999999999,59.6099017973664,35.301843564390694,0.10937538505234619,20,0,6,348,12,2025,1,winter,validation
2025-12-15 00:00:00+00:00,4946811,556 Nguyễn Văn Cừ,21.0491,105.8831,114.13432637251047,11.444796694396803,96.33245283018869,131.56303571428572,0,,,1.3414583333333332,0.1414560952544519,87.75124057539682,49.07347154274466,35.229176733522685,0.10736414901037909,24,1,0,349,12,2025,0,winter,validation
2025-12-16 00:00:00+00:00,4946811,556 Nguyễn Văn Cừ,21.0491,105.8831,95.67793576388888,15.046682708499915,68.23,116.40857142857142,16,,,1.54125,0.24991387405353155,50.587231150793656,38.53704128812293,35.156509902654676,0.10535291296841201,8,0,1,350,12,2025,0,winter,validation
2025-12-17 00:00:00+00:00,4946811,556 Nguyễn Văn Cừ,21.0491,105.8831,78.06680997474747,27.62697606752176,31.381818181818183,123.18,24,,,1.6967763157894737,0.2642148019417099,48.06788068181819,29.9040875596213,,,0,0,2,351,12,2025,0,winter,validation
2025-12-18 00:00:00+00:00,4946811,556 Nguyễn Văn Cừ,21.0491,105.8831,78.27985164141414,28.829801587874286,41.77833333333334,138.46916666666667,24,,,2.6354166666666665,1.0804666602601616,68.06386160714285,60.17620073235924,,,0,0,3,352,12,2025,0,winter,validation
2025-12-19 00:00:00+00:00,4946811,556 Nguyễn Văn Cừ,21.0491,105.8831,80.87724431818182,33.93021545544182,33.38727272727273,141.16833333333332,24,,,1.5228095238095238,0.3862971448599953,63.21298863636363,43.619536136888314,,,0,0,4,353,12,2025,0,winter,validation
2025-12-20 00:00:00+00:00,4946811,556 Nguyễn Văn Cừ,21.0491,105.8831,59.61236553030303,13.227433572999015,37.13416666666667,82.58916666666669,24,,,1.4808333333333332,0.30596272388282386,54.98934090909091,47.284301136398746,,,0,0,5,354,12,2025,1,winter,validation
2025-12-21 00:00:00+00:00,4946811,556 Nguyễn Văn Cừ,21.0491,105.8831,71.66364078282828,16.95813210063848,48.10818181818181,104.57416666666668,24,,,1.3470681818181818,0.1484687273868424,71.47146401515151,66.03189380284982,,,0,0,6,355,12,2025,1,winter,validation
2025-12-22 00:00:00+00:00,4946811,556 Nguyễn Văn Cừ,21.0491,105.8831,58.373557449494946,30.58764790278581,38.34166666666667,128.4175,24,,,1.4153681818181818,0.22100284201022963,65.62680029461279,27.38628173066838,,,0,0,0,356,12,2025,0,winter,validation
2025-12-23 00:00:00+00:00,4946811,556 Nguyễn Văn Cừ,21.0491,105.8831,37.46965425084175,8.030274733346852,25.69,55.86416666666668,24,,,1.9433388429752065,0.22022130526077355,56.722451433982684,20.761605388874163,,,0,0,1,357,12,2025,0,winter,validation
2025-12-24 00:00:00+00:00,4946811,556 Nguyễn Văn Cừ,21.0491,105.8831,32.47611837121212,14.309338048326945,8.0725,50.52199999999999,24,,,1.3314285714285714,0.14504514896436635,43.75534722222222,19.28652293156166,,,0,0,2,358,12,2025,0,winter,validation
2025-12-25 00:00:00+00:00,4946811,556 Nguyễn Văn Cừ,21.0491,105.8831,27.277777777777775,11.139275334395833,9.148333333333332,47.61666666666667,24,,,1.706190476190476,0.5514354356427773,56.79377840909091,25.552448116349776,,,0,0,3,359,12,2025,0,winter,validation
2025-12-26 00:00:00+00:00,4946811,556 Nguyễn Văn Cừ,21.0491,105.8831,43.708467382154886,12.76485678209907,16.52,72.2909090909091,24,,,1.602037037037037,0.16675564073886093,75.64587457912458,52.32069354792468,,,0,0,4,360,12,2025,0,winter,validation
2025-12-27 00:00:00+00:00,4946811,556 Nguyễn Văn Cừ,21.0491,105.8831,69.53270012626263,15.234545746233547,37.92916666666667,100.61090909090908,24,,,1.4529411764705882,0.3545417275883153,63.13273106060606,40.949178465541664,,,0,0,5,361,12,2025,1,winter,validation
2025-12-28 00:00:00+00:00,4946811,556 Nguyễn Văn Cừ,21.0491,105.8831,108.25031628787879,22.006102244422145,58.82916666666667,136.44636363636363,24,,,1.2773162393162394,0.059012319894891196,42.25950536616162,32.168926749942784,,,0,0,6,362,12,2025,1,winter,validation
2025-12-29 00:00:00+00:00,4946811,556 Nguyễn Văn Cừ,21.0491,105.8831,82.82217171717171,12.062058989971304,64.88166666666667,110.85583333333332,24,,,2.2704385964912284,1.3531809907989578,29.06287735990861,6.25800944857702,,,0,0,0,363,12,2025,0,winter,validation
2025-12-30 00:00:00+00:00,4946811,556 Nguyễn Văn Cừ,21.0491,105.8831,66.55372222222222,13.26906715310085,39.38363636363636,86.2675,24,,,1.8258690476190476,0.5297323541784964,53.4235413510101,25.591131845726785,,,0,0,1,364,12,2025,0,winter,validation
2025-12-31 00:00:00+00:00,4946811,556 Nguyễn Văn Cừ,21.0491,105.8831,65.27605113636363,17.663784627172873,34.96363636363636,97.138,24,,,1.44625,0.21545189032694637,50.29107975589226,26.765919979096843,,,0,0,2,365,12,2025,0,winter,validation
2026-01-01 00:00:00+00:00,4946811,556 Nguyễn Văn Cừ,21.0491,105.8831,45.13333522727273,33.611154977912044,1.6324999999999998,110.87909090909092,24,,,1.6091176470588235,0.14484526218229354,60.51565088383838,21.98441564320335,,,0,0,3,1,1,2026,0,winter,validation
2026-01-02 00:00:00+00:00,4946811,556 Nguyễn Văn Cừ,21.0491,105.8831,25.310874368686868,7.60797803693241,8.051666666666668,35.869166666666665,24,,,1.7672826086956521,0.39128110652911885,41.154065656565656,12.5804282629729,,,0,0,4,2,1,2026,0,winter,validation
2026-01-03 00:00:00+00:00,4946811,556 Nguyễn Văn Cừ,21.0491,105.8831,70.2618125,17.446546057204078,36.76166666666666,94.69454545454543,24,,,1.6697826086956522,0.3748174004895832,30.692333243145743,10.602874362434475,,,0,0,5,3,1,2026,1,winter,validation
2026-01-04 00:00:00+00:00,4946811,556 Nguyễn Văn Cừ,21.0491,105.8831,72.20358775252525,10.574548069887465,59.06454545454546,96.18727272727271,24,,,1.4791447368421051,0.15805119072791987,35.01450883838384,11.173556874638642,,,0,0,6,4,1,2026,1,winter,validation
2026-01-05 00:00:00+00:00,4946811,556 Nguyễn Văn Cừ,21.0491,105.8831,25.592980744949497,17.03274153152751,2.69125,61.861,24,,,1.6586979166666664,0.31012687602754047,39.20666214225589,16.519142934320982,,,0,0,0,5,1,2026,0,winter,validation
2026-01-06 00:00:00+00:00,4946811,556 Nguyễn Văn Cừ,21.0491,105.8831,38.75627728174603,17.4799531319521,15.175555555555556,68.62,24,,,1.32,0.0,32.68180009920635,12.368970543859607,,,0,0,1,6,1,2026,0,winter,validation
2026-01-07 00:00:00+00:00,4946811,556 Nguyễn Văn Cừ,21.0491,105.8831,80.16114650974026,18.551777985020024,51.62625,109.12999999999998,24,,,1.9048515886287625,0.4888684268884143,60.68170412457912,57.76208558930119,,,0,0,2,7,1,2026,0,winter,validation
2026-01-08 00:00:00+00:00,4946811,556 Nguyễn Văn Cừ,21.0491,105.8831,92.18520337301588,22.789604463411884,52.06999999999999,130.3725,24,,,2.2266378458498024,0.13268932241808457,61.152715488215485,64.15682103550232,,,0,0,3,8,1,2026,0,winter,validation
2026-01-09 00:00:00+00:00,4946811,556 Nguyễn Văn Cừ,21.0491,105.8831,102.48504838564213,13.277507059452631,82.45333333333333,128.4077777777778,24,,,1.6753535353535354,0.4870093007315996,69.20335052910053,64.30805652464284,,,3,0,4,9,1,2026,0,winter,validation
2026-01-10 00:00:00+00:00,4946811,556 Nguyễn Văn Cừ,21.0491,105.8831,114.73318838684463,27.220859614002045,71.81099999999999,157.1522222222222,24,,,1.3430042016806722,0.14119091312680088,94.98464781746031,81.06561285602295,,,0,0,5,10,1,2026,1,winter,test
2026-01-11 00:00:00+00:00,4946811,556 Nguyễn Văn Cừ,21.0491,105.8831,91.44733501683503,48.192619602413004,2.54,174.27636363636364,24,,,1.711111111111111,0.01520173744070991,99.46066800444925,90.08130214178294,,,1,0,6,11,1,2026,1,winter,test
2026-01-12 00:00:00+00:00,4946811,556 Nguyễn Văn Cừ,21.0491,105.8831,79.16162938161375,41.08967348973712,5.734,158.0,24,,,1.6503641025641023,0.34988790315353197,66.32959033790284,50.29722869894703,,,4,0,0,12,1,2026,0,winter,test
2026-01-13 00:00:00+00:00,4946811,556 Nguyễn Văn Cừ,21.0491,105.8831,104.40494754088503,40.961397645502394,3.33,156.79,24,,,1.5775000000000001,0.27989447797950345,76.70871225649351,63.98357433905784,,,1,0,1,13,1,2026,0,winter,test
2026-01-14 00:00:00+00:00,4946811,556 Nguyễn Văn Cừ,21.0491,105.8831,87.59355738936989,27.73585679778872,44.8425,147.4611111111111,24,,,1.420013440860215,0.20656407460091375,79.60883560305436,52.64577199709799,,,5,0,2,14,1,2026,0,winter,test
2026-01-15 00:00:00+00:00,4946811,556 Nguyễn Văn Cừ,21.0491,105.8831,137.25560747354498,49.923612588352626,76.57333333333332,249.20375,24,,,1.26252688172043,0.13323367122232402,32.54882506613757,8.293118922254047,,,0,0,3,15,1,2026,0,winter,test
2026-01-16 00:00:00+00:00,4946811,556 Nguyễn Văn Cừ,21.0491,105.8831,68.64794074675325,27.952286011635984,38.418,138.21800000000002,24,,,1.6,0.19595917942265398,42.83485708273209,16.470849084618884,32.90383814574639,0.043004595667432255,0,0,4,16,1,2026,0,winter,test
2026-01-17 00:00:00+00:00,4946811,556 Nguyễn Văn Cừ,21.0491,105.8831,52.72101597823473,7.934512415408559,42.89875000000001,78.36714285714287,24,,,1.7776363636363637,0.6247337113840379,27.965839015151516,2.013794092304582,32.83117131487838,0.04099335962546517,0,0,5,17,1,2026,1,winter,test
2026-01-18 00:00:00+00:00,4946811,556 Nguyễn Văn Cừ,21.0491,105.8831,65.43440757275133,13.828739602959374,46.31777777777778,92.62875,24,,,1.401,0.07846018098373225,45.6339375,19.60021831350704,32.75850448401037,0.03898212358349808,0,0,6,18,1,2026,1,winter,test
2026-01-19 00:00:00+00:00,4946811,556 Nguyễn Văn Cừ,21.0491,105.8831,54.080041696729204,16.056674225092202,37.15285714285714,90.4,24,,,1.32,0.0,58.008727753727754,19.547402908672414,32.685837653142364,0.036970887541530995,0,0,0,19,1,2026,0,winter,test
2026-01-20 00:00:00+00:00,4946811,556 Nguyễn Văn Cừ,21.0491,105.8831,47.51086823593073,9.15255071454991,32.89333333333333,62.12333333333332,24,,,1.2307954545454545,0.05717919400684759,41.365550174362674,12.961211121559154,32.613170822274355,0.0349596514995639,0,0,1,20,1,2026,0,winter,test
2026-01-21 00:00:00+00:00,4946811,556 Nguyễn Văn Cừ,21.0491,105.8831,18.201900793650793,18.38871103917511,2.4344444444444444,53.90285714285714,24,,,1.4812978468899523,0.08408692661930293,30.51979755892256,7.2871849558230055,32.54050399140635,0.032948415457596816,2,0,2,21,1,2026,0,winter,test
2026-01-22 00:00:00+00:00,4946811,556 Nguyễn Văn Cừ,21.0491,105.8831,18.57936804052429,7.2422719403194655,6.491249999999999,29.59,24,,,1.6488876287954772,0.10965087446264854,39.00753431637806,17.140247165874012,32.46783716053834,0.03093717941562972,0,0,3,22,1,2026,0,winter,test
2026-01-23 00:00:00+00:00,4946811,556 Nguyễn Văn Cừ,21.0491,105.8831,38.148685786435784,16.13681444231915,16.935,63.55333333333334,24,,,2.298928934651477,0.11894695742560475,39.28770699555074,15.06534935997743,32.39517032967033,0.02892594337366263,5,0,4,23,1,2026,0,winter,test
2026-01-24 00:00:00+00:00,4946811,556 Nguyễn Văn Cừ,21.0491,105.8831,57.98560499338624,18.724277464957307,22.35111111111111,87.18599999999999,24,,,2.948970240507477,0.12824304038856096,26.442529055435305,3.6760879512494693,32.714771110468476,0.028164734337513615,0,0,5,24,1,2026,1,winter,test
2026-01-25 00:00:00+00:00,4946811,556 Nguyễn Văn Cừ,21.0491,105.8831,102.92375462962963,29.579025977728474,50.35285714285715,153.14999999999998,24,,,3.599011546363477,0.1375391233515172,27.2815278980279,3.819912169124861,33.03437189126663,0.027403525301364598,0,0,6,25,1,2026,1,winter,test
2026-01-26 00:00:00+00:00,4946811,556 Nguyễn Văn Cừ,21.0491,105.8831,89.45489963508714,16.749794943698635,56.220000000000006,128.85272727272726,24,,,4.249052852219476,0.14683520631447342,26.950830751424505,4.183846949222171,33.35397267206478,0.02664231626521558,0,0,0,26,1,2026,0,winter,test
2026-01-27 00:00:00+00:00,4946811,556 Nguyễn Văn Cừ,21.0491,105.8831,101.69387531565657,27.676759375356948,57.48272727272728,148.00363636363636,24,,,4.899094158075476,0.1561312892774296,36.30618093133718,20.458917168284355,33.673573452862925,0.025881107229066565,0,0,1,27,1,2026,0,winter,test
2026-01-28 00:00:00+00:00,4946811,556 Nguyễn Văn Cừ,21.0491,105.8831,64.11120056216932,4.849820420799595,54.063750000000006,72.96875,18,,,5.549135463931476,0.16542737224038584,87.05473021384479,48.25817429929519,33.99317423366107,0.025119898192917548,12,0,2,28,1,2026,0,winter,test
2026-01-29 00:00:00+00:00,4946811,556 Nguyễn Văn Cừ,21.0491,105.8831,52.552266285302,15.471212604571313,35.62181818181818,90.935,21,,,6.199176769787476,0.17472345520334204,61.93425764447193,22.952124955505052,34.31277501445923,0.02435868915676853,3,0,3,29,1,2026,0,winter,test
2026-01-30 00:00:00+00:00,4946811,556 Nguyễn Văn Cừ,21.0491,105.8831,56.32402595899472,17.443063535626166,29.74571428571429,83.24428571428572,24,,,,,34.95688788179413,14.409286785746874,34.632375795257374,0.023597480120619515,0,0,4,30,1,2026,0,winter,test
2026-01-31 00:00:00+00:00,4946811,556 Nguyễn Văn Cừ,21.0491,105.8831,47.507288299663294,28.579055122508503,14.257,104.33555555555556,24,,,,,31.986820827320827,9.923039075081489,,,0,0,5,31,1,2026,1,winter,test
2026-02-01 00:00:00+00:00,4946811,556 Nguyễn Văn Cừ,21.0491,105.8831,53.02899715909091,21.321264658446623,16.442999999999998,96.55727272727272,24,,,,,49.78241445707071,20.403791094541695,,,0,0,6,32,2,2026,1,winter,test
2026-02-02 00:00:00+00:00,4946811,556 Nguyễn Văn Cừ,21.0491,105.8831,60.16339234607985,14.039040055719672,36.16699999999999,81.59909090909092,24,,,,,38.04167308501683,22.104109568477863,,,0,0,0,33,2,2026,0,winter,test
2026-02-03 00:00:00+00:00,4946811,556 Nguyễn Văn Cừ,21.0491,105.8831,100.86766729797979,13.965112354008903,78.69727272727273,128.11636363636364,24,,,,,27.719806908369407,7.759297634170769,,,0,0,1,34,2,2026,0,winter,test
2026-02-04 00:00:00+00:00,4946811,556 Nguyễn Văn Cừ,21.0491,105.8831,74.96725126262626,12.084997155663869,58.97583333333333,114.18727272727271,24,,,,,25.630793109668108,0.6454521927217297,,,0,0,2,35,2,2026,0,winter,test
2026-02-05 00:00:00+00:00,4946811,556 Nguyễn Văn Cừ,21.0491,105.8831,74.37146559343434,25.919513107393286,39.9,133.19,24,,,,,26.254080913299664,0.6202397256831828,,,0,0,3,36,2,2026,0,winter,test
2026-02-06 00:00:00+00:00,4946811,556 Nguyễn Văn Cừ,21.0491,105.8831,79.16501872895623,54.99321305304756,19.854166666666668,177.44400000000002,24,,,,,26.583102347883596,0.47139027357518426,,,0,0,4,37,2,2026,0,winter,test
2026-02-07 00:00:00+00:00,4946811,556 Nguyễn Văn Cừ,21.0491,105.8831,55.078893939393936,16.649649394357965,25.553000000000004,77.99249999999999,24,,,,,26.9583189484127,0.4356789930163939,,,0,0,5,38,2,2026,1,winter,test
2026-02-08 00:00:00+00:00,4946811,556 Nguyễn Văn Cừ,21.0491,105.8831,20.094926308539947,22.434496123368756,1.205,68.84,22,,,,,24.471524876743626,0.5294457130018572,,,13,0,6,39,2,2026,1,winter,test
2026-02-09 00:00:00+00:00,4946811,556 Nguyễn Văn Cừ,21.0491,105.8831,37.549460227272725,19.30356947956542,3.941818181818181,68.80583333333333,24,,,,,24.979289923039925,0.5212193510325656,,,0,0,0,40,2,2026,0,winter,test
2026-02-10 00:00:00+00:00,4946811,556 Nguyễn Văn Cừ,21.0491,105.8831,70.62613362794613,21.17767185124779,34.54272727272727,106.24555555555555,24,,,,,26.631381207912458,0.9023130717124382,,,0,0,1,41,2,2026,0,winter,test
2026-02-11 00:00:00+00:00,4946811,556 Nguyễn Văn Cừ,21.0491,105.8831,33.48217866161616,7.6674877426694135,18.021666666666665,46.56363636363637,24,,,,,26.4709653980279,0.5166983340362217,,,0,0,2,42,2,2026,0,winter,test
2026-02-12 00:00:00+00:00,4946811,556 Nguyễn Văn Cừ,21.0491,105.8831,48.49903367003367,12.844080237953735,27.446666666666676,82.00272727272727,24,,,,,27.15794333213083,0.892768290076268,,,0,0,3,43,2,2026,0,winter,test
2026-02-13 00:00:00+00:00,4946811,556 Nguyễn Văn Cừ,21.0491,105.8831,41.394118265993264,12.062586585127702,30.962,79.43699999999998,24,,,,,28.01003499278499,0.7415943164417442,,,0,0,4,44,2,2026,0,winter,test
2026-02-14 00:00:00+00:00,4946811,556 Nguyễn Văn Cừ,21.0491,105.8831,42.600585437710436,9.647268025180448,27.321111111111108,67.166,24,,,,,28.131098048941798,0.6982420031682709,,,0,0,5,45,2,2026,1,winter,test
2026-02-15 00:00:00+00:00,4946811,556 Nguyễn Văn Cừ,21.0491,105.8831,35.45125063131313,5.984864426802835,20.854166666666668,44.36363636363637,24,,,,,28.31672891113516,0.7276021487988914,,,0,0,6,46,2,2026,1,winter,test
2026-02-16 00:00:00+00:00,4946811,556 Nguyễn Văn Cừ,21.0491,105.8831,57.71910164141414,52.69863630779824,21.1225,196.1775,24,,,,,28.38772876082251,0.5911823673730028,,,0,0,0,47,2,2026,0,winter,test
2026-02-17 00:00:00+00:00,4946811,556 Nguyễn Văn Cừ,21.0491,105.8831,63.04722222222222,13.28721011870757,42.91,90.07833333333332,24,,,,,27.931331649831648,0.9826791410252617,,,0,0,1,48,2,2026,0,winter,test
2026-02-18 00:00:00+00:00,4946811,556 Nguyễn Văn Cừ,21.0491,105.8831,38.67569643550893,5.835552340879925,28.351666666666663,46.1925,24,,,,,26.65412035765161,0.33052354060819306,,,0,0,2,49,2,2026,0,winter,test
2026-02-19 00:00:00+00:00,4946811,556 Nguyễn Văn Cừ,21.0491,105.8831,40.86816909479409,10.666834626356527,16.3175,53.17454545454546,24,,,,,26.75220495072058,0.6584092879579351,,,0,0,3,50,2,2026,0,winter,test
2026-02-20 00:00:00+00:00,4946811,556 Nguyễn Văn Cừ,21.0491,105.8831,34.35022159090909,11.575677011868637,15.724166666666664,49.23272727272727,24,,,,,27.459423581048583,0.813132983528297,,,0,0,4,51,2,2026,0,winter,test
2026-02-21 00:00:00+00:00,4946811,556 Nguyễn Văn Cừ,21.0491,105.8831,35.47928198653199,8.275279296369854,24.13222222222222,54.41083333333332,24,,,,,28.172553481240982,0.7395145782645279,,,0,0,5,52,2,2026,1,winter,test
2026-02-22 00:00:00+00:00,4946811,556 Nguyễn Văn Cừ,21.0491,105.8831,25.757367424242428,2.6520478246472603,19.2,29.889166666666668,24,,,,,29.030591856060607,0.6052029125589117,,,0,0,6,53,2,2026,1,winter,test
2026-02-23 00:00:00+00:00,4946811,556 Nguyễn Văn Cừ,21.0491,105.8831,29.34942676767677,6.778900753839387,15.482499999999996,38.76666666666667,24,,,,,29.38047232744108,0.8225501169472788,42.30279453441295,0.005328463253043116,0,0,0,54,2,2026,0,winter,test
2026-02-24 00:00:00+00:00,4946811,556 Nguyễn Văn Cừ,21.0491,105.8831,26.837525252525253,3.4504605339560275,20.46666666666667,32.460909090909084,24,,,,,29.99106407828283,0.6514054936317125,42.62239531521111,0.0045672542168941,0,0,1,55,2,2026,0,winter,test
2026-02-25 00:00:00+00:00,4946811,556 Nguyễn Văn Cừ,21.0491,105.8831,32.958477806915305,8.134185550540073,13.496363636363638,45.54249999999999,24,,,,,31.257175324675327,1.3271859705449913,42.941996096009255,0.003806045180745083,0,0,2,56,2,2026,0,winter,test
2026-02-26 00:00:00+00:00,4946811,556 Nguyễn Văn Cừ,21.0491,105.8831,32.89348611111111,4.946422973281274,23.30363636363636,42.87416666666667,24,,,24.400333333755473,0.43501377816611614,32.256398523929775,0.8725602616715304,43.2615968768074,0.0030448361445960664,0,0,3,57,2,2026,0,winter,test
2026-02-27 00:00:00+00:00,4946811,556 Nguyễn Văn Cừ,21.0491,105.8831,38.69936868686869,11.713879585834265,18.02,59.540000000000006,24,,,25.050374639611473,0.44430986112907234,33.27299096158471,1.1615006318467822,43.58119765760555,0.00228362710844705,0,0,4,58,2,2026,0,winter,test
2026-02-28 00:00:00+00:00,4946811,556 Nguyễn Văn Cừ,21.0491,105.8831,26.893435786435788,7.560496287461436,15.800909090909094,39.970000000000006,24,,,25.700415945467473,0.45360594409202853,34.491774576118324,1.8375087014823905,43.9007984384037,0.0015224180722980332,0,0,5,59,2,2026,1,winter,test
2026-03-01 00:00:00+00:00,4946811,556 Nguyễn Văn Cừ,21.0491,105.8831,26.75075958994709,7.780458088844103,16.82,42.07,24,,,26.350457251323473,0.4629020270549848,33.542245295214045,1.7543044023669865,44.22039921920185,0.0007612090361490166,0,0,6,60,3,2026,1,spring,test
2026-03-02 00:00:00+00:00,4946811,556 Nguyễn Văn Cừ,21.0491,105.8831,32.65985954785955,14.524522948047833,14.211000000000002,67.69555555555556,24,,,27.000498557179473,0.472198110017941,32.59220032840722,0.7442027631751381,44.54,0.0,0,0,0,61,3,2026,0,spring,test
2026-03-03 00:00:00+00:00,4946811,556 Nguyễn Văn Cừ,21.0491,105.8831,18.15604619107744,9.353254439842065,2.0766666666666667,29.744545454545456,24,,,27.650539863035473,0.4814941929808972,26.088795580719225,2.3962246712816158,43.63166666666667,0.6540747556726464,0,0,1,62,3,2026,0,spring,test
2026-03-04 00:00:00+00:00,4946811,556 Nguyễn Văn Cừ,21.0491,105.8831,30.746186342592594,9.670276864587743,14.99,46.24222222222223,24,,,28.300581168891473,0.49079027594385344,19.585390833031227,4.048246579388094,42.723333333333336,1.308149511345293,0,0,2,63,3,2026,0,spring,test
2026-03-05 00:00:00+00:00,4946811,556 Nguyễn Văn Cừ,21.0491,105.8831,52.10521717171718,16.9775824776484,30.248,84.02454545454545,24,,,28.950622474747473,0.5000863589068096,13.081986085343228,5.700268487494571,10.674011506037823,24.551970477535274,0,0,3,64,3,2026,0,spring,test
2026-03-06 00:00:00+00:00,4946811,556 Nguyễn Văn Cừ,21.0491,105.8831,64.00908904521405,14.453006358017088,45.109,92.49909090909092,24,,,28.896125030062525,0.5480570925993324,20.008673799001922,12.295149948254336,1.5999210708273208,0.3789291187459563,1,0,4,65,3,2026,0,spring,test
2026-03-07 00:00:00+00:00,4946811,556 Nguyễn Văn Cừ,21.0491,105.8831,34.565006207912454,8.667431872783746,24.40333333333333,56.353333333333325,24,,,28.721636363636364,0.5630430931151428,23.621582281144782,8.59026988167327,1.418327892015392,0.6371281220841241,0,0,5,66,3,2026,1,spring,test
2026-03-08 00:00:00+00:00,4946811,556 Nguyễn Văn Cừ,21.0491,105.8831,31.613209415584418,6.935746026756779,8.473333333333333,42.463636363636354,24,,,28.56510364057239,0.6161947631144957,15.368014805796056,4.057488911316101,1.5388179563492062,0.5097361766763944,0,0,6,67,3,2026,1,spring,test
2026-03-09 00:00:00+00:00,4946811,556 Nguyễn Văn Cừ,21.0491,105.8831,23.42325018037518,18.513801132571782,1.856666666666667,51.294,24,,,28.788004253848,0.6503088868601101,19.055394510582012,7.627800800643767,1.811658564814815,1.0046843799922311,4,0,0,68,3,2026,0,spring,test
2026-03-10 00:00:00+00:00,4946811,556 Nguyễn Văn Cừ,21.0491,105.8831,22.121876578282826,9.559905008738262,2.9672727272727277,37.294,24,,,28.864878457190954,0.6878976241504292,34.214554458273206,19.986121499789892,1.7015782076719577,0.8398854172300948,0,0,1,69,3,2026,0,spring,test
2026-03-11 00:00:00+00:00,4946811,556 Nguyễn Văn Cừ,21.0491,105.8831,54.01727904040404,22.557136996584415,30.959166666666665,106.17875,24,,,28.832634499759497,0.6765689318869974,21.815278814935066,16.40178349875248,3.6479079335016835,1.2437187955181361,0,0,2,70,3,2026,0,spring,test
2026-03-12 00:00:00+00:00,4946811,556 Nguyễn Văn Cừ,21.0491,105.8831,65.37105853174603,15.83898765304963,39.53333333333333,95.05625,24,,,28.757413690476188,0.6835069766038498,26.17716121031746,19.196640662848587,2.8178540013227518,1.0156588369655524,0,0,3,71,3,2026,0,spring,test
2026-03-13 00:00:00+00:00,4946811,556 Nguyễn Văn Cừ,21.0491,105.8831,35.16104156144781,30.125243938724473,1.77,104.90857142857143,24,,,28.498196383477634,0.705036186986243,33.01663035113035,19.098634613567302,4.021552534271284,2.2235217297548955,0,0,4,72,3,2026,0,spring,test
2026-03-14 00:00:00+00:00,4946811,556 Nguyễn Văn Cừ,21.0491,105.8831,41.41184974747475,5.7474101795908075,31.352222222222217,54.09363636363637,24,,,28.890139294733046,0.7729534441865306,21.023235329485328,9.068191375566078,5.0196870039682535,3.807708187423532,0,0,5,73,3,2026,1,spring,test
2026-03-15 00:00:00+00:00,4946811,556 Nguyễn Văn Cừ,21.0491,105.8831,34.891791170634924,7.136373531586608,22.7675,47.234,24,,,28.54873414201539,0.6626591165568531,16.026862058080805,6.14310434428096,2.200315401034151,0.9501410955919273,0,0,6,74,3,2026,1,spring,test
2026-03-16 00:00:00+00:00,4946811,556 Nguyễn Văn Cừ,21.0491,105.8831,31.244996843434347,7.875872728581537,17.199166666666667,48.08090909090909,24,,,28.726587331649828,0.6694189946824798,19.146668560606063,7.0658100103465795,1.7714716810966813,1.0386799023384088,0,0,0,75,3,2026,0,spring,test
2026-03-17 00:00:00+00:00,4946811,556 Nguyễn Văn Cừ,21.0491,105.8831,32.53699810606061,5.012095775000477,26.024545454545454,45.97916666666666,24,,,28.73889709595959,0.6819912482003382,20.145094696969696,6.955882894554839,1.7653576839826843,0.6142579781950042,0,0,1,76,3,2026,0,spring,test
2026-03-18 00:00:00+00:00,4946811,556 Nguyễn Văn Cừ,21.0491,105.8831,29.64284595959596,9.827994122316763,11.49090909090909,52.393,24,,,28.470484848484848,0.5603381260158218,16.622432028619528,6.75601715912254,2.131380366161616,1.0794182964567036,0,0,2,77,3,2026,0,spring,test
2026-03-19 00:00:00+00:00,4946811,556 Nguyễn Văn Cừ,21.0491,105.8831,28.193443813131314,6.614127059346993,18.0175,41.85454545454545,24,,,28.632282407407406,0.6141056198087809,22.17410143097643,8.011645373183885,1.6157620250120253,0.2792649520512847,0,0,3,78,3,2026,0,spring,test
2026-03-20 00:00:00+00:00,4946811,556 Nguyễn Văn Cừ,21.0491,105.8831,28.805621212121213,5.587361353059908,19.394545454545455,38.50333333333334,24,,,28.920498737373734,0.516685638513522,15.205253367003367,4.774141528431991,1.9107464826839828,0.5591895751867024,0,0,4,79,3,2026,0,spring,test
2026-03-21 00:00:00+00:00,4946811,556 Nguyễn Văn Cừ,21.0491,105.8831,35.76050505050505,5.1101015529650615,27.30916666666667,48.61833333333334,24,,,28.797320707070707,0.7785111026336856,16.22273653198653,4.385810645931588,2.1420073653198655,0.7223110293851965,0,0,5,80,3,2026,1,spring,test
2026-03-22 00:00:00+00:00,4946811,556 Nguyễn Văn Cừ,21.0491,105.8831,24.19256628787879,6.089651772333514,16.423333333333336,36.95583333333334,24,,,28.627897727272725,0.8037432007397991,20.750833333333333,6.570924148054074,1.8397458062770564,0.783180614154413,0,0,6,81,3,2026,1,spring,test
2026-03-23 00:00:00+00:00,4946811,556 Nguyễn Văn Cừ,21.0491,105.8831,25.63273232323232,4.855299400184743,15.990833333333333,31.67083333333333,24,,,28.72000631313131,0.644811294658818,18.1688327020202,5.697050266373199,2.0445098605098604,1.6471298175074436,0,0,0,82,3,2026,0,spring,test
2026-03-24 00:00:00+00:00,4946811,556 Nguyễn Văn Cừ,21.0491,105.8831,27.658665824915825,4.87602087936727,18.0975,38.23083333333333,24,,,28.56903451178451,0.8500742942225002,21.241266835016834,8.936209007463345,1.9246900402837903,0.4877904407701923,0,0,1,83,3,2026,0,spring,test
2026-03-25 00:00:00+00:00,4946811,556 Nguyễn Văn Cừ,21.0491,105.8831,25.026930604118103,3.298536184583931,19.74,31.24083333333333,24,,,29.811887626262628,1.0555634242358731,25.77331203865579,14.96455418170227,1.93567240976616,0.583831196996805,0,0,2,84,3,2026,0,spring,test
2026-03-26 00:00:00+00:00,4946811,556 Nguyễn Văn Cừ,21.0491,105.8831,31.180607954545454,6.161867095165317,21.820000000000004,43.3725,24,,,29.811887626262628,1.0555634242358731,35.33391603535353,16.41267666143816,1.9434586038961041,0.49239608788218436,0,0,3,85,3,2026,0,spring,test
2026-03-27 00:00:00+00:00,4946811,556 Nguyễn Văn Cừ,21.0491,105.8831,29.033531565656563,7.844028155462939,16.895454545454548,43.62833333333333,24,,,29.811887626262628,1.0555634242358731,32.254484472703226,11.832910070957238,2.1753957281144785,0.5182153670726676,0,0,4,86,3,2026,0,spring,test
2026-03-28 00:00:00+00:00,4946811,556 Nguyễn Văn Cừ,21.0491,105.8831,32.46475441919192,6.945279580557547,21.02,44.104,24,,,29.811887626262628,1.0555634242358731,35.77020980639731,18.399586532070025,2.671164772727273,0.6132570027660016,0,0,5,87,3,2026,1,spring,test
2026-03-29 00:00:00+00:00,4946811,556 Nguyễn Văn Cừ,21.0491,105.8831,30.51815340909091,5.3128483827869495,18.1975,41.59333333333333,24,,,29.811887626262628,1.0555634242358731,47.18304924242424,17.81473241709991,2.4532228535353537,0.5626116206039321,0,0,6,88,3,2026,1,spring,test
2026-03-30 00:00:00+00:00,4946811,556 Nguyễn Văn Cừ,21.0491,105.8831,44.11318918350168,12.603028292584062,20.695,61.04416666666666,24,,,29.811887626262628,1.0555634242358731,53.23046001683502,19.165934406563668,2.554452861952862,0.44434161981703185,0,0,0,89,3,2026,0,spring,test
2026-03-31 00:00:00+00:00,4946811,556 Nguyễn Văn Cừ,21.0491,105.8831,49.21964946338384,22.301249561605662,4.02625,75.1825,24,,,29.811887626262628,1.0555634242358731,43.49977398989899,21.540519817288995,3.425350378787879,0.8264287230305228,1,0,1,90,3,2026,0,spring,test
2026-04-01 00:00:00+00:00,4946811,556 Nguyễn Văn Cừ,21.0491,105.8831,36.561872474747474,14.909241974587962,16.269090909090906,67.26333333333334,24,,,29.811887626262628,1.0555634242358731,25.857108585858587,11.581144731647992,2.569691708754209,0.4337096201152308,0,0,2,91,4,2026,0,spring,test
2026-04-02 00:00:00+00:00,4946811,556 Nguyễn Văn Cừ,21.0491,105.8831,48.063743055555555,10.236619651045693,35.88999999999999,72.30272727272727,24,,,,,36.925131222943726,19.496690648277283,3.295171085858586,0.5770584897464703,0,0,3,92,4,2026,0,spring,test
2026-04-03 00:00:00+00:00,4946811,556 Nguyễn Văn Cừ,21.0491,105.8831,49.81038194444445,7.313266594509514,39.3175,61.74666666666667,24,,,,,50.99233396464646,19.584467181345232,3.96824494949495,0.9050810725825574,0,0,4,93,4,2026,0,spring,test
2026-04-04 00:00:00+00:00,4946811,556 Nguyễn Văn Cừ,21.0491,105.8831,38.61350063131313,15.207461486797508,17.61583333333333,69.2025,24,,,,,30.832086489898987,12.615954083255836,3.284876893939394,0.9809266541168238,0,0,5,94,4,2026,1,spring,test
2026-04-05 00:00:00+00:00,4946811,556 Nguyễn Văn Cừ,21.0491,105.8831,58.59646654040404,9.967162341131338,42.69083333333334,83.6990909090909,24,,,,,44.88893939393939,19.970799549276485,3.1953907828282833,0.4688409934834013,0,0,6,95,4,2026,1,spring,test
2026-04-06 00:00:00+00:00,4946811,556 Nguyễn Văn Cừ,21.0491,105.8831,76.86579229797981,17.374290274566768,55.95333333333334,122.4009090909091,24,,,,,56.25932891414141,23.742417924644947,4.2803251262626265,1.0026159214823416,0,0,0,96,4,2026,0,spring,test
2026-04-07 00:00:00+00:00,4946811,556 Nguyễn Văn Cừ,21.0491,105.8831,66.53560311447812,24.052721108963542,39.66,117.75333333333332,24,,,,,57.33443644781145,25.392701242859914,4.034520622895623,1.58061404052108,0,0,1,97,4,2026,0,spring,test
2026-04-08 00:00:00+00:00,4946811,556 Nguyễn Văn Cừ,21.0491,105.8831,51.12377319023569,19.24589563909618,24.25666666666666,98.36727272727272,24,,,,,55.08734636844637,23.5928875652696,3.218627777777778,0.9069079354125769,1,0,2,98,4,2026,0,spring,test
2026-04-09 00:00:00+00:00,4946811,556 Nguyễn Văn Cừ,21.0491,105.8831,58.840920622895624,35.97306463110865,27.65888888888889,155.38909090909095,24,,,,,49.8432976010101,19.85507372557471,3.0839431397306396,0.7112619210660504,3,0,3,99,4,2026,0,spring,test
2026-04-10 00:00:00+00:00,4946811,556 Nguyễn Văn Cừ,21.0491,105.8831,56.85016414141413,18.80575686364072,30.70583333333333,104.60416666666664,24,,,,,56.79003147546897,23.438401413415633,4.315404040404041,1.0341965514350613,0,0,4,100,4,2026,0,spring,test
2026-04-11 00:00:00+00:00,4946811,556 Nguyễn Văn Cừ,21.0491,105.8831,77.55255808080808,23.412953208162556,51.58416666666667,131.88083333333333,24,,,,,53.770215909090915,24.002512806001803,4.78168308080808,1.6929921872624236,0,0,5,101,4,2026,1,spring,test
2026-04-12 00:00:00+00:00,4946811,556 Nguyễn Văn Cừ,21.0491,105.8831,62.971671717171716,23.948813188194567,28.36916666666667,117.82916666666668,24,,,,,58.7267297979798,24.438620355602502,4.81629356060606,1.7480596779679185,0,0,6,102,4,2026,1,spring,test
2026-04-13 00:00:00+00:00,4946811,556 Nguyễn Văn Cừ,21.0491,105.8831,53.22821906565657,14.028224058198981,38.91818181818182,84.39899999999999,24,,,,,55.509743190836936,23.38813858196103,4.728214015151516,1.0805835337779872,0,0,0,103,4,2026,0,spring,test
2026-04-14 00:00:00+00:00,4946811,556 Nguyễn Văn Cừ,21.0491,105.8831,46.328551136363636,10.799827805274669,32.89333333333333,69.93636363636364,24,,,,,56.98268181818182,24.317859085542207,4.598696338383839,1.0310427375388065,0,0,1,104,4,2026,0,spring,test
2026-04-15 00:00:00+00:00,4946811,556 Nguyễn Văn Cừ,21.0491,105.8831,35.717324494949494,7.453343291818377,24.350000000000005,51.72833333333333,24,,,,,56.145600484006735,23.24242853032966,4.154286616161616,1.149533761020966,0,0,2,105,4,2026,0,spring,test
2026-04-16 00:00:00+00:00,4946811,556 Nguyễn Văn Cừ,21.0491,105.8831,36.72544507575758,7.5348695598002156,21.473333333333333,49.757500000000014,24,,,,,55.684312289562286,22.61891864037353,4.056041666666666,1.006355837281766,0,0,3,106,4,2026,0,spring,test
2026-04-17 00:00:00+00:00,4946811,556 Nguyễn Văn Cừ,21.0491,105.8831,43.94121085858586,17.87548109771387,10.56909090909091,73.0475,24,,,,,39.02086823593074,23.052904821020157,4.624154040404041,0.8073144581640636,0,0,4,107,4,2026,0,spring,test
2026-04-18 00:00:00+00:00,4946811,556 Nguyễn Văn Cừ,21.0491,105.8831,39.44669696969697,8.853128743709817,25.475833333333338,59.08545454545455,24,,,,,36.99300405844156,19.4567140231092,5.15893308080808,1.0385129533368114,0,0,5,108,4,2026,1,spring,test
2026-04-19 00:00:00+00:00,4946811,556 Nguyễn Văn Cừ,21.0491,105.8831,34.399842171717175,9.45314170283705,16.533636363636365,51.63,24,,,,,34.54604001322752,14.866144429873993,5.185536616161617,0.7641107500292807,0,0,6,109,4,2026,1,spring,test
2026-04-20 00:00:00+00:00,4946811,556 Nguyễn Văn Cừ,21.0491,105.8831,32.89888362794613,12.651871999401598,16.30666666666667,55.01666666666666,24,,,,,41.69383246151996,17.56868599519906,4.768215488215488,1.0455231656713673,0,0,0,110,4,2026,0,spring,test
2026-04-21 00:00:00+00:00,4946811,556 Nguyễn Văn Cừ,21.0491,105.8831,27.885555555555555,4.663928897960888,19.791666666666668,38.03833333333333,24,,,,,48.36760248316498,20.220533653067218,4.634747474747475,0.6919437627670104,0,0,1,111,4,2026,0,spring,test
2026-04-22 00:00:00+00:00,4946811,556 Nguyễn Văn Cừ,21.0491,105.8831,38.04490867003367,15.649134286920658,9.998181818181818,74.27199999999999,24,,,,,49.39275652356903,21.627239227493323,5.02101430976431,1.1342986805642736,0,0,2,112,4,2026,0,spring,test
2026-04-23 00:00:00+00:00,4946811,556 Nguyễn Văn Cừ,21.0491,105.8831,21.487429450757574,13.689779095510419,1.18,43.27333333333332,24,,,,,24.641637626262625,17.587627548517787,5.065484217171718,0.780051838221918,1,0,3,113,4,2026,0,spring,test
2026-04-24 00:00:00+00:00,4946811,556 Nguyễn Văn Cừ,21.0491,105.8831,34.58569128787879,11.400510480519255,15.799090909090909,54.74416666666665,24,,,,,21.438049873737373,8.747929807302537,5.8017645202020205,0.589531094215407,0,0,4,114,4,2026,0,spring,test
2026-04-25 00:00:00+00:00,4946811,556 Nguyễn Văn Cừ,21.0491,105.8831,46.88898421717172,15.769826164450468,26.90833333333333,81.48583333333333,24,,,,,26.804023358585862,8.357941308847888,5.6481950757575765,1.2079991756910784,0,0,5,115,4,2026,1,spring,test
2026-04-26 00:00:00+00:00,4946811,556 Nguyễn Văn Cừ,21.0491,105.8831,37.02493623737374,10.130617997277703,18.221818181818183,56.16399999999999,24,,,,,33.1226976010101,19.702443875691696,5.248345328282828,1.1145540476335822,0,0,6,116,4,2026,1,spring,test
2026-04-27 00:00:00+00:00,4946811,556 Nguyễn Văn Cừ,21.0491,105.8831,28.253630050505052,8.139541095876694,10.298333333333332,39.01499999999999,24,,,,,40.66835091991342,18.016234652207146,4.7782638888888895,0.6866194342669079,0,0,0,117,4,2026,0,spring,test
2026-04-28 00:00:00+00:00,4946811,556 Nguyễn Văn Cừ,21.0491,105.8831,28.274929292929297,14.92489120327534,3.42,59.85272727272727,24,,,,,41.417840909090906,20.211326882713646,4.925506944444444,1.115764088576538,2,0,1,118,4,2026,0,spring,test
2026-04-29 00:00:00+00:00,4946811,556 Nguyễn Văn Cừ,21.0491,105.8831,14.615837121212122,6.326504187410095,3.624166666666667,24.2475,24,,,,,34.402712121212126,14.905476095668988,4.742587752525252,0.6977451412150829,5,0,2,119,4,2026,0,spring,test
2026-04-30 00:00:00+00:00,4946811,556 Nguyễn Văn Cừ,21.0491,105.8831,19.54541919191919,7.265637308633853,8.193636363636363,32.79666666666666,24,,,,,47.50457575757576,12.280612725004605,4.65588446969697,0.7880087821437443,0,0,3,120,4,2026,0,spring,test
2026-05-01 00:00:00+00:00,4946811,556 Nguyễn Văn Cừ,21.0491,105.8831,28.378248737373738,6.4029261335520244,18.749090909090903,41.02363636363636,24,,,,,45.64033712121212,9.616282163579838,4.891435606060607,1.0167944631743224,0,0,4,121,5,2026,0,spring,test
2026-05-02 00:00:00+00:00,4946811,556 Nguyễn Văn Cừ,21.0491,105.8831,24.02563952020202,11.917689434430784,2.94,40.54083333333333,24,,,,,33.22929356060606,11.559414280921093,4.876347853535354,0.651771519396338,1,0,5,122,5,2026,1,spring,test
2026-05-03 00:00:00+00:00,4946811,556 Nguyễn Văn Cừ,21.0491,105.8831,20.557057449494952,14.461954367557537,2.85,53.29545454545455,24,,,,,30.106320075757576,9.327481462036149,5.420805555555556,0.512510031679476,0,0,6,123,5,2026,1,spring,test
2026-05-04 00:00:00+00:00,4946811,556 Nguyễn Văn Cừ,21.0491,105.8831,28.6255523989899,11.440342533667373,11.045,43.01416666666666,24,,,,,28.77523674242424,18.276451786756056,4.977919823232324,0.44071075057696957,0,0,0,124,5,2026,0,spring,test
2026-05-05 00:00:00+00:00,4946811,556 Nguyễn Văn Cừ,21.0491,105.8831,34.75293623737374,13.010390373554353,7.268333333333332,60.26,24,,,,,42.39050526094276,17.394036053313727,5.539172348484848,0.9310728122990491,0,0,1,125,5,2026,0,spring,test
2026-05-06 00:00:00+00:00,4946811,556 Nguyễn Văn Cừ,21.0491,105.8831,26.12297537878788,7.655661770572344,9.676666666666666,40.01800000000001,24,,,,,39.38473042929293,14.908098607452638,5.222339646464647,0.7096109273131209,0,0,2,126,5,2026,0,spring,test
2026-05-07 00:00:00+00:00,4946811,556 Nguyễn Văn Cừ,21.0491,105.8831,22.057511994949497,12.486759648578346,2.78,53.03666666666667,24,,,,,57.021309974747474,23.41581820799525,5.261238005050505,0.873275456980731,2,0,3,127,5,2026,0,spring,test
2026-05-08 00:00:00+00:00,4946811,556 Nguyễn Văn Cừ,21.0491,105.8831,27.288238636363634,9.944923819328793,13.520909090909091,43.69583333333333,24,,,,,37.83447853535353,14.301387962533115,5.108412247474748,0.6007279097719821,0,0,4,128,5,2026,0,spring,test
2026-05-09 00:00:00+00:00,4946811,556 Nguyễn Văn Cừ,21.0491,105.8831,35.22847222222222,15.811413976977667,18.794166666666666,72.47749999999999,24,,,,,32.02960016835017,14.004803169006905,4.786019570707071,0.319504502644998,0,0,5,129,5,2026,1,spring,test
2026-05-10 00:00:00+00:00,4946811,556 Nguyễn Văn Cừ,21.0491,105.8831,42.226046085858584,16.019373144280973,17.9875,82.30916666666667,24,,,,,37.426582702020205,15.5313788287047,5.414149621212122,0.6665651284261981,0,0,6,130,5,2026,1,spring,test
2026-05-11 00:00:00+00:00,4946811,556 Nguyễn Văn Cừ,21.0491,105.8831,35.26588699494949,11.577017557186439,14.2025,59.0025,24,,,,,38.40461900252526,17.92945343935435,5.560536616161616,1.0650619005750164,0,0,0,131,5,2026,0,spring,test
2026-05-12 00:00:00+00:00,4946811,556 Nguyễn Văn Cừ,21.0491,105.8831,24.734264462809918,4.864200341232447,19.3275,38.641818181818174,22,,,,,52.00271092417683,22.816244756434116,5.257506198347108,0.6376506567761048,12,0,1,132,5,2026,0,spring,test
2026-05-13 00:00:00+00:00,4946811,556 Nguyễn Văn Cừ,21.0491,105.8831,33.07531502525253,11.829787926442998,15.865,55.55909090909092,24,,,,,47.41938131313131,24.3164723010493,4.771715277777778,1.0083943099507366,1,0,2,133,5,2026,0,spring,test
2026-05-14 00:00:00+00:00,4946811,556 Nguyễn Văn Cừ,21.0491,105.8831,40.97727588383838,13.971932561726096,10.246,65.79916666666668,24,,,,,45.14338278619528,31.6155924549123,5.294705176767677,1.6213179591927545,1,0,3,134,5,2026,0,spring,test
2026-05-15 00:00:00+00:00,4946811,556 Nguyễn Văn Cừ,21.0491,105.8831,46.7525,13.971932561726096,46.7525,46.7525,1,,,,,90.55166666666666,31.6155924549123,6.6375,1.6213179591927545,0,0,4,135,5,2026,0,spring,test
2025-07-03 00:00:00+00:00,4946812,Công viên Nhân Chính - Khuất Duy Tiến,21.0031,105.79470000000002,24.824551136363635,3.1141722890325765,21.08083333333333,29.446363636363632,8,1795.629074810606,654.0214832420786,41.80794696969697,6.267002659481871,14.467694444444446,11.868558525216544,6.213975378787879,0.5272920985301056,0,0,3,184,7,2025,0,summer,train
2025-07-04 00:00:00+00:00,4946812,Công viên Nhân Chính - Khuất Duy Tiến,21.0031,105.79470000000002,26.380433636964884,8.224133945715833,13.711111111111112,41.606,24,1598.464302293771,678.5723675325793,40.255382169913425,11.924504870385695,19.938548265392015,14.471695916458327,6.122251908970658,0.7858585600741386,0,0,4,185,7,2025,0,summer,train
2025-07-05 00:00:00+00:00,4946812,Công viên Nhân Chính - Khuất Duy Tiến,21.0031,105.79470000000002,27.189904521404518,7.951469747800958,11.79181818181818,39.15111111111111,24,1472.7800255080567,486.48507053551344,41.284059538840786,10.844441472864174,21.630906415343915,14.813490043659774,6.45754093013468,0.8749418562912188,0,0,5,186,7,2025,1,summer,train
2025-07-06 00:00:00+00:00,4946812,Công viên Nhân Chính - Khuất Duy Tiến,21.0031,105.79470000000002,19.935925189393938,4.108234739505861,14.38875,28.431818181818183,24,1339.903889520202,360.08700030215374,35.008726851851854,10.11676839979453,16.34333676046176,9.202554884236028,5.876013783670033,0.7254545815207826,0,0,6,187,7,2025,1,summer,train
2025-07-07 00:00:00+00:00,4946812,Công viên Nhân Chính - Khuất Duy Tiến,21.0031,105.79470000000002,26.60541412638288,8.477367416267427,14.597499999999998,45.166,24,1514.574114327802,528.1143500846287,36.19891765873016,10.160664690374883,22.13342759439634,19.399395229011663,6.476688071188072,0.9017662785249135,0,0,0,188,7,2025,0,summer,train
2025-07-08 00:00:00+00:00,4946812,Công viên Nhân Chính - Khuất Duy Tiến,21.0031,105.79470000000002,27.95124074074074,9.967572760548222,14.819090909090908,46.699,24,1563.502789877946,564.9620211385037,38.15204345538721,9.14979588372335,13.606193287037037,12.444988679830308,6.875012521043771,1.0369768984622443,0,0,1,189,7,2025,0,summer,train
2025-07-09 00:00:00+00:00,4946812,Công viên Nhân Chính - Khuất Duy Tiến,21.0031,105.79470000000002,30.44415449134199,9.846164335394011,11.375833333333333,48.79545454545455,24,1278.655824359668,391.75673488622976,37.4946155453343,11.099273646982116,19.68990924122174,7.5149667660885004,6.785865485209235,1.3830231032876217,0,0,2,190,7,2025,0,summer,train
2025-07-10 00:00:00+00:00,4946812,Công viên Nhân Chính - Khuất Duy Tiến,21.0031,105.79470000000002,18.70105793049543,5.869688832609755,10.2925,35.132222222222225,24,1797.7076887175326,772.550906776737,48.64753461700337,15.902348793632994,10.641708167989417,5.29651263054748,6.6471646675084175,1.1541954296327295,0,0,3,191,7,2025,0,summer,train
2025-07-11 00:00:00+00:00,4946812,Công viên Nhân Chính - Khuất Duy Tiến,21.0031,105.79470000000002,19.911683712121214,8.176500123155723,4.819999999999999,41.03,24,2056.551400462963,754.3185502200624,51.765529356060604,11.964657188445036,11.294632650913902,5.6892895803268155,6.603252735690236,0.6129294740280343,0,0,4,192,7,2025,0,summer,train
2025-07-12 00:00:00+00:00,4946812,Công viên Nhân Chính - Khuất Duy Tiến,21.0031,105.79470000000002,18.481551978114478,7.064147888405094,5.643636363636364,29.33454545454545,24,1665.4458794191921,481.58179225669676,42.92617697811448,9.876246524364696,18.41676881914382,10.882660917679596,6.556508417508418,0.9067210613271478,0,0,5,193,7,2025,1,summer,train
2025-07-13 00:00:00+00:00,4946812,Công viên Nhân Chính - Khuất Duy Tiến,21.0031,105.79470000000002,29.298041606541606,8.32809039636909,15.48,48.062,24,1699.9401674783549,331.9655683836439,47.02679673220299,8.692498495745516,18.763271434583935,10.297952099178987,6.388215247715248,0.9539115958625074,0,0,6,194,7,2025,1,summer,train
2025-07-14 00:00:00+00:00,4946812,Công viên Nhân Chính - Khuất Duy Tiến,21.0031,105.79470000000002,35.29908067279943,8.64365144890934,20.75111111111111,53.02272727272727,24,2631.4362437920877,1009.3357089734604,51.76261921296296,17.039510030488344,21.315284226190474,15.994931012548927,6.980875,0.6451665339268812,0,0,0,195,7,2025,0,summer,train
2025-07-15 00:00:00+00:00,4946812,Công viên Nhân Chính - Khuất Duy Tiến,21.0031,105.79470000000002,34.467016865079366,16.101102853629115,9.48125,62.07363636363636,24,1695.0993417959355,724.5079853521863,38.92405932840308,10.592474542010242,25.259824494949495,13.275460436507373,6.487794477513227,1.175889579199789,0,0,1,196,7,2025,0,summer,train
2025-07-16 00:00:00+00:00,4946812,Công viên Nhân Chính - Khuất Duy Tiến,21.0031,105.79470000000002,20.41165570887446,5.5519364594524845,7.225,29.77,24,1392.9302336309522,374.8686801885428,34.64375199915825,8.47931002348847,18.21736789021164,10.836719486142838,6.2480881734006735,0.8858515275268729,0,0,2,197,7,2025,0,summer,train
2025-07-17 00:00:00+00:00,4946812,Công viên Nhân Chính - Khuất Duy Tiến,21.0031,105.79470000000002,27.03385358044733,6.444087408619713,15.6825,37.35142857142858,24,1382.297608089827,381.05039738455497,38.47772228234728,7.906688610336036,20.34243704906205,14.106176191598982,6.659076674482924,1.0821119682270732,0,0,3,198,7,2025,0,summer,train
2025-07-18 00:00:00+00:00,4946812,Công viên Nhân Chính - Khuất Duy Tiến,21.0031,105.79470000000002,25.88869357263107,6.7929961945249335,13.714444444444442,40.26875,24,1856.968325246513,608.6177769185003,47.63849890271766,11.11909117450057,9.386566032347282,7.899037207041045,7.231542027417028,1.3492117437321842,0,0,4,199,7,2025,0,summer,train
2025-07-19 00:00:00+00:00,4946812,Công viên Nhân Chính - Khuất Duy Tiến,21.0031,105.79470000000002,34.25281936928812,21.814103218104577,10.095000000000002,78.04,24,1736.8046881914381,609.6164103715703,44.41889747174122,13.836732653844233,16.27044902898028,5.998070698062642,6.359934914622414,0.7846560129540219,6,0,5,200,7,2025,1,summer,train
2025-07-20 00:00:00+00:00,4946812,Công viên Nhân Chính - Khuất Duy Tiến,21.0031,105.79470000000002,28.731398644179894,9.27381851473239,10.708571428571428,48.3325,24,1732.207247850529,238.08783868400087,40.40191154100529,9.83782817820471,15.253832671957673,11.319770455745498,6.1720264550264545,0.7400600142801682,0,0,6,201,7,2025,1,summer,train
2025-07-21 00:00:00+00:00,4946812,Công viên Nhân Chính - Khuất Duy Tiến,21.0031,105.79470000000002,17.836815446127947,8.317784854681877,2.87,33.47272727272728,24,1784.9704969486531,888.1526614877416,42.93634430239899,8.197357057201577,13.915597718253968,7.77484317215561,6.009569128787878,0.6861043169119653,0,0,0,202,7,2025,0,summer,train
2025-07-22 00:00:00+00:00,4946812,Công viên Nhân Chính - Khuất Duy Tiến,21.0031,105.79470000000002,6.822618807118807,4.03002503334796,1.09,15.234285714285711,24,1066.0920520683019,428.27355146607596,35.62578439202884,10.15677823354557,17.121739087301588,8.827291720961181,5.271955567580568,0.39108273369519675,1,0,1,203,7,2025,0,summer,train
2025-07-23 00:00:00+00:00,4946812,Công viên Nhân Chính - Khuất Duy Tiến,21.0031,105.79470000000002,13.753962542087542,5.8765300340643325,3.238181818181818,25.972222222222225,24,1562.3066565656566,529.9100248084019,28.315224481658692,12.116199409889562,15.545728760822511,9.923417676494056,6.028346906565656,0.466512637513239,0,0,2,204,7,2025,0,summer,train
2025-07-24 00:00:00+00:00,4946812,Công viên Nhân Chính - Khuất Duy Tiến,21.0031,105.79470000000002,14.301280212842713,6.325759244354689,2.6580000000000004,24.852222222222217,24,1469.2474537187352,373.06767131242526,33.06594432419433,9.349316393063951,10.840076554232803,7.09851445949221,6.054603144540645,1.0893364231639417,0,0,3,205,7,2025,0,summer,train
2025-07-25 00:00:00+00:00,4946812,Công viên Nhân Chính - Khuất Duy Tiến,21.0031,105.79470000000002,26.90664995189995,7.590052081426973,15.251428571428573,40.322,24,1752.256523253367,541.9804436993728,38.009182945526696,17.405115278129035,13.517039006132757,6.532718778346839,5.825864297739297,0.44151176271559356,0,0,4,206,7,2025,0,summer,train
2025-07-26 00:00:00+00:00,4946812,Công viên Nhân Chính - Khuất Duy Tiến,21.0031,105.79470000000002,26.081437394781148,11.580408153796752,6.296666666666667,41.49454545454545,24,1735.601119784151,455.03482905096587,40.119357744107745,12.415806450213585,19.088481767075518,12.688731212917439,6.136554413179414,0.6954193366832927,0,0,5,207,7,2025,1,summer,train
2025-07-27 00:00:00+00:00,4946812,Công viên Nhân Chính - Khuất Duy Tiến,21.0031,105.79470000000002,26.988546356421356,7.472574100680706,9.46909090909091,36.74250000000001,24,1484.3910197210198,411.3517849180524,34.82670277176527,11.319755128334412,18.231183862433863,11.63221844738236,5.970344095719096,0.7880070256566404,0,0,6,208,7,2025,1,summer,train
2025-07-28 00:00:00+00:00,4946812,Công viên Nhân Chính - Khuất Duy Tiến,21.0031,105.79470000000002,38.75276373857624,6.623555024517194,27.386000000000003,52.532,24,2072.578123526936,740.9456771781321,53.321001097282355,12.260901485804588,13.379385266354015,8.220353670854363,6.358547348484849,1.0321164636255138,1,0,0,209,7,2025,0,summer,train
2025-07-29 00:00:00+00:00,4946812,Công viên Nhân Chính - Khuất Duy Tiến,21.0031,105.79470000000002,42.29406262025012,16.616408193008105,17.415833333333335,70.77636363636363,24,1726.9992711940838,457.170341913283,41.23268961940837,10.994181708991272,15.225728445165943,7.958832128648209,6.964545168951418,1.5793995586055007,0,0,1,210,7,2025,0,summer,train
2025-07-30 00:00:00+00:00,4946812,Công viên Nhân Chính - Khuất Duy Tiến,21.0031,105.79470000000002,25.42545677008177,14.209992780712945,2.53,50.79444444444445,24,1690.4037154731843,503.8476731143867,44.054082025613276,13.4459338642552,14.208605203823955,7.210328667135411,6.940832942520443,1.7976287781576192,0,0,2,211,7,2025,0,summer,train
2025-07-31 00:00:00+00:00,4946812,Công viên Nhân Chính - Khuất Duy Tiến,21.0031,105.79470000000002,21.70046714165464,10.67903638826067,4.076666666666667,44.01454545454546,24,1737.2499434223184,805.7779455143665,40.0713529491342,8.848911887841881,15.139154386123137,7.022569756277391,6.397883868446368,1.0211997545109022,0,0,3,212,7,2025,0,summer,train
2025-08-01 00:00:00+00:00,4946812,Công viên Nhân Chính - Khuất Duy Tiến,21.0031,105.79470000000002,17.66228197150072,6.640753451863239,1.7266666666666663,28.514444444444443,24,1851.0950641534391,668.561650193292,41.9787524500962,15.183242260485438,13.553443317099566,6.857858026823532,6.6359454966329965,1.0722407635210442,0,0,4,213,8,2025,0,summer,train
2025-08-02 00:00:00+00:00,4946812,Công viên Nhân Chính - Khuất Duy Tiến,21.0031,105.79470000000002,30.12899470899471,6.839444276560821,16.568181818181817,40.66125,24,1760.5994383718134,533.0549123760276,37.62867058982684,13.120284596576742,19.52775671897547,12.933737296876496,6.621193317099568,1.2436224186434666,0,0,5,214,8,2025,1,summer,train
2025-08-03 00:00:00+00:00,4946812,Công viên Nhân Chính - Khuất Duy Tiến,21.0031,105.79470000000002,15.774767421236172,8.5482766556714,4.072727272727272,34.724000000000004,24,1455.9306303060366,434.87735401535343,33.77919808201058,8.66398437674199,8.008407196969697,6.738596277310524,7.424901109307359,2.572169538312765,0,0,6,215,8,2025,1,summer,train
2025-08-04 00:00:00+00:00,4946812,Công viên Nhân Chính - Khuất Duy Tiến,21.0031,105.79470000000002,18.500146194083694,6.811738781371747,9.349,33.977272727272734,24,1670.306066708754,716.5472808083362,37.11350529100529,9.605740861334718,5.1422223575036075,2.1967484049972636,7.000208077801827,1.3492449675892315,0,0,0,216,8,2025,0,summer,train
2025-08-05 00:00:00+00:00,4946812,Công viên Nhân Chính - Khuất Duy Tiến,21.0031,105.79470000000002,18.674227392977393,8.960036879026344,1.4163636363636365,31.908,24,1663.548264865921,557.7731363411257,36.79366075937951,14.352067163332542,10.537576809764309,7.620293130779799,6.359781084656085,1.2196760348571787,0,0,1,217,8,2025,0,summer,train
2025-08-06 00:00:00+00:00,4946812,Công viên Nhân Chính - Khuất Duy Tiến,21.0031,105.79470000000002,19.13829558982684,10.10071712868923,1.83,32.045,24,1668.5836617063494,499.0610256124636,32.66836888227513,5.908894495641562,17.64642533970659,9.744090007767776,5.669527206589707,0.39670825277149996,0,0,2,218,8,2025,0,summer,train
2025-08-07 00:00:00+00:00,4946812,Công viên Nhân Chính - Khuất Duy Tiến,21.0031,105.79470000000002,26.60167355098605,9.929607721871669,2.3489999999999998,41.45875,24,1878.22542751924,621.7424530784696,41.820511498917746,9.549000645255326,14.752756328162578,8.864852287448295,6.235379764911015,0.8969535745441293,0,0,3,219,8,2025,0,summer,train
2025-08-08 00:00:00+00:00,4946812,Công viên Nhân Chính - Khuất Duy Tiến,21.0031,105.79470000000002,23.617779341029344,6.678047001218071,8.488888888888889,37.41142857142857,24,1529.5497201479077,372.561588891541,40.01319037097162,7.344436091508971,13.58820885942761,9.126626045464821,6.558100589225589,1.3181811550411653,0,0,4,220,8,2025,0,summer,train
2025-08-09 00:00:00+00:00,4946812,Công viên Nhân Chính - Khuất Duy Tiến,21.0031,105.79470000000002,19.70095141895142,7.445738627351899,7.752857142857143,33.36555555555556,24,1359.3191465999278,410.6432981233586,30.264052474146226,11.33087950340955,16.47806788119288,6.688093524936199,6.404000255531504,1.404753370065398,0,0,5,221,8,2025,1,summer,train
2025-08-10 00:00:00+00:00,4946812,Công viên Nhân Chính - Khuất Duy Tiến,21.0031,105.79470000000002,18.221664351851853,8.094979764967333,8.623999999999999,37.3,24,1600.5289062499999,569.0021770497851,26.281766203703707,8.301515538292342,15.263219742063493,6.802871856717223,6.215166666666666,1.0512825245019224,4,0,6,222,8,2025,1,summer,train
2025-08-11 00:00:00+00:00,4946812,Công viên Nhân Chính - Khuất Duy Tiến,21.0031,105.79470000000002,22.70943411796537,6.870906898932076,10.58222222222222,34.45,24,1574.21809588444,367.2001375722902,31.542062800625303,5.632023909458545,16.627339571308323,10.079298457282142,6.312355654761905,1.0478391534124638,0,0,0,223,8,2025,0,summer,train
2025-08-12 00:00:00+00:00,4946812,Công viên Nhân Chính - Khuất Duy Tiến,21.0031,105.79470000000002,21.46798874158249,6.69314700410096,9.95125,31.17333333333333,24,1535.3486640512265,249.00761170582385,31.611091495310244,8.856228890988179,14.65962996031746,7.659487118503194,6.08274718915344,0.69461560924112,0,0,1,224,8,2025,0,summer,train
2025-08-13 00:00:00+00:00,4946812,Công viên Nhân Chính - Khuất Duy Tiến,21.0031,105.79470000000002,30.149135476791727,7.560732581295008,14.341818181818184,44.36000000000001,24,1732.2881036405724,402.539594533113,38.890804954304954,10.20994480004167,18.972432524651275,13.773478519342495,6.134907482563733,0.7666801939517206,0,0,2,225,8,2025,0,summer,train
2025-08-14 00:00:00+00:00,4946812,Công viên Nhân Chính - Khuất Duy Tiến,21.0031,105.79470000000002,38.37865062830688,18.139856840539096,6.026249999999999,80.37100000000001,24,2302.471691468254,1153.9943791109695,62.79445709325396,31.455709639555018,13.785573578042326,6.72760678982554,5.691235945767196,7.2202813484139705,0,0,3,226,8,2025,0,summer,train
2025-08-15 00:00:00+00:00,4946812,Công viên Nhân Chính - Khuất Duy Tiến,21.0031,105.79470000000002,18.70258909030784,9.166465699098946,2.1555555555555563,39.712222222222216,24,1452.95082889911,557.6490526459006,45.283273133116886,16.241473879464515,19.73490558862434,11.443631417638336,2.101385131072631,1.1692877893773928,0,0,4,227,8,2025,0,summer,train
2025-08-16 00:00:00+00:00,4946812,Công viên Nhân Chính - Khuất Duy Tiến,21.0031,105.79470000000002,16.520141865079363,8.057713357556777,2.0587500000000003,32.764,24,1461.1981552579364,570.0669244390871,38.668387235449735,16.22068210448574,15.627106977513227,8.751496004231246,1.737838458994709,0.4284798158039684,0,0,5,228,8,2025,1,summer,train
2025-08-17 00:00:00+00:00,4946812,Công viên Nhân Chính - Khuất Duy Tiến,21.0031,105.79470000000002,20.43432705026455,10.242063288014359,1.7983333333333336,41.1575,24,2115.073611607143,765.1580134059542,45.28550248015873,10.835339068352162,12.812744212962963,9.563292053999279,2.0310018187830687,0.5383588192378772,0,0,6,229,8,2025,1,summer,train
2025-08-18 00:00:00+00:00,4946812,Công viên Nhân Chính - Khuất Duy Tiến,21.0031,105.79470000000002,20.092619348244348,9.996915097965067,2.728181818181818,40.39000000000001,24,2474.994919687951,1195.5726156914684,57.53541172138048,21.03614459659675,12.49194031084656,9.373874530288768,2.276026455026455,0.8089320257709489,0,0,0,230,8,2025,0,summer,train
2025-08-19 00:00:00+00:00,4946812,Công viên Nhân Chính - Khuất Duy Tiến,21.0031,105.79470000000002,14.51882853835979,6.379760538070111,3.981428571428571,25.89,24,1823.3427293320108,477.5355643804979,49.33964682539682,6.768947365130294,12.84707738095238,10.33579713531496,1.7629077380952383,0.3573003735671466,0,0,1,231,8,2025,0,summer,train
2025-08-20 00:00:00+00:00,4946812,Công viên Nhân Chính - Khuất Duy Tiến,21.0031,105.79470000000002,20.6188599537037,6.442834784530811,9.59375,37.794,24,1962.7722572601008,694.128992327755,61.03976662457913,12.847053842306662,13.037207371332372,8.475364495830712,1.9880801617364117,0.5019656579088322,0,0,2,232,8,2025,0,summer,train
2025-08-21 00:00:00+00:00,4946812,Công viên Nhân Chính - Khuất Duy Tiến,21.0031,105.79470000000002,21.642070496632996,6.812079060076649,9.48375,34.511,24,1721.1068857623857,350.3572608496311,50.65200300625301,13.537031828130361,13.025227047258298,10.230652663560585,1.7427149470899472,0.4096084671761317,0,0,3,233,8,2025,0,summer,train
2025-08-22 00:00:00+00:00,4946812,Công viên Nhân Chính - Khuất Duy Tiến,21.0031,105.79470000000002,18.151749774531023,7.189518419951753,6.98,31.611818181818183,24,1641.3042436267435,719.4871821199596,45.48216567460317,12.125240932360942,10.254041832010582,6.651254975384957,1.8722533369408367,0.5557901890549204,0,0,4,234,8,2025,0,summer,train
2025-08-23 00:00:00+00:00,4946812,Công viên Nhân Chính - Khuất Duy Tiến,21.0031,105.79470000000002,24.657830687830685,12.851497810941728,3.526666666666667,49.754000000000005,24,2032.3999990079365,715.8989663316937,51.79764301801802,22.23165728344106,14.342170634920635,10.641485786254885,2.051959986772487,0.7820867755129038,0,0,5,235,8,2025,1,summer,train
2025-08-24 00:00:00+00:00,4946812,Công viên Nhân Chính - Khuất Duy Tiến,21.0031,105.79470000000002,26.505308531746035,16.874541637828646,3.8433333333333337,64.91857142857143,24,1987.145011904762,644.2535835982729,33.792972972972976,17.24832848308054,12.756631448412698,9.398686135231225,2.311677083333333,0.6831501143168486,0,0,6,236,8,2025,1,summer,train
2025-08-25 00:00:00+00:00,4946812,Công viên Nhân Chính - Khuất Duy Tiến,21.0031,105.79470000000002,12.612608871452622,8.272765900717928,1.18,28.782857142857143,24,2044.8505716991342,1603.210958031042,33.325653153153155,12.26499968272002,15.175879554473305,8.079694164803698,2.1352883597883596,1.1043742006034296,1,0,0,237,8,2025,0,summer,train
2025-08-26 00:00:00+00:00,4946812,Công viên Nhân Chính - Khuất Duy Tiến,21.0031,105.79470000000002,8.628503893097642,5.700123503788802,1.4388888888888889,20.543333333333333,24,1635.9705158429533,561.7547425730692,32.858333333333334,7.281670882359501,16.248947465728715,9.822854360864483,1.756695105820106,0.43482294596946436,1,0,1,238,8,2025,0,summer,train
2025-08-27 00:00:00+00:00,4946812,Công viên Nhân Chính - Khuất Duy Tiến,21.0031,105.79470000000002,22.160723875661375,14.292978304926212,1.415,45.855714285714285,24,2454.878058531746,1088.8108360827896,53.90293353174604,14.334391940557664,16.58762599206349,12.557025015696803,2.175777447089947,0.6952217526827961,0,0,2,239,8,2025,0,summer,train
2025-08-28 00:00:00+00:00,4946812,Công viên Nhân Chính - Khuất Duy Tiến,21.0031,105.79470000000002,39.27479761904762,12.541367930516152,18.75333333333333,57.918000000000006,24,2569.857820767196,490.5819816916011,58.351374436090225,7.146346943145132,15.311056547619048,7.5285449861696065,2.2732705026455027,0.6113616176158547,0,0,3,240,8,2025,0,summer,train
2025-08-29 00:00:00+00:00,4946812,Công viên Nhân Chính - Khuất Duy Tiến,21.0031,105.79470000000002,25.434953042328043,14.192459443766667,6.266666666666667,58.38875,24,2621.319347056878,1041.0437236928558,65.32704511278195,0.654951574691727,13.051416832010581,8.43776187194534,2.272831845238095,0.6289552920812516,0,0,4,241,8,2025,0,summer,train
2025-08-30 00:00:00+00:00,4946812,Công viên Nhân Chính - Khuất Duy Tiến,21.0031,105.79470000000002,14.693019525613275,7.5321887008221005,3.308888888888889,29.825,24,1907.3802722613036,737.1609296892454,52.29280955961331,0.5318307799110469,14.224408264189513,9.129006187589605,1.926440476190476,0.30776467782077915,0,0,5,242,8,2025,1,summer,train
2025-08-31 00:00:00+00:00,4946812,Công viên Nhân Chính - Khuất Duy Tiến,21.0031,105.79470000000002,18.420141714766714,10.341866167288522,4.027777777777777,42.60714285714285,24,1743.2389972492786,382.5664476385183,39.258574006444675,0.4087099851303666,16.0999329004329,9.455757407730038,1.5754632936507935,0.3202584100577478,0,0,6,243,8,2025,1,summer,train
2025-09-01 00:00:00+00:00,4946812,Công viên Nhân Chính - Khuất Duy Tiến,21.0031,105.79470000000002,28.590695917508416,14.60987262069241,7.441,51.66,24,2181.120479903199,544.9138325897065,26.224338453276047,0.2855891903496864,14.756255756974506,8.825756520229646,1.662273148148148,0.3639623745100944,0,0,0,244,9,2025,0,autumn,train
2025-09-02 00:00:00+00:00,4946812,Công viên Nhân Chính - Khuất Duy Tiến,21.0031,105.79470000000002,20.6717291967292,9.259406303589389,6.683333333333334,41.99,24,1966.094472718254,624.2719271862563,13.190102900107412,0.16246839556900616,15.572155363155362,7.720784092314799,1.5995839345839347,0.3202995133218556,0,0,1,245,9,2025,0,autumn,train
2025-09-03 00:00:00+00:00,4946812,Công viên Nhân Chính - Khuất Duy Tiến,21.0031,105.79470000000002,18.85921022727273,7.792910412040799,6.866000000000001,32.607000000000006,24,1737.2550219907407,473.14470716032355,0.1558673469387755,0.03934760078832588,10.981489568302068,6.665677118356162,1.5240579304954307,0.5916648023536316,2,0,2,246,9,2025,0,autumn,train
2025-09-04 00:00:00+00:00,4946812,Công viên Nhân Chính - Khuất Duy Tiến,21.0031,105.79470000000002,21.488853745791246,8.566087004835763,7.251111111111111,38.378888888888895,24,1687.7683061868686,466.98264403256115,2.416788386783285,3.1805094641035114,20.440211910774412,32.634443842147405,100.89592397186148,252.73227762015068,6,0,3,247,9,2025,0,autumn,train
2025-09-05 00:00:00+00:00,4946812,Công viên Nhân Chính - Khuất Duy Tiến,21.0031,105.79470000000002,17.75296133958634,6.138657689384865,8.239166666666666,30.177000000000003,24,1609.3375618686869,407.8020051400535,23.96301721601339,11.82767476428183,13.248271645021646,10.760623398743034,10.743320887445888,5.00649614206028,0,0,4,248,9,2025,0,autumn,train
2025-09-06 00:00:00+00:00,4946812,Công viên Nhân Chính - Khuất Duy Tiến,21.0031,105.79470000000002,16.785152672558922,7.009183443758967,3.5518181818181818,30.416363636363634,24,1416.5223987794614,235.36351885883698,45.5092460452435,20.47484006446015,15.360008477633478,9.331463596630183,5.43701188973064,2.037142996017639,0,0,5,249,9,2025,1,autumn,validation
2025-09-07 00:00:00+00:00,4946812,Công viên Nhân Chính - Khuất Duy Tiến,21.0031,105.79470000000002,31.956627525252525,12.700311588769345,8.323,53.830000000000005,24,1863.2112613636364,457.2068677989349,67.0554748744736,29.12200536463847,13.704236531986531,9.550420237459942,4.398681818181818,1.296644789949333,0,0,6,250,9,2025,1,autumn,validation
2025-09-08 00:00:00+00:00,4946812,Công viên Nhân Chính - Khuất Duy Tiến,21.0031,105.79470000000002,48.15367866161616,14.78117751551504,23.15363636363637,77.74111111111111,24,2344.9964993686867,911.9776138024748,88.6017037037037,37.769170664816784,24.248859262265512,21.18023880790826,4.569066287878788,1.2166956308050345,0,0,0,251,9,2025,0,autumn,validation
2025-09-09 00:00:00+00:00,4946812,Công viên Nhân Chính - Khuất Duy Tiến,21.0031,105.79470000000002,28.09001978114478,5.327138844770295,21.654545454545453,41.139,24,2570.650702020202,918.4328247798883,79.86067234848484,22.780865335594424,41.35415773809524,32.19853644128031,2.4941051286676283,0.8796743037602315,0,0,1,252,9,2025,0,autumn,validation
2025-09-10 00:00:00+00:00,4946812,Công viên Nhân Chính - Khuất Duy Tiến,21.0031,105.79470000000002,30.622093223905722,11.62365768362062,10.243333333333332,49.272,24,2110.717191919192,686.5926139364008,73.18306050084175,31.0162338421455,30.723742228835977,22.974785637169827,1.6441843584656084,0.3697024234415352,0,0,2,253,9,2025,0,autumn,validation
2025-09-11 00:00:00+00:00,4946812,Công viên Nhân Chính - Khuất Duy Tiến,21.0031,105.79470000000002,14.945376518157767,3.1490130456621523,8.901111111111112,20.134545454545457,24,1863.5953066979318,438.0274582267354,53.13301597823473,10.86346980870762,28.586743055555555,27.03715601074019,1.5273124999999999,0.33866904281554006,0,0,3,254,9,2025,0,autumn,validation
2025-09-12 00:00:00+00:00,4946812,Công viên Nhân Chính - Khuất Duy Tiến,21.0031,105.79470000000002,15.01130965909091,2.130166280386841,10.63818181818182,18.23909090909091,24,1856.6468826809767,467.6201064215612,48.843257365319865,9.70822481058686,26.469173611111113,24.885464997218687,1.6527809193121694,0.403177545960041,0,0,4,255,9,2025,0,autumn,validation
2025-09-13 00:00:00+00:00,4946812,Công viên Nhân Chính - Khuất Duy Tiến,21.0031,105.79470000000002,15.694605744949493,3.1553028681104642,11.30875,22.333,24,1624.5816893939393,266.3676896196965,56.73416035353535,18.852104306343552,28.68521097883598,18.954366934293063,1.7006249999999998,0.26191648856205363,0,0,5,256,9,2025,1,autumn,validation
2025-09-14 00:00:00+00:00,4946812,Công viên Nhân Chính - Khuất Duy Tiến,21.0031,105.79470000000002,17.909070917508416,2.6474584821705456,13.328333333333331,22.582999999999995,24,1868.8735782828282,280.0650590184233,58.12116898148148,12.359247065461078,25.764531610750357,21.937225643702856,1.5558577741702742,0.4286579723362526,0,0,6,257,9,2025,1,autumn,validation
2025-09-15 00:00:00+00:00,4946812,Công viên Nhân Chính - Khuất Duy Tiến,21.0031,105.79470000000002,16.79521775793651,4.440443192518448,9.066,24.815,24,2001.4072347282347,563.3697340918886,60.503636063011065,21.047378266109245,28.179030753968252,17.984090764674086,1.762025493025493,0.3477264752734561,0,0,0,258,9,2025,0,autumn,validation
2025-09-16 00:00:00+00:00,4946812,Công viên Nhân Chính - Khuất Duy Tiến,21.0031,105.79470000000002,20.159292643698894,5.340511928539481,12.486363636363636,32.781,24,2059.516258627946,508.7269599026591,71.86438008056759,30.935094533453974,29.20850151815777,20.209724264013964,1.9624492394179895,0.521200974090994,0,0,1,259,9,2025,0,autumn,validation
2025-09-17 00:00:00+00:00,4946812,Công viên Nhân Chính - Khuất Duy Tiến,21.0031,105.79470000000002,26.24017676767677,10.398269437934815,8.326363636363636,42.13875,24,2417.250845959596,1037.1319356110682,57.224001788720535,25.419195464386366,40.65121275252525,34.64628294062945,1.969418275012025,0.8342156649527613,0,0,2,260,9,2025,0,autumn,validation
2025-09-18 00:00:00+00:00,4946812,Công viên Nhân Chính - Khuất Duy Tiến,21.0031,105.79470000000002,30.001386063011065,7.077376573294924,16.98,40.344545454545454,24,3068.4066111712364,1064.9116129247873,78.84670683020683,23.537974231180197,32.04414823833574,23.995405538152156,2.237664261664262,0.6042789816871947,0,0,3,261,9,2025,0,autumn,validation
2025-09-19 00:00:00+00:00,4946812,Công viên Nhân Chính - Khuất Duy Tiến,21.0031,105.79470000000002,27.48989678030303,8.004209141353618,20.404,44.900000000000006,24,2552.8886239478115,743.8113218612007,73.10663194444444,18.45031403281604,30.838528078403076,18.654684895414942,1.9004420469576722,0.329102973225575,0,0,4,262,9,2025,0,autumn,validation
2025-09-20 00:00:00+00:00,4946812,Công viên Nhân Chính - Khuất Duy Tiến,21.0031,105.79470000000002,37.199240845959594,7.110489190123725,28.724444444444448,51.11300000000001,24,2575.250559659091,625.7855099148563,116.4801400462963,42.49306772693618,28.71251421957672,15.998473019229648,2.068798776455026,0.611422855049145,0,0,5,263,9,2025,1,autumn,validation
2025-09-21 00:00:00+00:00,4946812,Công viên Nhân Chính - Khuất Duy Tiến,21.0031,105.79470000000002,34.58519486531986,10.13598579371495,13.776666666666666,50.553,24,2179.1854259259258,353.6863364135293,65.46330008417509,26.28241467023265,35.53055118145743,24.326246333476576,1.4370324074074075,0.20144486626519564,0,0,6,264,9,2025,1,autumn,validation
2025-09-22 00:00:00+00:00,4946812,Công viên Nhân Chính - Khuất Duy Tiến,21.0031,105.79470000000002,25.003249864718615,7.732993433987335,9.41818181818182,38.29636363636364,24,2080.0905959746274,319.04567780434695,49.28331508537758,16.56138340346117,40.10688111772487,34.252918586770804,1.568680886243386,0.38508533021524544,0,0,0,265,9,2025,0,autumn,validation
2025-09-23 00:00:00+00:00,4946812,Công viên Nhân Chính - Khuất Duy Tiến,21.0031,105.79470000000002,33.489767346079844,6.045670634791647,20.742222222222225,43.086666666666666,24,2901.5659096921595,583.5136845767911,83.30897109487735,31.416843987358774,33.44534200637326,23.849036894917116,2.2832200727513228,0.5015631374793567,0,0,1,266,9,2025,0,autumn,validation
2025-09-24 00:00:00+00:00,4946812,Công viên Nhân Chính - Khuất Duy Tiến,21.0031,105.79470000000002,30.339037382756132,6.6243499433754796,19.232857142857146,44.29,24,3242.0491505531504,942.8255198005725,78.34459355459356,18.67433321041264,18.747458664021163,14.888828326780827,2.4539391534391535,0.8065476759878206,0,0,2,267,9,2025,0,autumn,validation
2025-09-25 00:00:00+00:00,4946812,Công viên Nhân Chính - Khuất Duy Tiến,21.0031,105.79470000000002,21.69265294312169,3.41794524190683,15.735714285714286,27.55333333333333,24,2934.8413280423283,733.7395664915202,70.35487136243385,16.996428076038328,27.065456018518518,27.57018773773749,1.9520079365079364,0.49083982679154853,0,0,3,268,9,2025,0,autumn,validation
2025-09-26 00:00:00+00:00,4946812,Công viên Nhân Chính - Khuất Duy Tiến,21.0031,105.79470000000002,23.89832390873016,6.447918696475543,13.15875,33.19799999999999,24,3312.362872189153,915.86619658758,67.13394742063493,24.964900065608678,36.48580092592592,38.009024784298084,2.2108174603174606,0.6296927264267872,0,0,4,269,9,2025,0,autumn,validation
2025-09-27 00:00:00+00:00,4946812,Công viên Nhân Chính - Khuất Duy Tiến,21.0031,105.79470000000002,20.333378096440597,5.6253396175322035,9.142857142857142,30.34555555555556,24,2770.9645736982925,972.9307695266123,51.98833247655122,16.66689839275552,46.70684110449736,45.12566651313624,2.405222613035113,0.7771274843147528,0,0,5,270,9,2025,1,autumn,validation
2025-09-28 00:00:00+00:00,4946812,Công viên Nhân Chính - Khuất Duy Tiến,21.0031,105.79470000000002,14.904772366522367,6.366031054826369,8.353333333333333,29.945555555555558,24,2486.43198609608,722.424878792668,43.002380275974026,18.372041442207095,42.41616302910053,39.47226464702262,1.9032591991341992,0.6949813473688823,0,0,6,271,9,2025,1,autumn,validation
2025-09-29 00:00:00+00:00,4946812,Công viên Nhân Chính - Khuất Duy Tiến,21.0031,105.79470000000002,7.529938912938913,1.9601947159203705,3.451428571428572,10.82111111111111,24,1744.76441492304,279.77493629942967,23.092571563852815,6.415492982210439,43.45736061507936,41.531341760136556,1.5388859126984127,0.2955268733114039,0,0,0,272,9,2025,0,autumn,validation
2025-09-30 00:00:00+00:00,4946812,Công viên Nhân Chính - Khuất Duy Tiến,21.0031,105.79470000000002,7.027646913580247,0.45597622155411865,5.858333333333334,7.48888888888889,9,3182.240286419753,587.2512859829645,59.349612962962965,0.9372345481142983,98.39108012820512,11.929630422433938,2.171418269230769,0.4277815833169399,21,0,1,273,9,2025,0,autumn,validation
2025-10-01 00:00:00+00:00,4946812,Công viên Nhân Chính - Khuất Duy Tiến,21.0031,105.79470000000002,20.276188397581254,5.4338053949469005,6.68,28.02777777777778,21,2941.3585908919126,617.3606017568065,31.779462962962963,36.494063857398515,18.870182539682542,16.818551258944257,5.802625850340137,9.72747457989204,3,0,2,274,10,2025,0,autumn,validation
2025-10-02 00:00:00+00:00,4946812,Công viên Nhân Chính - Khuất Duy Tiến,21.0031,105.79470000000002,19.3867971530784,4.076918720534678,13.433333333333334,28.342857142857145,24,2188.483283820346,565.7393514882505,22.13251367845118,12.83187643843828,16.78120386904762,11.680871721206772,2.6344911497493735,0.8807121172965584,0,0,3,275,10,2025,0,autumn,validation
2025-10-03 00:00:00+00:00,4946812,Công viên Nhân Chính - Khuất Duy Tiến,21.0031,105.79470000000002,23.674781415343915,5.304064528836088,13.644285714285717,32.26090909090909,24,2659.36126068723,624.0363832566658,28.128930209836458,9.610874756718568,19.98723148148148,12.849825276301319,1.707258528265107,0.2555193267405691,0,0,4,276,10,2025,0,autumn,validation
2025-10-04 00:00:00+00:00,4946812,Công viên Nhân Chính - Khuất Duy Tiến,21.0031,105.79470000000002,28.28111559042809,5.296959040628606,18.96583333333333,40.50363636363635,24,2449.993241717773,468.6559479105576,27.66568998015873,6.768842788998672,24.86200402837903,18.59235918805492,2.083044146825397,0.6114692614521741,1,0,5,277,10,2025,1,autumn,validation
2025-10-05 00:00:00+00:00,4946812,Công viên Nhân Chính - Khuất Duy Tiến,21.0031,105.79470000000002,51.48373453282829,8.345861270895147,39.00125,70.11166666666666,24,3057.306966119529,813.7383724404563,41.909899095117844,20.32135189760228,23.23852788299663,16.182746021334825,2.741926527176527,0.9215177943342086,0,0,6,278,10,2025,1,autumn,validation
2025-10-06 00:00:00+00:00,4946812,Công viên Nhân Chính - Khuất Duy Tiến,21.0031,105.79470000000002,20.635858585858585,12.998733711212592,2.7691666666666666,43.528333333333336,24,2436.6763478535354,767.531265067597,18.569782196969697,7.348222615267015,20.06985800715488,9.039022195867103,2.041543846200096,0.6001903856332642,0,0,0,279,10,2025,0,autumn,validation
2025-10-07 00:00:00+00:00,4946812,Công viên Nhân Chính - Khuất Duy Tiến,21.0031,105.79470000000002,11.427142135642136,3.20881830693244,4.213636363636364,17.571111111111108,24,1846.6450735179171,182.70097693832182,13.89081758056758,5.03240684804405,21.692564288720536,11.735934670950103,1.63378125,0.34804971255495676,0,0,1,280,10,2025,0,autumn,validation
2025-10-08 00:00:00+00:00,4946812,Công viên Nhân Chính - Khuất Duy Tiến,21.0031,105.79470000000002,30.848958017676768,12.137067809409238,13.197,51.005,24,3426.2594901545217,2124.212054919943,25.28157481060606,12.361778824097371,27.581029371091873,15.908954395334629,2.9685788239538238,1.8383188253903688,0,0,2,281,10,2025,0,autumn,validation
2025-10-09 00:00:00+00:00,4946812,Công viên Nhân Chính - Khuất Duy Tiến,21.0031,105.79470000000002,40.783585317460314,8.435833192445404,29.869,58.77666666666667,24,2942.1192962962964,982.6818644019434,37.12661292989418,13.243975095153461,28.965015046296298,15.82027589110707,2.5373645833333334,0.7369721791503983,0,0,3,282,10,2025,0,autumn,validation
2025-10-10 00:00:00+00:00,4946812,Công viên Nhân Chính - Khuất Duy Tiến,21.0031,105.79470000000002,44.66783871452622,8.619047997833212,25.06,57.75428571428571,24,3044.414073758417,1011.8034086547173,45.04533022186147,21.296596210755403,27.855505456349206,16.601581492048908,2.7801716269841275,0.8344679286539421,0,0,4,283,10,2025,0,autumn,validation
2025-10-11 00:00:00+00:00,4946812,Công viên Nhân Chính - Khuất Duy Tiến,21.0031,105.79470000000002,37.558372083934586,5.951582142180595,28.124285714285715,49.745,24,3202.2662890812894,600.2240509311943,40.15741538900914,13.858709262066458,17.16178971260221,10.94756832162147,2.146929292929293,0.6975820479029982,0,0,5,284,10,2025,1,autumn,validation
2025-10-12 00:00:00+00:00,4946812,Công viên Nhân Chính - Khuất Duy Tiến,21.0031,105.79470000000002,37.71069692460318,9.948296479343748,19.32,49.562,24,2623.692647486773,566.0070528528995,30.63406353715729,11.984444987582638,25.034290674603174,15.437884822747831,1.9824664502164502,0.3591613615171881,0,0,6,285,10,2025,1,autumn,validation
2025-10-13 00:00:00+00:00,4946812,Công viên Nhân Chính - Khuất Duy Tiến,21.0031,105.79470000000002,23.45382441979317,6.950484208281329,12.531111111111112,35.942,24,2647.494199630231,549.377737779366,17.695246061808565,8.849656495037816,20.270212632275133,11.984980251271264,1.9317270171957672,0.35811046123713314,0,0,0,286,10,2025,0,autumn,validation
2025-10-14 00:00:00+00:00,4946812,Công viên Nhân Chính - Khuất Duy Tiến,21.0031,105.79470000000002,20.776337993025493,5.801214509182143,7.1085714285714285,31.412857142857145,24,2753.818433065777,745.737446790853,4.823132665945166,3.705879547606866,21.015442956349208,22.348783251790564,2.554160473785474,1.0753684247478685,0,0,1,287,10,2025,0,autumn,validation
2025-10-15 00:00:00+00:00,4946812,Công viên Nhân Chính - Khuất Duy Tiến,21.0031,105.79470000000002,20.698252284752282,9.349100722290139,5.52,38.08222222222222,24,2970.617700321669,1088.579708342778,7.007770607864358,5.375534169384764,16.88442228835979,8.988566503629023,3.3339451509139013,1.3157000766222264,0,0,2,288,10,2025,0,autumn,validation
2025-10-16 00:00:00+00:00,4946812,Công viên Nhân Chính - Khuất Duy Tiến,21.0031,105.79470000000002,21.33483237133237,8.303827435008724,7.077500000000001,36.64,24,3247.606180976431,1025.4123990404591,12.65183933080808,9.796168706897827,11.93938852813853,10.800340427533436,3.697189874939875,1.3171820039867255,0,0,3,289,10,2025,0,autumn,validation
2025-10-17 00:00:00+00:00,4946812,Công viên Nhân Chính - Khuất Duy Tiến,21.0031,105.79470000000002,35.485954304954305,10.250085967101061,21.03714285714286,55.66666666666666,24,3118.382881809163,1132.5956643390048,18.304309508778257,13.515992955319867,23.04197567941318,19.18064214580465,4.139935545935546,1.453668924737772,0,0,4,290,10,2025,0,autumn,validation
2025-10-18 00:00:00+00:00,4946812,Công viên Nhân Chính - Khuất Duy Tiến,21.0031,105.79470000000002,41.26672321428571,14.900218851031171,20.18,68.708,24,2608.257727092352,793.5488930046956,21.4909047017797,11.791624492313476,18.71867957852333,12.908163822816617,4.100665404040404,1.4394336055042327,0,0,5,291,10,2025,1,autumn,validation
2025-10-19 00:00:00+00:00,4946812,Công viên Nhân Chính - Khuất Duy Tiến,21.0031,105.79470000000002,39.613181923400674,12.337038491266211,23.159,64.97666666666666,24,2764.966966540404,791.5593761547382,19.450758973665224,8.824720102217405,18.67069552669553,12.099486353789846,3.919641293891294,1.1293754753296186,0,0,6,292,10,2025,1,autumn,validation
2025-10-20 00:00:00+00:00,4946812,Công viên Nhân Chính - Khuất Duy Tiến,21.0031,105.79470000000002,18.740031565656565,6.008804639974659,10.831818181818184,30.433636363636367,24,2036.5920590277776,219.84954528281858,14.506226957070707,4.903553663943885,17.997069234006734,6.427278588759765,2.440516414141414,0.440690586619727,4,0,0,293,10,2025,0,autumn,validation
2025-10-21 00:00:00+00:00,4946812,Công viên Nhân Chính - Khuất Duy Tiến,21.0031,105.79470000000002,12.09002169011544,4.852395102048532,3.444,20.95777777777778,24,2079.8797513227514,798.8092528659565,14.441786195286197,6.703661449667991,15.85189696067821,4.983361788657193,2.506930224867725,0.9100770832465284,0,0,1,294,10,2025,0,autumn,validation
2025-10-22 00:00:00+00:00,4946812,Công viên Nhân Chính - Khuất Duy Tiến,21.0031,105.79470000000002,9.924956619769121,5.654670448391167,2.26,20.03,24,2042.9859521705148,557.5348485977204,14.048578207671959,5.714047378881618,18.577379855098606,4.568391748654472,2.1791123587061088,0.7405723238162413,0,0,2,295,10,2025,0,autumn,validation
2025-10-23 00:00:00+00:00,4946812,Công viên Nhân Chính - Khuất Duy Tiến,21.0031,105.79470000000002,16.865377314814815,7.61544750044536,1.915,29.79444444444444,24,2404.7445661375664,715.290337997232,16.65309477212602,4.682006515164844,10.407868792087543,5.3775666003879135,2.7281094576719576,1.0234572592594313,0,0,3,296,10,2025,0,autumn,validation
2025-10-24 00:00:00+00:00,4946812,Công viên Nhân Chính - Khuất Duy Tiến,21.0031,105.79470000000002,24.613838203463203,10.803633907607354,10.08875,42.52222222222223,24,3150.1624226190474,873.596585719214,18.207874263468014,9.841632452941314,9.440932629870131,3.917756544302053,2.4998854467291967,0.79435442741022,0,0,4,297,10,2025,0,autumn,validation
2025-10-25 00:00:00+00:00,4946812,Công viên Nhân Chính - Khuất Duy Tiến,21.0031,105.79470000000002,36.6590594486532,8.879286586110467,19.449,56.55555555555556,24,3416.805077441077,747.9075951351572,28.326671717171717,13.534690709037314,12.115371121933622,6.45970789264099,2.439319023569024,0.6089270277929082,0,0,5,298,10,2025,1,autumn,validation
2025-10-26 00:00:00+00:00,4946812,Công viên Nhân Chính - Khuất Duy Tiến,21.0031,105.79470000000002,29.634351062710437,11.139635008972858,11.18125,50.41100000000001,24,2185.1273028198652,430.2386349839336,15.357777199074073,6.433331246378101,19.640036976911976,9.663072596541811,1.8566839075276578,0.28139268077654755,1,0,6,299,10,2025,1,autumn,validation
2025-10-27 00:00:00+00:00,4946812,Công viên Nhân Chính - Khuất Duy Tiến,21.0031,105.79470000000002,28.546533324314577,10.881216163611779,12.93,56.31111111111111,24,2698.2514894179894,593.9049992245433,30.460164231601734,13.435327008208398,14.613253832972582,7.80986369036036,2.71455284992785,1.0933926288802658,0,0,0,300,10,2025,0,autumn,validation
2025-10-28 00:00:00+00:00,4946812,Công viên Nhân Chính - Khuất Duy Tiến,21.0031,105.79470000000002,36.07055376683502,17.124262255038143,10.257272727272726,71.042,24,2375.950899726431,293.04967896538153,23.171509154040404,8.255567631532996,22.06709856000481,10.257990104425883,2.3389310215247714,0.8437568466635319,0,0,1,301,10,2025,0,autumn,validation
2025-10-29 00:00:00+00:00,4946812,Công viên Nhân Chính - Khuất Duy Tiến,21.0031,105.79470000000002,43.36164548761423,19.184182629699336,13.374,76.435,24,2572.747840112434,360.955227000251,24.799579650673397,6.052099879745424,22.62978382034632,10.859816976069613,2.2740496632996634,0.39495263844193346,0,0,2,302,10,2025,0,autumn,validation
2025-10-30 00:00:00+00:00,4946812,Công viên Nhân Chính - Khuất Duy Tiến,21.0031,105.79470000000002,27.189418485449735,13.464377605608947,5.516,52.478888888888896,24,3105.6366732804236,865.4300385801696,27.505981812169313,10.960110824881577,12.828543154761904,8.358043075871086,1.8907898478835978,0.3846475686196814,0,0,3,303,10,2025,0,autumn,validation
2025-10-31 00:00:00+00:00,4946812,Công viên Nhân Chính - Khuất Duy Tiến,21.0031,105.79470000000002,10.747822255291005,7.026102880890275,2.4033333333333338,26.985,24,2700.883048941799,490.8773270892123,22.746903273809522,4.324279617103803,14.464661789021164,7.419766931927124,1.6899588293650794,0.2951573655340383,3,0,4,304,10,2025,0,autumn,validation
2025-11-01 00:00:00+00:00,4946812,Công viên Nhân Chính - Khuất Duy Tiến,21.0031,105.79470000000002,8.944720403439154,5.893137845307471,1.88,21.327142857142857,24,2276.358828207672,201.6730725327103,17.435480985449736,3.9551274455899814,13.22937037037037,9.018177226815817,1.583001984126984,0.33869239711468035,5,0,5,305,11,2025,1,autumn,validation
2025-11-02 00:00:00+00:00,4946812,Công viên Nhân Chính - Khuất Duy Tiến,21.0031,105.79470000000002,10.89336111111111,7.46947347963031,1.2,24.638571428571428,24,2682.4729656234967,434.1139213482061,24.601361501924004,3.817129081924992,12.007128802910053,8.153585096639814,1.7985714285714287,0.34163323207326796,1,0,6,306,11,2025,1,autumn,validation
2025-11-03 00:00:00+00:00,4946812,Công viên Nhân Chính - Khuất Duy Tiến,21.0031,105.79470000000002,9.658547453703703,6.84424626033483,1.6,22.137,24,3713.8787458664024,1318.981734392925,21.417781415343914,3.020122839631555,8.014820271164021,7.119922808906571,2.56740128968254,0.9203009222436376,4,0,0,307,11,2025,0,autumn,validation
2025-11-04 00:00:00+00:00,4946812,Công viên Nhân Chính - Khuất Duy Tiến,21.0031,105.79470000000002,10.649555164742665,7.708191076344619,1.33,23.78125,24,3033.0089205597646,1023.4334177548069,21.29647362012987,7.278677742728645,9.937970824314574,5.7988932995214935,2.143794733044733,0.6844262220714322,2,0,1,308,11,2025,0,autumn,validation
2025-11-05 00:00:00+00:00,4946812,Công viên Nhân Chính - Khuất Duy Tiến,21.0031,105.79470000000002,18.55710003306878,10.678208080558061,2.83,37.57,24,2542.51703125,349.5586187010539,25.046826223544972,7.51366276072369,15.386992724867724,11.101124414357349,1.8649530423280423,0.38825554565722703,1,0,2,309,11,2025,0,autumn,validation
2025-11-06 00:00:00+00:00,4946812,Công viên Nhân Chính - Khuất Duy Tiến,21.0031,105.79470000000002,34.42942972883598,16.783038146973787,9.221428571428572,63.81142857142857,24,2883.7057582671955,550.9537181160055,25.866284887566138,7.017631032908647,18.53261078042328,10.774374471901622,2.3307809193121694,0.46570141049946834,0,0,3,310,11,2025,0,autumn,validation
2025-11-07 00:00:00+00:00,4946812,Công viên Nhân Chính - Khuất Duy Tiến,21.0031,105.79470000000002,38.14276049182299,11.838209801832775,12.36,55.67,24,4222.655990304834,1425.6654987881018,22.44889625420875,7.329331683640532,13.535253472222223,7.723095414424845,3.153069128787879,0.9028529929803775,6,0,4,311,11,2025,0,autumn,validation
2025-11-08 00:00:00+00:00,4946812,Công viên Nhân Chính - Khuất Duy Tiến,21.0031,105.79470000000002,18.86794500060125,9.088875156739544,3.11,33.4525,24,2678.634077816859,408.054280506456,21.95290596440596,4.795269059723347,12.972841600529101,5.9123397224561245,1.9843568121693123,0.4298017806031186,0,0,5,312,11,2025,1,autumn,validation
2025-11-09 00:00:00+00:00,4946812,Công viên Nhân Chính - Khuất Duy Tiến,21.0031,105.79470000000002,21.440720568783068,10.709911282750834,3.2225,40.189,24,2937.238566603535,517.2002662591151,24.873820120851374,4.297186838538589,11.377710482804233,5.633814889305035,1.9829002976190475,0.4618083220224818,0,0,6,313,11,2025,1,autumn,validation
2025-11-10 00:00:00+00:00,4946812,Công viên Nhân Chính - Khuất Duy Tiến,21.0031,105.79470000000002,14.860541140572389,10.016228729430829,3.806666666666666,39.18333333333334,24,2426.444326343795,498.938820079991,15.075462346681098,5.264157370667243,11.499508793290042,7.001078412279739,1.6640816798941798,0.41345152995524087,1,0,0,314,11,2025,0,autumn,validation
2025-11-11 00:00:00+00:00,4946812,Công viên Nhân Chính - Khuất Duy Tiến,21.0031,105.79470000000002,14.908025613275612,10.028087376898275,1.7474999999999998,39.80777777777777,24,2809.272889790765,838.7185812838648,19.163993972462723,10.183717271391114,11.480000909391535,6.7503433539295985,1.8794194775132276,0.48164254140051316,1,0,1,315,11,2025,0,autumn,validation
2025-11-12 00:00:00+00:00,4946812,Công viên Nhân Chính - Khuất Duy Tiến,21.0031,105.79470000000002,27.01606386784512,14.885183252945895,3.0075000000000003,51.1225,24,2743.2360568086883,317.7988553285425,32.711509680134675,20.385505671080963,6.824701388888889,4.540718881305809,3.3924662247474746,1.1425817829268796,1,0,2,316,11,2025,0,autumn,validation
2025-11-13 00:00:00+00:00,4946812,Công viên Nhân Chính - Khuất Duy Tiến,21.0031,105.79470000000002,39.92574968434344,19.246063589534558,15.913333333333332,73.9125,24,2321.4475254329004,1187.0759168933007,56.237688777657524,28.94075364896699,7.05233409992785,2.219899181649197,3.6300311447811446,1.2182452266650805,0,0,3,317,11,2025,0,autumn,validation
2025-11-14 00:00:00+00:00,4946812,Công viên Nhân Chính - Khuất Duy Tiến,21.0031,105.79470000000002,43.4952702922078,21.19502859140167,16.953636363636363,74.12636363636364,24,1958.5975091540404,1987.267657416797,54.97192896224146,23.912267225242182,6.5306982022607025,2.1847464043476337,3.951588188431938,2.450322757366725,0,0,4,318,11,2025,0,autumn,validation
2025-11-15 00:00:00+00:00,4946812,Công viên Nhân Chính - Khuất Duy Tiến,21.0031,105.79470000000002,58.77841257816258,22.141284225889766,27.47875,91.42909090909092,24,2285.8829696669072,1223.7453864957583,67.4409270983646,21.566446154887217,5.997336534992786,2.4047980191420293,4.524760927729678,1.327515201030045,0,0,5,319,11,2025,1,autumn,validation
2025-11-16 00:00:00+00:00,4946812,Công viên Nhân Chính - Khuất Duy Tiến,21.0031,105.79470000000002,61.966008026695526,14.408288932547126,42.49285714285714,83.61200000000001,24,2007.709874308562,765.4125154474972,52.782854016354015,14.089094905313031,9.171057434463684,3.6454908019994092,3.837027462121212,0.7213028186390313,0,0,6,320,11,2025,1,autumn,validation
2025-11-17 00:00:00+00:00,4946812,Công viên Nhân Chính - Khuất Duy Tiến,21.0031,105.79470000000002,60.10224726430977,14.64486134361982,34.08777777777778,82.784,24,1934.8372428451178,1100.9349512946708,48.520256418350165,22.165759145069643,12.6610965007215,4.594220040420981,3.404273884680135,1.060747281614389,0,0,0,321,11,2025,0,autumn,validation
2025-11-18 00:00:00+00:00,4946812,Công viên Nhân Chính - Khuất Duy Tiến,21.0031,105.79470000000002,11.754849642255891,8.028755281692028,4.95,31.03,24,717.0848717382155,204.48360796829635,21.220035984848483,6.3093155009359645,7.647474401755652,5.234600812294403,1.5959819775132276,0.25925532672813517,0,0,1,322,11,2025,0,autumn,validation
2025-11-19 00:00:00+00:00,4946812,Công viên Nhân Chính - Khuất Duy Tiến,21.0031,105.79470000000002,13.664577335858587,3.8876739092800277,6.509090909090909,24.304,24,1524.2228309132997,955.9676960159658,29.990472748316495,8.020941436265575,2.722141804954305,0.9075128664168245,2.7502035684223185,0.9190608679878485,0,0,2,323,11,2025,0,autumn,validation
2025-11-20 00:00:00+00:00,4946812,Công viên Nhân Chính - Khuất Duy Tiến,21.0031,105.79470000000002,30.987352077320825,12.416044530205813,11.91375,59.98545454545454,24,1867.8512122564935,1150.6700933859875,57.14025488516114,27.523269514895205,4.132516895141895,3.519359242423329,4.84876948051948,1.729064228055568,0,0,3,324,11,2025,0,autumn,validation
2025-11-21 00:00:00+00:00,4946812,Công viên Nhân Chính - Khuất Duy Tiến,21.0031,105.79470000000002,45.91155650252525,22.09747349178287,18.234166666666663,94.21,24,2778.248635116042,1391.7678582188223,61.23980113636364,24.48287581745013,5.549702846921598,3.4513799417810596,7.029605850168351,2.214235927973644,0,0,4,325,11,2025,0,autumn,validation
2025-11-22 00:00:00+00:00,4946812,Công viên Nhân Chính - Khuất Duy Tiến,21.0031,105.79470000000002,52.79437223424723,19.120295120641064,19.72,80.88999999999999,24,1735.6835837542087,1055.0479822024984,60.90836094576719,29.022520855684125,6.299327696608947,3.991313543792753,6.870880351130352,3.884466914688899,1,0,5,326,11,2025,1,autumn,validation
2025-11-23 00:00:00+00:00,4946812,Công viên Nhân Chính - Khuất Duy Tiến,21.0031,105.79470000000002,73.92890746753247,16.14249037149262,46.72111111111111,113.54333333333332,24,2483.3594294131794,1321.3758040313362,87.43659543350168,26.157786642322503,6.637276470057721,3.5439484840745004,7.032483916546416,2.05494916196569,0,0,6,327,11,2025,1,autumn,validation
2025-11-24 00:00:00+00:00,4946812,Công viên Nhân Chính - Khuất Duy Tiến,21.0031,105.79470000000002,61.92780116642617,25.018386746874558,26.053,115.874,24,2520.446972522848,1593.2935132196776,66.10937608225107,14.512132364902698,5.888032422438672,2.8266594087898502,6.493857067700817,2.1933212729971427,0,0,0,328,11,2025,0,autumn,validation
2025-11-25 00:00:00+00:00,4946812,Công viên Nhân Chính - Khuất Duy Tiến,21.0031,105.79470000000002,39.69334038299663,16.903260055224113,17.998333333333335,79.45636363636363,24,1494.3346244739057,773.2965839072767,54.582502630471375,14.811742410956333,8.986578583453584,7.435464651706341,5.6396986531986535,1.936828132018795,0,0,1,329,11,2025,0,autumn,validation
2025-11-26 00:00:00+00:00,4946812,Công viên Nhân Chính - Khuất Duy Tiến,21.0031,105.79470000000002,55.63283906024531,16.900283730385564,19.47636363636364,78.21285714285715,24,2106.450443347162,1435.7717259916158,67.03376758658008,27.07261293088495,7.255945692039442,6.526167121056575,7.74596887025012,2.1925025024176072,0,0,2,330,11,2025,0,autumn,validation
2025-11-27 00:00:00+00:00,4946812,Công viên Nhân Chính - Khuất Duy Tiến,21.0031,105.79470000000002,57.802832912457916,24.463774169122036,18.691111111111116,98.42555555555558,24,2692.381123842593,1664.7256823063242,70.78175715488216,17.680605407378412,5.263306652837903,4.502432387755174,10.585231691919192,4.102373388076727,0,0,3,331,11,2025,0,autumn,validation
2025-11-28 00:00:00+00:00,4946812,Công viên Nhân Chính - Khuất Duy Tiến,21.0031,105.79470000000002,63.56993916847042,25.24208113029077,26.67,106.36444444444446,24,3316.91266325457,1654.163637672582,89.60416806457431,22.56327110229072,3.5946886273448775,1.4848367335477082,16.096219276094278,6.569646485374325,0,0,4,332,11,2025,0,autumn,validation
2025-11-29 00:00:00+00:00,4946812,Công viên Nhân Chính - Khuất Duy Tiến,21.0031,105.79470000000002,73.48007505110631,15.752670084322949,50.28666666666666,96.4122222222222,24,2174.352764745671,648.9764006786888,109.09398330026454,30.58509137204716,7.193203538359789,5.042083461725946,16.187307224025975,6.263035625599636,0,0,5,333,11,2025,1,autumn,validation
2025-11-30 00:00:00+00:00,4946812,Công viên Nhân Chính - Khuất Duy Tiến,21.0031,105.79470000000002,95.39035483870968,1.5493615961451723,93.23870967741935,97.542,7,2115.507677419355,77.93329942986634,64.78577419354839,0.6176680140192141,4.200107526881721,0.8905792056521772,9.353645161290322,0.19272654327845945,23,0,6,334,11,2025,1,autumn,validation
2025-12-01 00:00:00+00:00,4946812,Công viên Nhân Chính - Khuất Duy Tiến,21.0031,105.79470000000002,74.5528431372549,14.440593182823443,52.98545454545455,104.42545454545456,17,1957.65802124183,791.6998688680542,71.2276968211527,20.67504148234466,12.31375152788388,5.39724234519655,6.22795707070707,3.7356654973639474,7,0,0,335,12,2025,0,winter,validation
2025-12-02 00:00:00+00:00,4946812,Công viên Nhân Chính - Khuất Duy Tiến,21.0031,105.79470000000002,53.199095117845125,14.135123901438092,23.34333333333333,69.82222222222224,24,1953.434297874579,1117.4848153376622,56.55788331228956,22.999540448687572,10.912859126984126,6.462191165239672,3.042649034992785,1.3407877726447028,0,0,1,336,12,2025,0,winter,validation
2025-12-03 00:00:00+00:00,4946812,Công viên Nhân Chính - Khuất Duy Tiến,21.0031,105.79470000000002,51.4926470959596,11.36250665020192,24.895000000000003,68.81833333333334,24,1393.2206780303031,857.9369578839227,32.664217803030304,14.848659080245982,11.813509259259261,4.151150345024956,2.7480364057239055,0.8272543107822359,0,0,2,337,12,2025,0,winter,validation
2025-12-04 00:00:00+00:00,4946812,Công viên Nhân Chính - Khuất Duy Tiến,21.0031,105.79470000000002,67.95961237373739,12.387888554980147,45.276363636363634,91.23363636363636,24,1536.7385062079127,489.0688097361594,43.13196538299663,13.040440084478286,16.359686553030304,6.697415305631509,4.128188867845117,1.6198951663947287,0,0,3,338,12,2025,0,winter,validation
2025-12-05 00:00:00+00:00,4946812,Công viên Nhân Chính - Khuất Duy Tiến,21.0031,105.79470000000002,64.09509154040404,14.122321305232937,34.453333333333326,86.04666666666668,24,1371.2517438973064,572.4276498200802,29.492126473063973,10.848513486014072,11.703933381433382,3.4493930690135515,2.558290704665705,0.9747361005110003,0,0,4,339,12,2025,0,winter,validation
2025-12-06 00:00:00+00:00,4946812,Công viên Nhân Chính - Khuất Duy Tiến,21.0031,105.79470000000002,56.39241761363636,13.599799383643532,28.59111111111111,77.63166666666665,24,1467.082445707071,526.0915370900698,51.4535223063973,23.177802078588496,14.394468088624338,5.74141766237088,3.6475694444444446,1.7321065638526105,0,0,5,340,12,2025,1,winter,validation
2025-12-07 00:00:00+00:00,4946812,Công viên Nhân Chính - Khuất Duy Tiến,21.0031,105.79470000000002,68.34061587602213,14.08185056155368,41.00000000000001,88.64111111111112,24,2192.036169161857,1062.0236982450372,56.51355947871573,18.185543051182563,10.78656534090909,6.8716335904901955,4.244202125420876,1.3707634003511098,0,0,6,341,12,2025,1,winter,validation
2025-12-08 00:00:00+00:00,4946812,Công viên Nhân Chính - Khuất Duy Tiến,21.0031,105.79470000000002,63.9170845959596,23.697694202266977,29.736363636363635,103.2218181818182,24,2188.453357849327,1269.7364875995618,48.465911195286196,21.024973799885807,10.481979226791726,7.685700503601274,4.32044718013468,1.6746581418553108,0,0,0,342,12,2025,0,winter,validation
2025-12-09 00:00:00+00:00,4946812,Công viên Nhân Chính - Khuất Duy Tiến,21.0031,105.79470000000002,74.22884385521886,13.710719786947609,55.73888888888888,101.363,24,2265.1403316498318,1072.9557514499234,68.04797611531987,22.247244072594768,12.21208246151996,8.07375609719042,6.637302083333332,2.9762652308468014,0,0,1,343,12,2025,0,winter,validation
2025-12-10 00:00:00+00:00,4946812,Công viên Nhân Chính - Khuất Duy Tiến,21.0031,105.79470000000002,67.08714191017316,14.594911446254121,49.81428571428573,105.2957142857143,24,2060.4522048310487,1010.6077283874938,69.33429001322752,19.642909512162383,13.478812725468975,8.250257254352233,6.514552323833573,2.7229795375617876,0,0,2,344,12,2025,0,winter,validation
2025-12-11 00:00:00+00:00,4946812,Công viên Nhân Chính - Khuất Duy Tiến,21.0031,105.79470000000002,103.88797205687831,13.40713709321484,76.48625,124.72142857142858,24,2987.135034722222,1135.1952242396794,61.19340625,14.955128347791328,5.9150431547619045,3.583661988595815,6.0684222883597885,2.1625198627509707,0,0,3,345,12,2025,0,winter,validation
2025-12-12 00:00:00+00:00,4946812,Công viên Nhân Chính - Khuất Duy Tiến,21.0031,105.79470000000002,131.88939819324193,11.98871123217192,110.611,161.43833333333333,24,2742.1960608916547,760.1951546271324,40.64089914021164,9.766634906988083,8.886488095238095,5.1283994394507735,4.391507951539201,1.0569848681156744,0,0,4,346,12,2025,0,winter,validation
2025-12-13 00:00:00+00:00,4946812,Công viên Nhân Chính - Khuất Duy Tiến,21.0031,105.79470000000002,39.00040207130832,33.40471283272337,3.52,104.93555555555557,24,2057.849119363276,1066.831190192172,17.01077353896104,7.160617045613753,9.03158630952381,4.861762036376408,3.4276640812890817,1.4642774397348957,0,0,5,347,12,2025,1,winter,validation
2025-12-14 00:00:00+00:00,4946812,Công viên Nhân Chính - Khuất Duy Tiến,21.0031,105.79470000000002,27.598988846801348,18.084396394142644,2.82,59.73571428571429,24,1499.6622923280422,551.6752818663555,7.612846418732783,0.31898354023303993,12.969669146825396,7.174303855527576,9.484594967532468,10.21562838988954,0,0,6,348,12,2025,1,winter,validation
2025-12-15 00:00:00+00:00,4946812,Công viên Nhân Chính - Khuất Duy Tiến,21.0031,105.79470000000002,37.79124463383838,7.129946799100057,26.448999999999995,51.68300000000001,24,1661.3889261063011,474.3402236061404,7.9792294496946905,1.4882150841120374,10.159279265873016,6.056466137806268,12.55624289021164,5.560580266062581,0,0,0,349,12,2025,0,winter,validation
2025-12-16 00:00:00+00:00,4946812,Công viên Nhân Chính - Khuất Duy Tiến,21.0031,105.79470000000002,56.755018413299666,14.932450044810563,30.703333333333337,83.01,24,2872.9309947540883,1241.4572008329246,8.345612480656598,2.657446627991035,6.074944113756614,3.185676707780245,11.688208994708996,9.500766255486326,0,0,1,350,12,2025,0,winter,validation
2025-12-17 00:00:00+00:00,4946812,Công viên Nhân Chính - Khuất Duy Tiến,21.0031,105.79470000000002,55.336835242304,13.900227210393107,34.035000000000004,78.70777777777776,24,2499.550148358586,1287.619727951833,8.711995511618507,3.8266781718700322,7.260923145141895,4.1726285822429805,4.546122294372294,1.8094846649567868,0,0,2,351,12,2025,0,winter,validation
2025-12-18 00:00:00+00:00,4946812,Công viên Nhân Chính - Khuất Duy Tiến,21.0031,105.79470000000002,52.819172979797976,18.27574490809609,26.405,90.65,24,2031.3861363636363,791.3823667935102,9.078378542580415,4.99590971574903,11.286734638047138,7.69315827818928,4.679643308080808,1.4674995470149432,0,0,3,352,12,2025,0,winter,validation
2025-12-19 00:00:00+00:00,4946812,Công viên Nhân Chính - Khuất Duy Tiến,21.0031,105.79470000000002,51.535536616161615,18.12457438355115,26.75333333333333,96.01833333333332,24,1918.9110448232323,684.6482042696964,9.444761573542323,6.165141259628028,12.012844326643812,9.180675507513088,5.997581649831649,3.391854866539706,0,0,4,353,12,2025,0,winter,validation
2025-12-20 00:00:00+00:00,4946812,Công viên Nhân Chính - Khuất Duy Tiến,21.0031,105.79470000000002,36.1864898989899,9.414132724278257,18.959166666666665,52.86916666666667,24,1630.8247474747475,532.4305857921098,9.81114460450423,7.334372803507025,12.094641397456078,8.642947135090324,2.970068813131313,0.7614724153307726,0,0,5,354,12,2025,1,winter,validation
2025-12-21 00:00:00+00:00,4946812,Công viên Nhân Chính - Khuất Duy Tiến,21.0031,105.79470000000002,55.42359532828283,14.243605133604689,22.38083333333334,82.31083333333335,24,2243.9361268939397,601.5644557725166,10.177527635466138,8.503604347386021,12.176438468268344,8.105218762667558,3.6906944444444445,0.9678700731883468,0,0,6,355,12,2025,1,winter,validation
2025-12-22 00:00:00+00:00,4946812,Công viên Nhân Chính - Khuất Duy Tiến,21.0031,105.79470000000002,35.09211363636364,8.867521912672176,24.279166666666665,59.69416666666668,24,1635.0970170454545,569.5924382298732,10.543910666428046,9.67283589126502,12.258235539080612,7.567490390244794,3.507453072390572,2.1662267133072874,0,0,0,356,12,2025,0,winter,validation
2025-12-23 00:00:00+00:00,4946812,Công viên Nhân Chính - Khuất Duy Tiến,21.0031,105.79470000000002,24.315968404280905,6.3244221935635325,12.79,34.195,24,1476.8428470719098,591.7313045255734,10.910293697389953,10.842067435144017,12.340032609892878,7.02976201782203,2.4149713955026457,0.7386167842235454,0,0,1,357,12,2025,0,winter,validation
2025-12-24 00:00:00+00:00,4946812,Công viên Nhân Chính - Khuất Duy Tiến,21.0031,105.79470000000002,19.872994844276096,8.944794354831645,2.5011111111111117,32.062,24,1404.6443876262626,564.532396536235,11.276676728351863,12.011298979023016,12.421829680705144,6.492033645399265,2.2949126984126984,0.7692989412259982,0,0,2,358,12,2025,0,winter,validation
2025-12-25 00:00:00+00:00,4946812,Công viên Nhân Chính - Khuất Duy Tiến,21.0031,105.79470000000002,11.677250105218855,6.543107850798877,2.2333333333333334,25.30583333333333,24,2154.7003345959597,1130.4129583860076,11.643059759313768,13.180530522902012,12.503626751517412,5.9543052729765,3.0418361742424245,1.3488855784879679,3,0,3,359,12,2025,0,winter,validation
2025-12-26 00:00:00+00:00,4946812,Công viên Nhân Chính - Khuất Duy Tiến,21.0031,105.79470000000002,27.65409485479798,12.85856829554074,2.558125,50.39916666666667,24,1365.8261111111112,283.21432785890136,12.009442790275678,14.34976206678101,12.585423822329679,5.416576900553736,8.748948863636363,7.379270170589042,1,0,4,360,12,2025,0,winter,validation
2025-12-27 00:00:00+00:00,4946812,Công viên Nhân Chính - Khuất Duy Tiến,21.0031,105.79470000000002,50.28245896464646,14.32658785808879,26.55545454545454,81.3325,24,1298.9489141414142,167.2449096629952,12.375825821237585,15.518993610660008,12.667220893141945,4.878848528130971,9.051107954545456,3.239346376709882,0,0,5,361,12,2025,1,winter,validation
2025-12-28 00:00:00+00:00,4946812,Công viên Nhân Chính - Khuất Duy Tiến,21.0031,105.79470000000002,75.486875,10.413572748175707,59.307500000000005,91.80416666666667,24,1932.6499810606058,555.7522600048233,9.652468467570442,2.3770045954289873,6.72533143939394,4.503637092332653,17.70236742424242,10.85137532561128,0,0,6,362,12,2025,1,winter,validation
2025-12-29 00:00:00+00:00,4946812,Công viên Nhân Chính - Khuất Duy Tiến,21.0031,105.79470000000002,55.9938125,8.978827665176738,35.85833333333333,80.40583333333332,24,1760.7816041666665,366.07612718112955,9.24,0.10081152197523296,8.595241792929292,2.614136609068689,14.943364898989898,5.569504913248429,0,0,0,363,12,2025,0,winter,validation
2025-12-30 00:00:00+00:00,4946812,Công viên Nhân Chính - Khuất Duy Tiến,21.0031,105.79470000000002,46.01793244949496,9.447923174903577,32.1025,70.24916666666667,24,1639.9536363636362,487.5952390798136,8.291267470624614,0.8333588268952277,9.568990214646464,3.9162050410743015,11.387247474747475,6.070385490430469,0,0,1,364,12,2025,0,winter,validation
2025-12-31 00:00:00+00:00,4946812,Công viên Nhân Chính - Khuất Duy Tiến,21.0031,105.79470000000002,37.43864267676768,6.233410809064884,28.761666666666667,48.15166666666666,24,1552.4828188131314,399.47236301801763,7.342534941249227,1.5659061318152225,11.304703493265992,3.4641307224245024,6.30668244949495,1.5740754505627554,0,0,2,365,12,2025,0,winter,validation
2026-01-01 00:00:00+00:00,4946812,Công viên Nhân Chính - Khuất Duy Tiến,21.0031,105.79470000000002,26.29020833333333,11.37224806641532,3.668333333333333,48.30416666666667,24,1183.102807449495,142.1754986921072,3.732655934343434,1.576669845814432,12.126205176767677,4.6561844711909375,4.717669823232323,1.2290980941586647,0,0,3,1,1,2026,0,winter,validation
2026-01-02 00:00:00+00:00,4946812,Công viên Nhân Chính - Khuất Duy Tiến,21.0031,105.79470000000002,20.830299873737374,6.340299116769349,7.402499999999999,27.987272727272728,24,1258.0421085858586,102.39386173974248,2.6277853234728235,0.43407396903133827,8.052395833333334,2.019054625198813,4.375473484848485,0.857139591990886,0,0,4,2,1,2026,0,winter,validation
2026-01-03 00:00:00+00:00,4946812,Công viên Nhân Chính - Khuất Duy Tiến,21.0031,105.79470000000002,44.69889457070707,13.193469089245818,25.251666666666665,71.9175,24,1665.7769027777777,277.6152696365289,6.6201875,2.874623470118779,5.505667297979798,2.7029384833461245,9.040027146464647,2.544138456375241,0,0,5,3,1,2026,1,winter,validation
2026-01-04 00:00:00+00:00,4946812,Công viên Nhân Chính - Khuất Duy Tiến,21.0031,105.79470000000002,57.70339646464647,14.507925012061541,32.57416666666667,80.37916666666668,24,2018.647951388889,612.9148883998172,6.676874098124098,1.5658779285540076,6.669610028860029,3.793698179815551,12.219977904040404,4.096980984852375,0,0,6,4,1,2026,1,winter,validation
2026-01-05 00:00:00+00:00,4946812,Công viên Nhân Chính - Khuất Duy Tiến,21.0031,105.79470000000002,24.469749158249158,14.280215807279397,4.063749999999999,59.87666666666667,24,1345.679709911616,158.2568392799761,3.8532875631313126,1.4200840655047346,6.380249894781144,2.5130830662539916,5.171727483164983,0.9568604655710657,0,0,0,5,1,2026,0,winter,validation
2026-01-06 00:00:00+00:00,4946812,Công viên Nhân Chính - Khuất Duy Tiến,21.0031,105.79470000000002,32.01799954906205,13.947615446746628,13.08777777777778,58.516666666666666,24,2151.034139805796,872.3339971433597,6.728079335016836,2.6558780380875335,5.274657783189033,4.5574535236276175,10.582601626382877,5.081536606184304,0,0,1,6,1,2026,0,winter,validation
2026-01-07 00:00:00+00:00,4946812,Công viên Nhân Chính - Khuất Duy Tiến,21.0031,105.79470000000002,59.339526981120734,22.409062818669792,26.203750000000003,88.427,24,3021.037267060486,1660.164474288008,11.372110945767195,5.910056285598278,5.999446037758538,6.456932298139897,16.12453512806638,5.863404428805439,0,0,2,7,1,2026,0,winter,validation
2026-01-08 00:00:00+00:00,4946812,Công viên Nhân Chính - Khuất Duy Tiến,21.0031,105.79470000000002,76.15788971560846,34.709478362118396,23.76,127.89285714285714,24,3342.6421025132277,1525.104363640804,12.405524305555554,4.4864377744922805,7.870942460317461,7.719072671034754,19.396165674603175,7.610171063025619,0,0,3,8,1,2026,0,winter,validation
2026-01-09 00:00:00+00:00,4946812,Công viên Nhân Chính - Khuất Duy Tiến,21.0031,105.79470000000002,83.98621858465609,20.281036757147252,55.11,125.09875,24,2294.935528604497,679.3769990557536,14.82534837962963,3.8039271530478986,14.492029596560847,14.410969707890729,21.152335152116404,6.684667842181687,3,0,4,9,1,2026,0,winter,validation
2026-01-10 00:00:00+00:00,4946812,Công viên Nhân Chính - Khuất Duy Tiến,21.0031,105.79470000000002,83.13189965127465,24.75881303872121,55.96888888888888,128.41500000000002,24,2972.8379525613277,1422.6375781452002,14.398271825396826,5.892335607552193,14.846234262265511,10.64092082474162,23.26669988576239,3.5831798231480554,0,0,5,10,1,2026,1,winter,test
2026-01-11 00:00:00+00:00,4946812,Công viên Nhân Chính - Khuất Duy Tiến,21.0031,105.79470000000002,86.22045661976911,23.018419106781288,61.20636363636363,135.72000000000003,24,2407.0707191107504,933.6717935677268,12.586547889610392,5.141621677488206,14.611199224386723,11.954084445067775,22.399318317099567,9.903503398847016,0,0,6,11,1,2026,1,winter,test
2026-01-12 00:00:00+00:00,4946812,Công viên Nhân Chính - Khuất Duy Tiến,21.0031,105.79470000000002,63.57468518518518,14.83331720251356,39.083333333333336,85.75857142857144,24,2332.8765031114717,646.0881172652906,11.204911360630112,2.5115356259738317,11.296770337301588,8.602971172481908,17.863757665945165,7.627536043151353,0,0,0,12,1,2026,0,winter,test
2026-01-13 00:00:00+00:00,4946812,Công viên Nhân Chính - Khuất Duy Tiến,21.0031,105.79470000000002,91.2162981000481,24.86741954880428,59.2090909090909,131.18,24,2800.0081719727036,1255.8115095380622,13.015218704906204,4.653434970464395,14.202672288359787,14.3985183421228,18.42391988335738,3.3577004053465234,0,0,1,13,1,2026,0,winter,test
2026-01-14 00:00:00+00:00,4946812,Công viên Nhân Chính - Khuất Duy Tiến,21.0031,105.79470000000002,60.445630321067824,11.937650599126473,46.715,87.29750000000001,24,2032.8724179743867,477.61973666966884,10.917626157407406,3.0884577371235014,12.273553676647426,7.464251416338243,19.123075231481483,7.432366009851054,5,0,2,14,1,2026,0,winter,test
2026-01-15 00:00:00+00:00,4946812,Công viên Nhân Chính - Khuất Duy Tiến,21.0031,105.79470000000002,63.58718832671958,6.519027391653253,54.2675,74.8225,24,2659.9481779551465,1098.191605233107,10.808298115079365,2.3782355121432306,5.3687423039923035,2.4531669228410142,18.965433095839348,5.773570904720354,0,0,3,15,1,2026,0,winter,test
2026-01-16 00:00:00+00:00,4946812,Công viên Nhân Chính - Khuất Duy Tiến,21.0031,105.79470000000002,40.89219642857143,8.59553169257055,29.347142857142853,63.79444444444445,24,1856.636943452381,712.7259235301314,6.996195105820106,3.6083199675626227,6.222632440476191,2.311604797214648,10.755867063492063,4.297559641140687,0,0,4,16,1,2026,0,winter,test
2026-01-17 00:00:00+00:00,4946812,Công viên Nhân Chính - Khuất Duy Tiến,21.0031,105.79470000000002,30.71559665103415,3.2228668032943957,22.7375,35.385,24,1762.7522707431456,459.3639055888877,6.506354392135642,1.1703972397487306,5.229381779100529,2.289795926446879,7.052718674843675,1.4160005463550307,0,0,5,17,1,2026,1,winter,test
2026-01-18 00:00:00+00:00,4946812,Công viên Nhân Chính - Khuất Duy Tiến,21.0031,105.79470000000002,37.01190112433863,7.641618898104569,27.946,54.715,24,1493.5717901785713,328.45293732127584,5.509016038359788,1.0929090558938293,8.53785863095238,2.9911286549438674,6.448489087301588,1.1206651067502618,0,0,6,18,1,2026,1,winter,test
2026-01-19 00:00:00+00:00,4946812,Công viên Nhân Chính - Khuất Duy Tiến,21.0031,105.79470000000002,35.59450706469457,3.866393990209973,29.47222222222222,44.48857142857143,24,1574.1480371422558,375.6648182546332,4.695456078643579,1.239191984008609,9.444315972222222,2.6790719748975316,4.903313011063011,0.49030968209163084,0,0,0,19,1,2026,0,winter,test
2026-01-20 00:00:00+00:00,4946812,Công viên Nhân Chính - Khuất Duy Tiến,21.0031,105.79470000000002,28.790449735449737,3.804562905325962,20.93777777777778,36.12,24,1723.9206347552908,937.4448992525176,4.471682953042328,1.0818468370616174,8.4554730489418,2.8366922824293623,4.848991402116402,1.0564033392835919,0,0,1,20,1,2026,0,winter,test
2026-01-21 00:00:00+00:00,4946812,Công viên Nhân Chính - Khuất Duy Tiến,21.0031,105.79470000000002,22.53636541005291,9.256263256776146,11.51,39.02222222222222,24,1531.135623181217,398.4379618792351,3.173814318783069,1.3251195098768025,6.587753802910053,3.033093168601016,5.354549272486772,2.0337164231180904,0,0,2,21,1,2026,0,winter,test
2026-01-22 00:00:00+00:00,4946812,Công viên Nhân Chính - Khuất Duy Tiến,21.0031,105.79470000000002,12.697250661375662,3.7253860309018507,6.262857142857143,20.3475,24,1429.474923941799,160.75153417782596,1.804164021164021,0.5559659641786032,9.870466765873017,1.2340593289962083,3.86243501984127,0.5602495258995095,0,0,3,22,1,2026,0,winter,test
2026-01-23 00:00:00+00:00,4946812,Công viên Nhân Chính - Khuất Duy Tiến,21.0031,105.79470000000002,29.858605158730157,13.934121921070478,3.308888888888889,51.54,24,1741.7553096891534,288.55165796282023,45.4382144510582,22.9327345002586,10.27929761904762,2.498957629728839,7.083397982804233,2.269520071764634,0,0,4,23,1,2026,0,winter,test
2026-01-24 00:00:00+00:00,4946812,Công viên Nhân Chính - Khuất Duy Tiến,21.0031,105.79470000000002,41.948588128306874,12.454565062121702,22.41875,64.289,24,1978.878753637566,271.1381441354333,70.96799255952381,20.75820769528684,8.238621527777779,3.2229261131055686,5.98678587962963,1.082625270275556,0,0,5,24,1,2026,1,winter,test
2026-01-25 00:00:00+00:00,4946812,Công viên Nhân Chính - Khuất Duy Tiến,21.0031,105.79470000000002,76.7613121091871,12.94960354342956,51.956,97.06857142857145,24,2946.080360795455,729.5783569197794,114.93956018518519,20.711067915841863,3.443802248677249,1.4609969702973138,15.938383297258298,5.136684786563732,0,0,6,25,1,2026,1,winter,test
2026-01-26 00:00:00+00:00,4946812,Công viên Nhân Chính - Khuất Duy Tiến,21.0031,105.79470000000002,64.47389718614718,12.88520963076876,46.998,88.39888888888889,24,3892.9066325757576,939.7228744345271,109.88282518638768,21.143590926578156,2.7373175805675807,0.5990328326657387,14.248930976430977,2.1484076752054575,0,0,0,26,1,2026,0,winter,test
2026-01-27 00:00:00+00:00,4946812,Công viên Nhân Chính - Khuất Duy Tiến,21.0031,105.79470000000002,70.1425232082732,18.986570480076555,44.68899999999999,105.35363636363635,24,4054.080807659933,2601.252690127626,118.08706248496874,39.80118279620548,7.28482184944685,4.137953347789861,11.934662878787877,2.749548026995718,0,0,1,27,1,2026,0,winter,test
2026-01-28 00:00:00+00:00,4946812,Công viên Nhân Chính - Khuất Duy Tiến,21.0031,105.79470000000002,46.280642411215325,4.5929461972552765,36.735,53.25142857142857,18,2284.3457370430497,209.06036934003794,107.59761320045695,29.971291731671343,12.906455432299184,5.4587118141089634,11.694152061287477,3.8544137518794344,12,0,2,28,1,2026,0,winter,test
2026-01-29 00:00:00+00:00,4946812,Công viên Nhân Chính - Khuất Duy Tiến,21.0031,105.79470000000002,35.66018824297396,6.518492309092973,25.043,49.952,21,2149.773176183605,594.8006399936027,92.45719203944203,27.484385804237554,10.443396378753521,5.154376531315753,11.2450358860716,3.094587476730458,3,0,3,29,1,2026,0,winter,test
2026-01-30 00:00:00+00:00,4946812,Công viên Nhân Chính - Khuất Duy Tiến,21.0031,105.79470000000002,26.542913374819623,5.133416143212853,17.291999999999998,39.553333333333335,24,1898.496913675445,439.22154930718,73.45119001022125,16.31553899178152,10.289468915343916,3.5024308905055768,6.731638167388167,2.3526836480810327,0,0,4,30,1,2026,0,winter,test
2026-01-31 00:00:00+00:00,4946812,Công viên Nhân Chính - Khuất Duy Tiến,21.0031,105.79470000000002,33.28978745791246,12.998022265661232,14.92090909090909,62.227,24,2071.07465256734,396.5941651094329,64.808140993266,18.152991045889024,8.614695496632997,3.5905866298124614,10.834220749158249,7.176162620861036,0,0,5,31,1,2026,1,winter,test
2026-02-01 00:00:00+00:00,4946812,Công viên Nhân Chính - Khuất Duy Tiến,21.0031,105.79470000000002,41.53043034511784,13.592845929843085,17.401111111111113,65.69636363636363,24,1952.496000631313,364.25112141246444,63.18504913720539,27.428691121591466,13.759203282828283,6.603834074024053,12.31355765993266,4.594347466845732,0,0,6,32,2,2026,1,winter,test
2026-02-02 00:00:00+00:00,4946812,Công viên Nhân Chính - Khuất Duy Tiến,21.0031,105.79470000000002,53.944165404040405,13.905744809371983,36.34666666666666,76.99499999999999,24,2702.965604587542,941.9726176537467,14.3575168500481,11.755084263653208,10.38639877946128,6.032808999512631,9.849160774410775,0.9939391151860063,0,0,0,33,2,2026,0,winter,test
2026-02-03 00:00:00+00:00,4946812,Công viên Nhân Chính - Khuất Duy Tiến,21.0031,105.79470000000002,90.04696001683503,28.348148851122605,45.84142857142856,142.51833333333337,24,3374.5657964917027,932.4310294404125,14.233183276214527,4.05564049843977,15.916287773569023,10.464488548941748,19.398881523569024,7.246765907467581,0,0,1,34,2,2026,0,winter,test
2026-02-04 00:00:00+00:00,4946812,Công viên Nhân Chính - Khuất Duy Tiến,21.0031,105.79470000000002,61.05289669011544,18.031443153490518,37.63000000000001,110.64818181818184,24,2782.514743190837,914.4547828736952,12.852537157287157,2.386990477211945,17.670239763708512,10.758243939195047,11.547945661976911,2.877359764978145,0,0,2,35,2,2026,0,winter,test
2026-02-05 00:00:00+00:00,4946812,Công viên Nhân Chính - Khuất Duy Tiến,21.0031,105.79470000000002,84.99884132996634,22.091605204579164,45.69545454545455,137.70200000000003,24,3858.5711999158248,937.1159117239202,14.799645542728877,2.5194922151160095,13.262845117845119,9.805487163930438,10.450117213804715,2.99375375678961,0,0,3,36,2,2026,0,winter,test
2026-02-06 00:00:00+00:00,4946812,Công viên Nhân Chính - Khuất Duy Tiến,21.0031,105.79470000000002,69.72662563131313,50.16534548674431,13.634999999999998,143.49750000000003,24,2738.9099794823233,1231.5646099222172,9.645463719536636,3.232210225522221,16.59423484848485,9.5771867405078,7.1687105429292926,2.4538373306185224,0,0,4,37,2,2026,0,winter,test
2026-02-07 00:00:00+00:00,4946812,Công viên Nhân Chính - Khuất Duy Tiến,21.0031,105.79470000000002,36.602565025252524,15.182410544878485,15.084166666666668,59.42666666666667,24,2198.520504419192,283.9704096823429,8.808737644300145,1.9551844342566675,17.503325126262627,6.034118226047585,6.126001893939393,1.3136622191816176,0,0,5,38,2,2026,1,winter,test
2026-02-08 00:00:00+00:00,4946812,Công viên Nhân Chính - Khuất Duy Tiến,21.0031,105.79470000000002,15.278921085858585,13.681178989881673,2.3800000000000003,53.3290909090909,24,1833.6571414141415,94.64135623082373,3.782588383838384,1.0594576903820363,13.318498106060607,1.5370385303991758,3.7066054292929294,0.6684637267735931,0,0,6,39,2,2026,1,winter,test
2026-02-09 00:00:00+00:00,4946812,Công viên Nhân Chính - Khuất Duy Tiến,21.0031,105.79470000000002,24.73242045454545,12.86899091375175,6.997500000000001,49.715,24,2586.7095972222223,487.36366769299,6.765349957912458,1.9557314951996214,7.200838383838384,2.8090321403768015,4.61147601010101,0.6939138400936267,0,0,0,40,2,2026,0,winter,test
2026-02-10 00:00:00+00:00,4946812,Công viên Nhân Chính - Khuất Duy Tiến,21.0031,105.79470000000002,51.77394191919192,11.557026875139258,34.79416666666666,70.64750000000001,24,3246.5754816919193,1334.2764396021435,11.029636363636364,2.9141841917684825,12.345433922558923,12.853866701794477,7.790034722222223,1.63946461424254,0,0,1,41,2,2026,0,winter,test
2026-02-11 00:00:00+00:00,4946812,Công viên Nhân Chính - Khuất Duy Tiến,21.0031,105.79470000000002,25.342122474747473,7.6607102482995995,13.214166666666666,36.31181818181818,24,2556.42969760101,980.5329962360775,6.357130050505051,1.2632548607755207,4.87047818963444,2.2780371436507196,5.106214646464647,0.8359653972145582,0,0,2,42,2,2026,0,winter,test
2026-02-12 00:00:00+00:00,4946812,Công viên Nhân Chính - Khuất Duy Tiến,21.0031,105.79470000000002,35.13336931818182,5.126932726092849,25.686666666666667,44.62916666666666,24,2373.1759640151517,548.5973140940049,7.600325126262626,2.0387995004162844,8.525948532948533,2.62444840263747,6.459113636363637,1.472508999545661,0,0,3,43,2,2026,0,winter,test
2026-02-13 00:00:00+00:00,4946812,Công viên Nhân Chính - Khuất Duy Tiến,21.0031,105.79470000000002,32.308377525252524,9.700834447802368,13.379090909090907,49.61000000000001,24,1991.0050536616163,509.65281760777503,6.241917718855219,2.165245336038424,11.375321518759021,3.2128916075987375,5.8870675505050505,1.2791076557182897,0,0,4,44,2,2026,0,winter,test
2026-02-14 00:00:00+00:00,4946812,Công viên Nhân Chính - Khuất Duy Tiến,21.0031,105.79470000000002,30.5598226010101,5.046108496703559,21.7975,39.12,24,1818.4789255050507,226.33760228831218,5.737237253487254,1.8840137172937568,12.911035353535354,3.3979739471743255,4.284200126262626,0.5846040778981447,0,0,5,45,2,2026,1,winter,test
2026-02-15 00:00:00+00:00,4946812,Công viên Nhân Chính - Khuất Duy Tiến,21.0031,105.79470000000002,27.97919633838384,4.712450828865841,17.37333333333333,37.80583333333333,24,1642.2413787878788,137.90587766692414,4.113860818001442,1.559399447726614,14.411066829004328,5.216974572697816,3.5388251262626262,0.46098500449772145,0,0,6,46,2,2026,1,winter,test
2026-02-16 00:00:00+00:00,4946812,Công viên Nhân Chính - Khuất Duy Tiến,21.0031,105.79470000000002,44.33789425505051,36.46603596822787,15.506363636363636,116.51,24,1578.1938200757577,74.64488162982892,3.233043676561534,0.9416513266303022,16.424751262626263,5.82138734017565,4.023953282828283,0.3734625182579258,0,0,0,47,2,2026,0,winter,test
2026-02-17 00:00:00+00:00,4946812,Công viên Nhân Chính - Khuất Duy Tiến,21.0031,105.79470000000002,65.97938446969697,17.903478354170776,37.91666666666667,102.96333333333332,24,1610.8674684343434,83.63311664010224,2.739578463203463,0.5480567316407882,13.02361111111111,5.4695852017541835,4.5770517676767675,0.6547651184363216,0,0,1,48,2,2026,0,winter,test
2026-02-18 00:00:00+00:00,4946812,Công viên Nhân Chính - Khuất Duy Tiến,21.0031,105.79470000000002,41.96461713286713,5.723294247112934,31.41583333333333,55.86454545454546,24,1793.524440510878,106.80603082649314,2.6221460564898065,0.5965862558567765,10.46458173076923,3.059534299716565,3.8565101981351986,0.478209774353335,0,0,2,49,2,2026,0,winter,test
2026-02-19 00:00:00+00:00,4946812,Công viên Nhân Chính - Khuất Duy Tiến,21.0031,105.79470000000002,45.133904914529914,8.88542766306196,24.888181818181817,56.26499999999999,24,1921.1566484557109,119.87817250720005,2.6693680798368296,0.5078427432903816,12.976494998057499,4.677997551569396,5.204539384226885,1.0618634409723844,0,0,3,50,2,2026,0,winter,test
2026-02-20 00:00:00+00:00,4946812,Công viên Nhân Chính - Khuất Duy Tiến,21.0031,105.79470000000002,30.382869318181818,12.5981047430198,11.334166666666668,55.14083333333335,24,2131.35711489899,408.2463464322552,5.561893789081289,1.4484129776800083,14.683345959595961,6.886418039403079,7.81886047979798,5.026961954832,0,0,4,51,2,2026,0,winter,test
2026-02-21 00:00:00+00:00,4946812,Công viên Nhân Chính - Khuất Duy Tiến,21.0031,105.79470000000002,31.640666035353537,10.535084795936548,17.06583333333333,48.24416666666667,24,2084.248611111111,354.45792236795046,6.005906851250601,1.911817702901001,11.391400613275614,4.529313975471875,7.6610795454545455,2.290915447083092,0,0,5,52,2,2026,1,winter,test
2026-02-22 00:00:00+00:00,4946812,Công viên Nhân Chính - Khuất Duy Tiến,21.0031,105.79470000000002,20.487542297979797,6.431965823077966,6.804545454545456,32.22545454545455,24,2265.1843491161617,426.92662948677213,4.812654356060606,1.22236327990852,11.206089165464165,5.738916039913763,4.301063131313131,0.5949757271984609,0,0,6,53,2,2026,1,winter,test
2026-02-23 00:00:00+00:00,4946812,Công viên Nhân Chính - Khuất Duy Tiến,21.0031,105.79470000000002,23.754507575757575,5.660913533827342,11.773333333333332,34.29363636363637,24,2301.1106003787877,498.0059234092278,5.65761783008658,1.1603815461368931,10.4864044011544,3.6575959874140964,4.390802398989899,0.5513225351086894,0,0,0,54,2,2026,0,winter,test
2026-02-24 00:00:00+00:00,4946812,Công viên Nhân Chính - Khuất Duy Tiến,21.0031,105.79470000000002,21.2031976010101,5.036362210878954,11.243333333333334,28.56916666666667,24,2200.0140751262625,416.8607611516591,5.165383222101972,1.2647543107843766,12.790417643698895,7.039670841543342,3.773778409090909,0.45747404631357513,0,0,1,55,2,2026,0,winter,test
2026-02-25 00:00:00+00:00,4946812,Công viên Nhân Chính - Khuất Duy Tiến,21.0031,105.79470000000002,37.07308420745921,7.5197781000073025,25.421818181818185,53.03083333333334,24,2814.236060363248,692.4990141861127,6.101380728068229,0.6149386696528231,10.572876893939394,5.270763793830142,4.068653117715618,0.613748255169089,0,0,2,56,2,2026,0,winter,test
2026-02-26 00:00:00+00:00,4946812,Công viên Nhân Chính - Khuất Duy Tiến,21.0031,105.79470000000002,34.45125,9.307895168514738,19.960833333333333,52.84166666666667,24,2661.713383838384,761.0626583746314,6.850934343434343,1.0748480040077437,8.235920199013949,3.269536620790981,4.4380902777777775,0.7374879400245284,0,0,3,57,2,2026,0,winter,test
2026-02-27 00:00:00+00:00,4946812,Công viên Nhân Chính - Khuất Duy Tiến,21.0031,105.79470000000002,40.80847222222222,15.427426722228384,18.34083333333333,63.76833333333333,24,2408.2768055555557,705.753312813694,6.116602843915344,1.7143905265158015,12.407798866642617,5.154501551520033,3.8633680555555556,0.8334214982045307,0,0,4,58,2,2026,0,winter,test
2026-02-28 00:00:00+00:00,4946812,Công viên Nhân Chính - Khuất Duy Tiến,21.0031,105.79470000000002,30.385962752525256,5.524413396975635,18.73416666666667,40.59583333333334,24,2285.5621875,525.4936399456105,5.845927368927369,1.2539637092844609,15.88264850889851,8.59965587525915,3.6818112373737377,0.6964371036480096,0,0,5,59,2,2026,1,winter,test
2026-03-01 00:00:00+00:00,4946812,Công viên Nhân Chính - Khuất Duy Tiến,21.0031,105.79470000000002,26.136928240740744,5.411328863144411,18.47,37.86272727272728,24,1763.1030803872054,238.14981065696145,3.7670152041245792,0.6252828085499528,18.973051286676288,7.278157092384492,3.4283587962962963,0.715208778306158,0,0,6,60,3,2026,1,spring,test
2026-03-02 00:00:00+00:00,4946812,Công viên Nhân Chính - Khuất Duy Tiến,21.0031,105.79470000000002,25.590812650312653,7.431907120974862,15.315555555555555,42.9925,24,871.8398257275134,666.2034629438078,4.652649621212121,1.3719938526573057,20.171411225348724,8.766619248793338,4.082737614237614,0.8702534791057973,0,0,0,61,3,2026,0,spring,test
2026-03-03 00:00:00+00:00,4946812,Công viên Nhân Chính - Khuất Duy Tiến,21.0031,105.79470000000002,20.021364823833576,5.77387068030107,11.928571428571429,34.86888888888888,24,689.586690280784,189.24522065491212,2.8167810545935548,0.49816048642917987,13.810795664983166,4.4739188219243635,4.429108796296297,0.46779292469004324,0,0,1,62,3,2026,0,spring,test
2026-03-04 00:00:00+00:00,4946812,Công viên Nhân Chính - Khuất Duy Tiến,21.0031,105.79470000000002,29.56064908008658,12.212847960415015,8.328181818181818,46.941,24,1063.718392060486,494.67836066656105,6.515252359908611,2.9753853080808628,15.224138468013466,10.576013788322518,10.882811703342954,8.430884356393832,0,0,2,63,3,2026,0,spring,test
2026-03-05 00:00:00+00:00,4946812,Công viên Nhân Chính - Khuất Duy Tiến,21.0031,105.79470000000002,42.88370964105339,15.415351040327016,15.891666666666666,67.32454545454544,24,1617.1052606271044,600.4641232316818,7.965791471260221,1.4944277991764883,6.8640821007696005,3.888477052248313,10.315888362794613,2.508886551460416,0,0,3,64,3,2026,0,spring,test
2026-03-06 00:00:00+00:00,4946812,Công viên Nhân Chính - Khuất Duy Tiến,21.0031,105.79470000000002,56.78258155964406,11.422311600518327,39.46,71.30636363636364,24,1804.4186181457433,893.0470992440007,10.515861907768157,1.9365396627913984,16.230612253487255,11.296116776237726,6.815734247234247,1.9272783165472702,0,0,4,65,3,2026,0,spring,test
2026-03-07 00:00:00+00:00,4946812,Công viên Nhân Chính - Khuất Duy Tiến,21.0031,105.79470000000002,31.439559343434343,9.04819819441512,19.602222222222224,48.331,24,1327.216356902357,650.185614405231,8.690964751683502,1.8521911258941228,17.96248305976431,6.095509794915859,9.480217697811447,7.064414143496818,0,0,5,66,3,2026,1,spring,test
2026-03-08 00:00:00+00:00,4946812,Công viên Nhân Chính - Khuất Duy Tiến,21.0031,105.79470000000002,22.492954966329965,4.8426498137985865,12.61777777777778,29.28333333333333,24,901.2665312800626,244.2912715149435,5.810837947931698,1.020746109185747,17.88304773929774,4.2704470017900755,3.5082277837902835,0.8831542161172147,0,0,6,67,3,2026,1,spring,test
2026-03-09 00:00:00+00:00,4946812,Công viên Nhân Chính - Khuất Duy Tiến,21.0031,105.79470000000002,18.034213534151032,10.316580242822077,1.5333333333333332,37.30857142857143,24,1227.2060244708994,389.54425736456,4.8832509169071665,1.7433613462567348,12.045376097282348,4.147428802184511,3.9937390422077925,1.2474164501675493,0,0,0,68,3,2026,0,spring,test
2026-03-10 00:00:00+00:00,4946812,Công viên Nhân Chính - Khuất Duy Tiến,21.0031,105.79470000000002,16.040873196248196,7.80065457621993,2.95,29.75909090909091,24,1012.2517462872776,288.9515303814741,5.297922483766233,2.18058669409966,24.681880847162095,12.94892748015745,6.947294943482444,2.940834602191734,0,0,1,69,3,2026,0,spring,test
2026-03-11 00:00:00+00:00,4946812,Công viên Nhân Chính - Khuất Duy Tiến,21.0031,105.79470000000002,49.407138362794605,21.648966402433985,21.23555555555556,87.36,24,1811.3167665794854,842.8060314237603,9.840625766594517,3.2178257499364022,13.266797002765754,11.42829523287052,14.956818948412698,4.435161077406341,0,0,2,70,3,2026,0,spring,test
2026-03-12 00:00:00+00:00,4946812,Công viên Nhân Chính - Khuất Duy Tiến,21.0031,105.79470000000002,62.2376170935546,15.05347490416937,37.84142857142858,86.69571428571429,24,1947.6438984487734,1127.5221303754975,81.21145072751322,40.96307409767709,16.594002525252524,12.884147245173434,13.105058907527658,5.0895444001153765,0,0,3,71,3,2026,0,spring,test
2026-03-13 00:00:00+00:00,4946812,Công viên Nhân Chính - Khuất Duy Tiến,21.0031,105.79470000000002,40.59831640812891,8.920705954389103,28.452,55.4375,24,1464.8887526755652,1054.1033644981799,84.12670657467532,16.214769063488617,25.719751007094757,17.76949481753614,13.482469772126024,5.231747817275388,0,0,4,72,3,2026,0,spring,test
2026-03-14 00:00:00+00:00,4946812,Công viên Nhân Chính - Khuất Duy Tiến,21.0031,105.79470000000002,32.03444923941799,5.538128908532488,18.53,44.085,24,1230.5113763227512,399.1605385738297,72.70565046296296,15.867201504703353,20.813462136243388,9.463125454818407,10.189312169312169,2.8029614112446652,0,0,5,73,3,2026,1,spring,test
2026-03-15 00:00:00+00:00,4946812,Công viên Nhân Chính - Khuất Duy Tiến,21.0031,105.79470000000002,24.788848214285718,7.20231374495621,12.340000000000002,36.71625,24,1132.9374918981482,360.61123581899176,55.030432659932664,8.856194125524002,14.525614102332852,5.070971767062995,5.543994814213565,1.7935052600994954,0,0,6,74,3,2026,1,spring,test
2026-03-16 00:00:00+00:00,4946812,Công viên Nhân Chính - Khuất Duy Tiến,21.0031,105.79470000000002,24.518060606060605,4.607316561285507,16.325833333333335,33.62666666666667,24,1234.8275972222223,496.16295870524226,60.870354166666665,9.077275225407833,13.648164983164984,5.548132744534897,6.312124999999999,1.740374113167593,0,0,0,75,3,2026,0,spring,test
2026-03-17 00:00:00+00:00,4946812,Công viên Nhân Chính - Khuất Duy Tiến,21.0031,105.79470000000002,23.61101957070707,6.451891675458364,13.400833333333331,37.810833333333335,24,1218.6402556818182,675.703324688209,59.61902777777778,11.098761487436787,10.639611005892256,4.532529095008174,7.3597853535353535,1.8411476422354556,0,0,1,76,3,2026,0,spring,test
2026-03-18 00:00:00+00:00,4946812,Công viên Nhân Chính - Khuất Duy Tiến,21.0031,105.79470000000002,22.76903787878788,6.40256344467849,10.649166666666666,33.4,24,1306.5420549242424,444.62778423225694,53.9105220959596,6.552982182031391,10.360114583333333,4.916688576995478,6.37845138888889,6.210165556608576,0,0,2,77,3,2026,0,spring,test
2026-03-19 00:00:00+00:00,4946812,Công viên Nhân Chính - Khuất Duy Tiến,21.0031,105.79470000000002,24.962732954545455,7.749858468294273,8.029166666666667,37.40083333333333,24,1322.0429854797978,538.5074543033891,54.666077651515145,10.71025027600913,11.7408385491823,5.715789867030294,5.787530303030304,7.626872117012074,0,0,3,78,3,2026,0,spring,test
2026-03-20 00:00:00+00:00,4946812,Công viên Nhân Chính - Khuất Duy Tiến,21.0031,105.79470000000002,21.27003851010101,5.338170814444636,12.534545454545457,32.90916666666667,24,1174.6883611111111,444.1086727809562,44.919803661616164,9.768337683722624,12.008544477513228,3.02042141491326,3.2329551767676765,0.4582514135455692,0,0,4,79,3,2026,0,spring,test
2026-03-21 00:00:00+00:00,4946812,Công viên Nhân Chính - Khuất Duy Tiến,21.0031,105.79470000000002,27.435135732323232,5.5328526318696705,18.112727272727277,37.220909090909096,24,1409.3144381313132,447.06830076867317,50.1066130050505,14.440699087623072,11.2600422979798,3.327361450391663,2.9551900252525254,0.48263535036558286,0,0,5,80,3,2026,1,spring,test
2026-03-22 00:00:00+00:00,4946812,Công viên Nhân Chính - Khuất Duy Tiến,21.0031,105.79470000000002,22.918873106060605,5.076522184426753,13.334166666666668,30.9625,24,1238.1176609848485,405.0643942794045,42.42703914141414,7.755377352491934,12.631221651034151,4.905994915782283,2.833957702020202,0.48021210944734705,0,0,6,81,3,2026,1,spring,test
2026-03-23 00:00:00+00:00,4946812,Công viên Nhân Chính - Khuất Duy Tiến,21.0031,105.79470000000002,23.54224431818182,6.888182746827012,10.458333333333334,36.39416666666667,24,1426.5032986111112,645.6965201931785,40.25892676767677,10.128431755595589,12.236846124939875,4.831391769804467,2.877026515151515,0.42688112038602627,0,0,0,82,3,2026,0,spring,test
2026-03-24 00:00:00+00:00,4946812,Công viên Nhân Chính - Khuất Duy Tiến,21.0031,105.79470000000002,22.60078914141414,6.25103925990072,9.464166666666667,32.90333333333333,24,1420.3307291666667,485.49211442773844,47.664693813131315,11.136430569302211,12.99805345117845,4.544665099777462,2.861820707070707,0.4739642930741176,0,0,1,83,3,2026,0,spring,test
2026-03-25 00:00:00+00:00,4946812,Công viên Nhân Chính - Khuất Duy Tiến,21.0031,105.79470000000002,22.794108343045846,4.900736815703856,13.804615384615383,30.718333333333334,24,1668.4973202700078,515.7921884069889,50.114896076146074,11.07417995475118,11.836990891053391,4.149009131941693,3.4576689976689976,0.7482522542176865,0,0,2,84,3,2026,0,spring,test
2026-03-26 00:00:00+00:00,4946812,Công viên Nhân Chính - Khuất Duy Tiến,21.0031,105.79470000000002,33.61474305555556,6.82246739138512,16.413636363636364,43.33416666666667,24,1834.9544867424245,941.941185517137,47.45463573232323,8.804159591510002,13.980037217412217,4.967355420771216,3.8204917929292925,0.6377678260117694,0,0,3,85,3,2026,0,spring,test
2026-03-27 00:00:00+00:00,4946812,Công viên Nhân Chính - Khuất Duy Tiến,21.0031,105.79470000000002,28.64034217171717,6.066789331704474,17.722727272727273,39.12,24,1693.819643308081,739.0574820399995,46.22286237373737,8.846265827240122,16.425730699855702,6.777763304534082,2.9985896464646467,0.47912285137500926,0,0,4,86,3,2026,0,spring,test
2026-03-28 00:00:00+00:00,4946812,Công viên Nhân Chính - Khuất Duy Tiến,21.0031,105.79470000000002,28.385419823232326,5.7622344844714535,18.416666666666668,37.53363636363636,24,1497.9449652777778,463.1141144505856,40.40277146464646,10.733789530385577,16.040221485690235,5.542223793370786,2.5489574915824913,0.3888505828167774,0,0,5,87,3,2026,1,spring,test
2026-03-29 00:00:00+00:00,4946812,Công viên Nhân Chính - Khuất Duy Tiến,21.0031,105.79470000000002,25.96146078431373,2.8070566598520927,19.56416666666667,29.715,17,1659.8068137254904,627.4391644786543,37.388254901960785,7.606962273514073,19.349441876750703,5.332554166389152,2.4252777777777776,0.3614519013202206,13,0,6,88,3,2026,1,spring,test
2026-03-30 00:00:00+00:00,4946812,Công viên Nhân Chính - Khuất Duy Tiến,21.0031,105.79470000000002,47.44036616161617,27.091509492229974,23.309166666666663,116.08833333333337,24,1471.0416466750842,429.4526162115251,43.67559132996633,9.773692584880052,22.08178969757095,9.0137636673293,3.1149084595959593,0.6923306934017979,0,0,0,89,3,2026,0,spring,test
2026-03-31 00:00:00+00:00,4946812,Công viên Nhân Chính - Khuất Duy Tiến,21.0031,105.79470000000002,43.65310921717171,15.596854926557194,14.845833333333337,66.20333333333333,24,1561.4547821969697,439.5669754810711,43.69150568181818,8.969521618302796,20.916761814574315,8.440448250985847,3.3573390151515152,0.6710381690147095,0,0,1,90,3,2026,0,spring,test
2026-04-01 00:00:00+00:00,4946812,Công viên Nhân Chính - Khuất Duy Tiến,21.0031,105.79470000000002,31.027165404040403,10.538238214942266,9.225833333333332,45.94416666666666,24,1791.7500126262628,652.8389178771174,61.01316287878788,17.72260196523746,15.35710585016835,5.58640256096088,3.45451452020202,0.8478740396908505,0,0,2,91,4,2026,0,spring,test
2026-04-02 00:00:00+00:00,4946812,Công viên Nhân Chính - Khuất Duy Tiến,21.0031,105.79470000000002,42.40786931818182,7.7580917233713045,29.163636363636364,55.75749999999999,24,1907.5115427602846,684.5782708556849,60.32975694444445,10.711787285286269,16.813118160774412,4.012582017520861,2.881421717171717,0.4048640402876395,0,0,3,92,4,2026,0,spring,test
2026-04-03 00:00:00+00:00,4946812,Công viên Nhân Chính - Khuất Duy Tiến,21.0031,105.79470000000002,46.97851388888889,11.61745757957933,29.9375,65.66083333333334,24,1947.2668764966204,686.4020938153997,39.99270138888889,8.680324056148851,22.568181021524776,9.709438020682184,3.240017676767677,0.7538667147241771,0,0,4,93,4,2026,0,spring,test
2026-04-04 00:00:00+00:00,4946812,Công viên Nhân Chính - Khuất Duy Tiến,21.0031,105.79470000000002,36.04159406565657,6.301268260173395,22.004166666666663,48.44333333333333,24,1987.0222102329562,688.2259167751145,49.9473952020202,10.747825712435702,18.861283865440114,8.102271342921028,2.942395833333333,0.4073468102605575,0,0,5,94,4,2026,1,spring,test
2026-04-05 00:00:00+00:00,4946812,Công viên Nhân Chính - Khuất Duy Tiến,21.0031,105.79470000000002,49.70989583333333,7.298098180194377,37.47833333333333,63.853333333333325,24,2026.777543969292,690.0497397348292,39.746912878787874,11.548848312628861,24.04171623977874,6.493015580619812,3.1383106060606063,0.4613144623547217,0,0,6,95,4,2026,1,spring,test
2026-04-06 00:00:00+00:00,4946812,Công viên Nhân Chính - Khuất Duy Tiến,21.0031,105.79470000000002,76.03228535353536,16.603239762350405,55.54333333333333,109.76833333333332,24,2066.532877705628,691.873562694544,34.9790523989899,9.00627708494773,36.60459711700337,22.66229067192573,3.917316919191919,0.8842639479965513,0,0,0,96,4,2026,0,spring,test
2026-04-07 00:00:00+00:00,4946812,Công viên Nhân Chính - Khuất Duy Tiến,21.0031,105.79470000000002,62.12937184343434,20.506524472284106,33.26499999999999,90.41833333333334,24,1939.5531250000001,744.990003975588,33.95231691919192,9.737013522772479,33.60805808080808,18.672976864263056,3.937455808080808,0.8649765763535852,0,0,1,97,4,2026,0,spring,test
2026-04-08 00:00:00+00:00,4946812,Công viên Nhân Chính - Khuất Duy Tiến,21.0031,105.79470000000002,48.41428118686869,12.88877909118631,31.05333333333333,69.47916666666667,24,1664.2643984848485,527.1412137582622,34.3654255050505,8.135490122902459,27.707819384319382,15.246305188661173,3.626616666666667,0.7495686570356135,1,0,2,98,4,2026,0,spring,test
2026-04-09 00:00:00+00:00,4946812,Công viên Nhân Chính - Khuất Duy Tiến,21.0031,105.79470000000002,50.84637916666667,11.201716780681755,31.87,72.27636363636364,24,1947.749426010101,575.7394360765312,45.61705345117844,6.545689765912309,23.11951730098605,17.554252836414886,3.295505808080808,0.655872946030117,3,0,3,99,4,2026,0,spring,test
2026-04-10 00:00:00+00:00,4946812,Công viên Nhân Chính - Khuất Duy Tiến,21.0031,105.79470000000002,53.69696717171717,13.047904113678369,35.96,73.99666666666667,24,1688.1814255050506,309.731218835464,35.478417929292924,5.573487307228958,27.160606105699856,16.664873945181892,3.3175069444444443,0.5956002206921627,0,0,4,100,4,2026,0,spring,test
2026-04-11 00:00:00+00:00,4946812,Công viên Nhân Chính - Khuất Duy Tiến,21.0031,105.79470000000002,82.41003472222222,17.4184614816367,54.7725,111.52,24,1910.5699747474748,363.3147532348685,34.84770833333334,6.73398523403612,40.357362584175085,19.673783488821577,4.049962121212121,0.7586052688497609,0,0,5,101,4,2026,1,spring,test
2026-04-12 00:00:00+00:00,4946812,Công viên Nhân Chính - Khuất Duy Tiến,21.0031,105.79470000000002,65.25916982323231,19.559764630116454,42.525,99.42909090909092,24,1810.5986363636364,400.8367775977027,31.784602272727273,7.941689640804744,35.245820707070706,17.075218562045496,4.0079513888888885,0.6454361352347803,0,0,6,102,4,2026,1,spring,test
2026-04-13 00:00:00+00:00,4946812,Công viên Nhân Chính - Khuất Duy Tiến,21.0031,105.79470000000002,48.94785353535354,15.535950694102073,30.45583333333333,74.19000000000001,24,1739.8683396464646,521.8279160785411,31.588633207070703,8.05674352605937,26.042776304713808,10.56430309920077,3.6454103535353535,0.5758829568930292,0,0,0,103,4,2026,0,spring,test
2026-04-14 00:00:00+00:00,4946812,Công viên Nhân Chính - Khuất Duy Tiến,21.0031,105.79470000000002,44.575107323232324,14.885178662970784,27.640833333333337,75.35916666666667,24,1728.0502462121212,424.1858794812315,27.086280212842713,25.303946916544646,31.911064393939395,12.797922287708884,3.5772159090909095,0.7914203439655926,0,0,1,104,4,2026,0,spring,test
2026-04-15 00:00:00+00:00,4946812,Công viên Nhân Chính - Khuất Duy Tiến,21.0031,105.79470000000002,35.705681818181816,6.230540809560139,25.093333333333337,44.87833333333333,24,1831.8424684343436,425.87872286550953,18.36414414983165,3.9351867561866456,28.010667944324194,9.705689035481353,3.1752380050505047,0.4538603711549996,0,0,2,105,4,2026,0,spring,test
2026-04-16 00:00:00+00:00,4946812,Công viên Nhân Chính - Khuất Duy Tiến,21.0031,105.79470000000002,31.604030934343438,5.5921825079488805,19.224166666666665,41.630833333333335,24,1906.2636426767676,361.7915406441627,17.068945707070707,2.3094913524153746,27.131624293530546,11.934657498768544,3.3820006313131312,0.4818935237552975,0,0,3,106,4,2026,0,spring,test
2026-04-17 00:00:00+00:00,4946812,Công viên Nhân Chính - Khuất Duy Tiến,21.0031,105.79470000000002,39.970277777777774,11.223587434297917,21.805000000000003,54.72166666666666,24,2146.5231597222223,425.1005858272975,21.046352904040404,5.520374139798864,26.598721590909093,5.2653349036939625,3.437673611111111,0.5118733932552314,0,0,4,107,4,2026,0,spring,test
2026-04-18 00:00:00+00:00,4946812,Công viên Nhân Chính - Khuất Duy Tiến,21.0031,105.79470000000002,32.22390467171717,4.407432258736676,23.52083333333333,38.82363636363636,24,1943.818096590909,333.0398379267613,18.76195391414141,4.957152744310831,29.039747264309767,8.218797866198368,3.2695296717171716,0.29592678719984844,0,0,5,108,4,2026,1,spring,test
2026-04-19 00:00:00+00:00,4946812,Công viên Nhân Chính - Khuất Duy Tiến,21.0031,105.79470000000002,29.692348484848484,5.55154620509435,16.743333333333336,38.67666666666667,24,2187.0671369949496,444.2481970512067,20.44,3.780066595509,26.828807494588744,9.84490014978234,2.900273042929293,0.5213968960808067,0,0,6,109,4,2026,1,spring,test
2026-04-20 00:00:00+00:00,4946812,Công viên Nhân Chính - Khuất Duy Tiến,21.0031,105.79470000000002,32.10934222027972,8.234200846162938,14.55916666666667,43.03583333333333,24,2316.3359334207457,688.5929137954776,19.395334013209013,2.826600178598938,26.778278922466423,11.302677668375916,2.7221203865578865,0.4627451380419202,0,0,0,110,4,2026,0,spring,test
2026-04-21 00:00:00+00:00,4946812,Công viên Nhân Chính - Khuất Duy Tiến,21.0031,105.79470000000002,30.162329545454543,5.841308940482881,21.75916666666667,49.21833333333333,24,2142.423061868687,561.037425745747,19.995869318181818,6.505665659091363,26.79044297138047,8.022585874221644,2.8316622474747475,0.5701465059418469,0,0,1,111,4,2026,0,spring,test
2026-04-22 00:00:00+00:00,4946812,Công viên Nhân Chính - Khuất Duy Tiến,21.0031,105.79470000000002,33.51557765151515,11.014727795365754,15.665000000000004,53.37833333333334,24,2028.315274621212,414.3120749158946,15.852556818181817,2.806904739370239,32.480467276936025,8.575128507937224,3.001464646464646,0.4741502090080871,0,0,2,112,4,2026,0,spring,test
2026-04-23 00:00:00+00:00,4946812,Công viên Nhân Chính - Khuất Duy Tiến,21.0031,105.79470000000002,20.88576388888889,8.386781799988146,8.036363636363635,37.1625,24,2170.0938383838384,640.8950625449887,16.475833333333334,5.221144184219227,22.34664330808081,4.009878359327272,2.6399305555555554,0.4478829908716454,0,0,3,113,4,2026,0,spring,test
2026-04-24 00:00:00+00:00,4946812,Công viên Nhân Chính - Khuất Duy Tiến,21.0031,105.79470000000002,30.81804924242424,9.283658698956367,9.981818181818182,44.43083333333333,24,2486.306000631313,802.5917506187247,20.833500631313132,4.6471462047620715,20.208243686868688,12.677840070571602,2.1414944083694083,0.9218191347536043,0,0,4,114,4,2026,0,spring,test
2026-04-25 00:00:00+00:00,4946812,Công viên Nhân Chính - Khuất Duy Tiến,21.0031,105.79470000000002,40.09375946969697,11.136257497899122,21.305,57.47833333333333,24,2201.954116161616,427.828056515543,31.181751893939392,6.746422245938194,11.64764835858586,3.5308854737939277,1.2431816077441076,0.09555795948818274,0,0,5,115,4,2026,1,spring,test
2026-04-26 00:00:00+00:00,4946812,Công viên Nhân Chính - Khuất Duy Tiến,21.0031,105.79470000000002,33.38557133838384,5.68181515327013,23.244545454545456,42.545,24,1859.138071338384,286.2105716055607,18.89756313131313,3.616279168466903,13.39920667989418,3.294629128267815,1.1872481060606062,0.09786693473509156,0,0,6,116,4,2026,1,spring,test
2026-04-27 00:00:00+00:00,4946812,Công viên Nhân Chính - Khuất Duy Tiến,21.0031,105.79470000000002,24.321739267676765,6.511832238903063,14.211666666666664,35.4475,24,1935.1334627525255,231.7488228539536,17.896756313131313,3.526243593336227,13.304009229196728,4.476543343199965,1.1568949765512266,0.07270740868443562,0,0,0,117,4,2026,0,spring,test
2026-04-28 00:00:00+00:00,4946812,Công viên Nhân Chính - Khuất Duy Tiến,21.0031,105.79470000000002,25.57974558080808,4.649017232342072,16.817,32.86083333333334,24,2351.179797348485,485.1775987687152,22.537835227272726,7.344176108286915,26.20417666245791,7.126215264070278,2.711695165945166,0.631831159885913,0,0,1,118,4,2026,0,spring,test
2026-04-29 00:00:00+00:00,4946812,Công viên Nhân Chính - Khuất Duy Tiến,21.0031,105.79470000000002,13.25355744949495,5.262837770993937,5.194166666666667,19.93583333333334,24,2265.39367739899,533.2477468273299,18.04128787878788,6.792480726031,23.37951073232323,3.710867968448969,2.986300505050505,0.660413203688474,0,0,2,119,4,2026,0,spring,test
2026-04-30 00:00:00+00:00,4946812,Công viên Nhân Chính - Khuất Duy Tiến,21.0031,105.79470000000002,17.532171717171718,8.348022891426762,2.81,28.339166666666667,24,2009.8818781565658,273.8733561763122,14.444106691919194,5.152037236050228,31.945672348484848,6.1737721129713545,3.0297001262626266,0.5817031301275376,0,0,3,120,4,2026,0,spring,test
2026-05-01 00:00:00+00:00,4946812,Công viên Nhân Chính - Khuất Duy Tiến,21.0031,105.79470000000002,22.841761363636365,4.26634992876831,15.103333333333332,32.497499999999995,24,2168.0345707070705,334.7893609448803,13.281306818181818,2.0887525973147127,33.69299558080808,7.212568622291428,2.702611111111111,0.3795393440995818,0,0,4,121,5,2026,0,spring,test
2026-05-02 00:00:00+00:00,4946812,Công viên Nhân Chính - Khuất Duy Tiến,21.0031,105.79470000000002,20.669671717171717,5.67841397676194,10.841666666666669,29.51166666666667,24,2094.591748737374,173.99346458494088,15.41908143939394,3.3776981438583764,30.84857838804714,7.437305328327265,2.724523358585859,0.3444304051735971,0,0,5,122,5,2026,1,spring,test
2026-05-03 00:00:00+00:00,4946812,Công viên Nhân Chính - Khuất Duy Tiến,21.0031,105.79470000000002,19.951357323232322,11.472842654200848,3.936666666666667,46.52916666666667,24,2354.1836079545456,401.5901546659268,13.806344696969697,3.9934208046917754,25.42984227693603,7.256780429528843,2.789294823232323,0.46716652023795163,0,0,6,123,5,2026,1,spring,test
2026-05-04 00:00:00+00:00,4946812,Công viên Nhân Chính - Khuất Duy Tiến,21.0031,105.79470000000002,24.162859848484846,6.9652603793812435,8.745454545454548,35.0925,24,3172.915119949495,592.5577154681753,28.061376262626265,5.241433982944163,20.15323547979798,4.245529355576585,3.1795940656565658,0.6034151790834305,0,0,0,124,5,2026,0,spring,test
2026-05-05 00:00:00+00:00,4946812,Công viên Nhân Chính - Khuất Duy Tiến,21.0031,105.79470000000002,25.272396804584304,4.505737217571276,16.287499999999998,32.56333333333333,24,2749.042804729992,422.009842720928,26.143825757575758,5.147915598199759,27.235834512709513,6.998104202491123,2.9001450725200724,0.8669974257942447,0,0,1,125,5,2026,0,spring,test
2026-05-06 00:00:00+00:00,4946812,Công viên Nhân Chính - Khuất Duy Tiến,21.0031,105.79470000000002,23.673020833333336,5.049955317730982,15.250833333333334,33.62083333333333,24,2720.5396275252524,491.01778668143794,17.922512626262627,4.633211463576518,30.243235539923038,8.992488295518312,2.72791835016835,0.4625629320124267,0,0,2,126,5,2026,0,spring,test
2026-05-07 00:00:00+00:00,4946812,Công viên Nhân Chính - Khuất Duy Tiến,21.0031,105.79470000000002,17.742453914141414,6.200351306827122,6.644166666666667,28.28,24,2641.4100410353535,482.8119799700427,14.615561237373738,3.1769372684620367,29.121450697450697,10.529703303521066,2.7205189393939393,0.39743880744882876,0,0,3,127,5,2026,0,spring,test
2026-05-08 00:00:00+00:00,4946812,Công viên Nhân Chính - Khuất Duy Tiến,21.0031,105.79470000000002,26.980905934343436,7.438193251845382,9.1525,41.375,24,3153.2323926767676,1016.5085545652438,17.07125,5.568599557210621,27.80686804052429,7.446689536027793,2.8484627525252524,0.5001823481117881,0,0,4,128,5,2026,0,spring,test
2026-05-09 00:00:00+00:00,4946812,Công viên Nhân Chính - Khuất Duy Tiến,21.0031,105.79470000000002,28.969056186868688,11.166234238756994,11.504166666666668,51.13916666666668,24,2886.417051767677,607.8901051622175,15.898267045454546,5.956935337433273,23.399362794612795,4.563905519972778,2.7459261363636362,0.4986570410196572,0,0,5,129,5,2026,1,spring,test
2026-05-10 00:00:00+00:00,4946812,Công viên Nhân Chính - Khuất Duy Tiến,21.0031,105.79470000000002,40.93497159090909,6.279972311817961,29.740833333333335,52.16833333333333,24,3382.2110164141413,475.9518966732373,22.759892676767677,6.039001526272518,22.02027931096681,5.3287708530243085,3.3059375,0.4196732647974859,0,0,6,130,5,2026,1,spring,test
2026-05-11 00:00:00+00:00,4946812,Công viên Nhân Chính - Khuất Duy Tiến,21.0031,105.79470000000002,32.066123737373736,9.671941042856117,16.195000000000004,53.29083333333333,24,3051.987140151515,632.4985880036836,19.39906881313131,3.3516543069719935,30.329687996031748,9.472285102680772,3.382992424242424,0.4163883026323987,0,0,0,131,5,2026,0,spring,test
2026-05-12 00:00:00+00:00,4946812,Công viên Nhân Chính - Khuất Duy Tiến,21.0031,105.79470000000002,23.15620867768595,4.170778490214663,16.18,30.56833333333334,22,3009.3450086088155,401.61697849748725,16.222360537190085,1.6318172604701207,29.057534358738906,9.320126685349978,3.4007627410468317,0.3555672162409665,12,0,1,132,5,2026,0,spring,test
2026-05-13 00:00:00+00:00,4946812,Công viên Nhân Chính - Khuất Duy Tiến,21.0031,105.79470000000002,25.597854797979796,7.881286101727168,11.709166666666668,42.02916666666666,24,2990.6202607323235,407.409102913791,18.612989267676767,2.9600774930753686,29.558231739518195,9.85770959014394,3.4917241161616164,0.5489976022071431,1,0,2,133,5,2026,0,spring,test
2026-05-14 00:00:00+00:00,4946812,Công viên Nhân Chính - Khuất Duy Tiến,21.0031,105.79470000000002,27.952986111111112,10.713722784953985,10.026666666666667,46.57999999999999,24,3185.379513888889,591.121459843078,21.385451388888885,6.70920053346588,25.060765662578163,10.202110730834459,3.3935069444444443,0.5978917761908377,0,0,3,134,5,2026,0,spring,test
2026-05-15 00:00:00+00:00,4946812,Công viên Nhân Chính - Khuất Duy Tiến,21.0031,105.79470000000002,29.469999999999995,10.713722784953985,29.469999999999995,29.469999999999995,1,2441.2450000000003,591.121459843078,9.6125,6.70920053346588,18.695833333333333,10.202110730834459,2.5391666666666666,0.5978917761908377,0,0,4,135,5,2026,0,spring,test
2025-07-03 00:00:00+00:00,4946813,Số 1 đường Giải Phóng - phường Bạch Mai - ĐHBK ,21.0052,105.8418,19.29525423881674,8.395973806242598,6.619999999999999,29.012500000000003,8,4087.4748626893943,571.9637345692007,5.6763639520202025,0.7752569351257623,14.625459325396825,8.963543793493528,8.333156475468975,0.22463271533106693,0,0,3,184,7,2025,0,summer,train
2025-07-04 00:00:00+00:00,4946813,Số 1 đường Giải Phóng - phường Bạch Mai - ĐHBK ,21.0052,105.8418,28.265289457070708,10.474032797744574,8.152000000000001,42.17699999999999,24,4104.124892436267,380.8730260773177,6.058496197089948,1.5100180232634108,20.88135572991823,12.332208802582908,8.349949164261664,0.1863250051340925,0,0,4,185,7,2025,0,summer,train
2025-07-05 00:00:00+00:00,4946813,Số 1 đường Giải Phóng - phường Bạch Mai - ĐHBK ,21.0052,105.8418,27.714489763708514,10.91399319136331,6.796363636363637,48.733,24,3662.647678330928,348.7140044725042,5.97709154040404,2.1180390880449527,21.953880787037036,14.065686315620455,8.650805495430495,0.365712941305019,0,0,5,186,7,2025,1,summer,train
2025-07-06 00:00:00+00:00,4946813,Số 1 đường Giải Phóng - phường Bạch Mai - ĐHBK ,21.0052,105.8418,21.280074074074076,10.86879865362058,1.82,36.95625,24,3864.803648809524,564.2085957523357,6.66932208994709,1.9634464451133387,13.182167177729676,6.605535999220305,8.542505125661377,0.1786157814502617,1,0,6,187,7,2025,1,summer,train
2025-07-07 00:00:00+00:00,4946813,Số 1 đường Giải Phóng - phường Bạch Mai - ĐHBK ,21.0052,105.8418,31.959863245550746,11.623228962744736,11.37375,49.60999999999999,24,3887.475160639129,435.0925515704571,6.2903467562530055,1.6435740731660455,20.698768728956228,11.969885411118215,8.64999491943242,0.2051457405643017,0,0,0,188,7,2025,0,summer,train
2025-07-08 00:00:00+00:00,4946813,Số 1 đường Giải Phóng - phường Bạch Mai - ĐHBK ,21.0052,105.8418,35.22849552068302,11.719795437751744,17.125555555555554,55.857272727272736,24,4295.583743897307,761.7803712965786,8.178964766714767,3.206737580045238,22.127777432058682,17.262783630514363,8.946850153318902,0.43149692923665,0,0,1,189,7,2025,0,summer,train
2025-07-09 00:00:00+00:00,4946813,Số 1 đường Giải Phóng - phường Bạch Mai - ĐHBK ,21.0052,105.8418,33.128477483164986,15.338555953857572,6.182,61.509,24,3840.7738214436026,434.18265650820206,5.876231165824915,2.2402551249435994,23.196993596681097,8.25555110775749,8.817848575036075,0.5512527163651895,1,0,2,190,7,2025,0,summer,train
2025-07-10 00:00:00+00:00,4946813,Số 1 đường Giải Phóng - phường Bạch Mai - ĐHBK ,21.0052,105.8418,17.332644796176044,7.658312095495,3.192,31.36555555555556,24,3913.4924778589466,480.7035048033092,6.265611712361712,2.0754420190803295,21.58500703463203,8.822556584962435,8.702363666426166,0.27638731021427226,1,0,3,191,7,2025,0,summer,train
2025-07-11 00:00:00+00:00,4946813,Số 1 đường Giải Phóng - phường Bạch Mai - ĐHBK ,21.0052,105.8418,19.01390979737855,10.849796411916605,3.4763636363636365,43.65444444444446,24,4037.1755452290763,463.67466495900703,6.709954154641655,2.3410718601881357,27.996863516113518,19.735761061583844,8.741246738215489,0.321669905267703,0,0,4,192,7,2025,0,summer,train
2025-07-12 00:00:00+00:00,4946813,Số 1 đường Giải Phóng - phường Bạch Mai - ĐHBK ,21.0052,105.8418,17.1185171506734,9.754994586911904,1.4125,33.22181818181818,24,3817.9091743476433,338.0242296799793,5.297406460437711,1.8517802432357977,17.355825998075996,6.84945309278808,8.711251578282829,0.35843599923510205,0,0,5,193,7,2025,1,summer,train
2025-07-13 00:00:00+00:00,4946813,Số 1 đường Giải Phóng - phường Bạch Mai - ĐHBK ,21.0052,105.8418,31.04744935966811,11.711569940860318,5.868888888888889,51.9375,24,3837.760900282588,370.28573004284993,5.686954695767196,2.1788106375885277,21.820203433140932,6.926957473630819,8.628552308802309,0.3169787123480494,0,0,6,194,7,2025,1,summer,train
2025-07-14 00:00:00+00:00,4946813,Số 1 đường Giải Phóng - phường Bạch Mai - ĐHBK ,21.0052,105.8418,34.88145893458393,18.895791931193394,4.706363636363636,60.617142857142845,24,4807.767743777056,1100.2923202113961,8.50534193121693,3.21095075742779,19.758921296296297,12.403559036648117,8.568836610149111,0.18351998515699616,0,0,0,195,7,2025,0,summer,train
2025-07-15 00:00:00+00:00,4946813,Số 1 đường Giải Phóng - phường Bạch Mai - ĐHBK ,21.0052,105.8418,44.93166161616162,24.161587414562106,3.4199999999999995,83.45555555555556,24,4007.8172457762143,625.5417439291291,4.7389921536796535,2.448443531003883,28.94074041005291,14.455471998426212,8.530201283670033,0.18636182042035032,0,0,1,196,7,2025,0,summer,train
2025-07-16 00:00:00+00:00,4946813,Số 1 đường Giải Phóng - phường Bạch Mai - ĐHBK ,21.0052,105.8418,20.30915746753247,9.193990033257068,1.18,37.04375,24,3712.4864484427612,428.74015216540624,4.187039246632996,1.8357714224663144,25.847931126743628,15.145808328188028,8.671983074795575,0.17975796090223492,0,0,2,197,7,2025,0,summer,train
2025-07-17 00:00:00+00:00,4946813,Số 1 đường Giải Phóng - phường Bạch Mai - ĐHBK ,21.0052,105.8418,29.421721560846564,6.909681801306985,17.548888888888893,44.04333333333332,24,3955.1301638558202,334.02505023417194,6.2913004298941795,1.6862208233971923,29.316654265873012,25.81587428708432,8.852674272486771,0.3740551759765025,0,0,3,198,7,2025,0,summer,train
2025-07-18 00:00:00+00:00,4946813,Số 1 đường Giải Phóng - phường Bạch Mai - ĐHBK ,21.0052,105.8418,28.314209746272244,14.698745239679429,5.005555555555556,56.581,24,4117.42561976912,507.80334206191367,7.504569985569986,2.4261811850641646,19.31970468073593,15.099349174333431,9.209452245670995,0.4727065577958805,0,0,4,199,7,2025,0,summer,train
2025-07-19 00:00:00+00:00,4946813,Số 1 đường Giải Phóng - phường Bạch Mai - ĐHBK ,21.0052,105.8418,44.102667809042806,29.64766572189145,3.021,95.88333333333334,24,4036.001361727393,633.5569375467143,5.73346602934103,2.245270929847331,29.752645833333332,16.153226846029767,8.828007680976432,0.5078260274004947,6,0,5,200,7,2025,1,summer,train
2025-07-20 00:00:00+00:00,4946813,Số 1 đường Giải Phóng - phường Bạch Mai - ĐHBK ,21.0052,105.8418,31.862464285714285,8.21666411098466,18.60142857142857,45.017500000000005,24,4056.278802414021,336.3473933831061,5.154235119047619,1.9570376372922906,30.229903604497355,20.765833602846286,8.550941964285714,0.18499180257874778,0,0,6,201,7,2025,1,summer,train
2025-07-21 00:00:00+00:00,4946813,Số 1 đường Giải Phóng - phường Bạch Mai - ĐHBK ,21.0052,105.8418,20.05889538239538,10.778806023348556,3.62,47.32777777777777,24,4039.6525455146707,582.7464146982256,4.149132801226552,2.058052470718277,22.859936237373734,16.826524561967833,8.379542974386725,0.30382203674614067,0,0,0,202,7,2025,0,summer,train
2025-07-22 00:00:00+00:00,4946813,Số 1 đường Giải Phóng - phường Bạch Mai - ĐHBK ,21.0052,105.8418,9.506536150192401,4.429602025500334,3.945,19.236666666666665,24,3494.7391524019963,292.68690320511536,2.118679864117364,0.7899414211355852,19.094996873496875,9.925673217754186,8.376615184583935,0.2430745481030821,6,0,1,203,7,2025,0,summer,train
2025-07-23 00:00:00+00:00,4946813,Số 1 đường Giải Phóng - phường Bạch Mai - ĐHBK ,21.0052,105.8418,16.03095897967773,8.190622029260089,1.5924999999999998,30.56222222222222,24,3932.7000346470654,429.1890618805138,4.024889625420875,1.0345168416721036,14.278526620370371,6.170802720671721,8.73374788059163,0.18440280008050158,1,0,2,204,7,2025,0,summer,train
2025-07-24 00:00:00+00:00,4946813,Số 1 đường Giải Phóng - phường Bạch Mai - ĐHBK ,21.0052,105.8418,16.412672483766233,8.258535314912429,2.125454545454545,31.788571428571423,24,4050.137278574435,490.3538237975129,4.744698653198653,1.063536867792829,15.15786283970659,8.064317006084405,8.729445301226551,0.13765374928583723,0,0,3,205,7,2025,0,summer,train
2025-07-25 00:00:00+00:00,4946813,Số 1 đường Giải Phóng - phường Bạch Mai - ĐHBK ,21.0052,105.8418,31.105589781746033,10.25043363053093,11.62375,52.78000000000001,24,4248.245540960197,514.066021447197,5.8569898388648385,2.5146795590775772,18.304518172799423,9.458013868836794,8.891447570947571,0.20428232739986968,0,0,4,206,7,2025,0,summer,train
2025-07-26 00:00:00+00:00,4946813,Số 1 đường Giải Phóng - phường Bạch Mai - ĐHBK ,21.0052,105.8418,31.672962782587785,16.404255169381027,2.414,55.17111111111111,24,4058.3669496753246,424.45914829720743,5.123669702982203,2.1328257250915215,24.832755050505053,15.761650379701752,8.539176256613755,0.23395813934693266,0,0,5,207,7,2025,1,summer,train
2025-07-27 00:00:00+00:00,4946813,Số 1 đường Giải Phóng - phường Bạch Mai - ĐHBK ,21.0052,105.8418,30.75185663179413,8.671937812502662,13.118333333333334,45.498000000000005,24,3999.447736562049,370.5918303103436,4.91870912999038,1.7704808450667862,25.77708161976912,14.646664170743803,8.658724086099086,0.23388902101712045,0,0,6,208,7,2025,1,summer,train
2025-07-28 00:00:00+00:00,4946813,Số 1 đường Giải Phóng - phường Bạch Mai - ĐHBK ,21.0052,105.8418,41.83575300625301,7.628400337414261,28.736666666666668,57.15714285714286,24,4214.60643856722,450.3017993074744,6.830280047498797,1.8337774193901601,26.361110915704668,13.336492420154752,8.726768443362193,0.29414065597409994,1,0,0,209,7,2025,0,summer,train
2025-07-29 00:00:00+00:00,4946813,Số 1 đường Giải Phóng - phường Bạch Mai - ĐHBK ,21.0052,105.8418,49.57461318542568,24.164573372126448,13.89,85.74555555555554,24,4125.892910804473,471.60827771961215,5.692337031024532,1.8718730826282426,26.531705913299664,15.681370456063975,8.738463699494949,0.41493965366629215,0,0,1,210,7,2025,0,summer,train
2025-07-30 00:00:00+00:00,4946813,Số 1 đường Giải Phóng - phường Bạch Mai - ĐHBK ,21.0052,105.8418,34.10220074254449,21.483551507533228,3.78,71.44428571428571,24,4056.319628246753,452.3831495570415,5.715437665343916,1.5447971153922477,23.868507109788357,11.973551047457464,8.714250481000482,0.3698715652769957,2,0,2,211,7,2025,0,summer,train
2025-07-31 00:00:00+00:00,4946813,Số 1 đường Giải Phóng - phường Bạch Mai - ĐHBK ,21.0052,105.8418,24.86767787999038,12.778510020344845,1.945,48.0525,24,4062.9643851160413,532.0694433670517,5.543650673400673,2.0338473917327553,28.998846575877824,12.66419289942575,8.627065536315536,0.30596359384215993,1,0,3,212,7,2025,0,summer,train
2025-08-01 00:00:00+00:00,4946813,Số 1 đường Giải Phóng - phường Bạch Mai - ĐHBK ,21.0052,105.8418,18.17569361772487,7.434808543285188,7.376,32.29,24,4201.402341765873,618.1090580316954,5.506212466931217,2.3691394996329094,24.90127066798942,14.512263457960314,8.789593088624338,0.33290047556699914,0,0,4,213,8,2025,0,summer,train
2025-08-02 00:00:00+00:00,4946813,Số 1 đường Giải Phóng - phường Bạch Mai - ĐHBK ,21.0052,105.8418,35.361514625420874,10.168663429591598,20.242,55.16,24,3976.2373751052187,298.7145407708444,4.687783564814815,1.466908674188082,35.48277986712362,24.949133983485257,8.774944865319865,0.3258493869452979,0,0,5,214,8,2025,1,summer,train
2025-08-03 00:00:00+00:00,4946813,Số 1 đường Giải Phóng - phường Bạch Mai - ĐHBK ,21.0052,105.8418,19.257832318722944,14.632317403812769,2.2262500000000003,46.572500000000005,24,4032.0052075968015,561.3376401448735,5.413200231481482,1.7654465129897734,17.42350496031746,12.88925138513953,9.337525147306398,0.49460182484524634,3,0,6,215,8,2025,1,summer,train
2025-08-04 00:00:00+00:00,4946813,Số 1 đường Giải Phóng - phường Bạch Mai - ĐHBK ,21.0052,105.8418,17.663576734607982,14.575338028626327,1.37,52.59799999999999,24,4251.6655769600775,665.9603560068404,5.923681637806638,1.8780080908966434,18.95462681878307,13.619072630958799,9.768305976430977,0.6359035061778883,0,0,0,216,8,2025,0,summer,train
2025-08-05 00:00:00+00:00,4946813,Số 1 đường Giải Phóng - phường Bạch Mai - ĐHBK ,21.0052,105.8418,19.75418897306397,12.605006562616996,2.972,49.394000000000005,24,3982.766020217052,419.6086615308941,4.641245084776335,1.8610322891389524,24.166029596560847,12.063847408373205,9.072343043530543,0.6644857769242422,2,0,1,217,8,2025,0,summer,train
2025-08-06 00:00:00+00:00,4946813,Số 1 đường Giải Phóng - phường Bạch Mai - ĐHBK ,21.0052,105.8418,21.323425204425202,11.533684086586799,5.505,44.34666666666666,24,3892.739603745791,332.800836479225,3.8942147817460318,1.0871773299647636,22.08889475108225,10.675285424450593,8.700393262987012,0.16997279252260034,2,0,2,218,8,2025,0,summer,train
2025-08-07 00:00:00+00:00,4946813,Số 1 đường Giải Phóng - phường Bạch Mai - ĐHBK ,21.0052,105.8418,31.575273253367005,9.306959660152968,16.495,47.475,24,3987.4566519510586,313.24980163153435,5.869881418350168,1.5428402084525155,18.337315641534392,9.192110856853894,8.789245009620009,0.2152238841229664,0,0,3,219,8,2025,0,summer,train
2025-08-08 00:00:00+00:00,4946813,Số 1 đường Giải Phóng - phường Bạch Mai - ĐHBK ,21.0052,105.8418,26.269543034511784,9.479392214702735,11.963333333333331,48.09125,24,4149.848379524411,309.6921449241215,6.110269570707071,0.901429868288764,17.69462142255892,6.772743018771706,8.899637220418471,0.3964968423405471,0,0,4,220,8,2025,0,summer,train
2025-08-09 00:00:00+00:00,4946813,Số 1 đường Giải Phóng - phường Bạch Mai - ĐHBK ,21.0052,105.8418,20.85426455026455,11.741487631032252,2.2960000000000003,40.355,24,3694.6507872023813,276.34219082682694,3.5377743055555553,1.6712079925236298,26.724253637566136,12.746969243440518,8.96173578042328,0.49883387089855175,0,0,5,221,8,2025,1,summer,train
2025-08-10 00:00:00+00:00,4946813,Số 1 đường Giải Phóng - phường Bạch Mai - ĐHBK ,21.0052,105.8418,21.530369543650796,11.764605829600425,2.546666666666667,49.31375,24,3780.833259755291,290.41032685033275,3.366787202380952,1.4629972407728573,16.559955357142858,8.97365336528689,8.539996693121694,0.19032782673228973,5,0,6,222,8,2025,1,summer,train
2025-08-11 00:00:00+00:00,4946813,Số 1 đường Giải Phóng - phường Bạch Mai - ĐHBK ,21.0052,105.8418,27.800300414862914,17.94223572921554,2.0,68.85000000000001,24,2096.6954246933624,1623.4521806777336,14.726032204485328,8.642773040388395,22.15322486772487,16.23266565110151,8.649465277777777,14.554973373953045,2,0,0,223,8,2025,0,summer,train
2025-08-12 00:00:00+00:00,4946813,Số 1 đường Giải Phóng - phường Bạch Mai - ĐHBK ,21.0052,105.8418,25.78890915103415,16.83252099927088,3.94,57.70428571428572,24,969.6955568933381,194.6447662717686,42.09943961940837,18.460311121445514,30.387481406325154,31.182208235896514,1.5689794372294372,0.590069655584511,3,0,1,224,8,2025,0,summer,train
2025-08-13 00:00:00+00:00,4946813,Số 1 đường Giải Phóng - phường Bạch Mai - ĐHBK ,21.0052,105.8418,31.000291711760465,13.573224725970793,1.8666666666666665,53.68300000000001,24,1655.5544650974027,646.8628706222299,49.8313936988937,9.016005155952493,29.946597004268877,26.399715542810767,1.2911527777777778,0.18915655605149528,0,0,2,225,8,2025,0,summer,train
2025-08-14 00:00:00+00:00,4946813,Số 1 đường Giải Phóng - phường Bạch Mai - ĐHBK ,21.0052,105.8418,37.553555720899475,24.66327953506911,3.22,102.6842857142857,24,1881.2973933531746,898.7779019899481,49.65162830687831,11.423146578061045,27.0877294973545,21.074231293990927,1.2824107142857144,0.13833411841465176,0,0,3,226,8,2025,0,summer,train
2025-08-15 00:00:00+00:00,4946813,Số 1 đường Giải Phóng - phường Bạch Mai - ĐHBK ,21.0052,105.8418,23.09861111111111,18.364847556642548,2.47,57.18,24,1159.43675,310.8592419836886,43.741510582010584,7.243931758458021,20.343006613756614,15.787872756439127,1.2570684523809523,0.17139984163912167,3,0,4,227,8,2025,0,summer,train
2025-08-16 00:00:00+00:00,4946813,Số 1 đường Giải Phóng - phường Bạch Mai - ĐHBK ,21.0052,105.8418,19.7722251984127,15.65323733782059,3.03,52.36625,24,1385.1326588955026,867.5222895328907,44.54965773809524,12.069944540226789,22.21702447089947,19.410957442660205,1.2393434343434342,0.12913577794393363,3,0,5,228,8,2025,1,summer,train
2025-08-17 00:00:00+00:00,4946813,Số 1 đường Giải Phóng - phường Bạch Mai - ĐHBK ,21.0052,105.8418,20.305223214285714,10.740344358777769,1.5,38.940000000000005,24,1947.9374598214288,889.02985043742,45.317192294973545,7.641476683237044,21.567798776455025,27.093218815208512,1.3335326086956523,0.20832685101904555,0,0,6,229,8,2025,1,summer,train
2025-08-18 00:00:00+00:00,4946813,Số 1 đường Giải Phóng - phường Bạch Mai - ĐHBK ,21.0052,105.8418,19.108927744708996,12.342202879660608,1.685,46.52333333333334,24,1498.948466435185,507.4163722808104,42.611462466931215,5.143483086432809,23.27968005952381,31.11454292361929,1.2677083333333334,0.19019571822699913,2,0,0,230,8,2025,0,summer,train
2025-08-19 00:00:00+00:00,4946813,Số 1 đường Giải Phóng - phường Bạch Mai - ĐHBK ,21.0052,105.8418,17.968987599206347,10.863722298358345,2.17,38.264,24,1744.6641044973546,936.447654500532,40.76783052248677,5.929089858841839,28.30049768518518,39.50452609081077,1.226736111111111,0.25979698928994993,1,0,1,231,8,2025,0,summer,train
2025-08-20 00:00:00+00:00,4946813,Số 1 đường Giải Phóng - phường Bạch Mai - ĐHBK ,21.0052,105.8418,23.07109290824916,12.378498567458191,2.6925,42.62166666666666,24,1523.5623716329967,718.5137785474052,38.28190730218855,4.937174385203735,19.106302895021646,17.037071925756962,1.2267708333333334,0.14134141317569465,0,0,2,232,8,2025,0,summer,train
2025-08-21 00:00:00+00:00,4946813,Số 1 đường Giải Phóng - phường Bạch Mai - ĐHBK ,21.0052,105.8418,22.04091060906686,13.110948416690116,2.03,39.92875,24,1404.4776477122414,466.20413928952263,38.07042839105339,4.870559143409652,17.547291997354495,21.179665245229707,1.32,0.19219256773295743,1,0,3,233,8,2025,0,summer,train
2025-08-22 00:00:00+00:00,4946813,Số 1 đường Giải Phóng - phường Bạch Mai - ĐHBK ,21.0052,105.8418,17.86828158068783,10.59915047375993,3.5425,36.24285714285715,24,1129.7077733134922,318.86037679939983,34.85963740079365,4.878121289037282,13.857943452380953,15.974571496475884,1.1923680555555556,0.15343363117886208,2,0,4,234,8,2025,0,summer,train
2025-08-23 00:00:00+00:00,4946813,Số 1 đường Giải Phóng - phường Bạch Mai - ĐHBK ,21.0052,105.8418,25.656333167989416,12.562432329658263,5.408333333333332,53.703333333333326,24,1796.525609292328,793.3188474021848,38.62263161375662,4.749378757792059,19.356177083333332,24.914631535644915,1.2516319444444444,0.10768016000123003,0,0,5,235,8,2025,1,summer,train
2025-08-24 00:00:00+00:00,4946813,Số 1 đường Giải Phóng - phường Bạch Mai - ĐHBK ,21.0052,105.8418,29.35210367063492,22.10468058506172,2.86,71.35857142857142,24,1496.9280178571428,461.0992160923514,36.90084871031746,3.833674983316246,22.013590277777777,27.298566850155584,1.287013888888889,0.32087389322640025,2,0,6,236,8,2025,1,summer,train
2025-08-25 00:00:00+00:00,4946813,Số 1 đường Giải Phóng - phường Bạch Mai - ĐHBK ,21.0052,105.8418,25.397810221354167,8.556769311389866,15.849765625,36.968,16,1234.9225714285715,431.8226104367189,33.11785995370371,4.5607293237562105,55.739340773809516,54.8844688443763,1.1509444444444443,0.09201486452806223,19,0,0,237,8,2025,0,summer,train
2025-08-26 00:00:00+00:00,4946813,Số 1 đường Giải Phóng - phường Bạch Mai - ĐHBK ,21.0052,105.8418,15.65171875,10.086905651316377,15.65171875,15.65171875,1,2062.9861096230156,298.57882406181375,31.587910834779258,2.0405425957191397,8.571582010582011,9.613861481638992,1.1554226532567051,0.1419621195389646,24,0,1,238,8,2025,0,summer,train
2025-08-27 00:00:00+00:00,4946813,Số 1 đường Giải Phóng - phường Bạch Mai - ĐHBK ,21.0052,105.8418,18.453781427154194,11.617041991242886,9.908359375,30.162859375,0,2006.3084604789149,246.38460025436152,36.08207364412763,4.7216764493790215,5.696773751501024,1.128722621381325,1.2198452609012955,0.15551339284994467,24,1,2,239,8,2025,0,summer,train
2025-08-28 00:00:00+00:00,4946813,Số 1 đường Giải Phóng - phường Bạch Mai - ĐHBK ,21.0052,105.8418,21.255844104308387,13.147178331169396,4.165,44.674,14,1930.046836170003,758.415224061885,40.57623645347601,7.402810303038903,15.701281773781773,14.352923191867225,1.2842678685458857,0.16906466616092472,10,0,3,240,8,2025,0,summer,train
2025-08-29 00:00:00+00:00,4946813,Số 1 đường Giải Phóng - phường Bạch Mai - ĐHBK ,21.0052,105.8418,27.000091435185187,18.156368398722307,2.733333333333334,58.66,24,1450.1627486772486,618.3302382116362,45.07039926282438,10.083944156698784,24.88563310185185,32.681097061647385,1.348690476190476,0.1826159394719048,3,0,4,241,8,2025,0,summer,train
2025-08-30 00:00:00+00:00,4946813,Số 1 đường Giải Phóng - phường Bạch Mai - ĐHBK ,21.0052,105.8418,16.257044890873015,9.519337731251937,1.83,33.72428571428571,24,931.8010995821309,381.84516813139084,49.56456207217275,12.765078010358666,27.508067460317463,31.328359943316634,1.2219270833333333,0.3864712565085172,3,0,5,242,8,2025,1,summer,train
2025-08-31 00:00:00+00:00,4946813,Số 1 đường Giải Phóng - phường Bạch Mai - ĐHBK ,21.0052,105.8418,21.324751818783067,11.131507480988638,3.79,41.79375,24,956.8883010912699,469.92117374168066,54.05872488152113,15.446211864018549,29.194429563492065,24.710929040805517,1.1960416666666667,0.09516095251760541,2,0,6,243,8,2025,1,summer,train
2025-09-01 00:00:00+00:00,4946813,Số 1 đường Giải Phóng - phường Bạch Mai - ĐHBK ,21.0052,105.8418,28.66652474411482,14.92132127580258,9.89,60.02777777777778,24,1580.9194575517076,605.7293437867428,58.5528876908695,18.127345717678427,30.391566558441557,28.271884966471152,1.28484375,0.3356501643041507,11,0,0,244,9,2025,0,autumn,train
2025-09-02 00:00:00+00:00,4946813,Số 1 đường Giải Phóng - phường Bạch Mai - ĐHBK ,21.0052,105.8418,21.620470588235293,17.80178803212672,21.620470588235293,21.620470588235293,1,1058.5936934223184,454.3336746671408,63.04705050021787,20.80847957133831,22.938180510461763,22.605924277892292,1.3853703703703706,0.6811582607579413,24,0,1,245,9,2025,0,autumn,train
2025-09-03 00:00:00+00:00,4946813,Số 1 đường Giải Phóng - phường Bạch Mai - ĐHBK ,21.0052,105.8418,31.358280591630592,20.68225478845086,4.826363636363637,65.64090909090909,20,964.2350367965369,314.95038607645677,67.54121330956625,23.489613424998193,80.06689914021165,64.2944952485068,0.9685619588744588,0.2529513866642977,6,0,2,246,9,2025,0,autumn,train
2025-09-04 00:00:00+00:00,4946813,Số 1 đường Giải Phóng - phường Bạch Mai - ĐHBK ,21.0052,105.8418,22.023054082491583,7.493185849542497,4.83,38.8,24,1072.9634013047137,516.5290596463301,57.39422558922559,12.902402700285377,110.67752898779462,73.62030631805179,0.9382293921356423,0.2319855726755333,0,0,3,247,9,2025,0,autumn,train
2025-09-05 00:00:00+00:00,4946813,Số 1 đường Giải Phóng - phường Bạch Mai - ĐHBK ,21.0052,105.8418,19.710712436868686,7.149636300963051,5.520833333333333,28.13125,24,881.9184864267677,447.09902354990203,52.986923085016834,11.32145200880208,130.26151788720537,68.804245174178,1.0912527807840309,0.28703803194885225,0,0,4,248,9,2025,0,autumn,train
2025-09-06 00:00:00+00:00,4946813,Số 1 đường Giải Phóng - phường Bạch Mai - ĐHBK ,21.0052,105.8418,17.473892887205388,5.747324334739045,9.675,32.13333333333333,24,840.5419638047138,363.4310642811176,46.57983354377105,6.171422934831542,127.38647050865801,73.00540033884357,1.268251473063973,0.4832508059523301,0,0,5,249,9,2025,1,autumn,validation
2025-09-07 00:00:00+00:00,4946813,Số 1 đường Giải Phóng - phường Bạch Mai - ĐHBK ,21.0052,105.8418,31.585742003367002,9.950582168157396,18.405,51.77818181818181,24,899.2493726851852,403.8651640802301,56.14348884680135,8.967502659391796,132.63111712361714,61.491517413137736,1.6292247474747474,0.696085379522393,0,0,6,250,9,2025,1,autumn,validation
2025-09-08 00:00:00+00:00,4946813,Số 1 đường Giải Phóng - phường Bạch Mai - ĐHBK ,21.0052,105.8418,50.421180134680135,18.730445140162814,23.327777777777776,78.70583333333333,24,1148.4695801767677,784.1809621388588,51.45246148989899,8.140489019045868,113.77312533068783,52.756228211068226,2.3636866883116885,0.727580021261209,0,0,0,251,9,2025,0,autumn,validation
2025-09-09 00:00:00+00:00,4946813,Số 1 đường Giải Phóng - phường Bạch Mai - ĐHBK ,21.0052,105.8418,25.67016393097643,7.710948326061416,9.216666666666669,39.10363636363636,24,1216.1273966750841,502.47426278698356,54.23123716329966,6.4749936592074535,108.96718253968254,46.38463230882477,1.5171667117604617,0.26066414334757865,3,0,1,252,9,2025,0,autumn,validation
2025-09-10 00:00:00+00:00,4946813,Số 1 đường Giải Phóng - phường Bạch Mai - ĐHBK ,21.0052,105.8418,31.979205387205386,12.270084437153495,10.652222222222225,53.28099999999999,24,922.8513638468013,347.2675772490333,48.94713047138047,7.399152294997572,43.05760818001443,32.246545771817786,1.7266440145502646,0.40872151595572137,0,0,2,253,9,2025,0,autumn,validation
2025-09-11 00:00:00+00:00,4946813,Số 1 đường Giải Phóng - phường Bạch Mai - ĐHBK ,21.0052,105.8418,14.706403514309764,4.939261632083558,5.641818181818182,26.111818181818183,24,781.7409029882155,305.6742920385955,43.14513930976431,3.755593435635092,45.98570816798942,49.4699862427611,1.4846304563492065,0.25461760800341005,0,0,3,254,9,2025,0,autumn,validation
2025-09-12 00:00:00+00:00,4946813,Số 1 đường Giải Phóng - phường Bạch Mai - ĐHBK ,21.0052,105.8418,13.688758417508417,6.703202371810059,3.245454545454545,27.984,24,675.2704031986532,223.6933810622971,41.42125084175084,4.005858920230313,33.29086172739298,35.02361059502525,1.4543794642857142,0.16600978398008215,0,0,4,255,9,2025,0,autumn,validation
2025-09-13 00:00:00+00:00,4946813,Số 1 đường Giải Phóng - phường Bạch Mai - ĐHBK ,21.0052,105.8418,14.12650883838384,6.00696953182057,1.2233333333333334,24.014545454545456,24,652.8178746336824,188.83089618044167,43.78324053030303,3.3716032179659865,43.82753565416065,39.57874667905161,1.7270964556277058,0.3367091491984468,0,0,5,256,9,2025,1,autumn,validation
2025-09-14 00:00:00+00:00,4946813,Số 1 đường Giải Phóng - phường Bạch Mai - ĐHBK ,21.0052,105.8418,20.596621422558922,6.162150527419029,6.096666666666668,28.94545454545454,24,610.6899176954732,325.88961702593747,44.36797264309764,3.968926793226765,31.14012282046657,24.579623952337847,1.7404965428090426,0.3912062326090117,0,0,6,257,9,2025,1,autumn,validation
2025-09-15 00:00:00+00:00,4946813,Số 1 đường Giải Phóng - phường Bạch Mai - ĐHBK ,21.0052,105.8418,20.243237373737372,6.666316668885006,8.195555555555554,33.78,24,914.1886287522491,462.9483378714332,45.10262092652718,3.709351289833729,40.99235125060125,39.43675577160746,1.5301721230158731,0.21957743104681865,0,0,0,258,9,2025,0,autumn,validation
2025-09-16 00:00:00+00:00,4946813,Số 1 đường Giải Phóng - phường Bạch Mai - ĐHBK ,21.0052,105.8418,23.93223432239057,7.58338878519825,9.66125,34.714,24,1217.6873398090252,600.007058716929,50.32187478956229,7.7481747055909835,36.31490513768639,18.504120477577047,2.2015957341269843,0.9675335362535044,0,0,1,259,9,2025,0,autumn,validation
2025-09-17 00:00:00+00:00,4946813,Số 1 đường Giải Phóng - phường Bạch Mai - ĐHBK ,21.0052,105.8418,26.627491221741224,11.293968507510048,1.64,43.85818181818182,24,1521.186050865801,737.0657795624247,48.294882650913905,5.568352041520607,39.62914172979798,30.490475501762255,1.7775854377104376,0.5307015777166588,1,0,2,260,9,2025,0,autumn,validation
2025-09-18 00:00:00+00:00,4946813,Số 1 đường Giải Phóng - phường Bạch Mai - ĐHBK ,21.0052,105.8418,30.099473484848485,11.395973310683292,5.634999999999999,46.02875,24,1377.5413217592593,570.8565989603363,50.93106397306397,6.694728930793439,25.560071714165463,14.365435474967116,1.8004903348965848,0.4155192074384353,0,0,3,261,9,2025,0,autumn,validation
2025-09-19 00:00:00+00:00,4946813,Số 1 đường Giải Phóng - phường Bạch Mai - ĐHBK ,21.0052,105.8418,27.85026355820106,11.39570819318144,7.521428571428572,49.25545454545455,24,1602.4023275162338,718.7146616430512,51.792999458874455,7.315931488610324,24.862646314333816,13.312785814057884,1.8990972973785472,0.6050831222536235,0,0,4,262,9,2025,0,autumn,validation
2025-09-20 00:00:00+00:00,4946813,Số 1 đường Giải Phóng - phường Bạch Mai - ĐHBK ,21.0052,105.8418,36.677988425925925,12.38087820768263,14.344166666666666,55.59,24,1320.4402954545455,560.2185787619088,54.97632460016835,8.881414592484795,33.242521584896586,16.80435127971027,2.895283564814815,1.203667579682491,0,0,5,263,9,2025,1,autumn,validation
2025-09-21 00:00:00+00:00,4946813,Số 1 đường Giải Phóng - phường Bạch Mai - ĐHBK ,21.0052,105.8418,38.8273183922559,11.662897659475886,14.326666666666666,58.38777777777778,24,997.2932462121212,281.42198562598173,49.67985458754209,4.461841510503512,31.746935395622895,15.494540843972477,2.762693287037037,0.9746141889028981,0,0,6,264,9,2025,1,autumn,validation
2025-09-22 00:00:00+00:00,4946813,Số 1 đường Giải Phóng - phường Bạch Mai - ĐHBK ,21.0052,105.8418,26.328633131914383,8.25336081799615,11.828888888888889,44.43599999999999,24,1308.027960648148,434.94748978937065,46.63501259620009,3.4138672183911924,30.32487330146705,16.253398093264764,2.192555811087061,0.6367528314026523,0,0,0,265,9,2025,0,autumn,validation
2025-09-23 00:00:00+00:00,4946813,Số 1 đường Giải Phóng - phường Bạch Mai - ĐHBK ,21.0052,105.8418,32.60236780002405,7.015120199936942,21.29,47.90454545454545,24,1599.5693066227752,620.0071146054257,48.532949975949975,3.965937360509074,27.229056878306878,16.39405523851822,2.420526455026455,0.8961335751864687,0,0,1,266,9,2025,0,autumn,validation
2025-09-24 00:00:00+00:00,4946813,Số 1 đường Giải Phóng - phường Bạch Mai - ĐHBK ,21.0052,105.8418,22.033789321789325,9.115109547053171,1.8563636363636364,37.39875,24,1479.597339781746,660.6926286955603,50.67425368265993,6.686818481027088,19.0875315506253,7.784988790224225,2.0624810606060606,0.2792102009000723,0,0,2,267,9,2025,0,autumn,validation
2025-09-25 00:00:00+00:00,4946813,Số 1 đường Giải Phóng - phường Bạch Mai - ĐHBK ,21.0052,105.8418,20.579661375661377,11.025141787230467,8.69,51.8025,24,1388.1893210978835,684.4410303573819,47.6232230489418,6.429444294450646,47.81829067460317,36.2587556340436,1.6829859457671956,0.2694346925982397,0,0,3,268,9,2025,0,autumn,validation
2025-09-26 00:00:00+00:00,4946813,Số 1 đường Giải Phóng - phường Bạch Mai - ĐHBK ,21.0052,105.8418,23.006143187830688,6.030441193627196,10.126666666666669,35.10888888888889,24,1694.484070601852,742.9793128550449,49.35427662037037,6.7642488021104885,50.72469675925927,42.04326336438398,1.4801498015873016,0.20726964043596463,0,0,4,269,9,2025,0,autumn,validation
2025-09-27 00:00:00+00:00,4946813,Số 1 đường Giải Phóng - phường Bạch Mai - ĐHBK ,21.0052,105.8418,18.402294417388166,6.973531271542429,4.086666666666667,31.13666666666667,24,1053.559545935546,392.1190995819475,44.86394961519962,4.892435206252935,33.752615545334294,24.69959984223623,1.9588430585618086,0.4950469763624393,0,0,5,270,9,2025,1,autumn,validation
2025-09-28 00:00:00+00:00,4946813,Số 1 đường Giải Phóng - phường Bạch Mai - ĐHBK ,21.0052,105.8418,14.805837737493988,7.413542018651982,2.311666666666667,29.59125,24,902.1753758267196,227.72929100348742,42.25930929834055,3.6876613482753244,41.95318664321789,30.48095022389726,1.7320747805435304,0.3097275971749406,0,0,6,271,9,2025,1,autumn,validation
2025-09-29 00:00:00+00:00,4946813,Số 1 đường Giải Phóng - phường Bạch Mai - ĐHBK ,21.0052,105.8418,10.097470553751803,3.2195504964832593,4.0725,16.46875,24,822.2327361111111,344.3268469427429,38.30003067881193,2.884189232157898,45.01317021404521,37.00323566149178,1.5792329244829244,0.12852800319978194,0,0,0,272,9,2025,0,autumn,validation
2025-09-30 00:00:00+00:00,4946813,Số 1 đường Giải Phóng - phường Bạch Mai - ĐHBK ,21.0052,105.8418,3.7285975308641977,4.608423860720157,1.0,15.24,9,3179.531703703704,714.325583471346,49.74920987654321,1.5234186908215945,31.354233333333337,26.950818541187207,1.455097619047619,0.2510873939808602,21,0,1,273,9,2025,0,autumn,validation
2025-10-01 00:00:00+00:00,4946813,Số 1 đường Giải Phóng - phường Bạch Mai - ĐHBK ,21.0052,105.8418,15.943414948807805,6.846862889223624,1.87,25.7475,21,1430.4203561293205,544.8238891090186,45.511254535147394,3.8772473797693623,33.26951700680272,32.61762631766195,1.646462396069539,0.2471404293458241,3,0,2,274,10,2025,0,autumn,validation
2025-10-02 00:00:00+00:00,4946813,Số 1 đường Giải Phóng - phường Bạch Mai - ĐHBK ,21.0052,105.8418,21.45256322150072,7.915153422031193,3.966666666666667,35.912,24,1307.6741323202261,555.3916346362503,48.52281738516114,5.302214921793038,36.8689914021164,35.95080060996941,1.858689484126984,0.4836490256781203,0,0,3,275,10,2025,0,autumn,validation
2025-10-03 00:00:00+00:00,4946813,Số 1 đường Giải Phóng - phường Bạch Mai - ĐHBK ,21.0052,105.8418,25.23418783068783,10.333794018292746,4.357142857142857,44.50111111111111,24,1179.554428932179,354.4265088756759,53.093826418951416,7.1592246738548875,30.3399601521164,25.70587072148263,2.1094781746031743,0.8221057311449301,0,0,4,276,10,2025,0,autumn,validation
2025-10-04 00:00:00+00:00,4946813,Số 1 đường Giải Phóng - phường Bạch Mai - ĐHBK ,21.0052,105.8418,30.90466979316979,7.955529885077255,16.90857142857143,50.2625,24,1366.815300585512,403.31891872756177,57.68849715909091,3.772462894521578,31.313040343915347,20.18379912379688,2.166344742063492,0.8314248186174426,1,0,5,277,10,2025,1,autumn,validation
2025-10-05 00:00:00+00:00,4946813,Số 1 đường Giải Phóng - phường Bạch Mai - ĐHBK ,21.0052,105.8418,52.36670286195286,13.894494918632208,24.997777777777777,73.17818181818183,24,1362.3470124861183,476.42505959542757,55.92314499158249,5.924333471348631,29.441227738696487,9.075551414609754,2.7925622895622895,0.9387143362676539,0,0,6,278,10,2025,1,autumn,validation
2025-10-06 00:00:00+00:00,4946813,Số 1 đường Giải Phóng - phường Bạch Mai - ĐHBK ,21.0052,105.8418,22.83933712121212,15.519159563186905,2.9975,51.72416666666667,24,1357.8787243867243,549.5312004632933,51.85988005050505,5.266456537632143,40.2456789021164,29.130046304405973,1.6341984728234726,0.1895683170589636,0,0,0,279,10,2025,0,autumn,validation
2025-10-07 00:00:00+00:00,4946813,Số 1 đường Giải Phóng - phường Bạch Mai - ĐHBK ,21.0052,105.8418,10.943091600529101,5.157185035559075,2.0033333333333334,21.474166666666665,24,1111.5818966750842,302.86572711634756,48.96906933922559,3.0723789086005473,53.358823412698406,38.301388089332825,1.363779265873016,0.16079475115394395,0,0,1,280,10,2025,0,autumn,validation
2025-10-08 00:00:00+00:00,4946813,Số 1 đường Giải Phóng - phường Bạch Mai - ĐHBK ,21.0052,105.8418,30.285338458994705,11.87759854899844,11.784444444444446,51.03666666666666,24,2744.328149651275,2010.66785499903,59.155252164502166,10.37983968420086,44.898076208513714,33.42974818596276,1.9969325847763348,0.6679283330053706,0,0,2,281,10,2025,0,autumn,validation
2025-10-09 00:00:00+00:00,4946813,Số 1 đường Giải Phóng - phường Bạch Mai - ĐHBK ,21.0052,105.8418,44.58661410233285,8.228521747124868,29.576666666666668,59.8111111111111,24,1848.7625430796054,660.9277855380609,58.80240291305916,5.677480110709609,38.87881612253487,23.65599274014163,2.376103385040885,1.0061209343369237,0,0,3,282,10,2025,0,autumn,validation
2025-10-10 00:00:00+00:00,4946813,Số 1 đường Giải Phóng - phường Bạch Mai - ĐHBK ,21.0052,105.8418,46.22447805435306,10.479440722613687,28.096666666666668,63.07555555555556,24,1905.091582972583,711.9941560913014,58.44657671957672,10.466540433037407,35.53387071608947,16.10404483431626,2.729746031746032,1.2864729127966186,0,0,4,283,10,2025,0,autumn,validation
2025-10-11 00:00:00+00:00,4946813,Số 1 đường Giải Phóng - phường Bạch Mai - ĐHBK ,21.0052,105.8418,42.74661132154882,10.90340105952555,26.877777777777776,60.027999999999984,24,1979.6036113365801,555.9226431484167,59.51853612012987,5.253633950701573,37.15699768518518,26.41299580834564,1.7842276184463686,0.28074187869831807,0,0,5,284,10,2025,1,autumn,validation
2025-10-12 00:00:00+00:00,4946813,Số 1 đường Giải Phóng - phường Bạch Mai - ĐHBK ,21.0052,105.8418,37.83323599086099,10.579903511679392,17.179,54.14888888888888,24,1532.5363045487554,178.36709337981551,50.818114898989904,2.795567444733125,41.25510485810486,35.42860081601788,2.4240585768398266,1.1270261669152886,0,0,6,285,10,2025,1,autumn,validation
2025-10-13 00:00:00+00:00,4946813,Số 1 đường Giải Phóng - phường Bạch Mai - ĐHBK ,21.0052,105.8418,24.229580432299183,11.476382393973212,9.405555555555557,47.27888888888889,24,1627.7489642857142,700.428574400971,50.62390972222223,3.5908993109543808,40.57542896224146,34.12446809836041,1.758833258177008,0.3636223494463384,0,0,0,286,10,2025,0,autumn,validation
2025-10-14 00:00:00+00:00,4946813,Số 1 đường Giải Phóng - phường Bạch Mai - ĐHBK ,21.0052,105.8418,19.922574945887444,5.817945219866552,8.58125,31.35,24,1758.436339270683,721.6376274490345,44.99971043771043,2.8851979569810147,41.25129877645502,34.18215213241179,1.7780272817460319,0.3266104540313297,0,0,1,287,10,2025,0,autumn,validation
2025-10-15 00:00:00+00:00,4946813,Số 1 đường Giải Phóng - phường Bạch Mai - ĐHBK ,21.0052,105.8418,20.90938177910053,10.2652115892757,1.18,41.145,24,1563.440466360029,498.27117170716986,44.32265228174603,1.8371961781739827,35.60400100709476,29.466599061873556,1.8622638738576238,0.3629325571383782,0,0,2,288,10,2025,0,autumn,validation
2025-10-16 00:00:00+00:00,4946813,Số 1 đường Giải Phóng - phường Bạch Mai - ĐHBK ,21.0052,105.8418,24.88557544191919,14.79774088592092,2.97625,62.24818181818182,24,1852.508001578283,584.3055991356773,48.11192066498317,3.3108254493653493,37.644077831890336,28.51957809967669,1.9317538179413178,0.3098209736713529,0,0,3,289,10,2025,0,autumn,validation
2025-10-17 00:00:00+00:00,4946813,Số 1 đường Giải Phóng - phường Bạch Mai - ĐHBK ,21.0052,105.8418,37.87497551406926,14.003643086537497,12.662727272727272,66.29124999999999,24,1847.6672069805193,651.7193490899646,49.920031610750364,4.201777825214114,31.350288615319865,23.047161741384294,2.54639892977393,0.5712858638025651,0,0,4,290,10,2025,0,autumn,validation
2025-10-18 00:00:00+00:00,4946813,Số 1 đường Giải Phóng - phường Bạch Mai - ĐHBK ,21.0052,105.8418,46.571368716931225,19.289462358840797,14.675454545454546,87.91777777777777,24,1510.6369635792446,469.5504396857781,48.76970323773449,3.995318557098771,35.16913224506975,28.158815703372152,2.7614026274651273,0.5012192727904101,0,0,5,291,10,2025,1,autumn,validation
2025-10-19 00:00:00+00:00,4946813,Số 1 đường Giải Phóng - phường Bạch Mai - ĐHBK ,21.0052,105.8418,46.55957855339105,16.43611832267606,18.94,85.56500000000001,24,1602.8765858736172,443.573527522143,49.79375683922559,4.911749013196976,33.595373902717654,22.699881294860948,2.678788915945166,0.520491712472941,0,0,6,292,10,2025,1,autumn,validation
2025-10-20 00:00:00+00:00,4946813,Số 1 đường Giải Phóng - phường Bạch Mai - ĐHBK ,21.0052,105.8418,22.817449494949496,7.172423663049199,16.4575,46.0,24,1499.1288150252524,510.6598632865789,44.779440972222226,2.1306590653974515,34.02257837301587,25.21656649853821,2.342094381313131,0.363899187354147,4,0,0,293,10,2025,0,autumn,validation
2025-10-21 00:00:00+00:00,4946813,Số 1 đường Giải Phóng - phường Bạch Mai - ĐHBK ,21.0052,105.8418,12.557654641654642,5.26328234750659,1.665,21.58090909090909,24,1250.521100438913,458.92268427396704,43.84639745670996,3.09864400370201,31.736603174603175,16.57873461484141,2.1797728475228477,0.29577510738002505,0,0,1,294,10,2025,0,autumn,validation
2025-10-22 00:00:00+00:00,4946813,Số 1 đường Giải Phóng - phường Bạch Mai - ĐHBK ,21.0052,105.8418,12.2045140993266,4.48923576476394,3.0340000000000003,20.907777777777778,24,1152.7122871873496,468.86606344581736,43.64560977332852,2.9977629628501625,30.253653409090912,12.227706484167928,2.3396404972342473,0.2874846561759714,0,0,2,295,10,2025,0,autumn,validation
2025-10-23 00:00:00+00:00,4946813,Số 1 đường Giải Phóng - phường Bạch Mai - ĐHBK ,21.0052,105.8418,17.258502645502645,5.321242670304956,8.639999999999999,30.925000000000004,24,1392.8370557509618,457.7762492273631,47.19303666125541,3.2029486093782777,27.642807705026456,14.910835943290653,1.9944318783068784,0.21906331557613723,0,0,3,296,10,2025,0,autumn,validation
2025-10-24 00:00:00+00:00,4946813,Số 1 đường Giải Phóng - phường Bạch Mai - ĐHBK ,21.0052,105.8418,28.296387025012024,10.406676595972568,13.608571428571429,51.74,24,1633.4025775763587,559.0551079590294,50.09964006132756,3.741363451431562,27.840377645502645,10.17214137065245,1.9012037037037037,0.3103262066467915,0,0,4,297,10,2025,0,autumn,validation
2025-10-25 00:00:00+00:00,4946813,Số 1 đường Giải Phóng - phường Bạch Mai - ĐHBK ,21.0052,105.8418,45.531250420875416,11.508834241725026,24.65875,62.965,24,1598.9464954755892,356.17607617064715,52.14550589225589,3.5219467376780202,37.03136019420395,18.80263331039267,2.256139354858105,0.5787773215952613,0,0,5,298,10,2025,1,autumn,validation
2025-10-26 00:00:00+00:00,4946813,Số 1 đường Giải Phóng - phường Bạch Mai - ĐHBK ,21.0052,105.8418,34.7245422979798,11.439020993402522,12.953636363636363,57.53000000000001,24,1179.7192259048823,289.487999342382,46.54171191077441,3.6896612654784398,38.59417325036075,18.211096142078382,2.859299347643098,0.7762088710918583,1,0,6,299,10,2025,1,autumn,validation
2025-10-27 00:00:00+00:00,4946813,Số 1 đường Giải Phóng - phường Bạch Mai - ĐHBK ,21.0052,105.8418,36.9289506523569,13.964360580926936,13.062,64.66875,24,1754.2945540824915,523.7735028171513,51.9429163510101,5.780299163158567,33.24373535954786,19.72698942327763,2.431847537878788,0.49933606168388994,0,0,0,300,10,2025,0,autumn,validation
2025-10-28 00:00:00+00:00,4946813,Số 1 đường Giải Phóng - phường Bạch Mai - ĐHBK ,21.0052,105.8418,43.166557449494945,17.82345011916452,17.357777777777773,83.74181818181818,24,1710.1880295664985,400.29521825389253,51.47870412457913,2.9404980493697113,34.5968023989899,17.331805970371214,2.9389957912457914,0.6278942261377731,0,0,1,301,10,2025,0,autumn,validation
2025-10-29 00:00:00+00:00,4946813,Số 1 đường Giải Phóng - phường Bạch Mai - ĐHBK ,21.0052,105.8418,60.425603024290524,22.868008187662856,19.595714285714287,90.10818181818182,24,1625.4862127496529,640.7204086205188,52.294054172679175,3.601872718107184,40.26823172198172,25.7396917874627,2.8900113335738333,0.8973648463001226,0,0,2,302,10,2025,0,autumn,validation
2025-10-30 00:00:00+00:00,4946813,Số 1 đường Giải Phóng - phường Bạch Mai - ĐHBK ,21.0052,105.8418,31.754986441798945,14.511418144515535,13.1675,71.7225,24,1638.7429545976702,638.689646307943,51.02608333333333,5.864885100502863,52.71019444444445,33.9343277510116,2.0454128637566136,0.46849812172168087,0,0,3,303,10,2025,0,autumn,validation
2025-10-31 00:00:00+00:00,4946813,Số 1 đường Giải Phóng - phường Bạch Mai - ĐHBK ,21.0052,105.8418,13.017295183982684,5.741082634970419,5.195,21.70125,24,1651.9996964456875,636.6588839953672,48.230099822631075,3.1233058865108845,47.6270281084656,22.70318674196071,1.7710742394179892,0.2587187298572967,0,0,4,304,10,2025,0,autumn,validation
2025-11-01 00:00:00+00:00,4946813,Số 1 đường Giải Phóng - phường Bạch Mai - ĐHBK ,21.0052,105.8418,9.028174332611833,6.294128507784866,1.65,21.84,24,1665.2564382937048,634.6281216827913,45.39016230759981,2.0327448690056764,34.430357969576725,9.767016692295316,1.7519153439153439,0.1911943118360011,0,0,5,305,11,2025,1,autumn,validation
2025-11-02 00:00:00+00:00,4946813,Số 1 đường Giải Phóng - phường Bạch Mai - ĐHBK ,21.0052,105.8418,11.422481977513229,5.305179225262539,1.02,19.965000000000003,24,1678.5131801417224,632.5973593702155,46.77460218253969,1.908134517551603,30.427882440476193,9.517571298004743,2.0015790343915345,0.24216029011003648,0,0,6,306,11,2025,1,autumn,validation
2025-11-03 00:00:00+00:00,4946813,Số 1 đường Giải Phóng - phường Bạch Mai - ĐHBK ,21.0052,105.8418,9.33728415103415,4.6862711015131095,2.508888888888889,17.439999999999998,24,1691.7699219897397,630.5665970576397,51.23420849867725,5.177380901400003,22.72678406084656,4.694209036295342,2.184055720899471,0.37032521878036684,2,0,0,307,11,2025,0,autumn,validation
2025-11-04 00:00:00+00:00,4946813,Số 1 đường Giải Phóng - phường Bạch Mai - ĐHBK ,21.0052,105.8418,10.076802985209236,4.903615309931952,1.6,18.5175,24,1705.026663837757,628.5358347450639,50.46908470117845,4.760984276167377,26.88670519179894,13.68817569549007,2.161821608946609,0.26530266226417215,0,0,1,308,11,2025,0,autumn,validation
2025-11-05 00:00:00+00:00,4946813,Số 1 đường Giải Phóng - phường Bạch Mai - ĐHBK ,21.0052,105.8418,22.0321853505291,8.933652347126344,4.258333333333334,36.44888888888889,24,1718.2834056857744,626.5050724324881,50.94888938492064,3.133794117815403,35.910167162698414,18.334108680157748,2.313916832010582,0.3680697476229295,0,0,2,309,11,2025,0,autumn,validation
2025-11-06 00:00:00+00:00,4946813,Số 1 đường Giải Phóng - phường Bạch Mai - ĐHBK ,21.0052,105.8418,46.382168786075034,20.456102908988708,19.1,76.05,24,,,54.097177143458396,4.130811425643921,44.710123842592594,31.40874069084826,2.4686806607744107,0.49199946489609037,0,0,3,310,11,2025,0,autumn,validation
2025-11-07 00:00:00+00:00,4946813,Số 1 đường Giải Phóng - phường Bạch Mai - ĐHBK ,21.0052,105.8418,42.33742667748918,15.60163428940026,17.265,75.43099999999998,24,,,52.276255802068306,4.466790200721212,60.06002447089947,28.44654657384469,1.9825508808321308,0.3351051819646407,6,0,4,311,11,2025,0,autumn,validation
2025-11-08 00:00:00+00:00,4946813,Số 1 đường Giải Phóng - phường Bạch Mai - ĐHBK ,21.0052,105.8418,22.77298181216931,7.169543472395809,10.543333333333331,32.75,24,,,48.25239880952381,2.5151024173818763,44.802799603174606,33.796892667717046,2.2516909722222223,0.406079115867297,0,0,5,312,11,2025,1,autumn,validation
2025-11-09 00:00:00+00:00,4946813,Số 1 đường Giải Phóng - phường Bạch Mai - ĐHBK ,21.0052,105.8418,25.551737749519003,8.00021339708108,15.715,38.54625,24,,,50.557850574194326,2.726969218353478,50.598184854497354,36.77632416252604,2.0862988666426165,0.32951201513892714,0,0,6,313,11,2025,1,autumn,validation
2025-11-10 00:00:00+00:00,4946813,Số 1 đường Giải Phóng - phường Bạch Mai - ĐHBK ,21.0052,105.8418,15.611602483164985,6.090477875854579,8.338,28.38,24,,,46.37914886964887,2.746295629915546,50.06060036375661,31.08772064027286,2.0256676436988936,0.17876410938231305,0,0,0,314,11,2025,0,autumn,validation
2025-11-11 00:00:00+00:00,4946813,Số 1 đường Giải Phóng - phường Bạch Mai - ĐHBK ,21.0052,105.8418,17.265903333934585,9.541096855110679,6.662000000000001,38.29749999999999,24,1797.8238567738786,614.320498557033,47.798916290885046,4.2269465648539315,39.14952149470899,20.57392318534623,2.1605280483405482,0.4462905888562349,0,0,1,315,11,2025,0,autumn,validation
2025-11-12 00:00:00+00:00,4946813,Số 1 đường Giải Phóng - phường Bạch Mai - ĐHBK ,21.0052,105.8418,28.63768653799904,19.21490730299029,4.394444444444444,62.17428571428572,24,1811.080598621896,612.2897362444572,51.0983713924964,6.4474839073507475,36.57110055916306,20.387895892470347,2.801587151274651,0.487654797237498,1,0,2,316,11,2025,0,autumn,validation
2025-11-13 00:00:00+00:00,4946813,Số 1 đường Giải Phóng - phường Bạch Mai - ĐHBK ,21.0052,105.8418,51.049165824915825,33.00975415287624,15.680909090909092,111.05666666666669,24,1824.3373404699132,610.2589739318814,57.42269572210197,7.847807328531693,26.886609202140452,9.411255042401923,3.078704094516594,0.7995386701780512,0,0,3,317,11,2025,0,autumn,validation
2025-11-14 00:00:00+00:00,4946813,Số 1 đường Giải Phóng - phường Bạch Mai - ĐHBK ,21.0052,105.8418,58.33361100589226,31.43699265822756,14.091428571428567,107.97400000000002,24,1837.5940823179308,608.2282116193056,59.57632948532949,8.100857833961985,25.107559854497353,7.59848441036393,3.4681296145983644,1.1417819275820924,0,0,4,318,11,2025,0,autumn,validation
2025-11-15 00:00:00+00:00,4946813,Số 1 đường Giải Phóng - phường Bạch Mai - ĐHBK ,21.0052,105.8418,67.64092013888889,32.855746382682966,18.414,120.67666666666666,24,1850.850824165948,606.1974493067298,63.554744318181825,9.950026849881995,25.42901216029341,10.366100097319178,3.5013438552188556,1.0453295517991437,0,0,5,319,11,2025,1,autumn,validation
2025-11-16 00:00:00+00:00,4946813,Số 1 đường Giải Phóng - phường Bạch Mai - ĐHBK ,21.0052,105.8418,79.47831532587783,20.616065031079724,53.37285714285714,113.76666666666668,24,1864.1075660139654,604.1666869941539,57.10280493927369,2.8620264261771777,34.76228273809524,20.592834560930598,3.135433321308321,0.8357833056868516,0,0,6,320,11,2025,1,autumn,validation
2025-11-17 00:00:00+00:00,4946813,Số 1 đường Giải Phóng - phường Bạch Mai - ĐHBK ,21.0052,105.8418,74.23894620310246,19.00358973904529,42.14200000000001,113.20875,24,1877.3643078619828,602.1359246815781,54.26173699795575,4.783559271449537,42.663897667147666,26.030730758884708,2.9063841841029343,0.7195452436029615,0,0,0,321,11,2025,0,autumn,validation
2025-11-18 00:00:00+00:00,4946813,Số 1 đường Giải Phóng - phường Bạch Mai - ĐHBK ,21.0052,105.8418,11.638763573232325,13.248067724678053,1.01,43.10727272727273,24,1890.62104971,600.1051623690023,46.895127525252526,3.0025917259548702,25.885561568061572,12.26800579334303,2.8373087121212124,0.5844973890977165,6,0,1,322,11,2025,0,autumn,validation
2025-11-19 00:00:00+00:00,4946813,Số 1 đường Giải Phóng - phường Bạch Mai - ĐHBK ,21.0052,105.8418,15.175545244107743,6.57644302858082,1.22,26.432222222222222,24,1885.424256361832,598.9718748996494,51.13145444023569,3.812809528725326,14.131835843554592,1.9250300665033306,2.6134160353535356,0.3253495786683989,0,0,2,323,11,2025,0,autumn,validation
2025-11-20 00:00:00+00:00,4946813,Số 1 đường Giải Phóng - phường Bạch Mai - ĐHBK ,21.0052,105.8418,34.24207428451179,13.206479179266198,13.022727272727272,61.07666666666668,24,1880.227463013664,597.8385874302965,58.25944044612795,9.644335290859795,15.623208543771044,2.8841082802467004,3.1359234006734007,0.5042118152026621,0,0,3,324,11,2025,0,autumn,validation
2025-11-21 00:00:00+00:00,4946813,Số 1 đường Giải Phóng - phường Bạch Mai - ĐHBK ,21.0052,105.8418,47.89221242183743,22.684385491012268,11.787999999999998,79.91571428571429,24,1875.030669665496,596.7052999609435,61.41940401034151,10.228098846560838,16.935581003487254,4.257852789172909,3.4983304623617126,0.6721171267538781,0,0,4,325,11,2025,0,autumn,validation
2025-11-22 00:00:00+00:00,4946813,Số 1 đường Giải Phóng - phường Bạch Mai - ĐHBK ,21.0052,105.8418,67.22386181758057,25.849062209677463,22.732857142857146,101.13375,24,1869.8338763173278,595.5720124915906,62.78217036435786,10.919435765311635,20.032576343795096,7.198633794571059,4.007128787878788,0.9287085143533905,6,0,5,326,11,2025,1,autumn,validation
2025-11-23 00:00:00+00:00,4946813,Số 1 đường Giải Phóng - phường Bạch Mai - ĐHBK ,21.0052,105.8418,89.38256818181819,0.8663558356035319,88.026,90.58272727272727,8,1864.63708296916,594.4387250222377,67.07274053030302,13.181047537682407,26.608847733285234,12.523258229056871,4.172427293771044,1.4130868696064363,23,0,6,327,11,2025,1,autumn,validation
2025-11-24 00:00:00+00:00,4946813,Số 1 đường Giải Phóng - phường Bạch Mai - ĐHBK ,21.0052,105.8418,60.760641287878784,25.178030175496275,33.53125,110.95600000000002,20,1859.440289620992,593.3054375528848,63.5011997053872,8.801828612019913,23.379831334175083,6.439956820411179,3.8492393728956227,0.8880646694927277,4,0,0,328,11,2025,0,autumn,validation
2025-11-25 00:00:00+00:00,4946813,Số 1 đường Giải Phóng - phường Bạch Mai - ĐHBK ,21.0052,105.8418,51.62604306457431,28.65417208353689,22.65090909090909,120.00545454545454,24,1854.243496272824,592.1721500835318,58.31756265031265,6.090492990501387,21.977375511063013,12.466159525533625,4.498917538480039,1.6143457465023845,0,0,1,329,11,2025,0,autumn,validation
2025-11-26 00:00:00+00:00,4946813,Số 1 đường Giải Phóng - phường Bạch Mai - ĐHBK ,21.0052,105.8418,66.49867266414141,24.667940619806526,32.52636363636364,113.862,24,,,61.262785037878785,10.344990052055199,17.648755471380472,7.30889765031302,4.103900568181818,0.7656509041849645,0,0,2,330,11,2025,0,autumn,validation
2025-11-27 00:00:00+00:00,4946813,Số 1 đường Giải Phóng - phường Bạch Mai - ĐHBK ,21.0052,105.8418,56.59573910233286,20.513939586316226,24.39555555555556,93.32454545454544,24,,,60.67455772005772,7.789759978745768,16.089570196007696,6.4180473670650615,4.33314417989418,0.8726865769833356,0,0,3,331,11,2025,0,autumn,validation
2025-11-28 00:00:00+00:00,4946813,Số 1 đường Giải Phóng - phường Bạch Mai - ĐHBK ,21.0052,105.8418,76.78248226310727,31.889321095963325,38.08888888888888,127.68999999999998,24,,,63.77499723424723,9.441299040990426,17.362079966329965,8.027235515635617,5.011926046176046,0.8863006844857952,0,0,4,332,11,2025,0,autumn,validation
2025-11-29 00:00:00+00:00,4946813,Số 1 đường Giải Phóng - phường Bạch Mai - ĐHBK ,21.0052,105.8418,102.40246864478115,23.663894425608287,62.732000000000006,171.483,24,,,61.69565751262627,6.194889732097106,28.452553030303033,18.13963662642872,5.824392361111111,1.585742838276487,0,0,5,333,11,2025,1,autumn,validation
2025-11-30 00:00:00+00:00,4946813,Số 1 đường Giải Phóng - phường Bạch Mai - ĐHBK ,21.0052,105.8418,166.52801843317974,5.459650723852262,158.94603686635946,174.11,7,,,58.96721966205838,0.34884171322074914,15.305898617511518,1.8476581776105985,3.7390937019969286,0.10135904999122798,23,0,6,334,11,2025,1,autumn,validation
2025-12-01 00:00:00+00:00,4946813,Số 1 đường Giải Phóng - phường Bạch Mai - ĐHBK ,21.0052,105.8418,115.5336952508276,32.02457632112232,82.579,169.12125,17,,,52.58735678210678,5.3586787018677215,38.03104014939309,10.694644711353545,5.193463818860877,1.2618942905444939,7,0,0,335,12,2025,0,winter,validation
2025-12-02 00:00:00+00:00,4946813,Số 1 đường Giải Phóng - phường Bạch Mai - ĐHBK ,21.0052,105.8418,76.04535837542088,19.502323418572253,39.3025,117.15090909090908,24,,,55.12250662878788,9.149505161400993,36.74036094576719,18.00471976337594,4.158310500841751,1.0529766644378744,0,0,1,336,12,2025,0,winter,validation
2025-12-03 00:00:00+00:00,4946813,Số 1 đường Giải Phóng - phường Bạch Mai - ĐHBK ,21.0052,105.8418,63.23426957070708,16.743967007931815,40.319,104.76,24,,,49.384810816498316,4.711091893294492,27.657692234848483,13.057133331715495,4.174119739057239,0.8557306791294886,0,0,2,337,12,2025,0,winter,validation
2025-12-04 00:00:00+00:00,4946813,Số 1 đường Giải Phóng - phường Bạch Mai - ĐHBK ,21.0052,105.8418,105.0559929503367,20.401889056363657,68.35583333333334,134.44666666666666,24,,,52.02130113636363,3.4205264088398715,26.587275402837903,8.94658350880798,5.02067539983165,0.9712661909414758,0,0,3,338,12,2025,0,winter,validation
2025-12-05 00:00:00+00:00,4946813,Số 1 đường Giải Phóng - phường Bạch Mai - ĐHBK ,21.0052,105.8418,93.85055324074074,18.62604732411359,57.613,125.70555555555556,24,,,50.167657617845116,4.111773860126764,21.750311808561808,4.679834608159425,3.9000044191919194,0.5139420850045082,0,0,4,339,12,2025,0,winter,validation
2025-12-06 00:00:00+00:00,4946813,Số 1 đường Giải Phóng - phường Bạch Mai - ĐHBK ,21.0052,105.8418,100.26925912397787,28.651576451127973,53.154,131.063,24,,,50.56924663299663,3.7087198902345793,28.37428578944204,9.848798365661741,4.816850378787879,1.1199413725293406,0,0,5,340,12,2025,1,winter,validation
2025-12-07 00:00:00+00:00,4946813,Số 1 đường Giải Phóng - phường Bạch Mai - ĐHBK ,21.0052,105.8418,122.78516496813371,30.21903177505231,84.33625,172.942,24,,,52.11397931697932,3.670976169966915,30.89376513648389,11.085602269072213,4.421490334896585,0.7834943526654875,0,0,6,341,12,2025,1,winter,validation
2025-12-08 00:00:00+00:00,4946813,Số 1 đường Giải Phóng - phường Bạch Mai - ĐHBK ,21.0052,105.8418,97.33954674723424,45.49731782686616,34.24272727272727,157.3141666666667,24,,,56.992839571308316,8.814264619615981,24.048589796777296,8.468840349428197,4.020227588383839,0.9479486874193735,0,0,0,342,12,2025,0,winter,validation
2025-12-09 00:00:00+00:00,4946813,Số 1 đường Giải Phóng - phường Bạch Mai - ĐHBK ,21.0052,105.8418,113.3005885942761,27.24099940404653,70.50181818181818,165.642,24,,,57.24310995370371,3.6877759706731807,27.795220208032706,10.448131837750193,4.97583164983165,1.2941302983358474,0,0,1,343,12,2025,0,winter,validation
2025-12-10 00:00:00+00:00,4946813,Số 1 đường Giải Phóng - phường Bạch Mai - ĐHBK ,21.0052,105.8418,109.54345722101971,45.95060091013219,51.56999999999999,194.289,24,,,58.39274899290524,6.903259399563184,28.99280357142857,9.452630986878953,5.3416659601972105,0.9585803713609733,0,0,2,344,12,2025,0,winter,validation
2025-12-11 00:00:00+00:00,4946813,Số 1 đường Giải Phóng - phường Bạch Mai - ĐHBK ,21.0052,105.8418,187.3233904371092,21.572103843691252,148.9925,242.7742857142857,24,,,60.69706667869168,3.367747519074553,23.896804728835978,8.314248883572448,4.393148854617604,0.8114004230269952,0,0,3,345,12,2025,0,winter,validation
2025-12-12 00:00:00+00:00,4946813,Số 1 đường Giải Phóng - phường Bạch Mai - ĐHBK ,21.0052,105.8418,209.34325144300144,26.5123525984346,155.748,246.31333333333336,24,,,58.53064874939875,4.011081908090287,27.490706093674845,12.093239314898625,4.3239065506253,1.0470375215194534,2,0,4,346,12,2025,0,winter,validation
2025-12-13 00:00:00+00:00,4946813,Số 1 đường Giải Phóng - phường Bạch Mai - ĐHBK ,21.0052,105.8418,51.358089375901876,57.28282821259365,1.4280000000000002,176.03444444444446,24,,,49.217439679533435,4.9503995219439805,25.187192956349207,8.949854295550107,3.4892112493987493,0.49055164723436523,0,0,5,347,12,2025,1,winter,validation
2025-12-14 00:00:00+00:00,4946813,Số 1 đường Giải Phóng - phường Bạch Mai - ĐHBK ,21.0052,105.8418,32.939063161375664,21.51359153570857,10.437777777777775,74.65714285714286,24,,,47.98629960317461,3.1320026428772403,23.418018187830686,5.219576987936827,4.732794146825397,0.44817745774331114,0,0,6,348,12,2025,1,winter,validation
2025-12-15 00:00:00+00:00,4946813,Số 1 đường Giải Phóng - phường Bạch Mai - ĐHBK ,21.0052,105.8418,56.12934944684945,8.635385639964484,36.08142857142857,69.16875,24,,,54.592655829124574,3.632443890704599,22.82424625721501,6.271208571399543,5.48729325998076,0.8400865929819565,0,0,0,349,12,2025,0,winter,validation
2025-12-16 00:00:00+00:00,4946813,Số 1 đường Giải Phóng - phường Bạch Mai - ĐHBK ,21.0052,105.8418,98.2577574404762,28.286452607551944,58.74222222222223,140.76,24,,,61.78423842592593,4.733080339461374,22.510494047619048,6.968422911080782,4.835982142857143,0.7346198615676501,0,0,1,350,12,2025,0,winter,validation
2025-12-17 00:00:00+00:00,4946813,Số 1 đường Giải Phóng - phường Bạch Mai - ĐHBK ,21.0052,105.8418,90.43473732864358,32.815199131892534,38.96909090909091,153.31285714285715,24,,,55.936233315295816,6.007443708695549,22.73345782227032,6.5404892812605615,3.985278003246753,0.5229690256274776,0,0,2,351,12,2025,0,winter,validation
2025-12-18 00:00:00+00:00,4946813,Số 1 đường Giải Phóng - phường Bạch Mai - ĐHBK ,21.0052,105.8418,88.47775883838385,33.506736582383304,38.63083333333333,135.44666666666666,24,,,58.91432449494949,6.783105483468366,26.947492334054832,10.508278135291105,4.850773358585859,0.9450143274474259,0,0,3,352,12,2025,0,winter,validation
2025-12-19 00:00:00+00:00,4946813,Số 1 đường Giải Phóng - phường Bạch Mai - ĐHBK ,21.0052,105.8418,76.77255366161616,33.05599416508728,37.9575,142.60916666666665,24,,,53.47307449494949,5.6995245200822575,36.3209136002886,12.058436738199006,5.315808080808081,1.1216004214172375,0,0,4,353,12,2025,0,winter,validation
2025-12-20 00:00:00+00:00,4946813,Số 1 đường Giải Phóng - phường Bạch Mai - ĐHBK ,21.0052,105.8418,62.14460542929293,13.282922743870968,41.58833333333333,81.61545454545455,24,,,54.80495580808081,3.44625567521939,33.92414506673882,12.068479311034729,4.418604797979798,0.8740850245563322,0,0,5,354,12,2025,1,winter,validation
2025-12-21 00:00:00+00:00,4946813,Số 1 đường Giải Phóng - phường Bạch Mai - ĐHBK ,21.0052,105.8418,77.0459154040404,26.535876186128153,40.59,113.82,24,,,57.72601641414141,8.207478644671408,32.40479344035594,12.755385687883031,4.318260732323233,1.0625900055534905,0,0,6,355,12,2025,1,winter,validation
2025-12-22 00:00:00+00:00,4946813,Số 1 đường Giải Phóng - phường Bạch Mai - ĐHBK ,21.0052,105.8418,54.114280303030306,23.538370476983797,29.95416666666667,98.5775,24,,,50.853191287878786,6.539451202832849,35.05416614057239,11.821239984249175,4.700912247474748,0.494200995695262,0,0,0,356,12,2025,0,winter,validation
2025-12-23 00:00:00+00:00,4946813,Số 1 đường Giải Phóng - phường Bạch Mai - ĐHBK ,21.0052,105.8418,30.051747204184704,6.2065778484201175,19.168,40.415,24,,,47.36229410173161,2.6630022442524486,37.07620307239058,15.021286850709672,4.244825802669553,0.4802489299680536,0,0,1,357,12,2025,0,winter,validation
2025-12-24 00:00:00+00:00,4946813,Số 1 đường Giải Phóng - phường Bạch Mai - ĐHBK ,21.0052,105.8418,23.394810515873015,9.907815113631935,3.5341666666666662,39.56666666666666,24,,,46.24682341269841,3.0820736737992562,36.410398268398275,18.338342092871052,4.066595238095238,0.6178211514307996,0,0,2,358,12,2025,0,winter,validation
2025-12-25 00:00:00+00:00,4946813,Số 1 đường Giải Phóng - phường Bạch Mai - ĐHBK ,21.0052,105.8418,14.181681493309002,4.2576505764673565,4.24,18.217244525547443,24,,,48.480018939393936,5.273269882922709,20.93515782828283,4.430109373212822,4.359517045454545,0.505426488964563,12,0,3,359,12,2025,0,winter,validation
2025-12-26 00:00:00+00:00,4946813,Số 1 đường Giải Phóng - phường Bạch Mai - ĐHBK ,21.0052,105.8418,22.080484487569912,7.848399278628783,8.9125,33.37367599351176,0,,,51.413483585858586,4.9871384403654115,32.57196622474748,10.464918193988092,6.307765782828283,0.7597247713550925,24,1,4,360,12,2025,0,winter,validation
2025-12-27 00:00:00+00:00,4946813,Số 1 đường Giải Phóng - phường Bạch Mai - ĐHBK ,21.0052,105.8418,29.979287481830823,11.43914798079021,13.584999999999999,48.53010746147608,0,,,52.222419191919194,2.2328214777899706,28.19416919191919,6.8493616623253635,5.766653409090909,0.5929957606076998,24,1,5,361,12,2025,1,winter,validation
2025-12-28 00:00:00+00:00,4946813,Số 1 đường Giải Phóng - phường Bạch Mai - ĐHBK ,21.0052,105.8418,37.87809047609173,15.029896682951637,18.2575,63.6865389294404,0,,,58.00485164141414,2.588070274582353,24.210681818181815,7.428144809346396,5.973282828282827,0.8282489753490911,24,1,6,362,12,2025,1,winter,validation
2025-12-29 00:00:00+00:00,4946813,Số 1 đường Giải Phóng - phường Bạch Mai - ĐHBK ,21.0052,105.8418,45.77689347035264,18.620645385113065,22.93,78.84297039740471,0,,,58.4913226010101,4.282741290438082,23.709900252525255,5.9833977724950715,5.696732954545454,0.38668678025518866,24,1,0,363,12,2025,0,winter,validation
2025-12-30 00:00:00+00:00,4946813,Số 1 đường Giải Phóng - phường Bạch Mai - ĐHBK ,21.0052,105.8418,53.67569646461355,22.21139408727449,27.6025,93.99940186536904,0,,,54.325391414141414,5.515208101737506,31.70420707070707,9.181413205643354,5.513323863636363,0.4452041811819814,24,1,1,364,12,2025,0,winter,validation
2025-12-31 00:00:00+00:00,4946813,Số 1 đường Giải Phóng - phường Bạch Mai - ĐHBK ,21.0052,105.8418,61.574499458874456,25.802142789435916,32.275,109.15583333333336,14,,,53.149273989898994,5.857561308891439,37.017174873737375,9.140571990492198,4.944393939393939,0.537527430287956,10,0,2,365,12,2025,0,winter,validation
2026-01-01 00:00:00+00:00,4946813,Số 1 đường Giải Phóng - phường Bạch Mai - ĐHBK ,21.0052,105.8418,43.48100063131313,29.227888449623396,4.694999999999999,110.86272727272728,24,,,45.780394570707074,2.502705282903161,32.32568244949495,10.017657599882682,4.4590151515151515,0.4471160833062619,0,0,3,1,1,2026,0,winter,validation
2026-01-02 00:00:00+00:00,4946813,Số 1 đường Giải Phóng - phường Bạch Mai - ĐHBK ,21.0052,105.8418,31.577496843434346,13.561787788811092,8.452499999999999,51.05833333333334,24,,,45.4292803030303,1.0335963946660756,20.699753787878787,3.2762075426784425,4.1110574494949494,0.2165734612067624,0,0,4,2,1,2026,0,winter,validation
2026-01-03 00:00:00+00:00,4946813,Số 1 đường Giải Phóng - phường Bạch Mai - ĐHBK ,21.0052,105.8418,76.22532512626263,28.9395671606374,35.36,110.94916666666666,24,,,55.16349747474748,6.166142669800594,18.496458333333333,2.9756566174361927,4.723241792929293,0.4766984169198371,0,0,5,3,1,2026,1,winter,validation
2026-01-04 00:00:00+00:00,4946813,Số 1 đường Giải Phóng - phường Bạch Mai - ĐHBK ,21.0052,105.8418,84.31741161616162,23.783724580510526,53.16166666666667,122.375,24,,,53.200782828282826,3.4951151676828682,24.13371717171717,7.311339416211116,5.032964015151515,0.6215705468891689,0,0,6,4,1,2026,1,winter,validation
2026-01-05 00:00:00+00:00,4946813,Số 1 đường Giải Phóng - phường Bạch Mai - ĐHBK ,21.0052,105.8418,33.71656496512747,22.29976195114551,4.45,93.85833333333332,24,,,48.77819128787879,1.770383327418131,17.649777597402597,2.0839990902221626,4.090293906325156,0.2994457339096057,0,0,0,5,1,2026,0,winter,validation
2026-01-06 00:00:00+00:00,4946813,Số 1 đường Giải Phóng - phường Bạch Mai - ĐHBK ,21.0052,105.8418,33.38443617724868,14.089346929310702,9.671250000000002,53.95125,24,,,51.21469477513227,2.657903972980173,15.310322916666669,1.4150885589613518,4.290224702380953,0.40822512641835546,0,0,1,6,1,2026,0,winter,validation
2026-01-07 00:00:00+00:00,4946813,Số 1 đường Giải Phóng - phường Bạch Mai - ĐHBK ,21.0052,105.8418,73.63646589405964,33.15073661996734,31.081,130.65375,24,,,59.58107673460798,8.770105846330233,23.342905318061568,8.25208167138053,5.849711940836941,0.7518433302419834,0,0,2,7,1,2026,0,winter,validation
2026-01-08 00:00:00+00:00,4946813,Số 1 đường Giải Phóng - phường Bạch Mai - ĐHBK ,21.0052,105.8418,104.90372239475501,44.08376155721885,37.53285714285715,188.14,23,,,67.62198402176527,11.702681707303412,24.575144413320885,8.70672327631044,7.195680254930255,1.6906688707682416,7,0,3,8,1,2026,0,winter,validation
2026-01-09 00:00:00+00:00,4946813,Số 1 đường Giải Phóng - phường Bạch Mai - ĐHBK ,21.0052,105.8418,123.28685962301587,20.840700465163195,88.50874999999999,180.91625,24,,,66.5887984457672,4.740677436524232,26.072941176470586,1.0057554099465127,7.628362599206349,1.3252144081833506,3,0,4,9,1,2026,0,winter,validation
2026-01-10 00:00:00+00:00,4946813,Số 1 đường Giải Phóng - phường Bạch Mai - ĐHBK ,21.0052,105.8418,127.07190401034153,42.19683883154266,69.82000000000001,194.85777777777776,24,,,69.83237875781626,11.765180532628152,25.36116619199514,20.239058776743153,8.962202546296297,2.9066979297338804,0,0,5,10,1,2026,1,winter,test
2026-01-11 00:00:00+00:00,4946813,Số 1 đường Giải Phóng - phường Bạch Mai - ĐHBK ,21.0052,105.8418,121.20366340488215,49.24841673020045,56.675,216.85700000000003,24,,,58.296472643097644,6.390243996117967,28.185021885521888,17.286399215443318,7.613050084175085,0.8512661210940357,0,0,6,11,1,2026,1,winter,test
2026-01-12 00:00:00+00:00,4946813,Số 1 đường Giải Phóng - phường Bạch Mai - ĐHBK ,21.0052,105.8418,107.82730456349206,34.96099873868554,65.562,175.643,24,,,61.66168323112074,10.714885792844445,22.948195391414142,16.963044848885346,7.20029080988456,1.2108964609370096,0,0,0,12,1,2026,0,winter,test
2026-01-13 00:00:00+00:00,4946813,Số 1 đường Giải Phóng - phường Bạch Mai - ĐHBK ,21.0052,105.8418,144.69059776334777,36.28116125324447,81.52099999999999,213.35125,24,,,70.17294895382396,21.37750654213622,31.09265712181337,18.306732994287312,7.264097207190957,0.9749369982213902,1,0,1,13,1,2026,0,winter,test
2026-01-14 00:00:00+00:00,4946813,Số 1 đường Giải Phóng - phường Bạch Mai - ĐHBK ,21.0052,105.8418,102.18613446969698,25.300915363390697,61.22272727272728,151.34125,24,,,60.03764227092352,10.560524845881915,26.64196693121693,13.064160416511195,6.975144705988456,0.6167048288310891,5,0,2,14,1,2026,0,winter,test
2026-01-15 00:00:00+00:00,4946813,Số 1 đường Giải Phóng - phường Bạch Mai - ĐHBK ,21.0052,105.8418,129.047498015873,12.015514194012486,112.53,150.07999999999998,24,,,60.273587301587305,8.242743314505285,18.492262896825398,5.146935395538102,6.514330357142857,0.7259509896763229,0,0,3,15,1,2026,0,winter,test
2026-01-16 00:00:00+00:00,4946813,Số 1 đường Giải Phóng - phường Bạch Mai - ĐHBK ,21.0052,105.8418,71.94726802248677,16.95557650654707,56.32000000000001,120.80625,24,,,53.823454365079364,5.41055847132777,19.994272817460317,6.766371959591289,5.282347883597883,0.5432919382927266,0,0,4,16,1,2026,0,winter,test
2026-01-17 00:00:00+00:00,4946813,Số 1 đường Giải Phóng - phường Bạch Mai - ĐHBK ,21.0052,105.8418,54.10697867063492,9.454458304624083,32.211666666666666,66.975,24,,,54.08045023148148,6.408896083512296,16.907111772486772,7.438138711180444,4.642663194444444,0.578842772343215,0,0,5,17,1,2026,1,winter,test
2026-01-18 00:00:00+00:00,4946813,Số 1 đường Giải Phóng - phường Bạch Mai - ĐHBK ,21.0052,105.8418,67.43152711640212,9.774447074229297,52.194,92.9557142857143,24,,,49.789888227513224,2.9371253043043377,23.14164947089947,7.737628532417213,4.701144675925926,0.505103690257478,0,0,6,18,1,2026,1,winter,test
2026-01-19 00:00:00+00:00,4946813,Số 1 đường Giải Phóng - phường Bạch Mai - ĐHBK ,21.0052,105.8418,60.1295045995671,11.078061493909576,49.22444444444445,89.49285714285713,24,,,47.71850852272727,2.564878238509518,28.113276875901875,8.35928160006895,4.724135191197692,0.5145647528518631,0,0,0,19,1,2026,0,winter,test
2026-01-20 00:00:00+00:00,4946813,Số 1 đường Giải Phóng - phường Bạch Mai - ĐHBK ,21.0052,105.8418,37.906134424603174,10.131212800148582,16.25444444444444,54.53,24,,,47.94719626322752,3.3980875441893077,27.04677728174603,9.931974970451959,4.512155423280423,0.34232838707121,0,0,1,20,1,2026,0,winter,test
2026-01-21 00:00:00+00:00,4946813,Số 1 đường Giải Phóng - phường Bạch Mai - ĐHBK ,21.0052,105.8418,28.713261784511786,15.593474576155357,12.685555555555556,56.083333333333336,24,,,47.93834638047138,3.586603267869966,10.968997399591151,3.209249403613679,4.42800235990861,0.26892096849821484,0,0,2,21,1,2026,0,winter,test
2026-01-22 00:00:00+00:00,4946813,Số 1 đường Giải Phóng - phường Bạch Mai - ĐHBK ,21.0052,105.8418,17.59733564814815,6.628506791600045,7.537142857142856,30.2,24,,,47.020756283068785,1.7345735548564785,8.911805224867726,2.68654217775175,4.642201388888889,0.3508320846263268,0,0,3,22,1,2026,0,winter,test
2026-01-23 00:00:00+00:00,4946813,Số 1 đường Giải Phóng - phường Bạch Mai - ĐHBK ,21.0052,105.8418,50.536019450456955,18.0932409667057,18.5,83.305,24,,,30.070175294612795,13.83290696631072,13.579149726430977,9.058048548655448,14.46300616555162,15.778001985792123,0,0,4,23,1,2026,0,winter,test
2026-01-24 00:00:00+00:00,4946813,Số 1 đường Giải Phóng - phường Bạch Mai - ĐHBK ,21.0052,105.8418,64.61584308862435,25.888886858140417,31.1,118.90555555555554,24,,,23.700824239417987,4.854197342007615,10.109811838624339,3.617847947826588,3.567727272727273,7.973668734278487,0,0,5,24,1,2026,1,winter,test
2026-01-25 00:00:00+00:00,4946813,Số 1 đường Giải Phóng - phường Bạch Mai - ĐHBK ,21.0052,105.8418,150.52368210377585,21.805553577872377,100.51,177.23500000000004,24,,,38.11857339766715,10.368308274280622,9.485415464165465,1.7575593556613431,1.2951612903225806,0.16933548276485053,0,0,6,25,1,2026,1,winter,test
2026-01-26 00:00:00+00:00,4946813,Số 1 đường Giải Phóng - phường Bạch Mai - ĐHBK ,21.0052,105.8418,118.62361402717653,22.186034685741365,87.86666666666667,155.4157142857143,24,,,41.0884947991823,9.357321039789273,11.068354572510822,2.5216367521383827,3.552115384615385,0.059367972956954854,0,0,0,26,1,2026,0,winter,test
2026-01-27 00:00:00+00:00,4946813,Số 1 đường Giải Phóng - phường Bạch Mai - ĐHBK ,21.0052,105.8418,135.09193706409332,42.585704610329756,74.26333333333334,214.01222222222225,24,,,46.79182693001443,14.689413093300828,16.201467607623858,8.85557544706935,2.817257988721805,1.3969069169418311,0,0,1,27,1,2026,0,winter,test
2026-01-28 00:00:00+00:00,4946813,Số 1 đường Giải Phóng - phường Bạch Mai - ĐHBK ,21.0052,105.8418,74.702802744709,6.429503132618996,59.98333333333333,82.82499999999999,18,,,30.80354326499118,4.212321922309326,22.35768110670194,9.676391199960518,3.7151579352597266,3.6742304328304485,12,0,2,28,1,2026,0,winter,test
2026-01-29 00:00:00+00:00,4946813,Số 1 đường Giải Phóng - phường Bạch Mai - ĐHBK ,21.0052,105.8418,56.902437538651824,13.882826922057237,39.40857142857142,86.393,21,,,18.80359707620422,2.927293959638911,32.40291567030853,11.12403513173927,4.613057881797648,5.951553948719066,3,0,3,29,1,2026,0,winter,test
2026-01-30 00:00:00+00:00,4946813,Số 1 đường Giải Phóng - phường Bạch Mai - ĐHBK ,21.0052,105.8418,42.864741612554106,15.67347993128167,19.552857142857142,90.40999999999998,24,,,24.660308246151995,6.639266247138174,25.81030621693122,9.375906305544568,5.51095782833557,8.228877464607683,0,0,4,30,1,2026,0,winter,test
2026-01-31 00:00:00+00:00,4946813,Số 1 đường Giải Phóng - phường Bạch Mai - ĐHBK ,21.0052,105.8418,50.63782807239057,34.73437019283437,6.013333333333333,114.905,24,,,25.583036826599326,10.3040215435503,16.36691590007215,4.200849766787935,6.408857774873491,10.506200980496299,0,0,5,31,1,2026,1,winter,test
2026-02-01 00:00:00+00:00,4946813,Số 1 đường Giải Phóng - phường Bạch Mai - ĐHBK ,21.0052,105.8418,64.80323295454545,27.529233264712072,30.026666666666667,125.936,24,,,19.898785143097644,4.025133915588531,24.751969276094275,8.400028297554684,7.306757721411413,12.783524496384915,0,0,6,32,2,2026,1,winter,test
2026-02-02 00:00:00+00:00,4946813,Số 1 đường Giải Phóng - phường Bạch Mai - ĐHBK ,21.0052,105.8418,78.66974242424241,24.82636020248964,50.91181818181818,112.138,24,,,29.259925505050504,6.917162661118447,17.96336553030303,13.9959997771618,8.204657667949334,15.060848012273533,0,0,0,33,2,2026,0,winter,test
2026-02-03 00:00:00+00:00,4946813,Số 1 đường Giải Phóng - phường Bạch Mai - ĐHBK ,21.0052,105.8418,126.5709859006734,33.93987217419569,68.17500000000001,182.33083333333332,24,,,41.07140004208754,6.9986838697358555,19.67737015993266,9.323896895168737,2.474804743867244,0.7883893537695104,0,0,1,34,2,2026,0,winter,test
2026-02-04 00:00:00+00:00,4946813,Số 1 đường Giải Phóng - phường Bạch Mai - ĐHBK ,21.0052,105.8418,120.07280303030302,30.743011774039548,94.01181818181816,198.97166666666664,24,,,30.65705597643098,13.708276311527804,30.04463825757576,9.685946539442606,2.009445541726792,0.4984060631611529,0,0,2,35,2,2026,0,winter,test
2026-02-05 00:00:00+00:00,4946813,Số 1 đường Giải Phóng - phường Bạch Mai - ĐHBK ,21.0052,105.8418,105.23607133838384,33.441271893530576,57.566,168.37900000000002,24,,,31.703483901515153,10.019477260846498,27.591579740860993,9.665291168799728,1.8836089992183742,0.4087467145591351,0,0,3,36,2,2026,0,winter,test
2026-02-06 00:00:00+00:00,4946813,Số 1 đường Giải Phóng - phường Bạch Mai - ĐHBK ,21.0052,105.8418,102.68106123737374,79.58128373998566,18.29583333333333,248.64,24,,,26.98951167929293,12.110610486731893,32.66869702982203,17.41140823340261,1.7473257275132275,0.5204177000052661,1,0,4,37,2,2026,0,winter,test
2026-02-07 00:00:00+00:00,4946813,Số 1 đường Giải Phóng - phường Bạch Mai - ĐHBK ,21.0052,105.8418,60.072106691919195,30.5029944750965,18.803636363636368,112.33249999999998,24,,,19.28542361111111,4.611327105143247,29.195613982082733,10.317972392242094,1.801602904040404,0.44466892103560884,0,0,5,38,2,2026,1,winter,test
2026-02-08 00:00:00+00:00,4946813,Số 1 đường Giải Phóng - phường Bạch Mai - ĐHBK ,21.0052,105.8418,17.965527146464648,23.362046714528613,1.21,69.34000000000002,24,,,12.327186237373738,3.181814564736883,11.066636363636363,3.5309927328900175,1.1800420168067227,0.12941153844093617,4,0,6,39,2,2026,1,winter,test
2026-02-09 00:00:00+00:00,4946813,Số 1 đường Giải Phóng - phường Bạch Mai - ĐHBK ,21.0052,105.8418,40.423787878787884,20.601309668346424,3.818333333333333,73.42999999999999,24,,,22.757605429292926,4.986285819502818,6.874327651515152,2.8728876886902857,1.5045892857142857,0.3672310785131704,0,0,0,40,2,2026,0,winter,test
2026-02-10 00:00:00+00:00,4946813,Số 1 đường Giải Phóng - phường Bạch Mai - ĐHBK ,21.0052,105.8418,91.66076578282828,22.768801780653927,57.5,120.43,24,,,28.37863131313131,7.81326437798323,22.296212436868686,16.021634473234236,1.669692866161616,0.3288706149428902,0,0,1,41,2,2026,0,winter,test
2026-02-11 00:00:00+00:00,4946813,Số 1 đường Giải Phóng - phường Bạch Mai - ĐHBK ,21.0052,105.8418,46.79098800505051,17.817380342849226,14.261666666666663,74.40750000000001,24,,,26.13774936868687,3.868760290985222,11.890262536075037,4.688280618105954,1.814201945045695,0.2270621627554766,0,0,2,42,2,2026,0,winter,test
2026-02-12 00:00:00+00:00,4946813,Số 1 đường Giải Phóng - phường Bạch Mai - ĐHBK ,21.0052,105.8418,54.75050568181819,7.260891300164694,39.89333333333334,70.99083333333334,24,,,25.353000631313133,6.506032624187832,22.418625135281385,10.889440590202861,2.1248618476430976,0.2972360734533917,0,0,3,43,2,2026,0,winter,test
2026-02-13 00:00:00+00:00,4946813,Số 1 đường Giải Phóng - phường Bạch Mai - ĐHBK ,21.0052,105.8418,38.28111111111111,9.449027447023711,17.865,53.85166666666666,24,,,20.839247264309765,4.66827841838633,30.92782901936027,13.66404545611933,2.364873842592593,0.3617338827127855,0,0,4,44,2,2026,0,winter,test
2026-02-14 00:00:00+00:00,4946813,Số 1 đường Giải Phóng - phường Bạch Mai - ĐHBK ,21.0052,105.8418,43.523546085858584,9.521433853675891,26.496666666666663,55.64666666666668,24,,,20.579893939393937,8.307359861163942,33.543779596560846,13.820032666523616,2.54638952020202,0.4487204322170419,0,0,5,45,2,2026,1,winter,test
2026-02-15 00:00:00+00:00,4946813,Số 1 đường Giải Phóng - phường Bạch Mai - ĐHBK ,21.0052,105.8418,36.366565656565655,7.155137543506227,22.73333333333333,49.10181818181818,24,,,16.76594696969697,6.541204698734616,30.421471200096196,12.10093732796906,2.3062360209235213,0.40449716217490994,0,0,6,46,2,2026,1,winter,test
2026-02-16 00:00:00+00:00,4946813,Số 1 đường Giải Phóng - phường Bạch Mai - ĐHBK ,21.0052,105.8418,53.20431376262626,44.26556958317362,12.195833333333333,152.96249999999995,24,,,13.874414772727272,2.742059594173404,32.80404949795575,12.526276654999293,2.740050505050505,0.5879050878804374,0,0,0,47,2,2026,0,winter,test
2026-02-17 00:00:00+00:00,4946813,Số 1 đường Giải Phóng - phường Bạch Mai - ĐHBK ,21.0052,105.8418,82.47298295454546,22.884158563767286,58.90833333333334,135.70583333333337,24,,,12.005448232323232,2.7968798759193296,28.156460542929292,15.146213743008813,2.562267676767677,0.4666419985110188,0,0,1,48,2,2026,0,winter,test
2026-02-18 00:00:00+00:00,4946813,Số 1 đường Giải Phóng - phường Bạch Mai - ĐHBK ,21.0052,105.8418,56.421955759518255,3.356068505524495,49.34666666666666,65.08833333333334,24,,,11.725046182983682,2.8308735750358416,16.620400252525254,3.7135782057551663,2.399591864154364,0.29775035363721325,0,0,2,49,2,2026,0,winter,test
2026-02-19 00:00:00+00:00,4946813,Số 1 đường Giải Phóng - phường Bạch Mai - ĐHBK ,21.0052,105.8418,60.269188131313136,12.732093787179389,32.87583333333333,76.54833333333333,24,,,12.991969696969697,3.4118018601855606,16.77605366161616,5.022227086372564,2.4129669612794613,0.3935194978719756,0,0,3,50,2,2026,0,winter,test
2026-02-20 00:00:00+00:00,4946813,Số 1 đường Giải Phóng - phường Bạch Mai - ĐHBK ,21.0052,105.8418,43.67200441919192,23.502828689668984,9.725833333333332,82.63083333333336,24,,,17.995703914141412,5.815145332885801,24.5383710016835,9.895660931352353,2.9689086099086097,0.6519546481603424,0,0,4,51,2,2026,0,winter,test
2026-02-21 00:00:00+00:00,4946813,Số 1 đường Giải Phóng - phường Bạch Mai - ĐHBK ,21.0052,105.8418,43.453001893939394,18.902348005403596,17.879166666666666,79.87416666666667,24,,,17.693218434343432,9.063452302609198,27.24964443542569,10.892759022919304,2.3931036405723907,0.3497368716475162,0,0,5,52,2,2026,1,winter,test
2026-02-22 00:00:00+00:00,4946813,Số 1 đường Giải Phóng - phường Bạch Mai - ĐHBK ,21.0052,105.8418,23.740443181818183,8.28759028448468,11.56,39.450833333333335,24,,,16.373075126262624,3.4633717757385587,29.550857804232805,12.35710806623279,1.824235043891294,0.24737996690595293,0,0,6,53,2,2026,1,winter,test
2026-02-23 00:00:00+00:00,4946813,Số 1 đường Giải Phóng - phường Bạch Mai - ĐHBK ,21.0052,105.8418,25.541117424242426,6.2914692379841375,14.213333333333331,39.47916666666667,24,,,15.603699494949495,5.088815585918442,28.59952048761424,14.754027988996228,1.8102516534391535,0.18780208613494015,0,0,0,54,2,2026,0,winter,test
2026-02-24 00:00:00+00:00,4946813,Số 1 đường Giải Phóng - phường Bạch Mai - ĐHBK ,21.0052,105.8418,23.765863005050505,7.010226086843912,10.973333333333336,36.60636363636363,24,,,15.40857196969697,3.3755532748235515,33.26830224867725,17.40559513992358,1.7260339105339106,0.22858716830684997,0,0,1,55,2,2026,0,winter,test
2026-02-25 00:00:00+00:00,4946813,Số 1 đường Giải Phóng - phường Bạch Mai - ĐHBK ,21.0052,105.8418,43.44447853535354,7.2087851570434776,25.441818181818174,51.96166666666667,24,,,20.815767676767678,3.840703314626824,29.11546669071669,16.44893764077859,1.7032726070226072,0.24484685080685323,0,0,2,56,2,2026,0,winter,test
2026-02-26 00:00:00+00:00,4946813,Số 1 đường Giải Phóng - phường Bạch Mai - ĐHBK ,21.0052,105.8418,42.234283459595964,9.006880096655422,26.74909090909091,55.97750000000001,24,,,26.407825126262626,5.519613228974323,26.183262235449735,14.703061727313221,1.5865570436507939,0.2679671088047979,0,0,3,57,2,2026,0,winter,test
2026-02-27 00:00:00+00:00,4946813,Số 1 đường Giải Phóng - phường Bạch Mai - ĐHBK ,21.0052,105.8418,47.70275147306398,16.550591180667872,22.13583333333333,73.35583333333334,24,,,21.326439393939392,8.361656842624601,21.28602553661616,16.980502616580274,1.5980171957671958,0.21295397209601763,0,0,4,58,2,2026,0,winter,test
2026-02-28 00:00:00+00:00,4946813,Số 1 đường Giải Phóng - phường Bạch Mai - ĐHBK ,21.0052,105.8418,34.03456439393939,7.5356986415378096,23.08833333333333,49.18833333333333,24,,,15.197285353535355,3.506550447203125,17.348948632154883,10.401120914062584,1.9081107503607504,0.47678891779674576,0,0,5,59,2,2026,1,winter,test
2026-03-01 00:00:00+00:00,4946813,Số 1 đường Giải Phóng - phường Bạch Mai - ĐHBK ,21.0052,105.8418,30.005472011784516,8.994696477397042,19.80090909090909,52.11416666666668,24,,,12.239505892255892,3.720481769352631,16.618929924242426,5.4013445400019515,1.991618311087061,0.5129398712442106,0,0,6,60,3,2026,1,spring,test
2026-03-02 00:00:00+00:00,4946813,Số 1 đường Giải Phóng - phường Bạch Mai - ĐHBK ,21.0052,105.8418,27.88599016955267,8.615024027532531,11.865555555555554,44.830000000000005,24,,,12.714617574555076,4.114239597856962,21.78161842105263,10.521393193363762,2.359874007936508,0.8604149894735277,0,0,0,61,3,2026,0,spring,test
2026-03-03 00:00:00+00:00,4946813,Số 1 đường Giải Phóng - phường Bạch Mai - ĐHBK ,21.0052,105.8418,20.0126253006253,9.49040007914823,1.8188888888888888,36.83666666666667,24,,,13.932449149230399,3.7335487896735673,18.736422932330825,6.185938145846021,1.8832470689033192,0.28005187956129235,0,0,1,62,3,2026,0,spring,test
2026-03-04 00:00:00+00:00,4946813,Số 1 đường Giải Phóng - phường Bạch Mai - ĐHBK ,21.0052,105.8418,36.7159862463925,20.3010417434524,9.766000000000002,68.52090909090909,24,,,24.916495355339105,10.56266011751892,19.400831559644057,8.222829501775113,2.6539728685666186,0.6945392306237855,0,0,2,63,3,2026,0,spring,test
2026-03-05 00:00:00+00:00,4946813,Số 1 đường Giải Phóng - phường Bạch Mai - ĐHBK ,21.0052,105.8418,77.07195474086099,23.158989949047694,48.79571428571429,114.43500000000002,24,,,35.40435464766715,8.468799598355801,14.010262791606541,6.539761451177459,2.184123722342472,0.4066941928088669,0,0,3,64,3,2026,0,spring,test
2026-03-06 00:00:00+00:00,4946813,Số 1 đường Giải Phóng - phường Bạch Mai - ĐHBK ,21.0052,105.8418,88.82114183501683,21.272966224846453,62.27,126.48,24,,,35.14487247474748,6.361946047238265,28.885856000481,19.322572715973248,2.9825829124579126,1.7559799018697224,0,0,4,65,3,2026,0,spring,test
2026-03-07 00:00:00+00:00,4946813,Số 1 đường Giải Phóng - phường Bạch Mai - ĐHBK ,21.0052,105.8418,45.91731191378066,13.048883563500103,26.468888888888888,73.619,24,,,20.29244708994709,4.380073976571214,27.413532136844637,7.620259166706038,3.052227047258297,0.6312317262600519,0,0,5,66,3,2026,1,spring,test
2026-03-08 00:00:00+00:00,4946813,Số 1 đường Giải Phóng - phường Bạch Mai - ĐHBK ,21.0052,105.8418,27.544785353535357,5.051340002584974,19.08777777777778,36.357272727272736,24,,,16.36275347222222,3.3992727254541726,30.2664708994709,17.512576545813836,2.2105482202982203,0.35906193198494607,0,0,6,67,3,2026,1,spring,test
2026-03-09 00:00:00+00:00,4946813,Số 1 đường Giải Phóng - phường Bạch Mai - ĐHBK ,21.0052,105.8418,22.453351461038963,16.86826341350588,3.2091666666666665,50.87636363636364,24,,,22.091300204425206,9.943161029612254,16.48153472222222,9.313240721485545,2.116443707912458,0.5612138052148926,0,0,0,68,3,2026,0,spring,test
2026-03-10 00:00:00+00:00,4946813,Số 1 đường Giải Phóng - phường Bạch Mai - ĐHBK ,21.0052,105.8418,20.09450578703704,13.024494578638603,4.0840000000000005,49.4275,24,,,22.25901083754209,6.720650829055498,26.41497222222222,9.124367666630198,3.8050420875420876,0.842973374435661,0,0,1,69,3,2026,0,spring,test
2026-03-11 00:00:00+00:00,4946813,Số 1 đường Giải Phóng - phường Bạch Mai - ĐHBK ,21.0052,105.8418,69.85046194083695,33.90859308102462,30.44888888888889,133.01299999999998,24,,,44.89504614598365,14.542506241909939,24.409300595238093,7.85178299601715,3.2039333964646466,0.8731843777017644,0,0,2,70,3,2026,0,spring,test
2026-03-12 00:00:00+00:00,4946813,Số 1 đường Giải Phóng - phường Bạch Mai - ĐHBK ,21.0052,105.8418,86.91938822751324,21.236373389459803,43.34125,123.59444444444443,24,,,49.8837616492304,20.292649459133184,69.77891592858735,21.45683245454352,7.003076881792655,15.024221946091494,0,0,3,71,3,2026,0,spring,test
2026-03-13 00:00:00+00:00,4946813,Số 1 đường Giải Phóng - phường Bạch Mai - ĐHBK ,21.0052,105.8418,57.12866275853776,20.769185079701153,31.314444444444444,93.34333333333336,24,,,33.27471891534392,11.563445501601192,61.2148920797391,19.556997648256,10.7595342327696,18.408862791620532,0,0,4,72,3,2026,0,spring,test
2026-03-14 00:00:00+00:00,4946813,Số 1 đường Giải Phóng - phường Bạch Mai - ĐHBK ,21.0052,105.8418,41.062046296296295,8.185751447516086,19.10875,54.09625,24,,,25.12847933201058,6.475418813031444,52.65086823089085,17.657162841968482,14.515991583746544,21.793503637149573,0,0,5,73,3,2026,1,spring,test
2026-03-15 00:00:00+00:00,4946813,Số 1 đường Giải Phóng - phường Bạch Mai - ĐHBK ,21.0052,105.8418,34.572926241582486,10.827259408597513,14.402222222222225,53.32857142857142,24,,,21.10939792267917,5.729283095796906,44.08684438204259,15.757328035680965,18.272448934723492,25.17814448267861,0,0,6,74,3,2026,1,spring,test
2026-03-16 00:00:00+00:00,4946813,Số 1 đường Giải Phóng - phường Bạch Mai - ĐHBK ,21.0052,105.8418,29.640950126262624,8.141291551290749,15.45,43.03090909090909,24,,,18.462383207070708,4.941180111169242,35.52282053319434,13.857493229393448,22.028906285700437,28.562785328207653,0,0,0,75,3,2026,0,spring,test
2026-03-17 00:00:00+00:00,4946813,Số 1 đường Giải Phóng - phường Bạch Mai - ĐHBK ,21.0052,105.8418,26.06335542929293,10.051123996959115,6.019166666666666,44.140833333333326,24,,,20.8920928030303,8.982623635687464,26.95879668434609,11.95765842310593,25.78536363667738,31.94742617373669,0,0,1,76,3,2026,0,spring,test
2026-03-18 00:00:00+00:00,4946813,Số 1 đường Giải Phóng - phường Bạch Mai - ĐHBK ,21.0052,105.8418,24.398222853535355,10.540008697709682,11.084545454545456,51.708333333333336,24,,,20.17811111111111,3.837754922134773,18.394772835497836,10.05782361681841,29.541820987654326,35.33206701926573,0,0,2,77,3,2026,0,spring,test
2026-03-19 00:00:00+00:00,4946813,Số 1 đường Giải Phóng - phường Bạch Mai - ĐHBK ,21.0052,105.8418,24.84545138888889,11.112811054253008,11.87090909090909,53.25083333333333,24,,,17.77629734848485,6.881942952989139,18.188544943482444,4.764738966314731,82.74876041666667,6.2447497569716175,0,0,3,78,3,2026,0,spring,test
2026-03-20 00:00:00+00:00,4946813,Số 1 đường Giải Phóng - phường Bạch Mai - ĐHBK ,21.0052,105.8418,21.5072601010101,8.957704849827397,10.646666666666668,41.66583333333333,24,,,15.44820707070707,2.9441529521264624,16.654450366762866,4.972894705186482,71.65907752267574,7.379000441484928,0,0,4,79,3,2026,0,spring,test
2026-03-21 00:00:00+00:00,4946813,Số 1 đường Giải Phóng - phường Bạch Mai - ĐHBK ,21.0052,105.8418,35.44157196969697,10.020501930956462,13.080833333333333,52.88666666666666,24,,,19.610726010101008,4.2519835239977395,18.061699134199134,4.893543260674465,60.56939462868481,8.513251125998238,0,0,5,80,3,2026,1,spring,test
2026-03-22 00:00:00+00:00,4946813,Số 1 đường Giải Phóng - phường Bạch Mai - ĐHBK ,21.0052,105.8418,20.95460227272727,7.7042726358140206,3.616666666666667,33.10416666666667,24,,,13.767058080808079,3.404555351101309,16.845842727873976,4.6949230584069275,49.47971173469388,9.64750181051155,0,0,6,81,3,2026,1,spring,test
2026-03-23 00:00:00+00:00,4946813,Số 1 đường Giải Phóng - phường Bạch Mai - ĐHBK ,21.0052,105.8418,22.47106376262626,4.283317225131882,14.317500000000004,33.94583333333333,24,,,14.50691287878788,3.375716602216106,17.908840533309284,6.1892849729979496,38.39002884070295,10.78175249502486,0,0,0,82,3,2026,0,spring,test
2026-03-24 00:00:00+00:00,4946813,Số 1 đường Giải Phóng - phường Bạch Mai - ĐHBK ,21.0052,105.8418,25.497285353535357,7.501719741536729,15.480833333333331,42.07999999999999,24,,,17.016982323232323,5.287278322319049,19.079603294853296,6.450760328842806,27.30034594671202,11.91600317953817,0,0,1,83,3,2026,0,spring,test
2026-03-25 00:00:00+00:00,4946813,Số 1 đường Giải Phóng - phường Bạch Mai - ĐHBK ,21.0052,105.8418,24.01178345959596,6.046236725999203,10.879166666666668,33.4175,24,,,18.44395226301476,4.107674661959823,19.976407172688422,7.635056023310471,16.210663052721088,13.05025386405148,0,0,2,84,3,2026,0,spring,test
2026-03-26 00:00:00+00:00,4946813,Số 1 đường Giải Phóng - phường Bạch Mai - ĐHBK ,21.0052,105.8418,34.613576388888895,11.717667234190282,16.17818181818182,65.78333333333333,24,,,16.421472853535352,4.952660667506624,19.40478164081289,6.124475238535014,5.120980158730157,14.18450454856479,0,0,3,85,3,2026,0,spring,test
2026-03-27 00:00:00+00:00,4946813,Số 1 đường Giải Phóng - phường Bạch Mai - ĐHBK ,21.0052,105.8418,27.086540404040406,5.422032687150416,15.125833333333334,36.13,24,,,16.59440845959596,4.408823222484678,20.046121948653198,7.738814748615056,1.7683411044973545,0.2751519932620502,0,0,4,86,3,2026,0,spring,test
2026-03-28 00:00:00+00:00,4946813,Số 1 đường Giải Phóng - phường Bạch Mai - ĐHBK ,21.0052,105.8418,27.698345959595958,5.386793844508778,16.31833333333333,36.09583333333333,24,,,14.61197601010101,5.117982584571259,18.613212932900435,6.876227154292353,1.8194375,0.3048823278686686,0,0,5,87,3,2026,1,spring,test
2026-03-29 00:00:00+00:00,4946813,Số 1 đường Giải Phóng - phường Bạch Mai - ĐHBK ,21.0052,105.8418,34.77121527777778,8.929070682725957,19.905,53.645,24,,,18.696101641414142,7.77673975431361,23.479645833333333,9.739639920987333,1.9990748106060605,0.39209784198967146,0,0,6,88,3,2026,1,spring,test
2026-03-30 00:00:00+00:00,4946813,Số 1 đường Giải Phóng - phường Bạch Mai - ĐHBK ,21.0052,105.8418,43.197626262626265,10.238938256595906,22.56416666666667,56.14666666666667,24,,,15.436840277777778,5.858031054280414,27.368975664381917,8.173577187580314,2.4044993386243387,0.8080270033758823,0,0,0,89,3,2026,0,spring,test
2026-03-31 00:00:00+00:00,4946813,Số 1 đường Giải Phóng - phường Bạch Mai - ĐHBK ,21.0052,105.8418,46.05458333333333,20.70953843925908,7.883333333333333,78.55999999999999,24,,,26.89763888888889,8.93616100630443,23.695935816498316,9.679923443049436,2.37675012025012,0.9566006738470888,0,0,1,90,3,2026,0,spring,test
2026-04-01 00:00:00+00:00,4946813,Số 1 đường Giải Phóng - phường Bạch Mai - ĐHBK ,21.0052,105.8418,38.69974431818182,17.419702664797637,13.049166666666666,61.61666666666667,24,,,31.081761363636364,14.407016779578251,23.97954099025974,8.854853868426346,2.103173115079365,0.40907919693286077,0,0,2,91,4,2026,0,spring,test
2026-04-02 00:00:00+00:00,4946813,Số 1 đường Giải Phóng - phường Bạch Mai - ĐHBK ,21.0052,105.8418,48.539959595959594,7.487024237620451,30.824166666666667,55.83166666666667,24,,,23.896603535353535,7.841353077169867,26.204490590428094,10.33349719916952,2.3431165373977874,0.4878553301832704,0,0,3,92,4,2026,0,spring,test
2026-04-03 00:00:00+00:00,4946813,Số 1 đường Giải Phóng - phường Bạch Mai - ĐHBK ,21.0052,105.8418,52.06707702020202,9.79125962752405,35.61083333333333,67.22000000000001,24,,,24.13611426767677,5.418132383323236,26.545399215367965,9.918161607466693,3.074671611952862,1.147058366858174,0,0,4,93,4,2026,0,spring,test
2026-04-04 00:00:00+00:00,4946813,Số 1 đường Giải Phóng - phường Bạch Mai - ĐHBK ,21.0052,105.8418,38.07083017676768,12.621453015953426,11.959166666666668,54.14833333333333,24,,,20.954071969696972,6.67721391301204,27.382075652356903,6.659103967025742,2.550018653799904,0.5821069896383366,0,0,5,94,4,2026,1,spring,test
2026-04-05 00:00:00+00:00,4946813,Số 1 đường Giải Phóng - phường Bạch Mai - ĐHBK ,21.0052,105.8418,58.95000261544012,6.919046416579065,47.56,74.2775,24,,,20.74747159090909,6.524037490532368,27.285341435185185,7.84493665992637,3.0463367003367003,0.611687404802987,0,0,6,95,4,2026,1,spring,test
2026-04-06 00:00:00+00:00,4946813,Số 1 đường Giải Phóng - phường Bạch Mai - ĐHBK ,21.0052,105.8418,82.43249684343435,18.823826124579426,57.79916666666666,110.65333333333336,24,,,26.52534090909091,6.869006687803637,36.739898463804714,15.98938049550361,4.547052398989899,1.76620350201097,0,0,0,96,4,2026,0,spring,test
2026-04-07 00:00:00+00:00,4946813,Số 1 đường Giải Phóng - phường Bạch Mai - ĐHBK ,21.0052,105.8418,66.82034090909092,20.78957574974712,34.66454545454546,97.3425,24,,,24.172256944444445,10.823958643294585,33.299356060606065,12.84665561759978,4.360767676767677,1.7931555942976212,0,0,1,97,4,2026,0,spring,test
2026-04-08 00:00:00+00:00,4946813,Số 1 đường Giải Phóng - phường Bạch Mai - ĐHBK ,21.0052,105.8418,50.441150252525254,11.533880207970475,32.915454545454544,74.30583333333334,24,,,19.970902777777777,8.648295828917899,30.391138392857144,11.33014693725453,3.9576988636363635,1.6286308032622923,1,0,2,98,4,2026,0,spring,test
2026-04-09 00:00:00+00:00,4946813,Số 1 đường Giải Phóng - phường Bạch Mai - ĐHBK ,21.0052,105.8418,51.76921212121212,12.479180206716801,31.86818181818182,74.68333333333334,24,,,23.689299873737372,13.35217044816935,27.653861637205384,13.937788111594273,3.6522020202020204,1.4357047325702383,3,0,3,99,4,2026,0,spring,test
2026-04-10 00:00:00+00:00,4946813,Số 1 đường Giải Phóng - phường Bạch Mai - ĐHBK ,21.0052,105.8418,57.88196654040404,13.692462863594344,37.84416666666667,81.60916666666668,24,,,20.758910984848484,5.577973542907581,30.915761032948534,14.444708899584068,3.8792072811447813,1.6146539148289238,0,0,4,100,4,2026,0,spring,test
2026-04-11 00:00:00+00:00,4946813,Số 1 đường Giải Phóng - phường Bạch Mai - ĐHBK ,21.0052,105.8418,83.38298989898989,20.38055524843845,49.9925,111.45166666666668,24,,,22.421448863636368,8.35691586891461,39.760461489898994,14.461339956503506,5.673401515151515,1.583478827364037,0,0,5,101,4,2026,1,spring,test
2026-04-12 00:00:00+00:00,4946813,Số 1 đường Giải Phóng - phường Bạch Mai - ĐHBK ,21.0052,105.8418,67.57090593434343,19.063580717388188,40.775454545454544,99.02583333333332,24,,,17.064330808080808,6.837978145585773,37.25609573412699,13.999627232205134,5.5425404040404045,1.6104979764770675,0,0,6,102,4,2026,1,spring,test
2026-04-13 00:00:00+00:00,4946813,Số 1 đường Giải Phóng - phường Bạch Mai - ĐHBK ,21.0052,105.8418,52.328481691919194,16.641706670472118,26.19333333333333,83.4775,24,,,17.91922032828283,6.2400999320983574,27.026277672558923,7.273589508271131,4.050596590909091,1.1582911096362105,0,0,0,103,4,2026,0,spring,test
2026-04-14 00:00:00+00:00,4946813,Số 1 đường Giải Phóng - phường Bạch Mai - ĐHBK ,21.0052,105.8418,47.84304861111111,16.065971057727182,20.762500000000003,84.99,24,,,15.310423611111112,5.228836712375323,28.9133900012025,12.727195613359115,5.202806186868687,1.9159752259449194,0,0,1,104,4,2026,0,spring,test
2026-04-15 00:00:00+00:00,4946813,Số 1 đường Giải Phóng - phường Bạch Mai - ĐHBK ,21.0052,105.8418,34.16963699494949,12.248412654967373,14.445,59.99916666666667,24,,,12.390246212121212,3.415915196774894,23.385286525974028,9.142189767328547,4.4730650252525255,1.0109787742951293,0,0,2,105,4,2026,0,spring,test
2026-04-16 00:00:00+00:00,4946813,Số 1 đường Giải Phóng - phường Bạch Mai - ĐHBK ,21.0052,105.8418,30.216022727272726,11.560150857594433,13.743333333333332,55.634166666666665,24,,,13.79965909090909,4.360281365606577,24.63681930916306,13.1747478831635,3.779100378787879,0.7127879065533872,0,0,3,106,4,2026,0,spring,test
2026-04-17 00:00:00+00:00,4946813,Số 1 đường Giải Phóng - phường Bạch Mai - ĐHBK ,21.0052,105.8418,42.276464646464646,18.56644207958067,11.621666666666668,75.63999999999999,24,1111.102047484795,430.11204196606445,29.995413510101006,14.001044589681065,34.513034211159216,17.204593962778457,3.500681818181818,0.6476532953617495,0,0,4,107,4,2026,0,spring,test
2026-04-18 00:00:00+00:00,4946813,Số 1 đường Giải Phóng - phường Bạch Mai - ĐHBK ,21.0052,105.8418,44.04959911616161,15.050420484509058,24.396666666666665,79.41454545454545,24,1105.9052541366273,428.97875449671153,26.242382575757574,13.524740879740376,33.13219895382395,22.306188099176616,3.4843541666666664,0.4670565693563998,0,0,5,108,4,2026,1,spring,test
2026-04-19 00:00:00+00:00,4946813,Số 1 đường Giải Phóng - phường Bạch Mai - ĐHBK ,21.0052,105.8418,31.077108585858586,10.005641773659702,15.964166666666666,48.65333333333333,24,1100.7084607884592,427.8454670273586,28.271638257575756,7.022767813619491,38.10083596380471,24.572987043246634,3.0879160353535355,1.0586413253613094,0,0,6,109,4,2026,1,spring,test
2026-04-20 00:00:00+00:00,4946813,Số 1 đường Giải Phóng - phường Bạch Mai - ĐHBK ,21.0052,105.8418,31.999831018518517,12.063081608885145,11.071666666666664,55.18888888888888,24,1095.5116674402911,426.71217955800574,19.24209490740741,6.710674376281666,31.8873210527898,20.374069674552853,3.9548512205387207,1.5290267375850004,0,0,0,110,4,2026,0,spring,test
2026-04-21 00:00:00+00:00,4946813,Số 1 đường Giải Phóng - phường Bạch Mai - ĐHBK ,21.0052,105.8418,28.674166666666665,9.80209019351667,14.059166666666668,47.98999999999999,24,1090.314874092123,425.5788920886528,17.017026515151517,5.072692393282418,27.94715262746513,17.006573101719304,3.7589236111111113,0.9810333148897277,0,0,1,111,4,2026,0,spring,test
2026-04-22 00:00:00+00:00,4946813,Số 1 đường Giải Phóng - phường Bạch Mai - ĐHBK ,21.0052,105.8418,37.95874684343434,14.266927497379541,16.165454545454544,62.335,24,1085.118080743955,424.4456046192999,21.47489898989899,6.8065030265875555,27.40029136604137,17.316036716582307,4.030910774410775,1.3297323173334241,0,0,2,112,4,2026,0,spring,test
2026-04-23 00:00:00+00:00,4946813,Số 1 đường Giải Phóng - phường Bạch Mai - ĐHBK ,21.0052,105.8418,21.462965067340065,14.460629318734298,1.23,42.73083333333333,24,1079.921287395787,423.312317149947,28.540495580808084,12.541818630072608,36.35394435425685,23.116935309945863,2.3547661586099085,0.44546829487080775,2,0,3,113,4,2026,0,spring,test
2026-04-24 00:00:00+00:00,4946813,Số 1 đường Giải Phóng - phường Bạch Mai - ĐHBK ,21.0052,105.8418,35.44176136363637,18.55973103356977,5.748333333333334,74.74500000000002,24,1074.724494047619,422.17902968059406,31.859261769480522,16.962140681918477,29.33980417267917,24.65121684757734,35.848342532467534,23.21143984868344,0,0,4,114,4,2026,0,spring,test
2026-04-25 00:00:00+00:00,4946813,Số 1 đường Giải Phóng - phường Bạch Mai - ĐHBK ,21.0052,105.8418,55.39049873737374,21.340556750705684,23.938333333333336,100.16727272727276,24,1074.724494047619,422.17902968059406,38.37577967171717,12.642454675379609,23.116713609307357,11.426913511049657,38.70423611111111,0.17952711101442537,0,0,5,115,4,2026,1,spring,test
2026-04-26 00:00:00+00:00,4946813,Số 1 đường Giải Phóng - phường Bạch Mai - ĐHBK ,21.0052,105.8418,39.334718434343436,11.403157410988047,9.732499999999998,66.76583333333333,24,1074.724494047619,422.17902968059406,19.46664357864358,8.090753636157142,20.229111516955268,9.068364213630783,38.717239898989895,0.20792360239136282,0,0,6,116,4,2026,1,spring,test
2026-04-27 00:00:00+00:00,4946813,Số 1 đường Giải Phóng - phường Bạch Mai - ĐHBK ,21.0052,105.8418,26.289308712121212,10.207160911461912,8.119166666666667,46.04,24,1074.724494047619,422.17902968059406,16.98915845959596,4.952411143774521,21.980668350168347,11.439058765014847,38.665751262626266,0.30608195466565014,0,0,0,117,4,2026,0,spring,test
2026-04-28 00:00:00+00:00,4946813,Số 1 đường Giải Phóng - phường Bạch Mai - ĐHBK ,21.0052,105.8418,26.204270833333336,11.29655196558407,3.8816666666666655,44.50416666666666,24,1074.724494047619,422.17902968059406,21.802916666666665,6.47063089588807,25.534408534752284,11.89331106686384,38.857256944444444,0.2574543812091472,0,0,1,118,4,2026,0,spring,test
2026-04-29 00:00:00+00:00,4946813,Số 1 đường Giải Phóng - phường Bạch Mai - ĐHBK ,21.0052,105.8418,10.432822758838384,5.818680659854339,1.2416666666666665,21.229166666666668,24,1074.724494047619,422.17902968059406,16.43325126262626,5.393014728209446,17.45394896885522,7.169613614222476,38.50645517676768,0.18165384945566582,5,0,2,119,4,2026,0,spring,test
2026-04-30 00:00:00+00:00,4946813,Số 1 đường Giải Phóng - phường Bạch Mai - ĐHBK ,21.0052,105.8418,19.958598484848483,10.28025470704581,3.3025,38.36416666666667,24,1074.724494047619,422.17902968059406,12.431429924242424,5.5108011486146955,25.770571338383835,6.980708588945,38.65034722222222,0.28131687612179657,0,0,3,120,4,2026,0,spring,test
2026-05-01 00:00:00+00:00,4946813,Số 1 đường Giải Phóng - phường Bạch Mai - ĐHBK ,21.0052,105.8418,30.516865530303033,6.940103841924361,14.220833333333331,40.54833333333333,24,1074.724494047619,422.17902968059406,11.24467803030303,2.743899491038473,28.560013257575758,8.35710338426734,38.57242424242424,0.24868135386147203,0,0,4,121,5,2026,0,spring,test
2026-05-02 00:00:00+00:00,4946813,Số 1 đường Giải Phóng - phường Bạch Mai - ĐHBK ,21.0052,105.8418,21.977717803030302,10.721086431045308,2.764545454545454,38.28916666666667,24,,,15.050151515151514,5.088389679268601,21.39254432720058,10.276084272064113,38.50727272727273,0.19821877186266956,0,0,5,122,5,2026,1,spring,test
2026-05-03 00:00:00+00:00,4946813,Số 1 đường Giải Phóng - phường Bạch Mai - ĐHBK ,21.0052,105.8418,18.733299663299665,14.575147642052837,1.3733333333333333,52.15833333333333,24,,,15.043762626262625,5.343736439922103,17.649547513828765,9.399330886384218,38.41719065656566,0.24851522589457298,0,0,6,123,5,2026,1,spring,test
2026-05-04 00:00:00+00:00,4946813,Số 1 đường Giải Phóng - phường Bạch Mai - ĐHBK ,21.0052,105.8418,30.061032196969695,14.271596409352805,9.250833333333334,51.14166666666666,24,,,32.56152146464646,12.120014852450222,18.025937996031747,11.182411702054104,38.50255997474748,0.2761979690214467,0,0,0,124,5,2026,0,spring,test
2026-05-05 00:00:00+00:00,4946813,Số 1 đường Giải Phóng - phường Bạch Mai - ĐHBK ,21.0052,105.8418,30.13385101010101,8.243075743412495,11.1125,47.05166666666667,24,,,24.033664772727274,12.036570021741094,25.21162773569024,13.558418923469398,38.64479797979798,0.2912989842904113,0,0,1,125,5,2026,0,spring,test
2026-05-06 00:00:00+00:00,4946813,Số 1 đường Giải Phóng - phường Bạch Mai - ĐHBK ,21.0052,105.8418,25.63734362859363,8.970848835329639,11.61181818181818,42.74333333333333,24,,,14.502236548174048,4.817540628611255,20.386121316183814,10.791557273066656,38.594055458430454,0.19340203604229117,0,0,2,126,5,2026,0,spring,test
2026-05-07 00:00:00+00:00,4946813,Số 1 đường Giải Phóng - phường Bạch Mai - ĐHBK ,21.0052,105.8418,19.003709595959595,9.870533148318032,4.278181818181817,34.3875,24,,,13.325996212121211,2.314178024555986,15.019176872895622,7.721855323042713,38.799238005050505,0.17638392937952568,0,0,3,127,5,2026,0,spring,test
2026-05-08 00:00:00+00:00,4946813,Số 1 đường Giải Phóng - phường Bạch Mai - ĐHBK ,21.0052,105.8418,26.14795838189588,8.751501289056229,1.7199999999999998,38.83416666666667,24,,,24.722981594794096,7.436138676835097,18.572982623857623,10.744436952699445,38.683804875679876,0.19670668620405843,0,0,4,128,5,2026,0,spring,test
2026-05-09 00:00:00+00:00,4946813,Số 1 đường Giải Phóng - phường Bạch Mai - ĐHBK ,21.0052,105.8418,32.15905934343434,15.654383552525102,7.240833333333334,63.44166666666667,24,,,25.443617424242422,8.287779969244239,15.981051046176047,11.307368794111172,38.754434974747475,0.2289250127575131,0,0,5,129,5,2026,1,spring,test
2026-05-10 00:00:00+00:00,4946813,Số 1 đường Giải Phóng - phường Bạch Mai - ĐHBK ,21.0052,105.8418,44.13425631313132,10.366618206027596,24.40416666666667,62.32166666666668,24,,,27.133603535353533,6.16339847491491,17.61658249158249,9.287574956766614,38.64111679292929,0.26263636673290136,0,0,6,130,5,2026,1,spring,test
2026-05-11 00:00:00+00:00,4946813,Số 1 đường Giải Phóng - phường Bạch Mai - ĐHBK ,21.0052,105.8418,37.150601010101006,15.603839601829174,13.935454545454546,64.43,24,,,20.28341351010101,8.314198909958947,21.29864629930255,9.855458799450224,39.06135164141414,0.27648367907882937,0,0,0,131,5,2026,0,spring,test
2026-05-12 00:00:00+00:00,4946813,Số 1 đường Giải Phóng - phường Bạch Mai - ĐHBK ,21.0052,105.8418,24.577692837465563,8.588709227113108,9.734999999999998,37.52454545454545,22,,,23.21535984848485,4.695290469396517,9.520855601469238,3.812469127860132,39.20337982093664,0.24049063060693396,12,0,1,132,5,2026,0,spring,test
2026-05-13 00:00:00+00:00,4946813,Số 1 đường Giải Phóng - phường Bạch Mai - ĐHBK ,21.0052,105.8418,28.502853535353537,13.598313292829472,5.848333333333334,50.595,24,,,28.04176515151515,6.698490188326782,15.716969065656565,9.790742400826508,38.70338131313131,0.9558959729408334,1,0,2,133,5,2026,0,spring,test
2026-05-14 00:00:00+00:00,4946813,Số 1 đường Giải Phóng - phường Bạch Mai - ĐHBK ,21.0052,105.8418,28.0740009469697,17.09121280871223,2.4233333333333333,52.29545454545455,24,,,26.48172222222222,7.049165517911703,18.470160984848487,5.999839900047585,37.468756313131315,0.2348554292788003,0,0,3,134,5,2026,0,spring,test
2026-05-15 00:00:00+00:00,4946813,Số 1 đường Giải Phóng - phường Bạch Mai - ĐHBK ,21.0052,105.8418,46.380833333333335,17.09121280871223,46.380833333333335,46.380833333333335,1,,,21.236666666666668,7.049165517911703,11.644166666666663,5.999839900047585,37.2375,0.2348554292788003,0,0,4,135,5,2026,0,spring,test
2025-11-08 00:00:00+00:00,6123215,OceanPark,20.9933,105.9441,45.440960856044995,19.801761546695975,10.590458321571347,69.5676668802897,17,,,,,,,,,0,0,5,312,11,2025,1,autumn,validation
2025-11-09 00:00:00+00:00,6123215,OceanPark,20.9933,105.9441,36.88675295589147,10.35760361400413,14.449499988555909,51.54312534332275,24,,,,,,,,,0,0,6,313,11,2025,1,autumn,validation
2025-11-10 00:00:00+00:00,6123215,OceanPark,20.9933,105.9441,30.1218130601777,6.447509148778937,20.071625012821624,46.2581667582194,24,,,,,,,,,0,0,0,314,11,2025,0,autumn,validation
2025-11-11 00:00:00+00:00,6123215,OceanPark,20.9933,105.9441,20.536155675186052,9.088682373427167,5.260999997456868,38.013583501180015,24,,,,,,,,,0,0,1,315,11,2025,0,autumn,validation
2025-11-12 00:00:00+00:00,6123215,OceanPark,20.9933,105.9441,28.3965844705149,19.41176926181291,3.2553333282470707,63.63333333333333,24,,,,,,,,,6,0,2,316,11,2025,0,autumn,validation
2025-11-13 00:00:00+00:00,6123215,OceanPark,20.9933,105.9441,54.67546512984267,38.36211307554321,11.933666674296065,129.93300018310546,24,,,,,,,,,1,0,3,317,11,2025,0,autumn,validation
2025-11-14 00:00:00+00:00,6123215,OceanPark,20.9933,105.9441,84.67485399743924,44.683423106584925,28.163333384195965,173.3562916437785,22,,,,,,,,,9,0,4,318,11,2025,0,autumn,validation
2025-11-15 00:00:00+00:00,6123215,OceanPark,20.9933,105.9441,70.0422569712003,38.48668685299073,29.405166657765708,170.28899993896485,24,,,,,,,,,0,0,5,319,11,2025,1,autumn,validation
2025-11-16 00:00:00+00:00,6123215,OceanPark,20.9933,105.9441,90.78828187077134,25.226226855925358,45.14633305867513,129.67679182688394,24,,,,,,,,,1,0,6,320,11,2025,1,autumn,validation
2025-11-17 00:00:00+00:00,6123215,OceanPark,20.9933,105.9441,83.58532575942851,21.02094450424749,55.18916651407878,129.27516657511396,24,,,,,,,,,2,0,0,321,11,2025,0,autumn,validation
2025-11-18 00:00:00+00:00,6123215,OceanPark,20.9933,105.9441,12.75273458496702,15.021426859894865,0.4666666661699613,50.184166208903,24,,,,,,,,,1,0,1,322,11,2025,0,autumn,validation
2025-11-19 00:00:00+00:00,6123215,OceanPark,20.9933,105.9441,19.176957023676742,11.044135817485223,5.016166660520766,38.23008321126302,24,,,,,,,,,0,0,2,323,11,2025,0,autumn,validation
2025-11-20 00:00:00+00:00,6123215,OceanPark,20.9933,105.9441,33.96561802890566,17.801617884494576,16.418999989827476,76.22716700236003,24,,,,,,,,,0,0,3,324,11,2025,0,autumn,validation
2025-11-21 00:00:00+00:00,6123215,OceanPark,20.9933,105.9441,46.34264642220956,15.818093210372092,22.838666661580405,76.9970001220703,24,,,,,,,,,0,0,4,325,11,2025,0,autumn,validation
2025-11-22 00:00:00+00:00,6123215,OceanPark,20.9933,105.9441,71.09877427948847,33.10072407513501,35.92299957275391,134.33033345540366,24,,,,,,,,,0,0,5,326,11,2025,1,autumn,validation
2025-11-23 00:00:00+00:00,6123215,OceanPark,20.9933,105.9441,92.97384554809993,39.61771617485819,38.98349990844727,168.11416651407873,24,,,,,,,,,3,0,6,327,11,2025,1,autumn,validation
2025-11-24 00:00:00+00:00,6123215,OceanPark,20.9933,105.9441,70.4171528617541,28.82008270945956,33.449666817982994,124.32433369954424,24,,,,,,,,,1,0,0,328,11,2025,0,autumn,validation
2025-11-25 00:00:00+00:00,6123215,OceanPark,20.9933,105.9441,71.91946992520933,39.98247857332373,32.38916673660278,144.81045869191487,24,,,,,,,,,0,0,1,329,11,2025,0,autumn,validation
2025-11-26 00:00:00+00:00,6123215,OceanPark,20.9933,105.9441,70.93497798001324,31.616992383927855,35.882833607991536,142.78899993896485,24,,,,,,,,,0,0,2,330,11,2025,0,autumn,validation
2025-11-27 00:00:00+00:00,6123215,OceanPark,20.9933,105.9441,78.19578763158233,37.39886014185215,28.43900000254313,140.87799987792968,24,,,,,,,,,0,0,3,331,11,2025,0,autumn,validation
2025-11-28 00:00:00+00:00,6123215,OceanPark,20.9933,105.9441,92.11739696043509,47.21207098763201,39.9644167582194,176.29004179636638,24,,,,,,,,,0,0,4,332,11,2025,0,autumn,validation
2025-11-29 00:00:00+00:00,6123215,OceanPark,20.9933,105.9441,126.13808095896685,39.68157796689852,78.5673329671224,226.95533345540363,24,,,,,,,,,0,0,5,333,11,2025,1,autumn,validation
2025-11-30 00:00:00+00:00,6123215,OceanPark,20.9933,105.9441,152.265231155012,26.863628101352152,108.70993934400154,191.7916666666667,21,,,,,,,,,11,0,6,334,11,2025,1,autumn,validation
2025-12-01 00:00:00+00:00,6123215,OceanPark,20.9933,105.9441,127.64715916730356,20.416071096120337,96.66999816894533,167.48654143015546,23,,,,,,,,,14,0,0,335,12,2025,0,winter,validation
2025-12-02 00:00:00+00:00,6123215,OceanPark,20.9933,105.9441,79.82727783453738,30.611153180140278,56.833333333333336,157.0,24,,,,,,,,,12,0,1,336,12,2025,0,winter,validation
2025-12-03 00:00:00+00:00,6123215,OceanPark,20.9933,105.9441,78.20019387593345,23.317542920438772,53.16999816894531,138.9199981689453,23,,,,,,,,,9,0,2,337,12,2025,0,winter,validation
2025-12-04 00:00:00+00:00,6123215,OceanPark,20.9933,105.9441,117.57557580647646,22.578280446186696,80.07654196421306,157.65195802052816,24,,,,,,,,,0,0,3,338,12,2025,0,winter,validation
2025-12-05 00:00:00+00:00,6123215,OceanPark,20.9933,105.9441,95.54579055927417,14.82078897349858,62.830500030517584,117.0781664530436,24,,,,,,,,,0,0,4,339,12,2025,0,winter,validation
2025-12-06 00:00:00+00:00,6123215,OceanPark,20.9933,105.9441,108.17949881377045,20.19144636718302,65.20054175059,143.56133321126302,24,,,,,,,,,0,0,5,340,12,2025,1,winter,validation
2025-12-07 00:00:00+00:00,6123215,OceanPark,20.9933,105.9441,132.35001396603056,30.587085430620924,81.29466654459635,174.536499786377,24,,,,,,,,,0,0,6,341,12,2025,1,winter,validation
2025-12-08 00:00:00+00:00,6123215,OceanPark,20.9933,105.9441,101.39410112241302,43.7840734277918,50.37716700236003,197.33349990844724,24,,,,,,,,,0,0,0,342,12,2025,0,winter,validation
2025-12-09 00:00:00+00:00,6123215,OceanPark,20.9933,105.9441,115.69774310323926,31.180178126605465,83.9970001220703,191.10800018310547,24,,,,,,,,,0,0,1,343,12,2025,0,winter,validation
2025-12-10 00:00:00+00:00,6123215,OceanPark,20.9933,105.9441,122.4651573781614,37.8460217417787,61.9220001220703,190.46116663614907,24,,,,,,,,,0,0,2,344,12,2025,0,winter,validation
2025-12-11 00:00:00+00:00,6123215,OceanPark,20.9933,105.9441,209.47197565679198,47.343590368859154,150.77783330281576,326.05300089518227,24,,,,,,,,,0,0,3,345,12,2025,0,winter,validation
2025-12-12 00:00:00+00:00,6123215,OceanPark,20.9933,105.9441,214.9622869209007,30.55525735249745,166.5973332722982,290.02500000000003,24,,,,,,,,,0,0,4,346,12,2025,0,winter,validation
2025-12-13 00:00:00+00:00,6123215,OceanPark,20.9933,105.9441,57.117453132849185,62.5385161278595,3.206000009675821,212.8215416590372,24,,,,,,,,,0,0,5,347,12,2025,1,winter,validation
2025-12-14 00:00:00+00:00,6123215,OceanPark,20.9933,105.9441,47.59684331096985,19.685174376768295,24.967000007629395,89.58883336385092,24,,,,,,,,,0,0,6,348,12,2025,1,winter,validation
2025-12-15 00:00:00+00:00,6123215,OceanPark,20.9933,105.9441,58.95510074297587,13.41244263321377,43.95333302815755,99.54150009155276,24,,,,,,,,,0,0,0,349,12,2025,0,winter,validation
2025-12-16 00:00:00+00:00,6123215,OceanPark,20.9933,105.9441,99.85714814751236,23.987225810847185,61.28733266194661,149.09650039672852,24,,,,,,,,,0,0,1,350,12,2025,0,winter,validation
2025-12-17 00:00:00+00:00,6123215,OceanPark,20.9933,105.9441,84.26829215244011,30.618815765889202,46.03283360799154,140.97166697184244,24,,,,,,,,,1,0,2,351,12,2025,0,winter,validation
2025-12-18 00:00:00+00:00,6123215,OceanPark,20.9933,105.9441,106.5407881326547,37.4924838128942,58.41116663614908,195.51083348592124,24,,,,,,,,,0,0,3,352,12,2025,0,winter,validation
2025-12-19 00:00:00+00:00,6123215,OceanPark,20.9933,105.9441,82.74445662233565,28.948912486697296,53.397499847412114,159.48050003051756,24,,,,,,,,,0,0,4,353,12,2025,0,winter,validation
2025-12-20 00:00:00+00:00,6123215,OceanPark,20.9933,105.9441,65.19966148535411,19.538274866444546,42.235833485921226,120.9888333638509,24,,,,,,,,,0,0,5,354,12,2025,1,winter,validation
2025-12-21 00:00:00+00:00,6123215,OceanPark,20.9933,105.9441,78.14381257163154,22.347910249074648,50.6081667582194,134.6504997253418,24,,,,,,,,,0,0,6,355,12,2025,1,winter,validation
2025-12-22 00:00:00+00:00,6123215,OceanPark,20.9933,105.9441,59.430239566167195,26.788300669145155,38.42016626993816,132.9331667582194,24,,,,,,,,,0,0,0,356,12,2025,0,winter,validation
2025-12-23 00:00:00+00:00,6123215,OceanPark,20.9933,105.9441,42.122170108887886,7.77656020098987,28.61133330663045,57.09116694132487,24,,,,,,,,,0,0,1,357,12,2025,0,winter,validation
2025-12-24 00:00:00+00:00,6123215,OceanPark,20.9933,105.9441,28.212719337710322,19.074059562535904,0.1556666672229767,55.5165833791097,24,,,,,,,,,0,0,2,358,12,2025,0,winter,validation
2025-12-25 00:00:00+00:00,6123215,OceanPark,20.9933,105.9441,24.879586805237665,7.850930157629254,7.412333329518635,37.547166697184245,24,,,,,,,,,0,0,3,359,12,2025,0,winter,validation
2025-12-26 00:00:00+00:00,6123215,OceanPark,20.9933,105.9441,44.795199446830686,13.418369428129914,25.258333333333336,76.2525001525879,24,,,,,,,,,0,0,4,360,12,2025,0,winter,validation
2025-12-27 00:00:00+00:00,6123215,OceanPark,20.9933,105.9441,66.60184896522098,18.250632115435042,42.52816645304362,99.83283360799152,24,,,,,,,,,0,0,5,361,12,2025,1,winter,validation
2025-12-28 00:00:00+00:00,6123215,OceanPark,20.9933,105.9441,130.8514473270487,39.05964756471607,65.98583348592123,189.35033315022784,24,,,,,,,,,0,0,6,362,12,2025,1,winter,validation
2025-12-29 00:00:00+00:00,6123215,OceanPark,20.9933,105.9441,112.27039813288935,14.601529249881095,87.91083348592122,138.0361249923706,24,,,,,,,,,0,0,0,363,12,2025,0,winter,validation
2025-12-30 00:00:00+00:00,6123215,OceanPark,20.9933,105.9441,96.17755211989085,26.29823376396121,51.89716669718425,144.03600006103514,24,,,,,,,,,2,0,1,364,12,2025,0,winter,validation
2025-12-31 00:00:00+00:00,6123215,OceanPark,20.9933,105.9441,89.82062852117751,28.797124564492268,45.23283360799153,143.27766672770184,24,,,,,,,,,0,0,2,365,12,2025,0,winter,validation
2026-01-01 00:00:00+00:00,6123215,OceanPark,20.9933,105.9441,48.81947091403433,30.184504203952056,11.556000010172523,113.68126400841608,24,,,,,,,,,0,0,3,1,1,2026,0,winter,validation
2026-01-02 00:00:00+00:00,6123215,OceanPark,20.9933,105.9441,47.874152135728586,10.092463869475647,30.48883326848348,66.04183324178061,24,,,,,,,,,0,0,4,2,1,2026,0,winter,validation
2026-01-03 00:00:00+00:00,6123215,OceanPark,20.9933,105.9441,96.60733570346126,32.694771533983925,53.19683354695638,152.52241694132485,24,,,,,,,,,0,0,5,3,1,2026,1,winter,validation
2026-01-04 00:00:00+00:00,6123215,OceanPark,20.9933,105.9441,79.09447230233086,17.515033211605672,40.38899993896485,99.961333211263,24,,,,,,,,,1,0,6,4,1,2026,1,winter,validation
2026-01-05 00:00:00+00:00,6123215,OceanPark,20.9933,105.9441,37.54860416761151,21.346713506574186,8.795458324750264,89.06366678873697,24,,,,,,,,,0,0,0,5,1,2026,0,winter,validation
2026-01-06 00:00:00+00:00,6123215,OceanPark,20.9933,105.9441,54.749815968672436,24.057491518018413,20.13266665140788,95.29166666666669,24,,,,,,,,,0,0,1,6,1,2026,0,winter,validation
2026-01-07 00:00:00+00:00,6123215,OceanPark,20.9933,105.9441,89.79537956096509,45.41621036847946,40.05283330281576,189.5037498474121,24,,,,,,,,,0,0,2,7,1,2026,0,winter,validation
2026-01-08 00:00:00+00:00,6123215,OceanPark,20.9933,105.9441,112.55193573946904,60.507661113550945,43.6418332417806,206.91966654459637,24,,,,,,,,,0,0,3,8,1,2026,0,winter,validation
2026-01-09 00:00:00+00:00,6123215,OceanPark,20.9933,105.9441,142.83002019370045,33.09666654421421,86.7529998779297,236.73654143015543,24,,,,,,,,,0,0,4,9,1,2026,0,winter,validation
2026-01-10 00:00:00+00:00,6123215,OceanPark,20.9933,105.9441,151.9083073536555,56.79328207415284,75.75704199473064,266.8200019836426,24,,,,,,,,,0,0,5,10,1,2026,1,winter,test
2026-01-11 00:00:00+00:00,6123215,OceanPark,20.9933,105.9441,154.94622337729842,56.072616778252446,83.38633321126302,265.31366628011074,24,,,,,,,,,0,0,6,11,1,2026,1,winter,test
2026-01-12 00:00:00+00:00,6123215,OceanPark,20.9933,105.9441,126.7060283988413,52.252795754889384,71.7856669108073,238.03066558837887,24,,,,,,,,,0,0,0,12,1,2026,0,winter,test
2026-01-13 00:00:00+00:00,6123215,OceanPark,20.9933,105.9441,165.47348489584746,51.57917117914277,82.28883336385091,235.4,24,,,,,,,,,0,0,1,13,1,2026,0,winter,test
2026-01-14 00:00:00+00:00,6123215,OceanPark,20.9933,105.9441,116.63023024496407,35.336449712666614,62.53649978637696,176.5258332570394,24,,,,,,,,,0,0,2,14,1,2026,0,winter,test
2026-01-15 00:00:00+00:00,6123215,OceanPark,20.9933,105.9441,134.07656421926285,19.273567905828425,99.74683354695638,158.0866663614909,24,,,,,,,,,0,0,3,15,1,2026,0,winter,test
2026-01-16 00:00:00+00:00,6123215,OceanPark,20.9933,105.9441,84.88910040999905,11.941769237303463,67.20254572088068,110.51866709391275,24,,,,,,,,,0,0,4,16,1,2026,0,winter,test
2026-01-17 00:00:00+00:00,6123215,OceanPark,20.9933,105.9441,70.10064361007126,20.88641480293144,45.69416681925456,115.3551668802897,24,,,,,,,,,0,0,5,17,1,2026,1,winter,test
2026-01-18 00:00:00+00:00,6123215,OceanPark,20.9933,105.9441,86.55692063192363,19.387561004952385,55.44449996948243,129.54483311971026,22,,,,,,,,,8,0,6,18,1,2026,1,winter,test
2026-01-19 00:00:00+00:00,6123215,OceanPark,20.9933,105.9441,77.93049995180161,17.98627562313111,51.26433308919271,101.43066660563149,21,,,,,,,,,3,0,0,19,1,2026,0,winter,test
2026-01-20 00:00:00+00:00,6123215,OceanPark,20.9933,105.9441,60.85739583969116,16.330864500806204,38.09366709391276,92.05583318074542,24,,,,,,,,,0,0,1,20,1,2026,0,winter,test
2026-01-21 00:00:00+00:00,6123215,OceanPark,20.9933,105.9441,44.09753748122289,10.446047488161136,12.986166667938232,59.68866678873698,24,,,,,,,,,0,0,2,21,1,2026,0,winter,test
2026-01-22 00:00:00+00:00,6123215,OceanPark,20.9933,105.9441,28.5229726350468,12.871638100059466,6.920000012715657,44.11916681925455,24,,,,,,,,,0,0,3,22,1,2026,0,winter,test
2026-01-23 00:00:00+00:00,6123215,OceanPark,20.9933,105.9441,66.09174714176744,16.1565761257064,43.42166697184245,97.16133321126304,24,,,,,,,,,0,0,4,23,1,2026,0,winter,test
2026-01-24 00:00:00+00:00,6123215,OceanPark,20.9933,105.9441,96.89823499191489,30.275260512287467,54.85283330281575,142.95866648356122,24,,,,,,,,,0,0,5,24,1,2026,1,winter,test
2026-01-25 00:00:00+00:00,6123215,OceanPark,20.9933,105.9441,137.17239586512247,24.98133173934758,86.01033376057943,172.13600006103513,24,,,,,,,,,0,0,6,25,1,2026,1,winter,test
2026-01-26 00:00:00+00:00,6123215,OceanPark,20.9933,105.9441,131.15650747800115,17.427441612562273,98.3995002746582,156.46416651407878,24,,,,,,,,,0,0,0,26,1,2026,0,winter,test
2026-01-27 00:00:00+00:00,6123215,OceanPark,20.9933,105.9441,130.06288856347402,33.37433236721447,82.50320007324218,196.93033345540368,24,,,,,,,,,0,0,1,27,1,2026,0,winter,test
2026-01-28 00:00:00+00:00,6123215,OceanPark,20.9933,105.9441,106.83142255612897,14.74432751458388,85.92483342488607,139.72799987792968,24,,,,,,,,,0,0,2,28,1,2026,0,winter,test
2026-01-29 00:00:00+00:00,6123215,OceanPark,20.9933,105.9441,76.53587408459147,30.686444279826226,35.91416651407878,136.43616663614912,24,,,,,,,,,0,0,3,29,1,2026,0,winter,test
2026-01-30 00:00:00+00:00,6123215,OceanPark,20.9933,105.9441,69.66751906500923,38.6879808781071,31.6258331934611,203.9671663920085,24,,,,,,,,,0,0,4,30,1,2026,0,winter,test
2026-01-31 00:00:00+00:00,6123215,OceanPark,20.9933,105.9441,61.30421525637309,40.27869317140215,24.539000002543133,182.30033315022789,24,,,,,,,,,0,0,5,31,1,2026,1,winter,test
2026-02-01 00:00:00+00:00,6123215,OceanPark,20.9933,105.9441,78.39449898530337,20.854311361386422,55.67216669718425,131.61650009155275,24,,,,,,,,,0,0,6,32,2,2026,1,winter,test
2026-02-02 00:00:00+00:00,6123215,OceanPark,20.9933,105.9441,93.53015401804889,20.016156999633733,65.50283330281574,129.06699981689454,24,,,,,,,,,0,0,0,33,2,2026,0,winter,test
2026-02-03 00:00:00+00:00,6123215,OceanPark,20.9933,105.9441,136.23846752234178,23.697281424698133,92.40483373006184,198.77433369954423,24,,,,,,,,,0,0,1,34,2,2026,0,winter,test
2026-02-04 00:00:00+00:00,6123215,OceanPark,20.9933,105.9441,103.44179388585718,9.810428454267386,83.5418332417806,123.71466623942058,24,,,,,,,,,0,0,2,35,2,2026,0,winter,test
2026-02-05 00:00:00+00:00,6123215,OceanPark,20.9933,105.9441,83.95550892529664,21.4218284828505,48.40583318074545,116.49150009155274,24,,,,,,,,,0,0,3,36,2,2026,0,winter,test
2026-02-06 00:00:00+00:00,6123215,OceanPark,20.9933,105.9441,92.42734612712154,65.39602106744624,35.51916681925456,224.09950027465823,24,,,,,,,,,0,0,4,37,2,2026,0,winter,test
2026-02-07 00:00:00+00:00,6123215,OceanPark,20.9933,105.9441,81.49291147391001,32.05525227260758,37.41050033569336,134.761333211263,24,,,,,,,,,0,0,5,38,2,2026,1,winter,test
2026-02-08 00:00:00+00:00,6123215,OceanPark,20.9933,105.9441,19.56680556424652,21.99776617633816,0.3180000014603137,80.14933369954427,24,,,,,,,,,0,0,6,39,2,2026,1,winter,test
2026-02-09 00:00:00+00:00,6123215,OceanPark,20.9933,105.9441,55.79159202840594,21.831074044642232,15.786333338419595,84.24683354695638,24,,,,,,,,,0,0,0,40,2,2026,0,winter,test
2026-02-10 00:00:00+00:00,6123215,OceanPark,20.9933,105.9441,94.78911262953723,22.66581073091185,59.83066660563152,132.3555000305176,24,,,,,,,,,0,0,1,41,2,2026,0,winter,test
2026-02-11 00:00:00+00:00,6123215,OceanPark,20.9933,105.9441,54.00130241820307,13.14378535597316,34.77816654841105,83.96142393169981,24,,,,,,,,,0,0,2,42,2,2026,0,winter,test
2026-02-12 00:00:00+00:00,6123215,OceanPark,20.9933,105.9441,67.8910254345197,14.713364063627246,51.280625343322754,110.02113897535536,24,,,,,,,,,0,0,3,43,2,2026,0,winter,test
2026-02-13 00:00:00+00:00,6123215,OceanPark,20.9933,105.9441,54.59613895946078,15.39936967792628,40.48316675821941,93.875,24,,,,,,,,,0,0,4,44,2,2026,0,winter,test
2026-02-14 00:00:00+00:00,6123215,OceanPark,20.9933,105.9441,56.71506413088904,10.038263609018795,42.95016657511393,82.1138333638509,24,,,,,,,,,0,0,5,45,2,2026,1,winter,test
2026-02-15 00:00:00+00:00,6123215,OceanPark,20.9933,105.9441,54.82695618598951,14.988146279117796,31.50533329645793,81.1270004272461,24,,,,,,,,,0,0,6,46,2,2026,1,winter,test
2026-02-16 00:00:00+00:00,6123215,OceanPark,20.9933,105.9441,82.77556528182141,63.541102206099836,35.42183351516724,276.4719998677571,24,,,,,,,,,0,0,0,47,2,2026,0,winter,test
2026-02-17 00:00:00+00:00,6123215,OceanPark,20.9933,105.9441,92.34737257499887,26.784513892742876,60.855999755859365,147.85866648356117,24,,,,,,,,,0,0,1,48,2,2026,0,winter,test
2026-02-18 00:00:00+00:00,6123215,OceanPark,20.9933,105.9441,61.59403105103207,5.571095221111369,52.19958318074544,74.27841669718424,24,,,,,,,,,0,0,2,49,2,2026,0,winter,test
2026-02-19 00:00:00+00:00,6123215,OceanPark,20.9933,105.9441,69.49664574393519,13.545511677393318,39.490944332546654,87.56140287187365,24,,,,,,,,,0,0,3,50,2,2026,0,winter,test
2026-02-20 00:00:00+00:00,6123215,OceanPark,20.9933,105.9441,55.711866755630034,15.050578402497479,38.17044440375434,85.80479132334392,24,,,,,,,,,0,0,4,51,2,2026,0,winter,test
2026-02-21 00:00:00+00:00,6123215,OceanPark,20.9933,105.9441,49.33913081840233,11.359348627122978,35.38337497711181,72.85016657511393,24,,,,,,,,,0,0,5,52,2,2026,1,winter,test
2026-02-22 00:00:00+00:00,6123215,OceanPark,20.9933,105.9441,39.951242999938195,9.295497087516571,29.171833292643228,65.83981794877485,24,,,,,,,,,0,0,6,53,2,2026,1,winter,test
2026-02-23 00:00:00+00:00,6123215,OceanPark,20.9933,105.9441,43.28297912942039,10.417612004399826,29.784611082077024,68.05899963378906,24,,,,,,,,,0,0,0,54,2,2026,0,winter,test
2026-02-24 00:00:00+00:00,6123215,OceanPark,20.9933,105.9441,58.44969650687594,12.293816076005992,44.494833119710286,93.2,24,,,,,,,,,0,0,1,55,2,2026,0,winter,test
2026-02-25 00:00:00+00:00,6123215,OceanPark,20.9933,105.9441,68.89583333333333,13.300653111347799,45.6,91.2,24,,,,,,,,,0,0,2,56,2,2026,0,winter,test
2026-02-26 00:00:00+00:00,6123215,OceanPark,20.9933,105.9441,72.98333333333333,17.817203866577618,52.2,107.5,24,,,,,,,,,0,0,3,57,2,2026,0,winter,test
2026-02-27 00:00:00+00:00,6123215,OceanPark,20.9933,105.9441,57.69583333333333,10.034439789248724,36.4,78.3,24,,,,,,,,,0,0,4,58,2,2026,0,winter,test
2026-02-28 00:00:00+00:00,6123215,OceanPark,20.9933,105.9441,44.7125,5.316202673860844,33.9,54.6,24,,,,,,,,,0,0,5,59,2,2026,1,winter,test
2026-03-01 00:00:00+00:00,6123215,OceanPark,20.9933,105.9441,45.824999999999996,5.7006673903721286,33.1,57.7,24,,,,,,,,,0,0,6,60,3,2026,1,spring,test
2026-03-02 00:00:00+00:00,6123215,OceanPark,20.9933,105.9441,43.9375,6.8907507321172154,28.2,56.7,24,,,,,,,,,0,0,0,61,3,2026,0,spring,test
2026-03-03 00:00:00+00:00,6123215,OceanPark,20.9933,105.9441,34.016666666666666,5.386187380026214,21.8,42.4,24,,,,,,,,,0,0,1,62,3,2026,0,spring,test
2026-03-04 00:00:00+00:00,6123215,OceanPark,20.9933,105.9441,50.94166666666666,16.69670409201265,29.0,85.9,24,,,,,,,,,0,0,2,63,3,2026,0,spring,test
2026-03-05 00:00:00+00:00,6123215,OceanPark,20.9933,105.9441,82.08749999999999,26.88297202287368,46.1,138.6,24,,,,,,,,,0,0,3,64,3,2026,0,spring,test
2026-03-06 00:00:00+00:00,6123215,OceanPark,20.9933,105.9441,105.84583333333335,25.779583751600743,63.5,151.0,24,,,,,,,,,0,0,4,65,3,2026,0,spring,test
2026-03-07 00:00:00+00:00,6123215,OceanPark,20.9933,105.9441,51.96666666666667,16.014115150640418,37.8,106.4,24,,,,,,,,,0,0,5,66,3,2026,1,spring,test
2026-03-08 00:00:00+00:00,6123215,OceanPark,20.9933,105.9441,47.395833333333336,7.096997476990238,36.7,67.7,24,,,,,,,,,0,0,6,67,3,2026,1,spring,test
2026-03-09 00:00:00+00:00,6123215,OceanPark,20.9933,105.9441,21.849999999999998,25.3598964474638,1.1,66.1,24,,,,,,,,,0,0,0,68,3,2026,0,spring,test
2026-03-10 00:00:00+00:00,6123215,OceanPark,20.9933,105.9441,29.583333333333332,20.480927854887373,3.3,71.7,24,,,,,,,,,0,0,1,69,3,2026,0,spring,test
2026-03-11 00:00:00+00:00,6123215,OceanPark,20.9933,105.9441,87.0625,39.41618308677839,42.4,158.4,24,,,,,,,,,0,0,2,70,3,2026,0,spring,test
2026-03-12 00:00:00+00:00,6123215,OceanPark,20.9933,105.9441,103.78333333333335,37.57516139184485,58.1,187.5,24,,,,,,,,,0,0,3,71,3,2026,0,spring,test
2026-03-13 00:00:00+00:00,6123215,OceanPark,20.9933,105.9441,65.62083333333334,30.077479357365593,39.6,135.8,24,,,,,,,,,0,0,4,72,3,2026,0,spring,test
2026-03-14 00:00:00+00:00,6123215,OceanPark,20.9933,105.9441,43.31666666666666,6.600439159741514,32.0,55.5,24,,,,,,,,,0,0,5,73,3,2026,1,spring,test
2026-03-15 00:00:00+00:00,6123215,OceanPark,20.9933,105.9441,45.324999999999996,11.22997735101669,32.1,71.9,24,,,,,,,,,0,0,6,74,3,2026,1,spring,test
2026-03-16 00:00:00+00:00,6123215,OceanPark,20.9933,105.9441,40.479166666666664,9.216807858551098,25.2,60.3,24,,,,,,,,,0,0,0,75,3,2026,0,spring,test
2026-03-17 00:00:00+00:00,6123215,OceanPark,20.9933,105.9441,38.891666666666666,12.456495308164289,22.8,62.2,24,,,,,,,,,0,0,1,76,3,2026,0,spring,test
2026-03-18 00:00:00+00:00,6123215,OceanPark,20.9933,105.9441,41.262499999999996,6.966367183771641,32.8,62.3,24,,,,,,,,,0,0,2,77,3,2026,0,spring,test
2026-03-19 00:00:00+00:00,6123215,OceanPark,20.9933,105.9441,38.762499999999996,10.913725403083633,25.2,71.9,24,,,,,,,,,0,0,3,78,3,2026,0,spring,test
2026-03-20 00:00:00+00:00,6123215,OceanPark,20.9933,105.9441,45.625,7.33035677404467,31.5,60.3,24,,,,,,,,,0,0,4,79,3,2026,0,spring,test
2026-03-21 00:00:00+00:00,6123215,OceanPark,20.9933,105.9441,62.208333333333336,15.19499107019114,42.8,89.9,24,,,,,,,,,0,0,5,80,3,2026,1,spring,test
2026-03-22 00:00:00+00:00,6123215,OceanPark,20.9933,105.9441,41.612500000000004,10.562291932604646,24.8,60.8,24,,,,,,,,,0,0,6,81,3,2026,1,spring,test
2026-03-23 00:00:00+00:00,6123215,OceanPark,20.9933,105.9441,46.42916666666667,11.7327293672784,31.9,71.6,24,,,,,,,,,0,0,0,82,3,2026,0,spring,test
2026-03-24 00:00:00+00:00,6123215,OceanPark,20.9933,105.9441,40.52916666666667,7.247397083971155,29.1,54.1,24,,,,,,,,,0,0,1,83,3,2026,0,spring,test
2026-03-25 00:00:00+00:00,6123215,OceanPark,20.9933,105.9441,38.604166666666664,10.786967949161241,28.7,66.6,24,,,,,,,,,0,0,2,84,3,2026,0,spring,test
2026-03-26 00:00:00+00:00,6123215,OceanPark,20.9933,105.9441,47.55833333333334,7.773081570487296,40.9,76.5,24,,,,,,,,,0,0,3,85,3,2026,0,spring,test
2026-03-27 00:00:00+00:00,6123215,OceanPark,20.9933,105.9441,44.574999999999996,6.385121972891014,35.7,62.8,24,,,,,,,,,0,0,4,86,3,2026,0,spring,test
2026-03-28 00:00:00+00:00,6123215,OceanPark,20.9933,105.9441,46.75,4.9414836708791405,40.9,62.5,24,,,,,,,,,0,0,5,87,3,2026,1,spring,test
2026-03-29 00:00:00+00:00,6123215,OceanPark,20.9933,105.9441,53.34166666666667,16.4921830407401,36.1,103.8,24,,,,,,,,,0,0,6,88,3,2026,1,spring,test
2026-03-30 00:00:00+00:00,6123215,OceanPark,20.9933,105.9441,67.20833333333333,8.816778306736818,53.4,92.3,24,,,,,,,,,0,0,0,89,3,2026,0,spring,test
2026-03-31 00:00:00+00:00,6123215,OceanPark,20.9933,105.9441,61.800000000000004,21.597262306376592,17.2,87.0,24,,,,,,,,,0,0,1,90,3,2026,0,spring,test
2026-04-01 00:00:00+00:00,6123215,OceanPark,20.9933,105.9441,43.525,12.452806563355418,19.9,69.3,24,,,,,,,,,0,0,2,91,4,2026,0,spring,test
2026-04-02 00:00:00+00:00,6123215,OceanPark,20.9933,105.9441,67.37083333333334,12.391598807841252,48.7,95.3,24,,,,,,,,,0,0,3,92,4,2026,0,spring,test
2026-04-03 00:00:00+00:00,6123215,OceanPark,20.9933,105.9441,72.96666666666667,8.288843558436355,58.5,92.0,24,,,,,,,,,0,0,4,93,4,2026,0,spring,test
2026-04-04 00:00:00+00:00,6123215,OceanPark,20.9933,105.9441,52.875,10.415884608323626,33.7,72.2,24,,,,,,,,,0,0,5,94,4,2026,1,spring,test
2026-04-05 00:00:00+00:00,6123215,OceanPark,20.9933,105.9441,91.5,13.82360929399567,66.2,115.6,24,,,,,,,,,0,0,6,95,4,2026,1,spring,test
2026-04-06 00:00:00+00:00,6123215,OceanPark,20.9933,105.9441,109.92916666666667,13.306078348427562,88.6,137.2,24,,,,,,,,,0,0,0,96,4,2026,0,spring,test
2026-04-07 00:00:00+00:00,6123215,OceanPark,20.9933,105.9441,87.57916666666667,17.551662355722186,60.7,116.8,24,,,,,,,,,0,0,1,97,4,2026,0,spring,test
2026-04-08 00:00:00+00:00,6123215,OceanPark,20.9933,105.9441,63.3375,6.653982952370316,51.0,74.3,24,,,,,,,,,0,0,2,98,4,2026,0,spring,test
2026-04-09 00:00:00+00:00,6123215,OceanPark,20.9933,105.9441,64.1125,13.437498230535777,49.2,94.5,24,,,,,,,,,0,0,3,99,4,2026,0,spring,test
2026-04-10 00:00:00+00:00,6123215,OceanPark,20.9933,105.9441,75.60416666666667,10.400103643574973,55.5,91.8,24,,,,,,,,,0,0,4,100,4,2026,0,spring,test
2026-04-11 00:00:00+00:00,6123215,OceanPark,20.9933,105.9441,109.58749999999999,25.253037914537,73.0,152.5,24,,,,,,,,,0,0,5,101,4,2026,1,spring,test
2026-04-12 00:00:00+00:00,6123215,OceanPark,20.9933,105.9441,89.64583333333333,23.36457703757822,59.8,136.6,24,,,,,,,,,0,0,6,102,4,2026,1,spring,test
2026-04-13 00:00:00+00:00,6123215,OceanPark,20.9933,105.9441,67.72916666666667,12.41441935698221,52.0,94.4,24,,,,,,,,,0,0,0,103,4,2026,0,spring,test
2026-04-14 00:00:00+00:00,6123215,OceanPark,20.9933,105.9441,65.03333333333333,9.52281775374361,51.1,87.5,24,,,,,,,,,0,0,1,104,4,2026,0,spring,test
2026-04-15 00:00:00+00:00,6123215,OceanPark,20.9933,105.9441,50.90416666666667,4.571126696489863,39.8,59.1,24,,,,,,,,,0,0,2,105,4,2026,0,spring,test
2026-04-16 00:00:00+00:00,6123215,OceanPark,20.9933,105.9441,44.975,6.63866765341965,34.0,60.8,24,,,,,,,,,2,0,3,106,4,2026,0,spring,test
2026-04-17 00:00:00+00:00,6123215,OceanPark,20.9933,105.9441,72.5625,20.27386007088717,44.5,127.9,24,,,,,,,,,0,0,4,107,4,2026,0,spring,test
2026-04-18 00:00:00+00:00,6123215,OceanPark,20.9933,105.9441,60.11666666666667,7.553500004556865,49.7,77.8,24,,,,,,,,,1,0,5,108,4,2026,1,spring,test
2026-04-19 00:00:00+00:00,6123215,OceanPark,20.9933,105.9441,58.166666666666664,22.743095783052524,37.1,112.9,24,,,,,,,,,0,0,6,109,4,2026,1,spring,test
2026-04-20 00:00:00+00:00,6123215,OceanPark,20.9933,105.9441,44.24166666666667,7.341242441147832,32.4,58.2,24,,,,,,,,,0,0,0,110,4,2026,0,spring,test
2026-04-21 00:00:00+00:00,6123215,OceanPark,20.9933,105.9441,43.0375,7.117144792681968,31.0,57.5,24,,,,,,,,,0,0,1,111,4,2026,0,spring,test
2026-04-22 00:00:00+00:00,6123215,OceanPark,20.9933,105.9441,52.00416666666666,9.722161110919048,26.6,68.7,24,,,,,,,,,0,0,2,112,4,2026,0,spring,test
2026-04-23 00:00:00+00:00,6123215,OceanPark,20.9933,105.9441,28.6375,15.168325478644205,6.7,51.8,24,,,,,,,,,0,0,3,113,4,2026,0,spring,test
2026-04-24 00:00:00+00:00,6123215,OceanPark,20.9933,105.9441,47.55625,11.622030359361185,35.5,79.2,24,,,,,,,,,1,0,4,114,4,2026,0,spring,test
2026-04-25 00:00:00+00:00,6123215,OceanPark,20.9933,105.9441,80.72916666666667,21.71666319085249,44.2,135.2,24,,,,,,,,,0,0,5,115,4,2026,1,spring,test
2026-04-26 00:00:00+00:00,6123215,OceanPark,20.9933,105.9441,52.04583333333333,17.400699115556964,33.6,106.3,24,,,,,,,,,0,0,6,116,4,2026,1,spring,test
2026-04-27 00:00:00+00:00,6123215,OceanPark,20.9933,105.9441,37.84166666666667,8.540792991727187,18.4,60.9,24,,,,,,,,,0,0,0,117,4,2026,0,spring,test
2026-04-28 00:00:00+00:00,6123215,OceanPark,20.9933,105.9441,36.00416666666667,8.698399611256166,0.1,45.3,24,,,,,,,,,0,0,1,118,4,2026,0,spring,test
2026-04-29 00:00:00+00:00,6123215,OceanPark,20.9933,105.9441,10.045833333333333,12.237361862849315,0.5,37.1,24,,,,,,,,,0,0,2,119,4,2026,0,spring,test
2026-04-30 00:00:00+00:00,6123215,OceanPark,20.9933,105.9441,23.354166666666668,15.28534333976482,3.1,48.2,24,,,,,,,,,0,0,3,120,4,2026,0,spring,test
2026-05-01 00:00:00+00:00,6123215,OceanPark,20.9933,105.9441,37.19583333333333,6.631838827345252,27.2,56.0,24,,,,,,,,,0,0,4,121,5,2026,0,spring,test
2026-05-02 00:00:00+00:00,6123215,OceanPark,20.9933,105.9441,29.379166666666666,12.503598757320152,2.2,52.2,24,,,,,,,,,0,0,5,122,5,2026,1,spring,test
2026-05-03 00:00:00+00:00,6123215,OceanPark,20.9933,105.9441,25.3125,12.399870704094493,4.7,49.4,24,,,,,,,,,0,0,6,123,5,2026,1,spring,test
2026-05-04 00:00:00+00:00,6123215,OceanPark,20.9933,105.9441,37.762499999999996,19.38407711633891,10.8,71.6,24,,,,,,,,,0,0,0,124,5,2026,0,spring,test
2026-05-05 00:00:00+00:00,6123215,OceanPark,20.9933,105.9441,45.895833333333336,10.672780460293524,32.0,62.5,24,,,,,,,,,0,0,1,125,5,2026,0,spring,test
2026-05-06 00:00:00+00:00,6123215,OceanPark,20.9933,105.9441,38.112500000000004,14.163373231838094,22.3,86.3,24,,,,,,,,,0,0,2,126,5,2026,0,spring,test
2026-05-07 00:00:00+00:00,6123215,OceanPark,20.9933,105.9441,29.429166666666664,6.6589253060748534,12.7,46.0,24,,,,,,,,,0,0,3,127,5,2026,0,spring,test
2026-05-08 00:00:00+00:00,6123215,OceanPark,20.9933,105.9441,39.88333333333333,4.779181908040845,31.1,49.0,24,,,,,,,,,1,0,4,128,5,2026,0,spring,test
2026-05-09 00:00:00+00:00,6123215,OceanPark,20.9933,105.9441,43.7875,12.068007021801932,32.0,68.7,24,,,,,,,,,0,0,5,129,5,2026,1,spring,test
2026-05-10 00:00:00+00:00,6123215,OceanPark,20.9933,105.9441,55.15416666666667,10.470288363067997,43.0,75.3,24,,,,,,,,,0,0,6,130,5,2026,1,spring,test
2026-05-11 00:00:00+00:00,6123215,OceanPark,20.9933,105.9441,49.887499999999996,14.31805070835261,36.0,87.3,24,,,,,,,,,4,0,0,131,5,2026,0,spring,test
2026-05-12 00:00:00+00:00,6123215,OceanPark,20.9933,105.9441,31.587500000000002,6.990385477957191,19.2,43.4,24,,,,,,,,,0,0,1,132,5,2026,0,spring,test
2026-05-13 00:00:00+00:00,6123215,OceanPark,20.9933,105.9441,42.141666666666666,19.102012565642678,12.8,96.8,24,,,,,,,,,0,0,2,133,5,2026,0,spring,test
2026-05-14 00:00:00+00:00,6123215,OceanPark,20.9933,105.9441,37.80833333333333,20.00997396227728,6.2,97.6,24,,,,,,,,,0,0,3,134,5,2026,0,spring,test
2026-05-15 00:00:00+00:00,6123215,OceanPark,20.9933,105.9441,48.3,20.00997396227728,48.3,48.3,1,,,,,,,,,0,0,4,135,5,2026,0,spring,test
